ISO-10303-21;
HEADER;
FILE_DESCRIPTION (( 'STEP AP203' ),
    '1' );
FILE_NAME ('98952A449_Aluminum Male-Female Threaded Hex Standoff.STEP',
    '2021-07-10T01:35:05',
    ( 'Administrator' ),
    ( 'Managed by Terraform' ),
    'SwSTEP 2.0',
    'SolidWorks 2017',
    '' );
FILE_SCHEMA (( 'CONFIG_CONTROL_DESIGN' ));
ENDSEC;

DATA;
#1 = VERTEX_POINT ( 'NONE', #5000 ) ;
#2 = CARTESIAN_POINT ( 'NONE',  ( 21.28750012630440500, -2.165218343277530500E-006, 1.999999999998828000 ) ) ;
#3 = CARTESIAN_POINT ( 'NONE',  ( -27.49999999999999600, 0.0000000000000000000, 2.050800000000000200 ) ) ;
#4 = CARTESIAN_POINT ( 'NONE',  ( -25.95416666666667300, -1.545336663013166200, -0.8922005383792486200 ) ) ;
#5 = CARTESIAN_POINT ( 'NONE',  ( -18.54373926088303300, 0.5358983848622441700, -2.000000000000000000 ) ) ;
#6 = CARTESIAN_POINT ( 'NONE',  ( 22.68750000000000000, 1.092630533523692200E-016, -1.784401076758497700 ) ) ;
#7 = CARTESIAN_POINT ( 'NONE',  ( -22.71666666666666500, -0.7726683315065825400, 1.338300807568873800 ) ) ;
#8 = CARTESIAN_POINT ( 'NONE',  ( -22.01666666666666600, -0.7726683315065825400, 1.338300807568873800 ) ) ;
#9 = AXIS2_PLACEMENT_3D ( 'NONE', #6769, #59, #3138 ) ;
#10 = CARTESIAN_POINT ( 'NONE',  ( -27.50000000000000000, -0.3908619596898262900, 4.000000000000000000 ) ) ;
#11 = ORIENTED_EDGE ( 'NONE', *, *, #516, .F. ) ;
#12 = CARTESIAN_POINT ( 'NONE',  ( -20.96666666666666900, 0.7726683315065817600, -1.338300807568874300 ) ) ;
#13 = CARTESIAN_POINT ( 'NONE',  ( -28.05416666666666400, 1.999999999999999800, 1.154700538379251000 ) ) ;
#14 = CARTESIAN_POINT ( 'NONE',  ( -16.53333333333333500, -1.000000000000000700, -1.732050807568876300 ) ) ;
#15 = ORIENTED_EDGE ( 'NONE', *, *, #1340, .F. ) ;
#16 = CARTESIAN_POINT ( 'NONE',  ( 22.60000000000000100, 2.000000000000000000, 0.0000000000000000000 ) ) ;
#17 = VERTEX_POINT ( 'NONE', #3375 ) ;
#18 = CARTESIAN_POINT ( 'NONE',  ( 20.17916666666666400, 0.7726683315065814300, 1.338300807568873800 ) ) ;
#19 = AXIS2_PLACEMENT_3D ( 'NONE', #3907, #6168, #848 ) ;
#20 = CARTESIAN_POINT ( 'NONE',  ( -20.93750000000000400, -3.277891600571078100E-016, -1.784401076758498400 ) ) ;
#21 = CARTESIAN_POINT ( 'NONE',  ( 26.45000000000000300, -2.000000000000000000, -2.449293598294706400E-016 ) ) ;
#22 =( BOUNDED_CURVE ( )  B_SPLINE_CURVE ( 2, ( #1726, #3743, #2741, #5294, #5343, #130, #4330, #1192, #3280, #178, #2221, #643, #4259, #3208, #3836, #4353, #6396, #6442, #3302, #5365, #714, #152, #3815, #670, #1239, #6372, #2760, #3794, #4303, #2244, #5843, #6421, #693, #1149, #4280, #1681, #5818, #1217, #1752, #5388, #5912, #2693, #6352, #5320, #2199, #2719, #4888, #2890, #3923, #1842, #802, #780, #1309, #825, #1263, #2347, #4463, #3399, #5413, #4419, #5432, #6003, #1772, #4912, #2869, #4445, #2285, #6484, #3422, #1797, #2304, #3350, #6527, #4956, #2367, #5956, #4932, #309, #5935, #4979, #5471, #6554, #264, #2827, #1867, #3946, #285, #1819, #242, #3885, #759, #2804, #1333, #4395, #2845, #4374, #1285, #5496, #6026, #5982, #6464, #5451, #2324, #6508, #3374, #3903, #3326, #220, #3861, #737, #6601, #1887, #1400, #6092, #6115, #2954, #918, #5565, #1909, #6623, #6667, #1932, #5587, #3504, #4487, #4036, #3464, #409, #2911, #354, #5048, #4999, #371, #3524, #3993, #4056, #6572, #939, #3483, #4555, #4016, #2476, #6136, #895, #1355, #2453, #2432, #4533, #2976, #1445, #1421, #5070, #3444, #5092, #1375, #5518, #2387, #6647, #1955, #2996, #1976, #875, #388, #5606, #6043, #329, #3970, #850, #5023, #5542, #4510, #2933, #2412, #6066, #5182, #6158, #980, #4651, #5113, #3594, #6755 ),
 .UNSPECIFIED., .F., .T. ) 
 B_SPLINE_CURVE_WITH_KNOTS ( ( 3, 2, 2, 2, 2, 2, 2, 2, 2, 2, 2, 2, 2, 2, 2, 2, 2, 2, 2, 2, 2, 2, 2, 2, 2, 2, 2, 2, 2, 2, 2, 2, 2, 2, 2, 2, 2, 2, 2, 2, 2, 2, 2, 2, 2, 2, 2, 2, 2, 2, 2, 2, 2, 2, 2, 2, 2, 2, 2, 2, 2, 2, 2, 2, 2, 2, 2, 2, 2, 2, 2, 2, 2, 2, 2, 2, 2, 2, 2, 2, 2, 2, 2, 2, 2, 2, 2, 2, 2, 2, 3 ),
 ( 0.06851192908183455200, 0.07291666666666667100, 0.08333333333333332900, 0.09375000000000000000, 0.1041666666666666700, 0.1145833333333333300, 0.1250000000000000000, 0.1354166666666666600, 0.1458333333333333400, 0.1562500000000000000, 0.1666666666666666600, 0.1770833333333333700, 0.1875000000000000000, 0.1979166666666666900, 0.2083333333333333700, 0.2187500000000000000, 0.2291666666666666900, 0.2395833333333333700, 0.2500000000000000000, 0.2604166666666666900, 0.2708333333333333100, 0.2812500000000000000, 0.2916666666666666900, 0.3020833333333333100, 0.3125000000000000000, 0.3229166666666666900, 0.3333333333333333100, 0.3437500000000000000, 0.3541666666666666900, 0.3645833333333333100, 0.3749999999999999400, 0.3854166666666666900, 0.3958333333333333100, 0.4062500000000000000, 0.4166666666666666900, 0.4270833333333333100, 0.4375000000000000000, 0.4479166666666666900, 0.4583333333333333100, 0.4687500000000000000, 0.4791666666666666900, 0.4895833333333333100, 0.5000000000000000000, 0.5104166666666665200, 0.5208333333333333700, 0.5312500000000000000, 0.5416666666666666300, 0.5520833333333333700, 0.5625000000000000000, 0.5729166666666666300, 0.5833333333333333700, 0.5937500000000000000, 0.6041666666666666300, 0.6145833333333333700, 0.6249999999999998900, 0.6354166666666666300, 0.6458333333333333700, 0.6562500000000000000, 0.6666666666666666300, 0.6770833333333333700, 0.6875000000000000000, 0.6979166666666666300, 0.7083333333333333700, 0.7187500000000000000, 0.7291666666666666300, 0.7395833333333333700, 0.7500000000000000000, 0.7604166666666665200, 0.7708333333333333700, 0.7812500000000000000, 0.7916666666666666300, 0.8020833333333333700, 0.8125000000000000000, 0.8229166666666666300, 0.8333333333333333700, 0.8437500000000000000, 0.8541666666666666300, 0.8645833333333333700, 0.8750000000000000000, 0.8854166666666666300, 0.8958333333333333700, 0.9062500000000000000, 0.9166666666666666300, 0.9270833333333333700, 0.9375000000000000000, 0.9479166666666666300, 0.9583333333333332600, 0.9687500000000000000, 0.9791666666666666300, 0.9895833333333333700, 0.9938825148339810500 ),
 .UNSPECIFIED. ) 
 CURVE ( )  GEOMETRIC_REPRESENTATION_ITEM ( )  RATIONAL_B_SPLINE_CURVE ( ( 0.9346073695249448300, 0.9433481978211146800, 1.000000000000000000, 0.8660254037844387100, 1.000000000000000000, 0.8660254037844387100, 1.000000000000000000, 0.8660254037844387100, 1.000000000000000000, 0.8660254037844387100, 1.000000000000000000, 0.8660254037844387100, 1.000000000000000000, 0.8660254037844387100, 1.000000000000000000, 0.8660254037844387100, 1.000000000000000000, 0.8660254037844387100, 1.000000000000000000, 0.8660254037844387100, 1.000000000000000000, 0.8660254037844387100, 1.000000000000000000, 0.8660254037844387100, 1.000000000000000000, 0.8660254037844387100, 1.000000000000000000, 0.8660254037844387100, 1.000000000000000000, 0.8660254037844387100, 1.000000000000000000, 0.8660254037844387100, 1.000000000000000000, 0.8660254037844387100, 1.000000000000000000, 0.8660254037844387100, 1.000000000000000000, 0.8660254037844387100, 1.000000000000000000, 0.8660254037844387100, 1.000000000000000000, 0.8660254037844387100, 1.000000000000000000, 0.8660254037844387100, 1.000000000000000000, 0.8660254037844387100, 1.000000000000000000, 0.8660254037844387100, 1.000000000000000000, 0.8660254037844387100, 1.000000000000000000, 0.8660254037844387100, 1.000000000000000000, 0.8660254037844387100, 1.000000000000000000, 0.8660254037844387100, 1.000000000000000000, 0.8660254037844387100, 1.000000000000000000, 0.8660254037844387100, 1.000000000000000000, 0.8660254037844387100, 1.000000000000000000, 0.8660254037844387100, 1.000000000000000000, 0.8660254037844387100, 1.000000000000000000, 0.8660254037844387100, 1.000000000000000000, 0.8660254037844387100, 1.000000000000000000, 0.8660254037844387100, 1.000000000000000000, 0.8660254037844387100, 1.000000000000000000, 0.8660254037844387100, 1.000000000000000000, 0.8660254037844387100, 1.000000000000000000, 0.8660254037844387100, 1.000000000000000000, 0.8660254037844387100, 1.000000000000000000, 0.8660254037844387100, 1.000000000000000000, 0.8660254037844387100, 1.000000000000000000, 0.8660254037844387100, 1.000000000000000000, 0.8660254037844387100, 1.000000000000000000, 0.8660254037844387100, 1.000000000000000000, 0.8660254037844387100, 1.000000000000000000, 0.8660254037844387100, 1.000000000000000000, 0.8660254037844387100, 1.000000000000000000, 0.8660254037844387100, 1.000000000000000000, 0.8660254037844387100, 1.000000000000000000, 0.8660254037844387100, 1.000000000000000000, 0.8660254037844387100, 1.000000000000000000, 0.8660254037844387100, 1.000000000000000000, 0.8660254037844387100, 1.000000000000000000, 0.8660254037844387100, 1.000000000000000000, 0.8660254037844387100, 1.000000000000000000, 0.8660254037844387100, 1.000000000000000000, 0.8660254037844387100, 1.000000000000000000, 0.8660254037844387100, 1.000000000000000000, 0.8660254037844387100, 1.000000000000000000, 0.8660254037844387100, 1.000000000000000000, 0.8660254037844387100, 1.000000000000000000, 0.8660254037844387100, 1.000000000000000000, 0.8660254037844387100, 1.000000000000000000, 0.8660254037844387100, 1.000000000000000000, 0.8660254037844387100, 1.000000000000000000, 0.8660254037844387100, 1.000000000000000000, 0.8660254037844387100, 1.000000000000000000, 0.8660254037844387100, 1.000000000000000000, 0.8660254037844387100, 1.000000000000000000, 0.8660254037844387100, 1.000000000000000000, 0.8660254037844387100, 1.000000000000000000, 0.8660254037844387100, 1.000000000000000000, 0.8660254037844387100, 1.000000000000000000, 0.8660254037844387100, 1.000000000000000000, 0.8660254037844387100, 1.000000000000000000, 0.8660254037844387100, 1.000000000000000000, 0.8660254037844387100, 1.000000000000000000, 0.8660254037844387100, 1.000000000000000000, 0.8660254037844387100, 1.000000000000000000, 0.8660254037844387100, 1.000000000000000000, 0.8660254037844387100, 1.000000000000000000, 0.8660254037844387100, 1.000000000000000000, 0.8660254037844387100, 1.000000000000000000, 0.8660254037844387100, 1.000000000000000000, 0.8660254037844387100, 1.000000000000000000, 0.8660254037844387100, 1.000000000000000000, 0.8660254037844387100, 1.000000000000000000, 0.9447058138617582300, 0.9350538182141849800 ) ) 
 REPRESENTATION_ITEM ( '' )  );
#23 = B_SPLINE_CURVE_WITH_KNOTS ( 'NONE', 3,
 ( #6328, #56, #1678, #3254, #691, #4886 ),
 .UNSPECIFIED., .F., .F.,
 ( 4, 2, 4 ),
 ( 0.02566997910272145900, 0.02681908721635546000, 0.02796819532998946400 ),
 .UNSPECIFIED. ) ;
#24 = ORIENTED_EDGE ( 'NONE', *, *, #764, .T. ) ;
#25 = DIRECTION ( 'NONE',  ( 1.000000000000000000, 0.0000000000000000000, 0.0000000000000000000 ) ) ;
#26 = CARTESIAN_POINT ( 'NONE',  ( 21.81250000000000000, -1.545336663013165100, -1.892491597964124500E-016 ) ) ;
#27 = EDGE_CURVE ( 'NONE', #5453, #4657, #2107, .T. ) ;
#28 = VERTEX_POINT ( 'NONE', #4420 ) ;
#29 = CARTESIAN_POINT ( 'NONE',  ( -20.79166666666666800, 1.545336663013165700, 0.8922005383792489500 ) ) ;
#30 = CARTESIAN_POINT ( 'NONE',  ( -23.12500000000000000, -3.277891600571078100E-016, -1.784401076758498400 ) ) ;
#31 = CARTESIAN_POINT ( 'NONE',  ( 17.50000000000000000, 0.0000000000000000000, -2.000000000000000000 ) ) ;
#32 = CARTESIAN_POINT ( 'NONE',  ( 26.30626073911696500, -0.5358983848622460600, 1.999999999999999600 ) ) ;
#33 = ORIENTED_EDGE ( 'NONE', *, *, #4660, .T. ) ;
#34 = CARTESIAN_POINT ( 'NONE',  ( -22.54166666666666800, -1.545336663013166200, -0.8922005383792486200 ) ) ;
#35 = CARTESIAN_POINT ( 'NONE',  ( -27.87916666666667000, -0.9999999999999993300, 1.732050807568877200 ) ) ;
#36 = CARTESIAN_POINT ( 'NONE',  ( 25.42916666666667100, 0.9999999999999985600, 1.732050807568878100 ) ) ;
#37 = CARTESIAN_POINT ( 'NONE',  ( 23.53333333333333100, -1.000000000000000900, 1.732050807568876700 ) ) ;
#38 = EDGE_CURVE ( 'NONE', #1791, #2375, #4784, .T. ) ;
#39 = CARTESIAN_POINT ( 'NONE',  ( 21.40416666666666900, -2.000000000000000400, 1.154700538379250800 ) ) ;
#40 = DIRECTION ( 'NONE',  ( -1.000000000000000000, -0.0000000000000000000, -0.0000000000000000000 ) ) ;
#41 = VECTOR ( 'NONE', #81, 1000.000000000000000 ) ;
#42 = CARTESIAN_POINT ( 'NONE',  ( 17.55416666666666700, -1.545336663013165300, 0.8922005383792482900 ) ) ;
#43 = CARTESIAN_POINT ( 'NONE',  ( -20.64583333333333600, 0.7726683315065830900, 1.338300807568873600 ) ) ;
#44 = CARTESIAN_POINT ( 'NONE',  ( 27.15000000000000200, -2.000000000000000000, -2.449293598294706400E-016 ) ) ;
#45 = DIRECTION ( 'NONE',  ( 1.000000000000000000, 0.0000000000000000000, 0.0000000000000000000 ) ) ;
#46 = CARTESIAN_POINT ( 'NONE',  ( -21.81250000000000400, 1.999999999999999600, 0.0000000000000000000 ) ) ;
#47 = CARTESIAN_POINT ( 'NONE',  ( 21.28750000000000100, 1.092630533523692200E-016, -1.784401076758497700 ) ) ;
#48 = ADVANCED_FACE ( 'NONE', ( #1950 ), #712, .T. ) ;
#49 = CARTESIAN_POINT ( 'NONE',  ( -19.39166666666666900, 1.545336663013165700, 0.8922005383792489500 ) ) ;
#50 = CARTESIAN_POINT ( 'NONE',  ( -21.02499999999999900, -3.277891600571078100E-016, -1.784401076758498400 ) ) ;
#51 = FACE_OUTER_BOUND ( 'NONE', #3649, .T. ) ;
#52 = CARTESIAN_POINT ( 'NONE',  ( -27.34196899336019400, -1.549722009056865300, 4.000000000000000000 ) ) ;
#53 = LINE ( 'NONE', #6688, #703 ) ;
#54 = CARTESIAN_POINT ( 'NONE',  ( 20.90623926088304100, -0.5358983848622663700, -1.999999999999987600 ) ) ;
#55 = CARTESIAN_POINT ( 'NONE',  ( -20.20833333333333600, 1.545336663013165100, -0.8922005383792499500 ) ) ;
#56 = CARTESIAN_POINT ( 'NONE',  ( 17.50000000000000000, 0.3914063539656143000, 4.000000000000000000 ) ) ;
#57 = CARTESIAN_POINT ( 'NONE',  ( -27.06250000000000400, -1.999999999999999600, 2.449293598294705900E-016 ) ) ;
#58 = AXIS2_PLACEMENT_3D ( 'NONE', #3534, #3579, #6146 ) ;
#59 = DIRECTION ( 'NONE',  ( -1.000000000000000000, -0.0000000000000000000, -0.0000000000000000000 ) ) ;
#60 = FACE_OUTER_BOUND ( 'NONE', #3679, .T. ) ;
#61 =( BOUNDED_CURVE ( )  B_SPLINE_CURVE ( 2, ( #4347, #1790, #4926, #2340, #5950, #2820, #4436, #1302, #5405 ),
 .UNSPECIFIED., .F., .T. ) 
 B_SPLINE_CURVE_WITH_KNOTS ( ( 3, 2, 2, 2, 3 ),
 ( 0.4743201564573780200, 0.4797721122787272400, 0.4906760239214255600, 0.5015799355641239500, 0.5070318803715627700 ),
 .UNSPECIFIED. ) 
 CURVE ( )  GEOMETRIC_REPRESENTATION_ITEM ( )  RATIONAL_B_SPLINE_CURVE ( ( 0.9330127018922194100, 0.9330127018922186300, 1.000000000000000000, 0.8660254037844387100, 1.000000000000000000, 0.8660254037844387100, 1.000000000000000000, 0.9330128372183517100, 0.9330127018924927500 ) ) 
 REPRESENTATION_ITEM ( '' )  );
#62 = CARTESIAN_POINT ( 'NONE',  ( 21.57916666666666900, -0.9999999999999995600, -1.732050807568877400 ) ) ;
#63 = CARTESIAN_POINT ( 'NONE',  ( -16.88333333333333300, 1.000000000000000000, 1.732050807568877000 ) ) ;
#64 = DIRECTION ( 'NONE',  ( 0.0000000000000000000, 0.0000000000000000000, -1.000000000000000000 ) ) ;
#65 = CARTESIAN_POINT ( 'NONE',  ( 27.32499999999999900, -3.277891600571076600E-016, 1.784401076758497700 ) ) ;
#66 = CARTESIAN_POINT ( 'NONE',  ( -19.71250000000000200, -1.545336663013165700, 1.892491597964125200E-016 ) ) ;
#67 = CARTESIAN_POINT ( 'NONE',  ( 26.24373926088303600, 0.5358983848622442800, 2.000000000000000000 ) ) ;
#68 = EDGE_LOOP ( 'NONE', ( #2120, #259, #1409, #2275, #5524, #4156 ) ) ;
#69 = EDGE_CURVE ( 'NONE', #3000, #1322, #1782, .T. ) ;
#70 = CARTESIAN_POINT ( 'NONE',  ( 22.51249999999999900, -1.545336663013165100, -1.892491597964124500E-016 ) ) ;
#71 = CARTESIAN_POINT ( 'NONE',  ( -18.28333333333333100, -0.7726683315065834300, -1.338300807568873400 ) ) ;
#72 = CARTESIAN_POINT ( 'NONE',  ( -20.67499999999999700, 1.092630533523692700E-016, 1.784401076758498400 ) ) ;
#73 = ORIENTED_EDGE ( 'NONE', *, *, #1069, .F. ) ;
#74 = CARTESIAN_POINT ( 'NONE',  ( -17.17500000000000100, -8.715332896486790000E-016, -1.999999999999999600 ) ) ;
#75 = DIRECTION ( 'NONE',  ( 1.000000000000000000, 0.0000000000000000000, 0.0000000000000000000 ) ) ;
#76 = EDGE_CURVE ( 'NONE', #2928, #4961, #3559, .T. ) ;
#77 = CARTESIAN_POINT ( 'NONE',  ( -27.58750000000000200, 1.092630533523692700E-016, 1.784401076758498400 ) ) ;
#78 = CARTESIAN_POINT ( 'NONE',  ( -22.97916666666666800, -0.9999999999999993300, 1.732050807568877200 ) ) ;
#79 = CARTESIAN_POINT ( 'NONE',  ( -19.01250000000000300, 1.999999999999999600, 0.0000000000000000000 ) ) ;
#80 = ORIENTED_EDGE ( 'NONE', *, *, #1965, .T. ) ;
#81 = DIRECTION ( 'NONE',  ( 1.000000000000000000, 0.0000000000000000000, 0.0000000000000000000 ) ) ;
#82 = CARTESIAN_POINT ( 'NONE',  ( 27.16800768862636800, -1.225832822826907100, 1.333789188818398600 ) ) ;
#83 = ORIENTED_EDGE ( 'NONE', *, *, #4747, .F. ) ;
#84 = CARTESIAN_POINT ( 'NONE',  ( -27.49999999999999600, 2.309401076758503400, -4.000000000000001800 ) ) ;
#85 = CARTESIAN_POINT ( 'NONE',  ( 17.00634334234001700, -1.074980215967777500, -1.339755665936400900 ) ) ;
#86 = VERTEX_POINT ( 'NONE', #1843 ) ;
#87 = AXIS2_PLACEMENT_3D ( 'NONE', #5202, #4116, #3106 ) ;
#88 = CARTESIAN_POINT ( 'NONE',  ( -19.36250000000000400, 1.545336663013165700, 0.0000000000000000000 ) ) ;
#89 = CARTESIAN_POINT ( 'NONE',  ( 17.50000000000000000, 2.449293598294706400E-016, 2.000000000000000000 ) ) ;
#90 = CARTESIAN_POINT ( 'NONE',  ( 18.72754000000000100, 1.291670307408470100, 0.8483237701561673300 ) ) ;
#91 = ORIENTED_EDGE ( 'NONE', *, *, #1109, .T. ) ;
#92 = CARTESIAN_POINT ( 'NONE',  ( -16.98172415493342100, 1.631137673396183100, -1.157320133078001400 ) ) ;
#93 = CARTESIAN_POINT ( 'NONE',  ( 22.62916666666666600, -0.7726683315065822100, -1.338300807568873400 ) ) ;
#94 = CARTESIAN_POINT ( 'NONE',  ( -18.98333333333333100, -0.7726683315065834300, -1.338300807568873400 ) ) ;
#95 = CARTESIAN_POINT ( 'NONE',  ( -17.81666666666666600, -0.7726683315065825400, 1.338300807568873800 ) ) ;
#96 = EDGE_LOOP ( 'NONE', ( #4668, #2341, #2451, #5706 ) ) ;
#97 = CARTESIAN_POINT ( 'NONE',  ( 17.49999999999999600, 0.0000000000000000000, 1.542796663013164900 ) ) ;
#98 = VERTEX_POINT ( 'NONE', #6573 ) ;
#99 = CARTESIAN_POINT ( 'NONE',  ( -19.33333333333333600, 0.7726683315065830900, 1.338300807568873600 ) ) ;
#100 = DIRECTION ( 'NONE',  ( -1.000000000000000000, 0.0000000000000000000, 0.0000000000000000000 ) ) ;
#101 = CARTESIAN_POINT ( 'NONE',  ( -24.26250000000000300, -1.999999999999999600, 2.449293598294705900E-016 ) ) ;
#102 = CARTESIAN_POINT ( 'NONE',  ( 27.23749999999999700, 1.414100318299875800E-016, -2.309401076758502900 ) ) ;
#103 = CARTESIAN_POINT ( 'NONE',  ( 17.50000000000000400, -0.3911959456860619200, -4.000000000000001800 ) ) ;
#104 = VERTEX_POINT ( 'NONE', #2388 ) ;
#105 = CARTESIAN_POINT ( 'NONE',  ( 22.27916666666666900, -0.9999999999999995600, -1.732050807568877400 ) ) ;
#106 = CARTESIAN_POINT ( 'NONE',  ( 27.50000000000000000, 0.0000000000000000000, 0.0000000000000000000 ) ) ;
#107 =( BOUNDED_CURVE ( )  B_SPLINE_CURVE ( 2, ( #4202, #1042, #3657, #4140, #6226, #1550, #4737, #542, #6202 ),
 .UNSPECIFIED., .F., .T. ) 
 B_SPLINE_CURVE_WITH_KNOTS ( ( 3, 2, 2, 2, 3 ),
 ( 0.3281250000000000000, 0.3333333333333333100, 0.3437500000000000000, 0.3541666666666666900, 0.3593750000000000000 ),
 .UNSPECIFIED. ) 
 CURVE ( )  GEOMETRIC_REPRESENTATION_ITEM ( )  RATIONAL_B_SPLINE_CURVE ( ( 0.9330127018922194100, 0.9330127018922194100, 1.000000000000000000, 0.8660254037844387100, 1.000000000000000000, 0.8660254037844387100, 1.000000000000000000, 0.9330127018922194100, 0.9330127018922194100 ) ) 
 REPRESENTATION_ITEM ( '' )  );
#108 = CARTESIAN_POINT ( 'NONE',  ( -22.74583333333333700, -1.000000000000000700, -1.732050807568876300 ) ) ;
#109 = CARTESIAN_POINT ( 'NONE',  ( 22.25000000000000000, -2.000000000000000000, -2.449293598294706400E-016 ) ) ;
#110 = CARTESIAN_POINT ( 'NONE',  ( 18.77916666666666500, 0.7726683315065814300, 1.338300807568873800 ) ) ;
#111 = ORIENTED_EDGE ( 'NONE', *, *, #4428, .T. ) ;
#112 = CARTESIAN_POINT ( 'NONE',  ( -16.85416666666666800, -1.545336663013166200, -0.8922005383792486200 ) ) ;
#113 = CARTESIAN_POINT ( 'NONE',  ( 22.65833333333333500, 1.999999999999999300, 1.154700538379252800 ) ) ;
#114 = CARTESIAN_POINT ( 'NONE',  ( 27.41249999999999800, -1.545336663013165100, -1.892491597964124500E-016 ) ) ;
#115 = ORGANIZATION ( 'UNSPECIFIED', 'UNSPECIFIED', '' ) ;
#116 = CARTESIAN_POINT ( 'NONE',  ( -23.73750000000000100, 2.905110965495596800E-016, 1.999999999999999600 ) ) ;
#117 = CARTESIAN_POINT ( 'NONE',  ( -25.57499999999999600, -8.715332896486790000E-016, -1.999999999999999600 ) ) ;
#118 = CARTESIAN_POINT ( 'NONE',  ( 18.77916666666666500, 0.7726683315065814300, 1.338300807568873800 ) ) ;
#119 = ADVANCED_FACE ( 'NONE', ( #6097 ), #4049, .T. ) ;
#120 = EDGE_CURVE ( 'NONE', #3081, #5770, #433, .T. ) ;
#121 = CARTESIAN_POINT ( 'NONE',  ( -20.20833333333333600, 1.545336663013165300, -0.8922005383792500600 ) ) ;
#122 = CARTESIAN_POINT ( 'NONE',  ( -17.52499999999999900, -3.277891600571078100E-016, -1.784401076758498400 ) ) ;
#123 = VECTOR ( 'NONE', #1604, 1000.000000000000000 ) ;
#124 = CARTESIAN_POINT ( 'NONE',  ( -16.40000000000000200, 0.0000000000000000000, 2.000000000000000000 ) ) ;
#125 = CARTESIAN_POINT ( 'NONE',  ( 25.45833333333333200, 1.999999999999999300, 1.154700538379252600 ) ) ;
#126 = CARTESIAN_POINT ( 'NONE',  ( -19.91666666666666400, -0.7726683315065825400, 1.338300807568873800 ) ) ;
#127 = DIRECTION ( 'NONE',  ( -1.000000000000000000, -0.0000000000000000000, -0.0000000000000000000 ) ) ;
#128 = CARTESIAN_POINT ( 'NONE',  ( -22.39583333333333600, 1.000000000000000000, 1.732050807568877000 ) ) ;
#129 = CARTESIAN_POINT ( 'NONE',  ( 27.06250000000000400, -2.000000000000000000, -2.449293598294706400E-016 ) ) ;
#130 = CARTESIAN_POINT ( 'NONE',  ( -26.77083333333333600, -1.545336663013165300, 0.8922005383792495100 ) ) ;
#131 = CYLINDRICAL_SURFACE ( 'NONE', #5771, 2.000000000000000000 ) ;
#132 = EDGE_CURVE ( 'NONE', #424, #2137, #546, .T. ) ;
#133 = CYLINDRICAL_SURFACE ( 'NONE', #4941, 2.000000000000000000 ) ;
#134 = DIRECTION ( 'NONE',  ( 0.0000000000000000000, 0.4999999999999995600, 0.8660254037844388200 ) ) ;
#135 = CARTESIAN_POINT ( 'NONE',  ( -27.41250000000000100, 1.999999999999999600, 0.0000000000000000000 ) ) ;
#136 = CARTESIAN_POINT ( 'NONE',  ( 17.26249999999999900, 1.545336663013165100, 0.0000000000000000000 ) ) ;
#137 = VECTOR ( 'NONE', #1750, 1000.000000000000000 ) ;
#138 = CARTESIAN_POINT ( 'NONE',  ( -18.89583333333333600, -0.7726683315065834300, -1.338300807568873400 ) ) ;
#139 = CARTESIAN_POINT ( 'NONE',  ( 24.29166666666666800, -2.000000000000000400, 1.154700538379250600 ) ) ;
#140 = CARTESIAN_POINT ( 'NONE',  ( 26.97500000000000100, 1.092630533523692200E-016, -1.784401076758497700 ) ) ;
#141 = CIRCLE ( 'NONE', #9, 1.542796663013164900 ) ;
#142 = CARTESIAN_POINT ( 'NONE',  ( 17.49583333333333400, -0.7726683315065832100, 1.338300807568872900 ) ) ;
#143 = CARTESIAN_POINT ( 'NONE',  ( -17.90416666666666900, -2.000000000000000000, -1.154700538379250600 ) ) ;
#144 = CARTESIAN_POINT ( 'NONE',  ( -19.85833333333333400, -1.545336663013165100, 0.8922005383792495100 ) ) ;
#145 = CARTESIAN_POINT ( 'NONE',  ( -27.19672389776542300, 1.421562054371067200, 1.024374167546782300 ) ) ;
#146 = CARTESIAN_POINT ( 'NONE',  ( -17.81666666666666600, -0.7726683315065825400, 1.338300807568873800 ) ) ;
#147 =( BOUNDED_CURVE ( )  B_SPLINE_CURVE ( 1, ( #5427, #3439 ),
 .UNSPECIFIED., .F., .T. ) 
 B_SPLINE_CURVE_WITH_KNOTS ( ( 2, 2 ),
 ( 0.0000000000000000000, 1.000000000000000000 ),
 .UNSPECIFIED. ) 
 CURVE ( )  GEOMETRIC_REPRESENTATION_ITEM ( )  RATIONAL_B_SPLINE_CURVE ( ( 0.9350538182141849800, 0.9350538182141849800 ) ) 
 REPRESENTATION_ITEM ( '' )  );
#148 = CARTESIAN_POINT ( 'NONE',  ( -19.47916666666666800, -0.9999999999999993300, 1.732050807568877200 ) ) ;
#149 = CARTESIAN_POINT ( 'NONE',  ( -21.63750000000000600, 1.414100318299875800E-016, 2.309401076758502500 ) ) ;
#150 = ORIENTED_EDGE ( 'NONE', *, *, #3428, .T. ) ;
#151 = CARTESIAN_POINT ( 'NONE',  ( 25.54583333333333800, -1.000000000000000900, 1.732050807568876700 ) ) ;
#152 = CARTESIAN_POINT ( 'NONE',  ( -25.83750000000000200, -3.277891600571078100E-016, -1.784401076758498400 ) ) ;
#153 = CARTESIAN_POINT ( 'NONE',  ( -19.82916666666666900, 0.9999999999999983300, -1.732050807568877900 ) ) ;
#154 = CARTESIAN_POINT ( 'NONE',  ( -16.53333333333333500, -1.000000000000000700, -1.732050807568876300 ) ) ;
#155 = ORIENTED_EDGE ( 'NONE', *, *, #3881, .T. ) ;
#156 = CARTESIAN_POINT ( 'NONE',  ( 21.72500000000000100, 2.905110965495596800E-016, -1.999999999999999600 ) ) ;
#157 = CARTESIAN_POINT ( 'NONE',  ( -27.23749999999999700, 2.905110965495596800E-016, 1.999999999999999600 ) ) ;
#158 = CARTESIAN_POINT ( 'NONE',  ( 23.65000000000000200, 1.545336663013165100, 0.0000000000000000000 ) ) ;
#159 = CARTESIAN_POINT ( 'NONE',  ( -18.25416666666667000, -1.545336663013166200, -0.8922005383792486200 ) ) ;
#160 = CARTESIAN_POINT ( 'NONE',  ( 22.71666666666666500, 0.9999999999999985600, 1.732050807568878100 ) ) ;
#161 = EDGE_CURVE ( 'NONE', #3652, #3005, #4537, .T. ) ;
#162 = ORIENTED_EDGE ( 'NONE', *, *, #4008, .F. ) ;
#163 = CC_DESIGN_DATE_AND_TIME_ASSIGNMENT ( #5906, #5454, ( #2852 ) ) ;
#164 = CARTESIAN_POINT ( 'NONE',  ( 26.68333333333333400, -0.7726683315065832100, 1.338300807568872900 ) ) ;
#165 = CARTESIAN_POINT ( 'NONE',  ( -23.44583333333333600, -1.000000000000000700, -1.732050807568876300 ) ) ;
#166 = CARTESIAN_POINT ( 'NONE',  ( 23.27083333333333600, 1.999999999999999300, 1.154700538379252600 ) ) ;
#167 = CARTESIAN_POINT ( 'NONE',  ( 19.07083333333333300, -1.545336663013164600, -0.8922005383792492900 ) ) ;
#168 = CARTESIAN_POINT ( 'NONE',  ( 19.45000000000000300, 1.545336663013165100, 0.0000000000000000000 ) ) ;
#169 = CARTESIAN_POINT ( 'NONE',  ( -19.68333333333333400, -0.7726683315065834300, -1.338300807568873400 ) ) ;
#170 = CARTESIAN_POINT ( 'NONE',  ( -27.03840526842903100, 0.5172181386911589600, 1.508123968770813200 ) ) ;
#171 = ORIENTED_EDGE ( 'NONE', *, *, #3872, .F. ) ;
#172 = CARTESIAN_POINT ( 'NONE',  ( 19.36249999999999700, 1.545336663013165100, 0.0000000000000000000 ) ) ;
#173 = EDGE_CURVE ( 'NONE', #649, #2615, #1193, .T. ) ;
#174 = CARTESIAN_POINT ( 'NONE',  ( -18.28333333333333100, -0.7726683315065834300, -1.338300807568873400 ) ) ;
#175 = CARTESIAN_POINT ( 'NONE',  ( -19.42083333333333400, -1.999999999999999300, 1.154700538379251900 ) ) ;
#176 = CARTESIAN_POINT ( 'NONE',  ( -23.50416666666667000, -2.000000000000000000, -1.154700538379250400 ) ) ;
#177 = CARTESIAN_POINT ( 'NONE',  ( 27.93750000000000000, 1.414100318299875800E-016, -2.309401076758502900 ) ) ;
#178 = CARTESIAN_POINT ( 'NONE',  ( -26.53750000000000100, -3.277891600571078100E-016, -1.784401076758498400 ) ) ;
#179 = ORIENTED_EDGE ( 'NONE', *, *, #6199, .T. ) ;
#180 = DIRECTION ( 'NONE',  ( 1.000000000000000000, 0.0000000000000000000, 0.0000000000000000000 ) ) ;
#181 = CARTESIAN_POINT ( 'NONE',  ( -27.26876073911696000, 0.5358983848622455000, 1.999999999999999600 ) ) ;
#182 = CARTESIAN_POINT ( 'NONE',  ( 24.99166666666666400, 1.545336663013165100, -0.8922005383792486200 ) ) ;
#183 = CARTESIAN_POINT ( 'NONE',  ( -24.87500000000000000, -4.242300954899626700E-016, -2.309401076758502500 ) ) ;
#184 = CARTESIAN_POINT ( 'NONE',  ( 24.81666666666666600, 0.9999999999999985600, 1.732050807568878100 ) ) ;
#185 = CARTESIAN_POINT ( 'NONE',  ( 20.41250000000000100, -1.545336663013165100, -1.892491597964124500E-016 ) ) ;
#186 = ORIENTED_EDGE ( 'NONE', *, *, #6674, .F. ) ;
#187 = CARTESIAN_POINT ( 'NONE',  ( 17.50000000000000000, 4.618802153517006700, 2.376703780672702200E-015 ) ) ;
#188 = EDGE_LOOP ( 'NONE', ( #1043, #4242, #2865 ) ) ;
#189 = CARTESIAN_POINT ( 'NONE',  ( 21.84166666666666900, 2.000000000000000000, -1.154700538379251200 ) ) ;
#190 = CARTESIAN_POINT ( 'NONE',  ( 19.47916666666666400, 0.7726683315065814300, 1.338300807568873800 ) ) ;
#191 = CARTESIAN_POINT ( 'NONE',  ( -17.81666666666666600, -0.7726683315065825400, 1.338300807568873800 ) ) ;
#192 = CARTESIAN_POINT ( 'NONE',  ( -19.15833333333333100, -1.545336663013165100, 0.8922005383792495100 ) ) ;
#193 = CARTESIAN_POINT ( 'NONE',  ( 17.50000000000000000, 0.0000000000000000000, 0.0000000000000000000 ) ) ;
#194 = ORIENTED_EDGE ( 'NONE', *, *, #602, .T. ) ;
#195 = CARTESIAN_POINT ( 'NONE',  ( -27.29583333333333400, -0.7726683315065834300, -1.338300807568873400 ) ) ;
#196 = CARTESIAN_POINT ( 'NONE',  ( -19.21876073911696600, -0.5358983848622459500, -1.999999999999999100 ) ) ;
#197 = CARTESIAN_POINT ( 'NONE',  ( 25.48750000000000400, -4.242300954899627700E-016, 2.309401076758502900 ) ) ;
#198 = CARTESIAN_POINT ( 'NONE',  ( 27.50000000000000000, 1.806354028742344800E-016, -1.474999999999999000 ) ) ;
#199 = EDGE_LOOP ( 'NONE', ( #5880, #5699, #6704, #520, #894, #2266 ) ) ;
#200 = CARTESIAN_POINT ( 'NONE',  ( -25.57499999999999600, -8.715332896486790000E-016, -1.999999999999999600 ) ) ;
#201 = CARTESIAN_POINT ( 'NONE',  ( 20.23750000000000100, 2.324088772396477700E-016, -1.999999999999999600 ) ) ;
#202 = CARTESIAN_POINT ( 'NONE',  ( 25.69166666666667000, 1.545336663013165100, -0.8922005383792486200 ) ) ;
#203 = AXIS2_PLACEMENT_3D ( 'NONE', #6354, #2246, #2721 ) ;
#204 = CARTESIAN_POINT ( 'NONE',  ( -26.45000000000000300, -1.999999999999999600, 2.449293598294705900E-016 ) ) ;
#205 = CARTESIAN_POINT ( 'NONE',  ( 22.94999999999999900, -2.000000000000000000, -2.449293598294706400E-016 ) ) ;
#206 = CARTESIAN_POINT ( 'NONE',  ( 17.99166666666666700, 1.545336663013165100, -0.8922005383792486200 ) ) ;
#207 = LINE ( 'NONE', #124, #4108 ) ;
#208 = CARTESIAN_POINT ( 'NONE',  ( 25.63333333333333300, 0.7726683315065827600, -1.338300807568873200 ) ) ;
#209 = CARTESIAN_POINT ( 'NONE',  ( 17.50000000000000000, 0.0000000000000000000, 0.0000000000000000000 ) ) ;
#210 = CARTESIAN_POINT ( 'NONE',  ( 23.06876073911696800, 0.5358983848622509400, -1.999999999999996700 ) ) ;
#211 = CARTESIAN_POINT ( 'NONE',  ( 21.17083333333333400, -1.545336663013164600, -0.8922005383792492900 ) ) ;
#212 = EDGE_CURVE ( 'NONE', #6319, #6185, #437, .T. ) ;
#213 = CARTESIAN_POINT ( 'NONE',  ( -18.13749999999999900, 2.905110965495596800E-016, 1.999999999999999600 ) ) ;
#214 = CARTESIAN_POINT ( 'NONE',  ( 17.14273441009184000, 2.309401076758502500, 4.000000000000000000 ) ) ;
#215 = CARTESIAN_POINT ( 'NONE',  ( 27.36330944018079200, 2.707037594757143200E-011, 1.611690559819209700 ) ) ;
#216 = CIRCLE ( 'NONE', #1233, 2.000000000000000000 ) ;
#217 = CARTESIAN_POINT ( 'NONE',  ( -27.47083333333333500, -1.545336663013165100, 0.8922005383792495100 ) ) ;
#218 = CARTESIAN_POINT ( 'NONE',  ( -18.75000000000000400, -1.999999999999999600, 2.449293598294705900E-016 ) ) ;
#219 = CARTESIAN_POINT ( 'NONE',  ( 24.43750000000000000, 1.414100318299875800E-016, -2.309401076758502900 ) ) ;
#220 = CARTESIAN_POINT ( 'NONE',  ( -20.82083333333333300, 1.545336663013165300, -0.8922005383792500600 ) ) ;
#221 = CARTESIAN_POINT ( 'NONE',  ( 25.89583333333333200, -0.7726683315065832100, 1.338300807568872900 ) ) ;
#222 = LINE ( 'NONE', #5916, #6006 ) ;
#223 = CARTESIAN_POINT ( 'NONE',  ( 23.47499999999999800, -8.715332896486790000E-016, 2.000000000000000000 ) ) ;
#224 = AXIS2_PLACEMENT_3D ( 'NONE', #760, #3445, #6044 ) ;
#225 = CARTESIAN_POINT ( 'NONE',  ( -24.40833333333333500, -1.999999999999999300, 1.154700538379251900 ) ) ;
#226 = CARTESIAN_POINT ( 'NONE',  ( 17.50000000000000000, 0.0000000000000000000, -4.000000000000000000 ) ) ;
#227 = CARTESIAN_POINT ( 'NONE',  ( 24.58333333333333200, -0.7726683315065832100, 1.338300807568872900 ) ) ;
#228 = LINE ( 'NONE', #4005, #4203 ) ;
#229 = CARTESIAN_POINT ( 'NONE',  ( -25.51666666666666600, 0.9999999999999983300, -1.732050807568877900 ) ) ;
#230 = CARTESIAN_POINT ( 'NONE',  ( 20.17916666666666400, 0.7726683315065814300, 1.338300807568873800 ) ) ;
#231 = CARTESIAN_POINT ( 'NONE',  ( 17.75833333333333300, -1.545336663013164600, -0.8922005383792492900 ) ) ;
#232 = CARTESIAN_POINT ( 'NONE',  ( 23.59166666666666500, 1.545336663013165100, -0.8922005383792486200 ) ) ;
#233 = CARTESIAN_POINT ( 'NONE',  ( -24.14373926088303800, 0.5358983848622441700, -2.000000000000000000 ) ) ;
#234 = CARTESIAN_POINT ( 'NONE',  ( 23.15416666666667200, 2.000000000000000000, -1.154700538379251200 ) ) ;
#235 =( BOUNDED_CURVE ( )  B_SPLINE_CURVE ( 2, ( #117, #1136, #587, #5857, #5831, #2731, #6387, #3782, #2660 ),
 .UNSPECIFIED., .F., .T. ) 
 B_SPLINE_CURVE_WITH_KNOTS ( ( 3, 2, 2, 2, 3 ),
 ( 0.1718750000000000000, 0.1770833333333333400, 0.1875000000000000000, 0.1979166666666666600, 0.2031250000000000000 ),
 .UNSPECIFIED. ) 
 CURVE ( )  GEOMETRIC_REPRESENTATION_ITEM ( )  RATIONAL_B_SPLINE_CURVE ( ( 0.9330127018922194100, 0.9330127018922194100, 1.000000000000000000, 0.8660254037844387100, 1.000000000000000000, 0.8660254037844387100, 1.000000000000000000, 0.9330127018922194100, 0.9330127018922194100 ) ) 
 REPRESENTATION_ITEM ( '' )  );
#236 = CARTESIAN_POINT ( 'NONE',  ( -16.82499999999999900, -3.277891600571078100E-016, -1.784401076758498400 ) ) ;
#237 = ORIENTED_EDGE ( 'NONE', *, *, #1116, .T. ) ;
#238 = CARTESIAN_POINT ( 'NONE',  ( 17.14273441009184000, -2.309401076758503400, -4.000000000000001800 ) ) ;
#239 = CARTESIAN_POINT ( 'NONE',  ( -26.94583333333333600, 0.7726683315065830900, 1.338300807568873600 ) ) ;
#240 = CARTESIAN_POINT ( 'NONE',  ( -26.88749999999999900, -8.715332896486790000E-016, -1.999999999999999600 ) ) ;
#241 = CARTESIAN_POINT ( 'NONE',  ( 24.37916666666666600, -0.9999999999999995600, -1.732050807568877400 ) ) ;
#242 = CARTESIAN_POINT ( 'NONE',  ( -21.92916666666667100, -0.7726683315065825400, 1.338300807568873800 ) ) ;
#243 = ORIENTED_EDGE ( 'NONE', *, *, #1256, .T. ) ;
#244 = AXIS2_PLACEMENT_3D ( 'NONE', #3938, #3341, #5015 ) ;
#245 = CARTESIAN_POINT ( 'NONE',  ( -27.49999999999999600, 2.511505655691392300E-016, -2.050800000000000200 ) ) ;
#246 = CARTESIAN_POINT ( 'NONE',  ( 26.18750012630437900, -2.165217881046205200E-006, 1.999999999998828000 ) ) ;
#247 = CARTESIAN_POINT ( 'NONE',  ( 23.53333333333333100, 0.7726683315065827600, -1.338300807568873200 ) ) ;
#248 = ORIENTED_EDGE ( 'NONE', *, *, #4962, .T. ) ;
#249 = CARTESIAN_POINT ( 'NONE',  ( -26.97500000000000100, -4.242300954899626700E-016, -2.309401076758502500 ) ) ;
#250 = EDGE_CURVE ( 'NONE', #4882, #3081, #1444, .T. ) ;
#251 = DIRECTION ( 'NONE',  ( -0.0000000000000000000, 0.0000000000000000000, -1.000000000000000000 ) ) ;
#252 = CARTESIAN_POINT ( 'NONE',  ( 23.76666666666666600, 0.7726683315065814300, 1.338300807568873800 ) ) ;
#253 = EDGE_LOOP ( 'NONE', ( #3237, #2765, #1967, #1986 ) ) ;
#254 = CARTESIAN_POINT ( 'NONE',  ( -22.39373926088303800, -0.5358983848622449500, 1.999999999999999600 ) ) ;
#255 = CARTESIAN_POINT ( 'NONE',  ( 18.75162481217278200, 0.9602703528441871600, 1.248162145828940500 ) ) ;
#256 = DIRECTION ( 'NONE',  ( 1.000000000000000000, 0.0000000000000000000, 0.0000000000000000000 ) ) ;
#257 = CARTESIAN_POINT ( 'NONE',  ( 23.38750012630434600, -2.165217451913196700E-006, 1.999999999998828000 ) ) ;
#258 = CARTESIAN_POINT ( 'NONE',  ( 17.50000000000000000, -3.464101615137754800, -1.999999999999999600 ) ) ;
#259 = ORIENTED_EDGE ( 'NONE', *, *, #6451, .T. ) ;
#260 = EDGE_CURVE ( 'NONE', #6768, #6302, #235, .T. ) ;
#261 = CARTESIAN_POINT ( 'NONE',  ( -27.23749999999999700, -3.277891600571078100E-016, -1.784401076758498400 ) ) ;
#262 = CARTESIAN_POINT ( 'NONE',  ( -26.50833333333333300, 1.545336663013165300, -0.8922005383792500600 ) ) ;
#263 = CARTESIAN_POINT ( 'NONE',  ( 22.45416666666667300, 2.000000000000000000, -1.154700538379251200 ) ) ;
#264 = CARTESIAN_POINT ( 'NONE',  ( -22.27916666666666900, 0.7726683315065817600, -1.338300807568874300 ) ) ;
#265 = CARTESIAN_POINT ( 'NONE',  ( 24.11666666666666700, 0.9999999999999985600, 1.732050807568878100 ) ) ;
#266 = B_SPLINE_CURVE_WITH_KNOTS ( 'NONE', 3,
 ( #4182, #5261, #1045, #2616, #1644, #1066 ),
 .UNSPECIFIED., .F., .F.,
 ( 4, 2, 4 ),
 ( 0.01641221166444039500, 0.01758045408300030300, 0.01874869650156021200 ),
 .UNSPECIFIED. ) ;
#267 = ORIENTED_EDGE ( 'NONE', *, *, #811, .T. ) ;
#268 = ORIENTED_EDGE ( 'NONE', *, *, #4800, .F. ) ;
#269 = CARTESIAN_POINT ( 'NONE',  ( -16.40000000000000200, 0.0000000000000000000, 0.0000000000000000000 ) ) ;
#270 = CARTESIAN_POINT ( 'NONE',  ( -21.08333333333333200, 1.000000000000000000, 1.732050807568877000 ) ) ;
#271 = CARTESIAN_POINT ( 'NONE',  ( 20.20833333333333600, 1.545336663013164600, 0.8922005383792495100 ) ) ;
#272 = ORIENTED_EDGE ( 'NONE', *, *, #2696, .T. ) ;
#273 = CARTESIAN_POINT ( 'NONE',  ( -26.27500000000000200, -4.242300954899626700E-016, -2.309401076758502500 ) ) ;
#274 =( BOUNDED_CURVE ( )  B_SPLINE_CURVE ( 2, ( #5326, #3260, #6446, #5348, #3307, #2182, #4309, #4850, #2700 ),
 .UNSPECIFIED., .F., .F. ) 
 B_SPLINE_CURVE_WITH_KNOTS ( ( 3, 2, 2, 2, 3 ),
 ( 0.6406250000000000000, 0.6458333333333333700, 0.6562500000000000000, 0.6666666666666666300, 0.6718750000000000000 ),
 .UNSPECIFIED. ) 
 CURVE ( )  GEOMETRIC_REPRESENTATION_ITEM ( )  RATIONAL_B_SPLINE_CURVE ( ( 0.9330127018922194100, 0.9330127018922194100, 1.000000000000000000, 0.8660254037844387100, 1.000000000000000000, 0.8660254037844387100, 1.000000000000000000, 0.9330127018922194100, 0.9330127018922194100 ) ) 
 REPRESENTATION_ITEM ( '' )  );
#275 = CARTESIAN_POINT ( 'NONE',  ( 21.43333333333333400, 0.7726683315065827600, -1.338300807568873200 ) ) ;
#276 = ORIENTED_EDGE ( 'NONE', *, *, #2949, .F. ) ;
#277 = CARTESIAN_POINT ( 'NONE',  ( 24.17499999999999700, -8.715332896486790000E-016, 2.000000000000000000 ) ) ;
#278 = CARTESIAN_POINT ( 'NONE',  ( 18.73382518024116900, 1.224716744680826900, 0.9617175612945748600 ) ) ;
#279 = CARTESIAN_POINT ( 'NONE',  ( -23.06666666666666600, -0.9999999999999993300, 1.732050807568877200 ) ) ;
#280 = APPROVAL_DATE_TIME ( #5986, #4475 ) ;
#281 = DIRECTION ( 'NONE',  ( -1.000000000000000000, 0.0000000000000000000, 0.0000000000000000000 ) ) ;
#282 = CARTESIAN_POINT ( 'NONE',  ( -27.12083333333333700, 1.545336663013165100, -0.8922005383792499500 ) ) ;
#283 = CARTESIAN_POINT ( 'NONE',  ( 22.51250000000000300, 2.000000000000000000, 0.0000000000000000000 ) ) ;
#284 = CARTESIAN_POINT ( 'NONE',  ( 24.08749999999999900, -4.242300954899627700E-016, 2.309401076758502900 ) ) ;
#285 = CARTESIAN_POINT ( 'NONE',  ( -22.04583333333333400, 0.7726683315065830900, 1.338300807568873600 ) ) ;
#286 = CARTESIAN_POINT ( 'NONE',  ( -17.87500000000000400, -8.715332896486790000E-016, -1.999999999999999600 ) ) ;
#287 = LINE ( 'NONE', #593, #3201 ) ;
#288 = CARTESIAN_POINT ( 'NONE',  ( -20.64583333333333600, -1.000000000000000700, -1.732050807568876300 ) ) ;
#289 = CARTESIAN_POINT ( 'NONE',  ( -25.63333333333333300, -1.000000000000000700, -1.732050807568876300 ) ) ;
#290 = EDGE_CURVE ( 'NONE', #1621, #3996, #6175, .T. ) ;
#291 = CARTESIAN_POINT ( 'NONE',  ( 22.25000000000000000, 1.545336663013165100, 0.0000000000000000000 ) ) ;
#292 = CYLINDRICAL_SURFACE ( 'NONE', #2965, 2.000000000000000000 ) ;
#293 = CARTESIAN_POINT ( 'NONE',  ( -21.25833333333333300, 1.999999999999998700, -1.154700538379252100 ) ) ;
#294 = CARTESIAN_POINT ( 'NONE',  ( -17.52499999999999900, 2.905110965495596800E-016, 1.999999999999999600 ) ) ;
#295 = CYLINDRICAL_SURFACE ( 'NONE', #6430, 2.000000000000000000 ) ;
#296 = CARTESIAN_POINT ( 'NONE',  ( 23.94166666666666600, -1.545336663013165300, 0.8922005383792482900 ) ) ;
#297 = CARTESIAN_POINT ( 'NONE',  ( -23.85626073911696600, 0.5358983848622455000, 1.999999999999999600 ) ) ;
#298 = DIRECTION ( 'NONE',  ( -0.0000000000000000000, 0.0000000000000000000, -1.000000000000000000 ) ) ;
#299 = CARTESIAN_POINT ( 'NONE',  ( -20.90623926088304100, -0.5358983848622449500, 1.999999999999999600 ) ) ;
#300 = EDGE_CURVE ( 'NONE', #6373, #5626, #938, .T. ) ;
#301 = CARTESIAN_POINT ( 'NONE',  ( 24.58333333333333200, 1.000000000000000200, -1.732050807568877200 ) ) ;
#302 = CARTESIAN_POINT ( 'NONE',  ( -16.74459687542305600, 1.064999110539111400, -1.169523553602030500 ) ) ;
#303 = CARTESIAN_POINT ( 'NONE',  ( -27.49999999999999600, 2.309401076758502000, 4.000000000000000000 ) ) ;
#304 = LINE ( 'NONE', #4162, #790 ) ;
#305 = VECTOR ( 'NONE', #3675, 1000.000000000000000 ) ;
#306 = CARTESIAN_POINT ( 'NONE',  ( -20.12083333333333400, 1.545336663013165100, -0.8922005383792499500 ) ) ;
#307 = CARTESIAN_POINT ( 'NONE',  ( -25.69166666666667000, 1.545336663013165700, 0.8922005383792489500 ) ) ;
#308 = CARTESIAN_POINT ( 'NONE',  ( 22.04583333333333400, -1.000000000000000900, 1.732050807568876700 ) ) ;
#309 = CARTESIAN_POINT ( 'NONE',  ( -22.57083333333333300, -1.545336663013165300, 0.8922005383792495100 ) ) ;
#310 = DIRECTION ( 'NONE',  ( -1.000000000000000000, 0.0000000000000000000, 0.0000000000000000000 ) ) ;
#311 = CARTESIAN_POINT ( 'NONE',  ( 19.09999999999999800, 2.000000000000000000, 0.0000000000000000000 ) ) ;
#312 = CARTESIAN_POINT ( 'NONE',  ( -17.61250000000000400, 1.999999999999999600, 0.0000000000000000000 ) ) ;
#313 = PERSON_AND_ORGANIZATION_ROLE ( 'design_supplier' ) ;
#314 = CARTESIAN_POINT ( 'NONE',  ( 26.56666666666666600, 0.7726683315065814300, 1.338300807568873800 ) ) ;
#315 = ORIENTED_EDGE ( 'NONE', *, *, #1031, .F. ) ;
#316 = CARTESIAN_POINT ( 'NONE',  ( 19.56876073911696400, 0.5358983848622244100, -2.000000000000012000 ) ) ;
#317 = CARTESIAN_POINT ( 'NONE',  ( 17.50000000000000700, -3.268109542640663900, 2.339468227445686400 ) ) ;
#318 = CARTESIAN_POINT ( 'NONE',  ( 19.56666666666666600, 0.7726683315065814300, 1.338300807568873800 ) ) ;
#319 = CARTESIAN_POINT ( 'NONE',  ( -24.00000000000000000, 1.999999999999999600, 0.0000000000000000000 ) ) ;
#320 =( BOUNDED_CURVE ( )  B_SPLINE_CURVE ( 2, ( #815, #2947, #4524, #1325, #1508, #5155, #2037, #4456, #2882 ),
 .UNSPECIFIED., .F., .T. ) 
 B_SPLINE_CURVE_WITH_KNOTS ( ( 3, 2, 2, 2, 3 ),
 ( 0.2031250000000000000, 0.2083333333333333400, 0.2187500000000000000, 0.2291666666666666600, 0.2343750000000000000 ),
 .UNSPECIFIED. ) 
 CURVE ( )  GEOMETRIC_REPRESENTATION_ITEM ( )  RATIONAL_B_SPLINE_CURVE ( ( 0.9330127018922194100, 0.9330127018922194100, 1.000000000000000000, 0.8660254037844387100, 1.000000000000000000, 0.8660254037844387100, 1.000000000000000000, 0.9330127018922194100, 0.9330127018922194100 ) ) 
 REPRESENTATION_ITEM ( '' )  );
#321 = CARTESIAN_POINT ( 'NONE',  ( 27.29582519200652900, 1.378171252404722500, 0.9659288424391270200 ) ) ;
#322 = VERTEX_POINT ( 'NONE', #4925 ) ;
#323 = CARTESIAN_POINT ( 'NONE',  ( -20.12083333333333700, -1.999999999999999300, 1.154700538379251900 ) ) ;
#324 = DIRECTION ( 'NONE',  ( 0.0000000000000000000, 0.0000000000000000000, 1.000000000000000000 ) ) ;
#325 = CARTESIAN_POINT ( 'NONE',  ( -26.65626073911696600, 0.5358983848622455000, 1.999999999999999600 ) ) ;
#326 = VERTEX_POINT ( 'NONE', #2818 ) ;
#327 = CARTESIAN_POINT ( 'NONE',  ( -21.46250000000000200, 1.545336663013165700, 0.0000000000000000000 ) ) ;
#328 = CARTESIAN_POINT ( 'NONE',  ( 19.24583333333333700, -1.000000000000000900, 1.732050807568876700 ) ) ;
#329 = CARTESIAN_POINT ( 'NONE',  ( -17.43750000000000000, -3.277891600571078100E-016, -1.784401076758498400 ) ) ;
#330 = CARTESIAN_POINT ( 'NONE',  ( 24.40623926088303700, -0.5358983848622503900, -1.999999999999996700 ) ) ;
#331 = CARTESIAN_POINT ( 'NONE',  ( 17.93333333333333700, -1.000000000000000900, 1.732050807568876700 ) ) ;
#332 = CARTESIAN_POINT ( 'NONE',  ( 23.79583333333333100, -0.7726683315065832100, 1.338300807568872900 ) ) ;
#333 = CARTESIAN_POINT ( 'NONE',  ( -18.25416666666667000, 1.999999999999999800, 1.154700538379251000 ) ) ;
#334 = ORIENTED_EDGE ( 'NONE', *, *, #2172, .T. ) ;
#335 = PERSON_AND_ORGANIZATION_ROLE ( 'classification_officer' ) ;
#336 = CARTESIAN_POINT ( 'NONE',  ( 24.87500000000000000, 1.092630533523692200E-016, -1.784401076758497700 ) ) ;
#337 = CARTESIAN_POINT ( 'NONE',  ( 19.27499999999999900, -8.715332896486790000E-016, 2.000000000000000000 ) ) ;
#338 = CARTESIAN_POINT ( 'NONE',  ( 23.24166666666666700, -1.545336663013165300, 0.8922005383792482900 ) ) ;
#339 = CARTESIAN_POINT ( 'NONE',  ( -22.71666666666666500, 0.9999999999999983300, -1.732050807568877900 ) ) ;
#340 = VERTEX_POINT ( 'NONE', #6298 ) ;
#341 = EDGE_CURVE ( 'NONE', #4398, #5396, #605, .T. ) ;
#342 = CARTESIAN_POINT ( 'NONE',  ( 27.25761739778679200, 1.726585264891262300, 0.1366852822958337100 ) ) ;
#343 = CARTESIAN_POINT ( 'NONE',  ( 19.21666666666666500, 0.9999999999999985600, 1.732050807568878100 ) ) ;
#344 = CARTESIAN_POINT ( 'NONE',  ( 25.02083333333333200, 1.545336663013164600, 0.8922005383792495100 ) ) ;
#345 = ORIENTED_EDGE ( 'NONE', *, *, #2299, .F. ) ;
#346 = CARTESIAN_POINT ( 'NONE',  ( -27.37742267853302300, 0.1808513550903455300, 1.928222678531696500 ) ) ;
#347 = CARTESIAN_POINT ( 'NONE',  ( 17.46578971905347200, 3.855830693249140400, 1.321505333908962600 ) ) ;
#348 = CARTESIAN_POINT ( 'NONE',  ( -17.55416666666667100, 1.999999999999999600, 1.154700538379251000 ) ) ;
#349 = PLANE ( 'NONE',  #5801 ) ;
#350 = ORIENTED_EDGE ( 'NONE', *, *, #5966, .F. ) ;
#351 = CARTESIAN_POINT ( 'NONE',  ( -23.15416666666667200, -1.545336663013166200, -0.8922005383792486200 ) ) ;
#352 = CARTESIAN_POINT ( 'NONE',  ( -24.05833333333333400, -1.545336663013165300, 0.8922005383792495100 ) ) ;
#353 = CARTESIAN_POINT ( 'NONE',  ( 20.70416666666667300, -2.000000000000000400, 1.154700538379250600 ) ) ;
#354 = CARTESIAN_POINT ( 'NONE',  ( -19.53750000000000100, -3.277891600571078100E-016, -1.784401076758498400 ) ) ;
#355 = CARTESIAN_POINT ( 'NONE',  ( 19.56666666666666600, -0.9999999999999995600, -1.732050807568877400 ) ) ;
#356 = CARTESIAN_POINT ( 'NONE',  ( 24.26249999999999900, 1.545336663013165100, 0.0000000000000000000 ) ) ;
#357 = CARTESIAN_POINT ( 'NONE',  ( -18.37083333333333700, 1.999999999999998700, -1.154700538379252100 ) ) ;
#358 = ORIENTED_EDGE ( 'NONE', *, *, #1081, .T. ) ;
#359 = CARTESIAN_POINT ( 'NONE',  ( 24.35000000000000100, 1.545336663013165100, 0.0000000000000000000 ) ) ;
#360 =( BOUNDED_CURVE ( )  B_SPLINE_CURVE ( 2, ( #1342, #6470, #5988, #807, #4894, #3929, #718, #4450, #4984 ),
 .UNSPECIFIED., .F., .T. ) 
 B_SPLINE_CURVE_WITH_KNOTS ( ( 3, 2, 2, 2, 3 ),
 ( 0.1406250000000000000, 0.1458333333333333400, 0.1562500000000000000, 0.1666666666666666600, 0.1718750000000000000 ),
 .UNSPECIFIED. ) 
 CURVE ( )  GEOMETRIC_REPRESENTATION_ITEM ( )  RATIONAL_B_SPLINE_CURVE ( ( 0.9330127018922194100, 0.9330127018922194100, 1.000000000000000000, 0.8660254037844387100, 1.000000000000000000, 0.8660254037844387100, 1.000000000000000000, 0.9330127018922194100, 0.9330127018922194100 ) ) 
 REPRESENTATION_ITEM ( '' )  );
#361 = DIRECTION ( 'NONE',  ( 0.0000000000000000000, 0.0000000000000000000, 1.000000000000000000 ) ) ;
#362 = CARTESIAN_POINT ( 'NONE',  ( 22.42500000000000100, -3.277891600571076600E-016, 1.784401076758497700 ) ) ;
#363 = CARTESIAN_POINT ( 'NONE',  ( -23.18333333333333400, 1.000000000000000000, 1.732050807568877000 ) ) ;
#364 = CARTESIAN_POINT ( 'NONE',  ( -21.72500000000000100, 2.905110965495596800E-016, 1.999999999999999600 ) ) ;
#365 = CARTESIAN_POINT ( 'NONE',  ( 24.32083333333333300, 1.545336663013164600, 0.8922005383792495100 ) ) ;
#366 = CARTESIAN_POINT ( 'NONE',  ( -19.91666666666666400, 0.9999999999999983300, -1.732050807568877900 ) ) ;
#367 = B_SPLINE_CURVE_WITH_KNOTS ( 'NONE', 3,
 ( #238, #819, #1904, #258 ),
 .UNSPECIFIED., .F., .F.,
 ( 4, 4 ),
 ( 2.380737581620000900E-007, 0.002336974151641549500 ),
 .UNSPECIFIED. ) ;
#368 = AXIS2_PLACEMENT_3D ( 'NONE', #3049, #2626, #4368 ) ;
#369 = CARTESIAN_POINT ( 'NONE',  ( -21.40416666666666900, 1.545336663013165500, 0.8922005383792490600 ) ) ;
#370 = CARTESIAN_POINT ( 'NONE',  ( 20.35416666666667100, 2.000000000000000000, -1.154700538379251200 ) ) ;
#371 = CARTESIAN_POINT ( 'NONE',  ( -19.36250000000000400, 1.545336663013165700, 0.0000000000000000000 ) ) ;
#372 = CARTESIAN_POINT ( 'NONE',  ( 19.39166666666666900, -2.000000000000000400, 1.154700538379250600 ) ) ;
#373 = CARTESIAN_POINT ( 'NONE',  ( 22.97916666666666400, 0.7726683315065814300, 1.338300807568873800 ) ) ;
#374 = CARTESIAN_POINT ( 'NONE',  ( -20.35416666666667100, 1.999999999999999800, 1.154700538379251000 ) ) ;
#375 = CYLINDRICAL_SURFACE ( 'NONE', #3098, 2.000000000000000000 ) ;
#376 = CARTESIAN_POINT ( 'NONE',  ( 23.53333333333333100, 0.7726683315065827600, -1.338300807568873200 ) ) ;
#377 = EDGE_CURVE ( 'NONE', #798, #5165, #1365, .T. ) ;
#378 = CARTESIAN_POINT ( 'NONE',  ( -23.88333333333333300, -0.7726683315065834300, -1.338300807568873400 ) ) ;
#379 = CC_DESIGN_SECURITY_CLASSIFICATION ( #2942, ( #5656 ) ) ;
#380 = VECTOR ( 'NONE', #4769, 1000.000000000000000 ) ;
#381 = CARTESIAN_POINT ( 'NONE',  ( -23.35833333333333400, 1.999999999999998700, -1.154700538379252100 ) ) ;
#382 = VECTOR ( 'NONE', #1685, 1000.000000000000000 ) ;
#383 = CARTESIAN_POINT ( 'NONE',  ( 24.43750000000000000, -3.277891600571076600E-016, 1.784401076758497700 ) ) ;
#384 = EDGE_CURVE ( 'NONE', #6771, #4809, #3355, .T. ) ;
#385 = CARTESIAN_POINT ( 'NONE',  ( -18.57500000000000300, -8.715332896486790000E-016, -1.999999999999999600 ) ) ;
#386 = CARTESIAN_POINT ( 'NONE',  ( -22.97916666666666800, 0.7726683315065817600, -1.338300807568874300 ) ) ;
#387 = CARTESIAN_POINT ( 'NONE',  ( 18.25416666666667000, 2.000000000000000000, -1.154700538379251200 ) ) ;
#388 = CARTESIAN_POINT ( 'NONE',  ( -17.61250000000000400, -1.545336663013165700, 1.892491597964125200E-016 ) ) ;
#389 = CARTESIAN_POINT ( 'NONE',  ( 18.69166666666667000, -2.000000000000000400, 1.154700538379250600 ) ) ;
#390 = ORIENTED_EDGE ( 'NONE', *, *, #3916, .T. ) ;
#391 = CARTESIAN_POINT ( 'NONE',  ( 23.03749999999999800, -3.277891600571076600E-016, 1.784401076758497700 ) ) ;
#392 = CARTESIAN_POINT ( 'NONE',  ( -25.28333333333333100, -0.7726683315065834300, -1.338300807568873400 ) ) ;
#393 = CARTESIAN_POINT ( 'NONE',  ( 25.45833333333333200, -1.545336663013164400, -0.8922005383792492900 ) ) ;
#394 = CARTESIAN_POINT ( 'NONE',  ( -26.80000000000000100, -1.545336663013165700, 1.892491597964125200E-016 ) ) ;
#395 =( BOUNDED_CURVE ( )  B_SPLINE_CURVE ( 2, ( #1613, #5252, #6309, #6260, #16, #2179, #5273, #3672, #3745 ),
 .UNSPECIFIED., .F., .T. ) 
 B_SPLINE_CURVE_WITH_KNOTS ( ( 3, 2, 2, 2, 3 ),
 ( 0.4218750000000000000, 0.4270833333333333100, 0.4375000000000000000, 0.4479166666666666900, 0.4531250000000000000 ),
 .UNSPECIFIED. ) 
 CURVE ( )  GEOMETRIC_REPRESENTATION_ITEM ( )  RATIONAL_B_SPLINE_CURVE ( ( 0.9330127018922194100, 0.9330127018922194100, 1.000000000000000000, 0.8660254037844387100, 1.000000000000000000, 0.8660254037844387100, 1.000000000000000000, 0.9330127018922194100, 0.9330127018922194100 ) ) 
 REPRESENTATION_ITEM ( '' )  );
#396 = CARTESIAN_POINT ( 'NONE',  ( 17.46578971905347200, -3.855830693249141700, -1.321505333908962000 ) ) ;
#397 = CARTESIAN_POINT ( 'NONE',  ( 17.50000000000000000, 0.0000000000000000000, 0.0000000000000000000 ) ) ;
#398 = VERTEX_POINT ( 'NONE', #4409 ) ;
#399 = CARTESIAN_POINT ( 'NONE',  ( -19.09999999999999800, 1.999999999999999600, 0.0000000000000000000 ) ) ;
#400 = CARTESIAN_POINT ( 'NONE',  ( 19.05418480130942500, 0.8945926540429157700, -1.654639914687001700 ) ) ;
#401 = AXIS2_PLACEMENT_3D ( 'NONE', #4024, #5057, #1431 ) ;
#402 = ORIENTED_EDGE ( 'NONE', *, *, #631, .F. ) ;
#403 = CARTESIAN_POINT ( 'NONE',  ( 26.24583333333333400, 0.7726683315065827600, -1.338300807568873200 ) ) ;
#404 = CARTESIAN_POINT ( 'NONE',  ( -27.06013330128278600, 1.549930397517216700, -0.5280985298278480000 ) ) ;
#405 = B_SPLINE_CURVE_WITH_KNOTS ( 'NONE', 3,
 ( #754, #1838, #4414, #5466 ),
 .UNSPECIFIED., .F., .F.,
 ( 4, 4 ),
 ( 0.0000000000000000000, 1.000000000000000000 ),
 .UNSPECIFIED. ) ;
#406 = VERTEX_POINT ( 'NONE', #5902 ) ;
#407 = CARTESIAN_POINT ( 'NONE',  ( -19.07083333333333600, -1.545336663013165100, 0.8922005383792495100 ) ) ;
#408 = CARTESIAN_POINT ( 'NONE',  ( -25.83750000000000200, -3.277891600571078100E-016, -1.784401076758498400 ) ) ;
#409 = CARTESIAN_POINT ( 'NONE',  ( -19.65416666666666900, -1.545336663013166400, -0.8922005383792486200 ) ) ;
#410 = CARTESIAN_POINT ( 'NONE',  ( 26.24583333333333400, 0.7726683315065827600, -1.338300807568873200 ) ) ;
#411 = EDGE_CURVE ( 'NONE', #2923, #2372, #4444, .T. ) ;
#412 = CARTESIAN_POINT ( 'NONE',  ( -24.99166666666666400, 1.545336663013165500, 0.8922005383792490600 ) ) ;
#413 = CARTESIAN_POINT ( 'NONE',  ( 22.13333333333333300, 0.7726683315065827600, -1.338300807568873200 ) ) ;
#414 = ORIENTED_EDGE ( 'NONE', *, *, #6149, .F. ) ;
#415 = CARTESIAN_POINT ( 'NONE',  ( 20.50000000000000000, -1.545336663013165100, -1.892491597964124500E-016 ) ) ;
#416 = CARTESIAN_POINT ( 'NONE',  ( -27.38333333333333300, -0.7726683315065834300, -1.338300807568873400 ) ) ;
#417 = DIRECTION ( 'NONE',  ( 1.000000000000000000, 0.0000000000000000000, 0.0000000000000000000 ) ) ;
#418 = CARTESIAN_POINT ( 'NONE',  ( -25.13750000000000600, 2.905110965495596800E-016, 1.999999999999999600 ) ) ;
#419 = ORIENTED_EDGE ( 'NONE', *, *, #132, .T. ) ;
#420 = CARTESIAN_POINT ( 'NONE',  ( -19.04166666666666800, 1.999999999999999800, 1.154700538379251000 ) ) ;
#421 = ORIENTED_EDGE ( 'NONE', *, *, #4789, .T. ) ;
#422 = EDGE_CURVE ( 'NONE', #5896, #5968, #5118, .T. ) ;
#423 = CARTESIAN_POINT ( 'NONE',  ( 19.06720098737222500, 1.206742026936410400, -1.459727537439587100 ) ) ;
#424 = VERTEX_POINT ( 'NONE', #1787 ) ;
#425 = CARTESIAN_POINT ( 'NONE',  ( -19.39166666666666900, -2.000000000000000000, -1.154700538379250600 ) ) ;
#426 = CARTESIAN_POINT ( 'NONE',  ( 24.72916666666666800, -0.7726683315065822100, -1.338300807568873400 ) ) ;
#427 = CARTESIAN_POINT ( 'NONE',  ( 24.35000000000000100, -2.000000000000000000, -2.449293598294706400E-016 ) ) ;
#428 = CARTESIAN_POINT ( 'NONE',  ( 23.76876073911697400, 0.5358983848622562700, -1.999999999999994000 ) ) ;
#429 = VERTEX_POINT ( 'NONE', #3365 ) ;
#430 = AXIS2_PLACEMENT_3D ( 'NONE', #6597, #2272, #3644 ) ;
#431 = CARTESIAN_POINT ( 'NONE',  ( -18.42916666666667100, -0.7726683315065825400, 1.338300807568873800 ) ) ;
#432 = CARTESIAN_POINT ( 'NONE',  ( -24.72916666666667100, -0.7726683315065825400, 1.338300807568873800 ) ) ;
#433 =( BOUNDED_CURVE ( )  B_SPLINE_CURVE ( 2, ( #2846, #1334, #781, #2348, #2368, #3947, #4957, #3400, #286 ),
 .UNSPECIFIED., .F., .T. ) 
 B_SPLINE_CURVE_WITH_KNOTS ( ( 3, 2, 2, 2, 3 ),
 ( 0.8281250000000000000, 0.8333333333333333700, 0.8437500000000000000, 0.8541666666666666300, 0.8593750000000000000 ),
 .UNSPECIFIED. ) 
 CURVE ( )  GEOMETRIC_REPRESENTATION_ITEM ( )  RATIONAL_B_SPLINE_CURVE ( ( 0.9330127018922194100, 0.9330127018922194100, 1.000000000000000000, 0.8660254037844387100, 1.000000000000000000, 0.8660254037844387100, 1.000000000000000000, 0.9330127018922194100, 0.9330127018922194100 ) ) 
 REPRESENTATION_ITEM ( '' )  );
#434 = CARTESIAN_POINT ( 'NONE',  ( -16.40000000000000200, 0.0000000000000000000, 0.0000000000000000000 ) ) ;
#435 = CARTESIAN_POINT ( 'NONE',  ( 16.84368109637967200, 0.3202473665086656400, -2.124506173497456200 ) ) ;
#437 = B_SPLINE_CURVE_WITH_KNOTS ( 'NONE', 3,
 ( #3570, #482, #4144, #3126 ),
 .UNSPECIFIED., .F., .F.,
 ( 4, 4 ),
 ( 2.380737581624933100E-007, 0.002336974151641547800 ),
 .UNSPECIFIED. ) ;
#436 = LOCAL_TIME ( 20, 35, 5.000000000000000000, #2308 ) ;
#438 = CARTESIAN_POINT ( 'NONE',  ( 20.99583333333333000, -0.7726683315065832100, 1.338300807568872900 ) ) ;
#439 = CARTESIAN_POINT ( 'NONE',  ( -27.32499999999999900, -3.277891600571078100E-016, -1.784401076758498400 ) ) ;
#440 = CARTESIAN_POINT ( 'NONE',  ( 21.02499999999999900, -3.277891600571076600E-016, 1.784401076758497700 ) ) ;
#441 = CARTESIAN_POINT ( 'NONE',  ( 20.44166666666666600, -1.545336663013165300, 0.8922005383792482900 ) ) ;
#442 = CARTESIAN_POINT ( 'NONE',  ( -25.28333333333333100, -0.7726683315065834300, -1.338300807568873400 ) ) ;
#443 = CARTESIAN_POINT ( 'NONE',  ( -27.14273441009183300, 2.309401076758503400, -4.000000000000001800 ) ) ;
#444 = CARTESIAN_POINT ( 'NONE',  ( 27.02930721213813200, -1.954393403212787400, 0.02973615669740686500 ) ) ;
#445 = CARTESIAN_POINT ( 'NONE',  ( -18.39999999999999900, 1.999999999999999600, 0.0000000000000000000 ) ) ;
#446 = CARTESIAN_POINT ( 'NONE',  ( 19.18220333698677000, 1.490810385533044600, 1.333223310022298500 ) ) ;
#447 = FACE_OUTER_BOUND ( 'NONE', #4308, .T. ) ;
#448 = CARTESIAN_POINT ( 'NONE',  ( 19.53749999999999400, -4.543593550035113400E-014, -2.000000000000000000 ) ) ;
#449 = CARTESIAN_POINT ( 'NONE',  ( 20.06249999999999600, 1.545336663013165100, 0.0000000000000000000 ) ) ;
#450 = CARTESIAN_POINT ( 'NONE',  ( 19.00826677060314300, 1.204648725241204800, 1.378366094940593100 ) ) ;
#451 = CARTESIAN_POINT ( 'NONE',  ( -21.98749999999999700, -8.715332896486790000E-016, -1.999999999999999600 ) ) ;
#452 = LINE ( 'NONE', #570, #3886 ) ;
#453 = AXIS2_PLACEMENT_3D ( 'NONE', #5750, #2649, #1242 ) ;
#454 = CARTESIAN_POINT ( 'NONE',  ( -18.13749999999999900, -3.277891600571078100E-016, -1.784401076758498400 ) ) ;
#455 = CARTESIAN_POINT ( 'NONE',  ( -24.61250000000000100, -1.545336663013165700, 1.892491597964125200E-016 ) ) ;
#456 = DIRECTION ( 'NONE',  ( -1.000000000000000000, -0.0000000000000000000, -0.0000000000000000000 ) ) ;
#457 = CARTESIAN_POINT ( 'NONE',  ( 26.97499999999999800, 0.0000000000000000000, 0.0000000000000000000 ) ) ;
#458 = CARTESIAN_POINT ( 'NONE',  ( 26.53749999999999800, -3.277891600571076600E-016, 1.784401076758497700 ) ) ;
#459 = ADVANCED_FACE ( 'NONE', ( #1778 ), #4785, .T. ) ;
#460 = CARTESIAN_POINT ( 'NONE',  ( -23.65000000000000200, 1.545336663013165700, 0.0000000000000000000 ) ) ;
#461 = CARTESIAN_POINT ( 'NONE',  ( -27.15000000000000200, 1.545336663013165700, 0.0000000000000000000 ) ) ;
#462 = LINE ( 'NONE', #6360, #4281 ) ;
#463 = CARTESIAN_POINT ( 'NONE',  ( 19.62500000000000000, -3.277891600571076600E-016, 1.784401076758497700 ) ) ;
#464 = CYLINDRICAL_SURFACE ( 'NONE', #3268, 2.000000000000000000 ) ;
#465 = CARTESIAN_POINT ( 'NONE',  ( 19.04166666666666800, -1.545336663013165300, 0.8922005383792482900 ) ) ;
#466 = EDGE_CURVE ( 'NONE', #326, #5239, #2351, .T. ) ;
#467 = CARTESIAN_POINT ( 'NONE',  ( -25.75000000000000000, 1.545336663013165700, 0.0000000000000000000 ) ) ;
#468 = CARTESIAN_POINT ( 'NONE',  ( 17.50000000000000000, 2.449293598294706400E-016, 2.000000000000000000 ) ) ;
#469 = CARTESIAN_POINT ( 'NONE',  ( -17.00000000000000000, 1.999999999999999600, 0.0000000000000000000 ) ) ;
#470 = CARTESIAN_POINT ( 'NONE',  ( 19.09538270801746800, 1.692934659668445400, -0.9102161611497839900 ) ) ;
#471 = ORIENTED_EDGE ( 'NONE', *, *, #994, .T. ) ;
#472 = CARTESIAN_POINT ( 'NONE',  ( -21.72500000000000100, 2.905110965495596800E-016, 1.999999999999999600 ) ) ;
#473 = CARTESIAN_POINT ( 'NONE',  ( 21.11250000000000100, -1.545336663013165100, -1.892491597964124500E-016 ) ) ;
#474 = EDGE_CURVE ( 'NONE', #5407, #6129, #6501, .T. ) ;
#475 = CARTESIAN_POINT ( 'NONE',  ( -20.99583333333333400, -0.7726683315065834300, -1.338300807568873400 ) ) ;
#476 = CARTESIAN_POINT ( 'NONE',  ( -22.16250000000000100, -1.999999999999999600, 2.449293598294705900E-016 ) ) ;
#477 = CARTESIAN_POINT ( 'NONE',  ( 25.92499999999999700, 2.905110965495596800E-016, -1.999999999999999600 ) ) ;
#478 = ORIENTED_EDGE ( 'NONE', *, *, #5664, .T. ) ;
#479 = CARTESIAN_POINT ( 'NONE',  ( -18.02083333333333900, 1.545336663013165100, -0.8922005383792499500 ) ) ;
#480 = CARTESIAN_POINT ( 'NONE',  ( -26.07083333333333300, -1.545336663013165100, 0.8922005383792495100 ) ) ;
#481 = CARTESIAN_POINT ( 'NONE',  ( -27.26666666666666900, -0.9999999999999993300, 1.732050807568877200 ) ) ;
#482 = CARTESIAN_POINT ( 'NONE',  ( 17.36084978046486400, 4.241015250120807600, -0.6543461111163293400 ) ) ;
#483 = CARTESIAN_POINT ( 'NONE',  ( 17.35000000000000100, -2.000000000000000000, -2.449293598294706400E-016 ) ) ;
#484 = CARTESIAN_POINT ( 'NONE',  ( -24.52499999999999900, -3.277891600571078100E-016, -1.784401076758498400 ) ) ;
#485 = CARTESIAN_POINT ( 'NONE',  ( -26.62500000000000000, -3.277891600571078100E-016, -1.784401076758498400 ) ) ;
#486 = ORIENTED_EDGE ( 'NONE', *, *, #2727, .T. ) ;
#487 = CARTESIAN_POINT ( 'NONE',  ( 22.77499999999999900, 1.092630533523692200E-016, -1.784401076758497700 ) ) ;
#488 = CARTESIAN_POINT ( 'NONE',  ( 20.15000000000000200, 1.545336663013165100, 0.0000000000000000000 ) ) ;
#489 = CARTESIAN_POINT ( 'NONE',  ( -23.24166666666666700, -1.545336663013166200, -0.8922005383792486200 ) ) ;
#490 = CARTESIAN_POINT ( 'NONE',  ( -20.55833333333333400, 1.999999999999998700, -1.154700538379252600 ) ) ;
#491 = CARTESIAN_POINT ( 'NONE',  ( -28.11250000000000100, 1.999999999999999600, 0.0000000000000000000 ) ) ;
#492 = CARTESIAN_POINT ( 'NONE',  ( -19.27499999999999900, -4.242300954899626700E-016, -2.309401076758502500 ) ) ;
#493 = EDGE_LOOP ( 'NONE', ( #1884, #276, #4726, #6367, #3275 ) ) ;
#494 = CARTESIAN_POINT ( 'NONE',  ( -16.40000000000000200, 0.0000000000000000000, 0.0000000000000000000 ) ) ;
#495 = ADVANCED_FACE ( 'NONE', ( #6671 ), #3892, .T. ) ;
#496 = DIRECTION ( 'NONE',  ( -1.000000000000000000, -0.0000000000000000000, -0.0000000000000000000 ) ) ;
#497 = CARTESIAN_POINT ( 'NONE',  ( 21.81250000000000000, -1.545336663013165100, -1.892491597964124500E-016 ) ) ;
#498 = ORIENTED_EDGE ( 'NONE', *, *, #2642, .T. ) ;
#499 = CARTESIAN_POINT ( 'NONE',  ( -22.57083333333333300, -1.545336663013165100, 0.8922005383792495100 ) ) ;
#500 = CARTESIAN_POINT ( 'NONE',  ( 27.50000000000000000, 0.0000000000000000000, 0.0000000000000000000 ) ) ;
#501 = CARTESIAN_POINT ( 'NONE',  ( -18.07916666666666600, 0.7726683315065817600, -1.338300807568874300 ) ) ;
#502 = ORIENTED_EDGE ( 'NONE', *, *, #3436, .T. ) ;
#503 = CARTESIAN_POINT ( 'NONE',  ( -27.17916666666667100, 0.7726683315065817600, -1.338300807568874300 ) ) ;
#504 = CARTESIAN_POINT ( 'NONE',  ( 17.23333333333333400, -1.000000000000000900, 1.732050807568876700 ) ) ;
#505 = EDGE_CURVE ( 'NONE', #2115, #1552, #1612, .T. ) ;
#506 = CARTESIAN_POINT ( 'NONE',  ( -23.00833333333333300, 1.545336663013165300, -0.8922005383792500600 ) ) ;
#507 = CARTESIAN_POINT ( 'NONE',  ( -22.89166666666666600, 1.545336663013165500, 0.8922005383792490600 ) ) ;
#508 = CC_DESIGN_DATE_AND_TIME_ASSIGNMENT ( #4849, #4469, ( #2942 ) ) ;
#509 = ORIENTED_EDGE ( 'NONE', *, *, #5274, .F. ) ;
#510 = CARTESIAN_POINT ( 'NONE',  ( 19.45000000000000300, 1.545336663013165100, 0.0000000000000000000 ) ) ;
#511 = CARTESIAN_POINT ( 'NONE',  ( 24.72916666666667100, 0.9999999999999985600, 1.732050807568878100 ) ) ;
#512 = CARTESIAN_POINT ( 'NONE',  ( -23.41666666666666400, -0.7726683315065825400, 1.338300807568873800 ) ) ;
#513 = CARTESIAN_POINT ( 'NONE',  ( -18.83749999999999900, 2.905110965495596800E-016, 1.999999999999999600 ) ) ;
#514 = CARTESIAN_POINT ( 'NONE',  ( -25.07916666666666900, -0.9999999999999993300, 1.732050807568877200 ) ) ;
#515 = VERTEX_POINT ( 'NONE', #3961 ) ;
#516 = EDGE_CURVE ( 'NONE', #1, #3496, #228, .T. ) ;
#517 = CARTESIAN_POINT ( 'NONE',  ( -16.82499999999999900, 2.905110965495596800E-016, 1.999999999999999600 ) ) ;
#518 = CARTESIAN_POINT ( 'NONE',  ( -21.37500000000000000, -8.715332896486790000E-016, -1.999999999999999600 ) ) ;
#519 = CARTESIAN_POINT ( 'NONE',  ( 20.70416666666666900, 1.545336663013165100, -0.8922005383792486200 ) ) ;
#520 = ORIENTED_EDGE ( 'NONE', *, *, #505, .F. ) ;
#521 = CARTESIAN_POINT ( 'NONE',  ( -23.85416666666666800, -1.545336663013166200, -0.8922005383792486200 ) ) ;
#522 = CARTESIAN_POINT ( 'NONE',  ( 26.56666666666666600, -0.9999999999999995600, -1.732050807568877400 ) ) ;
#523 = DIRECTION ( 'NONE',  ( 1.000000000000000000, 0.0000000000000000000, 0.0000000000000000000 ) ) ;
#524 =( BOUNDED_SURFACE ( )  B_SPLINE_SURFACE ( 1, 2, ( 
 ( #5900, #2770, #2729, #4855, #4343, #3245, #1162, #2232, #5855, #1226, #6406, #1694, #702, #3781, #6386, #140, #3803, #6431, #6363, #3291, #164, #3315, #2208, #5332, #681, #5306, #3756, #4877, #654, #4291, #1764, #632, #5879, #5354, #1182, #4810, #4834, #2188, #208, #4363, #1714, #4318, #1740, #5379, #5401, #3849, #4270, #2276, #725, #5923, #1669, #5830, #2707, #6130, #793, #2295, #6475, #4945, #1251, #3895, #1437, #5602, #772, #3337, #4407, #4431, #6541, #296, #3912, #4900, #252, #3385, #2468, #232, #3874, #5993, #3411, #1323, #749, #1832, #3362, #1297, #4384, #4968, #5462, #5969, #2336, #1276, #1855, #6519, #5485, #4548, #2989, #4923, #5086, #2816, #1809, #6013, #2857, #2357, #5440, #2881, #1785, #6661, #3935, #912, #1970, #5422, #5947, #2315, #275, #2835, #6496, #4659, #5634, #3553, #2030, #6673, #6165, #2050, #2527, #2004, #5142, #2504, #1473, #3023, #415, #441, #5167, #5678, #6695, #987, #488, #4081, #4062, #5658, #964, #4129, #6188, #4588, #3073, #4613, #1495, #3046, #6718, #2552, #2482, #6213, #3576, #2578, #5121, #465, #4104, #1451, #3531, #6738, #4634, #1517, #3601, #3002, #1009, #1540, #5191, #945, #2071, #5098, #5701, #600, #6239, #3094, #6763, #3622, #923, #4562, #6143, #1983, #5613, #6420, #2740, #669, #3279, #3301, #1191, #5293, #2692 ),
 ( #6351, #4279, #4845, #177, #3814, #4302, #3835, #6371, #3256, #5911, #5817, #3207, #2220, #692, #1725, #102, #1172, #3234, #129, #3742, #3793, #4821, #2198, #3768, #620, #5364, #6395, #2243, #1216, #2782, #4258, #4866, #2176, #1148, #5891, #642, #2759, #4797, #4329, #4232, #2263, #1751, #5387, #6441, #151, #197, #1121, #1680, #4772, #1704, #1655, #5842, #5342, #5866, #5319, #2718, #1841, #2323, #1796, #4931, #5431, #1262, #2303, #219, #241, #4954, #5470, #5955, #779, #284, #2826, #3860, #1818, #6483, #3922, #5981, #4373, #2868, #3349, #3884, #758, #6507, #2346, #2284, #6002, #5450, #2366, #4911, #4394, #2844, #1238, #6463, #6526, #1284, #3373, #3398, #2803, #263, #3902, #4418, #736, #1308, #4887, #5495, #308, #801, #4443, #1332, #4978, #1866, #6025, #5934, #2889, #6553, #3421, #713, #4352, #1771, #5412, #3325, #4998, #2386, #1399, #3944, #3463, #1443, #5605, #353, #6042, #3992, #893, #6646, #3503, #370, #3523, #6065, #2953, #2475, #5517, #2910, #1931, #2975, #4532, #6571, #874, #2931, #6600, #3442, #3482, #4509, #1908, #5047, #328, #4015, #2430, #1420, #917, #6135, #3969, #4554, #1886, #849, #5586, #5564, #5069, #4486, #1953, #824, #1975, #387, #2452, #4035, #6622, #6114, #6666, #1374, #5091, #6091, #2995, #5541, #4462, #1354, #5022, #2411, #1533 ) ),
 .UNSPECIFIED., .F., .F., .T. ) 
 B_SPLINE_SURFACE_WITH_KNOTS ( ( 2, 2 ),
 ( 3, 2, 2, 2, 2, 2, 2, 2, 2, 2, 2, 2, 2, 2, 2, 2, 2, 2, 2, 2, 2, 2, 2, 2, 2, 2, 2, 2, 2, 2, 2, 2, 2, 2, 2, 2, 2, 2, 2, 2, 2, 2, 2, 2, 2, 2, 2, 2, 2, 2, 2, 2, 2, 2, 2, 2, 2, 2, 2, 2, 2, 2, 2, 2, 2, 2, 2, 2, 2, 2, 2, 2, 2, 2, 2, 2, 2, 2, 2, 2, 2, 2, 2, 2, 2, 2, 2, 2, 2, 2, 2, 2, 3 ),
 ( 0.0000000000000000000, 1.000000000000000000 ),
 ( 0.0000000000000000000, 0.01041666666666666600, 0.02083333333333333200, 0.03125000000000000000, 0.04166666666666666400, 0.05208333333333333600, 0.06250000000000000000, 0.07291666666666667100, 0.08333333333333332900, 0.09375000000000000000, 0.1041666666666666700, 0.1145833333333333300, 0.1250000000000000000, 0.1354166666666666600, 0.1458333333333333400, 0.1562500000000000000, 0.1666666666666666600, 0.1770833333333333400, 0.1875000000000000000, 0.1979166666666666600, 0.2083333333333333400, 0.2187500000000000000, 0.2291666666666666600, 0.2395833333333333400, 0.2500000000000000000, 0.2604166666666666900, 0.2708333333333333100, 0.2812500000000000000, 0.2916666666666666900, 0.3020833333333333100, 0.3125000000000000000, 0.3229166666666666900, 0.3333333333333333100, 0.3437500000000000000, 0.3541666666666666900, 0.3645833333333333100, 0.3750000000000000000, 0.3854166666666666900, 0.3958333333333333100, 0.4062500000000000000, 0.4166666666666666900, 0.4270833333333333100, 0.4375000000000000000, 0.4479166666666666900, 0.4583333333333333100, 0.4687500000000000000, 0.4791666666666666900, 0.4895833333333333100, 0.5000000000000000000, 0.5104166666666666300, 0.5208333333333333700, 0.5312500000000000000, 0.5416666666666666300, 0.5520833333333333700, 0.5625000000000000000, 0.5729166666666666300, 0.5833333333333333700, 0.5937500000000000000, 0.6041666666666666300, 0.6145833333333333700, 0.6250000000000000000, 0.6354166666666666300, 0.6458333333333333700, 0.6562500000000000000, 0.6666666666666666300, 0.6770833333333333700, 0.6875000000000000000, 0.6979166666666666300, 0.7083333333333333700, 0.7187500000000000000, 0.7291666666666666300, 0.7395833333333333700, 0.7500000000000000000, 0.7604166666666666300, 0.7708333333333333700, 0.7812500000000000000, 0.7916666666666666300, 0.8020833333333333700, 0.8125000000000000000, 0.8229166666666666300, 0.8333333333333333700, 0.8437500000000000000, 0.8541666666666666300, 0.8645833333333333700, 0.8750000000000000000, 0.8854166666666666300, 0.8958333333333333700, 0.9062500000000000000, 0.9166666666666666300, 0.9270833333333333700, 0.9375000000000000000, 0.9479166666666666300, 0.9553146621141270800 ),
 .UNSPECIFIED. ) 
 GEOMETRIC_REPRESENTATION_ITEM ( )  RATIONAL_B_SPLINE_SURFACE ( (
 ( 1.000000000000000000, 0.8660254037844387100, 1.000000000000000000, 0.8660254037844387100, 1.000000000000000000, 0.8660254037844387100, 1.000000000000000000, 0.8660254037844387100, 1.000000000000000000, 0.8660254037844387100, 1.000000000000000000, 0.8660254037844387100, 1.000000000000000000, 0.8660254037844387100, 1.000000000000000000, 0.8660254037844387100, 1.000000000000000000, 0.8660254037844387100, 1.000000000000000000, 0.8660254037844387100, 1.000000000000000000, 0.8660254037844387100, 1.000000000000000000, 0.8660254037844387100, 1.000000000000000000, 0.8660254037844387100, 1.000000000000000000, 0.8660254037844387100, 1.000000000000000000, 0.8660254037844387100, 1.000000000000000000, 0.8660254037844387100, 1.000000000000000000, 0.8660254037844387100, 1.000000000000000000, 0.8660254037844387100, 1.000000000000000000, 0.8660254037844387100, 1.000000000000000000, 0.8660254037844387100, 1.000000000000000000, 0.8660254037844387100, 1.000000000000000000, 0.8660254037844387100, 1.000000000000000000, 0.8660254037844387100, 1.000000000000000000, 0.8660254037844387100, 1.000000000000000000, 0.8660254037844387100, 1.000000000000000000, 0.8660254037844387100, 1.000000000000000000, 0.8660254037844387100, 1.000000000000000000, 0.8660254037844387100, 1.000000000000000000, 0.8660254037844387100, 1.000000000000000000, 0.8660254037844387100, 1.000000000000000000, 0.8660254037844387100, 1.000000000000000000, 0.8660254037844387100, 1.000000000000000000, 0.8660254037844387100, 1.000000000000000000, 0.8660254037844387100, 1.000000000000000000, 0.8660254037844387100, 1.000000000000000000, 0.8660254037844387100, 1.000000000000000000, 0.8660254037844387100, 1.000000000000000000, 0.8660254037844387100, 1.000000000000000000, 0.8660254037844387100, 1.000000000000000000, 0.8660254037844387100, 1.000000000000000000, 0.8660254037844387100, 1.000000000000000000, 0.8660254037844387100, 1.000000000000000000, 0.8660254037844387100, 1.000000000000000000, 0.8660254037844387100, 1.000000000000000000, 0.8660254037844387100, 1.000000000000000000, 0.8660254037844387100, 1.000000000000000000, 0.8660254037844387100, 1.000000000000000000, 0.8660254037844387100, 1.000000000000000000, 0.8660254037844387100, 1.000000000000000000, 0.8660254037844387100, 1.000000000000000000, 0.8660254037844387100, 1.000000000000000000, 0.8660254037844387100, 1.000000000000000000, 0.8660254037844387100, 1.000000000000000000, 0.8660254037844387100, 1.000000000000000000, 0.8660254037844387100, 1.000000000000000000, 0.8660254037844387100, 1.000000000000000000, 0.8660254037844387100, 1.000000000000000000, 0.8660254037844387100, 1.000000000000000000, 0.8660254037844387100, 1.000000000000000000, 0.8660254037844387100, 1.000000000000000000, 0.8660254037844387100, 1.000000000000000000, 0.8660254037844387100, 1.000000000000000000, 0.8660254037844387100, 1.000000000000000000, 0.8660254037844387100, 1.000000000000000000, 0.8660254037844387100, 1.000000000000000000, 0.8660254037844387100, 1.000000000000000000, 0.8660254037844387100, 1.000000000000000000, 0.8660254037844387100, 1.000000000000000000, 0.8660254037844387100, 1.000000000000000000, 0.8660254037844387100, 1.000000000000000000, 0.8660254037844387100, 1.000000000000000000, 0.8660254037844387100, 1.000000000000000000, 0.8660254037844387100, 1.000000000000000000, 0.8660254037844387100, 1.000000000000000000, 0.8660254037844387100, 1.000000000000000000, 0.8660254037844387100, 1.000000000000000000, 0.8660254037844387100, 1.000000000000000000, 0.8660254037844387100, 1.000000000000000000, 0.8660254037844387100, 1.000000000000000000, 0.8660254037844387100, 1.000000000000000000, 0.8660254037844387100, 1.000000000000000000, 0.8660254037844387100, 1.000000000000000000, 0.8660254037844387100, 1.000000000000000000, 0.8660254037844387100, 1.000000000000000000, 0.8660254037844387100, 1.000000000000000000, 0.8660254037844387100, 1.000000000000000000, 0.8660254037844387100, 1.000000000000000000, 0.8660254037844387100, 1.000000000000000000, 0.8660254037844387100, 1.000000000000000000, 0.8660254037844387100, 1.000000000000000000, 0.8660254037844387100, 1.000000000000000000, 0.9048502285237055600, 0.9448526316794476600),
 ( 1.000000000000000000, 0.8660254037844387100, 1.000000000000000000, 0.8660254037844387100, 1.000000000000000000, 0.8660254037844387100, 1.000000000000000000, 0.8660254037844387100, 1.000000000000000000, 0.8660254037844387100, 1.000000000000000000, 0.8660254037844387100, 1.000000000000000000, 0.8660254037844387100, 1.000000000000000000, 0.8660254037844387100, 1.000000000000000000, 0.8660254037844387100, 1.000000000000000000, 0.8660254037844387100, 1.000000000000000000, 0.8660254037844387100, 1.000000000000000000, 0.8660254037844387100, 1.000000000000000000, 0.8660254037844387100, 1.000000000000000000, 0.8660254037844387100, 1.000000000000000000, 0.8660254037844387100, 1.000000000000000000, 0.8660254037844387100, 1.000000000000000000, 0.8660254037844387100, 1.000000000000000000, 0.8660254037844387100, 1.000000000000000000, 0.8660254037844387100, 1.000000000000000000, 0.8660254037844387100, 1.000000000000000000, 0.8660254037844387100, 1.000000000000000000, 0.8660254037844387100, 1.000000000000000000, 0.8660254037844387100, 1.000000000000000000, 0.8660254037844387100, 1.000000000000000000, 0.8660254037844387100, 1.000000000000000000, 0.8660254037844387100, 1.000000000000000000, 0.8660254037844387100, 1.000000000000000000, 0.8660254037844387100, 1.000000000000000000, 0.8660254037844387100, 1.000000000000000000, 0.8660254037844387100, 1.000000000000000000, 0.8660254037844387100, 1.000000000000000000, 0.8660254037844387100, 1.000000000000000000, 0.8660254037844387100, 1.000000000000000000, 0.8660254037844387100, 1.000000000000000000, 0.8660254037844387100, 1.000000000000000000, 0.8660254037844387100, 1.000000000000000000, 0.8660254037844387100, 1.000000000000000000, 0.8660254037844387100, 1.000000000000000000, 0.8660254037844387100, 1.000000000000000000, 0.8660254037844387100, 1.000000000000000000, 0.8660254037844387100, 1.000000000000000000, 0.8660254037844387100, 1.000000000000000000, 0.8660254037844387100, 1.000000000000000000, 0.8660254037844387100, 1.000000000000000000, 0.8660254037844387100, 1.000000000000000000, 0.8660254037844387100, 1.000000000000000000, 0.8660254037844387100, 1.000000000000000000, 0.8660254037844387100, 1.000000000000000000, 0.8660254037844387100, 1.000000000000000000, 0.8660254037844387100, 1.000000000000000000, 0.8660254037844387100, 1.000000000000000000, 0.8660254037844387100, 1.000000000000000000, 0.8660254037844387100, 1.000000000000000000, 0.8660254037844387100, 1.000000000000000000, 0.8660254037844387100, 1.000000000000000000, 0.8660254037844387100, 1.000000000000000000, 0.8660254037844387100, 1.000000000000000000, 0.8660254037844387100, 1.000000000000000000, 0.8660254037844387100, 1.000000000000000000, 0.8660254037844387100, 1.000000000000000000, 0.8660254037844387100, 1.000000000000000000, 0.8660254037844387100, 1.000000000000000000, 0.8660254037844387100, 1.000000000000000000, 0.8660254037844387100, 1.000000000000000000, 0.8660254037844387100, 1.000000000000000000, 0.8660254037844387100, 1.000000000000000000, 0.8660254037844387100, 1.000000000000000000, 0.8660254037844387100, 1.000000000000000000, 0.8660254037844387100, 1.000000000000000000, 0.8660254037844387100, 1.000000000000000000, 0.8660254037844387100, 1.000000000000000000, 0.8660254037844387100, 1.000000000000000000, 0.8660254037844387100, 1.000000000000000000, 0.8660254037844387100, 1.000000000000000000, 0.8660254037844387100, 1.000000000000000000, 0.8660254037844387100, 1.000000000000000000, 0.8660254037844387100, 1.000000000000000000, 0.8660254037844387100, 1.000000000000000000, 0.8660254037844387100, 1.000000000000000000, 0.8660254037844387100, 1.000000000000000000, 0.8660254037844387100, 1.000000000000000000, 0.8660254037844387100, 1.000000000000000000, 0.8660254037844387100, 1.000000000000000000, 0.8660254037844387100, 1.000000000000000000, 0.8660254037844387100, 1.000000000000000000, 0.8660254037844387100, 1.000000000000000000, 0.8660254037844387100, 1.000000000000000000, 0.8660254037844387100, 1.000000000000000000, 0.8660254037844387100, 1.000000000000000000, 0.8660254037844387100, 1.000000000000000000, 0.8660254037844387100, 1.000000000000000000, 0.9048502285237055600, 0.9448526316794476600) ) ) 
 REPRESENTATION_ITEM ( '' )  SURFACE ( )  );
#525 = LOCAL_TIME ( 20, 35, 5.000000000000000000, #3455 ) ;
#526 = CARTESIAN_POINT ( 'NONE',  ( 24.43750000000000000, -3.277891600571076600E-016, 1.784401076758497700 ) ) ;
#527 = ADVANCED_FACE ( 'NONE', ( #2742 ), #5353, .F. ) ;
#528 = CARTESIAN_POINT ( 'NONE',  ( -22.42500000000000100, -3.277891600571078100E-016, -1.784401076758498400 ) ) ;
#529 = CARTESIAN_POINT ( 'NONE',  ( -22.30833333333333700, 1.545336663013165100, -0.8922005383792499500 ) ) ;
#530 = CARTESIAN_POINT ( 'NONE',  ( 18.80833333333333400, 1.545336663013164400, 0.8922005383792495100 ) ) ;
#531 = CARTESIAN_POINT ( 'NONE',  ( -23.70833333333333200, 1.545336663013165100, -0.8922005383792499500 ) ) ;
#532 = CARTESIAN_POINT ( 'NONE',  ( 20.50000000000000000, 2.000000000000000000, 0.0000000000000000000 ) ) ;
#533 = CARTESIAN_POINT ( 'NONE',  ( -25.72083333333333500, -1.999999999999999300, 1.154700538379251700 ) ) ;
#534 = VECTOR ( 'NONE', #1118, 1000.000000000000000 ) ;
#535 = CARTESIAN_POINT ( 'NONE',  ( -19.65626073911696300, 0.5358983848622455000, 1.999999999999999600 ) ) ;
#536 = CARTESIAN_POINT ( 'NONE',  ( -23.27083333333333600, 1.999999999999998700, -1.154700538379252600 ) ) ;
#537 = CYLINDRICAL_SURFACE ( 'NONE', #2563, 2.000000000000000000 ) ;
#538 = CARTESIAN_POINT ( 'NONE',  ( 19.82916666666666600, -0.7726683315065822100, -1.338300807568873400 ) ) ;
#539 = CYLINDRICAL_SURFACE ( 'NONE', #2400, 2.000000000000000000 ) ;
#540 = CARTESIAN_POINT ( 'NONE',  ( -23.09583333333333500, -0.7726683315065834300, -1.338300807568873400 ) ) ;
#541 = CARTESIAN_POINT ( 'NONE',  ( 25.51666666666666600, 0.9999999999999985600, 1.732050807568878100 ) ) ;
#542 = CARTESIAN_POINT ( 'NONE',  ( -24.11876073911696500, -0.5358983848622459500, -1.999999999999999100 ) ) ;
#543 = CARTESIAN_POINT ( 'NONE',  ( 19.01914295527530600, 2.324088772396478200E-016, -1.836939618288474700 ) ) ;
#544 = CARTESIAN_POINT ( 'NONE',  ( 26.85623891877251900, 0.5359042496139641000, 1.999996613984016000 ) ) ;
#545 = CARTESIAN_POINT ( 'NONE',  ( 21.52083333333333600, 1.545336663013164600, 0.8922005383792495100 ) ) ;
#546 = LINE ( 'NONE', #6509, #5933 ) ;
#547 = CARTESIAN_POINT ( 'NONE',  ( -21.43333333333333400, 0.7726683315065830900, 1.338300807568873600 ) ) ;
#548 = CARTESIAN_POINT ( 'NONE',  ( -21.49166666666667100, 1.545336663013165500, 0.8922005383792490600 ) ) ;
#549 = DIRECTION ( 'NONE',  ( 0.0000000000000000000, 0.0000000000000000000, 1.000000000000000000 ) ) ;
#550 = EDGE_CURVE ( 'NONE', #5893, #967, #3718, .T. ) ;
#551 = CARTESIAN_POINT ( 'NONE',  ( -23.18333333333333400, -0.7726683315065834300, -1.338300807568873400 ) ) ;
#552 = CARTESIAN_POINT ( 'NONE',  ( -26.99453666301316100, 0.2587776139471954500, 1.523515522918116800 ) ) ;
#553 = CARTESIAN_POINT ( 'NONE',  ( -26.82916666666666900, 0.9999999999999983300, -1.732050807568877900 ) ) ;
#554 = ORIENTED_EDGE ( 'NONE', *, *, #6368, .F. ) ;
#555 =( BOUNDED_CURVE ( )  B_SPLINE_CURVE ( 2, ( #2472, #2927, #870, #1393, #5040, #2970, #6617, #3521, #6594 ),
 .UNSPECIFIED., .F., .T. ) 
 B_SPLINE_CURVE_WITH_KNOTS ( ( 3, 2, 2, 2, 3 ),
 ( 0.5781250000000000000, 0.5833333333333333700, 0.5937500000000000000, 0.6041666666666666300, 0.6093750000000000000 ),
 .UNSPECIFIED. ) 
 CURVE ( )  GEOMETRIC_REPRESENTATION_ITEM ( )  RATIONAL_B_SPLINE_CURVE ( ( 0.9330127018922194100, 0.9330127018922194100, 1.000000000000000000, 0.8660254037844387100, 1.000000000000000000, 0.8660254037844387100, 1.000000000000000000, 0.9330127018922194100, 0.9330127018922194100 ) ) 
 REPRESENTATION_ITEM ( '' )  );
#556 = CARTESIAN_POINT ( 'NONE',  ( -16.40000000000000200, 0.0000000000000000000, 0.0000000000000000000 ) ) ;
#557 = ORIENTED_EDGE ( 'NONE', *, *, #6017, .T. ) ;
#558 = CARTESIAN_POINT ( 'NONE',  ( 27.79166666666666800, 1.545336663013165100, -0.8922005383792486200 ) ) ;
#559 = CARTESIAN_POINT ( 'NONE',  ( -22.39583333333333600, -0.7726683315065834300, -1.338300807568873400 ) ) ;
#560 = CARTESIAN_POINT ( 'NONE',  ( 25.16666666666666800, -0.9999999999999995600, -1.732050807568877400 ) ) ;
#561 = ORIENTED_EDGE ( 'NONE', *, *, #722, .T. ) ;
#562 = CARTESIAN_POINT ( 'NONE',  ( 18.98800513957501200, -0.7604693193824207900, -1.641737200803743000 ) ) ;
#563 = DIRECTION ( 'NONE',  ( 0.0000000000000000000, 0.0000000000000000000, 1.000000000000000000 ) ) ;
#564 = CARTESIAN_POINT ( 'NONE',  ( -21.63749999999999900, 2.905110965495596800E-016, 1.999999999999999600 ) ) ;
#565 = CARTESIAN_POINT ( 'NONE',  ( 24.20416666666666600, 1.545336663013165100, -0.8922005383792486200 ) ) ;
#566 = CARTESIAN_POINT ( 'NONE',  ( -19.21666666666666500, -0.7726683315065825400, 1.338300807568873800 ) ) ;
#567 = CARTESIAN_POINT ( 'NONE',  ( -20.96666666666666900, 0.7726683315065817600, -1.338300807568874300 ) ) ;
#568 = CARTESIAN_POINT ( 'NONE',  ( 19.09999999999999800, -1.545336663013165100, -1.892491597964124500E-016 ) ) ;
#569 = ORIENTED_EDGE ( 'NONE', *, *, #1646, .T. ) ;
#570 = CARTESIAN_POINT ( 'NONE',  ( -16.40000000000000200, 0.0000000000000000000, 2.000000000000000000 ) ) ;
#571 = CARTESIAN_POINT ( 'NONE',  ( -23.06666666666666600, 0.7726683315065817600, -1.338300807568874300 ) ) ;
#572 = CARTESIAN_POINT ( 'NONE',  ( 20.55833333333333400, 1.999999999999999300, 1.154700538379252600 ) ) ;
#573 = CARTESIAN_POINT ( 'NONE',  ( -27.82083333333333600, -1.999999999999999300, 1.154700538379251700 ) ) ;
#574 = CARTESIAN_POINT ( 'NONE',  ( 20.35416666666667100, 2.000000000000000000, -1.154700538379251200 ) ) ;
#575 = VERTEX_POINT ( 'NONE', #3457 ) ;
#576 = CARTESIAN_POINT ( 'NONE',  ( -19.62500000000000000, 2.905110965495596800E-016, 1.999999999999999600 ) ) ;
#577 = CARTESIAN_POINT ( 'NONE',  ( -23.35623926088303600, 0.5358983848622441700, -2.000000000000000000 ) ) ;
#578 = VERTEX_POINT ( 'NONE', #4479 ) ;
#579 = CARTESIAN_POINT ( 'NONE',  ( 18.37083333333333000, -1.545336663013164600, -0.8922005383792492900 ) ) ;
#580 = CARTESIAN_POINT ( 'NONE',  ( -17.55416666666667100, -1.545336663013166200, -0.8922005383792486200 ) ) ;
#581 = CARTESIAN_POINT ( 'NONE',  ( 27.09166666666666900, -2.000000000000000400, 1.154700538379250600 ) ) ;
#582 = ORIENTED_EDGE ( 'NONE', *, *, #2251, .T. ) ;
#583 = CARTESIAN_POINT ( 'NONE',  ( 19.91666666666666400, 0.9999999999999985600, 1.732050807568878100 ) ) ;
#584 = ORIENTED_EDGE ( 'NONE', *, *, #5444, .T. ) ;
#585 = CARTESIAN_POINT ( 'NONE',  ( 18.87475747377030500, -1.516994237457741000, 0.7836936544168079400 ) ) ;
#586 = CARTESIAN_POINT ( 'NONE',  ( -27.50000000000000000, 3.660093687634852000, -1.660531772554305000 ) ) ;
#587 = CARTESIAN_POINT ( 'NONE',  ( -25.51666666666666600, 0.9999999999999983300, -1.732050807568877900 ) ) ;
#588 = CARTESIAN_POINT ( 'NONE',  ( 24.02916666666666500, -0.7726683315065822100, -1.338300807568873400 ) ) ;
#589 = ADVANCED_FACE ( 'NONE', ( #5198, #4370 ), #2903, .F. ) ;
#590 = EDGE_CURVE ( 'NONE', #6303, #3736, #320, .T. ) ;
#591 = CARTESIAN_POINT ( 'NONE',  ( -18.10833333333333400, 1.545336663013165300, -0.8922005383792500600 ) ) ;
#592 = CARTESIAN_POINT ( 'NONE',  ( -24.17499999999999700, 1.092630533523692700E-016, 1.784401076758498400 ) ) ;
#593 = CARTESIAN_POINT ( 'NONE',  ( 17.50000000000000000, 2.449293598294706400E-016, 2.000000000000000000 ) ) ;
#594 = CARTESIAN_POINT ( 'NONE',  ( 25.57499999999999600, -8.715332896486790000E-016, 2.000000000000000000 ) ) ;
#595 = ORIENTED_EDGE ( 'NONE', *, *, #2604, .F. ) ;
#596 = CARTESIAN_POINT ( 'NONE',  ( -19.97499999999999800, 1.092630533523692700E-016, 1.784401076758498400 ) ) ;
#597 = CARTESIAN_POINT ( 'NONE',  ( -16.39999999999999900, 1.260678807558006400, -1.552639347747609000 ) ) ;
#598 = CARTESIAN_POINT ( 'NONE',  ( -24.20416666666666600, -2.000000000000000000, -1.154700538379250400 ) ) ;
#599 = PERSON_AND_ORGANIZATION ( #976, #115 ) ;
#600 = CARTESIAN_POINT ( 'NONE',  ( 18.10833333333333100, 1.545336663013164600, 0.8922005383792495100 ) ) ;
#601 = CARTESIAN_POINT ( 'NONE',  ( 20.29583333333333400, 1.000000000000000200, -1.732050807568877200 ) ) ;
#602 = EDGE_CURVE ( 'NONE', #3825, #6129, #6504, .T. ) ;
#603 = CARTESIAN_POINT ( 'NONE',  ( -20.23750000000000100, 2.905110965495596800E-016, 1.999999999999999600 ) ) ;
#604 = CARTESIAN_POINT ( 'NONE',  ( -17.87500000000000400, -8.715332896486790000E-016, -1.999999999999999600 ) ) ;
#605 =( BOUNDED_CURVE ( )  B_SPLINE_CURVE ( 2, ( #3271, #773, #1207, #166, #4879, #234, #6433, #210, #4856 ),
 .UNSPECIFIED., .F., .T. ) 
 B_SPLINE_CURVE_WITH_KNOTS ( ( 3, 2, 2, 2, 3 ),
 ( 0.4416084105153732500, 0.4470603773506321400, 0.4579642889933305300, 0.4688682006360289100, 0.4743201564573780200 ),
 .UNSPECIFIED. ) 
 CURVE ( )  GEOMETRIC_REPRESENTATION_ITEM ( )  RATIONAL_B_SPLINE_CURVE ( ( 0.9330127018924927500, 0.9330125665660942100, 1.000000000000000000, 0.8660254037844387100, 1.000000000000000000, 0.8660254037844387100, 1.000000000000000000, 0.9330127018922200800, 0.9330127018922194100 ) ) 
 REPRESENTATION_ITEM ( '' )  );
#606 = DIRECTION ( 'NONE',  ( -1.000000000000000000, -0.0000000000000000000, -0.0000000000000000000 ) ) ;
#607 = CARTESIAN_POINT ( 'NONE',  ( 19.53749999999999400, -3.277891600571076600E-016, 1.784401076758497700 ) ) ;
#608 = CARTESIAN_POINT ( 'NONE',  ( -20.12083333333333400, 1.545336663013165100, -0.8922005383792499500 ) ) ;
#609 = CARTESIAN_POINT ( 'NONE',  ( -18.48750000000000400, -8.715332896486790000E-016, -1.999999999999999600 ) ) ;
#610 = CARTESIAN_POINT ( 'NONE',  ( -27.41393638534195900, 1.524623748719318200, 1.429159145022507600 ) ) ;
#611 = CARTESIAN_POINT ( 'NONE',  ( 22.45416666666666200, -1.545336663013165300, 0.8922005383792482900 ) ) ;
#612 = CARTESIAN_POINT ( 'NONE',  ( -20.85000000000000100, 1.545336663013165700, 0.0000000000000000000 ) ) ;
#613 = CARTESIAN_POINT ( 'NONE',  ( -18.28333333333333100, -0.7726683315065834300, -1.338300807568873400 ) ) ;
#614 = CARTESIAN_POINT ( 'NONE',  ( 17.49999999999999600, 1.889380995094290100E-016, -1.542796663013164900 ) ) ;
#615 = FACE_OUTER_BOUND ( 'NONE', #3491, .T. ) ;
#616 = CARTESIAN_POINT ( 'NONE',  ( 20.76250000000000300, -2.000000000000000000, -2.449293598294706400E-016 ) ) ;
#617 = CARTESIAN_POINT ( 'NONE',  ( -17.40833333333333100, 1.545336663013165100, -0.8922005383792499500 ) ) ;
#618 = CARTESIAN_POINT ( 'NONE',  ( 17.14273441009184000, 2.309401076758503400, -4.000000000000001800 ) ) ;
#619 = CARTESIAN_POINT ( 'NONE',  ( -23.09583333333333500, 1.000000000000000000, 1.732050807568877000 ) ) ;
#620 = CARTESIAN_POINT ( 'NONE',  ( 26.71250000000000200, 2.000000000000000000, 0.0000000000000000000 ) ) ;
#621 = DIRECTION ( 'NONE',  ( 0.0000000000000000000, 0.0000000000000000000, -1.000000000000000000 ) ) ;
#622 = LINE ( 'NONE', #5915, #6575 ) ;
#623 = CARTESIAN_POINT ( 'NONE',  ( -16.82499999999999900, 2.905110965495596800E-016, 1.999999999999999600 ) ) ;
#624 = ADVANCED_FACE ( 'NONE', ( #1449 ), #1693, .F. ) ;
#625 = CARTESIAN_POINT ( 'NONE',  ( 20.00416666666666600, -2.000000000000000400, 1.154700538379250800 ) ) ;
#626 = CARTESIAN_POINT ( 'NONE',  ( 19.36249999999999700, 1.545336663013165100, 0.0000000000000000000 ) ) ;
#627 = CARTESIAN_POINT ( 'NONE',  ( -18.83749999999999900, -3.277891600571078100E-016, -1.784401076758498400 ) ) ;
#628 = CARTESIAN_POINT ( 'NONE',  ( 21.78333333333333500, 1.000000000000000200, -1.732050807568877200 ) ) ;
#629 = CARTESIAN_POINT ( 'NONE',  ( 19.74166666666666700, 2.000000000000000000, -1.154700538379251200 ) ) ;
#630 = ORIENTED_EDGE ( 'NONE', *, *, #1744, .T. ) ;
#631 = EDGE_CURVE ( 'NONE', #6308, #1905, #2038, .T. ) ;
#632 = CARTESIAN_POINT ( 'NONE',  ( 26.04166666666666800, -1.545336663013165300, 0.8922005383792482900 ) ) ;
#633 = CARTESIAN_POINT ( 'NONE',  ( -22.71666666666666500, 0.9999999999999983300, -1.732050807568877900 ) ) ;
#634 = CARTESIAN_POINT ( 'NONE',  ( 18.19583333333333600, -0.7726683315065832100, 1.338300807568872900 ) ) ;
#635 = CARTESIAN_POINT ( 'NONE',  ( -20.55833333333333000, -1.545336663013165300, 0.8922005383792495100 ) ) ;
#636 = CARTESIAN_POINT ( 'NONE',  ( -19.45000000000000300, 1.545336663013165700, 0.0000000000000000000 ) ) ;
#637 = ORIENTED_EDGE ( 'NONE', *, *, #4208, .F. ) ;
#638 = EDGE_CURVE ( 'NONE', #840, #5685, #107, .T. ) ;
#639 = CARTESIAN_POINT ( 'NONE',  ( -19.09999999999999800, -1.545336663013165700, 1.892491597964125200E-016 ) ) ;
#640 =( BOUNDED_CURVE ( )  B_SPLINE_CURVE ( 2, ( #3839, #3889, #2808, #1289, #2307, #6007, #4355, #4892, #4449, #1243, #1339, #5456, #4983, #5939, #5499, #5960, #314, #3952, #6096, #1960, #879, #3508, #6071, #2959, #1427, #5074, #6652, #4021, #3427, #5611, #6049, #5007, #4040, #4470, #832, #393, #5523, #5054, #922, #1361, #5593, #6142, #2458, #1895, #2438, #336, #2481, #6121, #4561, #2392, #2982, #6628, #2917, #4491, #359, #6579, #1938, #3974, #3449, #5571, #857, #6606, #5097, #6559, #1450, #3488, #1381, #1981, #376, #5030, #1914, #5547, #2416, #901, #2936, #3468, #4538, #3997, #4514, #1404, #985, #487, #6187, #3529, #3600, #944, #5677, #6694, #4633, #6761, #1472, #4127, #413, #5119, #5166, #4610, #2550, #4587, #2003, #3551, #1008, #5632, #2503, #1516, #6163, #3021, #2598, #3575, #6236, #3092, #4656, #440, #963, #5211, #2027, #3071, #3044, #6672, #2049, #2093, #5657, #4079, #5722, #6211, #5700, #6737, #6716, #1539, #2524, #4061, #5190, #1494, #2070, #4102, #5140, #463, #2576, #3620, #510, #4150, #1030, #4679, #1561, #3001, #568, #5288, #4792, #2111, #3202, #530, #5745, #1114, #2127 ),
 .UNSPECIFIED., .F., .F. ) 
 B_SPLINE_CURVE_WITH_KNOTS ( ( 3, 2, 2, 2, 2, 2, 2, 2, 2, 2, 2, 2, 2, 2, 2, 2, 2, 2, 2, 2, 2, 2, 2, 2, 2, 2, 2, 2, 2, 2, 2, 2, 2, 2, 2, 2, 2, 2, 2, 2, 2, 2, 2, 2, 2, 2, 2, 2, 2, 2, 2, 2, 2, 2, 2, 2, 2, 2, 2, 2, 2, 2, 2, 2, 2, 2, 2, 2, 2, 2, 2, 2, 2, 2, 2, 2, 3 ),
 ( 0.03746092746745571800, 0.04166666666666666400, 0.05208333333333333600, 0.06250000000000000000, 0.07291666666666667100, 0.08333333333333331500, 0.09375000000000000000, 0.1041666666666666700, 0.1145833333333333300, 0.1250000000000000000, 0.1354166666666666600, 0.1458333333333333100, 0.1562500000000000000, 0.1666666666666666600, 0.1770833333333333400, 0.1875000000000000000, 0.1979166666666666600, 0.2083333333333333400, 0.2187500000000000000, 0.2291666666666666300, 0.2395833333333333400, 0.2500000000000000000, 0.2604166666666666900, 0.2708333333333332600, 0.2812500000000000000, 0.2916666666666666900, 0.3020833333333333100, 0.3125000000000000000, 0.3229166666666666900, 0.3333333333333333100, 0.3437500000000000000, 0.3541666666666666900, 0.3645833333333333100, 0.3750000000000000000, 0.3854166666666666900, 0.3958333333333333100, 0.4062500000000000000, 0.4166666666666666900, 0.4270833333333332600, 0.4375000000000000000, 0.4479166666666666900, 0.4583333333333333100, 0.4687499999999999400, 0.4791666666666667400, 0.4895833333333333100, 0.5000000000000000000, 0.5104166666666667400, 0.5208333333333334800, 0.5312500000000000000, 0.5416666666666667400, 0.5520833333333334800, 0.5625000000000000000, 0.5729166666666667400, 0.5833333333333334800, 0.5937500000000000000, 0.6041666666666667400, 0.6145833333333334800, 0.6250000000000000000, 0.6354166666666667400, 0.6458333333333334800, 0.6562500000000000000, 0.6666666666666667400, 0.6770833333333334800, 0.6875000000000000000, 0.6979166666666665200, 0.7083333333333334800, 0.7187500000000000000, 0.7291666666666667400, 0.7395833333333334800, 0.7500000000000000000, 0.7604166666666667400, 0.7708333333333334800, 0.7812500000000000000, 0.7916666666666667400, 0.8020833333333334800, 0.8124999999999997800, 0.8146457283891896900 ),
 .UNSPECIFIED. ) 
 CURVE ( )  GEOMETRIC_REPRESENTATION_ITEM ( )  RATIONAL_B_SPLINE_CURVE ( ( 0.9354949502798142200, 0.9459076277437845600, 1.000000000000000000, 0.8660254037844387100, 1.000000000000000000, 0.8660254037844387100, 1.000000000000000000, 0.8660254037844387100, 1.000000000000000000, 0.8660254037844387100, 1.000000000000000000, 0.8660254037844387100, 1.000000000000000000, 0.8660254037844387100, 1.000000000000000000, 0.8660254037844387100, 1.000000000000000000, 0.8660254037844387100, 1.000000000000000000, 0.8660254037844387100, 1.000000000000000000, 0.8660254037844387100, 1.000000000000000000, 0.8660254037844387100, 1.000000000000000000, 0.8660254037844387100, 1.000000000000000000, 0.8660254037844387100, 1.000000000000000000, 0.8660254037844387100, 1.000000000000000000, 0.8660254037844387100, 1.000000000000000000, 0.8660254037844387100, 1.000000000000000000, 0.8660254037844387100, 1.000000000000000000, 0.8660254037844387100, 1.000000000000000000, 0.8660254037844387100, 1.000000000000000000, 0.8660254037844387100, 1.000000000000000000, 0.8660254037844387100, 1.000000000000000000, 0.8660254037844387100, 1.000000000000000000, 0.8660254037844387100, 1.000000000000000000, 0.8660254037844387100, 1.000000000000000000, 0.8660254037844387100, 1.000000000000000000, 0.8660254037844387100, 1.000000000000000000, 0.8660254037844387100, 1.000000000000000000, 0.8660254037844387100, 1.000000000000000000, 0.8660254037844387100, 1.000000000000000000, 0.8660254037844387100, 1.000000000000000000, 0.8660254037844387100, 1.000000000000000000, 0.8660254037844387100, 1.000000000000000000, 0.8660254037844387100, 1.000000000000000000, 0.8660254037844387100, 1.000000000000000000, 0.8660254037844387100, 1.000000000000000000, 0.8660254037844387100, 1.000000000000000000, 0.8660254037844387100, 1.000000000000000000, 0.8660254037844387100, 1.000000000000000000, 0.8660254037844387100, 1.000000000000000000, 0.8660254037844387100, 1.000000000000000000, 0.8660254037844387100, 1.000000000000000000, 0.8660254037844387100, 1.000000000000000000, 0.8660254037844387100, 1.000000000000000000, 0.8660254037844387100, 1.000000000000000000, 0.8660254037844387100, 1.000000000000000000, 0.8660254037844387100, 1.000000000000000000, 0.8660254037844387100, 1.000000000000000000, 0.8660254037844387100, 1.000000000000000000, 0.8660254037844387100, 1.000000000000000000, 0.8660254037844387100, 1.000000000000000000, 0.8660254037844387100, 1.000000000000000000, 0.8660254037844387100, 1.000000000000000000, 0.8660254037844387100, 1.000000000000000000, 0.8660254037844387100, 1.000000000000000000, 0.8660254037844387100, 1.000000000000000000, 0.8660254037844387100, 1.000000000000000000, 0.8660254037844387100, 1.000000000000000000, 0.8660254037844387100, 1.000000000000000000, 0.8660254037844387100, 1.000000000000000000, 0.8660254037844387100, 1.000000000000000000, 0.8660254037844387100, 1.000000000000000000, 0.8660254037844387100, 1.000000000000000000, 0.8660254037844387100, 1.000000000000000000, 0.8660254037844387100, 1.000000000000000000, 0.8660254037844387100, 1.000000000000000000, 0.8660254037844387100, 1.000000000000000000, 0.8660254037844387100, 1.000000000000000000, 0.8660254037844387100, 1.000000000000000000, 0.8660254037844387100, 1.000000000000000000, 0.8660254037844387100, 1.000000000000000000, 0.8660254037844387100, 1.000000000000000000, 0.8660254037844387100, 1.000000000000000000, 0.8660254037844387100, 1.000000000000000000, 0.8660254037844387100, 1.000000000000000000, 0.9724025829251241600, 0.9561747456171353400 ) ) 
 REPRESENTATION_ITEM ( '' )  );
#641 = CARTESIAN_POINT ( 'NONE',  ( -23.21250000000000600, 1.999999999999999600, 0.0000000000000000000 ) ) ;
#642 = CARTESIAN_POINT ( 'NONE',  ( 26.07083333333333300, 1.999999999999999300, 1.154700538379252800 ) ) ;
#643 = CARTESIAN_POINT ( 'NONE',  ( -26.42083333333333800, 1.545336663013165300, -0.8922005383792500600 ) ) ;
#644 = ORIENTED_EDGE ( 'NONE', *, *, #2683, .T. ) ;
#645 = CARTESIAN_POINT ( 'NONE',  ( -24.87500000000000000, -8.715332896486790000E-016, -1.999999999999999600 ) ) ;
#646 = CARTESIAN_POINT ( 'NONE',  ( -16.64999999999999900, -1.999999999999999600, 2.449293598294705900E-016 ) ) ;
#647 = CARTESIAN_POINT ( 'NONE',  ( 21.31666666666666600, 0.9999999999999985600, 1.732050807568878100 ) ) ;
#648 = CARTESIAN_POINT ( 'NONE',  ( 18.54583333333333100, 0.7726683315065827600, -1.338300807568873200 ) ) ;
#649 = VERTEX_POINT ( 'NONE', #4689 ) ;
#650 = AXIS2_PLACEMENT_3D ( 'NONE', #1183, #4320, #4835 ) ;
#651 = CARTESIAN_POINT ( 'NONE',  ( -20.52916666666666900, -0.7726683315065825400, 1.338300807568873800 ) ) ;
#652 = CARTESIAN_POINT ( 'NONE',  ( 23.06666666666666600, -0.9999999999999995600, -1.732050807568877400 ) ) ;
#653 = CARTESIAN_POINT ( 'NONE',  ( 26.91876039700586900, -0.5358925201005972900, 2.000003386021716300 ) ) ;
#654 = CARTESIAN_POINT ( 'NONE',  ( 26.21666666666666500, -0.7726683315065822100, -1.338300807568873400 ) ) ;
#655 = EDGE_LOOP ( 'NONE', ( #4975, #6196, #6708, #6105 ) ) ;
#656 = DIRECTION ( 'NONE',  ( 0.0000000000000000000, 0.0000000000000000000, -1.000000000000000000 ) ) ;
#657 = CARTESIAN_POINT ( 'NONE',  ( 17.50000000000000000, 0.0000000000000000000, -2.000000000000000000 ) ) ;
#658 = CARTESIAN_POINT ( 'NONE',  ( 19.82916666666666600, -0.7726683315065822100, -1.338300807568873400 ) ) ;
#659 = ADVANCED_FACE ( 'NONE', ( #60 ), #1526, .T. ) ;
#660 = CARTESIAN_POINT ( 'NONE',  ( -17.81876073911697100, -0.5358983848622459500, -1.999999999999999100 ) ) ;
#661 = CARTESIAN_POINT ( 'NONE',  ( -18.75000000000000000, 1.545336663013165700, 0.0000000000000000000 ) ) ;
#662 = CARTESIAN_POINT ( 'NONE',  ( 25.92499999999999700, 2.905110965495596800E-016, -1.999999999999999600 ) ) ;
#663 = CARTESIAN_POINT ( 'NONE',  ( 19.65416666666666900, -1.545336663013165500, 0.8922005383792481800 ) ) ;
#664 = CARTESIAN_POINT ( 'NONE',  ( -24.32083333333333600, 1.545336663013165100, -0.8922005383792499500 ) ) ;
#665 = ORIENTED_EDGE ( 'NONE', *, *, #2045, .T. ) ;
#666 = CARTESIAN_POINT ( 'NONE',  ( -17.34999999999999800, 1.545336663013165700, 0.0000000000000000000 ) ) ;
#667 = CARTESIAN_POINT ( 'NONE',  ( -27.49999999999999600, 0.3909388627748617800, -4.000000000000001800 ) ) ;
#668 = CARTESIAN_POINT ( 'NONE',  ( -23.67916666666666700, -0.9999999999999993300, 1.732050807568877200 ) ) ;
#669 = CARTESIAN_POINT ( 'NONE',  ( 17.40833333333333100, 1.545336663013164600, 0.8922005383792495100 ) ) ;
#670 = CARTESIAN_POINT ( 'NONE',  ( -25.72083333333333500, 1.545336663013165300, -0.8922005383792500600 ) ) ;
#671 = ORIENTED_EDGE ( 'NONE', *, *, #5483, .T. ) ;
#672 = APPLICATION_CONTEXT ( 'configuration controlled 3d designs of mechanical parts and assemblies' ) ;
#673 = CARTESIAN_POINT ( 'NONE',  ( -27.49999999999999600, -2.309401076758504700, 4.000000000000000000 ) ) ;
#674 = CARTESIAN_POINT ( 'NONE',  ( 27.42966333698683500, -1.457339298108323700, 0.5528328352854929900 ) ) ;
#675 = CARTESIAN_POINT ( 'NONE',  ( 22.42500000000000100, 2.905110965495596800E-016, -1.999999999999999600 ) ) ;
#676 = CARTESIAN_POINT ( 'NONE',  ( 25.80833333333333400, 1.545336663013164600, 0.8922005383792495100 ) ) ;
#677 = AXIS2_PLACEMENT_3D ( 'NONE', #6438, #3832, #1719 ) ;
#678 = ORIENTED_EDGE ( 'NONE', *, *, #1348, .F. ) ;
#679 = CARTESIAN_POINT ( 'NONE',  ( -19.47916666666666800, 0.7726683315065817600, -1.338300807568874300 ) ) ;
#680 = CARTESIAN_POINT ( 'NONE',  ( 23.18333333333333400, 1.000000000000000200, -1.732050807568877200 ) ) ;
#681 = CARTESIAN_POINT ( 'NONE',  ( 26.45000000000000300, 1.545336663013165100, 0.0000000000000000000 ) ) ;
#682 = ORIENTED_EDGE ( 'NONE', *, *, #5104, .F. ) ;
#683 = CARTESIAN_POINT ( 'NONE',  ( 19.94583333333333300, 0.7726683315065827600, -1.338300807568873200 ) ) ;
#684 = EDGE_CURVE ( 'NONE', #6269, #5158, #1934, .T. ) ;
#685 = CARTESIAN_POINT ( 'NONE',  ( -17.40833333333333100, 1.545336663013165300, -0.8922005383792500600 ) ) ;
#686 = CARTESIAN_POINT ( 'NONE',  ( -20.20833333333333600, 1.545336663013165100, -0.8922005383792499500 ) ) ;
#687 = LOCAL_TIME ( 20, 35, 5.000000000000000000, #4257 ) ;
#688 = CARTESIAN_POINT ( 'NONE',  ( -26.99453666301316100, 0.2587776139471954500, 1.523515522918116800 ) ) ;
#689 = CARTESIAN_POINT ( 'NONE',  ( 19.30416666666666400, 1.545336663013165100, -0.8922005383792486200 ) ) ;
#690 = CARTESIAN_POINT ( 'NONE',  ( -18.92499999999999700, -3.277891600571078100E-016, -1.784401076758498400 ) ) ;
#691 = CARTESIAN_POINT ( 'NONE',  ( 17.25059326464856800, 1.935767044481622600, 4.000000000000000000 ) ) ;
#692 = CARTESIAN_POINT ( 'NONE',  ( 27.35416666666666800, 2.000000000000000000, -1.154700538379251200 ) ) ;
#693 = CARTESIAN_POINT ( 'NONE',  ( -25.19583333333333300, -0.7726683315065834300, -1.338300807568873400 ) ) ;
#694 = CARTESIAN_POINT ( 'NONE',  ( 21.17083333333333800, 1.999999999999999300, 1.154700538379252600 ) ) ;
#695 = AXIS2_PLACEMENT_3D ( 'NONE', #1924, #2424, #298 ) ;
#696 = CARTESIAN_POINT ( 'NONE',  ( 23.30000000000000100, -1.545336663013165100, -1.892491597964124500E-016 ) ) ;
#697 = CYLINDRICAL_SURFACE ( 'NONE', #19, 2.000000000000000000 ) ;
#698 = CARTESIAN_POINT ( 'NONE',  ( -24.81666666666666600, 0.9999999999999983300, -1.732050807568877900 ) ) ;
#699 = CARTESIAN_POINT ( 'NONE',  ( 23.30000000000000100, 2.000000000000000000, 0.0000000000000000000 ) ) ;
#700 = CARTESIAN_POINT ( 'NONE',  ( 20.35416666666666800, -1.545336663013165500, 0.8922005383792481800 ) ) ;
#701 = CARTESIAN_POINT ( 'NONE',  ( 17.81666666666666600, -0.7726683315065822100, -1.338300807568873400 ) ) ;
#702 = CARTESIAN_POINT ( 'NONE',  ( 27.15000000000000200, 1.545336663013165100, 0.0000000000000000000 ) ) ;
#703 = VECTOR ( 'NONE', #456, 1000.000000000000000 ) ;
#704 = DIRECTION ( 'NONE',  ( 0.0000000000000000000, 0.0000000000000000000, -1.000000000000000000 ) ) ;
#705 = CARTESIAN_POINT ( 'NONE',  ( -23.82499999999999900, 2.905110965495596800E-016, 1.999999999999999600 ) ) ;
#706 = CARTESIAN_POINT ( 'NONE',  ( 19.77083333333333200, -1.545336663013164600, -0.8922005383792492900 ) ) ;
#707 = CARTESIAN_POINT ( 'NONE',  ( -17.52499999999999900, -3.277891600571078100E-016, -1.784401076758498400 ) ) ;
#708 = CARTESIAN_POINT ( 'NONE',  ( 25.89373926088303400, -0.5358983848622451700, -2.000000000000000000 ) ) ;
#709 = CARTESIAN_POINT ( 'NONE',  ( 19.71250000000000200, -1.545336663013165100, -1.892491597964124500E-016 ) ) ;
#710 = CARTESIAN_POINT ( 'NONE',  ( -26.53750000000000100, -3.277891600571078100E-016, -1.784401076758498400 ) ) ;
#711 = CARTESIAN_POINT ( 'NONE',  ( -27.25055823907329600, 1.935888376633480000, -4.000000000000001800 ) ) ;
#712 = CONICAL_SURFACE ( 'NONE', #6423, 4.000000000000000000, 1.047197551196600100 ) ;
#713 = CARTESIAN_POINT ( 'NONE',  ( 21.40416666666666900, -2.000000000000000400, 1.154700538379250600 ) ) ;
#714 = CARTESIAN_POINT ( 'NONE',  ( -25.89583333333333600, -0.7726683315065834300, -1.338300807568873400 ) ) ;
#715 = CARTESIAN_POINT ( 'NONE',  ( -25.69166666666667000, -2.000000000000000000, -1.154700538379250600 ) ) ;
#716 = EDGE_LOOP ( 'NONE', ( #2621, #6062, #1706, #171, #1739, #4796 ) ) ;
#717 = CARTESIAN_POINT ( 'NONE',  ( 19.56666666666666600, -0.9999999999999995600, -1.732050807568877400 ) ) ;
#718 = CARTESIAN_POINT ( 'NONE',  ( -26.24583333333333700, -1.000000000000000700, -1.732050807568876300 ) ) ;
#719 = CARTESIAN_POINT ( 'NONE',  ( 24.87500000000000000, 1.092630533523692200E-016, -1.784401076758497700 ) ) ;
#720 = CARTESIAN_POINT ( 'NONE',  ( -26.50833333333333600, -1.999999999999999300, 1.154700538379251700 ) ) ;
#721 = CARTESIAN_POINT ( 'NONE',  ( 24.23333333333333100, -1.000000000000000900, 1.732050807568876700 ) ) ;
#722 = EDGE_CURVE ( 'NONE', #5165, #798, #951, .T. ) ;
#723 = CARTESIAN_POINT ( 'NONE',  ( 18.75000000000000000, 1.545336663013165100, 0.0000000000000000000 ) ) ;
#724 = ORIENTED_EDGE ( 'NONE', *, *, #4082, .T. ) ;
#725 = CARTESIAN_POINT ( 'NONE',  ( 25.05000000000000100, 1.545336663013165100, 0.0000000000000000000 ) ) ;
#726 = CARTESIAN_POINT ( 'NONE',  ( 22.33750000000000200, 2.312468328534495500E-014, -2.000000000000000000 ) ) ;
#727 = CARTESIAN_POINT ( 'NONE',  ( -23.70833333333333600, -1.999999999999999300, 1.154700538379251900 ) ) ;
#728 = CARTESIAN_POINT ( 'NONE',  ( 20.23750000000000100, -3.277891600571076600E-016, 1.784401076758497700 ) ) ;
#729 =( BOUNDED_CURVE ( )  B_SPLINE_CURVE ( 2, ( #1599, #544, #6272, #1670, #3684, #2708, #2659, #5808, #4716 ),
 .UNSPECIFIED., .F., .T. ) 
 B_SPLINE_CURVE_WITH_KNOTS ( ( 3, 2, 2, 2, 3 ),
 ( 0.1144911365284710500, 0.1199430280696818100, 0.1308469397123801500, 0.1417508513550784800, 0.1472028071764276400 ),
 .UNSPECIFIED. ) 
 CURVE ( )  GEOMETRIC_REPRESENTATION_ITEM ( )  RATIONAL_B_SPLINE_CURVE ( ( 0.9330127019015312900, 0.9330134916918684200, 1.000000000000000000, 0.8660254037844387100, 1.000000000000000000, 0.8660254037844387100, 1.000000000000000000, 0.9330127018922196300, 0.9330127018922193000 ) ) 
 REPRESENTATION_ITEM ( '' )  );
#730 = CARTESIAN_POINT ( 'NONE',  ( 22.77499999999999500, -8.715332896486790000E-016, 2.000000000000000000 ) ) ;
#731 = CARTESIAN_POINT ( 'NONE',  ( 25.75000000000000000, -2.000000000000000000, -2.449293598294706400E-016 ) ) ;
#732 = VERTEX_POINT ( 'NONE', #477 ) ;
#733 = CARTESIAN_POINT ( 'NONE',  ( 18.95416666666666900, -1.545336663013165500, 0.8922005383792481800 ) ) ;
#734 = EDGE_CURVE ( 'NONE', #1849, #1337, #2956, .T. ) ;
#735 = CARTESIAN_POINT ( 'NONE',  ( -25.89583333333333600, -0.7726683315065834300, -1.338300807568873400 ) ) ;
#736 = CARTESIAN_POINT ( 'NONE',  ( 22.27916666666666900, -0.9999999999999995600, -1.732050807568877400 ) ) ;
#737 = CARTESIAN_POINT ( 'NONE',  ( -20.70416666666666900, 1.545336663013165700, 0.8922005383792489500 ) ) ;
#738 = CARTESIAN_POINT ( 'NONE',  ( 26.12916666666666600, -0.7726683315065822100, -1.338300807568873400 ) ) ;
#739 = EDGE_LOOP ( 'NONE', ( #4252, #4752, #237, #4916 ) ) ;
#740 = CARTESIAN_POINT ( 'NONE',  ( 17.50000000000000000, 0.0000000000000000000, 0.0000000000000000000 ) ) ;
#741 = CARTESIAN_POINT ( 'NONE',  ( -27.46578971905347500, -3.072372537026406600, -2.678494666090974100 ) ) ;
#742 = DIRECTION ( 'NONE',  ( 0.0000000000000000000, 0.4999999999999998900, -0.8660254037844386000 ) ) ;
#743 = CARTESIAN_POINT ( 'NONE',  ( 17.25151993662500900, -2.497823135841288300, 3.673643420401873500 ) ) ;
#744 = CARTESIAN_POINT ( 'NONE',  ( 24.23333333333333100, 0.7726683315065827600, -1.338300807568873200 ) ) ;
#745 = CARTESIAN_POINT ( 'NONE',  ( -25.34166666666666500, 1.999999999999999800, 1.154700538379251000 ) ) ;
#746 = ORIENTED_EDGE ( 'NONE', *, *, #5143, .F. ) ;
#747 = CARTESIAN_POINT ( 'NONE',  ( 18.80833333333333400, 1.545336663013164600, 0.8922005383792495100 ) ) ;
#748 = ORIENTED_EDGE ( 'NONE', *, *, #4387, .T. ) ;
#749 = CARTESIAN_POINT ( 'NONE',  ( 23.30000000000000100, -1.545336663013165100, -1.892491597964124500E-016 ) ) ;
#750 = CARTESIAN_POINT ( 'NONE',  ( -24.00000000000000000, 1.999999999999999600, 0.0000000000000000000 ) ) ;
#751 = CARTESIAN_POINT ( 'NONE',  ( -22.57083333333333300, 1.999999999999998700, -1.154700538379252600 ) ) ;
#752 = EDGE_LOOP ( 'NONE', ( #4573, #419, #3757, #4492 ) ) ;
#753 = CARTESIAN_POINT ( 'NONE',  ( -18.10623926088303600, -0.5358983848622449500, 1.999999999999999600 ) ) ;
#754 = CARTESIAN_POINT ( 'NONE',  ( -16.98172415493342100, 1.631137673396183100, -1.157320133078001400 ) ) ;
#755 = ORIENTED_EDGE ( 'NONE', *, *, #6055, .T. ) ;
#756 = CARTESIAN_POINT ( 'NONE',  ( -25.60416666666667100, 1.545336663013165500, 0.8922005383792490600 ) ) ;
#757 = DIRECTION ( 'NONE',  ( 0.0000000000000000000, 0.0000000000000000000, 1.000000000000000000 ) ) ;
#758 = CARTESIAN_POINT ( 'NONE',  ( 23.44583333333333600, -1.000000000000000900, 1.732050807568876700 ) ) ;
#759 = CARTESIAN_POINT ( 'NONE',  ( -21.81250000000000400, -1.545336663013165700, 1.892491597964125200E-016 ) ) ;
#760 = CARTESIAN_POINT ( 'NONE',  ( 17.50000000000000000, 0.0000000000000000000, 0.0000000000000000000 ) ) ;
#761 = ORIENTED_EDGE ( 'NONE', *, *, #1304, .T. ) ;
#762 = CARTESIAN_POINT ( 'NONE',  ( -25.80833333333333400, -1.999999999999999300, 1.154700538379251900 ) ) ;
#763 = CYLINDRICAL_SURFACE ( 'NONE', #453, 2.000000000000000000 ) ;
#764 = EDGE_CURVE ( 'NONE', #578, #6771, #304, .T. ) ;
#765 = CARTESIAN_POINT ( 'NONE',  ( -16.40000000000000200, 2.449293598294706400E-016, -2.000000000000000000 ) ) ;
#766 = CARTESIAN_POINT ( 'NONE',  ( 26.33333333333333200, 0.7726683315065827600, -1.338300807568873200 ) ) ;
#767 = CARTESIAN_POINT ( 'NONE',  ( -24.46666666666666900, -0.9999999999999993300, 1.732050807568877200 ) ) ;
#768 = ORIENTED_EDGE ( 'NONE', *, *, #3881, .F. ) ;
#769 =( BOUNDED_CURVE ( )  B_SPLINE_CURVE ( 2, ( #795, #299, #1858, #4480, #774, #5509, #6016, #816, #4457 ),
 .UNSPECIFIED., .F., .T. ) 
 B_SPLINE_CURVE_WITH_KNOTS ( ( 3, 2, 2, 2, 3 ),
 ( 0.6406250000000000000, 0.6458333333333333700, 0.6562500000000000000, 0.6666666666666666300, 0.6718750000000000000 ),
 .UNSPECIFIED. ) 
 CURVE ( )  GEOMETRIC_REPRESENTATION_ITEM ( )  RATIONAL_B_SPLINE_CURVE ( ( 0.9330127018922194100, 0.9330127018922194100, 1.000000000000000000, 0.8660254037844387100, 1.000000000000000000, 0.8660254037844387100, 1.000000000000000000, 0.9330127018922194100, 0.9330127018922194100 ) ) 
 REPRESENTATION_ITEM ( '' )  );
#770 = CARTESIAN_POINT ( 'NONE',  ( 19.15833333333333100, -1.545336663013164600, -0.8922005383792492900 ) ) ;
#771 = FACE_OUTER_BOUND ( 'NONE', #3354, .T. ) ;
#772 = CARTESIAN_POINT ( 'NONE',  ( 24.23333333333333100, 0.7726683315065827600, -1.338300807568873200 ) ) ;
#773 = CARTESIAN_POINT ( 'NONE',  ( 23.35623931950111000, 0.5358973799809265700, 2.000000580168499500 ) ) ;
#774 = CARTESIAN_POINT ( 'NONE',  ( -20.76250000000000300, -1.999999999999999600, 2.449293598294705900E-016 ) ) ;
#775 = EDGE_CURVE ( 'NONE', #2943, #1872, #5438, .T. ) ;
#776 = CARTESIAN_POINT ( 'NONE',  ( 23.18333333333333400, 1.000000000000000200, -1.732050807568877200 ) ) ;
#777 = CARTESIAN_POINT ( 'NONE',  ( -25.48750000000000400, 1.092630533523692700E-016, 1.784401076758498400 ) ) ;
#778 = CARTESIAN_POINT ( 'NONE',  ( -26.39166666666666600, 1.545336663013165700, 0.8922005383792489500 ) ) ;
#779 = CARTESIAN_POINT ( 'NONE',  ( 24.14583333333333600, -1.000000000000000900, 1.732050807568876700 ) ) ;
#780 = CARTESIAN_POINT ( 'NONE',  ( -24.08750000000000200, 1.092630533523692800E-016, 1.784401076758498400 ) ) ;
#781 = CARTESIAN_POINT ( 'NONE',  ( -18.16666666666666800, -0.9999999999999993300, 1.732050807568877200 ) ) ;
#782 = B_SPLINE_CURVE_WITH_KNOTS ( 'NONE', 3,
 ( #5242, #2122, #6320, #4693, #3125, #2165 ),
 .UNSPECIFIED., .F., .F.,
 ( 4, 2, 4 ),
 ( 0.002336974151641548200, 0.003500975885716442000, 0.004664977619791337000 ),
 .UNSPECIFIED. ) ;
#783 = CARTESIAN_POINT ( 'NONE',  ( 26.71249999999999900, -1.545336663013165100, -1.892491597964124500E-016 ) ) ;
#784 = CARTESIAN_POINT ( 'NONE',  ( -22.92083333333333400, -1.999999999999999300, 1.154700538379251700 ) ) ;
#785 = CONICAL_SURFACE ( 'NONE', #6518, 4.000000000000000000, 1.047197551196600100 ) ;
#786 = DIRECTION ( 'NONE',  ( 1.000000000000000000, 0.0000000000000000000, -0.0000000000000000000 ) ) ;
#787 = CARTESIAN_POINT ( 'NONE',  ( -23.18333333333333400, 1.000000000000000000, 1.732050807568877000 ) ) ;
#788 = CARTESIAN_POINT ( 'NONE',  ( 26.36250000000000100, -2.000000000000000000, -2.449293598294706400E-016 ) ) ;
#789 = CARTESIAN_POINT ( 'NONE',  ( 19.91666666666666400, -0.7726683315065822100, -1.338300807568873400 ) ) ;
#790 = VECTOR ( 'NONE', #5735, 1000.000000000000000 ) ;
#791 = CARTESIAN_POINT ( 'NONE',  ( -26.74166666666667100, 1.999999999999999800, 1.154700538379251000 ) ) ;
#792 = DIRECTION ( 'NONE',  ( -1.000000000000000000, -0.0000000000000000000, -0.0000000000000000000 ) ) ;
#793 = CARTESIAN_POINT ( 'NONE',  ( 24.69999999999999900, -1.545336663013165100, -1.892491597964124500E-016 ) ) ;
#794 = CARTESIAN_POINT ( 'NONE',  ( -21.11250000000000400, 1.999999999999999600, 0.0000000000000000000 ) ) ;
#795 = CARTESIAN_POINT ( 'NONE',  ( -20.93750000000000000, 2.905110965495596800E-016, 1.999999999999999600 ) ) ;
#796 = CARTESIAN_POINT ( 'NONE',  ( 20.09166666666666500, -2.000000000000000400, 1.154700538379250800 ) ) ;
#797 = CARTESIAN_POINT ( 'NONE',  ( 17.50000000000000000, 0.0000000000000000000, -2.000000000000000000 ) ) ;
#798 = VERTEX_POINT ( 'NONE', #6404 ) ;
#799 = CARTESIAN_POINT ( 'NONE',  ( -25.54583333333333800, 0.7726683315065830900, 1.338300807568873600 ) ) ;
#800 = DIRECTION ( 'NONE',  ( 1.000000000000000000, 0.0000000000000000000, 0.0000000000000000000 ) ) ;
#801 = CARTESIAN_POINT ( 'NONE',  ( 21.98749999999999700, -4.242300954899627700E-016, 2.309401076758502900 ) ) ;
#802 = CARTESIAN_POINT ( 'NONE',  ( -24.14583333333333600, 0.7726683315065830900, 1.338300807568873600 ) ) ;
#803 = VERTEX_POINT ( 'NONE', #3754 ) ;
#804 = CARTESIAN_POINT ( 'NONE',  ( 25.31249999999999600, -1.545336663013165100, -1.892491597964124500E-016 ) ) ;
#805 = CARTESIAN_POINT ( 'NONE',  ( -17.96250000000000200, -1.999999999999999600, 2.449293598294705900E-016 ) ) ;
#806 = CARTESIAN_POINT ( 'NONE',  ( -25.89373926088303400, -0.5358983848622449500, 1.999999999999999600 ) ) ;
#807 = CARTESIAN_POINT ( 'NONE',  ( -26.42083333333333800, -1.999999999999999300, 1.154700538379251900 ) ) ;
#808 = CARTESIAN_POINT ( 'NONE',  ( 20.44166666666666600, -1.545336663013165300, 0.8922005383792482900 ) ) ;
#809 = ORIENTED_EDGE ( 'NONE', *, *, #3472, .T. ) ;
#810 = CARTESIAN_POINT ( 'NONE',  ( -23.30000000000000100, 1.999999999999999600, 0.0000000000000000000 ) ) ;
#811 = EDGE_CURVE ( 'NONE', #3093, #4714, #5660, .T. ) ;
#812 =( BOUNDED_CURVE ( )  B_SPLINE_CURVE ( 2, ( #1220, #3283, #5391 ),
 .UNSPECIFIED., .F., .T. ) 
 B_SPLINE_CURVE_WITH_KNOTS ( ( 3, 3 ),
 ( 0.8341492020476792800, 0.8346115798326410000 ),
 .UNSPECIFIED. ) 
 CURVE ( )  GEOMETRIC_REPRESENTATION_ITEM ( )  RATIONAL_B_SPLINE_CURVE ( ( 0.9330127018955805000, 0.9330126616532695700, 0.9334944379741664200 ) ) 
 REPRESENTATION_ITEM ( '' )  );
#813 = CARTESIAN_POINT ( 'NONE',  ( 27.20268038381017600, 1.363222180714497100, -1.138156193871885400 ) ) ;
#814 = ORIENTED_EDGE ( 'NONE', *, *, #4972, .F. ) ;
#815 = CARTESIAN_POINT ( 'NONE',  ( -25.83749999999999900, 2.905110965495596800E-016, 1.999999999999999600 ) ) ;
#816 = CARTESIAN_POINT ( 'NONE',  ( -20.61876073911696800, -0.5358983848622459500, -1.999999999999999100 ) ) ;
#817 = CARTESIAN_POINT ( 'NONE',  ( -26.59373926088303400, -0.5358983848622449500, 1.999999999999999600 ) ) ;
#818 = CARTESIAN_POINT ( 'NONE',  ( 26.01249999999999900, 2.000000000000000000, 0.0000000000000000000 ) ) ;
#819 = CARTESIAN_POINT ( 'NONE',  ( 17.36084978046486400, -2.687187980154702100, -3.345653888883669800 ) ) ;
#820 = EDGE_LOOP ( 'NONE', ( #2447, #2152, #6117, #4159 ) ) ;
#821 = EDGE_CURVE ( 'NONE', #3652, #4506, #2733, .T. ) ;
#822 = CARTESIAN_POINT ( 'NONE',  ( -21.52083333333333900, 1.545336663013165100, -0.8922005383792499500 ) ) ;
#823 = CARTESIAN_POINT ( 'NONE',  ( -25.57499999999999600, 1.092630533523692800E-016, 1.784401076758498400 ) ) ;
#824 = CARTESIAN_POINT ( 'NONE',  ( 18.37083333333333700, 1.999999999999999300, 1.154700538379252800 ) ) ;
#825 = CARTESIAN_POINT ( 'NONE',  ( -23.97083333333333500, -1.545336663013165300, 0.8922005383792495100 ) ) ;
#826 = CARTESIAN_POINT ( 'NONE',  ( 24.14373926088303800, 0.5358983848622442800, 2.000000000000000000 ) ) ;
#827 = CARTESIAN_POINT ( 'NONE',  ( 20.50000000000000000, 2.000000000000000000, 0.0000000000000000000 ) ) ;
#828 = ORIENTED_EDGE ( 'NONE', *, *, #2604, .T. ) ;
#829 = CARTESIAN_POINT ( 'NONE',  ( 26.82916666666666600, -0.7726683315065822100, -1.338300807568873400 ) ) ;
#830 = CARTESIAN_POINT ( 'NONE',  ( -18.54583333333333800, -1.000000000000000700, -1.732050807568876300 ) ) ;
#831 = PERSON_AND_ORGANIZATION_ROLE ( 'creator' ) ;
#832 = CARTESIAN_POINT ( 'NONE',  ( 25.51666666666666600, -0.7726683315065822100, -1.338300807568873400 ) ) ;
#833 = VERTEX_POINT ( 'NONE', #4222 ) ;
#834 = CARTESIAN_POINT ( 'NONE',  ( 26.91666666666666400, 0.9999999999999985600, 1.732050807568878100 ) ) ;
#835 = CARTESIAN_POINT ( 'NONE',  ( 23.09373926088303400, -0.5358983848622451700, -2.000000000000000000 ) ) ;
#836 = CARTESIAN_POINT ( 'NONE',  ( 21.08333333333333200, -0.7726683315065832100, 1.338300807568872900 ) ) ;
#837 = EDGE_LOOP ( 'NONE', ( #682, #1988, #6362, #4416 ) ) ;
#838 = CARTESIAN_POINT ( 'NONE',  ( -21.72500000000000100, 1.414100318299875800E-016, 2.309401076758502500 ) ) ;
#839 = CARTESIAN_POINT ( 'NONE',  ( -27.23066437910230400, -1.634724906935976200, -0.7180301325501510200 ) ) ;
#840 = VERTEX_POINT ( 'NONE', #1202 ) ;
#841 = CARTESIAN_POINT ( 'NONE',  ( -24.05833333333333400, 1.999999999999998700, -1.154700538379252600 ) ) ;
#842 = DIRECTION ( 'NONE',  ( 1.000000000000000000, 0.0000000000000000000, 0.0000000000000000000 ) ) ;
#843 = DIRECTION ( 'NONE',  ( -1.000000000000000000, -0.0000000000000000000, -0.0000000000000000000 ) ) ;
#844 = CARTESIAN_POINT ( 'NONE',  ( 24.75833333333332900, 1.999999999999999300, 1.154700538379252600 ) ) ;
#845 = CARTESIAN_POINT ( 'NONE',  ( 17.25151993662500500, 4.430380094434242200, 0.3263565795980946100 ) ) ;
#846 = ORIENTED_EDGE ( 'NONE', *, *, #3732, .T. ) ;
#847 = CARTESIAN_POINT ( 'NONE',  ( -23.62083333333333000, 1.545336663013165100, -0.8922005383792499500 ) ) ;
#848 = DIRECTION ( 'NONE',  ( 0.0000000000000000000, 0.0000000000000000000, 1.000000000000000000 ) ) ;
#849 = CARTESIAN_POINT ( 'NONE',  ( 18.72083333333333500, -1.999999999999999800, -1.154700538379252100 ) ) ;
#850 = CARTESIAN_POINT ( 'NONE',  ( -17.32083333333333300, 1.545336663013165300, -0.8922005383792500600 ) ) ;
#851 = CARTESIAN_POINT ( 'NONE',  ( -16.40000000000000200, 2.449293598294706400E-016, -2.000000000000000000 ) ) ;
#852 = CARTESIAN_POINT ( 'NONE',  ( 17.87500000000000400, -4.242300954899627700E-016, 2.309401076758502900 ) ) ;
#853 = CONICAL_SURFACE ( 'NONE', #3334, 1.474999999999999000, 0.7853981633974482800 ) ;
#854 = CARTESIAN_POINT ( 'NONE',  ( 24.78750000000000100, 1.092630533523692200E-016, -1.784401076758497700 ) ) ;
#855 = CARTESIAN_POINT ( 'NONE',  ( -20.12083333333333400, -1.999999999999999300, 1.154700538379251700 ) ) ;
#856 = APPLICATION_CONTEXT ( 'configuration controlled 3d designs of mechanical parts and assemblies' ) ;
#857 = CARTESIAN_POINT ( 'NONE',  ( 24.00000000000000000, -1.545336663013165100, -1.892491597964124500E-016 ) ) ;
#858 =( BOUNDED_CURVE ( )  B_SPLINE_CURVE ( 2, ( #6418, #6440, #1770, #5411, #218, #4351, #3766, #5954, #6393 ),
 .UNSPECIFIED., .F., .T. ) 
 B_SPLINE_CURVE_WITH_KNOTS ( ( 3, 2, 2, 2, 3 ),
 ( 0.7656250000000000000, 0.7708333333333333700, 0.7812500000000000000, 0.7916666666666666300, 0.7968750000000000000 ),
 .UNSPECIFIED. ) 
 CURVE ( )  GEOMETRIC_REPRESENTATION_ITEM ( )  RATIONAL_B_SPLINE_CURVE ( ( 0.9330127018922194100, 0.9330127018922194100, 1.000000000000000000, 0.8660254037844387100, 1.000000000000000000, 0.8660254037844387100, 1.000000000000000000, 0.9330127018922194100, 0.9330127018922194100 ) ) 
 REPRESENTATION_ITEM ( '' )  );
#859 = EDGE_CURVE ( 'NONE', #2115, #1244, #5983, .T. ) ;
#860 = CARTESIAN_POINT ( 'NONE',  ( 26.94373926088303200, 0.5358983848622264100, 2.000000000000010700 ) ) ;
#861 = CARTESIAN_POINT ( 'NONE',  ( 21.49166666666666400, -2.000000000000000400, 1.154700538379250800 ) ) ;
#862 = CARTESIAN_POINT ( 'NONE',  ( 21.19999999999999900, -1.545336663013165100, -1.892491597964124500E-016 ) ) ;
#863 = CC_DESIGN_APPROVAL ( #6102, ( #2942 ) ) ;
#864 = FACE_OUTER_BOUND ( 'NONE', #3163, .T. ) ;
#865 = CARTESIAN_POINT ( 'NONE',  ( -23.12500000000000000, 1.414100318299875800E-016, 2.309401076758502500 ) ) ;
#866 = CARTESIAN_POINT ( 'NONE',  ( -27.25410209238835800, -1.802401649271662600, -0.1513908307130369900 ) ) ;
#867 = CARTESIAN_POINT ( 'NONE',  ( 19.18220333698677000, 1.490810385533044600, 1.333223310022298500 ) ) ;
#868 = CARTESIAN_POINT ( 'NONE',  ( 24.20416666666666600, 1.545336663013165100, -0.8922005383792486200 ) ) ;
#869 = EDGE_CURVE ( 'NONE', #98, #1872, #3733, .T. ) ;
#870 = CARTESIAN_POINT ( 'NONE',  ( -21.57916666666666900, -0.9999999999999993300, 1.732050807568877200 ) ) ;
#871 = CARTESIAN_POINT ( 'NONE',  ( 23.82499999999999900, 2.905110965495596800E-016, -1.999999999999999600 ) ) ;
#872 = CARTESIAN_POINT ( 'NONE',  ( -20.99583333333333400, -0.7726683315065834300, -1.338300807568873400 ) ) ;
#873 = CARTESIAN_POINT ( 'NONE',  ( -22.13333333333333300, 0.7726683315065830900, 1.338300807568873600 ) ) ;
#874 = CARTESIAN_POINT ( 'NONE',  ( 19.71250000000000200, 2.000000000000000000, 0.0000000000000000000 ) ) ;
#875 = CARTESIAN_POINT ( 'NONE',  ( -17.67083333333333800, -1.545336663013165300, 0.8922005383792495100 ) ) ;
#876 = CARTESIAN_POINT ( 'NONE',  ( 20.26666666666666900, -0.9999999999999995600, -1.732050807568877400 ) ) ;
#877 = CARTESIAN_POINT ( 'NONE',  ( -17.84583333333333500, -1.000000000000000700, -1.732050807568876300 ) ) ;
#878 = AXIS2_PLACEMENT_3D ( 'NONE', #2445, #6151, #3539 ) ;
#879 = CARTESIAN_POINT ( 'NONE',  ( 26.33333333333333200, 0.7726683315065827600, -1.338300807568873200 ) ) ;
#880 = ORIENTED_EDGE ( 'NONE', *, *, #3248, .T. ) ;
#881 = CARTESIAN_POINT ( 'NONE',  ( -23.24166666666666700, 1.999999999999999600, 1.154700538379251000 ) ) ;
#882 = CARTESIAN_POINT ( 'NONE',  ( 23.18333333333333400, -0.7726683315065832100, 1.338300807568872900 ) ) ;
#883 = CARTESIAN_POINT ( 'NONE',  ( -22.60000000000000100, 1.999999999999999600, 0.0000000000000000000 ) ) ;
#884 = CARTESIAN_POINT ( 'NONE',  ( 27.31532540750832500, 1.057538696621734200, 1.284039684961320300 ) ) ;
#885 = EDGE_LOOP ( 'NONE', ( #6120, #2755, #1235, #5886, #3727, #3857, #5301, #6377, #2427, #5727, #4579, #3264, #2187, #5642, #748, #569, #1143, #3666, #3975, #914, #755, #3988, #4466, #2204, #5460, #33, #928, #1160, #4982, #3924, #4967, #2597, #2706, #2063, #6523, #630, #3252, #6057, #3674 ) ) ;
#886 = CARTESIAN_POINT ( 'NONE',  ( -22.01666666666666600, 0.9999999999999983300, -1.732050807568877900 ) ) ;
#887 = DIRECTION ( 'NONE',  ( 1.000000000000000000, 0.0000000000000000000, 0.0000000000000000000 ) ) ;
#888 = CARTESIAN_POINT ( 'NONE',  ( 25.83749999999999900, -3.277891600571076600E-016, 1.784401076758497700 ) ) ;
#889 = CARTESIAN_POINT ( 'NONE',  ( 18.98934776348294700, 1.286642089713250000, 1.275355194523587500 ) ) ;
#890 = PRODUCT ( '98952A449_Aluminum Male-Female Threaded Hex Standoff', '98952A449_Aluminum Male-Female Threaded Hex Standoff', '', ( #1823 ) ) ;
#891 = ORIENTED_EDGE ( 'NONE', *, *, #341, .F. ) ;
#892 = CARTESIAN_POINT ( 'NONE',  ( -22.27916666666666900, 0.7726683315065817600, -1.338300807568874300 ) ) ;
#893 = CARTESIAN_POINT ( 'NONE',  ( 20.52916666666666900, 0.9999999999999985600, 1.732050807568878100 ) ) ;
#894 = ORIENTED_EDGE ( 'NONE', *, *, #859, .T. ) ;
#895 = CARTESIAN_POINT ( 'NONE',  ( -18.72083333333333500, 1.545336663013165300, -0.8922005383792500600 ) ) ;
#896 = CARTESIAN_POINT ( 'NONE',  ( 20.09166666666666500, -2.000000000000000400, 1.154700538379250600 ) ) ;
#897 = CARTESIAN_POINT ( 'NONE',  ( 22.10416666666666800, 1.545336663013165100, -0.8922005383792486200 ) ) ;
#898 = CARTESIAN_POINT ( 'NONE',  ( -19.71250000000000200, 1.999999999999999600, 0.0000000000000000000 ) ) ;
#899 = VERTEX_POINT ( 'NONE', #2143 ) ;
#900 = AXIS2_PLACEMENT_3D ( 'NONE', #3763, #5862, #6458 ) ;
#901 = CARTESIAN_POINT ( 'NONE',  ( 23.24166666666666700, -1.545336663013165500, 0.8922005383792481800 ) ) ;
#902 = CARTESIAN_POINT ( 'NONE',  ( -27.44166666666666600, -1.545336663013166200, -0.8922005383792486200 ) ) ;
#903 = CARTESIAN_POINT ( 'NONE',  ( 23.12499999999999600, 2.905110965495596800E-016, -1.999999999999999600 ) ) ;
#904 = CARTESIAN_POINT ( 'NONE',  ( -25.02083333333333600, -1.999999999999999300, 1.154700538379251900 ) ) ;
#905 = CARTESIAN_POINT ( 'NONE',  ( -21.89999999999999900, 1.999999999999999600, 0.0000000000000000000 ) ) ;
#906 = ORIENTED_EDGE ( 'NONE', *, *, #6098, .F. ) ;
#907 = EDGE_CURVE ( 'NONE', #4506, #3005, #462, .T. ) ;
#908 = CARTESIAN_POINT ( 'NONE',  ( 24.96250000000000200, -2.000000000000000000, -2.449293598294706400E-016 ) ) ;
#909 = CARTESIAN_POINT ( 'NONE',  ( -21.55000000000000100, -1.999999999999999600, 2.449293598294705900E-016 ) ) ;
#910 = CARTESIAN_POINT ( 'NONE',  ( 27.00416666666666600, 1.545336663013165100, -0.8922005383792486200 ) ) ;
#911 = VERTEX_POINT ( 'NONE', #5779 ) ;
#912 = CARTESIAN_POINT ( 'NONE',  ( 21.72500000000000100, -3.277891600571076600E-016, 1.784401076758497700 ) ) ;
#913 = CARTESIAN_POINT ( 'NONE',  ( 24.40833333333333500, -1.999999999999999600, -1.154700538379252600 ) ) ;
#914 = ORIENTED_EDGE ( 'NONE', *, *, #3288, .T. ) ;
#915 = CARTESIAN_POINT ( 'NONE',  ( -20.52916666666666900, -0.7726683315065825400, 1.338300807568873800 ) ) ;
#916 = ORIENTED_EDGE ( 'NONE', *, *, #6233, .F. ) ;
#917 = CARTESIAN_POINT ( 'NONE',  ( 19.01250000000000300, 2.000000000000000000, 0.0000000000000000000 ) ) ;
#918 = CARTESIAN_POINT ( 'NONE',  ( -20.29583333333333400, -0.7726683315065834300, -1.338300807568873400 ) ) ;
#919 = CARTESIAN_POINT ( 'NONE',  ( 18.51666666666666600, 0.9999999999999985600, 1.732050807568878100 ) ) ;
#920 = CARTESIAN_POINT ( 'NONE',  ( -25.75000000000000000, 1.545336663013165700, 0.0000000000000000000 ) ) ;
#921 = EDGE_LOOP ( 'NONE', ( #1801, #1120, #1457, #5973 ) ) ;
#922 = CARTESIAN_POINT ( 'NONE',  ( 25.28333333333333100, -0.7726683315065832100, 1.338300807568872900 ) ) ;
#923 = CARTESIAN_POINT ( 'NONE',  ( 17.81666666666666600, -0.7726683315065822100, -1.338300807568873400 ) ) ;
#924 = CARTESIAN_POINT ( 'NONE',  ( -24.87500000000000000, 1.092630533523692700E-016, 1.784401076758498400 ) ) ;
#925 = CARTESIAN_POINT ( 'NONE',  ( 21.72500000000000100, 2.905110965495596800E-016, -1.999999999999999600 ) ) ;
#926 = CARTESIAN_POINT ( 'NONE',  ( -24.78750000000000100, -8.715332896486790000E-016, -1.999999999999999600 ) ) ;
#927 = CARTESIAN_POINT ( 'NONE',  ( -18.86666666666666700, -0.9999999999999993300, 1.732050807568877200 ) ) ;
#928 = ORIENTED_EDGE ( 'NONE', *, *, #3998, .T. ) ;
#929 = CARTESIAN_POINT ( 'NONE',  ( 17.50000000000000000, 0.0000000000000000000, 4.000000000000000000 ) ) ;
#930 = CONICAL_SURFACE ( 'NONE', #5569, 4.000000000000000000, 1.047197551196600100 ) ;
#931 = CARTESIAN_POINT ( 'NONE',  ( 27.42966333685553700, -1.524866750028816700, -0.2506926339349012700 ) ) ;
#932 = CARTESIAN_POINT ( 'NONE',  ( 26.82916666666666600, -0.7726683315065822100, -1.338300807568873400 ) ) ;
#933 = CARTESIAN_POINT ( 'NONE',  ( -27.04701815540612100, 1.608816783444747100, -0.2256911465683746100 ) ) ;
#934 = CARTESIAN_POINT ( 'NONE',  ( -24.61250000000000100, 1.999999999999999600, 0.0000000000000000000 ) ) ;
#935 = LINE ( 'NONE', #303, #2722 ) ;
#936 = CARTESIAN_POINT ( 'NONE',  ( -17.61250000000000400, -1.545336663013165700, 1.892491597964125200E-016 ) ) ;
#937 = CARTESIAN_POINT ( 'NONE',  ( -27.41250000000000100, -1.545336663013165700, 1.892491597964125200E-016 ) ) ;
#938 =( BOUNDED_CURVE ( )  B_SPLINE_CURVE ( 2, ( #4763, #3730, #3151, #2681, #46, #3686, #3197, #4787, #564 ),
 .UNSPECIFIED., .F., .T. ) 
 B_SPLINE_CURVE_WITH_KNOTS ( ( 3, 2, 2, 2, 3 ),
 ( 0.5468750000000000000, 0.5520833333333333700, 0.5625000000000000000, 0.5729166666666666300, 0.5781250000000000000 ),
 .UNSPECIFIED. ) 
 CURVE ( )  GEOMETRIC_REPRESENTATION_ITEM ( )  RATIONAL_B_SPLINE_CURVE ( ( 0.9330127018922194100, 0.9330127018922194100, 1.000000000000000000, 0.8660254037844387100, 1.000000000000000000, 0.8660254037844387100, 1.000000000000000000, 0.9330127018922194100, 0.9330127018922194100 ) ) 
 REPRESENTATION_ITEM ( '' )  );
#939 = CARTESIAN_POINT ( 'NONE',  ( -19.07083333333333600, -1.545336663013165300, 0.8922005383792495100 ) ) ;
#940 = CARTESIAN_POINT ( 'NONE',  ( 25.66249999999999800, 1.545336663013165100, 0.0000000000000000000 ) ) ;
#941 = ADVANCED_FACE ( 'NONE', ( #3221 ), #6584, .T. ) ;
#942 = CARTESIAN_POINT ( 'NONE',  ( 20.87916666666666300, 0.7726683315065814300, 1.338300807568873800 ) ) ;
#943 = CARTESIAN_POINT ( 'NONE',  ( -17.00709687542306300, 1.378339278461858000, -1.513616523303914700 ) ) ;
#944 = CARTESIAN_POINT ( 'NONE',  ( 22.54166666666666800, -1.545336663013165500, 0.8922005383792481800 ) ) ;
#945 = CARTESIAN_POINT ( 'NONE',  ( 18.34166666666666500, -1.545336663013165300, 0.8922005383792482900 ) ) ;
#946 = EDGE_CURVE ( 'NONE', #4545, #4326, #1862, .T. ) ;
#947 = CARTESIAN_POINT ( 'NONE',  ( -26.56666666666666600, 0.7726683315065817600, -1.338300807568874300 ) ) ;
#948 = DIRECTION ( 'NONE',  ( 0.0000000000000000000, 0.0000000000000000000, 1.000000000000000000 ) ) ;
#949 = CARTESIAN_POINT ( 'NONE',  ( -19.62500000000000000, 1.414100318299875800E-016, 2.309401076758502500 ) ) ;
#950 = LINE ( 'NONE', #5573, #6339 ) ;
#951 = CIRCLE ( 'NONE', #1267, 1.474999999999999000 ) ;
#952 = CARTESIAN_POINT ( 'NONE',  ( 19.27499999999999900, -8.715332896486790000E-016, 2.000000000000000000 ) ) ;
#953 = CARTESIAN_POINT ( 'NONE',  ( 26.01249999999999600, -1.545336663013165100, -1.892491597964124500E-016 ) ) ;
#954 = EDGE_CURVE ( 'NONE', #1824, #1577, #1145, .T. ) ;
#955 = CARTESIAN_POINT ( 'NONE',  ( -27.14273441009208200, -2.309401076758876800, 4.000000000000000000 ) ) ;
#956 = CARTESIAN_POINT ( 'NONE',  ( -16.79583333333333800, -0.7726683315065834300, -1.338300807568873400 ) ) ;
#957 = CARTESIAN_POINT ( 'NONE',  ( -25.48750000000000400, 1.092630533523692700E-016, 1.784401076758498400 ) ) ;
#958 = DIRECTION ( 'NONE',  ( -1.000000000000000000, -0.0000000000000000000, -0.0000000000000000000 ) ) ;
#959 = CARTESIAN_POINT ( 'NONE',  ( 27.29583333333333100, -0.7726683315065832100, 1.338300807568872900 ) ) ;
#960 = ORIENTED_EDGE ( 'NONE', *, *, #1387, .F. ) ;
#961 = CARTESIAN_POINT ( 'NONE',  ( 21.11250000000000100, -1.545336663013165100, -1.892491597964124500E-016 ) ) ;
#962 = CARTESIAN_POINT ( 'NONE',  ( -26.33333333333333200, 0.7726683315065830900, 1.338300807568873600 ) ) ;
#963 = CARTESIAN_POINT ( 'NONE',  ( 20.96666666666666900, 0.7726683315065814300, 1.338300807568873800 ) ) ;
#964 = CARTESIAN_POINT ( 'NONE',  ( 19.91666666666666400, -0.7726683315065822100, -1.338300807568873400 ) ) ;
#965 = CARTESIAN_POINT ( 'NONE',  ( -24.81666666666666600, -0.7726683315065825400, 1.338300807568873800 ) ) ;
#966 = CARTESIAN_POINT ( 'NONE',  ( -24.99166666666666700, -2.000000000000000000, -1.154700538379250600 ) ) ;
#967 = VERTEX_POINT ( 'NONE', #4863 ) ;
#968 = CARTESIAN_POINT ( 'NONE',  ( -18.63333333333333600, -1.000000000000000700, -1.732050807568876300 ) ) ;
#969 = CARTESIAN_POINT ( 'NONE',  ( -25.48749999999999700, -8.715332896486790000E-016, -1.999999999999999600 ) ) ;
#970 = ADVANCED_FACE ( 'NONE', ( #2026 ), #4126, .T. ) ;
#971 = ORIENTED_EDGE ( 'NONE', *, *, #2172, .F. ) ;
#972 = CARTESIAN_POINT ( 'NONE',  ( -22.97916666666666800, -0.9999999999999993300, 1.732050807568877200 ) ) ;
#973 = CARTESIAN_POINT ( 'NONE',  ( 21.92916666666666700, -0.7726683315065822100, -1.338300807568873400 ) ) ;
#974 =( BOUNDED_SURFACE ( )  B_SPLINE_SURFACE ( 1, 2, ( 
 ( #491, #13, #1610, #5681, #35, #573, #5749, #3137, #3695, #1053, #2556, #6284, #4213, #1543, #3669, #4193, #1098, #3097, #57, #5194, #2073, #6767, #553, #4172, #5769, #5705, #1565, #5171, #2052, #5250, #4704, #2581, #3161, #3648, #2131, #6216, #1034, #1586, #5231, #1078, #6306, #533, #3076, #4725, #3625, #6259, #1011, #6242, #2646, #6741, #2601, #2113, #514, #3605, #4132, #4664, #4154, #2096, #5725, #4681, #3118, #3767, #5270, #1147, #5815, #2155, #101, #598, #4231, #2717, #1119, #3185, #4421, #5318, #2242, #2667, #668, #4844, #2691, #176, #3741, #4820, #4795, #1631, #641, #3812, #619, #3278, #78, #784, #6370, #4301, #4278, #1679, #1171, #4256, #5793, #3232, #128, #3255, #1702, #2758, #6349, #5865, #5341, #5841, #2219, #2175, #2739, #6394, #2197, #149, #3792, #1724, #1190, #5362, #5890, #6419, #4750, #6329, #3716, #4771, #1654, #5292, #3206, #6005, #1846, #1936, #288, #6577, #1403, #5474, #6605, #374, #5545, #2935, #3487, #855, #2350, #2415, #4019, #1336, #6070, #3995, #898, #2893, #6627, #4981, #1869, #6557, #3467, #3973, #5568, #5498, #1359, #1312, #4959, #5053, #4490, #2370, #2958, #3447, #2436, #2872, #830, #1380, #5028, #357, #6095, #333, #6529, #4513, #3425, #6047, #805, #6029, #877, #3401, #2390, #1912, #312, #3926, #4447, #3950, #4468, #5003, #1892, #5522, #2915, #3550, #5073, #943, #5610 ),
 ( #3019, #3070, #5631, #4100, #6139, #4584, #1470, #5117, #5138, #439, #6735, #2999, #461, #4078, #6186, #3042, #2002, #6670, #3507, #6119, #3598, #485, #2502, #4039, #6161, #1448, #962, #5655, #6692, #4607, #2024, #984, #1492, #2523, #2980, #4632, #920, #1959, #5591, #6714, #3573, #1514, #5164, #4125, #392, #2047, #2456, #4559, #5676, #412, #2549, #6210, #4536, #6651, #3528, #1426, #5096, #1980, #2479, #4060, #3709, #4148, #5246, #592, #6301, #1538, #3664, #1559, #1007, #3689, #1626, #5187, #4210, #1071, #4655, #5719, #1582, #1028, #3129, #5210, #2574, #30, #3091, #6760, #2068, #507, #6235, #2091, #1092, #2620, #4678, #2126, #5698, #4186, #3618, #529, #4743, #2596, #6257, #3114, #8, #3643, #5226, #5763, #4166, #1048, #5265, #1602, #4699, #548, #2110, #5743, #2149, #6277, #2639, #4719, #3155, #50, #567, #5786, #2663, #6324, #3178, #72, #2214, #3808, #1698, #4791, #2735, #2777, #5336, #686, #5835, #4274, #1167, #4814, #4838, #144, #6436, #2712, #169, #3785, #5884, #2754, #636, #6366, #3200, #5811, #3295, #192, #5860, #3735, #6390, #1140, #3250, #5358, #661, #4296, #1718, #4324, #1186, #2236, #2685, #1210, #613, #4766, #1648, #6412, #3273, #4859, #1747, #3831, #95, #5382, #5286, #4251, #2256, #122, #5905, #4227, #1113, #2169, #3227, #6346, #1673, #5311, #2192, #3761, #3416, #3855, #4950, #302, #5997 ) ),
 .UNSPECIFIED., .F., .F., .T. ) 
 B_SPLINE_SURFACE_WITH_KNOTS ( ( 2, 2 ),
 ( 3, 2, 2, 2, 2, 2, 2, 2, 2, 2, 2, 2, 2, 2, 2, 2, 2, 2, 2, 2, 2, 2, 2, 2, 2, 2, 2, 2, 2, 2, 2, 2, 2, 2, 2, 2, 2, 2, 2, 2, 2, 2, 2, 2, 2, 2, 2, 2, 2, 2, 2, 2, 2, 2, 2, 2, 2, 2, 2, 2, 2, 2, 2, 2, 2, 2, 2, 2, 2, 2, 2, 2, 2, 2, 2, 2, 2, 2, 2, 2, 2, 2, 2, 2, 2, 2, 2, 2, 2, 2, 2, 2, 2, 2, 2, 2, 3 ),
 ( 0.0000000000000000000, 1.000000000000000000 ),
 ( 0.0000000000000000000, 0.01041666666666666600, 0.02083333333333333200, 0.03125000000000000000, 0.04166666666666666400, 0.05208333333333333600, 0.06250000000000000000, 0.07291666666666667100, 0.08333333333333332900, 0.09375000000000000000, 0.1041666666666666700, 0.1145833333333333300, 0.1250000000000000000, 0.1354166666666666600, 0.1458333333333333400, 0.1562500000000000000, 0.1666666666666666600, 0.1770833333333333400, 0.1875000000000000000, 0.1979166666666666600, 0.2083333333333333400, 0.2187500000000000000, 0.2291666666666666600, 0.2395833333333333400, 0.2500000000000000000, 0.2604166666666666900, 0.2708333333333333100, 0.2812500000000000000, 0.2916666666666666900, 0.3020833333333333100, 0.3125000000000000000, 0.3229166666666666900, 0.3333333333333333100, 0.3437500000000000000, 0.3541666666666666900, 0.3645833333333333100, 0.3750000000000000000, 0.3854166666666666900, 0.3958333333333333100, 0.4062500000000000000, 0.4166666666666666900, 0.4270833333333333100, 0.4375000000000000000, 0.4479166666666666900, 0.4583333333333333100, 0.4687500000000000000, 0.4791666666666666900, 0.4895833333333333100, 0.5000000000000000000, 0.5104166666666666300, 0.5208333333333333700, 0.5312500000000000000, 0.5416666666666666300, 0.5520833333333333700, 0.5625000000000000000, 0.5729166666666666300, 0.5833333333333333700, 0.5937500000000000000, 0.6041666666666666300, 0.6145833333333333700, 0.6250000000000000000, 0.6354166666666666300, 0.6458333333333333700, 0.6562500000000000000, 0.6666666666666666300, 0.6770833333333333700, 0.6875000000000000000, 0.6979166666666666300, 0.7083333333333333700, 0.7187500000000000000, 0.7291666666666666300, 0.7395833333333333700, 0.7500000000000000000, 0.7604166666666666300, 0.7708333333333333700, 0.7812500000000000000, 0.7916666666666666300, 0.8020833333333333700, 0.8125000000000000000, 0.8229166666666666300, 0.8333333333333333700, 0.8437500000000000000, 0.8541666666666666300, 0.8645833333333333700, 0.8750000000000000000, 0.8854166666666666300, 0.8958333333333333700, 0.9062500000000000000, 0.9166666666666666300, 0.9270833333333333700, 0.9375000000000000000, 0.9479166666666666300, 0.9583333333333333700, 0.9687500000000000000, 0.9791666666666666300, 0.9895833333333333700, 0.9938824248164112000 ),
 .UNSPECIFIED. ) 
 GEOMETRIC_REPRESENTATION_ITEM ( )  RATIONAL_B_SPLINE_SURFACE ( (
 ( 1.000000000000000000, 0.8660254037844387100, 1.000000000000000000, 0.8660254037844387100, 1.000000000000000000, 0.8660254037844387100, 1.000000000000000000, 0.8660254037844387100, 1.000000000000000000, 0.8660254037844387100, 1.000000000000000000, 0.8660254037844387100, 1.000000000000000000, 0.8660254037844387100, 1.000000000000000000, 0.8660254037844387100, 1.000000000000000000, 0.8660254037844387100, 1.000000000000000000, 0.8660254037844387100, 1.000000000000000000, 0.8660254037844387100, 1.000000000000000000, 0.8660254037844387100, 1.000000000000000000, 0.8660254037844387100, 1.000000000000000000, 0.8660254037844387100, 1.000000000000000000, 0.8660254037844387100, 1.000000000000000000, 0.8660254037844387100, 1.000000000000000000, 0.8660254037844387100, 1.000000000000000000, 0.8660254037844387100, 1.000000000000000000, 0.8660254037844387100, 1.000000000000000000, 0.8660254037844387100, 1.000000000000000000, 0.8660254037844387100, 1.000000000000000000, 0.8660254037844387100, 1.000000000000000000, 0.8660254037844387100, 1.000000000000000000, 0.8660254037844387100, 1.000000000000000000, 0.8660254037844387100, 1.000000000000000000, 0.8660254037844387100, 1.000000000000000000, 0.8660254037844387100, 1.000000000000000000, 0.8660254037844387100, 1.000000000000000000, 0.8660254037844387100, 1.000000000000000000, 0.8660254037844387100, 1.000000000000000000, 0.8660254037844387100, 1.000000000000000000, 0.8660254037844387100, 1.000000000000000000, 0.8660254037844387100, 1.000000000000000000, 0.8660254037844387100, 1.000000000000000000, 0.8660254037844387100, 1.000000000000000000, 0.8660254037844387100, 1.000000000000000000, 0.8660254037844387100, 1.000000000000000000, 0.8660254037844387100, 1.000000000000000000, 0.8660254037844387100, 1.000000000000000000, 0.8660254037844387100, 1.000000000000000000, 0.8660254037844387100, 1.000000000000000000, 0.8660254037844387100, 1.000000000000000000, 0.8660254037844387100, 1.000000000000000000, 0.8660254037844387100, 1.000000000000000000, 0.8660254037844387100, 1.000000000000000000, 0.8660254037844387100, 1.000000000000000000, 0.8660254037844387100, 1.000000000000000000, 0.8660254037844387100, 1.000000000000000000, 0.8660254037844387100, 1.000000000000000000, 0.8660254037844387100, 1.000000000000000000, 0.8660254037844387100, 1.000000000000000000, 0.8660254037844387100, 1.000000000000000000, 0.8660254037844387100, 1.000000000000000000, 0.8660254037844387100, 1.000000000000000000, 0.8660254037844387100, 1.000000000000000000, 0.8660254037844387100, 1.000000000000000000, 0.8660254037844387100, 1.000000000000000000, 0.8660254037844387100, 1.000000000000000000, 0.8660254037844387100, 1.000000000000000000, 0.8660254037844387100, 1.000000000000000000, 0.8660254037844387100, 1.000000000000000000, 0.8660254037844387100, 1.000000000000000000, 0.8660254037844387100, 1.000000000000000000, 0.8660254037844387100, 1.000000000000000000, 0.8660254037844387100, 1.000000000000000000, 0.8660254037844387100, 1.000000000000000000, 0.8660254037844387100, 1.000000000000000000, 0.8660254037844387100, 1.000000000000000000, 0.8660254037844387100, 1.000000000000000000, 0.8660254037844387100, 1.000000000000000000, 0.8660254037844387100, 1.000000000000000000, 0.8660254037844387100, 1.000000000000000000, 0.8660254037844387100, 1.000000000000000000, 0.8660254037844387100, 1.000000000000000000, 0.8660254037844387100, 1.000000000000000000, 0.8660254037844387100, 1.000000000000000000, 0.8660254037844387100, 1.000000000000000000, 0.8660254037844387100, 1.000000000000000000, 0.8660254037844387100, 1.000000000000000000, 0.8660254037844387100, 1.000000000000000000, 0.8660254037844387100, 1.000000000000000000, 0.8660254037844387100, 1.000000000000000000, 0.8660254037844387100, 1.000000000000000000, 0.8660254037844387100, 1.000000000000000000, 0.8660254037844387100, 1.000000000000000000, 0.8660254037844387100, 1.000000000000000000, 0.8660254037844387100, 1.000000000000000000, 0.8660254037844387100, 1.000000000000000000, 0.8660254037844387100, 1.000000000000000000, 0.8660254037844387100, 1.000000000000000000, 0.8660254037844387100, 1.000000000000000000, 0.8660254037844387100, 1.000000000000000000, 0.8660254037844387100, 1.000000000000000000, 0.8660254037844387100, 1.000000000000000000, 0.8660254037844387100, 1.000000000000000000, 0.9447069716282451300, 0.9350542224270361700),
 ( 1.000000000000000000, 0.8660254037844387100, 1.000000000000000000, 0.8660254037844387100, 1.000000000000000000, 0.8660254037844387100, 1.000000000000000000, 0.8660254037844387100, 1.000000000000000000, 0.8660254037844387100, 1.000000000000000000, 0.8660254037844387100, 1.000000000000000000, 0.8660254037844387100, 1.000000000000000000, 0.8660254037844387100, 1.000000000000000000, 0.8660254037844387100, 1.000000000000000000, 0.8660254037844387100, 1.000000000000000000, 0.8660254037844387100, 1.000000000000000000, 0.8660254037844387100, 1.000000000000000000, 0.8660254037844387100, 1.000000000000000000, 0.8660254037844387100, 1.000000000000000000, 0.8660254037844387100, 1.000000000000000000, 0.8660254037844387100, 1.000000000000000000, 0.8660254037844387100, 1.000000000000000000, 0.8660254037844387100, 1.000000000000000000, 0.8660254037844387100, 1.000000000000000000, 0.8660254037844387100, 1.000000000000000000, 0.8660254037844387100, 1.000000000000000000, 0.8660254037844387100, 1.000000000000000000, 0.8660254037844387100, 1.000000000000000000, 0.8660254037844387100, 1.000000000000000000, 0.8660254037844387100, 1.000000000000000000, 0.8660254037844387100, 1.000000000000000000, 0.8660254037844387100, 1.000000000000000000, 0.8660254037844387100, 1.000000000000000000, 0.8660254037844387100, 1.000000000000000000, 0.8660254037844387100, 1.000000000000000000, 0.8660254037844387100, 1.000000000000000000, 0.8660254037844387100, 1.000000000000000000, 0.8660254037844387100, 1.000000000000000000, 0.8660254037844387100, 1.000000000000000000, 0.8660254037844387100, 1.000000000000000000, 0.8660254037844387100, 1.000000000000000000, 0.8660254037844387100, 1.000000000000000000, 0.8660254037844387100, 1.000000000000000000, 0.8660254037844387100, 1.000000000000000000, 0.8660254037844387100, 1.000000000000000000, 0.8660254037844387100, 1.000000000000000000, 0.8660254037844387100, 1.000000000000000000, 0.8660254037844387100, 1.000000000000000000, 0.8660254037844387100, 1.000000000000000000, 0.8660254037844387100, 1.000000000000000000, 0.8660254037844387100, 1.000000000000000000, 0.8660254037844387100, 1.000000000000000000, 0.8660254037844387100, 1.000000000000000000, 0.8660254037844387100, 1.000000000000000000, 0.8660254037844387100, 1.000000000000000000, 0.8660254037844387100, 1.000000000000000000, 0.8660254037844387100, 1.000000000000000000, 0.8660254037844387100, 1.000000000000000000, 0.8660254037844387100, 1.000000000000000000, 0.8660254037844387100, 1.000000000000000000, 0.8660254037844387100, 1.000000000000000000, 0.8660254037844387100, 1.000000000000000000, 0.8660254037844387100, 1.000000000000000000, 0.8660254037844387100, 1.000000000000000000, 0.8660254037844387100, 1.000000000000000000, 0.8660254037844387100, 1.000000000000000000, 0.8660254037844387100, 1.000000000000000000, 0.8660254037844387100, 1.000000000000000000, 0.8660254037844387100, 1.000000000000000000, 0.8660254037844387100, 1.000000000000000000, 0.8660254037844387100, 1.000000000000000000, 0.8660254037844387100, 1.000000000000000000, 0.8660254037844387100, 1.000000000000000000, 0.8660254037844387100, 1.000000000000000000, 0.8660254037844387100, 1.000000000000000000, 0.8660254037844387100, 1.000000000000000000, 0.8660254037844387100, 1.000000000000000000, 0.8660254037844387100, 1.000000000000000000, 0.8660254037844387100, 1.000000000000000000, 0.8660254037844387100, 1.000000000000000000, 0.8660254037844387100, 1.000000000000000000, 0.8660254037844387100, 1.000000000000000000, 0.8660254037844387100, 1.000000000000000000, 0.8660254037844387100, 1.000000000000000000, 0.8660254037844387100, 1.000000000000000000, 0.8660254037844387100, 1.000000000000000000, 0.8660254037844387100, 1.000000000000000000, 0.8660254037844387100, 1.000000000000000000, 0.8660254037844387100, 1.000000000000000000, 0.8660254037844387100, 1.000000000000000000, 0.8660254037844387100, 1.000000000000000000, 0.8660254037844387100, 1.000000000000000000, 0.8660254037844387100, 1.000000000000000000, 0.8660254037844387100, 1.000000000000000000, 0.8660254037844387100, 1.000000000000000000, 0.8660254037844387100, 1.000000000000000000, 0.8660254037844387100, 1.000000000000000000, 0.8660254037844387100, 1.000000000000000000, 0.8660254037844387100, 1.000000000000000000, 0.8660254037844387100, 1.000000000000000000, 0.9447069716282451300, 0.9350542224270361700) ) ) 
 REPRESENTATION_ITEM ( '' )  SURFACE ( )  );
#975 = CARTESIAN_POINT ( 'NONE',  ( 25.80623926088303900, -0.5358983848622530500, -1.999999999999995800 ) ) ;
#976 = PERSON ( 'UNSPECIFIED', 'UNSPECIFIED', 'UNSPECIFIED', ('UNSPECIFIED'), ('UNSPECIFIED'), ('UNSPECIFIED') ) ;
#977 = ORIENTED_EDGE ( 'NONE', *, *, #6281, .T. ) ;
#978 = CARTESIAN_POINT ( 'NONE',  ( -18.48750000000000100, 1.092630533523692700E-016, 1.784401076758498400 ) ) ;
#979 = DIRECTION ( 'NONE',  ( -1.000000000000000000, -0.0000000000000000000, -0.0000000000000000000 ) ) ;
#980 = CARTESIAN_POINT ( 'NONE',  ( -16.79583333333333800, -0.7726683315065834300, -1.338300807568873400 ) ) ;
#981 = CARTESIAN_POINT ( 'NONE',  ( 27.41249999999999800, -1.545336663013165100, -1.892491597964124500E-016 ) ) ;
#982 = EDGE_CURVE ( 'NONE', #5685, #578, #6710, .T. ) ;
#983 = CARTESIAN_POINT ( 'NONE',  ( -21.84166666666666100, -1.545336663013166400, -0.8922005383792486200 ) ) ;
#984 = CARTESIAN_POINT ( 'NONE',  ( -26.04166666666666800, -1.545336663013166200, -0.8922005383792486200 ) ) ;
#985 = CARTESIAN_POINT ( 'NONE',  ( 22.83333333333333600, 0.7726683315065827600, -1.338300807568873200 ) ) ;
#986 = ORIENTED_EDGE ( 'NONE', *, *, #6411, .T. ) ;
#987 = CARTESIAN_POINT ( 'NONE',  ( 20.20833333333333600, 1.545336663013164600, 0.8922005383792495100 ) ) ;
#988 = CARTESIAN_POINT ( 'NONE',  ( -26.39166666666666600, 1.545336663013165500, 0.8922005383792490600 ) ) ;
#989 = CARTESIAN_POINT ( 'NONE',  ( -20.38333333333333300, 1.000000000000000000, 1.732050807568877000 ) ) ;
#990 = DIRECTION ( 'NONE',  ( 0.0000000000000000000, 0.0000000000000000000, -1.000000000000000000 ) ) ;
#991 = EDGE_LOOP ( 'NONE', ( #6027, #2349, #4560, #3115 ) ) ;
#992 = CARTESIAN_POINT ( 'NONE',  ( -18.57500000000000300, -4.242300954899626700E-016, -2.309401076758502500 ) ) ;
#993 = ORIENTED_EDGE ( 'NONE', *, *, #2737, .T. ) ;
#994 = EDGE_CURVE ( 'NONE', #3658, #2114, #5514, .T. ) ;
#995 = CARTESIAN_POINT ( 'NONE',  ( 25.02083333333333600, -1.999999999999999600, -1.154700538379252600 ) ) ;
#996 = VERTEX_POINT ( 'NONE', #1395 ) ;
#997 = CARTESIAN_POINT ( 'NONE',  ( -16.40000000000000200, 0.0000000000000000000, 0.0000000000000000000 ) ) ;
#998 = CARTESIAN_POINT ( 'NONE',  ( 23.21249999999999900, -1.545336663013165100, -1.892491597964124500E-016 ) ) ;
#999 = CARTESIAN_POINT ( 'NONE',  ( -22.68750000000000400, 1.092630533523692700E-016, 1.784401076758498400 ) ) ;
#1000 = ORIENTED_EDGE ( 'NONE', *, *, #250, .F. ) ;
#1001 = CARTESIAN_POINT ( 'NONE',  ( -17.02916666666667200, -0.7726683315065825400, 1.338300807568873800 ) ) ;
#1002 = CARTESIAN_POINT ( 'NONE',  ( -25.37083333333334100, -1.545336663013165100, 0.8922005383792495100 ) ) ;
#1003 = CARTESIAN_POINT ( 'NONE',  ( -27.42969230920141800, 1.999999999999999600, -0.3403194632718905000 ) ) ;
#1004 = CARTESIAN_POINT ( 'NONE',  ( 27.23749999999999700, -3.277891600571076600E-016, 1.784401076758497700 ) ) ;
#1005 = ADVANCED_FACE ( 'NONE', ( #2899 ), #349, .T. ) ;
#1006 = CARTESIAN_POINT ( 'NONE',  ( -24.75833333333332900, -1.545336663013165300, 0.8922005383792495100 ) ) ;
#1007 = CARTESIAN_POINT ( 'NONE',  ( -23.88333333333333300, -0.7726683315065834300, -1.338300807568873400 ) ) ;
#1008 = CARTESIAN_POINT ( 'NONE',  ( 21.66666666666666800, 0.7726683315065814300, 1.338300807568873800 ) ) ;
#1009 = CARTESIAN_POINT ( 'NONE',  ( 18.51666666666666600, -0.7726683315065822100, -1.338300807568873400 ) ) ;
#1010 = CARTESIAN_POINT ( 'NONE',  ( -22.48333333333333400, -0.7726683315065834300, -1.338300807568873400 ) ) ;
#1011 = CARTESIAN_POINT ( 'NONE',  ( -25.42916666666667100, 0.9999999999999983300, -1.732050807568877900 ) ) ;
#1012 = FACE_OUTER_BOUND ( 'NONE', #5321, .T. ) ;
#1013 = CARTESIAN_POINT ( 'NONE',  ( -19.74166666666666700, 1.999999999999999800, 1.154700538379251000 ) ) ;
#1014 = DIRECTION ( 'NONE',  ( -1.000000000000000000, -0.0000000000000000000, -0.0000000000000000000 ) ) ;
#1015 = CARTESIAN_POINT ( 'NONE',  ( 19.24583333333333700, -1.000000000000000900, 1.732050807568876700 ) ) ;
#1016 = CARTESIAN_POINT ( 'NONE',  ( 20.99583333333333000, -0.7726683315065832100, 1.338300807568872900 ) ) ;
#1017 = CARTESIAN_POINT ( 'NONE',  ( -22.62916666666667000, -0.7726683315065825400, 1.338300807568873800 ) ) ;
#1018 = CARTESIAN_POINT ( 'NONE',  ( 27.37467753707905900, -0.2463939575614362000, 1.586134962241294100 ) ) ;
#1019 =( BOUNDED_CURVE ( )  B_SPLINE_CURVE ( 2, ( #3608, #3562, #972, #4685, #4621, #2159, #108, #3166, #3748 ),
 .UNSPECIFIED., .F., .T. ) 
 B_SPLINE_CURVE_WITH_KNOTS ( ( 3, 2, 2, 2, 3 ),
 ( 0.4531250000000000000, 0.4583333333333333100, 0.4687500000000000000, 0.4791666666666666900, 0.4843750000000000000 ),
 .UNSPECIFIED. ) 
 CURVE ( )  GEOMETRIC_REPRESENTATION_ITEM ( )  RATIONAL_B_SPLINE_CURVE ( ( 0.9330127018922194100, 0.9330127018922194100, 1.000000000000000000, 0.8660254037844387100, 1.000000000000000000, 0.8660254037844387100, 1.000000000000000000, 0.9330127018922194100, 0.9330127018922194100 ) ) 
 REPRESENTATION_ITEM ( '' )  );
#1020 = B_SPLINE_CURVE_WITH_KNOTS ( 'NONE', 3,
 ( #6051, #3954, #3976, #4516 ),
 .UNSPECIFIED., .F., .F.,
 ( 4, 4 ),
 ( 2.380737583816588700E-007, 0.002336974151641548200 ),
 .UNSPECIFIED. ) ;
#1021 = FACE_OUTER_BOUND ( 'NONE', #1035, .T. ) ;
#1022 = CYLINDRICAL_SURFACE ( 'NONE', #58, 2.000000000000000000 ) ;
#1023 = CARTESIAN_POINT ( 'NONE',  ( -17.32083333333333600, 1.545336663013165100, -0.8922005383792499500 ) ) ;
#1024 = CARTESIAN_POINT ( 'NONE',  ( -27.64583333333333600, 0.7726683315065830900, 1.338300807568873600 ) ) ;
#1025 = CARTESIAN_POINT ( 'NONE',  ( -18.45833333333333600, 1.999999999999998700, -1.154700538379252600 ) ) ;
#1026 = CARTESIAN_POINT ( 'NONE',  ( 27.70416666666666200, 1.545336663013165100, -0.8922005383792486200 ) ) ;
#1027 = CARTESIAN_POINT ( 'NONE',  ( -22.94999999999999900, 1.545336663013165700, 0.0000000000000000000 ) ) ;
#1028 = CARTESIAN_POINT ( 'NONE',  ( -23.35833333333333400, -1.545336663013165100, 0.8922005383792495100 ) ) ;
#1029 = CIRCLE ( 'NONE', #4358, 1.542796663013164900 ) ;
#1030 = CARTESIAN_POINT ( 'NONE',  ( 19.33333333333333600, 0.7726683315065827600, -1.338300807568873200 ) ) ;
#1031 = EDGE_CURVE ( 'NONE', #5165, #6269, #2575, .T. ) ;
#1032 = CARTESIAN_POINT ( 'NONE',  ( -22.19166666666666600, 1.545336663013165500, 0.8922005383792490600 ) ) ;
#1033 = DIRECTION ( 'NONE',  ( -1.000000000000000000, -0.0000000000000000000, -0.0000000000000000000 ) ) ;
#1034 = CARTESIAN_POINT ( 'NONE',  ( -26.01249999999999900, 1.999999999999999600, 0.0000000000000000000 ) ) ;
#1035 = EDGE_LOOP ( 'NONE', ( #6383, #3574, #2829, #1920, #5216, #1728, #1405, #4136 ) ) ;
#1036 = ADVANCED_FACE ( 'NONE', ( #4196 ), #2407, .T. ) ;
#1037 = CARTESIAN_POINT ( 'NONE',  ( -20.26876073911696700, 0.5358983848622455000, 1.999999999999999600 ) ) ;
#1038 = CARTESIAN_POINT ( 'NONE',  ( 20.41250000000000100, -1.545336663013165100, -1.892491597964124500E-016 ) ) ;
#1039 = AXIS2_PLACEMENT_3D ( 'NONE', #457, #2105, #3110 ) ;
#1040 = CARTESIAN_POINT ( 'NONE',  ( -23.38749999999999900, 1.092630533523692700E-016, 1.784401076758498400 ) ) ;
#1041 = CARTESIAN_POINT ( 'NONE',  ( 25.92500000000000400, 1.414100318299875800E-016, -2.309401076758502900 ) ) ;
#1042 = CARTESIAN_POINT ( 'NONE',  ( -24.40623926088303400, -0.5358983848622449500, 1.999999999999999600 ) ) ;
#1043 = ORIENTED_EDGE ( 'NONE', *, *, #994, .F. ) ;
#1044 = CARTESIAN_POINT ( 'NONE',  ( 18.79725184659986300, -6.391244124090311400E-016, 1.615048509613028900 ) ) ;
#1045 = CARTESIAN_POINT ( 'NONE',  ( -27.34029486458951700, 1.557634061133663900, 4.000000000000000000 ) ) ;
#1046 = CARTESIAN_POINT ( 'NONE',  ( 21.98749999999999700, 1.092630533523692200E-016, -1.784401076758497700 ) ) ;
#1047 = CARTESIAN_POINT ( 'NONE',  ( -22.30833333333333700, 1.545336663013165300, -0.8922005383792500600 ) ) ;
#1048 = CARTESIAN_POINT ( 'NONE',  ( -21.72500000000000100, -3.277891600571078100E-016, -1.784401076758498400 ) ) ;
#1049 = ORIENTED_EDGE ( 'NONE', *, *, #3193, .F. ) ;
#1050 = CARTESIAN_POINT ( 'NONE',  ( 0.0000000000000000000, 0.0000000000000000000, 0.0000000000000000000 ) ) ;
#1051 = CARTESIAN_POINT ( 'NONE',  ( -21.78333333333333500, -0.7726683315065834300, -1.338300807568873400 ) ) ;
#1052 = CARTESIAN_POINT ( 'NONE',  ( 17.50000000000000000, 3.464101615137753500, 2.000000000000001300 ) ) ;
#1053 = CARTESIAN_POINT ( 'NONE',  ( -27.58750000000000200, -4.242300954899626700E-016, -2.309401076758502500 ) ) ;
#1054 = CARTESIAN_POINT ( 'NONE',  ( 25.45623931950114000, 0.5358973799804944700, 2.000000580168749000 ) ) ;
#1055 = ORIENTED_EDGE ( 'NONE', *, *, #4244, .T. ) ;
#1056 = DIRECTION ( 'NONE',  ( 0.0000000000000000000, 0.0000000000000000000, -1.000000000000000000 ) ) ;
#1057 =( BOUNDED_CURVE ( )  B_SPLINE_CURVE ( 2, ( #1073, #5764, #5313, #4168, #3157, #2640, #3690, #1094, #5787 ),
 .UNSPECIFIED., .F., .T. ) 
 B_SPLINE_CURVE_WITH_KNOTS ( ( 3, 2, 2, 2, 3 ),
 ( 0.5781250000000000000, 0.5833333333333333700, 0.5937500000000000000, 0.6041666666666666300, 0.6093750000000000000 ),
 .UNSPECIFIED. ) 
 CURVE ( )  GEOMETRIC_REPRESENTATION_ITEM ( )  RATIONAL_B_SPLINE_CURVE ( ( 0.9330127018922194100, 0.9330127018922194100, 1.000000000000000000, 0.8660254037844387100, 1.000000000000000000, 0.8660254037844387100, 1.000000000000000000, 0.9330127018922194100, 0.9330127018922194100 ) ) 
 REPRESENTATION_ITEM ( '' )  );
#1058 = CARTESIAN_POINT ( 'NONE',  ( 19.50623926088303500, -0.5358983848622663700, -1.999999999999987600 ) ) ;
#1059 = CARTESIAN_POINT ( 'NONE',  ( 22.45416666666666200, -1.545336663013165300, 0.8922005383792482900 ) ) ;
#1060 = ORIENTED_EDGE ( 'NONE', *, *, #377, .T. ) ;
#1061 = CARTESIAN_POINT ( 'NONE',  ( -20.82083333333334000, 1.545336663013165100, -0.8922005383792499500 ) ) ;
#1062 = CARTESIAN_POINT ( 'NONE',  ( 27.32499999999999900, 1.414100318299875800E-016, -2.309401076758502900 ) ) ;
#1063 = CARTESIAN_POINT ( 'NONE',  ( 27.40687958451788800, -0.9209144948811295300, 1.275278277271008300 ) ) ;
#1064 = CARTESIAN_POINT ( 'NONE',  ( 18.97142829396046100, -1.134691185040105600, -1.388012612731490500 ) ) ;
#1065 = VERTEX_POINT ( 'NONE', #5746 ) ;
#1066 = CARTESIAN_POINT ( 'NONE',  ( -27.49999999999999600, 0.0000000000000000000, 4.000000000000000000 ) ) ;
#1067 = CARTESIAN_POINT ( 'NONE',  ( 21.57916666666666600, 0.7726683315065814300, 1.338300807568873800 ) ) ;
#1068 = ADVANCED_FACE ( 'NONE', ( #6747 ), #2651, .F. ) ;
#1069 = EDGE_CURVE ( 'NONE', #2943, #2928, #5281, .T. ) ;
#1070 = CARTESIAN_POINT ( 'NONE',  ( -20.50000000000000000, -1.545336663013165700, 1.892491597964125200E-016 ) ) ;
#1071 = CARTESIAN_POINT ( 'NONE',  ( -23.59166666666666500, 1.545336663013165500, 0.8922005383792490600 ) ) ;
#1072 = ORIENTED_EDGE ( 'NONE', *, *, #3510, .F. ) ;
#1073 = CARTESIAN_POINT ( 'NONE',  ( 21.02500000000000200, 2.905110965495596800E-016, -1.999999999999999600 ) ) ;
#1074 = ORIENTED_EDGE ( 'NONE', *, *, #6055, .F. ) ;
#1075 = CARTESIAN_POINT ( 'NONE',  ( -23.59166666666666500, 1.545336663013165500, 0.8922005383792490600 ) ) ;
#1076 = DESIGN_CONTEXT ( 'detailed design', #856, 'design' ) ;
#1077 = DIRECTION ( 'NONE',  ( -1.000000000000000000, 0.0000000000000000000, 0.0000000000000000000 ) ) ;
#1078 = CARTESIAN_POINT ( 'NONE',  ( -25.83750000000000200, 1.414100318299875800E-016, 2.309401076758502500 ) ) ;
#1079 = ORIENTED_EDGE ( 'NONE', *, *, #6682, .F. ) ;
#1080 = CARTESIAN_POINT ( 'NONE',  ( 22.10416666666666800, -2.000000000000000400, 1.154700538379250800 ) ) ;
#1081 = EDGE_CURVE ( 'NONE', #6112, #6134, #6336, .T. ) ;
#1082 = CARTESIAN_POINT ( 'NONE',  ( -16.40000000000000200, 0.0000000000000000000, 0.0000000000000000000 ) ) ;
#1083 = CARTESIAN_POINT ( 'NONE',  ( 19.59583333333333100, -0.7726683315065832100, 1.338300807568872900 ) ) ;
#1084 = CARTESIAN_POINT ( 'NONE',  ( -22.86250000000000100, 1.545336663013165700, 0.0000000000000000000 ) ) ;
#1085 = CARTESIAN_POINT ( 'NONE',  ( 25.05000000000000100, -2.000000000000000000, -2.449293598294706400E-016 ) ) ;
#1086 = DIRECTION ( 'NONE',  ( 0.0000000000000000000, 0.0000000000000000000, 1.000000000000000000 ) ) ;
#1087 = AXIS2_PLACEMENT_3D ( 'NONE', #1765, #2751, #704 ) ;
#1088 = CARTESIAN_POINT ( 'NONE',  ( -18.25416666666667000, 1.999999999999999600, 1.154700538379251000 ) ) ;
#1089 = CARTESIAN_POINT ( 'NONE',  ( -27.25151993662500900, 4.430380094434243100, -0.3263565795980914500 ) ) ;
#1090 = CARTESIAN_POINT ( 'NONE',  ( 24.37916666666666600, 0.7726683315065814300, 1.338300807568873800 ) ) ;
#1091 = CARTESIAN_POINT ( 'NONE',  ( -19.33333333333333600, 0.7726683315065830900, 1.338300807568873600 ) ) ;
#1092 = CARTESIAN_POINT ( 'NONE',  ( -22.71666666666666500, -0.7726683315065825400, 1.338300807568873800 ) ) ;
#1093 = FACE_OUTER_BOUND ( 'NONE', #4234, .T. ) ;
#1094 = CARTESIAN_POINT ( 'NONE',  ( 20.70626073911696400, -0.5358983848622460600, 1.999999999999999600 ) ) ;
#1095 = CARTESIAN_POINT ( 'NONE',  ( 20.93750000000000000, -4.543593550035113400E-014, -2.000000000000000000 ) ) ;
#1096 = CARTESIAN_POINT ( 'NONE',  ( -21.49166666666667100, 1.545336663013165500, 0.8922005383792490600 ) ) ;
#1097 = CARTESIAN_POINT ( 'NONE',  ( 20.44166666666666600, 2.000000000000000000, -1.154700538379251200 ) ) ;
#1098 = CARTESIAN_POINT ( 'NONE',  ( -27.17916666666666700, -0.9999999999999993300, 1.732050807568877200 ) ) ;
#1099 = FACE_OUTER_BOUND ( 'NONE', #4908, .T. ) ;
#1100 = CARTESIAN_POINT ( 'NONE',  ( -26.04166666666666800, 1.999999999999999600, 1.154700538379251000 ) ) ;
#1101 = ADVANCED_FACE ( 'NONE', ( #1603 ), #537, .F. ) ;
#1102 = FACE_OUTER_BOUND ( 'NONE', #6700, .T. ) ;
#1103 = CARTESIAN_POINT ( 'NONE',  ( -17.26249999999999900, -1.999999999999999600, 2.449293598294705900E-016 ) ) ;
#1104 = CARTESIAN_POINT ( 'NONE',  ( 27.20833333333333200, 1.545336663013164600, 0.8922005383792495100 ) ) ;
#1105 = FACE_OUTER_BOUND ( 'NONE', #5298, .T. ) ;
#1106 = CARTESIAN_POINT ( 'NONE',  ( -19.42083333333333400, 1.545336663013165100, -0.8922005383792499500 ) ) ;
#1107 = CARTESIAN_POINT ( 'NONE',  ( 27.26666666666666900, -0.9999999999999995600, -1.732050807568877400 ) ) ;
#1108 = CARTESIAN_POINT ( 'NONE',  ( 26.97499999999999100, -1.427050983124728000, 1.401258538444190500 ) ) ;
#1109 = EDGE_CURVE ( 'NONE', #4088, #3100, #3136, .T. ) ;
#1110 = CARTESIAN_POINT ( 'NONE',  ( 18.72754000000001200, 1.395157873172743400, 0.6722246533273423800 ) ) ;
#1111 = CARTESIAN_POINT ( 'NONE',  ( 23.67916666666666700, 0.7726683315065814300, 1.338300807568873800 ) ) ;
#1112 = CARTESIAN_POINT ( 'NONE',  ( -21.72500000000000100, -3.277891600571078100E-016, -1.784401076758498400 ) ) ;
#1113 = CARTESIAN_POINT ( 'NONE',  ( -17.34999999999999800, 1.545336663013165700, 0.0000000000000000000 ) ) ;
#1114 = CARTESIAN_POINT ( 'NONE',  ( 18.73929843479149300, 1.545336663013165100, -0.1636790098376784100 ) ) ;
#1115 = CARTESIAN_POINT ( 'NONE',  ( 17.49999999999999600, 0.0000000000000000000, 0.0000000000000000000 ) ) ;
#1116 = EDGE_CURVE ( 'NONE', #4896, #5173, #452, .T. ) ;
#1117 = CARTESIAN_POINT ( 'NONE',  ( -17.46666666666666500, 0.7726683315065817600, -1.338300807568874300 ) ) ;
#1118 = DIRECTION ( 'NONE',  ( 1.000000000000000000, 0.0000000000000000000, 0.0000000000000000000 ) ) ;
#1119 = CARTESIAN_POINT ( 'NONE',  ( -24.02916666666667200, 0.9999999999999983300, -1.732050807568877900 ) ) ;
#1120 = ORIENTED_EDGE ( 'NONE', *, *, #4216, .T. ) ;
#1121 = CARTESIAN_POINT ( 'NONE',  ( 25.42916666666667100, 0.9999999999999985600, 1.732050807568878100 ) ) ;
#1122 = CARTESIAN_POINT ( 'NONE',  ( -19.15623926088304100, 0.5358983848622441700, -2.000000000000000000 ) ) ;
#1123 = CARTESIAN_POINT ( 'NONE',  ( 20.06249999999999600, 1.545336663013165100, 0.0000000000000000000 ) ) ;
#1124 = CARTESIAN_POINT ( 'NONE',  ( 22.04583333333333400, -1.000000000000000900, 1.732050807568876700 ) ) ;
#1125 = CARTESIAN_POINT ( 'NONE',  ( -27.14273441009183300, -4.618802153517006700, -1.743461609413580400E-015 ) ) ;
#1126 = ORIENTED_EDGE ( 'NONE', *, *, #6333, .T. ) ;
#1127 = CARTESIAN_POINT ( 'NONE',  ( -17.32083333333333300, -1.999999999999999300, 1.154700538379251900 ) ) ;
#1128 = CARTESIAN_POINT ( 'NONE',  ( -16.40000000000000200, 0.0000000000000000000, 2.000000000000000000 ) ) ;
#1129 = CARTESIAN_POINT ( 'NONE',  ( 17.20416666666666600, 1.545336663013165100, -0.8922005383792486200 ) ) ;
#1130 = CARTESIAN_POINT ( 'NONE',  ( -17.84583333333333500, 0.7726683315065830900, 1.338300807568873600 ) ) ;
#1131 = CARTESIAN_POINT ( 'NONE',  ( 26.97500000000000100, -4.242300954899627700E-016, 2.309401076758502900 ) ) ;
#1132 = CARTESIAN_POINT ( 'NONE',  ( 25.19373926088303900, -0.5358983848622451700, -2.000000000000000000 ) ) ;
#1133 = ORIENTED_EDGE ( 'NONE', *, *, #3602, .F. ) ;
#1134 = CARTESIAN_POINT ( 'NONE',  ( 18.72753999999999400, 1.511048216899482300, -0.3237262551254618800 ) ) ;
#1135 = CARTESIAN_POINT ( 'NONE',  ( -27.35626073911696600, 0.5358983848622453900, 1.999999999999999600 ) ) ;
#1136 = CARTESIAN_POINT ( 'NONE',  ( -25.54373926088303300, 0.5358983848622441700, -2.000000000000000000 ) ) ;
#1137 = CARTESIAN_POINT ( 'NONE',  ( 21.92916666666666700, -0.7726683315065822100, -1.338300807568873400 ) ) ;
#1138 = ADVANCED_FACE ( 'NONE', ( #2253 ), #5110, .T. ) ;
#1139 = CARTESIAN_POINT ( 'NONE',  ( -18.22499999999999800, -3.277891600571078100E-016, -1.784401076758498400 ) ) ;
#1140 = CARTESIAN_POINT ( 'NONE',  ( -18.92499999999999700, -3.277891600571078100E-016, -1.784401076758498400 ) ) ;
#1141 = AXIS2_PLACEMENT_3D ( 'NONE', #5170, #417, #6720 ) ;
#1142 = CARTESIAN_POINT ( 'NONE',  ( -20.99373926088303600, -0.5358983848622449500, 1.999999999999999600 ) ) ;
#1143 = ORIENTED_EDGE ( 'NONE', *, *, #1691, .T. ) ;
#1144 = CARTESIAN_POINT ( 'NONE',  ( -19.56666666666666600, 0.7726683315065817600, -1.338300807568874300 ) ) ;
#1145 =( BOUNDED_CURVE ( )  B_SPLINE_CURVE ( 2, ( #1641, #3220, #114, #5376, #3235, #3796, #1727, #4397, #1265, #6487, #2286, #6028, #829, #1799, #783, #5434, #2847, #3352, #2892, #6466, #1311, #3925, #4958, #1845, #738, #3329, #1335, #3887, #221, #2327, #1241, #1287, #6556, #3424, #4935, #2305, #1822, #2871, #804, #1868, #6528, #3949, #4890, #5936, #5957, #5002, #2455, #854, #5544, #6669, #3527, #6046, #4059, #6576, #5072, #6604, #356, #4038, #6650, #6138, #4489, #4467, #1358, #2998, #332, #1447, #5521, #3972, #6118, #4512, #1958, #1379, #5590, #1891, #2478, #3506, #1425, #391, #373, #2914, #5027, #1911, #3466, #2435, #1402, #5052, #1935, #2979, #6626, #3486, #5567, #6094, #2957, #897, #4558, #4535, #5095, #1979, #5609, #4606, #2023, #3549, #1491, #5630, #5116, #3018, #2001, #5137, #6691, #2501, #961, #6160, #438, #4077, #942, #4583, #1469, #2768, #4314, #3312, #4807, #1201, #185, #700, #1665, #3219, #230, #1566, #1123, #4774, #3327, #5161, #2088, #1184, #709, #663, #4884, #1282, #5931, #2258, #172, #689, #4927, #4839, #3322, #5447, #4907, #733, #1792, #5360, #1721, #2822, #3298 ),
 .UNSPECIFIED., .F., .T. ) 
 B_SPLINE_CURVE_WITH_KNOTS ( ( 3, 2, 2, 2, 2, 2, 2, 2, 2, 2, 2, 2, 2, 2, 2, 2, 2, 2, 2, 2, 2, 2, 2, 2, 2, 2, 2, 2, 2, 2, 2, 2, 2, 2, 2, 2, 2, 2, 2, 2, 2, 2, 2, 2, 2, 2, 2, 2, 2, 2, 2, 2, 2, 2, 2, 2, 2, 2, 2, 2, 2, 2, 2, 2, 2, 2, 2, 2, 2, 2, 2, 2, 2, 2, 2, 2, 3 ),
 ( 0.03096917093951722900, 0.03271172876617701300, 0.04361563835490267500, 0.05451954794362834400, 0.06542345753235401200, 0.07632736712107968100, 0.08723127670980533600, 0.09813518629853100500, 0.1090390958872566700, 0.1199430054759823400, 0.1308469150647080000, 0.1417508246534336700, 0.1526547342421593300, 0.1635586438308850000, 0.1744625534196106700, 0.1853664630083363400, 0.1962703725970619800, 0.2071742821857876800, 0.2180781917745133500, 0.2289821013632390200, 0.2398860109519646600, 0.2507899205406903300, 0.2616938301294159900, 0.2725977397181416600, 0.2835016493068672800, 0.2944055588955930000, 0.3053094684843186700, 0.3162133780730443400, 0.3271172876617699500, 0.3380211972504956800, 0.3489251068392212900, 0.3598290164279469600, 0.3707329260166726800, 0.3816368356053983500, 0.3925407451941240200, 0.4034446547828496300, 0.4143485643715753000, 0.4252524739603010300, 0.4361563835490266900, 0.4470602931377523100, 0.4579642027264779800, 0.4688681123152037000, 0.4797720219039292600, 0.4906759314926549800, 0.5015798410813806500, 0.5124837506701063200, 0.5233876602588318800, 0.5342915698475575500, 0.5451954794362833300, 0.5560993890250089900, 0.5670032986137346600, 0.5779072082024603300, 0.5888111177911860000, 0.5997150273799115600, 0.6106189369686373400, 0.6215228465573629000, 0.6324267561460885600, 0.6433306657348143400, 0.6542345753235400100, 0.6651384849122655700, 0.6760423945009913500, 0.6869463040897170200, 0.6978502136784426900, 0.7087541232671683600, 0.7196580328558939100, 0.7305619424446195800, 0.7414658520333453600, 0.7523697616220709200, 0.7632736712107965900, 0.7741775807995223700, 0.7850814903882480400, 0.7959853999769737100, 0.8068893095656992600, 0.8177932191544249300, 0.8286971287431506000, 0.8396010383318763800, 0.8444676790498747400 ),
 .UNSPECIFIED. ) 
 CURVE ( )  GEOMETRIC_REPRESENTATION_ITEM ( )  RATIONAL_B_SPLINE_CURVE ( ( 0.9640221897782039800, 0.9785894701978821200, 1.000000000000000000, 0.8660254037844387100, 1.000000000000000000, 0.8660254037844387100, 1.000000000000000000, 0.8660254037844387100, 1.000000000000000000, 0.8660254037844387100, 1.000000000000000000, 0.8660254037844387100, 1.000000000000000000, 0.8660254037844387100, 1.000000000000000000, 0.8660254037844387100, 1.000000000000000000, 0.8660254037844387100, 1.000000000000000000, 0.8660254037844387100, 1.000000000000000000, 0.8660254037844387100, 1.000000000000000000, 0.8660254037844387100, 1.000000000000000000, 0.8660254037844387100, 1.000000000000000000, 0.8660254037844387100, 1.000000000000000000, 0.8660254037844387100, 1.000000000000000000, 0.8660254037844387100, 1.000000000000000000, 0.8660254037844387100, 1.000000000000000000, 0.8660254037844387100, 1.000000000000000000, 0.8660254037844387100, 1.000000000000000000, 0.8660254037844387100, 1.000000000000000000, 0.8660254037844387100, 1.000000000000000000, 0.8660254037844387100, 1.000000000000000000, 0.8660254037844387100, 1.000000000000000000, 0.8660254037844387100, 1.000000000000000000, 0.8660254037844387100, 1.000000000000000000, 0.8660254037844387100, 1.000000000000000000, 0.8660254037844387100, 1.000000000000000000, 0.8660254037844387100, 1.000000000000000000, 0.8660254037844387100, 1.000000000000000000, 0.8660254037844387100, 1.000000000000000000, 0.8660254037844387100, 1.000000000000000000, 0.8660254037844387100, 1.000000000000000000, 0.8660254037844387100, 1.000000000000000000, 0.8660254037844387100, 1.000000000000000000, 0.8660254037844387100, 1.000000000000000000, 0.8660254037844387100, 1.000000000000000000, 0.8660254037844387100, 1.000000000000000000, 0.8660254037844387100, 1.000000000000000000, 0.8660254037844387100, 1.000000000000000000, 0.8660254037844387100, 1.000000000000000000, 0.8660254037844387100, 1.000000000000000000, 0.8660254037844387100, 1.000000000000000000, 0.8660254037844387100, 1.000000000000000000, 0.8660254037844387100, 1.000000000000000000, 0.8660254037844387100, 1.000000000000000000, 0.8660254037844387100, 1.000000000000000000, 0.8660254037844387100, 1.000000000000000000, 0.8660254037844387100, 1.000000000000000000, 0.8660254037844387100, 1.000000000000000000, 0.8660254037844387100, 1.000000000000000000, 0.8660254037844387100, 1.000000000000000000, 0.8660254037844387100, 1.000000000000000000, 0.8660254037844387100, 1.000000000000000000, 0.8660254037844387100, 1.000000000000000000, 0.8660254037844387100, 1.000000000000000000, 0.8660254037844387100, 1.000000000000000000, 0.8660254037844387100, 1.000000000000000000, 0.8660254037844387100, 1.000000000000000000, 0.8660254037844387100, 1.000000000000000000, 0.8660254037844387100, 1.000000000000000000, 0.8660254037844387100, 1.000000000000000000, 0.8660254037844387100, 1.000000000000000000, 0.8660254037844387100, 1.000000000000000000, 0.8660254037844387100, 1.000000000000000000, 0.8660254037844387100, 1.000000000000000000, 0.8660254037844387100, 1.000000000000000000, 0.8660254037844387100, 1.000000000000000000, 0.8660254037844387100, 1.000000000000000000, 0.8660254037844387100, 1.000000000000000000, 0.8660254037844387100, 1.000000000000000000, 0.8660254037844387100, 1.000000000000000000, 0.8660254037844387100, 1.000000000000000000, 0.8660254037844387100, 1.000000000000000000, 0.8660254037844387100, 1.000000000000000000, 0.8660254037844387100, 1.000000000000000000, 0.9402043624981797400, 0.9337847882986321000 ) ) 
 REPRESENTATION_ITEM ( '' )  );
#1146 = CARTESIAN_POINT ( 'NONE',  ( -26.99453666301307900, 1.269955597890995500, 0.8804988253472592100 ) ) ;
#1147 = CARTESIAN_POINT ( 'NONE',  ( -24.43750000000000000, 1.414100318299875800E-016, 2.309401076758502500 ) ) ;
#1148 = CARTESIAN_POINT ( 'NONE',  ( 26.18750000000000400, -4.242300954899627700E-016, 2.309401076758502900 ) ) ;
#1149 = CARTESIAN_POINT ( 'NONE',  ( -25.13750000000000300, -3.277891600571078100E-016, -1.784401076758498400 ) ) ;
#1150 = ORIENTED_EDGE ( 'NONE', *, *, #1926, .F. ) ;
#1151 = CARTESIAN_POINT ( 'NONE',  ( 21.98750012630435800, -2.165217657753770800E-006, 1.999999999998828000 ) ) ;
#1152 = CARTESIAN_POINT ( 'NONE',  ( -27.50000000000000000, -3.857556137907077500, -1.318516776095768300 ) ) ;
#1153 = EDGE_LOOP ( 'NONE', ( #4585, #3313, #3359, #5795 ) ) ;
#1154 = CARTESIAN_POINT ( 'NONE',  ( -16.39999999999999900, 1.260678807558006400, -1.552639347747609000 ) ) ;
#1155 = DIRECTION ( 'NONE',  ( 1.000000000000000000, 0.0000000000000000000, 0.0000000000000000000 ) ) ;
#1156 = CARTESIAN_POINT ( 'NONE',  ( 17.32083333333333600, 1.545336663013164600, 0.8922005383792495100 ) ) ;
#1157 = AXIS2_PLACEMENT_3D ( 'NONE', #5233, #6332, #2134 ) ;
#1158 = CARTESIAN_POINT ( 'NONE',  ( -19.24583333333333700, 0.7726683315065830900, 1.338300807568873600 ) ) ;
#1159 = CARTESIAN_POINT ( 'NONE',  ( 22.30833333333333700, -1.999999999999999800, -1.154700538379252100 ) ) ;
#1160 = ORIENTED_EDGE ( 'NONE', *, *, #250, .T. ) ;
#1161 = ORIENTED_EDGE ( 'NONE', *, *, #3203, .F. ) ;
#1162 = CARTESIAN_POINT ( 'NONE',  ( 27.50000000000000000, -1.545336663013165100, -1.892491597964124500E-016 ) ) ;
#1163 = CARTESIAN_POINT ( 'NONE',  ( -22.60000000000000100, 1.999999999999999600, 0.0000000000000000000 ) ) ;
#1164 = CARTESIAN_POINT ( 'NONE',  ( 18.42916666666666700, -0.7726683315065822100, -1.338300807568873400 ) ) ;
#1165 = EDGE_CURVE ( 'NONE', #996, #4809, #6004, .T. ) ;
#1166 = CARTESIAN_POINT ( 'NONE',  ( -19.62500000000000000, -3.277891600571078100E-016, -1.784401076758498400 ) ) ;
#1167 = CARTESIAN_POINT ( 'NONE',  ( -20.03333333333333500, 0.7726683315065830900, 1.338300807568873600 ) ) ;
#1168 = CARTESIAN_POINT ( 'NONE',  ( -25.22499999999999800, 2.905110965495596800E-016, 1.999999999999999600 ) ) ;
#1169 = VERTEX_POINT ( 'NONE', #1606 ) ;
#1170 = CARTESIAN_POINT ( 'NONE',  ( -17.05833333333333700, -1.545336663013165100, 0.8922005383792495100 ) ) ;
#1171 = CARTESIAN_POINT ( 'NONE',  ( -22.62916666666667000, 0.9999999999999983300, -1.732050807568877900 ) ) ;
#1172 = CARTESIAN_POINT ( 'NONE',  ( 27.17916666666666700, -0.9999999999999995600, -1.732050807568877400 ) ) ;
#1173 = CARTESIAN_POINT ( 'NONE',  ( 17.25100024230673800, -1.934357232518654700, -4.000000000000001800 ) ) ;
#1174 = CARTESIAN_POINT ( 'NONE',  ( 20.99583333333333400, 1.000000000000000200, -1.732050807568877200 ) ) ;
#1175 = CARTESIAN_POINT ( 'NONE',  ( 26.97499999999999800, -3.945140691143020400E-014, 2.000000000000000000 ) ) ;
#1176 = DIRECTION ( 'NONE',  ( -1.000000000000000000, 0.0000000000000000000, -0.0000000000000000000 ) ) ;
#1177 = CARTESIAN_POINT ( 'NONE',  ( -16.40000000000000200, 0.0000000000000000000, 2.000000000000000000 ) ) ;
#1178 = CARTESIAN_POINT ( 'NONE',  ( 19.30416666666666400, 1.545336663013165100, -0.8922005383792486200 ) ) ;
#1179 = CARTESIAN_POINT ( 'NONE',  ( -19.30416666666666700, 1.545336663013165500, 0.8922005383792490600 ) ) ;
#1180 = CARTESIAN_POINT ( 'NONE',  ( 22.36666666666666700, -0.9999999999999995600, -1.732050807568877400 ) ) ;
#1181 = CARTESIAN_POINT ( 'NONE',  ( 19.79999999999999700, 2.000000000000000000, 0.0000000000000000000 ) ) ;
#1182 = CARTESIAN_POINT ( 'NONE',  ( 25.86666666666666700, 0.7726683315065814300, 1.338300807568873800 ) ) ;
#1183 = CARTESIAN_POINT ( 'NONE',  ( -27.49999999999999600, 4.618802153517006700, 1.700559480795179900E-015 ) ) ;
#1184 = CARTESIAN_POINT ( 'NONE',  ( 19.77083333333333600, -1.545336663013164400, -0.8922005383792492900 ) ) ;
#1185 = CARTESIAN_POINT ( 'NONE',  ( 20.00416666666666300, 1.545336663013165100, -0.8922005383792486200 ) ) ;
#1186 = CARTESIAN_POINT ( 'NONE',  ( -18.51666666666666600, -0.7726683315065825400, 1.338300807568873800 ) ) ;
#1187 = LINE ( 'NONE', #2699, #305 ) ;
#1188 = CARTESIAN_POINT ( 'NONE',  ( -18.22500000000000100, -3.277891600571078100E-016, -1.784401076758498400 ) ) ;
#1189 = CARTESIAN_POINT ( 'NONE',  ( 18.72499999999999800, 0.0000000000000000000, 0.0000000000000000000 ) ) ;
#1190 = CARTESIAN_POINT ( 'NONE',  ( -21.46250000000000200, -1.999999999999999600, 2.449293598294705900E-016 ) ) ;
#1191 = CARTESIAN_POINT ( 'NONE',  ( 17.23333333333333400, 0.7726683315065827600, -1.338300807568873200 ) ) ;
#1192 = CARTESIAN_POINT ( 'NONE',  ( -26.65416666666666900, -1.545336663013166400, -0.8922005383792486200 ) ) ;
#1193 = LINE ( 'NONE', #3638, #5272 ) ;
#1194 = FACE_OUTER_BOUND ( 'NONE', #96, .T. ) ;
#1195 = CARTESIAN_POINT ( 'NONE',  ( 20.96876073911696600, 0.5358983848622244100, -2.000000000000012000 ) ) ;
#1196 = CARTESIAN_POINT ( 'NONE',  ( 27.42966333698684200, -1.527410924559715600, 0.2557936912245963300 ) ) ;
#1197 = CARTESIAN_POINT ( 'NONE',  ( -27.29583333333333400, 1.000000000000000000, 1.732050807568877000 ) ) ;
#1198 = CARTESIAN_POINT ( 'NONE',  ( 23.47500000000000100, 1.092630533523692200E-016, -1.784401076758497700 ) ) ;
#1199 = CARTESIAN_POINT ( 'NONE',  ( -18.02083333333333900, 1.545336663013165100, -0.8922005383792499500 ) ) ;
#1200 = CARTESIAN_POINT ( 'NONE',  ( 22.42500000000000100, 1.414100318299875800E-016, -2.309401076758502900 ) ) ;
#1201 = CARTESIAN_POINT ( 'NONE',  ( 20.47083333333333500, -1.545336663013164400, -0.8922005383792492900 ) ) ;
#1202 = CARTESIAN_POINT ( 'NONE',  ( -24.43749999999999600, 2.905110965495596800E-016, 1.999999999999999600 ) ) ;
#1203 = ORIENTED_EDGE ( 'NONE', *, *, #6109, .T. ) ;
#1204 = EDGE_CURVE ( 'NONE', #3346, #98, #1954, .T. ) ;
#1205 = CARTESIAN_POINT ( 'NONE',  ( 27.15964292956312700, 0.4483115524847714500, -1.773650163865095200 ) ) ;
#1206 = CARTESIAN_POINT ( 'NONE',  ( 21.75626073911696800, 0.5358983848622456100, -1.999999999999999600 ) ) ;
#1207 = CARTESIAN_POINT ( 'NONE',  ( 23.32916666666666900, 0.9999999999999985600, 1.732050807568878100 ) ) ;
#1208 = CARTESIAN_POINT ( 'NONE',  ( 18.31250000000000000, -1.545336663013165100, -1.892491597964124500E-016 ) ) ;
#1209 = CARTESIAN_POINT ( 'NONE',  ( -16.40000000000900100, 1.587669801176680600, -1.126462388065212300 ) ) ;
#1210 = CARTESIAN_POINT ( 'NONE',  ( -18.34166666666666500, -1.545336663013166200, -0.8922005383792486200 ) ) ;
#1211 = ORIENTED_EDGE ( 'NONE', *, *, #5152, .T. ) ;
#1212 = CARTESIAN_POINT ( 'NONE',  ( -27.09710386658784700, 0.8901733626328669500, 1.392688799427667800 ) ) ;
#1213 = EDGE_CURVE ( 'NONE', #3862, #3599, #2932, .T. ) ;
#1214 = CARTESIAN_POINT ( 'NONE',  ( -16.71922308141812900, 1.260336688851691400, -0.8942129683621348200 ) ) ;
#1215 = CARTESIAN_POINT ( 'NONE',  ( 26.62500000000000000, 2.905110965495596800E-016, -1.999999999999999600 ) ) ;
#1216 = CARTESIAN_POINT ( 'NONE',  ( 26.47916666666666800, -0.9999999999999995600, -1.732050807568877400 ) ) ;
#1217 = CARTESIAN_POINT ( 'NONE',  ( -24.90416666666666900, 1.545336663013165700, 0.8922005383792489500 ) ) ;
#1218 = ORIENTED_EDGE ( 'NONE', *, *, #341, .T. ) ;
#1219 = DIRECTION ( 'NONE',  ( 1.000000000000000000, 0.0000000000000000000, 0.0000000000000000000 ) ) ;
#1220 = CARTESIAN_POINT ( 'NONE',  ( 19.18750044286874600, -7.592036066077072900E-006, 1.999999999985590600 ) ) ;
#1221 = CARTESIAN_POINT ( 'NONE',  ( 22.19166666666666600, -2.000000000000000400, 1.154700538379250800 ) ) ;
#1222 = CARTESIAN_POINT ( 'NONE',  ( 25.92500000000000400, -3.277891600571076600E-016, 1.784401076758497700 ) ) ;
#1223 = ORIENTED_EDGE ( 'NONE', *, *, #5664, .F. ) ;
#1224 = CARTESIAN_POINT ( 'NONE',  ( -16.63172308141813000, 1.260336688851691400, -0.8942129683621348200 ) ) ;
#1225 = CARTESIAN_POINT ( 'NONE',  ( 23.82499999999999900, 1.414100318299875800E-016, -2.309401076758502900 ) ) ;
#1226 = CARTESIAN_POINT ( 'NONE',  ( 27.32499999999999900, -3.277891600571076600E-016, 1.784401076758497700 ) ) ;
#1227 = EDGE_LOOP ( 'NONE', ( #6385, #916, #2417 ) ) ;
#1228 = DIRECTION ( 'NONE',  ( -1.000000000000000000, -0.0000000000000000000, -0.0000000000000000000 ) ) ;
#1229 = CARTESIAN_POINT ( 'NONE',  ( 20.29583333333333100, -0.7726683315065832100, 1.338300807568872900 ) ) ;
#1230 =( BOUNDED_CURVE ( )  B_SPLINE_CURVE ( 2, ( #6014, #233, #6542, #841, #750, #3412, #6498, #297, #4455 ),
 .UNSPECIFIED., .F., .T. ) 
 B_SPLINE_CURVE_WITH_KNOTS ( ( 3, 2, 2, 2, 3 ),
 ( 0.2968750000000000000, 0.3020833333333333100, 0.3125000000000000000, 0.3229166666666666900, 0.3281250000000000000 ),
 .UNSPECIFIED. ) 
 CURVE ( )  GEOMETRIC_REPRESENTATION_ITEM ( )  RATIONAL_B_SPLINE_CURVE ( ( 0.9330127018922194100, 0.9330127018922194100, 1.000000000000000000, 0.8660254037844387100, 1.000000000000000000, 0.8660254037844387100, 1.000000000000000000, 0.9330127018922194100, 0.9330127018922194100 ) ) 
 REPRESENTATION_ITEM ( '' )  );
#1231 = CARTESIAN_POINT ( 'NONE',  ( -16.98172415493342100, 1.631137673396183100, -1.157320133078001400 ) ) ;
#1232 = CARTESIAN_POINT ( 'NONE',  ( 17.50000000000000000, 0.0000000000000000000, 0.0000000000000000000 ) ) ;
#1233 = AXIS2_PLACEMENT_3D ( 'NONE', #5291, #100, #2645 ) ;
#1234 = CARTESIAN_POINT ( 'NONE',  ( 25.80833333333333400, -1.999999999999999600, -1.154700538379252600 ) ) ;
#1235 = ORIENTED_EDGE ( 'NONE', *, *, #2986, .T. ) ;
#1236 = CARTESIAN_POINT ( 'NONE',  ( -25.07916666666666900, 0.7726683315065817600, -1.338300807568874300 ) ) ;
#1237 = CARTESIAN_POINT ( 'NONE',  ( 22.42500000000000100, 2.905110965495596800E-016, -1.999999999999999600 ) ) ;
#1238 = CARTESIAN_POINT ( 'NONE',  ( 22.86250000000000100, -2.000000000000000000, -2.449293598294706400E-016 ) ) ;
#1239 = CARTESIAN_POINT ( 'NONE',  ( -25.66250000000000100, 1.545336663013165700, 0.0000000000000000000 ) ) ;
#1240 = ORIENTED_EDGE ( 'NONE', *, *, #1915, .T. ) ;
#1241 = CARTESIAN_POINT ( 'NONE',  ( 25.77916666666666500, 0.7726683315065814300, 1.338300807568873800 ) ) ;
#1242 = DIRECTION ( 'NONE',  ( 0.0000000000000000000, 0.0000000000000000000, 1.000000000000000000 ) ) ;
#1243 = CARTESIAN_POINT ( 'NONE',  ( 26.97499999999999800, 1.092630533523692200E-016, -1.784401076758497700 ) ) ;
#1244 = VERTEX_POINT ( 'NONE', #3158 ) ;
#1245 = CARTESIAN_POINT ( 'NONE',  ( 27.42966333698667800, -1.251702186431390900, 0.9062599177584425000 ) ) ;
#1246 = CARTESIAN_POINT ( 'NONE',  ( 25.57499999999999900, 1.092630533523692200E-016, -1.784401076758497700 ) ) ;
#1247 = ORIENTED_EDGE ( 'NONE', *, *, #4697, .T. ) ;
#1248 = CARTESIAN_POINT ( 'NONE',  ( -27.09166666666666900, -2.000000000000000000, -1.154700538379250400 ) ) ;
#1249 = CARTESIAN_POINT ( 'NONE',  ( 23.65000000000000200, -2.000000000000000000, -2.449293598294706400E-016 ) ) ;
#1250 = CARTESIAN_POINT ( 'NONE',  ( 17.03864228343182000, -1.806159245979315400, -1.172903836010741800 ) ) ;
#1251 = CARTESIAN_POINT ( 'NONE',  ( 24.46666666666666900, 0.7726683315065814300, 1.338300807568873800 ) ) ;
#1252 = VERTEX_POINT ( 'NONE', #603 ) ;
#1253 = CARTESIAN_POINT ( 'NONE',  ( 17.14273441009184000, -2.309401076758503400, -4.000000000000001800 ) ) ;
#1254 = CARTESIAN_POINT ( 'NONE',  ( -22.51250000000000300, 1.999999999999999600, 0.0000000000000000000 ) ) ;
#1255 = CARTESIAN_POINT ( 'NONE',  ( 20.99583333333333000, -0.7726683315065832100, 1.338300807568872900 ) ) ;
#1256 = EDGE_CURVE ( 'NONE', #1905, #28, #3945, .T. ) ;
#1257 = CARTESIAN_POINT ( 'NONE',  ( -17.64166666666666600, -1.545336663013166400, -0.8922005383792486200 ) ) ;
#1258 = CARTESIAN_POINT ( 'NONE',  ( 17.50000000000000400, 3.070647092368431700, 2.681483223904233400 ) ) ;
#1259 = CARTESIAN_POINT ( 'NONE',  ( -27.13614666473806700, 1.118178402805399400, 1.269594290806172100 ) ) ;
#1260 = CARTESIAN_POINT ( 'NONE',  ( -24.26250000000000300, 1.545336663013165700, 0.0000000000000000000 ) ) ;
#1261 = DIRECTION ( 'NONE',  ( -1.000000000000000000, -0.0000000000000000000, -0.0000000000000000000 ) ) ;
#1262 = CARTESIAN_POINT ( 'NONE',  ( 24.55416666666667100, 2.000000000000000000, -1.154700538379251200 ) ) ;
#1263 = CARTESIAN_POINT ( 'NONE',  ( -23.91250000000000100, -1.545336663013165700, 1.892491597964125200E-016 ) ) ;
#1264 = FACE_OUTER_BOUND ( 'NONE', #4217, .T. ) ;
#1265 = CARTESIAN_POINT ( 'NONE',  ( 27.06250000000000000, 1.545336663013165100, 0.0000000000000000000 ) ) ;
#1266 = CARTESIAN_POINT ( 'NONE',  ( -19.56876073911696400, 0.5358983848622455000, 1.999999999999999600 ) ) ;
#1267 = AXIS2_PLACEMENT_3D ( 'NONE', #500, #523, #5690 ) ;
#1268 = CARTESIAN_POINT ( 'NONE',  ( -25.86666666666666700, -0.9999999999999993300, 1.732050807568877200 ) ) ;
#1269 = DIRECTION ( 'NONE',  ( -1.000000000000000000, -0.0000000000000000000, -0.0000000000000000000 ) ) ;
#1270 = CARTESIAN_POINT ( 'NONE',  ( 26.50833333333333300, 1.545336663013164600, 0.8922005383792495100 ) ) ;
#1271 = CONICAL_SURFACE ( 'NONE', #3934, 1.542796663013164900, 0.7853981633974495000 ) ;
#1272 = CARTESIAN_POINT ( 'NONE',  ( -26.10000000000000100, 1.999999999999999600, 0.0000000000000000000 ) ) ;
#1273 =( BOUNDED_CURVE ( )  B_SPLINE_CURVE ( 2, ( #6676, #5617, #4065, #3027, #4616, #4590, #5637, #6169, #1498 ),
 .UNSPECIFIED., .F., .F. ) 
 B_SPLINE_CURVE_WITH_KNOTS ( ( 3, 2, 2, 2, 3 ),
 ( 0.7343750000000000000, 0.7395833333333333700, 0.7500000000000000000, 0.7604166666666666300, 0.7656250000000000000 ),
 .UNSPECIFIED. ) 
 CURVE ( )  GEOMETRIC_REPRESENTATION_ITEM ( )  RATIONAL_B_SPLINE_CURVE ( ( 0.9330127018922194100, 0.9330127018922194100, 1.000000000000000000, 0.8660254037844387100, 1.000000000000000000, 0.8660254037844387100, 1.000000000000000000, 0.9330127018922194100, 0.9330127018922194100 ) ) 
 REPRESENTATION_ITEM ( '' )  );
#1274 = CARTESIAN_POINT ( 'NONE',  ( 17.09384334234003000, -1.074980215967777500, -1.339755665936400900 ) ) ;
#1275 = VECTOR ( 'NONE', #3150, 1000.000000000000000 ) ;
#1276 = CARTESIAN_POINT ( 'NONE',  ( 22.77499999999999900, 1.092630533523692200E-016, -1.784401076758497700 ) ) ;
#1277 = CYLINDRICAL_SURFACE ( 'NONE', #4188, 2.000000000000000000 ) ;
#1278 = CARTESIAN_POINT ( 'NONE',  ( -24.17499999999999700, -8.715332896486790000E-016, -1.999999999999999600 ) ) ;
#1279 = DIRECTION ( 'NONE',  ( -1.000000000000000000, -0.0000000000000000000, -0.0000000000000000000 ) ) ;
#1280 = DIRECTION ( 'NONE',  ( 1.000000000000000000, 0.0000000000000000000, 0.0000000000000000000 ) ) ;
#1281 = CARTESIAN_POINT ( 'NONE',  ( 23.30000000000000100, 2.000000000000000000, 0.0000000000000000000 ) ) ;
#1282 = CARTESIAN_POINT ( 'NONE',  ( 19.53749999999999400, -3.277891600571076600E-016, 1.784401076758497700 ) ) ;
#1283 = CARTESIAN_POINT ( 'NONE',  ( -25.95416666666667300, -1.545336663013166200, -0.8922005383792486200 ) ) ;
#1284 = CARTESIAN_POINT ( 'NONE',  ( 22.68750000000000400, -4.242300954899627700E-016, 2.309401076758502900 ) ) ;
#1285 = CARTESIAN_POINT ( 'NONE',  ( -21.46250000000000200, 1.545336663013165700, 0.0000000000000000000 ) ) ;
#1286 = CARTESIAN_POINT ( 'NONE',  ( 23.94166666666666600, 2.000000000000000000, -1.154700538379251200 ) ) ;
#1287 = CARTESIAN_POINT ( 'NONE',  ( 25.72083333333333100, 1.545336663013164400, 0.8922005383792495100 ) ) ;
#1288 = APPROVAL_STATUS ( 'not_yet_approved' ) ;
#1289 = CARTESIAN_POINT ( 'NONE',  ( 27.32499999999999900, -3.277891600571076600E-016, 1.784401076758497700 ) ) ;
#1290 = ORIENTED_EDGE ( 'NONE', *, *, #1700, .F. ) ;
#1291 = CARTESIAN_POINT ( 'NONE',  ( 19.50833333333333300, -1.999999999999999600, -1.154700538379252600 ) ) ;
#1292 = DIRECTION ( 'NONE',  ( 1.000000000000000000, 0.0000000000000000000, 0.0000000000000000000 ) ) ;
#1293 = CARTESIAN_POINT ( 'NONE',  ( 25.75000000000000000, 1.545336663013165100, 0.0000000000000000000 ) ) ;
#1294 = CARTESIAN_POINT ( 'NONE',  ( -26.04166666666666800, 1.999999999999999800, 1.154700538379251000 ) ) ;
#1295 = EDGE_CURVE ( 'NONE', #3100, #732, #5488, .T. ) ;
#1296 = EDGE_LOOP ( 'NONE', ( #5715, #3187, #1126, #2457 ) ) ;
#1297 = CARTESIAN_POINT ( 'NONE',  ( 23.12500000000000000, -3.277891600571076600E-016, 1.784401076758497700 ) ) ;
#1298 = CARTESIAN_POINT ( 'NONE',  ( -20.06250000000000400, -1.999999999999999600, 2.449293598294705900E-016 ) ) ;
#1299 = CARTESIAN_POINT ( 'NONE',  ( -21.25623926088303900, 0.5358983848622441700, -2.000000000000000000 ) ) ;
#1300 = CARTESIAN_POINT ( 'NONE',  ( 27.41249999999999800, -1.545336663013165100, -1.892491597964124500E-016 ) ) ;
#1301 = CARTESIAN_POINT ( 'NONE',  ( 20.15000000000000200, -2.000000000000000000, -2.449293598294706400E-016 ) ) ;
#1302 = CARTESIAN_POINT ( 'NONE',  ( 22.71876079773502600, -0.5358993897433251800, 1.999999419831638000 ) ) ;
#1303 = ORIENTED_EDGE ( 'NONE', *, *, #982, .T. ) ;
#1304 = EDGE_CURVE ( 'NONE', #6221, #2215, #266, .T. ) ;
#1305 = CARTESIAN_POINT ( 'NONE',  ( -24.49583333333333400, -0.7726683315065834300, -1.338300807568873400 ) ) ;
#1306 = CARTESIAN_POINT ( 'NONE',  ( -26.62500000000000000, -3.277891600571078100E-016, -1.784401076758498400 ) ) ;
#1307 = B_SPLINE_CURVE_WITH_KNOTS ( 'NONE', 3,
 ( #3840, #2763, #2744, #6399, #3330, #226 ),
 .UNSPECIFIED., .F., .F.,
 ( 4, 2, 4 ),
 ( 0.01587009456964086000, 0.01703839338704688600, 0.01820669220445291300 ),
 .UNSPECIFIED. ) ;
#1308 = CARTESIAN_POINT ( 'NONE',  ( 22.22083333333333500, -1.999999999999999800, -1.154700538379252100 ) ) ;
#1309 = CARTESIAN_POINT ( 'NONE',  ( -24.02916666666667200, -0.7726683315065825400, 1.338300807568873800 ) ) ;
#1310 = CARTESIAN_POINT ( 'NONE',  ( 24.32083333333333600, -1.999999999999999600, -1.154700538379252600 ) ) ;
#1311 = CARTESIAN_POINT ( 'NONE',  ( 26.36250000000000100, 1.545336663013165100, 0.0000000000000000000 ) ) ;
#1312 = CARTESIAN_POINT ( 'NONE',  ( -19.07083333333333600, 1.999999999999998700, -1.154700538379252100 ) ) ;
#1313 = ORIENTED_EDGE ( 'NONE', *, *, #6580, .T. ) ;
#1314 = CARTESIAN_POINT ( 'NONE',  ( -27.34132451847153400, -2.687817229851551900, -3.344563996438079600 ) ) ;
#1315 = CARTESIAN_POINT ( 'NONE',  ( -27.55833333333333400, -1.545336663013165100, 0.8922005383792495100 ) ) ;
#1316 = CARTESIAN_POINT ( 'NONE',  ( 25.57499999999999600, -8.715332896486790000E-016, 2.000000000000000000 ) ) ;
#1317 = CARTESIAN_POINT ( 'NONE',  ( 20.79166666666666400, 1.545336663013165100, -0.8922005383792486200 ) ) ;
#1318 = CARTESIAN_POINT ( 'NONE',  ( -27.20833333333333200, -1.999999999999999300, 1.154700538379251700 ) ) ;
#1319 = EDGE_LOOP ( 'NONE', ( #960, #1829, #4094 ) ) ;
#1320 =( BOUNDED_CURVE ( )  B_SPLINE_CURVE ( 2, ( #364, #5127, #4029, #3517, #909, #5710, #5755, #6197, #518 ),
 .UNSPECIFIED., .F., .T. ) 
 B_SPLINE_CURVE_WITH_KNOTS ( ( 3, 2, 2, 2, 3 ),
 ( 0.5156250000000000000, 0.5208333333333333700, 0.5312500000000000000, 0.5416666666666666300, 0.5468750000000000000 ),
 .UNSPECIFIED. ) 
 CURVE ( )  GEOMETRIC_REPRESENTATION_ITEM ( )  RATIONAL_B_SPLINE_CURVE ( ( 0.9330127018922194100, 0.9330127018922194100, 1.000000000000000000, 0.8660254037844387100, 1.000000000000000000, 0.8660254037844387100, 1.000000000000000000, 0.9330127018922194100, 0.9330127018922194100 ) ) 
 REPRESENTATION_ITEM ( '' )  );
#1321 = DIRECTION ( 'NONE',  ( 1.000000000000000000, 0.0000000000000000000, 0.0000000000000000000 ) ) ;
#1322 = VERTEX_POINT ( 'NONE', #1623 ) ;
#1323 = CARTESIAN_POINT ( 'NONE',  ( 23.35833333333333400, -1.545336663013164600, -0.8922005383792492900 ) ) ;
#1324 = DIRECTION ( 'NONE',  ( -1.000000000000000000, -0.0000000000000000000, -0.0000000000000000000 ) ) ;
#1325 = CARTESIAN_POINT ( 'NONE',  ( -25.72083333333333500, -1.999999999999999300, 1.154700538379251900 ) ) ;
#1326 = DIRECTION ( 'NONE',  ( 0.0000000000000000000, 0.0000000000000000000, 1.000000000000000000 ) ) ;
#1327 = EDGE_LOOP ( 'NONE', ( #4214, #4914, #3847, #2623 ) ) ;
#1328 = CARTESIAN_POINT ( 'NONE',  ( 23.24166666666666700, 2.000000000000000000, -1.154700538379251200 ) ) ;
#1329 = ORIENTED_EDGE ( 'NONE', *, *, #6592, .F. ) ;
#1330 = CARTESIAN_POINT ( 'NONE',  ( -24.78750000000000500, 1.092630533523692700E-016, 1.784401076758498400 ) ) ;
#1331 = CARTESIAN_POINT ( 'NONE',  ( -26.56876073911696800, 0.5358983848622455000, 1.999999999999999600 ) ) ;
#1332 = CARTESIAN_POINT ( 'NONE',  ( 21.87083333333333700, 1.999999999999999300, 1.154700538379252800 ) ) ;
#1333 = CARTESIAN_POINT ( 'NONE',  ( -21.69583333333333600, -0.7726683315065834300, -1.338300807568873400 ) ) ;
#1334 = CARTESIAN_POINT ( 'NONE',  ( -18.19373926088303500, -0.5358983848622449500, 1.999999999999999600 ) ) ;
#1335 = CARTESIAN_POINT ( 'NONE',  ( 26.01249999999999600, -1.545336663013165100, -1.892491597964124500E-016 ) ) ;
#1336 = CARTESIAN_POINT ( 'NONE',  ( -19.88750000000000300, -4.242300954899626700E-016, -2.309401076758502500 ) ) ;
#1337 = VERTEX_POINT ( 'NONE', #4205 ) ;
#1338 = PERSON_AND_ORGANIZATION_ROLE ( 'design_owner' ) ;
#1339 = CARTESIAN_POINT ( 'NONE',  ( 26.91666666666666400, -0.7726683315065822100, -1.338300807568873400 ) ) ;
#1340 = EDGE_CURVE ( 'NONE', #4506, #3919, #729, .T. ) ;
#1341 = CARTESIAN_POINT ( 'NONE',  ( -23.35833333333333400, 1.999999999999998700, -1.154700538379252600 ) ) ;
#1342 = CARTESIAN_POINT ( 'NONE',  ( -26.53750000000000100, 2.905110965495596800E-016, 1.999999999999999600 ) ) ;
#1343 = CARTESIAN_POINT ( 'NONE',  ( 21.37500000000000000, 1.092630533523692200E-016, -1.784401076758497700 ) ) ;
#1344 = CARTESIAN_POINT ( 'NONE',  ( -20.73333333333333400, -1.000000000000000700, -1.732050807568876300 ) ) ;
#1345 = CARTESIAN_POINT ( 'NONE',  ( 27.26650262165888700, 1.684180834769151600, 0.3645204313001272900 ) ) ;
#1346 = FACE_OUTER_BOUND ( 'NONE', #1486, .T. ) ;
#1347 = CARTESIAN_POINT ( 'NONE',  ( 17.50000000000000000, 0.0000000000000000000, 0.0000000000000000000 ) ) ;
#1348 = EDGE_CURVE ( 'NONE', #3267, #5940, #5836, .T. ) ;
#1349 = CARTESIAN_POINT ( 'NONE',  ( 24.81666666666666600, 0.9999999999999985600, 1.732050807568878100 ) ) ;
#1350 = CARTESIAN_POINT ( 'NONE',  ( -26.18750000000000400, -8.715332896486790000E-016, -1.999999999999999600 ) ) ;
#1351 = FACE_OUTER_BOUND ( 'NONE', #1720, .T. ) ;
#1352 = CARTESIAN_POINT ( 'NONE',  ( -23.27083333333333600, -1.545336663013165100, 0.8922005383792495100 ) ) ;
#1353 = CARTESIAN_POINT ( 'NONE',  ( 22.68750012630435400, -2.165217567232416000E-006, 1.999999999998828000 ) ) ;
#1354 = CARTESIAN_POINT ( 'NONE',  ( 17.55416666666667100, 2.000000000000000000, -1.154700538379251200 ) ) ;
#1355 = CARTESIAN_POINT ( 'NONE',  ( -18.66250000000000100, 1.545336663013165700, 0.0000000000000000000 ) ) ;
#1356 = CARTESIAN_POINT ( 'NONE',  ( 18.45833333333333600, 1.999999999999999300, 1.154700538379252800 ) ) ;
#1357 = CYLINDRICAL_SURFACE ( 'NONE', #1410, 2.000000000000000000 ) ;
#1358 = CARTESIAN_POINT ( 'NONE',  ( 23.91250000000000100, -1.545336663013165100, -1.892491597964124500E-016 ) ) ;
#1359 = CARTESIAN_POINT ( 'NONE',  ( -19.12916666666667000, 0.9999999999999983300, -1.732050807568877900 ) ) ;
#1360 = CONICAL_SURFACE ( 'NONE', #1995, 4.000000000000000000, 1.047197551196600100 ) ;
#1361 = CARTESIAN_POINT ( 'NONE',  ( 25.22500000000000100, -3.277891600571076600E-016, 1.784401076758497700 ) ) ;
#1362 =( BOUNDED_CURVE ( )  B_SPLINE_CURVE ( 2, ( #2907, #4390, #6547, #3345, #1281, #1328, #776, #1861, #3880 ),
 .UNSPECIFIED., .F., .T. ) 
 B_SPLINE_CURVE_WITH_KNOTS ( ( 3, 2, 2, 2, 3 ),
 ( 0.3593750000000000000, 0.3645833333333333100, 0.3750000000000000000, 0.3854166666666666900, 0.3906250000000000000 ),
 .UNSPECIFIED. ) 
 CURVE ( )  GEOMETRIC_REPRESENTATION_ITEM ( )  RATIONAL_B_SPLINE_CURVE ( ( 0.9330127018922194100, 0.9330127018922194100, 1.000000000000000000, 0.8660254037844387100, 1.000000000000000000, 0.8660254037844387100, 1.000000000000000000, 0.9330127018922194100, 0.9330127018922194100 ) ) 
 REPRESENTATION_ITEM ( '' )  );
#1363 = CARTESIAN_POINT ( 'NONE',  ( -16.63172308141813000, 1.260336688851691600, -0.8942129683621348200 ) ) ;
#1364 = CARTESIAN_POINT ( 'NONE',  ( 22.94999999999999900, 1.545336663013165100, 0.0000000000000000000 ) ) ;
#1365 = CIRCLE ( 'NONE', #2993, 1.474999999999999000 ) ;
#1366 = CARTESIAN_POINT ( 'NONE',  ( -21.60833333333333400, -1.999999999999999300, 1.154700538379251700 ) ) ;
#1367 = CARTESIAN_POINT ( 'NONE',  ( -26.99453666301316100, 0.2587776139471954500, 1.523515522918116800 ) ) ;
#1368 = CARTESIAN_POINT ( 'NONE',  ( -22.10626073911696900, -0.5358983848622459500, -1.999999999999999100 ) ) ;
#1369 = CARTESIAN_POINT ( 'NONE',  ( 27.76249999999999900, 1.545336663013165100, 0.0000000000000000000 ) ) ;
#1370 = DIRECTION ( 'NONE',  ( 0.0000000000000000000, 0.0000000000000000000, -1.000000000000000000 ) ) ;
#1371 = ORIENTED_EDGE ( 'NONE', *, *, #3958, .F. ) ;
#1372 = CARTESIAN_POINT ( 'NONE',  ( -22.62916666666667000, -0.7726683315065825400, 1.338300807568873800 ) ) ;
#1373 = CARTESIAN_POINT ( 'NONE',  ( -26.91666666666666400, -0.7726683315065825400, 1.338300807568873800 ) ) ;
#1374 = CARTESIAN_POINT ( 'NONE',  ( 17.90416666666666900, -2.000000000000000400, 1.154700538379250600 ) ) ;
#1375 = CARTESIAN_POINT ( 'NONE',  ( -18.07916666666666600, 0.7726683315065817600, -1.338300807568874300 ) ) ;
#1376 = DIRECTION ( 'NONE',  ( -1.000000000000000000, -0.0000000000000000000, -0.0000000000000000000 ) ) ;
#1377 = CARTESIAN_POINT ( 'NONE',  ( 17.81666666666666600, 0.9999999999999985600, 1.732050807568878100 ) ) ;
#1378 = ORIENTED_EDGE ( 'NONE', *, *, #2421, .T. ) ;
#1379 = CARTESIAN_POINT ( 'NONE',  ( 23.38750000000000300, 1.092630533523692200E-016, -1.784401076758497700 ) ) ;
#1380 = CARTESIAN_POINT ( 'NONE',  ( -18.48750000000000100, -4.242300954899626700E-016, -2.309401076758502500 ) ) ;
#1381 = CARTESIAN_POINT ( 'NONE',  ( 23.65000000000000200, 1.545336663013165100, 0.0000000000000000000 ) ) ;
#1382 = CARTESIAN_POINT ( 'NONE',  ( -27.14273441009183300, -4.618802153517006700, -1.743461609413580400E-015 ) ) ;
#1383 = DIRECTION ( 'NONE',  ( 0.0000000000000000000, 0.0000000000000000000, -1.000000000000000000 ) ) ;
#1384 = CARTESIAN_POINT ( 'NONE',  ( 20.67499999999999700, 1.092630533523692200E-016, -1.784401076758497700 ) ) ;
#1385 = ORIENTED_EDGE ( 'NONE', *, *, #1965, .F. ) ;
#1386 = CARTESIAN_POINT ( 'NONE',  ( -22.54166666666666800, 1.999999999999999800, 1.154700538379251000 ) ) ;
#1387 = EDGE_CURVE ( 'NONE', #17, #2443, #782, .T. ) ;
#1388 = CARTESIAN_POINT ( 'NONE',  ( 27.28092384736722700, 1.557130650977131900, 0.6766331214304937000 ) ) ;
#1389 = ORIENTED_EDGE ( 'NONE', *, *, #6500, .T. ) ;
#1390 = CARTESIAN_POINT ( 'NONE',  ( -21.78333333333333500, 1.000000000000000000, 1.732050807568877000 ) ) ;
#1391 = CARTESIAN_POINT ( 'NONE',  ( 27.06250000000000000, 1.545336663013165100, 0.0000000000000000000 ) ) ;
#1392 = CARTESIAN_POINT ( 'NONE',  ( -27.49999999999999600, 3.464101615137753500, 2.000000000000001300 ) ) ;
#1393 = CARTESIAN_POINT ( 'NONE',  ( -21.52083333333333600, -1.999999999999999300, 1.154700538379251900 ) ) ;
#1394 = CARTESIAN_POINT ( 'NONE',  ( -17.67083333333333800, 1.999999999999998700, -1.154700538379252600 ) ) ;
#1395 = CARTESIAN_POINT ( 'NONE',  ( -23.38750000000000300, -8.715332896486790000E-016, -1.999999999999999600 ) ) ;
#1396 = ORIENTED_EDGE ( 'NONE', *, *, #4962, .F. ) ;
#1397 = CARTESIAN_POINT ( 'NONE',  ( -23.50416666666667000, 1.545336663013165500, 0.8922005383792490600 ) ) ;
#1398 = CARTESIAN_POINT ( 'NONE',  ( -23.06666666666666600, 0.7726683315065817600, -1.338300807568874300 ) ) ;
#1399 = CARTESIAN_POINT ( 'NONE',  ( 20.99583333333333400, 1.000000000000000200, -1.732050807568877200 ) ) ;
#1400 = CARTESIAN_POINT ( 'NONE',  ( -20.52916666666666900, -0.7726683315065825400, 1.338300807568873800 ) ) ;
#1401 = CARTESIAN_POINT ( 'NONE',  ( 20.44166666666666600, 2.000000000000000000, -1.154700538379251200 ) ) ;
#1402 = CARTESIAN_POINT ( 'NONE',  ( 22.62916666666666600, -0.7726683315065822100, -1.338300807568873400 ) ) ;
#1403 = CARTESIAN_POINT ( 'NONE',  ( -20.52916666666666900, 0.9999999999999983300, -1.732050807568877900 ) ) ;
#1404 = CARTESIAN_POINT ( 'NONE',  ( 22.89166666666666600, 1.545336663013165100, -0.8922005383792486200 ) ) ;
#1405 = ORIENTED_EDGE ( 'NONE', *, *, #161, .F. ) ;
#1406 = CARTESIAN_POINT ( 'NONE',  ( 26.85833333333333400, 1.999999999999999300, 1.154700538379252600 ) ) ;
#1407 = CARTESIAN_POINT ( 'NONE',  ( 21.37500000000000000, -8.715332896486790000E-016, 2.000000000000000000 ) ) ;
#1408 = CARTESIAN_POINT ( 'NONE',  ( 22.54166666666666800, -1.545336663013165300, 0.8922005383792482900 ) ) ;
#1409 = ORIENTED_EDGE ( 'NONE', *, *, #3510, .T. ) ;
#1410 = AXIS2_PLACEMENT_3D ( 'NONE', #5276, #1684, #4262 ) ;
#1411 = CARTESIAN_POINT ( 'NONE',  ( -21.08333333333333200, 1.000000000000000000, 1.732050807568877000 ) ) ;
#1412 = CARTESIAN_POINT ( 'NONE',  ( -27.24508699489826200, -1.758477863536958700, -0.3832297322866655100 ) ) ;
#1413 = ORIENTED_EDGE ( 'NONE', *, *, #2553, .T. ) ;
#1414 = CARTESIAN_POINT ( 'NONE',  ( -19.30626073911696500, -0.5358983848622459500, -1.999999999999999100 ) ) ;
#1415 = CARTESIAN_POINT ( 'NONE',  ( 24.02916666666666500, -0.7726683315065822100, -1.338300807568873400 ) ) ;
#1416 = CARTESIAN_POINT ( 'NONE',  ( -27.12320386190598500, 0.5746150594852672500, -1.579121127443382700 ) ) ;
#1417 = B_SPLINE_CURVE_WITH_KNOTS ( 'NONE', 3,
 ( #3715, #4192, #5317, #5792, #4724, #618 ),
 .UNSPECIFIED., .F., .F.,
 ( 4, 2, 4 ),
 ( 0.002336974151641547800, 0.003500975885716442800, 0.004664977619791337900 ),
 .UNSPECIFIED. ) ;
#1418 = ORIENTED_EDGE ( 'NONE', *, *, #1116, .F. ) ;
#1419 = CARTESIAN_POINT ( 'NONE',  ( -20.87916666666667000, 0.7726683315065817600, -1.338300807568874300 ) ) ;
#1420 = CARTESIAN_POINT ( 'NONE',  ( 19.07083333333333600, 1.999999999999999300, 1.154700538379252800 ) ) ;
#1421 = CARTESIAN_POINT ( 'NONE',  ( -18.31250000000000400, -1.545336663013165700, 1.892491597964125200E-016 ) ) ;
#1422 = CARTESIAN_POINT ( 'NONE',  ( 19.74166666666666700, 2.000000000000000000, -1.154700538379251200 ) ) ;
#1423 = FACE_OUTER_BOUND ( 'NONE', #3501, .T. ) ;
#1424 = ADVANCED_FACE ( 'NONE', ( #6663 ), #5596, .F. ) ;
#1425 = CARTESIAN_POINT ( 'NONE',  ( 23.09583333333333100, -0.7726683315065832100, 1.338300807568872900 ) ) ;
#1426 = CARTESIAN_POINT ( 'NONE',  ( -24.64166666666666600, -1.545336663013166200, -0.8922005383792486200 ) ) ;
#1427 = CARTESIAN_POINT ( 'NONE',  ( 26.09999999999999800, -1.545336663013165100, -1.892491597964124500E-016 ) ) ;
#1428 = EDGE_CURVE ( 'NONE', #575, #4728, #4362, .T. ) ;
#1429 = CARTESIAN_POINT ( 'NONE',  ( -24.93333333333333000, 0.7726683315065830900, 1.338300807568873600 ) ) ;
#1430 = CARTESIAN_POINT ( 'NONE',  ( 23.00833333333333300, -1.999999999999999600, -1.154700538379252600 ) ) ;
#1431 = DIRECTION ( 'NONE',  ( 0.0000000000000000000, 0.0000000000000000000, 1.000000000000000000 ) ) ;
#1432 = CONICAL_SURFACE ( 'NONE', #203, 2.050800000000000200, 0.7853981633974500600 ) ;
#1433 = CARTESIAN_POINT ( 'NONE',  ( -22.42500000000000100, 1.414100318299875800E-016, 2.309401076758502500 ) ) ;
#1434 = CARTESIAN_POINT ( 'NONE',  ( 24.81876079773506700, -0.5358993897439828800, 1.999999419831258500 ) ) ;
#1435 = VECTOR ( 'NONE', #3348, 1000.000000000000000 ) ;
#1436 = CARTESIAN_POINT ( 'NONE',  ( 24.67083333333333400, -1.545336663013164600, -0.8922005383792492900 ) ) ;
#1437 = CARTESIAN_POINT ( 'NONE',  ( 24.35000000000000100, 1.545336663013165100, 0.0000000000000000000 ) ) ;
#1438 = EDGE_CURVE ( 'NONE', #3000, #5896, #1029, .T. ) ;
#1439 = DIRECTION ( 'NONE',  ( -1.000000000000000000, -0.0000000000000000000, -0.0000000000000000000 ) ) ;
#1440 = CARTESIAN_POINT ( 'NONE',  ( 25.83749999999999900, -1.684964359987446400E-014, -1.999999999999999600 ) ) ;
#1441 = FACE_OUTER_BOUND ( 'NONE', #4337, .T. ) ;
#1442 = CARTESIAN_POINT ( 'NONE',  ( -20.47083333333333500, -1.545336663013165100, 0.8922005383792495100 ) ) ;
#1443 = CARTESIAN_POINT ( 'NONE',  ( 20.82083333333334000, -1.999999999999999800, -1.154700538379252100 ) ) ;
#1444 =( BOUNDED_CURVE ( )  B_SPLINE_CURVE ( 2, ( #3065, #5, #1534, #1025, #2617, #5223, #4121, #4652, #6273 ),
 .UNSPECIFIED., .F., .T. ) 
 B_SPLINE_CURVE_WITH_KNOTS ( ( 3, 2, 2, 2, 3 ),
 ( 0.7968750000000000000, 0.8020833333333333700, 0.8125000000000000000, 0.8229166666666666300, 0.8281250000000000000 ),
 .UNSPECIFIED. ) 
 CURVE ( )  GEOMETRIC_REPRESENTATION_ITEM ( )  RATIONAL_B_SPLINE_CURVE ( ( 0.9330127018922194100, 0.9330127018922194100, 1.000000000000000000, 0.8660254037844387100, 1.000000000000000000, 0.8660254037844387100, 1.000000000000000000, 0.9330127018922194100, 0.9330127018922194100 ) ) 
 REPRESENTATION_ITEM ( '' )  );
#1445 = CARTESIAN_POINT ( 'NONE',  ( -18.37083333333333700, -1.545336663013165300, 0.8922005383792495100 ) ) ;
#1446 = CARTESIAN_POINT ( 'NONE',  ( 18.10833333333333100, -1.999999999999999800, -1.154700538379252100 ) ) ;
#1447 = CARTESIAN_POINT ( 'NONE',  ( 23.73749999999999700, -3.277891600571076600E-016, 1.784401076758497700 ) ) ;
#1448 = CARTESIAN_POINT ( 'NONE',  ( -26.39166666666666600, 1.545336663013165500, 0.8922005383792490600 ) ) ;
#1449 = FACE_OUTER_BOUND ( 'NONE', #2363, .T. ) ;
#1450 = CARTESIAN_POINT ( 'NONE',  ( 23.76666666666666600, 0.7726683315065814300, 1.338300807568873800 ) ) ;
#1451 = CARTESIAN_POINT ( 'NONE',  ( 18.92499999999999700, -3.277891600571076600E-016, 1.784401076758497700 ) ) ;
#1452 = CARTESIAN_POINT ( 'NONE',  ( -27.03333333333333100, 0.7726683315065830900, 1.338300807568873600 ) ) ;
#1453 = CARTESIAN_POINT ( 'NONE',  ( 22.89166666666666900, -2.000000000000000400, 1.154700538379250800 ) ) ;
#1454 = CARTESIAN_POINT ( 'NONE',  ( 27.00277431619579700, -1.826383415087041700, 0.7678534814774209400 ) ) ;
#1455 = CARTESIAN_POINT ( 'NONE',  ( -19.68333333333333400, 1.000000000000000000, 1.732050807568877000 ) ) ;
#1456 = CARTESIAN_POINT ( 'NONE',  ( 25.13750000000071300, 1.226886462948100500E-011, -2.000000000000000000 ) ) ;
#1457 = ORIENTED_EDGE ( 'NONE', *, *, #3650, .F. ) ;
#1458 = AXIS2_PLACEMENT_3D ( 'NONE', #4135, #1014, #3141 ) ;
#1459 = CARTESIAN_POINT ( 'NONE',  ( -19.62500000000000000, 2.905110965495596800E-016, 1.999999999999999600 ) ) ;
#1460 = CARTESIAN_POINT ( 'NONE',  ( 24.78750000000000500, 1.092630533523692200E-016, -1.784401076758497700 ) ) ;
#1461 = CARTESIAN_POINT ( 'NONE',  ( -24.78750000000000100, -8.715332896486790000E-016, -1.999999999999999600 ) ) ;
#1462 = CARTESIAN_POINT ( 'NONE',  ( 24.02916666666667200, 0.9999999999999985600, 1.732050807568878100 ) ) ;
#1463 = ORIENTED_EDGE ( 'NONE', *, *, #6500, .F. ) ;
#1464 = CARTESIAN_POINT ( 'NONE',  ( -16.65709638626159600, 1.065005589846041800, -1.169519812772430200 ) ) ;
#1465 = CARTESIAN_POINT ( 'NONE',  ( -27.12083333333333700, 1.545336663013165100, -0.8922005383792499500 ) ) ;
#1466 = CARTESIAN_POINT ( 'NONE',  ( -16.39999999999999900, 1.260678807558006400, -1.552639347747609000 ) ) ;
#1467 = CARTESIAN_POINT ( 'NONE',  ( 25.89583333333333200, -0.7726683315065832100, 1.338300807568872900 ) ) ;
#1468 = EDGE_CURVE ( 'NONE', #4545, #2771, #5548, .T. ) ;
#1469 = CARTESIAN_POINT ( 'NONE',  ( 20.76249999999999900, 1.545336663013165100, 0.0000000000000000000 ) ) ;
#1470 = CARTESIAN_POINT ( 'NONE',  ( -27.50000000000000000, -1.545336663013165700, 1.892491597964125200E-016 ) ) ;
#1471 = ORIENTED_EDGE ( 'NONE', *, *, #3998, .F. ) ;
#1472 = CARTESIAN_POINT ( 'NONE',  ( 22.25000000000000000, 1.545336663013165100, 0.0000000000000000000 ) ) ;
#1473 = CARTESIAN_POINT ( 'NONE',  ( 20.61666666666666400, -0.7726683315065822100, -1.338300807568873400 ) ) ;
#1474 = CARTESIAN_POINT ( 'NONE',  ( -24.52499999999999900, -3.277891600571078100E-016, -1.784401076758498400 ) ) ;
#1475 = CARTESIAN_POINT ( 'NONE',  ( -18.45833333333333600, 1.999999999999998700, -1.154700538379252100 ) ) ;
#1476 = VERTEX_POINT ( 'NONE', #92 ) ;
#1477 = EDGE_CURVE ( 'NONE', #833, #5214, #2431, .T. ) ;
#1478 = DIRECTION ( 'NONE',  ( 0.0000000000000000000, 0.0000000000000000000, 1.000000000000000000 ) ) ;
#1479 = CARTESIAN_POINT ( 'NONE',  ( 26.77083333333333600, -1.545336663013164600, -0.8922005383792492900 ) ) ;
#1480 = ORIENTED_EDGE ( 'NONE', *, *, #5315, .T. ) ;
#1481 =( BOUNDED_CURVE ( )  B_SPLINE_CURVE ( 2, ( #3064, #1003, #135, #3284, #1197, #181, #157 ),
 .UNSPECIFIED., .F., .T. ) 
 B_SPLINE_CURVE_WITH_KNOTS ( ( 3, 2, 2, 3 ),
 ( 0.05910958856158019700, 0.06250000000000000000, 0.07291666666666667100, 0.07812500000000000000 ),
 .UNSPECIFIED. ) 
 CURVE ( )  GEOMETRIC_REPRESENTATION_ITEM ( )  RATIONAL_B_SPLINE_CURVE ( ( 0.9411737391229402200, 0.9563940156671763000, 1.000000000000000000, 0.8660254037844387100, 1.000000000000000000, 0.9330127018922194100, 0.9330127018922194100 ) ) 
 REPRESENTATION_ITEM ( '' )  );
#1482 = CARTESIAN_POINT ( 'NONE',  ( 19.18220333698683400, 0.09084422613522663600, 1.997935766379362900 ) ) ;
#1483 = CARTESIAN_POINT ( 'NONE',  ( -26.91876073911696600, -0.5358983848622459500, -1.999999999999999100 ) ) ;
#1484 = ORIENTED_EDGE ( 'NONE', *, *, #1783, .F. ) ;
#1485 = CARTESIAN_POINT ( 'NONE',  ( -17.43750000000000400, -3.277891600571078100E-016, -1.784401076758498400 ) ) ;
#1486 = EDGE_LOOP ( 'NONE', ( #5570, #3077, #4066 ) ) ;
#1487 = ORIENTED_EDGE ( 'NONE', *, *, #3068, .F. ) ;
#1488 = CARTESIAN_POINT ( 'NONE',  ( -26.77083333333333600, -1.545336663013165100, 0.8922005383792495100 ) ) ;
#1489 = CARTESIAN_POINT ( 'NONE',  ( 27.47083333333333100, -1.545336663013164600, -0.8922005383792492900 ) ) ;
#1490 = ADVANCED_FACE ( 'NONE', ( #1102 ), #2636, .T. ) ;
#1491 = CARTESIAN_POINT ( 'NONE',  ( 21.57916666666666600, 0.7726683315065814300, 1.338300807568873800 ) ) ;
#1492 = CARTESIAN_POINT ( 'NONE',  ( -25.98333333333333400, -0.7726683315065834300, -1.338300807568873400 ) ) ;
#1493 = ORIENTED_EDGE ( 'NONE', *, *, #1658, .F. ) ;
#1494 = CARTESIAN_POINT ( 'NONE',  ( 19.85833333333333400, -1.545336663013164400, -0.8922005383792492900 ) ) ;
#1495 = CARTESIAN_POINT ( 'NONE',  ( 19.56666666666666600, 0.7726683315065814300, 1.338300807568873800 ) ) ;
#1496 = CARTESIAN_POINT ( 'NONE',  ( -25.69166666666667000, 1.545336663013165500, 0.8922005383792490600 ) ) ;
#1497 = CARTESIAN_POINT ( 'NONE',  ( -25.10833333333333100, -1.999999999999999300, 1.154700538379251900 ) ) ;
#1498 = CARTESIAN_POINT ( 'NONE',  ( -18.92499999999999700, 2.905110965495596800E-016, 1.999999999999999600 ) ) ;
#1499 = AXIS2_PLACEMENT_3D ( 'NONE', #6462, #1261, #3968 ) ;
#1500 = CARTESIAN_POINT ( 'NONE',  ( -19.97499999999999800, -4.242300954899626700E-016, -2.309401076758502500 ) ) ;
#1501 = EDGE_LOOP ( 'NONE', ( #2306, #2133, #1627, #5538 ) ) ;
#1502 = CARTESIAN_POINT ( 'NONE',  ( -25.13750000000000600, 2.905110965495596800E-016, 1.999999999999999600 ) ) ;
#1503 = DATE_AND_TIME ( #3369, #436 ) ;
#1504 = CARTESIAN_POINT ( 'NONE',  ( -27.49999999999999600, 4.618802153517006700, 1.700559480795179900E-015 ) ) ;
#1505 = CARTESIAN_POINT ( 'NONE',  ( 23.15416666666666900, -1.545336663013165300, 0.8922005383792482900 ) ) ;
#1506 = CARTESIAN_POINT ( 'NONE',  ( -27.44919999999999800, 0.0000000000000000000, 0.0000000000000000000 ) ) ;
#1507 = CARTESIAN_POINT ( 'NONE',  ( -27.00416666666667000, -2.000000000000000000, -1.154700538379250600 ) ) ;
#1508 = CARTESIAN_POINT ( 'NONE',  ( -25.66250000000000100, -1.999999999999999600, 2.449293598294705900E-016 ) ) ;
#1509 = CARTESIAN_POINT ( 'NONE',  ( -17.90416666666666900, 1.545336663013165500, 0.8922005383792490600 ) ) ;
#1510 = CARTESIAN_POINT ( 'NONE',  ( -24.55416666666667100, -1.545336663013166200, -0.8922005383792486200 ) ) ;
#1511 = CARTESIAN_POINT ( 'NONE',  ( -27.15000000000000200, -1.999999999999999600, 2.449293598294705900E-016 ) ) ;
#1512 = CARTESIAN_POINT ( 'NONE',  ( 25.77916666666666500, 0.7726683315065814300, 1.338300807568873800 ) ) ;
#1513 = CARTESIAN_POINT ( 'NONE',  ( -25.39999999999999900, -1.545336663013165700, 1.892491597964125200E-016 ) ) ;
#1514 = CARTESIAN_POINT ( 'NONE',  ( -25.45833333333333600, -1.545336663013165100, 0.8922005383792495100 ) ) ;
#1515 = LINE ( 'NONE', #3318, #1928 ) ;
#1516 = CARTESIAN_POINT ( 'NONE',  ( 21.49166666666666400, 1.545336663013165100, -0.8922005383792486200 ) ) ;
#1517 = CARTESIAN_POINT ( 'NONE',  ( 18.69166666666667000, 1.545336663013165100, -0.8922005383792486200 ) ) ;
#1518 = EDGE_CURVE ( 'NONE', #578, #996, #6295, .T. ) ;
#1519 = CARTESIAN_POINT ( 'NONE',  ( -24.11666666666666700, -0.7726683315065825400, 1.338300807568873800 ) ) ;
#1520 = DIRECTION ( 'NONE',  ( 0.0000000000000000000, 0.0000000000000000000, 1.000000000000000000 ) ) ;
#1521 = LINE ( 'NONE', #3186, #3050 ) ;
#1522 = CARTESIAN_POINT ( 'NONE',  ( -17.52499999999999900, 1.414100318299875800E-016, 2.309401076758502500 ) ) ;
#1523 = LINE ( 'NONE', #2930, #1435 ) ;
#1524 = CARTESIAN_POINT ( 'NONE',  ( 19.14805864835802400, 1.905729820083115400, 0.5161380103053168100 ) ) ;
#1525 = ADVANCED_FACE ( 'NONE', ( #1441 ), #2100, .T. ) ;
#1526 = CYLINDRICAL_SURFACE ( 'NONE', #87, 2.000000000000000000 ) ;
#1527 = CARTESIAN_POINT ( 'NONE',  ( 22.04583333333333400, 0.7726683315065827600, -1.338300807568873200 ) ) ;
#1528 = AXIS2_PLACEMENT_3D ( 'NONE', #4722, #75, #3181 ) ;
#1529 = CARTESIAN_POINT ( 'NONE',  ( -24.02916666666667200, -0.7726683315065825400, 1.338300807568873800 ) ) ;
#1530 = CARTESIAN_POINT ( 'NONE',  ( -22.30623926088303900, -0.5358983848622449500, 1.999999999999999600 ) ) ;
#1531 =( BOUNDED_CURVE ( )  B_SPLINE_CURVE ( 2, ( #5961, #5457, #717, #1291, #1732, #3819, #2830, #4893, #1776 ),
 .UNSPECIFIED., .F., .T. ) 
 B_SPLINE_CURVE_WITH_KNOTS ( ( 3, 2, 2, 2, 3 ),
 ( 0.7031250000000000000, 0.7083333333333333700, 0.7187500000000000000, 0.7291666666666666300, 0.7343750000000000000 ),
 .UNSPECIFIED. ) 
 CURVE ( )  GEOMETRIC_REPRESENTATION_ITEM ( )  RATIONAL_B_SPLINE_CURVE ( ( 0.9330127018922194100, 0.9330127018922194100, 1.000000000000000000, 0.8660254037844387100, 1.000000000000000000, 0.8660254037844387100, 1.000000000000000000, 0.9330127018922194100, 0.9330127018922194100 ) ) 
 REPRESENTATION_ITEM ( '' )  );
#1532 = CARTESIAN_POINT ( 'NONE',  ( -16.63172308141813000, 1.260336688851691400, -0.8942129683621348200 ) ) ;
#1533 = CARTESIAN_POINT ( 'NONE',  ( 17.41154440136380500, -0.4449531194776060200, -1.949876078489899200 ) ) ;
#1534 = CARTESIAN_POINT ( 'NONE',  ( -18.51666666666666600, 0.9999999999999983300, -1.732050807568877900 ) ) ;
#1535 = CARTESIAN_POINT ( 'NONE',  ( 27.76249999999999900, 1.545336663013165100, 0.0000000000000000000 ) ) ;
#1536 = ORIENTED_EDGE ( 'NONE', *, *, #3153, .T. ) ;
#1537 = CARTESIAN_POINT ( 'NONE',  ( -23.94166666666666600, -1.545336663013166400, -0.8922005383792486200 ) ) ;
#1538 = CARTESIAN_POINT ( 'NONE',  ( -24.05833333333333400, -1.545336663013165100, 0.8922005383792495100 ) ) ;
#1539 = CARTESIAN_POINT ( 'NONE',  ( 20.09166666666666500, 1.545336663013165100, -0.8922005383792486200 ) ) ;
#1540 = CARTESIAN_POINT ( 'NONE',  ( 18.45833333333333600, -1.545336663013164600, -0.8922005383792492900 ) ) ;
#1541 = CARTESIAN_POINT ( 'NONE',  ( -21.02499999999999900, -3.277891600571078100E-016, -1.784401076758498400 ) ) ;
#1542 = CARTESIAN_POINT ( 'NONE',  ( -18.54583333333333800, -1.000000000000000700, -1.732050807568876300 ) ) ;
#1543 = CARTESIAN_POINT ( 'NONE',  ( -27.35416666666666800, 1.999999999999999800, 1.154700538379251000 ) ) ;
#1544 = ORIENTED_EDGE ( 'NONE', *, *, #2135, .F. ) ;
#1545 = CARTESIAN_POINT ( 'NONE',  ( -18.69166666666667000, -2.000000000000000000, -1.154700538379250400 ) ) ;
#1546 = EDGE_LOOP ( 'NONE', ( #3102, #5220, #5868, #1638, #761, #6053 ) ) ;
#1547 = CARTESIAN_POINT ( 'NONE',  ( 21.69583333333332900, -0.7726683315065832100, 1.338300807568872900 ) ) ;
#1548 = CARTESIAN_POINT ( 'NONE',  ( -23.21250000000000600, -1.545336663013165700, 1.892491597964125200E-016 ) ) ;
#1549 = CARTESIAN_POINT ( 'NONE',  ( 21.37499999999999600, -8.715332896486790000E-016, 2.000000000000000000 ) ) ;
#1550 = CARTESIAN_POINT ( 'NONE',  ( -24.20416666666666900, -2.000000000000000000, -1.154700538379250600 ) ) ;
#1551 = B_SPLINE_CURVE_WITH_KNOTS ( 'NONE', 3,
 ( #3979, #5484, #1921, #6638, #4988, #6078, #3473, #3493, #5505, #2444, #2377, #6036, #2902, #2945, #866, #1412, #3433, #839, #6104, #3911, #4003, #5060, #6056, #4477, #2964, #1945, #4429, #2922 ),
 .UNSPECIFIED., .F., .F.,
 ( 4, 2, 2, 2, 2, 2, 2, 2, 2, 2, 2, 2, 2, 4 ),
 ( 0.002177633153862708600, 0.002888392365585997700, 0.003599151577309287300, 0.003954531183170932300, 0.004309910789032577300, 0.004665290394894222200, 0.005020670000755867200, 0.005376049606617512200, 0.005731429212479157200, 0.006086808818340802200, 0.006442188424202447200, 0.006797568030064092200, 0.007152947635925737200, 0.007863706847649028900 ),
 .UNSPECIFIED. ) ;
#1552 = VERTEX_POINT ( 'NONE', #1253 ) ;
#1553 = CARTESIAN_POINT ( 'NONE',  ( 18.84520283062266800, -1.068716069611239700, 1.293842936594133500 ) ) ;
#1554 = CARTESIAN_POINT ( 'NONE',  ( -25.60416666666667100, 1.545336663013165500, 0.8922005383792490600 ) ) ;
#1555 = CARTESIAN_POINT ( 'NONE',  ( 17.58333333333333200, 1.000000000000000200, -1.732050807568877200 ) ) ;
#1556 = ADVANCED_FACE ( 'NONE', ( #51 ), #1741, .T. ) ;
#1557 = EDGE_CURVE ( 'NONE', #6185, #3909, #5922, .T. ) ;
#1558 = CARTESIAN_POINT ( 'NONE',  ( -23.88333333333333300, -0.7726683315065834300, -1.338300807568873400 ) ) ;
#1559 = CARTESIAN_POINT ( 'NONE',  ( -23.94166666666666600, -1.545336663013166200, -0.8922005383792486200 ) ) ;
#1560 = CC_DESIGN_PERSON_AND_ORGANIZATION_ASSIGNMENT ( #599, #313, ( #5656 ) ) ;
#1561 = CARTESIAN_POINT ( 'NONE',  ( 19.21666666666666500, -0.7726683315065822100, -1.338300807568873400 ) ) ;
#1562 = ORIENTED_EDGE ( 'NONE', *, *, #764, .F. ) ;
#1563 = CARTESIAN_POINT ( 'NONE',  ( 24.61250000000000100, 2.000000000000000000, 0.0000000000000000000 ) ) ;
#1564 = CARTESIAN_POINT ( 'NONE',  ( -21.95833333333333200, -1.545336663013165100, 0.8922005383792495100 ) ) ;
#1565 = CARTESIAN_POINT ( 'NONE',  ( -26.59583333333333500, 1.000000000000000000, 1.732050807568877000 ) ) ;
#1566 = CARTESIAN_POINT ( 'NONE',  ( 20.12083333333333000, 1.545336663013164400, 0.8922005383792495100 ) ) ;
#1567 = ORIENTED_EDGE ( 'NONE', *, *, #474, .F. ) ;
#1568 = EDGE_CURVE ( 'NONE', #3825, #1476, #3225, .T. ) ;
#1569 =( BOUNDED_CURVE ( )  B_SPLINE_CURVE ( 2, ( #1609, #1653, #5814, #4749, #597 ),
 .UNSPECIFIED., .F., .T. ) 
 B_SPLINE_CURVE_WITH_KNOTS ( ( 3, 2, 3 ),
 ( 0.9843750000000000000, 0.9895833333333333700, 0.9912022767303041400 ),
 .UNSPECIFIED. ) 
 CURVE ( )  GEOMETRIC_REPRESENTATION_ITEM ( )  RATIONAL_B_SPLINE_CURVE ( ( 0.9330127018922194100, 0.9330127018922194100, 1.000000000000000000, 0.9791778603611192000, 0.9648280148942389700 ) ) 
 REPRESENTATION_ITEM ( '' )  );
#1570 = CARTESIAN_POINT ( 'NONE',  ( -27.49999999999999600, 0.0000000000000000000, 0.0000000000000000000 ) ) ;
#1571 = ORIENTED_EDGE ( 'NONE', *, *, #1658, .T. ) ;
#1572 = DIRECTION ( 'NONE',  ( 1.000000000000000000, 0.0000000000000000000, -0.0000000000000000000 ) ) ;
#1573 = CARTESIAN_POINT ( 'NONE',  ( 22.62916666666666600, -0.7726683315065822100, -1.338300807568873400 ) ) ;
#1574 = CARTESIAN_POINT ( 'NONE',  ( -22.22083333333333500, 1.545336663013165100, -0.8922005383792499500 ) ) ;
#1575 = CARTESIAN_POINT ( 'NONE',  ( 26.27500000000000200, -4.242300954899627700E-016, 2.309401076758502900 ) ) ;
#1576 = CARTESIAN_POINT ( 'NONE',  ( 21.66876073911696900, 0.5358983848622456100, -1.999999999999999600 ) ) ;
#1577 = VERTEX_POINT ( 'NONE', #4878 ) ;
#1578 = CARTESIAN_POINT ( 'NONE',  ( 19.01009422065432700, -0.2247315706322889600, -1.827890883667494100 ) ) ;
#1579 = DIRECTION ( 'NONE',  ( -1.000000000000000000, -0.0000000000000000000, -0.0000000000000000000 ) ) ;
#1580 = CARTESIAN_POINT ( 'NONE',  ( 22.86250000000000100, 1.545336663013165100, 0.0000000000000000000 ) ) ;
#1581 = CARTESIAN_POINT ( 'NONE',  ( -22.19166666666666600, 1.545336663013165700, 0.8922005383792489500 ) ) ;
#1582 = CARTESIAN_POINT ( 'NONE',  ( -23.41666666666666400, -0.7726683315065825400, 1.338300807568873800 ) ) ;
#1583 = CARTESIAN_POINT ( 'NONE',  ( -27.49999999999999600, 0.0000000000000000000, 4.000000000000000000 ) ) ;
#1584 = VERTEX_POINT ( 'NONE', #5924 ) ;
#1585 = CARTESIAN_POINT ( 'NONE',  ( -21.89999999999999900, -1.545336663013165700, 1.892491597964125200E-016 ) ) ;
#1586 = CARTESIAN_POINT ( 'NONE',  ( -25.95416666666666900, 1.999999999999999800, 1.154700538379251000 ) ) ;
#1587 = CYLINDRICAL_SURFACE ( 'NONE', #4648, 2.000000000000000000 ) ;
#1588 = CARTESIAN_POINT ( 'NONE',  ( -16.59166666666666900, -2.000000000000000000, -1.154700538379250400 ) ) ;
#1589 = CARTESIAN_POINT ( 'NONE',  ( 17.50000000000000000, 0.0000000000000000000, -2.000000000000000000 ) ) ;
#1590 = CARTESIAN_POINT ( 'NONE',  ( 17.50000000000000000, 0.0000000000000000000, 0.0000000000000000000 ) ) ;
#1591 = ADVANCED_FACE ( 'NONE', ( #3303 ), #4528, .F. ) ;
#1592 = VECTOR ( 'NONE', #792, 1000.000000000000000 ) ;
#1593 = CARTESIAN_POINT ( 'NONE',  ( -20.52916666666666900, 0.9999999999999983300, -1.732050807568877900 ) ) ;
#1594 = CARTESIAN_POINT ( 'NONE',  ( 21.87083333333333400, -1.545336663013164600, -0.8922005383792492900 ) ) ;
#1595 = CARTESIAN_POINT ( 'NONE',  ( -22.16250000000000100, 1.545336663013165700, 0.0000000000000000000 ) ) ;
#1596 = CARTESIAN_POINT ( 'NONE',  ( -18.92499999999999700, 2.905110965495596800E-016, 1.999999999999999600 ) ) ;
#1597 = CARTESIAN_POINT ( 'NONE',  ( 21.69583333333333300, 1.000000000000000200, -1.732050807568877200 ) ) ;
#1598 = CARTESIAN_POINT ( 'NONE',  ( 18.94846913925054800, -1.492093513018646300, -0.9518371113702052100 ) ) ;
#1599 = CARTESIAN_POINT ( 'NONE',  ( 26.88739094253380600, 6.404243327809366000E-006, 1.999999999980035100 ) ) ;
#1600 = CARTESIAN_POINT ( 'NONE',  ( 21.40416666666666500, 1.545336663013165100, -0.8922005383792486200 ) ) ;
#1601 = CARTESIAN_POINT ( 'NONE',  ( -20.61666666666666400, -0.7726683315065825400, 1.338300807568873800 ) ) ;
#1602 = CARTESIAN_POINT ( 'NONE',  ( -21.60833333333333400, 1.545336663013165100, -0.8922005383792499500 ) ) ;
#1603 = FACE_OUTER_BOUND ( 'NONE', #4331, .T. ) ;
#1604 = DIRECTION ( 'NONE',  ( 1.000000000000000000, 0.0000000000000000000, 0.0000000000000000000 ) ) ;
#1605 = CYLINDRICAL_SURFACE ( 'NONE', #5946, 2.000000000000000000 ) ;
#1606 = CARTESIAN_POINT ( 'NONE',  ( -24.52500000000000200, 2.905110965495596800E-016, 1.999999999999999600 ) ) ;
#1607 = EDGE_CURVE ( 'NONE', #5126, #3682, #5433, .T. ) ;
#1608 = CARTESIAN_POINT ( 'NONE',  ( -21.25833333333333300, -1.545336663013165100, 0.8922005383792495100 ) ) ;
#1609 = CARTESIAN_POINT ( 'NONE',  ( -16.47500000000000100, -8.715332896486790000E-016, -1.999999999999999600 ) ) ;
#1610 = CARTESIAN_POINT ( 'NONE',  ( -27.99583333333333400, 1.000000000000000000, 1.732050807568877000 ) ) ;
#1611 = DIRECTION ( 'NONE',  ( -1.000000000000000000, -0.0000000000000000000, -0.0000000000000000000 ) ) ;
#1612 = LINE ( 'NONE', #6543, #2657 ) ;
#1613 = CARTESIAN_POINT ( 'NONE',  ( 22.77499999999999500, -8.715332896486790000E-016, 2.000000000000000000 ) ) ;
#1614 = CARTESIAN_POINT ( 'NONE',  ( -26.21666666666666500, 0.9999999999999983300, -1.732050807568877900 ) ) ;
#1615 =( BOUNDED_CURVE ( )  B_SPLINE_CURVE ( 2, ( #5845, #5937, #4283, #694, #3305, #2807, #1174, #1195, #1753 ),
 .UNSPECIFIED., .F., .T. ) 
 B_SPLINE_CURVE_WITH_KNOTS ( ( 3, 2, 2, 2, 3 ),
 ( 0.6378788200839389200, 0.6433307869192024200, 0.6542346985619007500, 0.6651386102045990800, 0.6705905660259484600 ),
 .UNSPECIFIED. ) 
 CURVE ( )  GEOMETRIC_REPRESENTATION_ITEM ( )  RATIONAL_B_SPLINE_CURVE ( ( 0.9330127018924927500, 0.9330125665660384800, 1.000000000000000000, 0.8660254037844387100, 1.000000000000000000, 0.8660254037844387100, 1.000000000000000000, 0.9330127018922165200, 0.9330127018922194100 ) ) 
 REPRESENTATION_ITEM ( '' )  );
#1616 = CARTESIAN_POINT ( 'NONE',  ( 20.06250000000000400, -2.000000000000000000, -2.449293598294706400E-016 ) ) ;
#1617 = CARTESIAN_POINT ( 'NONE',  ( 16.95114228343180300, -1.806159245979315400, -1.172903836010741800 ) ) ;
#1618 = CARTESIAN_POINT ( 'NONE',  ( -23.32916666666666900, -0.7726683315065825400, 1.338300807568873800 ) ) ;
#1619 = CARTESIAN_POINT ( 'NONE',  ( 27.50000000000000000, 2.000000000000000000, 0.0000000000000000000 ) ) ;
#1620 = CARTESIAN_POINT ( 'NONE',  ( 27.42369334333007900, -1.182998610139484700, 1.011331393248322100 ) ) ;
#1621 = VERTEX_POINT ( 'NONE', #726 ) ;
#1622 = CARTESIAN_POINT ( 'NONE',  ( 18.90715760209452900, -1.728470246431122600, 0.02626167226678707500 ) ) ;
#1623 = CARTESIAN_POINT ( 'NONE',  ( 18.79725184659986300, -6.391244124090311400E-016, 1.615048509613028900 ) ) ;
#1624 = CARTESIAN_POINT ( 'NONE',  ( 23.91250000000000100, -1.545336663013165100, -1.892491597964124500E-016 ) ) ;
#1625 = CARTESIAN_POINT ( 'NONE',  ( -18.92499999999999700, -3.277891600571078100E-016, -1.784401076758498400 ) ) ;
#1626 = CARTESIAN_POINT ( 'NONE',  ( -23.76666666666666600, 0.7726683315065817600, -1.338300807568874300 ) ) ;
#1627 = ORIENTED_EDGE ( 'NONE', *, *, #2500, .T. ) ;
#1628 = CARTESIAN_POINT ( 'NONE',  ( -20.96666666666666900, -0.9999999999999993300, 1.732050807568877200 ) ) ;
#1629 = CARTESIAN_POINT ( 'NONE',  ( 25.28333333333333500, 1.000000000000000200, -1.732050807568877200 ) ) ;
#1630 = CARTESIAN_POINT ( 'NONE',  ( -20.73333333333333400, 0.7726683315065830900, 1.338300807568873600 ) ) ;
#1631 = CARTESIAN_POINT ( 'NONE',  ( -23.27083333333333200, 1.999999999999998700, -1.154700538379252100 ) ) ;
#1632 = CARTESIAN_POINT ( 'NONE',  ( 25.48750012630440400, -2.165218383277759000E-006, 1.999999999998828000 ) ) ;
#1633 = ORIENTED_EDGE ( 'NONE', *, *, #6233, .T. ) ;
#1634 = CARTESIAN_POINT ( 'NONE',  ( -26.53750000000000100, 2.905110965495596800E-016, 1.999999999999999600 ) ) ;
#1635 = CARTESIAN_POINT ( 'NONE',  ( -25.92499999999999700, 2.905110965495596800E-016, 1.999999999999999600 ) ) ;
#1636 = CARTESIAN_POINT ( 'NONE',  ( -17.14583333333333600, -1.000000000000000700, -1.732050807568876300 ) ) ;
#1637 = CARTESIAN_POINT ( 'NONE',  ( 17.49583333333333400, -0.7726683315065832100, 1.338300807568872900 ) ) ;
#1638 = ORIENTED_EDGE ( 'NONE', *, *, #6361, .F. ) ;
#1639 = CARTESIAN_POINT ( 'NONE',  ( -17.37916666666666600, 0.7726683315065817600, -1.338300807568874300 ) ) ;
#1640 = CARTESIAN_POINT ( 'NONE',  ( 27.50000000000000000, 0.0000000000000000000, 1.474999999999999000 ) ) ;
#1641 = CARTESIAN_POINT ( 'NONE',  ( 27.42966333685553700, -1.524866750028816700, -0.2506926339349012700 ) ) ;
#1642 = CARTESIAN_POINT ( 'NONE',  ( -18.13749999999999900, 2.905110965495596800E-016, 1.999999999999999600 ) ) ;
#1643 = ORIENTED_EDGE ( 'NONE', *, *, #3780, .F. ) ;
#1644 = CARTESIAN_POINT ( 'NONE',  ( -27.49999999999999600, 0.3909388627748636700, 4.000000000000000000 ) ) ;
#1645 = CARTESIAN_POINT ( 'NONE',  ( 23.21249999999999900, -1.545336663013165100, -1.892491597964124500E-016 ) ) ;
#1646 = EDGE_CURVE ( 'NONE', #3009, #3168, #5995, .T. ) ;
#1647 = CARTESIAN_POINT ( 'NONE',  ( -20.26666666666666600, 0.7726683315065817600, -1.338300807568874300 ) ) ;
#1648 = CARTESIAN_POINT ( 'NONE',  ( -18.16666666666666400, 0.7726683315065817600, -1.338300807568874300 ) ) ;
#1649 = ORIENTED_EDGE ( 'NONE', *, *, #4134, .T. ) ;
#1650 = CARTESIAN_POINT ( 'NONE',  ( -27.14273441009208200, -2.309401076758876800, 4.000000000000000000 ) ) ;
#1651 = ORIENTED_EDGE ( 'NONE', *, *, #5055, .T. ) ;
#1652 = CARTESIAN_POINT ( 'NONE',  ( -19.79999999999999700, -1.545336663013165700, 1.892491597964125200E-016 ) ) ;
#1653 = CARTESIAN_POINT ( 'NONE',  ( -16.44373926088303500, 0.5358983848622441700, -2.000000000000000000 ) ) ;
#1654 = CARTESIAN_POINT ( 'NONE',  ( -20.99583333333333400, 1.000000000000000000, 1.732050807568877000 ) ) ;
#1655 = CARTESIAN_POINT ( 'NONE',  ( 25.19583333333333300, 1.000000000000000200, -1.732050807568877200 ) ) ;
#1656 = CARTESIAN_POINT ( 'NONE',  ( 17.34201139365474000, -1.549451623578277100, -4.000000000000000900 ) ) ;
#1657 = ORIENTED_EDGE ( 'NONE', *, *, #5483, .F. ) ;
#1658 = EDGE_CURVE ( 'NONE', #1252, #6595, #4662, .T. ) ;
#1659 = CARTESIAN_POINT ( 'NONE',  ( 27.38934458879818500, -1.590791650322659800, -0.0006049944353644793600 ) ) ;
#1660 = ADVANCED_FACE ( 'NONE', ( #5266 ), #1942, .F. ) ;
#1661 = CARTESIAN_POINT ( 'NONE',  ( 21.37500000000000000, -8.715332896486790000E-016, 2.000000000000000000 ) ) ;
#1662 = CARTESIAN_POINT ( 'NONE',  ( 19.07083333333333300, -1.545336663013164600, -0.8922005383792492900 ) ) ;
#1663 = CARTESIAN_POINT ( 'NONE',  ( -17.72916666666667100, -0.7726683315065825400, 1.338300807568873800 ) ) ;
#1664 = CARTESIAN_POINT ( 'NONE',  ( 26.33333333333333200, -1.000000000000000900, 1.732050807568876700 ) ) ;
#1665 = CARTESIAN_POINT ( 'NONE',  ( 20.29583333333333100, -0.7726683315065832100, 1.338300807568872900 ) ) ;
#1666 = CARTESIAN_POINT ( 'NONE',  ( -27.14273441009208200, -2.309401076758875100, -4.000000000000001800 ) ) ;
#1667 = APPROVAL_DATE_TIME ( #1503, #5528 ) ;
#1668 = AXIS2_PLACEMENT_3D ( 'NONE', #84, #4732, #134 ) ;
#1669 = CARTESIAN_POINT ( 'NONE',  ( 24.93333333333333000, 0.7726683315065827600, -1.338300807568873200 ) ) ;
#1670 = CARTESIAN_POINT ( 'NONE',  ( 26.77083333333333600, 1.999999999999999300, 1.154700538379252600 ) ) ;
#1671 = CARTESIAN_POINT ( 'NONE',  ( 22.10416666666666800, 1.545336663013165100, -0.8922005383792486200 ) ) ;
#1672 = CARTESIAN_POINT ( 'NONE',  ( -20.96666666666666900, 0.7726683315065817600, -1.338300807568874300 ) ) ;
#1673 = CARTESIAN_POINT ( 'NONE',  ( -17.11666666666666700, -0.7726683315065825400, 1.338300807568873800 ) ) ;
#1674 = LINE ( 'NONE', #3402, #2805 ) ;
#1675 = DIRECTION ( 'NONE',  ( -1.000000000000000000, -0.0000000000000000000, -0.0000000000000000000 ) ) ;
#1676 = CARTESIAN_POINT ( 'NONE',  ( 20.61876079773504200, -0.5358993897435585500, 1.999999419831503400 ) ) ;
#1677 = CARTESIAN_POINT ( 'NONE',  ( -18.57500000000000300, 1.092630533523692700E-016, 1.784401076758498400 ) ) ;
#1678 = CARTESIAN_POINT ( 'NONE',  ( 17.46538474574033400, 0.7872882664527917100, 4.000000000000000000 ) ) ;
#1679 = CARTESIAN_POINT ( 'NONE',  ( -22.68750000000000400, -4.242300954899626700E-016, -2.309401076758502500 ) ) ;
#1680 = CARTESIAN_POINT ( 'NONE',  ( 25.37083333333334100, 1.999999999999999300, 1.154700538379252800 ) ) ;
#1681 = CARTESIAN_POINT ( 'NONE',  ( -25.02083333333333600, 1.545336663013165300, -0.8922005383792500600 ) ) ;
#1682 = CARTESIAN_POINT ( 'NONE',  ( 23.59166666666666900, -2.000000000000000400, 1.154700538379250800 ) ) ;
#1683 = CARTESIAN_POINT ( 'NONE',  ( -16.47500000000000100, -8.715332896486790000E-016, -1.999999999999999600 ) ) ;
#1684 = DIRECTION ( 'NONE',  ( 1.000000000000000000, 0.0000000000000000000, 0.0000000000000000000 ) ) ;
#1685 = DIRECTION ( 'NONE',  ( 1.000000000000000000, 0.0000000000000000000, 0.0000000000000000000 ) ) ;
#1686 = CARTESIAN_POINT ( 'NONE',  ( 27.85000000000000100, 1.545336663013165100, 0.0000000000000000000 ) ) ;
#1687 = FACE_OUTER_BOUND ( 'NONE', #2951, .T. ) ;
#1688 = CARTESIAN_POINT ( 'NONE',  ( -18.66250000000000100, 1.545336663013165700, 0.0000000000000000000 ) ) ;
#1689 = CARTESIAN_POINT ( 'NONE',  ( 21.60833333333333400, -1.999999999999999800, -1.154700538379252100 ) ) ;
#1690 = CARTESIAN_POINT ( 'NONE',  ( -27.25081200405740500, -1.935009308942174300, -4.000000000000001800 ) ) ;
#1691 = EDGE_CURVE ( 'NONE', #3168, #4919, #5368, .T. ) ;
#1692 = AXIS2_PLACEMENT_3D ( 'NONE', #2785, #2720, #5366 ) ;
#1693 = CYLINDRICAL_SURFACE ( 'NONE', #5938, 2.000000000000000000 ) ;
#1694 = CARTESIAN_POINT ( 'NONE',  ( 27.20833333333333200, 1.545336663013164600, 0.8922005383792495100 ) ) ;
#1695 = VECTOR ( 'NONE', #3867, 1000.000000000000000 ) ;
#1696 = CARTESIAN_POINT ( 'NONE',  ( 17.61250000000000100, -1.545336663013165100, -1.892491597964124500E-016 ) ) ;
#1697 = CARTESIAN_POINT ( 'NONE',  ( -18.63333333333333600, 0.7726683315065830900, 1.338300807568873600 ) ) ;
#1698 = CARTESIAN_POINT ( 'NONE',  ( -20.50000000000000000, -1.545336663013165700, 1.892491597964125200E-016 ) ) ;
#1699 = DIRECTION ( 'NONE',  ( -1.000000000000000000, -0.0000000000000000000, -0.0000000000000000000 ) ) ;
#1700 = EDGE_CURVE ( 'NONE', #5626, #2035, #4617, .T. ) ;
#1701 = CARTESIAN_POINT ( 'NONE',  ( -19.45000000000000300, 1.545336663013165700, 0.0000000000000000000 ) ) ;
#1702 = CARTESIAN_POINT ( 'NONE',  ( -22.27916666666666900, -0.9999999999999993300, 1.732050807568877200 ) ) ;
#1703 = VERTEX_POINT ( 'NONE', #5464 ) ;
#1704 = CARTESIAN_POINT ( 'NONE',  ( 25.25416666666666600, 2.000000000000000000, -1.154700538379251200 ) ) ;
#1705 = CARTESIAN_POINT ( 'NONE',  ( -19.53749999999999800, 2.905110965495596800E-016, 1.999999999999999600 ) ) ;
#1706 = ORIENTED_EDGE ( 'NONE', *, *, #6460, .T. ) ;
#1707 = CARTESIAN_POINT ( 'NONE',  ( 20.23750000000000100, 2.324088772396477700E-016, -1.999999999999999600 ) ) ;
#1708 = CARTESIAN_POINT ( 'NONE',  ( 17.50000000000000000, 2.449293598294706400E-016, 2.000000000000000000 ) ) ;
#1709 = CARTESIAN_POINT ( 'NONE',  ( 18.66249999999999800, 1.545336663013165100, 0.0000000000000000000 ) ) ;
#1710 = CARTESIAN_POINT ( 'NONE',  ( -18.48750000000000100, 1.092630533523692700E-016, 1.784401076758498400 ) ) ;
#1711 = CARTESIAN_POINT ( 'NONE',  ( 23.53333333333333100, -1.000000000000000900, 1.732050807568876700 ) ) ;
#1712 = CARTESIAN_POINT ( 'NONE',  ( 26.88739094253380600, 6.404243327809366000E-006, 1.999999999980035100 ) ) ;
#1713 = EDGE_LOOP ( 'NONE', ( #4246, #2584, #6262, #1049 ) ) ;
#1714 = CARTESIAN_POINT ( 'NONE',  ( 25.51666666666666600, -0.7726683315065822100, -1.338300807568873400 ) ) ;
#1715 = DIRECTION ( 'NONE',  ( 1.000000000000000000, 0.0000000000000000000, 0.0000000000000000000 ) ) ;
#1716 = CARTESIAN_POINT ( 'NONE',  ( 18.02083333333333200, 1.545336663013164600, 0.8922005383792495100 ) ) ;
#1717 = CARTESIAN_POINT ( 'NONE',  ( -17.99166666666666700, 1.545336663013165700, 0.8922005383792489500 ) ) ;
#1718 = CARTESIAN_POINT ( 'NONE',  ( -18.63333333333333600, 0.7726683315065830900, 1.338300807568873600 ) ) ;
#1719 = DIRECTION ( 'NONE',  ( 0.0000000000000000000, 0.0000000000000000000, 1.000000000000000000 ) ) ;
#1720 = EDGE_LOOP ( 'NONE', ( #557, #1413, #5477, #2946 ) ) ;
#1721 = CARTESIAN_POINT ( 'NONE',  ( 18.77916666666666500, 0.7726683315065814300, 1.338300807568873800 ) ) ;
#1722 = CARTESIAN_POINT ( 'NONE',  ( -16.94166666666666600, -1.545336663013166200, -0.8922005383792486200 ) ) ;
#1723 = CARTESIAN_POINT ( 'NONE',  ( 0.0000000000000000000, 0.0000000000000000000, 0.0000000000000000000 ) ) ;
#1724 = CARTESIAN_POINT ( 'NONE',  ( -21.52083333333333900, -1.999999999999999300, 1.154700538379251700 ) ) ;
#1725 = CARTESIAN_POINT ( 'NONE',  ( 27.29583333333333400, 1.000000000000000200, -1.732050807568877200 ) ) ;
#1726 = CARTESIAN_POINT ( 'NONE',  ( -26.99453666301307900, 1.269955597890995500, 0.8804988253472592100 ) ) ;
#1727 = CARTESIAN_POINT ( 'NONE',  ( 27.17916666666666400, 0.7726683315065814300, 1.338300807568873800 ) ) ;
#1728 = ORIENTED_EDGE ( 'NONE', *, *, #5878, .T. ) ;
#1729 = CARTESIAN_POINT ( 'NONE',  ( -19.59583333333333100, 1.000000000000000000, 1.732050807568877000 ) ) ;
#1730 = CARTESIAN_POINT ( 'NONE',  ( -23.09583333333333500, 1.000000000000000000, 1.732050807568877000 ) ) ;
#1731 = ADVANCED_FACE ( 'NONE', ( #2326 ), #3131, .T. ) ;
#1732 = CARTESIAN_POINT ( 'NONE',  ( 19.45000000000000300, -2.000000000000000000, -2.449293598294706400E-016 ) ) ;
#1733 = CARTESIAN_POINT ( 'NONE',  ( 26.85833333333333100, -1.545336663013164600, -0.8922005383792492900 ) ) ;
#1734 = CARTESIAN_POINT ( 'NONE',  ( -19.59583333333333500, -0.7726683315065834300, -1.338300807568873400 ) ) ;
#1735 = CARTESIAN_POINT ( 'NONE',  ( 24.17500000000000100, -4.242300954899627700E-016, 2.309401076758502900 ) ) ;
#1736 = ORIENTED_EDGE ( 'NONE', *, *, #212, .T. ) ;
#1737 = DIRECTION ( 'NONE',  ( 1.000000000000000000, 0.0000000000000000000, 0.0000000000000000000 ) ) ;
#1738 = CARTESIAN_POINT ( 'NONE',  ( 17.93333333333333400, 0.7726683315065827600, -1.338300807568873200 ) ) ;
#1739 = ORIENTED_EDGE ( 'NONE', *, *, #5525, .T. ) ;
#1740 = CARTESIAN_POINT ( 'NONE',  ( 25.39999999999999900, -1.545336663013165100, -1.892491597964124500E-016 ) ) ;
#1741 = PLANE ( 'NONE',  #650 ) ;
#1742 = CARTESIAN_POINT ( 'NONE',  ( -23.79373926088303600, -0.5358983848622449500, 1.999999999999999600 ) ) ;
#1743 = CARTESIAN_POINT ( 'NONE',  ( 20.17916666666666400, 0.7726683315065814300, 1.338300807568873800 ) ) ;
#1744 = EDGE_CURVE ( 'NONE', #4290, #3426, #3646, .T. ) ;
#1745 =( BOUNDED_CURVE ( )  B_SPLINE_CURVE ( 2, ( #1707, #5347, #4197, #2225, #1616, #625, #2673, #6337, #5848 ),
 .UNSPECIFIED., .F., .T. ) 
 B_SPLINE_CURVE_WITH_KNOTS ( ( 3, 2, 2, 2, 3 ),
 ( 0.7360140358821383200, 0.7414659917034874800, 0.7523699033461858100, 0.7632738149888841400, 0.7687257597963207400 ),
 .UNSPECIFIED. ) 
 CURVE ( )  GEOMETRIC_REPRESENTATION_ITEM ( )  RATIONAL_B_SPLINE_CURVE ( ( 0.9330127018922194100, 0.9330127018922194100, 1.000000000000000000, 0.8660254037844387100, 1.000000000000000000, 0.8660254037844387100, 1.000000000000000000, 0.9330128372183801300, 0.9330127018924927500 ) ) 
 REPRESENTATION_ITEM ( '' )  );
#1746 = CARTESIAN_POINT ( 'NONE',  ( -16.71922361817577100, 1.260332556706125000, -0.8942187923032454100 ) ) ;
#1747 = CARTESIAN_POINT ( 'NONE',  ( -17.93333333333333400, 0.7726683315065830900, 1.338300807568873600 ) ) ;
#1748 = ORIENTED_EDGE ( 'NONE', *, *, #6538, .F. ) ;
#1749 = CARTESIAN_POINT ( 'NONE',  ( -19.85833333333333400, -1.545336663013165100, 0.8922005383792495100 ) ) ;
#1750 = DIRECTION ( 'NONE',  ( 1.000000000000000000, 0.0000000000000000000, 0.0000000000000000000 ) ) ;
#1751 = CARTESIAN_POINT ( 'NONE',  ( 25.72083333333333500, -1.999999999999999800, -1.154700538379252100 ) ) ;
#1752 = CARTESIAN_POINT ( 'NONE',  ( -24.84583333333333500, 0.7726683315065830900, 1.338300807568873600 ) ) ;
#1753 = CARTESIAN_POINT ( 'NONE',  ( 20.93750000000000000, -4.543593550035113400E-014, -2.000000000000000000 ) ) ;
#1754 = CARTESIAN_POINT ( 'NONE',  ( 27.28785276956881800, -1.565325939857192800, 0.6421361683953154000 ) ) ;
#1755 = CALENDAR_DATE ( 2021, 9, 7 ) ;
#1756 = CARTESIAN_POINT ( 'NONE',  ( -27.49999999999999600, -4.618802153517006700, -1.270464973765129000E-015 ) ) ;
#1757 = DIRECTION ( 'NONE',  ( -1.000000000000000000, -0.0000000000000000000, -0.0000000000000000000 ) ) ;
#1758 = CARTESIAN_POINT ( 'NONE',  ( 24.52499999999999900, -3.277891600571076600E-016, 1.784401076758497700 ) ) ;
#1759 = CARTESIAN_POINT ( 'NONE',  ( -27.15000000000000200, -1.999999999999999600, 2.449293598294705900E-016 ) ) ;
#1760 = CARTESIAN_POINT ( 'NONE',  ( 22.54166666666666800, 2.000000000000000000, -1.154700538379251200 ) ) ;
#1761 = CARTESIAN_POINT ( 'NONE',  ( 23.03750000000000100, 1.162044386198238800E-014, -2.000000000000000000 ) ) ;
#1762 = FACE_BOUND ( 'NONE', #4647, .T. ) ;
#1763 = AXIS2_PLACEMENT_3D ( 'NONE', #1756, #4917, #742 ) ;
#1764 = CARTESIAN_POINT ( 'NONE',  ( 26.09999999999999800, -1.545336663013165100, -1.892491597964124500E-016 ) ) ;
#1765 = CARTESIAN_POINT ( 'NONE',  ( 17.50000000000000000, 0.0000000000000000000, 0.0000000000000000000 ) ) ;
#1766 = CARTESIAN_POINT ( 'NONE',  ( 17.67083333333333100, -1.545336663013164600, -0.8922005383792492900 ) ) ;
#1767 = DIRECTION ( 'NONE',  ( 0.0000000000000000000, 0.0000000000000000000, -1.000000000000000000 ) ) ;
#1768 = DIRECTION ( 'NONE',  ( 0.0000000000000000000, 0.0000000000000000000, 1.000000000000000000 ) ) ;
#1769 = CARTESIAN_POINT ( 'NONE',  ( -24.08749999999999900, 1.092630533523692700E-016, 1.784401076758498400 ) ) ;
#1770 = CARTESIAN_POINT ( 'NONE',  ( -18.86666666666666700, -0.9999999999999993300, 1.732050807568877200 ) ) ;
#1771 = CARTESIAN_POINT ( 'NONE',  ( 21.28750000000000100, -4.242300954899627700E-016, 2.309401076758502900 ) ) ;
#1772 = CARTESIAN_POINT ( 'NONE',  ( -23.44583333333333600, 0.7726683315065830900, 1.338300807568873600 ) ) ;
#1773 = VECTOR ( 'NONE', #4938, 1000.000000000000000 ) ;
#1774 = CARTESIAN_POINT ( 'NONE',  ( -24.55626073911696500, 0.5358983848622455000, 1.999999999999999600 ) ) ;
#1775 = CARTESIAN_POINT ( 'NONE',  ( 22.07499999999999900, -8.715332896486790000E-016, 2.000000000000000000 ) ) ;
#1776 = CARTESIAN_POINT ( 'NONE',  ( 19.27499999999999900, -8.715332896486790000E-016, 2.000000000000000000 ) ) ;
#1777 = CARTESIAN_POINT ( 'NONE',  ( 25.45833333333333600, -1.545336663013164600, -0.8922005383792492900 ) ) ;
#1778 = FACE_OUTER_BOUND ( 'NONE', #1153, .T. ) ;
#1779 = CARTESIAN_POINT ( 'NONE',  ( -25.92500000000000400, 1.414100318299875800E-016, 2.309401076758502500 ) ) ;
#1780 = CARTESIAN_POINT ( 'NONE',  ( 22.83333333333333600, -1.000000000000000900, 1.732050807568876700 ) ) ;
#1781 =( BOUNDED_CURVE ( )  B_SPLINE_CURVE ( 2, ( #3380, #3331, #1827, #5436, #788, #6491, #4425, #3357, #246 ),
 .UNSPECIFIED., .F., .T. ) 
 B_SPLINE_CURVE_WITH_KNOTS ( ( 3, 2, 2, 2, 3 ),
 ( 0.1472028071764276400, 0.1526547629977768600, 0.1635586746404751900, 0.1744625862831735200, 0.1799145310906107900 ),
 .UNSPECIFIED. ) 
 CURVE ( )  GEOMETRIC_REPRESENTATION_ITEM ( )  RATIONAL_B_SPLINE_CURVE ( ( 0.9330127018922193000, 0.9330127018922189700, 1.000000000000000000, 0.8660254037844387100, 1.000000000000000000, 0.8660254037844387100, 1.000000000000000000, 0.9330128372183712500, 0.9330127018924927500 ) ) 
 REPRESENTATION_ITEM ( '' )  );
#1782 = LINE ( 'NONE', #5519, #4708 ) ;
#1783 = EDGE_CURVE ( 'NONE', #1811, #6771, #1230, .T. ) ;
#1784 = CARTESIAN_POINT ( 'NONE',  ( 17.69999999999999900, -1.545336663013165100, -1.892491597964124500E-016 ) ) ;
#1785 = CARTESIAN_POINT ( 'NONE',  ( 21.89999999999999900, -1.545336663013165100, -1.892491597964124500E-016 ) ) ;
#1786 = CARTESIAN_POINT ( 'NONE',  ( -23.62083333333333700, -1.999999999999999300, 1.154700538379251900 ) ) ;
#1787 = CARTESIAN_POINT ( 'NONE',  ( -19.18750000000000400, -8.715332896486790000E-016, -1.999999999999999600 ) ) ;
#1788 = CARTESIAN_POINT ( 'NONE',  ( 20.52916666666666900, -0.7726683315065822100, -1.338300807568873400 ) ) ;
#1789 = CARTESIAN_POINT ( 'NONE',  ( -17.58333333333333200, -0.7726683315065834300, -1.338300807568873400 ) ) ;
#1790 = CARTESIAN_POINT ( 'NONE',  ( 23.00623926088303500, -0.5358983848622397300, -2.000000000000003100 ) ) ;
#1791 = VERTEX_POINT ( 'NONE', #277 ) ;
#1792 = CARTESIAN_POINT ( 'NONE',  ( 18.89583333333333600, -0.7726683315065832100, 1.338300807568872900 ) ) ;
#1793 = EDGE_CURVE ( 'NONE', #4551, #2137, #6167, .T. ) ;
#1794 = CARTESIAN_POINT ( 'NONE',  ( -24.90416666666666900, 1.545336663013165500, 0.8922005383792490600 ) ) ;
#1795 = DIRECTION ( 'NONE',  ( 1.000000000000000000, 0.0000000000000000000, 0.0000000000000000000 ) ) ;
#1796 = CARTESIAN_POINT ( 'NONE',  ( 24.72916666666667100, 0.9999999999999985600, 1.732050807568878100 ) ) ;
#1797 = CARTESIAN_POINT ( 'NONE',  ( -23.03750000000000100, -3.277891600571078100E-016, -1.784401076758498400 ) ) ;
#1798 = EDGE_LOOP ( 'NONE', ( #80, #334, #3980, #5370, #3363, #2761, #4822, #3853, #1982, #6558, #5984, #5208, #993, #3833, #2511, #6192, #4987, #5486, #1218, #3012, #1649, #2059, #6685, #243, #2672, #4734, #486, #1893, #4496 ) ) ;
#1799 = CARTESIAN_POINT ( 'NONE',  ( 26.77083333333333600, -1.545336663013164400, -0.8922005383792492900 ) ) ;
#1800 = CARTESIAN_POINT ( 'NONE',  ( -25.57499999999999600, -8.715332896486790000E-016, -1.999999999999999600 ) ) ;
#1801 = ORIENTED_EDGE ( 'NONE', *, *, #4574, .T. ) ;
#1802 = DIRECTION ( 'NONE',  ( 0.0000000000000000000, 0.0000000000000000000, 1.000000000000000000 ) ) ;
#1803 = CARTESIAN_POINT ( 'NONE',  ( -26.18750000000000400, -8.715332896486790000E-016, -1.999999999999999600 ) ) ;
#1804 = CARTESIAN_POINT ( 'NONE',  ( 24.11666666666666700, -0.7726683315065822100, -1.338300807568873400 ) ) ;
#1805 = ORIENTED_EDGE ( 'NONE', *, *, #1438, .F. ) ;
#1806 = AXIS2_PLACEMENT_3D ( 'NONE', #3196, #5901, #4292 ) ;
#1807 = CARTESIAN_POINT ( 'NONE',  ( -27.44166666666666600, 1.999999999999999800, 1.154700538379251000 ) ) ;
#1808 = CARTESIAN_POINT ( 'NONE',  ( 17.52499999999999900, -3.277891600571076600E-016, 1.784401076758497700 ) ) ;
#1809 = CARTESIAN_POINT ( 'NONE',  ( 22.25000000000000000, 1.545336663013165100, 0.0000000000000000000 ) ) ;
#1810 = B_SPLINE_CURVE_WITH_KNOTS ( 'NONE', 3,
 ( #1044, #3172, #4181, #2146, #5221, #5782, #1553, #6342, #585, #5260, #4224, #4204, #1622, #4247, #4692, #2658, #1598, #5283, #6271, #1064, #2635, #3683, #562, #3124, #1578, #543 ),
 .UNSPECIFIED., .F., .F.,
 ( 4, 2, 2, 2, 2, 2, 2, 2, 2, 2, 2, 2, 4 ),
 ( 0.001559564108574805200, 0.001897807594609759900, 0.002236051080644714200, 0.002912538052714623100, 0.003589025024784532500, 0.003927268510819486800, 0.004265511996854441500, 0.004941998968924350900, 0.005280242454959306400, 0.005618485940994261100, 0.005956729427029216700, 0.006294972913064172300, 0.006971459885134081600 ),
 .UNSPECIFIED. ) ;
#1811 = VERTEX_POINT ( 'NONE', #1278 ) ;
#1812 = CARTESIAN_POINT ( 'NONE',  ( -22.19166666666666600, -2.000000000000000000, -1.154700538379250600 ) ) ;
#1813 = CARTESIAN_POINT ( 'NONE',  ( -22.36876073911696800, 0.5358983848622455000, 1.999999999999999600 ) ) ;
#1814 = CARTESIAN_POINT ( 'NONE',  ( 23.67916666666666700, -0.9999999999999995600, -1.732050807568877400 ) ) ;
#1815 = ORIENTED_EDGE ( 'NONE', *, *, #4092, .F. ) ;
#1816 = CARTESIAN_POINT ( 'NONE',  ( -25.37083333333334100, -1.545336663013165100, 0.8922005383792495100 ) ) ;
#1817 = CARTESIAN_POINT ( 'NONE',  ( -26.65416666666666900, 1.999999999999999600, 1.154700538379251000 ) ) ;
#1818 = CARTESIAN_POINT ( 'NONE',  ( 23.91250000000000100, 2.000000000000000000, 0.0000000000000000000 ) ) ;
#1819 = CARTESIAN_POINT ( 'NONE',  ( -21.98750000000000400, 1.092630533523692800E-016, 1.784401076758498400 ) ) ;
#1820 = CARTESIAN_POINT ( 'NONE',  ( 24.17499999999999700, -8.715332896486790000E-016, 2.000000000000000000 ) ) ;
#1821 = ORIENTED_EDGE ( 'NONE', *, *, #6281, .F. ) ;
#1822 = CARTESIAN_POINT ( 'NONE',  ( 25.42916666666666700, -0.7726683315065822100, -1.338300807568873400 ) ) ;
#1823 = MECHANICAL_CONTEXT ( 'NONE', #672, 'mechanical' ) ;
#1824 = VERTEX_POINT ( 'NONE', #931 ) ;
#1825 = EDGE_CURVE ( 'NONE', #4919, #2035, #4955, .T. ) ;
#1826 = DIRECTION ( 'NONE',  ( 1.000000000000000000, 0.0000000000000000000, 0.0000000000000000000 ) ) ;
#1827 = CARTESIAN_POINT ( 'NONE',  ( 26.47916666666666800, -0.9999999999999995600, -1.732050807568877400 ) ) ;
#1828 = CARTESIAN_POINT ( 'NONE',  ( 21.89999999999999900, -1.545336663013165100, -1.892491597964124500E-016 ) ) ;
#1829 = ORIENTED_EDGE ( 'NONE', *, *, #2459, .T. ) ;
#1830 = CARTESIAN_POINT ( 'NONE',  ( -24.99166666666666400, -2.000000000000000000, -1.154700538379250400 ) ) ;
#1831 = CARTESIAN_POINT ( 'NONE',  ( -27.14273441009183300, 2.309401076758502000, 4.000000000000000000 ) ) ;
#1832 = CARTESIAN_POINT ( 'NONE',  ( 23.24166666666666700, -1.545336663013165300, 0.8922005383792482900 ) ) ;
#1833 = CARTESIAN_POINT ( 'NONE',  ( -19.88749999999999900, -8.715332896486790000E-016, -1.999999999999999600 ) ) ;
#1834 = CARTESIAN_POINT ( 'NONE',  ( -23.65000000000000200, -1.999999999999999600, 2.449293598294705900E-016 ) ) ;
#1835 = CARTESIAN_POINT ( 'NONE',  ( 27.35416666666666400, -1.545336663013165300, 0.8922005383792482900 ) ) ;
#1836 = EDGE_CURVE ( 'NONE', #5770, #5407, #5578, .T. ) ;
#1837 = CARTESIAN_POINT ( 'NONE',  ( 20.29373926088303600, -0.5358983848622451700, -2.000000000000000000 ) ) ;
#1838 = CARTESIAN_POINT ( 'NONE',  ( -16.78781610328894700, 1.631143021304043200, -1.157312595650422200 ) ) ;
#1839 = CARTESIAN_POINT ( 'NONE',  ( -24.02916666666667200, -0.7726683315065825400, 1.338300807568873800 ) ) ;
#1840 = CARTESIAN_POINT ( 'NONE',  ( -26.15833333333333900, -1.545336663013165300, 0.8922005383792495100 ) ) ;
#1841 = CARTESIAN_POINT ( 'NONE',  ( 24.84583333333333500, -1.000000000000000900, 1.732050807568876700 ) ) ;
#1842 = CARTESIAN_POINT ( 'NONE',  ( -24.20416666666666900, 1.545336663013165700, 0.8922005383792489500 ) ) ;
#1843 = CARTESIAN_POINT ( 'NONE',  ( 25.13750000000071700, 1.226886462948100500E-011, -2.000000000000000000 ) ) ;
#1844 = FACE_OUTER_BOUND ( 'NONE', #4996, .T. ) ;
#1845 = CARTESIAN_POINT ( 'NONE',  ( 26.18750000000000000, 1.092630533523692200E-016, -1.784401076758497700 ) ) ;
#1846 = CARTESIAN_POINT ( 'NONE',  ( -20.76250000000000300, -1.999999999999999600, 2.449293598294705900E-016 ) ) ;
#1847 = APPROVAL_ROLE ( '' ) ;
#1848 = AXIS2_PLACEMENT_3D ( 'NONE', #3914, #4433, #324 ) ;
#1849 = VERTEX_POINT ( 'NONE', #2489 ) ;
#1850 = CARTESIAN_POINT ( 'NONE',  ( -27.25151993662504100, -2.497823135841358500, -3.673643420401752300 ) ) ;
#1851 = CARTESIAN_POINT ( 'NONE',  ( 26.62500000000000000, 2.905110965495596800E-016, -1.999999999999999600 ) ) ;
#1852 = CARTESIAN_POINT ( 'NONE',  ( 22.71666666666666500, -0.7726683315065822100, -1.338300807568873400 ) ) ;
#1853 = CARTESIAN_POINT ( 'NONE',  ( -26.62500000000000000, 1.414100318299875800E-016, 2.309401076758502500 ) ) ;
#1854 = CARTESIAN_POINT ( 'NONE',  ( 27.33808172316369700, 0.5580271499377763600, 1.543061335198896900 ) ) ;
#1855 = CARTESIAN_POINT ( 'NONE',  ( 22.71666666666666500, -0.7726683315065822100, -1.338300807568873400 ) ) ;
#1856 = CARTESIAN_POINT ( 'NONE',  ( -22.13333333333333600, -1.000000000000000700, -1.732050807568876300 ) ) ;
#1857 = CARTESIAN_POINT ( 'NONE',  ( -17.40833333333333100, -1.999999999999999300, 1.154700538379251900 ) ) ;
#1858 = CARTESIAN_POINT ( 'NONE',  ( -20.87916666666667000, -0.9999999999999993300, 1.732050807568877200 ) ) ;
#1859 = CARTESIAN_POINT ( 'NONE',  ( -22.80626073911696500, -0.5358983848622459500, -1.999999999999999100 ) ) ;
#1860 = CARTESIAN_POINT ( 'NONE',  ( 23.44583333333333600, -1.000000000000000900, 1.732050807568876700 ) ) ;
#1861 = CARTESIAN_POINT ( 'NONE',  ( 23.15626073911696300, 0.5358983848622456100, -1.999999999999999600 ) ) ;
#1862 = CIRCLE ( 'NONE', #2908, 4.000000000000000000 ) ;
#1863 = VECTOR ( 'NONE', #1826, 1000.000000000000000 ) ;
#1864 = CARTESIAN_POINT ( 'NONE',  ( -22.39583333333333600, -0.7726683315065834300, -1.338300807568873400 ) ) ;
#1865 = DIRECTION ( 'NONE',  ( 1.000000000000000000, 0.0000000000000000000, 0.0000000000000000000 ) ) ;
#1866 = CARTESIAN_POINT ( 'NONE',  ( 21.75416666666666600, 2.000000000000000000, -1.154700538379251200 ) ) ;
#1867 = CARTESIAN_POINT ( 'NONE',  ( -22.16250000000000100, 1.545336663013165700, 0.0000000000000000000 ) ) ;
#1868 = CARTESIAN_POINT ( 'NONE',  ( 25.25416666666666300, -1.545336663013165500, 0.8922005383792481800 ) ) ;
#1869 = CARTESIAN_POINT ( 'NONE',  ( -19.47916666666666800, -0.9999999999999993300, 1.732050807568877200 ) ) ;
#1870 = CARTESIAN_POINT ( 'NONE',  ( -25.75000000000000000, -1.999999999999999600, 2.449293598294705900E-016 ) ) ;
#1871 =( BOUNDED_CURVE ( )  B_SPLINE_CURVE ( 2, ( #2849, #806, #1268, #762, #1870, #715, #289, #3378, #1800 ),
 .UNSPECIFIED., .F., .T. ) 
 B_SPLINE_CURVE_WITH_KNOTS ( ( 3, 2, 2, 2, 3 ),
 ( 0.1406250000000000000, 0.1458333333333333400, 0.1562500000000000000, 0.1666666666666666600, 0.1718750000000000000 ),
 .UNSPECIFIED. ) 
 CURVE ( )  GEOMETRIC_REPRESENTATION_ITEM ( )  RATIONAL_B_SPLINE_CURVE ( ( 0.9330127018922194100, 0.9330127018922194100, 1.000000000000000000, 0.8660254037844387100, 1.000000000000000000, 0.8660254037844387100, 1.000000000000000000, 0.9330127018922194100, 0.9330127018922194100 ) ) 
 REPRESENTATION_ITEM ( '' )  );
#1872 = VERTEX_POINT ( 'NONE', #6176 ) ;
#1873 = CARTESIAN_POINT ( 'NONE',  ( 19.59583333333333100, 1.000000000000000200, -1.732050807568877200 ) ) ;
#1874 = CARTESIAN_POINT ( 'NONE',  ( -21.19999999999999900, 1.999999999999999600, 0.0000000000000000000 ) ) ;
#1875 = CARTESIAN_POINT ( 'NONE',  ( 21.95833333333333200, -1.545336663013164600, -0.8922005383792492900 ) ) ;
#1876 = CARTESIAN_POINT ( 'NONE',  ( -22.94999999999999900, -1.999999999999999600, 2.449293598294705900E-016 ) ) ;
#1877 = EDGE_CURVE ( 'NONE', #2114, #6185, #2972, .T. ) ;
#1878 = CARTESIAN_POINT ( 'NONE',  ( 27.21203999809928900, 1.488647750363367700, -0.9511115903770385200 ) ) ;
#1879 = EDGE_LOOP ( 'NONE', ( #3515, #6517, #6609, #5151 ) ) ;
#1880 = CARTESIAN_POINT ( 'NONE',  ( -16.40000000000900100, 1.587669801176680600, -1.126462388065212300 ) ) ;
#1881 = CARTESIAN_POINT ( 'NONE',  ( -20.96876073911697000, 0.5358983848622455000, 1.999999999999999600 ) ) ;
#1882 = CARTESIAN_POINT ( 'NONE',  ( 17.26249999999999900, 1.545336663013165100, 0.0000000000000000000 ) ) ;
#1883 = CARTESIAN_POINT ( 'NONE',  ( -27.41593565298894200, 1.200465641905297300, 1.568371518912526700 ) ) ;
#1884 = ORIENTED_EDGE ( 'NONE', *, *, #2469, .F. ) ;
#1885 = CARTESIAN_POINT ( 'NONE',  ( -22.74583333333333700, 0.7726683315065830900, 1.338300807568873600 ) ) ;
#1886 = CARTESIAN_POINT ( 'NONE',  ( 18.77916666666666900, -0.9999999999999995600, -1.732050807568877400 ) ) ;
#1887 = CARTESIAN_POINT ( 'NONE',  ( -20.58750000000000200, 1.092630533523692800E-016, 1.784401076758498400 ) ) ;
#1888 = CARTESIAN_POINT ( 'NONE',  ( 23.88333333333333300, 1.000000000000000200, -1.732050807568877200 ) ) ;
#1889 = CARTESIAN_POINT ( 'NONE',  ( 18.92500000000000100, 1.414100318299875800E-016, -2.309401076758502900 ) ) ;
#1890 = VERTEX_POINT ( 'NONE', #2512 ) ;
#1891 = CARTESIAN_POINT ( 'NONE',  ( 23.27083333333333200, -1.545336663013164400, -0.8922005383792492900 ) ) ;
#1892 = CARTESIAN_POINT ( 'NONE',  ( -17.26249999999999900, -1.999999999999999600, 2.449293598294705900E-016 ) ) ;
#1893 = ORIENTED_EDGE ( 'NONE', *, *, #2124, .T. ) ;
#1894 = PERSON_AND_ORGANIZATION_ROLE ( 'creator' ) ;
#1895 = CARTESIAN_POINT ( 'NONE',  ( 24.99166666666666700, 1.545336663013165100, -0.8922005383792486200 ) ) ;
#1896 = CARTESIAN_POINT ( 'NONE',  ( 21.31666666666666300, -0.7726683315065822100, -1.338300807568873400 ) ) ;
#1897 = CARTESIAN_POINT ( 'NONE',  ( -24.05833333333333400, 1.999999999999998700, -1.154700538379252100 ) ) ;
#1898 = ORIENTED_EDGE ( 'NONE', *, *, #1204, .T. ) ;
#1899 = CARTESIAN_POINT ( 'NONE',  ( 27.23103669325919500, 1.673827153077688700, -0.5387719094148540900 ) ) ;
#1900 = CARTESIAN_POINT ( 'NONE',  ( -22.25000000000000000, -1.999999999999999600, 2.449293598294705900E-016 ) ) ;
#1901 = CARTESIAN_POINT ( 'NONE',  ( 17.37916666666666600, 0.7726683315065814300, 1.338300807568873800 ) ) ;
#1902 = EDGE_LOOP ( 'NONE', ( #1571, #3581, #4720, #2698 ) ) ;
#1903 = CARTESIAN_POINT ( 'NONE',  ( -27.49999999999999600, 3.464101615137755700, -1.999999999999998700 ) ) ;
#1904 = CARTESIAN_POINT ( 'NONE',  ( 17.50000000000000400, -3.070647092368433500, -2.681483223904232500 ) ) ;
#1905 = VERTEX_POINT ( 'NONE', #2013 ) ;
#1906 = CARTESIAN_POINT ( 'NONE',  ( -21.81250000000000400, -1.545336663013165700, 1.892491597964125200E-016 ) ) ;
#1907 = CARTESIAN_POINT ( 'NONE',  ( -26.71250000000000200, 1.999999999999999600, 0.0000000000000000000 ) ) ;
#1908 = CARTESIAN_POINT ( 'NONE',  ( 19.36250000000000400, -2.000000000000000000, -2.449293598294706400E-016 ) ) ;
#1909 = CARTESIAN_POINT ( 'NONE',  ( -20.17916666666666700, 0.7726683315065817600, -1.338300807568874300 ) ) ;
#1910 = CARTESIAN_POINT ( 'NONE',  ( 17.69999999999999900, 2.000000000000000000, 0.0000000000000000000 ) ) ;
#1911 = CARTESIAN_POINT ( 'NONE',  ( 22.80416666666667100, 1.545336663013165100, -0.8922005383792486200 ) ) ;
#1912 = CARTESIAN_POINT ( 'NONE',  ( -17.67083333333333800, 1.999999999999998700, -1.154700538379252100 ) ) ;
#1913 = EDGE_LOOP ( 'NONE', ( #5235, #4641, #6212 ) ) ;
#1914 = CARTESIAN_POINT ( 'NONE',  ( 23.41666666666666400, -0.7726683315065822100, -1.338300807568873400 ) ) ;
#1915 = EDGE_CURVE ( 'NONE', #3432, #3020, #2516, .T. ) ;
#1916 = CARTESIAN_POINT ( 'NONE',  ( -16.40000000000000200, 2.628723939790793400E-014, 3.704984051361346500E-014 ) ) ;
#1917 = CARTESIAN_POINT ( 'NONE',  ( 22.83333333333333600, -1.000000000000000900, 1.732050807568876700 ) ) ;
#1918 = CARTESIAN_POINT ( 'NONE',  ( 21.78333333333333500, -0.7726683315065832100, 1.338300807568872900 ) ) ;
#1919 = CARTESIAN_POINT ( 'NONE',  ( -21.84166666666667200, 1.999999999999999800, 1.154700538379251000 ) ) ;
#1920 = ORIENTED_EDGE ( 'NONE', *, *, #684, .T. ) ;
#1921 = CARTESIAN_POINT ( 'NONE',  ( -27.35211374101951500, -0.4730109969007861300, 1.858228102983263200 ) ) ;
#1922 = APPROVAL_PERSON_ORGANIZATION ( #3866, #4475, #1847 ) ;
#1923 = CARTESIAN_POINT ( 'NONE',  ( -17.52499999999999900, 2.905110965495596800E-016, 1.999999999999999600 ) ) ;
#1924 = CARTESIAN_POINT ( 'NONE',  ( -27.49999999999999600, 4.618802153517006700, 2.376703780672702200E-015 ) ) ;
#1925 = CARTESIAN_POINT ( 'NONE',  ( 24.37916666666666600, 0.7726683315065814300, 1.338300807568873800 ) ) ;
#1926 = EDGE_CURVE ( 'NONE', #2035, #4406, #1320, .T. ) ;
#1927 = CARTESIAN_POINT ( 'NONE',  ( 20.03333333333333500, -1.000000000000000900, 1.732050807568876700 ) ) ;
#1928 = VECTOR ( 'NONE', #2863, 1000.000000000000000 ) ;
#1929 = CARTESIAN_POINT ( 'NONE',  ( -22.04583333333333400, 0.7726683315065830900, 1.338300807568873600 ) ) ;
#1930 = CARTESIAN_POINT ( 'NONE',  ( -22.59999999999999800, -1.545336663013165700, 1.892491597964125200E-016 ) ) ;
#1931 = CARTESIAN_POINT ( 'NONE',  ( 19.94583333333333600, -1.000000000000000900, 1.732050807568876700 ) ) ;
#1932 = CARTESIAN_POINT ( 'NONE',  ( -20.00416666666666600, 1.545336663013165700, 0.8922005383792489500 ) ) ;
#1933 = CARTESIAN_POINT ( 'NONE',  ( 19.97499999999999800, -4.242300954899627700E-016, 2.309401076758502900 ) ) ;
#1934 = B_SPLINE_CURVE_WITH_KNOTS ( 'NONE', 3,
 ( #3635, #3612, #1018, #4672, #5179, #2084, #1063, #4646, #1620, #2589 ),
 .UNSPECIFIED., .F., .F.,
 ( 4, 2, 2, 2, 4 ),
 ( 0.009895246017003119300, 0.01026672388414640400, 0.01063820175128968700, 0.01100967961843296900, 0.01138115748557625400 ),
 .UNSPECIFIED. ) ;
#1935 = CARTESIAN_POINT ( 'NONE',  ( 22.51249999999999900, -1.545336663013165100, -1.892491597964124500E-016 ) ) ;
#1936 = CARTESIAN_POINT ( 'NONE',  ( -20.70416666666667300, -2.000000000000000000, -1.154700538379250400 ) ) ;
#1937 = AXIS2_PLACEMENT_3D ( 'NONE', #3474, #4004, #2079 ) ;
#1938 = CARTESIAN_POINT ( 'NONE',  ( 24.23333333333333100, 0.7726683315065827600, -1.338300807568873200 ) ) ;
#1939 = CARTESIAN_POINT ( 'NONE',  ( 19.88750012630438500, -2.165218023508107400E-006, 1.999999999998828000 ) ) ;
#1940 = DIRECTION ( 'NONE',  ( 1.000000000000000000, 0.0000000000000000000, 0.0000000000000000000 ) ) ;
#1941 = CARTESIAN_POINT ( 'NONE',  ( 27.06338831213182800, -1.713106406391446500, -0.8684971837520583100 ) ) ;
#1942 = CYLINDRICAL_SURFACE ( 'NONE', #3309, 2.000000000000000000 ) ;
#1943 = CARTESIAN_POINT ( 'NONE',  ( -22.48333333333333400, 1.000000000000000000, 1.732050807568877000 ) ) ;
#1944 = LINE ( 'NONE', #468, #3543 ) ;
#1945 = CARTESIAN_POINT ( 'NONE',  ( -27.16909819701270800, -0.4762110702783644600, -1.669416206206228800 ) ) ;
#1946 = ADVANCED_FACE ( 'NONE', ( #4944 ), #4778, .F. ) ;
#1947 = AXIS2_PLACEMENT_3D ( 'NONE', #4153, #2600, #4106 ) ;
#1948 = CARTESIAN_POINT ( 'NONE',  ( 24.96249999999999900, 1.545336663013165100, 0.0000000000000000000 ) ) ;
#1949 = CARTESIAN_POINT ( 'NONE',  ( -27.11714720406176200, 0.7093574289899019500, -1.516804725643390100 ) ) ;
#1950 = FACE_OUTER_BOUND ( 'NONE', #188, .T. ) ;
#1951 = B_SPLINE_CURVE_WITH_KNOTS ( 'NONE', 3,
 ( #4899, #2335, #1205, #4966, #5530, #3933, #6588, #5013, #813, #1878, #5036, #1899, #2399, #342, #1345, #1388, #5553, #321, #3454, #3959, #884, #6539, #4521, #1854, #3409, #2422, #6564, #4498 ),
 .UNSPECIFIED., .F., .F.,
 ( 4, 2, 2, 2, 2, 2, 2, 2, 2, 2, 2, 2, 2, 4 ),
 ( 0.004494044592390192400, 0.005169194770466808600, 0.005506769859505116300, 0.005844344948543423900, 0.006181920037581731600, 0.006519495126620039300, 0.007194645304696654600, 0.007869795482773269900, 0.008207370571811579300, 0.008544945660849886900, 0.008882520749888194600, 0.009220095838926502300, 0.009557670927964811600, 0.009895246017003119300 ),
 .UNSPECIFIED. ) ;
#1952 = CARTESIAN_POINT ( 'NONE',  ( -20.76250000000000300, 1.545336663013165700, 0.0000000000000000000 ) ) ;
#1953 = CARTESIAN_POINT ( 'NONE',  ( 18.42916666666667100, 0.9999999999999985600, 1.732050807568878100 ) ) ;
#1954 =( BOUNDED_CURVE ( )  B_SPLINE_CURVE ( 2, ( #594, #4190, #2641, #125, #3713, #4745, #1629, #5248, #2171 ),
 .UNSPECIFIED., .F., .T. ) 
 B_SPLINE_CURVE_WITH_KNOTS ( ( 3, 2, 2, 2, 3 ),
 ( 0.1718750000000000000, 0.1770833333333333400, 0.1875000000000000000, 0.1979166666666666600, 0.2031250000000000000 ),
 .UNSPECIFIED. ) 
 CURVE ( )  GEOMETRIC_REPRESENTATION_ITEM ( )  RATIONAL_B_SPLINE_CURVE ( ( 0.9330127018922194100, 0.9330127018922194100, 1.000000000000000000, 0.8660254037844387100, 1.000000000000000000, 0.8660254037844387100, 1.000000000000000000, 0.9330127018922194100, 0.9330127018922194100 ) ) 
 REPRESENTATION_ITEM ( '' )  );
#1955 = CARTESIAN_POINT ( 'NONE',  ( -17.84583333333333500, 0.7726683315065830900, 1.338300807568873600 ) ) ;
#1956 = CARTESIAN_POINT ( 'NONE',  ( 19.27499999999999900, -4.242300954899627700E-016, 2.309401076758502900 ) ) ;
#1957 = ORIENTED_EDGE ( 'NONE', *, *, #4928, .F. ) ;
#1958 = CARTESIAN_POINT ( 'NONE',  ( 23.44583333333333300, 0.7726683315065827600, -1.338300807568873200 ) ) ;
#1959 = CARTESIAN_POINT ( 'NONE',  ( -25.69166666666667000, 1.545336663013165500, 0.8922005383792490600 ) ) ;
#1960 = CARTESIAN_POINT ( 'NONE',  ( 26.39166666666666600, 1.545336663013165100, -0.8922005383792486200 ) ) ;
#1961 = CARTESIAN_POINT ( 'NONE',  ( -27.26666666666666900, 0.7726683315065817600, -1.338300807568874300 ) ) ;
#1962 = CARTESIAN_POINT ( 'NONE',  ( -27.49999999999999600, 0.0000000000000000000, 0.0000000000000000000 ) ) ;
#1963 = EDGE_LOOP ( 'NONE', ( #5640, #5139, #5638, #3770 ) ) ;
#1964 = CARTESIAN_POINT ( 'NONE',  ( -17.81666666666666600, 0.9999999999999983300, -1.732050807568877900 ) ) ;
#1965 = EDGE_CURVE ( 'NONE', #398, #2449, #2644, .T. ) ;
#1966 = DIRECTION ( 'NONE',  ( -1.000000000000000000, -0.0000000000000000000, -0.0000000000000000000 ) ) ;
#1967 = ORIENTED_EDGE ( 'NONE', *, *, #1081, .F. ) ;
#1968 = CARTESIAN_POINT ( 'NONE',  ( -17.81666666666666600, 0.9999999999999983300, -1.732050807568877900 ) ) ;
#1969 = CARTESIAN_POINT ( 'NONE',  ( 26.53749999999999800, -3.277891600571076600E-016, 1.784401076758497700 ) ) ;
#1970 = CARTESIAN_POINT ( 'NONE',  ( 21.66666666666666800, 0.7726683315065814300, 1.338300807568873800 ) ) ;
#1971 = CARTESIAN_POINT ( 'NONE',  ( -27.08684429566074300, 1.269386567592863500, -1.045137762513475500 ) ) ;
#1972 = DIRECTION ( 'NONE',  ( -1.000000000000000000, -0.0000000000000000000, -0.0000000000000000000 ) ) ;
#1973 = ORIENTED_EDGE ( 'NONE', *, *, #5740, .F. ) ;
#1974 = CARTESIAN_POINT ( 'NONE',  ( -16.85416666666666800, -1.545336663013166200, -0.8922005383792486200 ) ) ;
#1975 = CARTESIAN_POINT ( 'NONE',  ( 18.31250000000000400, 2.000000000000000000, 0.0000000000000000000 ) ) ;
#1976 = CARTESIAN_POINT ( 'NONE',  ( -17.72916666666667100, -0.7726683315065825400, 1.338300807568873800 ) ) ;
#1977 = CARTESIAN_POINT ( 'NONE',  ( 21.14166666666666200, 2.000000000000000000, -1.154700538379251200 ) ) ;
#1978 = ADVANCED_FACE ( 'NONE', ( #3542 ), #6171, .F. ) ;
#1979 = CARTESIAN_POINT ( 'NONE',  ( 21.87083333333333400, -1.545336663013164400, -0.8922005383792492900 ) ) ;
#1980 = CARTESIAN_POINT ( 'NONE',  ( -24.52499999999999900, -3.277891600571078100E-016, -1.784401076758498400 ) ) ;
#1981 = CARTESIAN_POINT ( 'NONE',  ( 23.59166666666666900, 1.545336663013165100, -0.8922005383792486200 ) ) ;
#1982 = ORIENTED_EDGE ( 'NONE', *, *, #1340, .T. ) ;
#1983 = CARTESIAN_POINT ( 'NONE',  ( 17.64166666666666600, -1.545336663013165300, 0.8922005383792482900 ) ) ;
#1984 = CARTESIAN_POINT ( 'NONE',  ( -26.04166666666666800, -1.545336663013166200, -0.8922005383792486200 ) ) ;
#1985 = CARTESIAN_POINT ( 'NONE',  ( -16.47500000000000100, -8.715332896486790000E-016, -1.999999999999999600 ) ) ;
#1986 = ORIENTED_EDGE ( 'NONE', *, *, #4082, .F. ) ;
#1987 = CARTESIAN_POINT ( 'NONE',  ( -17.17500000000000400, -4.242300954899626700E-016, -2.309401076758502500 ) ) ;
#1988 = ORIENTED_EDGE ( 'NONE', *, *, #2299, .T. ) ;
#1989 = ORIENTED_EDGE ( 'NONE', *, *, #869, .T. ) ;
#1990 = CARTESIAN_POINT ( 'NONE',  ( -22.07499999999999900, -8.715332896486790000E-016, -1.999999999999999600 ) ) ;
#1991 = CARTESIAN_POINT ( 'NONE',  ( 24.26249999999999900, 1.545336663013165100, 0.0000000000000000000 ) ) ;
#1992 =( BOUNDED_CURVE ( )  B_SPLINE_CURVE ( 2, ( #5583, #2448, #4032, #5066, #818, #2991, #3438, #2381, #1440 ),
 .UNSPECIFIED., .F., .T. ) 
 B_SPLINE_CURVE_WITH_KNOTS ( ( 3, 2, 2, 2, 3 ),
 ( 0.1799145310906107900, 0.1853664979258719000, 0.1962704095685702300, 0.2071743212112685500, 0.2126262770326178300 ),
 .UNSPECIFIED. ) 
 CURVE ( )  GEOMETRIC_REPRESENTATION_ITEM ( )  RATIONAL_B_SPLINE_CURVE ( ( 0.9330127018924927500, 0.9330125665660674600, 1.000000000000000000, 0.8660254037844387100, 1.000000000000000000, 0.8660254037844387100, 1.000000000000000000, 0.9330127018922183000, 0.9330127018922194100 ) ) 
 REPRESENTATION_ITEM ( '' )  );
#1993 = CARTESIAN_POINT ( 'NONE',  ( 24.29166666666666800, -2.000000000000000400, 1.154700538379250800 ) ) ;
#1994 = CARTESIAN_POINT ( 'NONE',  ( 25.60416666666667100, -2.000000000000000400, 1.154700538379250800 ) ) ;
#1995 = AXIS2_PLACEMENT_3D ( 'NONE', #397, #4043, #4566 ) ;
#1996 = EDGE_LOOP ( 'NONE', ( #6679, #5081, #4167, #5058, #1544, #1748, #3014, #4816, #1133, #2694, #162, #5561, #1493, #5576, #4568, #6291, #1396, #3182, #2841, #5005, #2464, #6219, #4757, #3403, #3607, #746, #5552, #3179, #6355, #1463, #4297, #1815, #5384, #3775 ) ) ;
#1997 = CARTESIAN_POINT ( 'NONE',  ( -18.54583333333333800, 0.7726683315065830900, 1.338300807568873600 ) ) ;
#1998 = CARTESIAN_POINT ( 'NONE',  ( -24.96250000000000200, 1.545336663013165700, 0.0000000000000000000 ) ) ;
#1999 = CARTESIAN_POINT ( 'NONE',  ( 24.96249999999999900, 1.545336663013165100, 0.0000000000000000000 ) ) ;
#2000 = CONICAL_SURFACE ( 'NONE', #3951, 4.000000000000000000, 1.047197551196600100 ) ;
#2001 = CARTESIAN_POINT ( 'NONE',  ( 21.34583333333333100, 0.7726683315065827600, -1.338300807568873200 ) ) ;
#2002 = CARTESIAN_POINT ( 'NONE',  ( -26.91666666666666400, -0.7726683315065825400, 1.338300807568873800 ) ) ;
#2003 = CARTESIAN_POINT ( 'NONE',  ( 21.78333333333333500, -0.7726683315065832100, 1.338300807568872900 ) ) ;
#2004 = CARTESIAN_POINT ( 'NONE',  ( 20.79166666666666400, 1.545336663013165100, -0.8922005383792486200 ) ) ;
#2005 = EDGE_CURVE ( 'NONE', #2539, #1252, #4068, .T. ) ;
#2006 = CARTESIAN_POINT ( 'NONE',  ( -26.91666666666666400, -0.7726683315065825400, 1.338300807568873800 ) ) ;
#2007 = CARTESIAN_POINT ( 'NONE',  ( 27.00971485241901600, -1.884176340311163100, 0.5893492556377888400 ) ) ;
#2008 = CARTESIAN_POINT ( 'NONE',  ( -19.45000000000000300, -1.999999999999999600, 2.449293598294705900E-016 ) ) ;
#2009 = CARTESIAN_POINT ( 'NONE',  ( -26.99453666301307900, 1.269955597890995500, 0.8804988253472592100 ) ) ;
#2010 = ADVANCED_FACE ( 'NONE', ( #3059 ), #6413, .F. ) ;
#2011 = CARTESIAN_POINT ( 'NONE',  ( 26.10000000000000100, 2.000000000000000000, 0.0000000000000000000 ) ) ;
#2012 = FACE_OUTER_BOUND ( 'NONE', #6511, .T. ) ;
#2013 = CARTESIAN_POINT ( 'NONE',  ( 21.63749999999999900, 2.324088772396477700E-016, -1.999999999999999600 ) ) ;
#2014 = CARTESIAN_POINT ( 'NONE',  ( 26.12916666666666600, -0.7726683315065822100, -1.338300807568873400 ) ) ;
#2015 = EDGE_CURVE ( 'NONE', #2771, #6319, #3213, .T. ) ;
#2016 = CARTESIAN_POINT ( 'NONE',  ( 18.72753999999999400, 1.511048216899482300, -0.3237262551254618800 ) ) ;
#2017 = CARTESIAN_POINT ( 'NONE',  ( -22.33750000000000200, 2.905110965495596800E-016, 1.999999999999999600 ) ) ;
#2018 = LINE ( 'NONE', #1708, #2817 ) ;
#2019 = CARTESIAN_POINT ( 'NONE',  ( -17.14583333333333600, 0.7726683315065830900, 1.338300807568873600 ) ) ;
#2020 = CARTESIAN_POINT ( 'NONE',  ( -27.52916666666667200, -0.7726683315065825400, 1.338300807568873800 ) ) ;
#2021 = CARTESIAN_POINT ( 'NONE',  ( -27.03333333333333100, -1.000000000000000700, -1.732050807568876300 ) ) ;
#2022 = CARTESIAN_POINT ( 'NONE',  ( 26.18750000000000000, 1.092630533523692200E-016, -1.784401076758497700 ) ) ;
#2023 = CARTESIAN_POINT ( 'NONE',  ( 21.69583333333332900, -0.7726683315065832100, 1.338300807568872900 ) ) ;
#2024 = CARTESIAN_POINT ( 'NONE',  ( -26.09999999999999800, -1.545336663013165700, 1.892491597964125200E-016 ) ) ;
#2025 = AXIS2_PLACEMENT_3D ( 'NONE', #2288, #1269, #1802 ) ;
#2026 = FACE_OUTER_BOUND ( 'NONE', #2795, .T. ) ;
#2027 = CARTESIAN_POINT ( 'NONE',  ( 20.85000000000000100, 1.545336663013165100, 0.0000000000000000000 ) ) ;
#2028 = FACE_OUTER_BOUND ( 'NONE', #2834, .T. ) ;
#2029 = CARTESIAN_POINT ( 'NONE',  ( 24.43749999999999600, -1.115562610750309300E-014, -2.000000000000000000 ) ) ;
#2030 = CARTESIAN_POINT ( 'NONE',  ( 21.08333333333333200, -0.7726683315065832100, 1.338300807568872900 ) ) ;
#2031 = CARTESIAN_POINT ( 'NONE',  ( -24.40833333333333100, 1.545336663013165100, -0.8922005383792499500 ) ) ;
#2032 = CARTESIAN_POINT ( 'NONE',  ( -18.60416666666666800, -2.000000000000000000, -1.154700538379250600 ) ) ;
#2033 = CARTESIAN_POINT ( 'NONE',  ( -24.96250000000000200, -1.999999999999999600, 2.449293598294705900E-016 ) ) ;
#2034 = CARTESIAN_POINT ( 'NONE',  ( -17.23333333333333400, -1.000000000000000700, -1.732050807568876300 ) ) ;
#2035 = VERTEX_POINT ( 'NONE', #472 ) ;
#2036 = CARTESIAN_POINT ( 'NONE',  ( 22.97916666666666400, 0.7726683315065814300, 1.338300807568873800 ) ) ;
#2037 = CARTESIAN_POINT ( 'NONE',  ( -25.54583333333333800, -1.000000000000000700, -1.732050807568876300 ) ) ;
#2038 =( BOUNDED_CURVE ( )  B_SPLINE_CURVE ( 2, ( #2566, #3122, #5669, #3680, #4713, #2612, #1597, #1576, #2540 ),
 .UNSPECIFIED., .F., .T. ) 
 B_SPLINE_CURVE_WITH_KNOTS ( ( 3, 2, 2, 2, 3 ),
 ( 0.5724553502277524000, 0.5779073170630123500, 0.5888112287057106800, 0.5997151403484090000, 0.6051670961697581700 ),
 .UNSPECIFIED. ) 
 CURVE ( )  GEOMETRIC_REPRESENTATION_ITEM ( )  RATIONAL_B_SPLINE_CURVE ( ( 0.9330127018924927500, 0.9330125665660813400, 1.000000000000000000, 0.8660254037844387100, 1.000000000000000000, 0.8660254037844387100, 1.000000000000000000, 0.9330127018922194100, 0.9330127018922194100 ) ) 
 REPRESENTATION_ITEM ( '' )  );
#2039 = B_SPLINE_CURVE_WITH_KNOTS ( 'NONE', 3,
 ( #5870, #3720, #1659, #4869, #4777, #1754, #2224, #5345, #5821, #82, #3747, #2697, #5324, #5847, #6375, #1175 ),
 .UNSPECIFIED., .F., .F.,
 ( 4, 2, 2, 2, 2, 2, 2, 4 ),
 ( 0.0000000000000000000, 0.0003908601373783854500, 0.0007817202747567709000, 0.001172580412135156200, 0.001563440549513541400, 0.001954300686891926500, 0.002345160824270311900, 0.003126881099027083600 ),
 .UNSPECIFIED. ) ;
#2040 = EDGE_LOOP ( 'NONE', ( #1487, #6229, #5481, #91 ) ) ;
#2041 = CARTESIAN_POINT ( 'NONE',  ( -17.72916666666667100, -0.7726683315065825400, 1.338300807568873800 ) ) ;
#2042 = CARTESIAN_POINT ( 'NONE',  ( -27.09166666666666900, -2.000000000000000000, -1.154700538379250600 ) ) ;
#2043 = CARTESIAN_POINT ( 'NONE',  ( 27.64583333333333200, 0.7726683315065827600, -1.338300807568873200 ) ) ;
#2044 = ADVANCED_FACE ( 'NONE', ( #2028 ), #133, .T. ) ;
#2045 = EDGE_CURVE ( 'NONE', #3909, #5132, #2567, .T. ) ;
#2046 = CARTESIAN_POINT ( 'NONE',  ( -24.93333333333333000, 0.7726683315065830900, 1.338300807568873600 ) ) ;
#2047 = CARTESIAN_POINT ( 'NONE',  ( -25.22499999999999800, -3.277891600571078100E-016, -1.784401076758498400 ) ) ;
#2048 = EDGE_LOOP ( 'NONE', ( #5798, #268, #4229, #5712 ) ) ;
#2049 = CARTESIAN_POINT ( 'NONE',  ( 20.61666666666666400, -0.7726683315065822100, -1.338300807568873400 ) ) ;
#2050 = CARTESIAN_POINT ( 'NONE',  ( 20.90833333333333100, 1.545336663013164600, 0.8922005383792495100 ) ) ;
#2051 = CARTESIAN_POINT ( 'NONE',  ( -27.32499999999999900, -3.277891600571078100E-016, -1.784401076758498400 ) ) ;
#2052 = CARTESIAN_POINT ( 'NONE',  ( -26.47916666666666800, -0.9999999999999993300, 1.732050807568877200 ) ) ;
#2053 = CARTESIAN_POINT ( 'NONE',  ( -16.88333333333333300, 1.000000000000000000, 1.732050807568877000 ) ) ;
#2054 = ORIENTED_EDGE ( 'NONE', *, *, #4294, .F. ) ;
#2055 = EDGE_CURVE ( 'NONE', #4086, #2923, #1019, .T. ) ;
#2056 = CARTESIAN_POINT ( 'NONE',  ( 19.12915778463074500, 1.955334889284386500, -0.03377254703064303000 ) ) ;
#2057 = DIRECTION ( 'NONE',  ( -1.000000000000000000, -0.0000000000000000000, -0.0000000000000000000 ) ) ;
#2058 = CARTESIAN_POINT ( 'NONE',  ( 23.38749999999999900, 1.092630533523692200E-016, -1.784401076758497700 ) ) ;
#2059 = ORIENTED_EDGE ( 'NONE', *, *, #6674, .T. ) ;
#2060 = CARTESIAN_POINT ( 'NONE',  ( -23.27083333333333600, -1.545336663013165100, 0.8922005383792495100 ) ) ;
#2061 = CARTESIAN_POINT ( 'NONE',  ( -16.67547361817577900, 1.631143021286627600, -1.157312595638065400 ) ) ;
#2062 = CARTESIAN_POINT ( 'NONE',  ( 17.36084978046486400, -4.241015250120808500, 0.6543461111163299000 ) ) ;
#2063 = ORIENTED_EDGE ( 'NONE', *, *, #3829, .T. ) ;
#2064 = CARTESIAN_POINT ( 'NONE',  ( -26.71250000000000200, -1.545336663013165700, 1.892491597964125200E-016 ) ) ;
#2065 = DIRECTION ( 'NONE',  ( -1.000000000000000000, -0.0000000000000000000, -0.0000000000000000000 ) ) ;
#2066 = CARTESIAN_POINT ( 'NONE',  ( 25.13750000000000300, -3.277891600571076600E-016, 1.784401076758497700 ) ) ;
#2067 = CARTESIAN_POINT ( 'NONE',  ( -24.23333333333333100, 0.7726683315065830900, 1.338300807568873600 ) ) ;
#2068 = CARTESIAN_POINT ( 'NONE',  ( -22.94999999999999900, 1.545336663013165700, 0.0000000000000000000 ) ) ;
#2069 = ORIENTED_EDGE ( 'NONE', *, *, #3519, .T. ) ;
#2070 = CARTESIAN_POINT ( 'NONE',  ( 19.79999999999999700, -1.545336663013165100, -1.892491597964124500E-016 ) ) ;
#2071 = CARTESIAN_POINT ( 'NONE',  ( 18.28333333333333100, -0.7726683315065832100, 1.338300807568872900 ) ) ;
#2072 = CARTESIAN_POINT ( 'NONE',  ( -20.09166666666666500, 1.545336663013165500, 0.8922005383792490600 ) ) ;
#2073 = CARTESIAN_POINT ( 'NONE',  ( -26.94583333333333600, -1.000000000000000700, -1.732050807568876300 ) ) ;
#2074 = CARTESIAN_POINT ( 'NONE',  ( -19.12916666666667000, 0.9999999999999983300, -1.732050807568877900 ) ) ;
#2075 = ORIENTED_EDGE ( 'NONE', *, *, #5196, .T. ) ;
#2076 =( BOUNDED_CURVE ( )  B_SPLINE_CURVE ( 2, ( #5998, #5490, #366, #4011, #2695, #4174, #4776, #535, #576 ),
 .UNSPECIFIED., .F., .T. ) 
 B_SPLINE_CURVE_WITH_KNOTS ( ( 3, 2, 2, 2, 3 ),
 ( 0.6718750000000000000, 0.6770833333333333700, 0.6875000000000000000, 0.6979166666666666300, 0.7031250000000000000 ),
 .UNSPECIFIED. ) 
 CURVE ( )  GEOMETRIC_REPRESENTATION_ITEM ( )  RATIONAL_B_SPLINE_CURVE ( ( 0.9330127018922194100, 0.9330127018922194100, 1.000000000000000000, 0.8660254037844387100, 1.000000000000000000, 0.8660254037844387100, 1.000000000000000000, 0.9330127018922194100, 0.9330127018922194100 ) ) 
 REPRESENTATION_ITEM ( '' )  );
#2077 = CARTESIAN_POINT ( 'NONE',  ( -17.00000000000000000, 1.999999999999999600, 0.0000000000000000000 ) ) ;
#2078 = ADVANCED_FACE ( 'NONE', ( #3798 ), #3772, .T. ) ;
#2079 = DIRECTION ( 'NONE',  ( 0.0000000000000000000, 0.0000000000000000000, 1.000000000000000000 ) ) ;
#2080 = CARTESIAN_POINT ( 'NONE',  ( 21.57916666666666600, 0.7726683315065814300, 1.338300807568873800 ) ) ;
#2081 = ORIENTED_EDGE ( 'NONE', *, *, #4789, .F. ) ;
#2082 = CARTESIAN_POINT ( 'NONE',  ( -22.04583333333333400, 0.7726683315065830900, 1.338300807568873600 ) ) ;
#2083 = CARTESIAN_POINT ( 'NONE',  ( -24.78750000000000100, -8.715332896486790000E-016, -1.999999999999999600 ) ) ;
#2084 = CARTESIAN_POINT ( 'NONE',  ( 27.40176629510857300, -0.8183524605788282700, 1.349312259862100800 ) ) ;
#2085 = B_SPLINE_CURVE_WITH_KNOTS ( 'NONE', 3,
 ( #1134, #3636, #6318, #3659, #5241, #1110, #3704, #90 ),
 .UNSPECIFIED., .F., .F.,
 ( 4, 2, 2, 4 ),
 ( 0.0000000000000000000, 0.0006162730318077159400, 0.0009244095477115740700, 0.001232546063615431700 ),
 .UNSPECIFIED. ) ;
#2086 = PERSON_AND_ORGANIZATION ( #976, #115 ) ;
#2087 = CARTESIAN_POINT ( 'NONE',  ( -26.88749999999999900, 1.092630533523692700E-016, 1.784401076758498400 ) ) ;
#2088 = CARTESIAN_POINT ( 'NONE',  ( 19.82916666666666600, -0.7726683315065822100, -1.338300807568873400 ) ) ;
#2089 = CARTESIAN_POINT ( 'NONE',  ( 27.58749999999999500, 1.092630533523692200E-016, -1.784401076758497700 ) ) ;
#2090 = CARTESIAN_POINT ( 'NONE',  ( -24.81666666666666600, -0.7726683315065825400, 1.338300807568873800 ) ) ;
#2091 = CARTESIAN_POINT ( 'NONE',  ( -22.77499999999999900, 1.092630533523692700E-016, 1.784401076758498400 ) ) ;
#2092 = LINE ( 'NONE', #2793, #6075 ) ;
#2093 = CARTESIAN_POINT ( 'NONE',  ( 20.55833333333333000, -1.545336663013164400, -0.8922005383792492900 ) ) ;
#2094 = EDGE_CURVE ( 'NONE', #3871, #5214, #1187, .T. ) ;
#2095 = CARTESIAN_POINT ( 'NONE',  ( -21.84166666666666900, -1.545336663013166200, -0.8922005383792486200 ) ) ;
#2096 = CARTESIAN_POINT ( 'NONE',  ( -24.78750000000000500, -4.242300954899626700E-016, -2.309401076758502500 ) ) ;
#2097 = CARTESIAN_POINT ( 'NONE',  ( -25.92499999999999700, 2.905110965495596800E-016, 1.999999999999999600 ) ) ;
#2098 = CIRCLE ( 'NONE', #5682, 2.050800000000000200 ) ;
#2099 = DIRECTION ( 'NONE',  ( -1.000000000000000000, 0.0000000000000000000, 0.0000000000000000000 ) ) ;
#2100 = CYLINDRICAL_SURFACE ( 'NONE', #1087, 2.000000000000000000 ) ;
#2101 = CARTESIAN_POINT ( 'NONE',  ( -20.47083333333333500, 1.999999999999998700, -1.154700538379252600 ) ) ;
#2102 = CARTESIAN_POINT ( 'NONE',  ( 20.29583333333333100, -0.7726683315065832100, 1.338300807568872900 ) ) ;
#2103 = CARTESIAN_POINT ( 'NONE',  ( -23.56250000000000400, 1.545336663013165700, 0.0000000000000000000 ) ) ;
#2104 = CARTESIAN_POINT ( 'NONE',  ( 26.39166666666666600, -2.000000000000000400, 1.154700538379250600 ) ) ;
#2105 = DIRECTION ( 'NONE',  ( -1.000000000000000000, 0.0000000000000000000, 0.0000000000000000000 ) ) ;
#2106 = CARTESIAN_POINT ( 'NONE',  ( 21.69583333333332900, -0.7726683315065832100, 1.338300807568872900 ) ) ;
#2107 = LINE ( 'NONE', #851, #4539 ) ;
#2108 = ADVANCED_FACE ( 'NONE', ( #6178 ), #1357, .T. ) ;
#2109 = CARTESIAN_POINT ( 'NONE',  ( -23.53333333333333100, 0.7726683315065830900, 1.338300807568873600 ) ) ;
#2110 = CARTESIAN_POINT ( 'NONE',  ( -21.43333333333333400, 0.7726683315065830900, 1.338300807568873600 ) ) ;
#2111 = CARTESIAN_POINT ( 'NONE',  ( 18.92499999999999700, -3.277891600571076600E-016, 1.784401076758497700 ) ) ;
#2112 = CARTESIAN_POINT ( 'NONE',  ( -21.37500000000000000, 1.092630533523692700E-016, 1.784401076758498400 ) ) ;
#2113 = CARTESIAN_POINT ( 'NONE',  ( -25.13750000000000600, 1.414100318299875800E-016, 2.309401076758502500 ) ) ;
#2114 = VERTEX_POINT ( 'NONE', #5799 ) ;
#2115 = VERTEX_POINT ( 'NONE', #4218 ) ;
#2116 = CARTESIAN_POINT ( 'NONE',  ( 18.02083333333333200, 1.545336663013164600, 0.8922005383792495100 ) ) ;
#2117 = CARTESIAN_POINT ( 'NONE',  ( -21.11250000000000400, -1.545336663013165700, 1.892491597964125200E-016 ) ) ;
#2118 = CARTESIAN_POINT ( 'NONE',  ( 25.39999999999999900, 2.000000000000000000, 0.0000000000000000000 ) ) ;
#2119 = CARTESIAN_POINT ( 'NONE',  ( 17.50000000000000000, 2.449293598294706400E-016, 2.000000000000000000 ) ) ;
#2120 = ORIENTED_EDGE ( 'NONE', *, *, #505, .T. ) ;
#2121 = CARTESIAN_POINT ( 'NONE',  ( -18.19583333333333600, 1.000000000000000000, 1.732050807568877000 ) ) ;
#2122 = CARTESIAN_POINT ( 'NONE',  ( -27.50000000000000000, -3.660093687634853800, 1.660531772554305000 ) ) ;
#2123 = CARTESIAN_POINT ( 'NONE',  ( 21.34583333333333100, 0.7726683315065827600, -1.338300807568873200 ) ) ;
#2124 = EDGE_CURVE ( 'NONE', #5893, #4238, #1745, .T. ) ;
#2125 = CARTESIAN_POINT ( 'NONE',  ( -20.32499999999999900, -3.277891600571078100E-016, -1.784401076758498400 ) ) ;
#2126 = CARTESIAN_POINT ( 'NONE',  ( -22.54166666666666800, -1.545336663013166200, -0.8922005383792486200 ) ) ;
#2127 = CARTESIAN_POINT ( 'NONE',  ( 18.72753999999999400, 1.511048216899482300, -0.3237262551254618800 ) ) ;
#2128 = VERTEX_POINT ( 'NONE', #1154 ) ;
#2129 = CARTESIAN_POINT ( 'NONE',  ( -16.40000000000000200, 2.449293598294706400E-016, -2.000000000000000000 ) ) ;
#2130 = CARTESIAN_POINT ( 'NONE',  ( -23.76666666666666600, 0.7726683315065817600, -1.338300807568874300 ) ) ;
#2131 = CARTESIAN_POINT ( 'NONE',  ( -26.12916666666667000, 0.9999999999999983300, -1.732050807568877900 ) ) ;
#2132 = CARTESIAN_POINT ( 'NONE',  ( 25.13750000000071300, 1.226886462948100500E-011, -2.000000000000000000 ) ) ;
#2133 = ORIENTED_EDGE ( 'NONE', *, *, #5143, .T. ) ;
#2134 = DIRECTION ( 'NONE',  ( 0.0000000000000000000, 0.0000000000000000000, 1.000000000000000000 ) ) ;
#2135 = EDGE_CURVE ( 'NONE', #6448, #3825, #6376, .T. ) ;
#2136 = ADVANCED_FACE ( 'NONE', ( #2401 ), #3238, .T. ) ;
#2137 = VERTEX_POINT ( 'NONE', #6312 ) ;
#2138 = CARTESIAN_POINT ( 'NONE',  ( 21.08333333333333200, 1.000000000000000200, -1.732050807568877200 ) ) ;
#2139 = CARTESIAN_POINT ( 'NONE',  ( 18.83749999999999900, -3.277891600571076600E-016, 1.784401076758497700 ) ) ;
#2140 = CARTESIAN_POINT ( 'NONE',  ( -22.74583333333333700, 0.7726683315065830900, 1.338300807568873600 ) ) ;
#2141 = CARTESIAN_POINT ( 'NONE',  ( 26.04166666666666800, 2.000000000000000000, -1.154700538379251200 ) ) ;
#2142 = ORIENTED_EDGE ( 'NONE', *, *, #5878, .F. ) ;
#2143 = CARTESIAN_POINT ( 'NONE',  ( 25.48750012630440800, -2.165218383277759000E-006, 1.999999999998828300 ) ) ;
#2144 = ORIENTED_EDGE ( 'NONE', *, *, #3746, .T. ) ;
#2145 = AXIS2_PLACEMENT_3D ( 'NONE', #1347, #3339, #6058 ) ;
#2146 = CARTESIAN_POINT ( 'NONE',  ( 18.81757486433809800, -0.4490140548309246600, 1.576543564395810300 ) ) ;
#2147 = CARTESIAN_POINT ( 'NONE',  ( 24.26249999999999900, 1.545336663013165100, 0.0000000000000000000 ) ) ;
#2148 = CARTESIAN_POINT ( 'NONE',  ( -18.80833333333333400, 1.545336663013165300, -0.8922005383792500600 ) ) ;
#2149 = CARTESIAN_POINT ( 'NONE',  ( -21.31666666666666300, -0.7726683315065825400, 1.338300807568873800 ) ) ;
#2150 = CARTESIAN_POINT ( 'NONE',  ( -20.70626073911696400, -0.5358983848622459500, -1.999999999999999100 ) ) ;
#2151 = CARTESIAN_POINT ( 'NONE',  ( 20.64583333333333600, -1.000000000000000900, 1.732050807568876700 ) ) ;
#2152 = ORIENTED_EDGE ( 'NONE', *, *, #1348, .T. ) ;
#2153 = CARTESIAN_POINT ( 'NONE',  ( -18.34166666666666500, -1.545336663013166200, -0.8922005383792486200 ) ) ;
#2154 =( BOUNDED_CURVE ( )  B_SPLINE_CURVE ( 2, ( #5726, #1122, #2074, #6285, #79, #2602, #5772, #3670, #6307 ),
 .UNSPECIFIED., .F., .T. ) 
 B_SPLINE_CURVE_WITH_KNOTS ( ( 3, 2, 2, 2, 3 ),
 ( 0.7968750000000000000, 0.8020833333333333700, 0.8125000000000000000, 0.8229166666666666300, 0.8281250000000000000 ),
 .UNSPECIFIED. ) 
 CURVE ( )  GEOMETRIC_REPRESENTATION_ITEM ( )  RATIONAL_B_SPLINE_CURVE ( ( 0.9330127018922194100, 0.9330127018922194100, 1.000000000000000000, 0.8660254037844387100, 1.000000000000000000, 0.8660254037844387100, 1.000000000000000000, 0.9330127018922194100, 0.9330127018922194100 ) ) 
 REPRESENTATION_ITEM ( '' )  );
#2155 = CARTESIAN_POINT ( 'NONE',  ( -24.32083333333333600, -1.999999999999999300, 1.154700538379251700 ) ) ;
#2156 = APPROVAL_DATE_TIME ( #6317, #6102 ) ;
#2157 = CARTESIAN_POINT ( 'NONE',  ( 25.25416666666666600, 2.000000000000000000, -1.154700538379251200 ) ) ;
#2158 = DIRECTION ( 'NONE',  ( 0.0000000000000000000, 0.0000000000000000000, 1.000000000000000000 ) ) ;
#2159 = CARTESIAN_POINT ( 'NONE',  ( -22.80416666666667100, -2.000000000000000000, -1.154700538379250600 ) ) ;
#2160 = CARTESIAN_POINT ( 'NONE',  ( 18.07916666666666600, 0.7726683315065814300, 1.338300807568873800 ) ) ;
#2161 = CARTESIAN_POINT ( 'NONE',  ( -19.07083333333333600, -1.545336663013165100, 0.8922005383792495100 ) ) ;
#2162 = CARTESIAN_POINT ( 'NONE',  ( 26.80000000000000100, 2.000000000000000000, 0.0000000000000000000 ) ) ;
#2163 = DIRECTION ( 'NONE',  ( 1.000000000000000000, 0.0000000000000000000, 0.0000000000000000000 ) ) ;
#2164 = EDGE_CURVE ( 'NONE', #5148, #911, #5169, .T. ) ;
#2165 = CARTESIAN_POINT ( 'NONE',  ( -27.14273441009183300, -4.618802153517006700, -1.743461609413580400E-015 ) ) ;
#2166 = CARTESIAN_POINT ( 'NONE',  ( 24.72916666666666800, -0.7726683315065822100, -1.338300807568873400 ) ) ;
#2167 = ADVANCED_FACE ( 'NONE', ( #1194 ), #295, .F. ) ;
#2168 = CARTESIAN_POINT ( 'NONE',  ( -19.15833333333333100, -1.545336663013165300, 0.8922005383792495100 ) ) ;
#2169 = CARTESIAN_POINT ( 'NONE',  ( -17.29166666666666800, 1.545336663013165500, 0.8922005383792490600 ) ) ;
#2170 = FACE_OUTER_BOUND ( 'NONE', #2715, .T. ) ;
#2171 = CARTESIAN_POINT ( 'NONE',  ( 25.22499999999999800, 2.905110965495596800E-016, -1.999999999999999600 ) ) ;
#2172 = EDGE_CURVE ( 'NONE', #2449, #6350, #812, .T. ) ;
#2173 = CARTESIAN_POINT ( 'NONE',  ( -18.86666666666666700, 0.7726683315065817600, -1.338300807568874300 ) ) ;
#2174 = CARTESIAN_POINT ( 'NONE',  ( -27.49999999999999600, -4.618802153517006700, -1.270464973765129000E-015 ) ) ;
#2175 = CARTESIAN_POINT ( 'NONE',  ( -21.87083333333333700, 1.999999999999998700, -1.154700538379252100 ) ) ;
#2176 = CARTESIAN_POINT ( 'NONE',  ( 26.24583333333333700, -1.000000000000000900, 1.732050807568876700 ) ) ;
#2177 = CARTESIAN_POINT ( 'NONE',  ( -27.49999999999999600, 0.0000000000000000000, 0.0000000000000000000 ) ) ;
#2178 = LINE ( 'NONE', #1916, #5844 ) ;
#2179 = CARTESIAN_POINT ( 'NONE',  ( 22.54166666666666800, 2.000000000000000000, -1.154700538379251200 ) ) ;
#2180 = CARTESIAN_POINT ( 'NONE',  ( -24.43750000000000000, -3.277891600571078100E-016, -1.784401076758498400 ) ) ;
#2181 = DIRECTION ( 'NONE',  ( 0.0000000000000000000, -0.4999999999999995600, -0.8660254037844388200 ) ) ;
#2182 = CARTESIAN_POINT ( 'NONE',  ( -20.09166666666666500, -2.000000000000000000, -1.154700538379250600 ) ) ;
#2183 = CARTESIAN_POINT ( 'NONE',  ( 17.43750000000000400, -3.277891600571076600E-016, 1.784401076758497700 ) ) ;
#2184 = CARTESIAN_POINT ( 'NONE',  ( -20.17916666666666700, 0.7726683315065817600, -1.338300807568874300 ) ) ;
#2185 = DIRECTION ( 'NONE',  ( 0.0000000000000000000, 0.0000000000000000000, 1.000000000000000000 ) ) ;
#2186 = CARTESIAN_POINT ( 'NONE',  ( 17.50000000000000000, 0.0000000000000000000, 0.0000000000000000000 ) ) ;
#2187 = ORIENTED_EDGE ( 'NONE', *, *, #384, .T. ) ;
#2188 = CARTESIAN_POINT ( 'NONE',  ( 25.69166666666667000, 1.545336663013165100, -0.8922005383792486200 ) ) ;
#2189 =( BOUNDED_CURVE ( )  B_SPLINE_CURVE ( 2, ( #2580, #3604, #4131, #1497, #4663, #966, #5123, #3026, #4615 ),
 .UNSPECIFIED., .F., .T. ) 
 B_SPLINE_CURVE_WITH_KNOTS ( ( 3, 2, 2, 2, 3 ),
 ( 0.2031250000000000000, 0.2083333333333333400, 0.2187500000000000000, 0.2291666666666666600, 0.2343750000000000000 ),
 .UNSPECIFIED. ) 
 CURVE ( )  GEOMETRIC_REPRESENTATION_ITEM ( )  RATIONAL_B_SPLINE_CURVE ( ( 0.9330127018922194100, 0.9330127018922194100, 1.000000000000000000, 0.8660254037844387100, 1.000000000000000000, 0.8660254037844387100, 1.000000000000000000, 0.9330127018922194100, 0.9330127018922194100 ) ) 
 REPRESENTATION_ITEM ( '' )  );
#2190 = CARTESIAN_POINT ( 'NONE',  ( 24.84583333333333100, 0.7726683315065827600, -1.338300807568873200 ) ) ;
#2191 = CARTESIAN_POINT ( 'NONE',  ( -21.19999999999999900, -1.545336663013165700, 1.892491597964125200E-016 ) ) ;
#2192 = CARTESIAN_POINT ( 'NONE',  ( -17.00000000000000000, -1.545336663013165700, 1.892491597964125200E-016 ) ) ;
#2193 = ORIENTED_EDGE ( 'NONE', *, *, #6008, .F. ) ;
#2194 = DIRECTION ( 'NONE',  ( 0.0000000000000000000, 0.0000000000000000000, 1.000000000000000000 ) ) ;
#2195 = CARTESIAN_POINT ( 'NONE',  ( -17.75833333333333300, -1.545336663013165100, 0.8922005383792495100 ) ) ;
#2196 = CARTESIAN_POINT ( 'NONE',  ( -26.99453666301316800, 0.7422432307883003500, 1.359293172688052600 ) ) ;
#2197 = CARTESIAN_POINT ( 'NONE',  ( -21.69583333333333300, 1.000000000000000000, 1.732050807568877000 ) ) ;
#2198 = CARTESIAN_POINT ( 'NONE',  ( 26.82916666666666900, 0.9999999999999985600, 1.732050807568878100 ) ) ;
#2199 = CARTESIAN_POINT ( 'NONE',  ( -24.49583333333333400, -0.7726683315065834300, -1.338300807568873400 ) ) ;
#2200 = VERTEX_POINT ( 'NONE', #156 ) ;
#2201 = ADVANCED_FACE ( 'NONE', ( #5355 ), #2247, .T. ) ;
#2202 = CARTESIAN_POINT ( 'NONE',  ( -27.49999999999999600, 0.0000000000000000000, 0.0000000000000000000 ) ) ;
#2203 = CARTESIAN_POINT ( 'NONE',  ( 19.47916666666666400, 0.7726683315065814300, 1.338300807568873800 ) ) ;
#2204 = ORIENTED_EDGE ( 'NONE', *, *, #6550, .T. ) ;
#2205 = CARTESIAN_POINT ( 'NONE',  ( -17.96250000000000200, 1.545336663013165700, 0.0000000000000000000 ) ) ;
#2206 = CARTESIAN_POINT ( 'NONE',  ( 21.49166666666667100, -2.000000000000000400, 1.154700538379250600 ) ) ;
#2207 = CARTESIAN_POINT ( 'NONE',  ( 25.05000000000000100, -2.000000000000000000, -2.449293598294706400E-016 ) ) ;
#2208 = CARTESIAN_POINT ( 'NONE',  ( 26.56666666666666600, 0.7726683315065814300, 1.338300807568873800 ) ) ;
#2209 = EDGE_LOOP ( 'NONE', ( #1055, #5556, #2749, #1821 ) ) ;
#2210 = CARTESIAN_POINT ( 'NONE',  ( -23.50416666666667000, -2.000000000000000000, -1.154700538379250600 ) ) ;
#2211 = CARTESIAN_POINT ( 'NONE',  ( 19.88749999999999900, 1.092630533523692200E-016, -1.784401076758497700 ) ) ;
#2212 = EDGE_CURVE ( 'NONE', #1905, #2200, #3966, .T. ) ;
#2213 = CARTESIAN_POINT ( 'NONE',  ( -20.73333333333333400, 0.7726683315065830900, 1.338300807568873600 ) ) ;
#2214 = CARTESIAN_POINT ( 'NONE',  ( -20.61666666666666400, -0.7726683315065825400, 1.338300807568873800 ) ) ;
#2215 = VERTEX_POINT ( 'NONE', #4937 ) ;
#2216 = CARTESIAN_POINT ( 'NONE',  ( -27.27579465680958000, 1.727899023230878200, 0.6059416072456880200 ) ) ;
#2217 = EDGE_LOOP ( 'NONE', ( #2144, #3671, #3764, #3086, #502, #3351 ) ) ;
#2218 = CARTESIAN_POINT ( 'NONE',  ( -17.99166666666666700, 1.545336663013165500, 0.8922005383792490600 ) ) ;
#2219 = CARTESIAN_POINT ( 'NONE',  ( -21.92916666666667100, 0.9999999999999983300, -1.732050807568877900 ) ) ;
#2220 = CARTESIAN_POINT ( 'NONE',  ( 27.41250000000000100, 2.000000000000000000, 0.0000000000000000000 ) ) ;
#2221 = CARTESIAN_POINT ( 'NONE',  ( -26.47916666666666800, 0.7726683315065817600, -1.338300807568874300 ) ) ;
#2222 = ORIENTED_EDGE ( 'NONE', *, *, #1204, .F. ) ;
#2223 =( LENGTH_UNIT ( ) NAMED_UNIT ( * ) SI_UNIT ( .MILLI., .METRE. ) );
#2224 = CARTESIAN_POINT ( 'NONE',  ( 27.26691712884576900, -1.530708055130821200, 0.7685557814634062000 ) ) ;
#2225 = CARTESIAN_POINT ( 'NONE',  ( 20.12083333333333700, -1.999999999999999600, -1.154700538379252600 ) ) ;
#2226 = DIRECTION ( 'NONE',  ( 1.000000000000000000, 0.0000000000000000000, 0.0000000000000000000 ) ) ;
#2227 = CARTESIAN_POINT ( 'NONE',  ( 26.09999999999999800, -1.545336663013165100, -1.892491597964124500E-016 ) ) ;
#2228 = ORIENTED_EDGE ( 'NONE', *, *, #422, .T. ) ;
#2229 = CARTESIAN_POINT ( 'NONE',  ( -18.60416666666667100, 1.545336663013165500, 0.8922005383792490600 ) ) ;
#2230 = CARTESIAN_POINT ( 'NONE',  ( 21.43333333333333400, -1.000000000000000900, 1.732050807568876700 ) ) ;
#2231 = CARTESIAN_POINT ( 'NONE',  ( -27.49999999999999600, -0.3908619596898276800, -4.000000000000001800 ) ) ;
#2232 = CARTESIAN_POINT ( 'NONE',  ( 27.44166666666666600, -1.545336663013165300, 0.8922005383792482900 ) ) ;
#2233 = CARTESIAN_POINT ( 'NONE',  ( 20.47083333333333500, -1.545336663013164600, -0.8922005383792492900 ) ) ;
#2234 = ADVANCED_FACE ( 'NONE', ( #5200 ), #3626, .F. ) ;
#2235 =( BOUNDED_CURVE ( )  B_SPLINE_CURVE ( 2, ( #609, #3728, #5759, #4761, #5807, #1088, #2121, #5204, #1642 ),
 .UNSPECIFIED., .F., .T. ) 
 B_SPLINE_CURVE_WITH_KNOTS ( ( 3, 2, 2, 2, 3 ),
 ( 0.8593750000000000000, 0.8645833333333333700, 0.8750000000000000000, 0.8854166666666666300, 0.8906250000000000000 ),
 .UNSPECIFIED. ) 
 CURVE ( )  GEOMETRIC_REPRESENTATION_ITEM ( )  RATIONAL_B_SPLINE_CURVE ( ( 0.9330127018922194100, 0.9330127018922194100, 1.000000000000000000, 0.8660254037844387100, 1.000000000000000000, 0.8660254037844387100, 1.000000000000000000, 0.9330127018922194100, 0.9330127018922194100 ) ) 
 REPRESENTATION_ITEM ( '' )  );
#2236 = CARTESIAN_POINT ( 'NONE',  ( -18.45833333333333600, -1.545336663013165100, 0.8922005383792495100 ) ) ;
#2237 = CIRCLE ( 'NONE', #5826, 4.000000000000000000 ) ;
#2238 = CARTESIAN_POINT ( 'NONE',  ( 21.98750012630435800, -2.165217657753770800E-006, 1.999999999998828300 ) ) ;
#2239 = DIRECTION ( 'NONE',  ( 1.000000000000000000, 0.0000000000000000000, 0.0000000000000000000 ) ) ;
#2240 = CARTESIAN_POINT ( 'NONE',  ( -16.82499999999999900, -3.277891600571078100E-016, -1.784401076758498400 ) ) ;
#2241 = DIRECTION ( 'NONE',  ( 0.0000000000000000000, 0.0000000000000000000, -1.000000000000000000 ) ) ;
#2242 = CARTESIAN_POINT ( 'NONE',  ( -23.79583333333333400, 1.000000000000000000, 1.732050807568877000 ) ) ;
#2243 = CARTESIAN_POINT ( 'NONE',  ( 26.53750000000000100, 1.414100318299875800E-016, -2.309401076758502900 ) ) ;
#2244 = CARTESIAN_POINT ( 'NONE',  ( -25.37083333333334100, -1.545336663013165300, 0.8922005383792495100 ) ) ;
#2245 = FACE_OUTER_BOUND ( 'NONE', #4319, .T. ) ;
#2246 = DIRECTION ( 'NONE',  ( -1.000000000000000000, -0.0000000000000000000, -0.0000000000000000000 ) ) ;
#2247 = PLANE ( 'NONE',  #1763 ) ;
#2248 = CARTESIAN_POINT ( 'NONE',  ( 25.05000000000000100, 1.545336663013165100, 0.0000000000000000000 ) ) ;
#2249 = CARTESIAN_POINT ( 'NONE',  ( -26.15833333333333900, 1.999999999999998700, -1.154700538379252100 ) ) ;
#2250 = CARTESIAN_POINT ( 'NONE',  ( 24.35000000000000100, -2.000000000000000000, -2.449293598294706400E-016 ) ) ;
#2251 = EDGE_CURVE ( 'NONE', #4714, #3432, #1531, .T. ) ;
#2252 = DIRECTION ( 'NONE',  ( -1.000000000000000000, -0.0000000000000000000, -0.0000000000000000000 ) ) ;
#2253 = FACE_OUTER_BOUND ( 'NONE', #1319, .T. ) ;
#2254 = FACE_OUTER_BOUND ( 'NONE', #6037, .T. ) ;
#2255 = CARTESIAN_POINT ( 'NONE',  ( 20.82083333333333300, 1.545336663013164600, 0.8922005383792495100 ) ) ;
#2256 = CARTESIAN_POINT ( 'NONE',  ( -17.58333333333333200, -0.7726683315065834300, -1.338300807568873400 ) ) ;
#2257 = CARTESIAN_POINT ( 'NONE',  ( -27.44919999999999800, 1.887441713179833600, -0.6614860386650427400 ) ) ;
#2258 = CARTESIAN_POINT ( 'NONE',  ( 19.42083333333333100, 1.545336663013164400, 0.8922005383792495100 ) ) ;
#2259 = EDGE_CURVE ( 'NONE', #1065, #4882, #5026, .T. ) ;
#2260 = CARTESIAN_POINT ( 'NONE',  ( -24.32083333333333600, 1.545336663013165100, -0.8922005383792499500 ) ) ;
#2261 = CARTESIAN_POINT ( 'NONE',  ( 0.0000000000000000000, 0.0000000000000000000, 1.542796663013164900 ) ) ;
#2262 = ORIENTED_EDGE ( 'NONE', *, *, #1877, .T. ) ;
#2263 = CARTESIAN_POINT ( 'NONE',  ( 25.77916666666666900, -0.9999999999999995600, -1.732050807568877400 ) ) ;
#2264 = DIRECTION ( 'NONE',  ( 1.000000000000000000, 0.0000000000000000000, -0.0000000000000000000 ) ) ;
#2265 = CARTESIAN_POINT ( 'NONE',  ( -16.50626073911696400, -0.5358983848622459500, -1.999999999999999100 ) ) ;
#2266 = ORIENTED_EDGE ( 'NONE', *, *, #4046, .T. ) ;
#2267 = DIRECTION ( 'NONE',  ( 0.0000000000000000000, 0.0000000000000000000, 1.000000000000000000 ) ) ;
#2268 = CARTESIAN_POINT ( 'NONE',  ( 22.39373926088303800, -0.5358983848622451700, -2.000000000000000000 ) ) ;
#2269 = CARTESIAN_POINT ( 'NONE',  ( 25.51666666666666600, -0.7726683315065822100, -1.338300807568873400 ) ) ;
#2270 = CARTESIAN_POINT ( 'NONE',  ( -25.57499999999999900, -4.242300954899626700E-016, -2.309401076758502500 ) ) ;
#2271 = CARTESIAN_POINT ( 'NONE',  ( 21.55000000000000100, -2.000000000000000000, -2.449293598294706400E-016 ) ) ;
#2272 = DIRECTION ( 'NONE',  ( 1.000000000000000000, 0.0000000000000000000, 0.0000000000000000000 ) ) ;
#2273 =( BOUNDED_CURVE ( )  B_SPLINE_CURVE ( 2, ( #925, #6073, #6582, #3451, #2440, #861, #2918, #3533, #1407 ),
 .UNSPECIFIED., .F., .T. ) 
 B_SPLINE_CURVE_WITH_KNOTS ( ( 3, 2, 2, 2, 3 ),
 ( 0.5156250000000000000, 0.5208333333333333700, 0.5312500000000000000, 0.5416666666666666300, 0.5468750000000000000 ),
 .UNSPECIFIED. ) 
 CURVE ( )  GEOMETRIC_REPRESENTATION_ITEM ( )  RATIONAL_B_SPLINE_CURVE ( ( 0.9330127018922194100, 0.9330127018922194100, 1.000000000000000000, 0.8660254037844387100, 1.000000000000000000, 0.8660254037844387100, 1.000000000000000000, 0.9330127018922194100, 0.9330127018922194100 ) ) 
 REPRESENTATION_ITEM ( '' )  );
#2274 = CARTESIAN_POINT ( 'NONE',  ( 17.58333333333333200, -0.7726683315065832100, 1.338300807568872900 ) ) ;
#2275 = ORIENTED_EDGE ( 'NONE', *, *, #3746, .F. ) ;
#2276 = CARTESIAN_POINT ( 'NONE',  ( 25.10833333333333100, 1.545336663013164600, 0.8922005383792495100 ) ) ;
#2277 = CARTESIAN_POINT ( 'NONE',  ( -22.77499999999999500, -8.715332896486790000E-016, -1.999999999999999600 ) ) ;
#2278 = CARTESIAN_POINT ( 'NONE',  ( 17.55416666666666700, -1.545336663013165300, 0.8922005383792482900 ) ) ;
#2279 = DIRECTION ( 'NONE',  ( -1.000000000000000000, -0.0000000000000000000, -0.0000000000000000000 ) ) ;
#2280 = DIRECTION ( 'NONE',  ( 1.000000000000000000, 0.0000000000000000000, 0.0000000000000000000 ) ) ;
#2281 = CARTESIAN_POINT ( 'NONE',  ( -27.01717282285015600, 0.3892924317115153400, 1.524307227736343600 ) ) ;
#2282 = ORIENTED_EDGE ( 'NONE', *, *, #3342, .F. ) ;
#2283 = CARTESIAN_POINT ( 'NONE',  ( -26.01249999999999900, -1.545336663013165700, 1.892491597964125200E-016 ) ) ;
#2284 = CARTESIAN_POINT ( 'NONE',  ( 23.27083333333333200, 1.999999999999999300, 1.154700538379252800 ) ) ;
#2285 = CARTESIAN_POINT ( 'NONE',  ( -23.21250000000000600, -1.545336663013165700, 1.892491597964125200E-016 ) ) ;
#2286 = CARTESIAN_POINT ( 'NONE',  ( 26.94583333333333300, 0.7726683315065827600, -1.338300807568873200 ) ) ;
#2287 = ORIENTED_EDGE ( 'NONE', *, *, #3248, .F. ) ;
#2288 = CARTESIAN_POINT ( 'NONE',  ( -16.40000000000000200, 0.0000000000000000000, 0.0000000000000000000 ) ) ;
#2289 = DIRECTION ( 'NONE',  ( -1.000000000000000000, -0.0000000000000000000, -0.0000000000000000000 ) ) ;
#2290 = CARTESIAN_POINT ( 'NONE',  ( 24.81666666666666600, -0.7726683315065822100, -1.338300807568873400 ) ) ;
#2291 = CARTESIAN_POINT ( 'NONE',  ( -26.91666666666666400, 0.9999999999999983300, -1.732050807568877900 ) ) ;
#2292 = EDGE_LOOP ( 'NONE', ( #2498, #2543, #1643 ) ) ;
#2293 = CARTESIAN_POINT ( 'NONE',  ( 17.87500000000000400, 1.092630533523692200E-016, -1.784401076758497700 ) ) ;
#2294 = ORIENTED_EDGE ( 'NONE', *, *, #5833, .F. ) ;
#2295 = CARTESIAN_POINT ( 'NONE',  ( 24.64166666666666600, -1.545336663013165300, 0.8922005383792482900 ) ) ;
#2296 = CARTESIAN_POINT ( 'NONE',  ( -17.08749999999999900, -8.715332896486790000E-016, -1.999999999999999600 ) ) ;
#2297 = CARTESIAN_POINT ( 'NONE',  ( 20.93750000000000000, -3.277891600571076600E-016, 1.784401076758497700 ) ) ;
#2298 = ORIENTED_EDGE ( 'NONE', *, *, #2500, .F. ) ;
#2299 = EDGE_CURVE ( 'NONE', #4961, #1791, #622, .T. ) ;
#2300 = DIRECTION ( 'NONE',  ( 0.0000000000000000000, 0.0000000000000000000, -1.000000000000000000 ) ) ;
#2301 = ORIENTED_EDGE ( 'NONE', *, *, #5185, .F. ) ;
#2302 = CARTESIAN_POINT ( 'NONE',  ( -24.61250000000000100, -1.545336663013165700, 1.892491597964125200E-016 ) ) ;
#2303 = CARTESIAN_POINT ( 'NONE',  ( 24.49583333333333400, 1.000000000000000200, -1.732050807568877200 ) ) ;
#2304 = CARTESIAN_POINT ( 'NONE',  ( -22.97916666666666800, 0.7726683315065817600, -1.338300807568874300 ) ) ;
#2305 = CARTESIAN_POINT ( 'NONE',  ( 25.48750000000000100, 1.092630533523692200E-016, -1.784401076758497700 ) ) ;
#2306 = ORIENTED_EDGE ( 'NONE', *, *, #4216, .F. ) ;
#2307 = CARTESIAN_POINT ( 'NONE',  ( 27.26666666666666900, 0.7726683315065814300, 1.338300807568873800 ) ) ;
#2308 = COORDINATED_UNIVERSAL_TIME_OFFSET ( 6, 0, .BEHIND. ) ;
#2309 = CARTESIAN_POINT ( 'NONE',  ( 26.97499999999999800, -3.945140691143020400E-014, 2.000000000000000000 ) ) ;
#2310 = CARTESIAN_POINT ( 'NONE',  ( 17.46578971905347500, -3.072372537026378600, 2.678494666091023800 ) ) ;
#2311 = CARTESIAN_POINT ( 'NONE',  ( 24.35000000000000100, 1.545336663013165100, 0.0000000000000000000 ) ) ;
#2312 = CARTESIAN_POINT ( 'NONE',  ( -24.64166666666666600, 1.999999999999999800, 1.154700538379251000 ) ) ;
#2313 = CARTESIAN_POINT ( 'NONE',  ( 19.09999999999999800, -1.545336663013165100, -1.892491597964124500E-016 ) ) ;
#2314 = AXIS2_PLACEMENT_3D ( 'NONE', #2385, #1865, #2776 ) ;
#2315 = CARTESIAN_POINT ( 'NONE',  ( 21.49166666666667100, 1.545336663013165100, -0.8922005383792486200 ) ) ;
#2316 = CARTESIAN_POINT ( 'NONE',  ( -19.91876073911696600, -0.5358983848622459500, -1.999999999999999100 ) ) ;
#2317 = CARTESIAN_POINT ( 'NONE',  ( 18.72499999999999800, 0.0000000000000000000, -1.542796663013164900 ) ) ;
#2318 = CARTESIAN_POINT ( 'NONE',  ( 27.58749999999999500, 1.092630533523692200E-016, -1.784401076758497700 ) ) ;
#2319 = CARTESIAN_POINT ( 'NONE',  ( -18.07916666666666600, -0.9999999999999993300, 1.732050807568877200 ) ) ;
#2320 = CARTESIAN_POINT ( 'NONE',  ( 17.14273441009184000, 4.618802153517006700, 1.700559480795179900E-015 ) ) ;
#2321 = CYLINDRICAL_SURFACE ( 'NONE', #3710, 1.542796663013164900 ) ;
#2322 = CARTESIAN_POINT ( 'NONE',  ( -25.19583333333333300, -0.7726683315065834300, -1.338300807568873400 ) ) ;
#2323 = CARTESIAN_POINT ( 'NONE',  ( 24.78750000000000500, -4.242300954899627700E-016, 2.309401076758502900 ) ) ;
#2324 = CARTESIAN_POINT ( 'NONE',  ( -21.11250000000000400, -1.545336663013165700, 1.892491597964125200E-016 ) ) ;
#2325 = CARTESIAN_POINT ( 'NONE',  ( 24.11876079773505000, -0.5358993897437280800, 1.999999419831405500 ) ) ;
#2326 = FACE_OUTER_BOUND ( 'NONE', #4411, .T. ) ;
#2327 = CARTESIAN_POINT ( 'NONE',  ( 25.83749999999999500, -3.277891600571076600E-016, 1.784401076758497700 ) ) ;
#2328 = AXIS2_PLACEMENT_3D ( 'NONE', #2837, #843, #1326 ) ;
#2329 = LINE ( 'NONE', #4263, #382 ) ;
#2330 = CARTESIAN_POINT ( 'NONE',  ( -24.20626073911696700, -0.5358983848622459500, -1.999999999999999100 ) ) ;
#2331 = CARTESIAN_POINT ( 'NONE',  ( 21.43333333333333400, 0.7726683315065827600, -1.338300807568873200 ) ) ;
#2332 = VECTOR ( 'NONE', #3475, 1000.000000000000000 ) ;
#2333 = CARTESIAN_POINT ( 'NONE',  ( -24.35000000000000100, -1.999999999999999600, 2.449293598294705900E-016 ) ) ;
#2334 = EDGE_CURVE ( 'NONE', #5158, #1824, #5369, .T. ) ;
#2335 = CARTESIAN_POINT ( 'NONE',  ( 27.15059206427193000, 0.2274194986531184500, -1.824407935725665700 ) ) ;
#2336 = CARTESIAN_POINT ( 'NONE',  ( 22.83333333333333600, 0.7726683315065827600, -1.338300807568873200 ) ) ;
#2337 = CARTESIAN_POINT ( 'NONE',  ( -20.99583333333333400, 1.000000000000000000, 1.732050807568877000 ) ) ;
#2338 = CARTESIAN_POINT ( 'NONE',  ( 27.29583333333333100, -0.7726683315065832100, 1.338300807568872900 ) ) ;
#2339 = CARTESIAN_POINT ( 'NONE',  ( 20.20833333333333600, -1.999999999999999600, -1.154700538379252600 ) ) ;
#2340 = CARTESIAN_POINT ( 'NONE',  ( 22.92083333333333400, -1.999999999999999600, -1.154700538379252600 ) ) ;
#2341 = ORIENTED_EDGE ( 'NONE', *, *, #4092, .T. ) ;
#2342 = DIRECTION ( 'NONE',  ( 1.000000000000000000, 0.0000000000000000000, 0.0000000000000000000 ) ) ;
#2343 = EDGE_CURVE ( 'NONE', #3496, #2114, #1307, .T. ) ;
#2344 = CARTESIAN_POINT ( 'NONE',  ( -23.91250000000000100, -1.545336663013165700, 1.892491597964125200E-016 ) ) ;
#2345 = CARTESIAN_POINT ( 'NONE',  ( -26.04166666666666800, -1.545336663013166400, -0.8922005383792486200 ) ) ;
#2346 = CARTESIAN_POINT ( 'NONE',  ( 23.32916666666666900, 0.9999999999999985600, 1.732050807568878100 ) ) ;
#2347 = CARTESIAN_POINT ( 'NONE',  ( -23.85416666666666800, -1.545336663013166400, -0.8922005383792486200 ) ) ;
#2348 = CARTESIAN_POINT ( 'NONE',  ( -18.10833333333333400, -1.999999999999999300, 1.154700538379251900 ) ) ;
#2349 = ORIENTED_EDGE ( 'NONE', *, *, #3068, .T. ) ;
#2350 = CARTESIAN_POINT ( 'NONE',  ( -20.06250000000000400, -1.999999999999999600, 2.449293598294705900E-016 ) ) ;
#2351 =( BOUNDED_CURVE ( )  B_SPLINE_CURVE ( 2, ( #2836, #1299, #5554, #4990, #794, #6566, #2337, #1881, #6614 ),
 .UNSPECIFIED., .F., .T. ) 
 B_SPLINE_CURVE_WITH_KNOTS ( ( 3, 2, 2, 2, 3 ),
 ( 0.6093750000000000000, 0.6145833333333333700, 0.6250000000000000000, 0.6354166666666666300, 0.6406250000000000000 ),
 .UNSPECIFIED. ) 
 CURVE ( )  GEOMETRIC_REPRESENTATION_ITEM ( )  RATIONAL_B_SPLINE_CURVE ( ( 0.9330127018922194100, 0.9330127018922194100, 1.000000000000000000, 0.8660254037844387100, 1.000000000000000000, 0.8660254037844387100, 1.000000000000000000, 0.9330127018922194100, 0.9330127018922194100 ) ) 
 REPRESENTATION_ITEM ( '' )  );
#2352 = CARTESIAN_POINT ( 'NONE',  ( 19.85623931950113200, 0.5358973799806614500, 2.000000580168652700 ) ) ;
#2353 = CARTESIAN_POINT ( 'NONE',  ( 22.30833333333333700, 1.545336663013164600, 0.8922005383792495100 ) ) ;
#2354 = ORIENTED_EDGE ( 'NONE', *, *, #5654, .F. ) ;
#2355 = CARTESIAN_POINT ( 'NONE',  ( -20.79166666666666400, -2.000000000000000000, -1.154700538379250400 ) ) ;
#2356 = CARTESIAN_POINT ( 'NONE',  ( 19.01914295527530600, 2.324088772396478200E-016, -1.836939618288474700 ) ) ;
#2357 = CARTESIAN_POINT ( 'NONE',  ( 22.07500000000000300, 1.092630533523692200E-016, -1.784401076758497700 ) ) ;
#2358 = ORIENTED_EDGE ( 'NONE', *, *, #2164, .T. ) ;
#2359 = CARTESIAN_POINT ( 'NONE',  ( -22.42500000000000100, 2.905110965495596800E-016, 1.999999999999999600 ) ) ;
#2360 = CARTESIAN_POINT ( 'NONE',  ( -16.40000000000000200, 2.449293598294706400E-016, -2.000000000000000000 ) ) ;
#2361 = CARTESIAN_POINT ( 'NONE',  ( 17.10618109637967500, 0.2474449983496276600, -1.641538640351713800 ) ) ;
#2362 = CARTESIAN_POINT ( 'NONE',  ( -23.91250000000000100, 1.999999999999999600, 0.0000000000000000000 ) ) ;
#2363 = EDGE_LOOP ( 'NONE', ( #3904, #5389, #5853, #5806 ) ) ;
#2364 = CARTESIAN_POINT ( 'NONE',  ( -20.35416666666667100, -1.545336663013166200, -0.8922005383792486200 ) ) ;
#2365 = CARTESIAN_POINT ( 'NONE',  ( -26.85623926088303600, 0.5358983848622441700, -2.000000000000000000 ) ) ;
#2366 = CARTESIAN_POINT ( 'NONE',  ( 23.09583333333333500, 1.000000000000000200, -1.732050807568877200 ) ) ;
#2367 = CARTESIAN_POINT ( 'NONE',  ( -22.74583333333333700, 0.7726683315065830900, 1.338300807568873600 ) ) ;
#2368 = CARTESIAN_POINT ( 'NONE',  ( -18.05000000000000100, -1.999999999999999600, 2.449293598294705900E-016 ) ) ;
#2369 = ORIENTED_EDGE ( 'NONE', *, *, #1295, .F. ) ;
#2370 = CARTESIAN_POINT ( 'NONE',  ( -18.83749999999999900, 1.414100318299875800E-016, 2.309401076758502500 ) ) ;
#2371 = CARTESIAN_POINT ( 'NONE',  ( -24.35000000000000100, -1.999999999999999600, 2.449293598294705900E-016 ) ) ;
#2372 = VERTEX_POINT ( 'NONE', #3306 ) ;
#2373 = EDGE_CURVE ( 'NONE', #4809, #2860, #5871, .T. ) ;
#2374 = CARTESIAN_POINT ( 'NONE',  ( 20.09166666666666500, 1.545336663013165100, -0.8922005383792486200 ) ) ;
#2375 = VERTEX_POINT ( 'NONE', #5526 ) ;
#2376 = CARTESIAN_POINT ( 'NONE',  ( -21.95833333333333200, 1.999999999999998700, -1.154700538379252100 ) ) ;
#2377 = CARTESIAN_POINT ( 'NONE',  ( -27.28061307061118900, -1.749168179661167100, 0.5554163358136174900 ) ) ;
#2378 = ORIENTED_EDGE ( 'NONE', *, *, #5185, .T. ) ;
#2379 = EDGE_CURVE ( 'NONE', #4238, #398, #4152, .T. ) ;
#2380 = CARTESIAN_POINT ( 'NONE',  ( 24.52500000000000200, 2.905110965495596800E-016, -1.999999999999999600 ) ) ;
#2381 = CARTESIAN_POINT ( 'NONE',  ( 25.86876073911696100, 0.5358983848622376200, -2.000000000000004000 ) ) ;
#2382 = CARTESIAN_POINT ( 'NONE',  ( 19.18220333698683400, 0.09084422613522663600, 1.997935766379362900 ) ) ;
#2383 = CARTESIAN_POINT ( 'NONE',  ( -23.73750000000000100, 2.905110965495596800E-016, 1.999999999999999600 ) ) ;
#2384 = CARTESIAN_POINT ( 'NONE',  ( -21.92916666666667100, -0.7726683315065825400, 1.338300807568873800 ) ) ;
#2385 = CARTESIAN_POINT ( 'NONE',  ( -27.49999999999999600, 0.0000000000000000000, 0.0000000000000000000 ) ) ;
#2386 = CARTESIAN_POINT ( 'NONE',  ( 21.05416666666667100, 2.000000000000000000, -1.154700538379251200 ) ) ;
#2387 = CARTESIAN_POINT ( 'NONE',  ( -17.96250000000000200, 1.545336663013165700, 0.0000000000000000000 ) ) ;
#2388 = CARTESIAN_POINT ( 'NONE',  ( 20.67499999999999700, -8.715332896486790000E-016, 2.000000000000000000 ) ) ;
#2389 = CARTESIAN_POINT ( 'NONE',  ( 18.05000000000000100, -2.000000000000000000, -2.449293598294706400E-016 ) ) ;
#2390 = CARTESIAN_POINT ( 'NONE',  ( -17.72916666666667100, 0.9999999999999983300, -1.732050807568877900 ) ) ;
#2391 = APPROVAL_STATUS ( 'not_yet_approved' ) ;
#2392 = CARTESIAN_POINT ( 'NONE',  ( 24.64166666666666600, -1.545336663013165500, 0.8922005383792481800 ) ) ;
#2393 = CARTESIAN_POINT ( 'NONE',  ( -23.44373926088303900, 0.5358983848622441700, -2.000000000000000000 ) ) ;
#2394 = ADVANCED_BREP_SHAPE_REPRESENTATION ( '98952A449_Aluminum Male-Female Threaded Hex Standoff', ( #4356, #1692 ), #5004 ) ;
#2395 = CARTESIAN_POINT ( 'NONE',  ( 17.50000000000000000, -3.464101615137754800, -1.999999999999999600 ) ) ;
#2396 = CARTESIAN_POINT ( 'NONE',  ( 20.50000000000000000, -1.545336663013165100, -1.892491597964124500E-016 ) ) ;
#2397 = LINE ( 'NONE', #89, #3956 ) ;
#2398 = CARTESIAN_POINT ( 'NONE',  ( -22.83333333333333600, -1.000000000000000700, -1.732050807568876300 ) ) ;
#2399 = CARTESIAN_POINT ( 'NONE',  ( 27.24048946957895000, 1.720827647793683700, -0.3124988442885305900 ) ) ;
#2400 = AXIS2_PLACEMENT_3D ( 'NONE', #3096, #1033, #948 ) ;
#2401 = FACE_OUTER_BOUND ( 'NONE', #3509, .T. ) ;
#2402 = CARTESIAN_POINT ( 'NONE',  ( -22.42500000000000100, 2.905110965495596800E-016, 1.999999999999999600 ) ) ;
#2403 = DIRECTION ( 'NONE',  ( 1.000000000000000000, 0.0000000000000000000, 0.0000000000000000000 ) ) ;
#2404 = CARTESIAN_POINT ( 'NONE',  ( 25.48750000000000100, 1.092630533523692200E-016, -1.784401076758497700 ) ) ;
#2405 = CARTESIAN_POINT ( 'NONE',  ( -26.56666666666666600, -0.9999999999999993300, 1.732050807568877200 ) ) ;
#2406 = CARTESIAN_POINT ( 'NONE',  ( -24.87500000000000000, -8.715332896486790000E-016, -1.999999999999999600 ) ) ;
#2407 = CYLINDRICAL_SURFACE ( 'NONE', #430, 2.000000000000000000 ) ;
#2408 = VECTOR ( 'NONE', #2065, 1000.000000000000000 ) ;
#2409 = CARTESIAN_POINT ( 'NONE',  ( -23.44583333333333600, 0.7726683315065830900, 1.338300807568873600 ) ) ;
#2410 = CARTESIAN_POINT ( 'NONE',  ( -25.86666666666666700, 0.7726683315065817600, -1.338300807568874300 ) ) ;
#2411 = CARTESIAN_POINT ( 'NONE',  ( 17.45618216230119700, 0.3202656394490926400, -2.124495623610381600 ) ) ;
#2412 = CARTESIAN_POINT ( 'NONE',  ( -17.02916666666667200, -0.7726683315065825400, 1.338300807568873800 ) ) ;
#2413 = CARTESIAN_POINT ( 'NONE',  ( 24.43749999999999600, -1.115562610750309300E-014, -2.000000000000000000 ) ) ;
#2414 = CARTESIAN_POINT ( 'NONE',  ( 21.08333333333333200, 1.000000000000000200, -1.732050807568877200 ) ) ;
#2415 = CARTESIAN_POINT ( 'NONE',  ( -20.00416666666666600, -2.000000000000000000, -1.154700538379250400 ) ) ;
#2416 = CARTESIAN_POINT ( 'NONE',  ( 23.30000000000000100, -1.545336663013165100, -1.892491597964124500E-016 ) ) ;
#2417 = ORIENTED_EDGE ( 'NONE', *, *, #1468, .F. ) ;
#2418 = DIRECTION ( 'NONE',  ( 0.0000000000000000000, 0.8155715106520085000, -0.5786562978252295400 ) ) ;
#2419 = CARTESIAN_POINT ( 'NONE',  ( 21.49166666666667100, 1.545336663013165100, -0.8922005383792486200 ) ) ;
#2420 = CARTESIAN_POINT ( 'NONE',  ( -21.19999999999999900, 1.999999999999999600, 0.0000000000000000000 ) ) ;
#2421 = EDGE_CURVE ( 'NONE', #3005, #4088, #3443, .T. ) ;
#2422 = CARTESIAN_POINT ( 'NONE',  ( 27.35292869710482600, 0.2273196036461897200, 1.609980589862936500 ) ) ;
#2423 = EDGE_LOOP ( 'NONE', ( #4007, #5531, #350 ) ) ;
#2424 = DIRECTION ( 'NONE',  ( 1.000000000000000000, 0.0000000000000000000, -0.0000000000000000000 ) ) ;
#2425 = CARTESIAN_POINT ( 'NONE',  ( 26.30416666666666700, 1.545336663013165100, -0.8922005383792486200 ) ) ;
#2426 = CARTESIAN_POINT ( 'NONE',  ( 17.34132451847150900, 4.240386000424032400, 0.6554360035617952100 ) ) ;
#2427 = ORIENTED_EDGE ( 'NONE', *, *, #3650, .T. ) ;
#2428 = CARTESIAN_POINT ( 'NONE',  ( -23.09583333333333500, -0.7726683315065834300, -1.338300807568873400 ) ) ;
#2429 = CARTESIAN_POINT ( 'NONE',  ( -21.95833333333333200, -1.545336663013165300, 0.8922005383792495100 ) ) ;
#2430 = CARTESIAN_POINT ( 'NONE',  ( 19.12916666666667000, 0.9999999999999985600, 1.732050807568878100 ) ) ;
#2431 =( BOUNDED_CURVE ( )  B_SPLINE_CURVE ( 2, ( #3729, #610, #4248, #1135, #4786 ),
 .UNSPECIFIED., .F., .T. ) 
 B_SPLINE_CURVE_WITH_KNOTS ( ( 3, 2, 3 ),
 ( 0.004580115700820585600, 0.01041666666666666600, 0.01562500000000000000 ),
 .UNSPECIFIED. ) 
 CURVE ( )  GEOMETRIC_REPRESENTATION_ITEM ( )  RATIONAL_B_SPLINE_CURVE ( ( 0.9339872766578907200, 0.9249328423416858200, 1.000000000000000000, 0.9330127018922194100, 0.9330127018922194100 ) ) 
 REPRESENTATION_ITEM ( '' )  );
#2432 = CARTESIAN_POINT ( 'NONE',  ( -18.54583333333333800, 0.7726683315065830900, 1.338300807568873600 ) ) ;
#2433 = CARTESIAN_POINT ( 'NONE',  ( 20.73333333333333400, -1.000000000000000900, 1.732050807568876700 ) ) ;
#2434 = ADVANCED_FACE ( 'NONE', ( #2577 ), #3552, .F. ) ;
#2435 = CARTESIAN_POINT ( 'NONE',  ( 22.68750000000000000, 1.092630533523692200E-016, -1.784401076758497700 ) ) ;
#2436 = CARTESIAN_POINT ( 'NONE',  ( -18.66250000000000100, -1.999999999999999600, 2.449293598294705900E-016 ) ) ;
#2437 = ORIENTED_EDGE ( 'NONE', *, *, #1915, .F. ) ;
#2438 = CARTESIAN_POINT ( 'NONE',  ( 24.93333333333333000, 0.7726683315065827600, -1.338300807568873200 ) ) ;
#2439 = CARTESIAN_POINT ( 'NONE',  ( -25.80833333333333400, 1.545336663013165100, -0.8922005383792499500 ) ) ;
#2440 = CARTESIAN_POINT ( 'NONE',  ( 21.55000000000000100, -2.000000000000000000, -2.449293598294706400E-016 ) ) ;
#2441 = CARTESIAN_POINT ( 'NONE',  ( 27.12639880386982900, -0.3746954080087824800, -1.819995824006871000 ) ) ;
#2442 = CARTESIAN_POINT ( 'NONE',  ( -22.13333333333333600, -1.000000000000000700, -1.732050807568876300 ) ) ;
#2443 = VERTEX_POINT ( 'NONE', #1382 ) ;
#2444 = CARTESIAN_POINT ( 'NONE',  ( -27.28539672566179800, -1.713406605400788400, 0.6706936527177340700 ) ) ;
#2445 = CARTESIAN_POINT ( 'NONE',  ( 17.50000000000000000, 0.0000000000000000000, 0.0000000000000000000 ) ) ;
#2446 = CARTESIAN_POINT ( 'NONE',  ( 25.54583333333333400, 0.7726683315065827600, -1.338300807568873200 ) ) ;
#2447 = ORIENTED_EDGE ( 'NONE', *, *, #5408, .T. ) ;
#2448 = CARTESIAN_POINT ( 'NONE',  ( 26.15623931950112900, 0.5358973799807278400, 2.000000580168614500 ) ) ;
#2449 = VERTEX_POINT ( 'NONE', #6560 ) ;
#2450 = CARTESIAN_POINT ( 'NONE',  ( -22.86250000000000100, 1.545336663013165700, 0.0000000000000000000 ) ) ;
#2451 = ORIENTED_EDGE ( 'NONE', *, *, #4921, .T. ) ;
#2452 = CARTESIAN_POINT ( 'NONE',  ( 18.19583333333333600, 1.000000000000000200, -1.732050807568877200 ) ) ;
#2453 = CARTESIAN_POINT ( 'NONE',  ( -18.60416666666667100, 1.545336663013165700, 0.8922005383792489500 ) ) ;
#2454 = CARTESIAN_POINT ( 'NONE',  ( 20.79166666666666400, -2.000000000000000400, 1.154700538379250600 ) ) ;
#2455 = CARTESIAN_POINT ( 'NONE',  ( 24.84583333333333100, 0.7726683315065827600, -1.338300807568873200 ) ) ;
#2456 = CARTESIAN_POINT ( 'NONE',  ( -25.16666666666666800, 0.7726683315065817600, -1.338300807568874300 ) ) ;
#2457 = ORIENTED_EDGE ( 'NONE', *, *, #4169, .F. ) ;
#2458 = CARTESIAN_POINT ( 'NONE',  ( 25.05000000000000100, 1.545336663013165100, 0.0000000000000000000 ) ) ;
#2459 = EDGE_CURVE ( 'NONE', #17, #6643, #2891, .T. ) ;
#2460 = CARTESIAN_POINT ( 'NONE',  ( -26.33333333333333200, 0.7726683315065830900, 1.338300807568873600 ) ) ;
#2461 = CARTESIAN_POINT ( 'NONE',  ( -16.40000000000000200, 0.0000000000000000000, 0.0000000000000000000 ) ) ;
#2462 = CARTESIAN_POINT ( 'NONE',  ( 27.14141833150737100, 1.935663815865855600E-011, -1.833581668492636700 ) ) ;
#2463 = CARTESIAN_POINT ( 'NONE',  ( -18.22500000000000100, 1.414100318299875800E-016, 2.309401076758502500 ) ) ;
#2464 = ORIENTED_EDGE ( 'NONE', *, *, #2055, .F. ) ;
#2465 = CARTESIAN_POINT ( 'NONE',  ( 19.15493864937634100, 1.854736560916553400, 0.6964776081782830800 ) ) ;
#2466 = ADVANCED_FACE ( 'NONE', ( #6743 ), #3223, .F. ) ;
#2467 = CARTESIAN_POINT ( 'NONE',  ( 24.90416666666666500, 1.545336663013165100, -0.8922005383792486200 ) ) ;
#2468 = CARTESIAN_POINT ( 'NONE',  ( 23.65000000000000200, 1.545336663013165100, 0.0000000000000000000 ) ) ;
#2469 = EDGE_CURVE ( 'NONE', #4290, #3897, #2178, .T. ) ;
#2470 =( BOUNDED_CURVE ( )  B_SPLINE_CURVE ( 2, ( #3367, #2884, #1349, #844, #4993, #5039, #301, #3390, #2380 ),
 .UNSPECIFIED., .F., .T. ) 
 B_SPLINE_CURVE_WITH_KNOTS ( ( 3, 2, 2, 2, 3 ),
 ( 0.2343750000000000000, 0.2395833333333333400, 0.2500000000000000000, 0.2604166666666666900, 0.2656250000000000000 ),
 .UNSPECIFIED. ) 
 CURVE ( )  GEOMETRIC_REPRESENTATION_ITEM ( )  RATIONAL_B_SPLINE_CURVE ( ( 0.9330127018922194100, 0.9330127018922194100, 1.000000000000000000, 0.8660254037844387100, 1.000000000000000000, 0.8660254037844387100, 1.000000000000000000, 0.9330127018922194100, 0.9330127018922194100 ) ) 
 REPRESENTATION_ITEM ( '' )  );
#2471 = CARTESIAN_POINT ( 'NONE',  ( -27.08016939731086100, 1.353172647755218800, -0.9222263868621247700 ) ) ;
#2472 = CARTESIAN_POINT ( 'NONE',  ( -21.63749999999999900, 2.905110965495596800E-016, 1.999999999999999600 ) ) ;
#2473 = CYLINDRICAL_SURFACE ( 'NONE', #6140, 1.542796663013164900 ) ;
#2474 = CARTESIAN_POINT ( 'NONE',  ( -18.72083333333333500, 1.545336663013165100, -0.8922005383792499500 ) ) ;
#2475 = CARTESIAN_POINT ( 'NONE',  ( 20.12083333333333400, -1.999999999999999800, -1.154700538379252100 ) ) ;
#2476 = CARTESIAN_POINT ( 'NONE',  ( -18.83749999999999900, -3.277891600571078100E-016, -1.784401076758498400 ) ) ;
#2477 = CARTESIAN_POINT ( 'NONE',  ( 20.90833333333333100, -1.999999999999999800, -1.154700538379252100 ) ) ;
#2478 = CARTESIAN_POINT ( 'NONE',  ( 23.21249999999999900, -1.545336663013165100, -1.892491597964124500E-016 ) ) ;
#2479 = CARTESIAN_POINT ( 'NONE',  ( -24.46666666666666900, 0.7726683315065817600, -1.338300807568874300 ) ) ;
#2480 = LINE ( 'NONE', #4904, #4276 ) ;
#2481 = CARTESIAN_POINT ( 'NONE',  ( 24.81666666666666600, -0.7726683315065822100, -1.338300807568873400 ) ) ;
#2482 = CARTESIAN_POINT ( 'NONE',  ( 19.33333333333333600, 0.7726683315065827600, -1.338300807568873200 ) ) ;
#2483 = CARTESIAN_POINT ( 'NONE',  ( -25.22499999999999800, -3.277891600571078100E-016, -1.784401076758498400 ) ) ;
#2484 = CARTESIAN_POINT ( 'NONE',  ( 17.14273441009184000, 2.309401076758503400, -4.000000000000001800 ) ) ;
#2485 = CARTESIAN_POINT ( 'NONE',  ( -26.97499999999999800, 5.229199737892075000E-016, -1.999999999999999600 ) ) ;
#2486 = CARTESIAN_POINT ( 'NONE',  ( -18.51666666666666600, 0.9999999999999983300, -1.732050807568877900 ) ) ;
#2487 = FACE_OUTER_BOUND ( 'NONE', #6549, .T. ) ;
#2488 = AXIS2_PLACEMENT_3D ( 'NONE', #5426, #1280, #4905 ) ;
#2489 = CARTESIAN_POINT ( 'NONE',  ( 17.14273441009184000, -4.618802153517005800, -1.006233452525757400E-015 ) ) ;
#2490 = CARTESIAN_POINT ( 'NONE',  ( 26.94583333333333300, 0.7726683315065827600, -1.338300807568873200 ) ) ;
#2491 = CARTESIAN_POINT ( 'NONE',  ( -27.13567876637418100, 0.2944474916285099700, -1.667041803961091000 ) ) ;
#2492 = CARTESIAN_POINT ( 'NONE',  ( 25.51876079773505200, -0.5358993897437044400, 1.999999419831419300 ) ) ;
#2493 = B_SPLINE_CURVE_WITH_KNOTS ( 'NONE', 3,
 ( #2560, #3080, #4069, #6656, #3537, #929 ),
 .UNSPECIFIED., .F., .F.,
 ( 4, 2, 4 ),
 ( 0.02337299832735018400, 0.02452148871503582300, 0.02566997910272145900 ),
 .UNSPECIFIED. ) ;
#2494 = CARTESIAN_POINT ( 'NONE',  ( -19.59583333333333500, -0.7726683315065834300, -1.338300807568873400 ) ) ;
#2495 = CARTESIAN_POINT ( 'NONE',  ( -26.82916666666666900, -0.7726683315065825400, 1.338300807568873800 ) ) ;
#2496 = CARTESIAN_POINT ( 'NONE',  ( 18.72499999999999800, 0.0000000000000000000, 1.542796663013164900 ) ) ;
#2497 = CARTESIAN_POINT ( 'NONE',  ( 27.35416666666666400, -1.545336663013165300, 0.8922005383792482900 ) ) ;
#2498 = ORIENTED_EDGE ( 'NONE', *, *, #1877, .F. ) ;
#2499 = ADVANCED_FACE ( 'NONE', ( #5195 ), #5082, .T. ) ;
#2500 = EDGE_CURVE ( 'NONE', #840, #1169, #6011, .T. ) ;
#2501 = CARTESIAN_POINT ( 'NONE',  ( 21.17083333333333400, -1.545336663013164400, -0.8922005383792492900 ) ) ;
#2502 = CARTESIAN_POINT ( 'NONE',  ( -26.56666666666666600, 0.7726683315065817600, -1.338300807568874300 ) ) ;
#2503 = CARTESIAN_POINT ( 'NONE',  ( 21.55000000000000100, 1.545336663013165100, 0.0000000000000000000 ) ) ;
#2504 = CARTESIAN_POINT ( 'NONE',  ( 20.67499999999999700, 1.092630533523692200E-016, -1.784401076758497700 ) ) ;
#2505 = CARTESIAN_POINT ( 'NONE',  ( -25.45833333333333600, -1.545336663013165100, 0.8922005383792495100 ) ) ;
#2506 = CARTESIAN_POINT ( 'NONE',  ( 27.04917885786202400, -1.861876337709703200, -0.5262748779799133500 ) ) ;
#2507 = ORIENTED_EDGE ( 'NONE', *, *, #38, .F. ) ;
#2508 = CARTESIAN_POINT ( 'NONE',  ( -19.85833333333333400, 1.999999999999998700, -1.154700538379252100 ) ) ;
#2509 = EDGE_CURVE ( 'NONE', #1322, #5968, #1810, .T. ) ;
#2510 = CARTESIAN_POINT ( 'NONE',  ( 19.13506533074479100, 1.955505365475500800, 0.1525982301682624900 ) ) ;
#2511 = ORIENTED_EDGE ( 'NONE', *, *, #1069, .T. ) ;
#2512 = CARTESIAN_POINT ( 'NONE',  ( 23.73750000000000400, 2.312468328534495500E-014, -2.000000000000000000 ) ) ;
#2513 = CARTESIAN_POINT ( 'NONE',  ( 22.22083333333333100, 1.545336663013164600, 0.8922005383792495100 ) ) ;
#2514 = CARTESIAN_POINT ( 'NONE',  ( -19.62500000000000000, 2.905110965495596800E-016, 1.999999999999999600 ) ) ;
#2515 = CARTESIAN_POINT ( 'NONE',  ( 25.66250000000000100, -2.000000000000000000, -2.449293598294706400E-016 ) ) ;
#2516 =( BOUNDED_CURVE ( )  B_SPLINE_CURVE ( 2, ( #952, #6589, #343, #3497, #867 ),
 .UNSPECIFIED., .F., .T. ) 
 B_SPLINE_CURVE_WITH_KNOTS ( ( 3, 2, 3 ),
 ( 0.7343750000000000000, 0.7395833333333333700, 0.7427819256697925100 ),
 .UNSPECIFIED. ) 
 CURVE ( )  GEOMETRIC_REPRESENTATION_ITEM ( )  RATIONAL_B_SPLINE_CURVE ( ( 0.9330127018922194100, 0.9330127018922194100, 1.000000000000000000, 0.9588611087934109100, 0.9429868336784357200 ) ) 
 REPRESENTATION_ITEM ( '' )  );
#2517 = EDGE_LOOP ( 'NONE', ( #5788, #5691, #2228, #3328 ) ) ;
#2518 = AXIS2_PLACEMENT_3D ( 'NONE', #3072, #2526, #4658 ) ;
#2519 = CARTESIAN_POINT ( 'NONE',  ( -19.01250000000000300, -1.545336663013165700, 1.892491597964125200E-016 ) ) ;
#2520 = CARTESIAN_POINT ( 'NONE',  ( -25.25416666666666600, -1.545336663013166200, -0.8922005383792486200 ) ) ;
#2521 = CARTESIAN_POINT ( 'NONE',  ( 24.78750012630444000, -2.165218982874478600E-006, 1.999999999998828300 ) ) ;
#2522 = CARTESIAN_POINT ( 'NONE',  ( 25.48750000000000100, 1.092630533523692200E-016, -1.784401076758497700 ) ) ;
#2523 = CARTESIAN_POINT ( 'NONE',  ( -25.92500000000000400, -3.277891600571078100E-016, -1.784401076758498400 ) ) ;
#2524 = CARTESIAN_POINT ( 'NONE',  ( 20.03333333333333500, 0.7726683315065827600, -1.338300807568873200 ) ) ;
#2525 = ORIENTED_EDGE ( 'NONE', *, *, #2421, .F. ) ;
#2526 = DIRECTION ( 'NONE',  ( -1.000000000000000000, -0.0000000000000000000, -0.0000000000000000000 ) ) ;
#2527 = CARTESIAN_POINT ( 'NONE',  ( 20.85000000000000100, 1.545336663013165100, 0.0000000000000000000 ) ) ;
#2528 = CARTESIAN_POINT ( 'NONE',  ( -24.29166666666666800, 1.545336663013165500, 0.8922005383792490600 ) ) ;
#2529 = CARTESIAN_POINT ( 'NONE',  ( 27.10572950205809700, -0.9104239821162490900, -1.643287232749890000 ) ) ;
#2530 = ORIENTED_EDGE ( 'NONE', *, *, #3558, .F. ) ;
#2531 = CARTESIAN_POINT ( 'NONE',  ( -17.69999999999999900, 1.999999999999999600, 0.0000000000000000000 ) ) ;
#2532 = ORIENTED_EDGE ( 'NONE', *, *, #1213, .F. ) ;
#2533 = CARTESIAN_POINT ( 'NONE',  ( -21.63749999999999900, 2.905110965495596800E-016, 1.999999999999999600 ) ) ;
#2534 = ADVANCED_FACE ( 'NONE', ( #1021 ), #4282, .T. ) ;
#2535 = ORIENTED_EDGE ( 'NONE', *, *, #173, .T. ) ;
#2536 = CARTESIAN_POINT ( 'NONE',  ( 21.17083333333333400, -1.545336663013164600, -0.8922005383792492900 ) ) ;
#2537 = CARTESIAN_POINT ( 'NONE',  ( -22.27916666666666900, 0.7726683315065817600, -1.338300807568874300 ) ) ;
#2538 = CARTESIAN_POINT ( 'NONE',  ( 25.72083333333333500, -1.999999999999999600, -1.154700538379252600 ) ) ;
#2539 = VERTEX_POINT ( 'NONE', #6253 ) ;
#2540 = CARTESIAN_POINT ( 'NONE',  ( 21.63749999999999900, 2.324088772396477700E-016, -1.999999999999999600 ) ) ;
#2541 = B_SPLINE_CURVE_WITH_KNOTS ( 'NONE', 3,
 ( #1583, #10, #4189, #52, #3180, #1650 ),
 .UNSPECIFIED., .F., .F.,
 ( 4, 2, 4 ),
 ( 0.01874869650156021200, 0.01991670911066752100, 0.02108472171977483100 ),
 .UNSPECIFIED. ) ;
#2542 = DIRECTION ( 'NONE',  ( 1.000000000000000000, 0.0000000000000000000, 0.0000000000000000000 ) ) ;
#2543 = ORIENTED_EDGE ( 'NONE', *, *, #2343, .F. ) ;
#2544 = CARTESIAN_POINT ( 'NONE',  ( -16.73750000000000100, -3.277891600571078100E-016, -1.784401076758498400 ) ) ;
#2545 = CARTESIAN_POINT ( 'NONE',  ( -27.23749999999999700, -3.277891600571078100E-016, -1.784401076758498400 ) ) ;
#2546 = DIRECTION ( 'NONE',  ( -0.7071067811865463500, 0.0000000000000000000, 0.7071067811865487900 ) ) ;
#2547 = CARTESIAN_POINT ( 'NONE',  ( 16.88333333333333300, 1.000000000000000200, -1.732050807568877200 ) ) ;
#2548 = CARTESIAN_POINT ( 'NONE',  ( -24.17499999999999700, 1.092630533523692800E-016, 1.784401076758498400 ) ) ;
#2549 = CARTESIAN_POINT ( 'NONE',  ( -24.93333333333333000, 0.7726683315065830900, 1.338300807568873600 ) ) ;
#2550 = CARTESIAN_POINT ( 'NONE',  ( 21.89999999999999900, -1.545336663013165100, -1.892491597964124500E-016 ) ) ;
#2551 = DIRECTION ( 'NONE',  ( -0.7071067811865474600, 0.0000000000000000000, 0.7071067811865474600 ) ) ;
#2552 = CARTESIAN_POINT ( 'NONE',  ( 19.39166666666666900, 1.545336663013165100, -0.8922005383792486200 ) ) ;
#2553 = EDGE_CURVE ( 'NONE', #1703, #1577, #2085, .T. ) ;
#2554 = CARTESIAN_POINT ( 'NONE',  ( -20.26666666666666600, 0.7726683315065817600, -1.338300807568874300 ) ) ;
#2555 = CARTESIAN_POINT ( 'NONE',  ( -20.32499999999999600, 2.905110965495596800E-016, 1.999999999999999600 ) ) ;
#2556 = CARTESIAN_POINT ( 'NONE',  ( -27.52916666666666900, 0.9999999999999983300, -1.732050807568877900 ) ) ;
#2557 = LINE ( 'NONE', #3480, #3786 ) ;
#2558 = CARTESIAN_POINT ( 'NONE',  ( -20.20833333333333600, -1.999999999999999300, 1.154700538379251700 ) ) ;
#2559 =( BOUNDED_CURVE ( )  B_SPLINE_CURVE ( 2, ( #662, #708, #3321, #1234, #731, #6414, #2778, #2713, #4883 ),
 .UNSPECIFIED., .F., .F. ) 
 B_SPLINE_CURVE_WITH_KNOTS ( ( 3, 2, 2, 2, 3 ),
 ( 0.1406250000000000000, 0.1458333333333333400, 0.1562500000000000000, 0.1666666666666666600, 0.1718750000000000000 ),
 .UNSPECIFIED. ) 
 CURVE ( )  GEOMETRIC_REPRESENTATION_ITEM ( )  RATIONAL_B_SPLINE_CURVE ( ( 0.9330127018922194100, 0.9330127018922194100, 1.000000000000000000, 0.8660254037844387100, 1.000000000000000000, 0.8660254037844387100, 1.000000000000000000, 0.9330127018922194100, 0.9330127018922194100 ) ) 
 REPRESENTATION_ITEM ( '' )  );
#2560 = CARTESIAN_POINT ( 'NONE',  ( 17.14273441009189000, -2.309401076758585500, 4.000000000000000000 ) ) ;
#2561 = FACE_OUTER_BOUND ( 'NONE', #5732, .T. ) ;
#2562 = CARTESIAN_POINT ( 'NONE',  ( 21.63749999999999600, -3.277891600571076600E-016, 1.784401076758497700 ) ) ;
#2563 = AXIS2_PLACEMENT_3D ( 'NONE', #4817, #1699, #549 ) ;
#2564 = CARTESIAN_POINT ( 'NONE',  ( -21.69583333333333600, -0.7726683315065834300, -1.338300807568873400 ) ) ;
#2565 = CARTESIAN_POINT ( 'NONE',  ( -27.06250000000000400, -1.999999999999999600, 2.449293598294705900E-016 ) ) ;
#2566 = CARTESIAN_POINT ( 'NONE',  ( 21.98750012630435800, -2.165217657753770800E-006, 1.999999999998828000 ) ) ;
#2567 = CIRCLE ( 'NONE', #3216, 4.000000000000000000 ) ;
#2568 = FACE_OUTER_BOUND ( 'NONE', #4499, .T. ) ;
#2569 = CARTESIAN_POINT ( 'NONE',  ( -17.37916666666666600, 0.7726683315065817600, -1.338300807568874300 ) ) ;
#2570 = DIRECTION ( 'NONE',  ( -1.000000000000000000, -0.0000000000000000000, -0.0000000000000000000 ) ) ;
#2571 = CARTESIAN_POINT ( 'NONE',  ( 25.02083333333333200, 1.545336663013164600, 0.8922005383792495100 ) ) ;
#2572 = ADVANCED_FACE ( 'NONE', ( #4861 ), #464, .T. ) ;
#2573 = CARTESIAN_POINT ( 'NONE',  ( -23.59166666666666900, 1.545336663013165700, 0.8922005383792489500 ) ) ;
#2574 = CARTESIAN_POINT ( 'NONE',  ( -23.18333333333333400, -0.7726683315065834300, -1.338300807568873400 ) ) ;
#2575 = LINE ( 'NONE', #6237, #3139 ) ;
#2576 = CARTESIAN_POINT ( 'NONE',  ( 19.56666666666666600, 0.7726683315065814300, 1.338300807568873800 ) ) ;
#2577 = FACE_OUTER_BOUND ( 'NONE', #1963, .T. ) ;
#2578 = CARTESIAN_POINT ( 'NONE',  ( 19.15833333333333100, -1.545336663013164600, -0.8922005383792492900 ) ) ;
#2579 = CARTESIAN_POINT ( 'NONE',  ( -23.65000000000000200, 1.545336663013165700, 0.0000000000000000000 ) ) ;
#2580 = CARTESIAN_POINT ( 'NONE',  ( -25.22499999999999800, 2.905110965495596800E-016, 1.999999999999999600 ) ) ;
#2581 = CARTESIAN_POINT ( 'NONE',  ( -26.30416666666667100, -2.000000000000000000, -1.154700538379250400 ) ) ;
#2582 = CARTESIAN_POINT ( 'NONE',  ( -16.47500000000000100, -4.242300954899626700E-016, -2.309401076758502500 ) ) ;
#2583 = CARTESIAN_POINT ( 'NONE',  ( -17.14373926088303800, 0.5358983848622441700, -2.000000000000000000 ) ) ;
#2584 = ORIENTED_EDGE ( 'NONE', *, *, #3394, .T. ) ;
#2585 = CARTESIAN_POINT ( 'NONE',  ( 19.36250000000000400, -2.000000000000000000, -2.449293598294706400E-016 ) ) ;
#2586 = CARTESIAN_POINT ( 'NONE',  ( 20.93750000000000000, -3.277891600571076600E-016, 1.784401076758497700 ) ) ;
#2587 = CARTESIAN_POINT ( 'NONE',  ( -23.03750000000000100, -3.277891600571078100E-016, -1.784401076758498400 ) ) ;
#2588 = CARTESIAN_POINT ( 'NONE',  ( 19.50833333333332900, 1.545336663013164600, 0.8922005383792495100 ) ) ;
#2589 = CARTESIAN_POINT ( 'NONE',  ( 27.42966333698667800, -1.251702186431390900, 0.9062599177584425000 ) ) ;
#2590 = B_SPLINE_CURVE_WITH_KNOTS ( 'NONE', 3,
 ( #1482, #6179, #5129, #2950, #5153, #5582, #4526, #450, #889, #6616, #6705, #5065, #4575, #4093, #3478, #2016 ),
 .UNSPECIFIED., .F., .F.,
 ( 4, 2, 2, 2, 2, 2, 2, 4 ),
 ( 0.0000000000000000000, 0.0003919206142941811400, 0.0007838412285883622900, 0.001175761842882543500, 0.001567682457176724600, 0.002351523685765087000, 0.002743444300059268100, 0.003135364914353449200 ),
 .UNSPECIFIED. ) ;
#2591 = EDGE_LOOP ( 'NONE', ( #5067, #5861, #1471, #1418 ) ) ;
#2592 = CARTESIAN_POINT ( 'NONE',  ( -25.42916666666667100, -0.7726683315065825400, 1.338300807568873800 ) ) ;
#2593 = CARTESIAN_POINT ( 'NONE',  ( 17.00000000000000000, 2.000000000000000000, 0.0000000000000000000 ) ) ;
#2594 = EDGE_CURVE ( 'NONE', #1065, #406, #2235, .T. ) ;
#2595 = CARTESIAN_POINT ( 'NONE',  ( -23.24166666666666700, -1.545336663013166400, -0.8922005383792486200 ) ) ;
#2596 = CARTESIAN_POINT ( 'NONE',  ( -22.19166666666666600, 1.545336663013165500, 0.8922005383792490600 ) ) ;
#2597 = ORIENTED_EDGE ( 'NONE', *, *, #5624, .T. ) ;
#2598 = CARTESIAN_POINT ( 'NONE',  ( 21.31666666666666300, -0.7726683315065822100, -1.338300807568873400 ) ) ;
#2599 = CARTESIAN_POINT ( 'NONE',  ( -20.85000000000000100, 1.545336663013165700, 0.0000000000000000000 ) ) ;
#2600 = DIRECTION ( 'NONE',  ( 1.000000000000000000, 0.0000000000000000000, 0.0000000000000000000 ) ) ;
#2601 = CARTESIAN_POINT ( 'NONE',  ( -25.19583333333333300, 1.000000000000000000, 1.732050807568877000 ) ) ;
#2602 = CARTESIAN_POINT ( 'NONE',  ( -18.95416666666666900, 1.999999999999999600, 1.154700538379251000 ) ) ;
#2603 = ORIENTED_EDGE ( 'NONE', *, *, #6189, .F. ) ;
#2604 = EDGE_CURVE ( 'NONE', #5945, #2200, #6587, .T. ) ;
#2605 = CARTESIAN_POINT ( 'NONE',  ( -26.15833333333333900, 1.999999999999998700, -1.154700538379252600 ) ) ;
#2606 = ADVANCED_FACE ( 'NONE', ( #6586 ), #524, .T. ) ;
#2607 =( BOUNDED_CURVE ( )  B_SPLINE_CURVE ( 2, ( #871, #4504, #5796, #6353, #4260, #1682, #37, #4729, #4195 ),
 .UNSPECIFIED., .F., .T. ) 
 B_SPLINE_CURVE_WITH_KNOTS ( ( 3, 2, 2, 2, 3 ),
 ( 0.3281250000000000000, 0.3333333333333333100, 0.3437500000000000000, 0.3541666666666666900, 0.3593750000000000000 ),
 .UNSPECIFIED. ) 
 CURVE ( )  GEOMETRIC_REPRESENTATION_ITEM ( )  RATIONAL_B_SPLINE_CURVE ( ( 0.9330127018922194100, 0.9330127018922194100, 1.000000000000000000, 0.8660254037844387100, 1.000000000000000000, 0.8660254037844387100, 1.000000000000000000, 0.9330127018922194100, 0.9330127018922194100 ) ) 
 REPRESENTATION_ITEM ( '' )  );
#2608 = CARTESIAN_POINT ( 'NONE',  ( 20.47083333333333500, -1.545336663013164600, -0.8922005383792492900 ) ) ;
#2609 = ORIENTED_EDGE ( 'NONE', *, *, #3641, .F. ) ;
#2610 = CARTESIAN_POINT ( 'NONE',  ( -21.22916666666666800, -0.7726683315065825400, 1.338300807568873800 ) ) ;
#2611 = CARTESIAN_POINT ( 'NONE',  ( 26.10000000000000100, 2.000000000000000000, 0.0000000000000000000 ) ) ;
#2612 = CARTESIAN_POINT ( 'NONE',  ( 21.75416666666666600, 2.000000000000000000, -1.154700538379251200 ) ) ;
#2613 = AXIS2_PLACEMENT_3D ( 'NONE', #209, #2772, #656 ) ;
#2614 = DIRECTION ( 'NONE',  ( 0.0000000000000000000, 0.0000000000000000000, 1.000000000000000000 ) ) ;
#2615 = VERTEX_POINT ( 'NONE', #3 ) ;
#2616 = CARTESIAN_POINT ( 'NONE',  ( -27.46544296378099400, 0.7868839264266004300, 4.000000000000000000 ) ) ;
#2617 = CARTESIAN_POINT ( 'NONE',  ( -18.39999999999999900, 1.999999999999999600, 0.0000000000000000000 ) ) ;
#2618 = CARTESIAN_POINT ( 'NONE',  ( 21.63749999999999600, -3.277891600571076600E-016, 1.784401076758497700 ) ) ;
#2619 = CARTESIAN_POINT ( 'NONE',  ( -22.77499999999999900, 1.092630533523692800E-016, 1.784401076758498400 ) ) ;
#2620 = CARTESIAN_POINT ( 'NONE',  ( -22.65833333333333500, -1.545336663013165100, 0.8922005383792495100 ) ) ;
#2621 = ORIENTED_EDGE ( 'NONE', *, *, #602, .F. ) ;
#2622 = DIRECTION ( 'NONE',  ( -1.000000000000000000, -0.0000000000000000000, -0.0000000000000000000 ) ) ;
#2623 = ORIENTED_EDGE ( 'NONE', *, *, #550, .F. ) ;
#2624 = CARTESIAN_POINT ( 'NONE',  ( -21.14166666666666200, -1.545336663013166200, -0.8922005383792486200 ) ) ;
#2625 = CARTESIAN_POINT ( 'NONE',  ( 20.61666666666666400, 0.9999999999999985600, 1.732050807568878100 ) ) ;
#2626 = DIRECTION ( 'NONE',  ( -1.000000000000000000, 0.0000000000000000000, 0.0000000000000000000 ) ) ;
#2627 = CARTESIAN_POINT ( 'NONE',  ( -27.14273441009183300, 4.618802153517006700, 1.436295203785802800E-015 ) ) ;
#2628 = ORIENTED_EDGE ( 'NONE', *, *, #4707, .T. ) ;
#2629 = CARTESIAN_POINT ( 'NONE',  ( 21.52083333333333600, -1.999999999999999600, -1.154700538379252600 ) ) ;
#2630 = CARTESIAN_POINT ( 'NONE',  ( 19.47916666666666800, -0.9999999999999995600, -1.732050807568877400 ) ) ;
#2631 = CARTESIAN_POINT ( 'NONE',  ( 19.71250000000000200, -1.545336663013165100, -1.892491597964124500E-016 ) ) ;
#2632 = CARTESIAN_POINT ( 'NONE',  ( -20.70416666666667300, 1.545336663013165500, 0.8922005383792490600 ) ) ;
#2633 = CARTESIAN_POINT ( 'NONE',  ( 25.28333333333333500, 1.000000000000000200, -1.732050807568877200 ) ) ;
#2634 = B_SPLINE_CURVE_WITH_KNOTS ( 'NONE', 3,
 ( #3405, #317, #2310, #6032, #743, #4378 ),
 .UNSPECIFIED., .F., .F.,
 ( 4, 2, 4 ),
 ( 0.002336974151641547800, 0.003500975885716418100, 0.004664977619791288400 ),
 .UNSPECIFIED. ) ;
#2635 = CARTESIAN_POINT ( 'NONE',  ( 18.97571280179077700, -1.048073460065791700, -1.459775140834072000 ) ) ;
#2636 = PLANE ( 'NONE',  #1806 ) ;
#2637 = CARTESIAN_POINT ( 'NONE',  ( 23.62083333333333000, 1.545336663013164600, 0.8922005383792495100 ) ) ;
#2638 = CARTESIAN_POINT ( 'NONE',  ( -20.67499999999999700, 1.092630533523692800E-016, 1.784401076758498400 ) ) ;
#2639 = CARTESIAN_POINT ( 'NONE',  ( -21.19999999999999900, -1.545336663013165700, 1.892491597964125200E-016 ) ) ;
#2640 = CARTESIAN_POINT ( 'NONE',  ( 20.79166666666666800, -2.000000000000000400, 1.154700538379250800 ) ) ;
#2641 = CARTESIAN_POINT ( 'NONE',  ( 25.51666666666666600, 0.9999999999999985600, 1.732050807568878100 ) ) ;
#2642 = EDGE_CURVE ( 'NONE', #5239, #5084, #5346, .T. ) ;
#2643 = CARTESIAN_POINT ( 'NONE',  ( -20.38333333333333300, -0.7726683315065834300, -1.338300807568873400 ) ) ;
#2644 =( BOUNDED_CURVE ( )  B_SPLINE_CURVE ( 2, ( #448, #1058, #2630, #3057, #2585, #6725, #1015, #4642, #4709 ),
 .UNSPECIFIED., .F., .T. ) 
 B_SPLINE_CURVE_WITH_KNOTS ( ( 3, 2, 2, 2, 3 ),
 ( 0.8014375057383286100, 0.8068894615596775600, 0.8177933732023758800, 0.8286972848450742100, 0.8341492020476792800 ),
 .UNSPECIFIED. ) 
 CURVE ( )  GEOMETRIC_REPRESENTATION_ITEM ( )  RATIONAL_B_SPLINE_CURVE ( ( 0.9330127018922194100, 0.9330127018922221800, 1.000000000000000000, 0.8660254037844387100, 1.000000000000000000, 0.8660254037844387100, 1.000000000000000000, 0.9330131763944733400, 0.9330127018955805000 ) ) 
 REPRESENTATION_ITEM ( '' )  );
#2645 = DIRECTION ( 'NONE',  ( 0.0000000000000000000, 0.0000000000000000000, 1.000000000000000000 ) ) ;
#2646 = CARTESIAN_POINT ( 'NONE',  ( -25.31250000000000000, 1.999999999999999600, 0.0000000000000000000 ) ) ;
#2647 = CARTESIAN_POINT ( 'NONE',  ( 20.41250000000000100, 2.000000000000000000, 0.0000000000000000000 ) ) ;
#2648 = FACE_OUTER_BOUND ( 'NONE', #4577, .T. ) ;
#2649 = DIRECTION ( 'NONE',  ( -1.000000000000000000, -0.0000000000000000000, -0.0000000000000000000 ) ) ;
#2650 = PLANE ( 'NONE',  #5475 ) ;
#2651 = CYLINDRICAL_SURFACE ( 'NONE', #2518, 2.000000000000000000 ) ;
#2652 = CARTESIAN_POINT ( 'NONE',  ( 21.02500000000000200, 2.905110965495596800E-016, -1.999999999999999600 ) ) ;
#2653 = CARTESIAN_POINT ( 'NONE',  ( 18.42916666666666700, -0.7726683315065822100, -1.338300807568873400 ) ) ;
#2654 = LINE ( 'NONE', #5458, #6664 ) ;
#2655 = CARTESIAN_POINT ( 'NONE',  ( -20.35416666666667100, -1.545336663013166200, -0.8922005383792486200 ) ) ;
#2656 = CARTESIAN_POINT ( 'NONE',  ( 24.93333333333333400, -1.000000000000000900, 1.732050807568876700 ) ) ;
#2657 = VECTOR ( 'NONE', #2403, 1000.000000000000000 ) ;
#2658 = CARTESIAN_POINT ( 'NONE',  ( 18.94375067223762700, -1.545597118992787500, -0.8527084581134438700 ) ) ;
#2659 = CARTESIAN_POINT ( 'NONE',  ( 26.59583333333333500, 1.000000000000000200, -1.732050807568877200 ) ) ;
#2660 = CARTESIAN_POINT ( 'NONE',  ( -25.22499999999999800, 2.905110965495596800E-016, 1.999999999999999600 ) ) ;
#2661 = CARTESIAN_POINT ( 'NONE',  ( 24.55416666666666700, -1.545336663013165300, 0.8922005383792482900 ) ) ;
#2662 = CARTESIAN_POINT ( 'NONE',  ( -21.14166666666666600, -1.545336663013166400, -0.8922005383792486200 ) ) ;
#2663 = CARTESIAN_POINT ( 'NONE',  ( -20.85000000000000100, 1.545336663013165700, 0.0000000000000000000 ) ) ;
#2664 = AXIS2_PLACEMENT_3D ( 'NONE', #5056, #4023, #1383 ) ;
#2665 = CARTESIAN_POINT ( 'NONE',  ( -27.70416666666666600, 1.545336663013165500, 0.8922005383792490600 ) ) ;
#2666 = CARTESIAN_POINT ( 'NONE',  ( 20.38333333333333300, 1.000000000000000200, -1.732050807568877200 ) ) ;
#2667 = CARTESIAN_POINT ( 'NONE',  ( -23.73750000000000100, 1.414100318299875800E-016, 2.309401076758502500 ) ) ;
#2668 = EDGE_LOOP ( 'NONE', ( #3927, #1203, #2358, #3173 ) ) ;
#2669 = DIRECTION ( 'NONE',  ( -1.000000000000000000, -0.0000000000000000000, -0.0000000000000000000 ) ) ;
#2670 = CARTESIAN_POINT ( 'NONE',  ( -24.37916666666667000, 0.7726683315065817600, -1.338300807568874300 ) ) ;
#2671 = ADVANCED_FACE ( 'NONE', ( #5515 ), #6077, .T. ) ;
#2672 = ORIENTED_EDGE ( 'NONE', *, *, #6723, .T. ) ;
#2673 = CARTESIAN_POINT ( 'NONE',  ( 19.94583333333333600, -1.000000000000000900, 1.732050807568876700 ) ) ;
#2674 = CARTESIAN_POINT ( 'NONE',  ( 27.55833333333333400, -1.545336663013164600, -0.8922005383792492900 ) ) ;
#2675 = CARTESIAN_POINT ( 'NONE',  ( -18.07916666666666600, 0.7726683315065817600, -1.338300807568874300 ) ) ;
#2676 = CARTESIAN_POINT ( 'NONE',  ( 26.74166666666667100, 2.000000000000000000, -1.154700538379251200 ) ) ;
#2677 = CARTESIAN_POINT ( 'NONE',  ( 19.94373926088303200, 0.5358983848622442800, 2.000000000000000000 ) ) ;
#2678 = VERTEX_POINT ( 'NONE', #2097 ) ;
#2679 = CARTESIAN_POINT ( 'NONE',  ( -27.46578971905346500, 3.855830693249140900, -1.321505333908960200 ) ) ;
#2680 =( BOUNDED_CURVE ( )  B_SPLINE_CURVE ( 2, ( #213, #753, #2319, #3807, #5974, #143, #3784, #660, #4295 ),
 .UNSPECIFIED., .F., .T. ) 
 B_SPLINE_CURVE_WITH_KNOTS ( ( 3, 2, 2, 2, 3 ),
 ( 0.8906250000000000000, 0.8958333333333333700, 0.9062500000000000000, 0.9166666666666666300, 0.9218750000000000000 ),
 .UNSPECIFIED. ) 
 CURVE ( )  GEOMETRIC_REPRESENTATION_ITEM ( )  RATIONAL_B_SPLINE_CURVE ( ( 0.9330127018922194100, 0.9330127018922194100, 1.000000000000000000, 0.8660254037844387100, 1.000000000000000000, 0.8660254037844387100, 1.000000000000000000, 0.9330127018922194100, 0.9330127018922194100 ) ) 
 REPRESENTATION_ITEM ( '' )  );
#2681 = CARTESIAN_POINT ( 'NONE',  ( -21.87083333333333700, 1.999999999999998700, -1.154700538379252600 ) ) ;
#2682 = CARTESIAN_POINT ( 'NONE',  ( 22.16249999999999800, 1.545336663013165100, 0.0000000000000000000 ) ) ;
#2683 = EDGE_CURVE ( 'NONE', #6134, #6112, #141, .T. ) ;
#2684 = CARTESIAN_POINT ( 'NONE',  ( -21.37499999999999600, 1.092630533523692800E-016, 1.784401076758498400 ) ) ;
#2685 = CARTESIAN_POINT ( 'NONE',  ( -18.39999999999999900, -1.545336663013165700, 1.892491597964125200E-016 ) ) ;
#2686 = CARTESIAN_POINT ( 'NONE',  ( -20.73333333333333400, -1.000000000000000700, -1.732050807568876300 ) ) ;
#2687 = ORIENTED_EDGE ( 'NONE', *, *, #4340, .T. ) ;
#2688 = CARTESIAN_POINT ( 'NONE',  ( 20.58750012630438400, -2.165218069434918600E-006, 1.999999999998828000 ) ) ;
#2689 = CARTESIAN_POINT ( 'NONE',  ( -18.45833333333333600, -1.545336663013165100, 0.8922005383792495100 ) ) ;
#2690 = CARTESIAN_POINT ( 'NONE',  ( 20.93750000000000000, -4.543593550035113400E-014, -2.000000000000000000 ) ) ;
#2691 = CARTESIAN_POINT ( 'NONE',  ( -23.56250000000000000, -1.999999999999999600, 2.449293598294705900E-016 ) ) ;
#2692 = CARTESIAN_POINT ( 'NONE',  ( 17.14904440136381000, -0.3438011844254110200, -1.506607496211388500 ) ) ;
#2693 = CARTESIAN_POINT ( 'NONE',  ( -24.67083333333333800, -1.545336663013165300, 0.8922005383792495100 ) ) ;
#2694 = ORIENTED_EDGE ( 'NONE', *, *, #2775, .F. ) ;
#2695 = CARTESIAN_POINT ( 'NONE',  ( -19.79999999999999700, 1.999999999999999600, 0.0000000000000000000 ) ) ;
#2696 = EDGE_CURVE ( 'NONE', #2539, #5232, #1521, .T. ) ;
#2697 = CARTESIAN_POINT ( 'NONE',  ( 27.11502567707251300, -0.9488697463621559300, 1.604820452971222900 ) ) ;
#2698 = ORIENTED_EDGE ( 'NONE', *, *, #3116, .F. ) ;
#2699 = CARTESIAN_POINT ( 'NONE',  ( -16.40000000000000200, 0.0000000000000000000, 2.000000000000000000 ) ) ;
#2700 = CARTESIAN_POINT ( 'NONE',  ( -19.97499999999999800, -8.715332896486790000E-016, -1.999999999999999600 ) ) ;
#2701 = CARTESIAN_POINT ( 'NONE',  ( 27.73333333333333100, 0.7726683315065827600, -1.338300807568873200 ) ) ;
#2702 = CARTESIAN_POINT ( 'NONE',  ( -18.95416666666666600, -1.545336663013166200, -0.8922005383792486200 ) ) ;
#2703 = CARTESIAN_POINT ( 'NONE',  ( 26.50833333333333600, -1.999999999999999800, -1.154700538379252100 ) ) ;
#2704 = ORIENTED_EDGE ( 'NONE', *, *, #3024, .T. ) ;
#2705 = CARTESIAN_POINT ( 'NONE',  ( 19.85833333333333400, 1.999999999999999300, 1.154700538379252600 ) ) ;
#2706 = ORIENTED_EDGE ( 'NONE', *, *, #5833, .T. ) ;
#2707 = CARTESIAN_POINT ( 'NONE',  ( 24.81666666666666600, -0.7726683315065822100, -1.338300807568873400 ) ) ;
#2708 = CARTESIAN_POINT ( 'NONE',  ( 26.65416666666666900, 2.000000000000000000, -1.154700538379251200 ) ) ;
#2709 = CARTESIAN_POINT ( 'NONE',  ( 19.12916666666666600, -0.7726683315065822100, -1.338300807568873400 ) ) ;
#2710 = ADVANCED_FACE ( 'NONE', ( #4128 ), #6750, .F. ) ;
#2711 = CARTESIAN_POINT ( 'NONE',  ( -19.97500000000000100, 1.092630533523692800E-016, 1.784401076758498400 ) ) ;
#2712 = CARTESIAN_POINT ( 'NONE',  ( -19.74166666666666400, -1.545336663013166200, -0.8922005383792486200 ) ) ;
#2713 = CARTESIAN_POINT ( 'NONE',  ( 25.60626073911696200, -0.5358983848622460600, 1.999999999999999600 ) ) ;
#2714 = CARTESIAN_POINT ( 'NONE',  ( 26.62500000000000000, 2.905110965495596800E-016, -1.999999999999999600 ) ) ;
#2715 = EDGE_LOOP ( 'NONE', ( #2075, #272, #1074, #5952 ) ) ;
#2716 = CARTESIAN_POINT ( 'NONE',  ( -19.39166666666666900, 1.545336663013165500, 0.8922005383792490600 ) ) ;
#2717 = CARTESIAN_POINT ( 'NONE',  ( -24.08749999999999900, -4.242300954899626700E-016, -2.309401076758502500 ) ) ;
#2718 = CARTESIAN_POINT ( 'NONE',  ( 24.90416666666666900, -2.000000000000000400, 1.154700538379250600 ) ) ;
#2719 = CARTESIAN_POINT ( 'NONE',  ( -24.43750000000000000, -3.277891600571078100E-016, -1.784401076758498400 ) ) ;
#2720 = DIRECTION ( 'NONE',  ( 0.0000000000000000000, 0.0000000000000000000, 1.000000000000000000 ) ) ;
#2721 = DIRECTION ( 'NONE',  ( 0.0000000000000000000, 0.0000000000000000000, 1.000000000000000000 ) ) ;
#2722 = VECTOR ( 'NONE', #4974, 1000.000000000000000 ) ;
#2723 = CARTESIAN_POINT ( 'NONE',  ( 19.65416666666666500, -1.545336663013165300, 0.8922005383792482900 ) ) ;
#2724 = CARTESIAN_POINT ( 'NONE',  ( -17.32083333333333600, 1.545336663013165100, -0.8922005383792499500 ) ) ;
#2725 = CARTESIAN_POINT ( 'NONE',  ( 23.41666666666666800, 0.9999999999999985600, 1.732050807568878100 ) ) ;
#2726 = DIRECTION ( 'NONE',  ( 0.0000000000000000000, 0.0000000000000000000, -1.000000000000000000 ) ) ;
#2727 = EDGE_CURVE ( 'NONE', #3599, #5893, #3865, .T. ) ;
#2728 = FACE_OUTER_BOUND ( 'NONE', #6629, .T. ) ;
#2729 = CARTESIAN_POINT ( 'NONE',  ( 27.73333333333333100, 0.7726683315065827600, -1.338300807568873200 ) ) ;
#2730 = CARTESIAN_POINT ( 'NONE',  ( -17.05623926088303600, 0.5358983848622441700, -2.000000000000000000 ) ) ;
#2731 = CARTESIAN_POINT ( 'NONE',  ( -25.34166666666666500, 1.999999999999999600, 1.154700538379251000 ) ) ;
#2732 = CARTESIAN_POINT ( 'NONE',  ( 21.11250000000000100, -1.545336663013165100, -1.892491597964124500E-016 ) ) ;
#2733 =( BOUNDED_CURVE ( )  B_SPLINE_CURVE ( 2, ( #1108, #5331, #4808, #653, #1712 ),
 .UNSPECIFIED., .F., .T. ) 
 B_SPLINE_CURVE_WITH_KNOTS ( ( 3, 2, 3 ),
 ( 0.1061715654279440200, 0.1090391164269834700, 0.1144911365284710500 ),
 .UNSPECIFIED. ) 
 CURVE ( )  GEOMETRIC_REPRESENTATION_ITEM ( )  RATIONAL_B_SPLINE_CURVE ( ( 0.9480652107226224000, 0.9647668653403754800, 1.000000000000000000, 0.9330119120925702800, 0.9330127019015312900 ) ) 
 REPRESENTATION_ITEM ( '' )  );
#2734 = CARTESIAN_POINT ( 'NONE',  ( -19.74166666666666400, -1.545336663013166400, -0.8922005383792486200 ) ) ;
#2735 = CARTESIAN_POINT ( 'NONE',  ( -20.38333333333333300, -0.7726683315065834300, -1.338300807568873400 ) ) ;
#2736 = CARTESIAN_POINT ( 'NONE',  ( -25.83749999999999900, 2.905110965495596800E-016, 1.999999999999999600 ) ) ;
#2737 = EDGE_CURVE ( 'NONE', #899, #86, #4870, .T. ) ;
#2738 = CARTESIAN_POINT ( 'NONE',  ( -19.04166666666666800, -1.545336663013166200, -0.8922005383792486200 ) ) ;
#2739 = CARTESIAN_POINT ( 'NONE',  ( -21.81250000000000400, 1.999999999999999600, 0.0000000000000000000 ) ) ;
#2740 = CARTESIAN_POINT ( 'NONE',  ( 17.46666666666666500, 0.7726683315065814300, 1.338300807568873800 ) ) ;
#2741 = CARTESIAN_POINT ( 'NONE',  ( -26.94583333333333600, 0.7726683315065830900, 1.338300807568873600 ) ) ;
#2742 = FACE_OUTER_BOUND ( 'NONE', #2591, .T. ) ;
#2743 =( NAMED_UNIT ( * ) SI_UNIT ( $, .STERADIAN. ) SOLID_ANGLE_UNIT ( ) );
#2744 = CARTESIAN_POINT ( 'NONE',  ( 17.34030391707409200, 1.557532499224185700, -4.000000000000002700 ) ) ;
#2745 = DIRECTION ( 'NONE',  ( 0.0000000000000000000, 0.0000000000000000000, -1.000000000000000000 ) ) ;
#2746 = CARTESIAN_POINT ( 'NONE',  ( 23.59166666666666500, 1.545336663013165100, -0.8922005383792486200 ) ) ;
#2747 = CARTESIAN_POINT ( 'NONE',  ( -19.77083333333333200, -1.545336663013165100, 0.8922005383792495100 ) ) ;
#2748 = CARTESIAN_POINT ( 'NONE',  ( 21.37500000000000000, -4.242300954899627700E-016, 2.309401076758502900 ) ) ;
#2749 = ORIENTED_EDGE ( 'NONE', *, *, #120, .F. ) ;
#2750 = CARTESIAN_POINT ( 'NONE',  ( 21.95833333333333200, 1.999999999999999300, 1.154700538379252600 ) ) ;
#2751 = DIRECTION ( 'NONE',  ( 1.000000000000000000, 0.0000000000000000000, 0.0000000000000000000 ) ) ;
#2752 = CARTESIAN_POINT ( 'NONE',  ( 21.05416666666666700, -1.545336663013165300, 0.8922005383792482900 ) ) ;
#2753 = CARTESIAN_POINT ( 'NONE',  ( -17.87500000000000400, 1.092630533523692800E-016, 1.784401076758498400 ) ) ;
#2754 = CARTESIAN_POINT ( 'NONE',  ( -19.50833333333332900, 1.545336663013165100, -0.8922005383792499500 ) ) ;
#2755 = ORIENTED_EDGE ( 'NONE', *, *, #1477, .T. ) ;
#2756 = CARTESIAN_POINT ( 'NONE',  ( -19.74166666666666400, -1.545336663013166200, -0.8922005383792486200 ) ) ;
#2757 = CARTESIAN_POINT ( 'NONE',  ( -27.34029486458951700, 1.557634061133662500, -4.000000000000000900 ) ) ;
#2758 = CARTESIAN_POINT ( 'NONE',  ( -22.22083333333333500, -1.999999999999999300, 1.154700538379251700 ) ) ;
#2759 = CARTESIAN_POINT ( 'NONE',  ( 26.01249999999999900, 2.000000000000000000, 0.0000000000000000000 ) ) ;
#2760 = CARTESIAN_POINT ( 'NONE',  ( -25.54583333333333800, 0.7726683315065830900, 1.338300807568873600 ) ) ;
#2761 = ORIENTED_EDGE ( 'NONE', *, *, #5357, .F. ) ;
#2762 = CARTESIAN_POINT ( 'NONE',  ( -19.85623926088303600, 0.5358983848622441700, -2.000000000000000000 ) ) ;
#2763 = CARTESIAN_POINT ( 'NONE',  ( 17.25059326464856800, 1.935767044481622000, -4.000000000000002700 ) ) ;
#2764 = CARTESIAN_POINT ( 'NONE',  ( 24.69999999999999900, -1.545336663013165100, -1.892491597964124500E-016 ) ) ;
#2765 = ORIENTED_EDGE ( 'NONE', *, *, #5305, .T. ) ;
#2766 = CARTESIAN_POINT ( 'NONE',  ( -25.69166666666667000, -2.000000000000000000, -1.154700538379250400 ) ) ;
#2767 = CARTESIAN_POINT ( 'NONE',  ( 23.88333333333333300, 1.000000000000000200, -1.732050807568877200 ) ) ;
#2768 = CARTESIAN_POINT ( 'NONE',  ( 20.70416666666666600, 1.545336663013165100, -0.8922005383792486200 ) ) ;
#2769 =( BOUNDED_CURVE ( )  B_SPLINE_CURVE ( 2, ( #5709, #2583, #6335, #3101, #2077, #4683, #63, #5234, #517 ),
 .UNSPECIFIED., .F., .T. ) 
 B_SPLINE_CURVE_WITH_KNOTS ( ( 3, 2, 2, 2, 3 ),
 ( 0.9218750000000000000, 0.9270833333333333700, 0.9375000000000000000, 0.9479166666666666300, 0.9531250000000000000 ),
 .UNSPECIFIED. ) 
 CURVE ( )  GEOMETRIC_REPRESENTATION_ITEM ( )  RATIONAL_B_SPLINE_CURVE ( ( 0.9330127018922194100, 0.9330127018922194100, 1.000000000000000000, 0.8660254037844387100, 1.000000000000000000, 0.8660254037844387100, 1.000000000000000000, 0.9330127018922194100, 0.9330127018922194100 ) ) 
 REPRESENTATION_ITEM ( '' )  );
#2770 = CARTESIAN_POINT ( 'NONE',  ( 27.79166666666666800, 1.545336663013165100, -0.8922005383792486200 ) ) ;
#2771 = VERTEX_POINT ( 'NONE', #2627 ) ;
#2772 = DIRECTION ( 'NONE',  ( 1.000000000000000000, 0.0000000000000000000, -0.0000000000000000000 ) ) ;
#2773 = CARTESIAN_POINT ( 'NONE',  ( -23.47499999999999800, -8.715332896486790000E-016, -1.999999999999999600 ) ) ;
#2774 = CARTESIAN_POINT ( 'NONE',  ( 19.59583333333333100, -0.7726683315065832100, 1.338300807568872900 ) ) ;
#2775 = EDGE_CURVE ( 'NONE', #424, #4896, #2154, .T. ) ;
#2776 = DIRECTION ( 'NONE',  ( 0.0000000000000000000, 0.0000000000000000000, 1.000000000000000000 ) ) ;
#2777 = CARTESIAN_POINT ( 'NONE',  ( -20.32499999999999600, -3.277891600571078100E-016, -1.784401076758498400 ) ) ;
#2778 = CARTESIAN_POINT ( 'NONE',  ( 25.63333333333333300, -1.000000000000000900, 1.732050807568876700 ) ) ;
#2779 = ORIENTED_EDGE ( 'NONE', *, *, #5614, .T. ) ;
#2780 = CARTESIAN_POINT ( 'NONE',  ( -26.18750000000000400, 1.092630533523692700E-016, 1.784401076758498400 ) ) ;
#2781 = CARTESIAN_POINT ( 'NONE',  ( -19.53749999999999800, 2.905110965495596800E-016, 1.999999999999999600 ) ) ;
#2782 = CARTESIAN_POINT ( 'NONE',  ( 26.42083333333333800, -1.999999999999999800, -1.154700538379252100 ) ) ;
#2783 = CARTESIAN_POINT ( 'NONE',  ( -23.12499999999999600, 2.905110965495596800E-016, 1.999999999999999600 ) ) ;
#2784 = ORIENTED_EDGE ( 'NONE', *, *, #3780, .T. ) ;
#2785 = CARTESIAN_POINT ( 'NONE',  ( 0.0000000000000000000, 0.0000000000000000000, 0.0000000000000000000 ) ) ;
#2786 = CARTESIAN_POINT ( 'NONE',  ( -27.49999999999999600, -3.464101615137754800, -1.999999999999999600 ) ) ;
#2787 = CARTESIAN_POINT ( 'NONE',  ( 17.50000000000000000, 0.0000000000000000000, -2.000000000000000000 ) ) ;
#2788 = CARTESIAN_POINT ( 'NONE',  ( 22.30833333333333700, -1.999999999999999600, -1.154700538379252600 ) ) ;
#2789 = CARTESIAN_POINT ( 'NONE',  ( 24.40833333333333100, 1.545336663013164600, 0.8922005383792495100 ) ) ;
#2790 = ORIENTED_EDGE ( 'NONE', *, *, #5790, .T. ) ;
#2791 = CARTESIAN_POINT ( 'NONE',  ( -26.39166666666666600, -2.000000000000000000, -1.154700538379250400 ) ) ;
#2792 = CARTESIAN_POINT ( 'NONE',  ( 23.59166666666666500, -2.000000000000000400, 1.154700538379250600 ) ) ;
#2793 = CARTESIAN_POINT ( 'NONE',  ( 0.0000000000000000000, 1.889380995094290100E-016, -1.542796663013164900 ) ) ;
#2794 = CARTESIAN_POINT ( 'NONE',  ( 21.89999999999999900, 2.000000000000000000, 0.0000000000000000000 ) ) ;
#2795 = EDGE_LOOP ( 'NONE', ( #5708, #5050, #6428, #2687 ) ) ;
#2796 = CARTESIAN_POINT ( 'NONE',  ( -23.38750000000000300, -8.715332896486790000E-016, -1.999999999999999600 ) ) ;
#2797 = DIRECTION ( 'NONE',  ( 1.000000000000000000, 0.0000000000000000000, 0.0000000000000000000 ) ) ;
#2798 = CARTESIAN_POINT ( 'NONE',  ( 20.87916666666666300, 0.7726683315065814300, 1.338300807568873800 ) ) ;
#2799 = PERSON_AND_ORGANIZATION ( #976, #115 ) ;
#2800 = CARTESIAN_POINT ( 'NONE',  ( -27.50000000000000000, 3.857556137907076600, 1.318516776095769700 ) ) ;
#2801 = CARTESIAN_POINT ( 'NONE',  ( -27.06250000000000400, 1.545336663013165700, 0.0000000000000000000 ) ) ;
#2802 = CARTESIAN_POINT ( 'NONE',  ( -27.46544296378099400, 0.7868839264265997700, -4.000000000000002700 ) ) ;
#2803 = CARTESIAN_POINT ( 'NONE',  ( 22.51250000000000300, 2.000000000000000000, 0.0000000000000000000 ) ) ;
#2804 = CARTESIAN_POINT ( 'NONE',  ( -21.75416666666666600, -1.545336663013166400, -0.8922005383792486200 ) ) ;
#2805 = VECTOR ( 'NONE', #3864, 1000.000000000000000 ) ;
#2806 = AXIS2_PLACEMENT_3D ( 'NONE', #2061, #5689, #3565 ) ;
#2807 = CARTESIAN_POINT ( 'NONE',  ( 21.05416666666667100, 2.000000000000000000, -1.154700538379251200 ) ) ;
#2808 = CARTESIAN_POINT ( 'NONE',  ( 27.38333333333333300, -0.7726683315065832100, 1.338300807568872900 ) ) ;
#2809 = DIRECTION ( 'NONE',  ( 1.000000000000000000, 0.0000000000000000000, 0.0000000000000000000 ) ) ;
#2810 = CARTESIAN_POINT ( 'NONE',  ( -21.37500000000000000, -8.715332896486790000E-016, -1.999999999999999600 ) ) ;
#2811 = CARTESIAN_POINT ( 'NONE',  ( 24.64166666666666600, -1.545336663013165300, 0.8922005383792482900 ) ) ;
#2812 = CIRCLE ( 'NONE', #6612, 2.000000000000000000 ) ;
#2813 = CARTESIAN_POINT ( 'NONE',  ( -27.32499999999999900, 1.414100318299875800E-016, 2.309401076758502500 ) ) ;
#2814 = EDGE_CURVE ( 'NONE', #1244, #4545, #5035, .T. ) ;
#2815 = CARTESIAN_POINT ( 'NONE',  ( 17.40833333333333100, 1.545336663013164600, 0.8922005383792495100 ) ) ;
#2816 = CARTESIAN_POINT ( 'NONE',  ( 22.30833333333333700, 1.545336663013164600, 0.8922005383792495100 ) ) ;
#2817 = VECTOR ( 'NONE', #2226, 1000.000000000000000 ) ;
#2818 = CARTESIAN_POINT ( 'NONE',  ( -21.28750000000000100, -8.715332896486790000E-016, -1.999999999999999600 ) ) ;
#2819 = CARTESIAN_POINT ( 'NONE',  ( -16.71922361817577100, 1.260332556706125000, -0.8942187923032454100 ) ) ;
#2820 = CARTESIAN_POINT ( 'NONE',  ( 22.80416666666667100, -2.000000000000000400, 1.154700538379250800 ) ) ;
#2821 = CARTESIAN_POINT ( 'NONE',  ( -25.83749999999999900, 2.905110965495596800E-016, 1.999999999999999600 ) ) ;
#2822 = CARTESIAN_POINT ( 'NONE',  ( 18.75518539508893700, 1.090318087461478000, 1.154905635460295300 ) ) ;
#2823 = EDGE_CURVE ( 'NONE', #798, #322, #4529, .T. ) ;
#2824 = CARTESIAN_POINT ( 'NONE',  ( -26.47916666666666800, 0.7726683315065817600, -1.338300807568874300 ) ) ;
#2825 = CARTESIAN_POINT ( 'NONE',  ( -17.78750000000000100, -8.715332896486790000E-016, -1.999999999999999600 ) ) ;
#2826 = CARTESIAN_POINT ( 'NONE',  ( 24.02916666666667200, 0.9999999999999985600, 1.732050807568878100 ) ) ;
#2827 = CARTESIAN_POINT ( 'NONE',  ( -22.22083333333333500, 1.545336663013165300, -0.8922005383792500600 ) ) ;
#2828 = CARTESIAN_POINT ( 'NONE',  ( -24.17499999999999700, -8.715332896486790000E-016, -1.999999999999999600 ) ) ;
#2829 = ORIENTED_EDGE ( 'NONE', *, *, #1031, .T. ) ;
#2830 = CARTESIAN_POINT ( 'NONE',  ( 19.33333333333333600, -1.000000000000000900, 1.732050807568876700 ) ) ;
#2831 = CARTESIAN_POINT ( 'NONE',  ( 26.62500000000000000, -3.277891600571076600E-016, 1.784401076758497700 ) ) ;
#2832 = CARTESIAN_POINT ( 'NONE',  ( -25.16666666666666800, -0.9999999999999993300, 1.732050807568877200 ) ) ;
#2833 = PLANE ( 'NONE',  #3377 ) ;
#2834 = EDGE_LOOP ( 'NONE', ( #5312, #83, #986, #2069 ) ) ;
#2835 = CARTESIAN_POINT ( 'NONE',  ( 21.37500000000000000, 1.092630533523692200E-016, -1.784401076758497700 ) ) ;
#2836 = CARTESIAN_POINT ( 'NONE',  ( -21.28750000000000100, -8.715332896486790000E-016, -1.999999999999999600 ) ) ;
#2837 = CARTESIAN_POINT ( 'NONE',  ( 19.18220333698683400, 0.0000000000000000000, 0.0000000000000000000 ) ) ;
#2838 = CARTESIAN_POINT ( 'NONE',  ( 20.26666666666666900, -0.9999999999999995600, -1.732050807568877400 ) ) ;
#2839 = CARTESIAN_POINT ( 'NONE',  ( -26.91666666666666400, 0.9999999999999983300, -1.732050807568877900 ) ) ;
#2840 = DIRECTION ( 'NONE',  ( 0.0000000000000000000, 0.0000000000000000000, 1.000000000000000000 ) ) ;
#2841 = ORIENTED_EDGE ( 'NONE', *, *, #5055, .F. ) ;
#2842 = CARTESIAN_POINT ( 'NONE',  ( -24.20416666666666600, 1.545336663013165500, 0.8922005383792490600 ) ) ;
#2843 = CARTESIAN_POINT ( 'NONE',  ( -26.85833333333333100, -1.545336663013165300, 0.8922005383792495100 ) ) ;
#2844 = CARTESIAN_POINT ( 'NONE',  ( 22.92083333333333400, -1.999999999999999800, -1.154700538379252100 ) ) ;
#2845 = CARTESIAN_POINT ( 'NONE',  ( -21.57916666666666900, 0.7726683315065817600, -1.338300807568874300 ) ) ;
#2846 = CARTESIAN_POINT ( 'NONE',  ( -18.22499999999999800, 2.905110965495596800E-016, 1.999999999999999600 ) ) ;
#2847 = CARTESIAN_POINT ( 'NONE',  ( 26.59583333333333100, -0.7726683315065832100, 1.338300807568872900 ) ) ;
#2848 = ORIENTED_EDGE ( 'NONE', *, *, #5534, .F. ) ;
#2849 = CARTESIAN_POINT ( 'NONE',  ( -25.92499999999999700, 2.905110965495596800E-016, 1.999999999999999600 ) ) ;
#2850 = EDGE_CURVE ( 'NONE', #2114, #1552, #4690, .T. ) ;
#2851 = CARTESIAN_POINT ( 'NONE',  ( 22.89166666666666600, 1.545336663013165100, -0.8922005383792486200 ) ) ;
#2852 = PRODUCT_DEFINITION ( 'UNKNOWN', '', #5656, #1076 ) ;
#2853 = CARTESIAN_POINT ( 'NONE',  ( -24.23333333333333100, -1.000000000000000700, -1.732050807568876300 ) ) ;
#2854 = ORIENTED_EDGE ( 'NONE', *, *, #5654, .T. ) ;
#2855 = CARTESIAN_POINT ( 'NONE',  ( 18.92499999999999700, -3.277891600571076600E-016, 1.784401076758497700 ) ) ;
#2856 = ORIENTED_EDGE ( 'NONE', *, *, #1518, .T. ) ;
#2857 = CARTESIAN_POINT ( 'NONE',  ( 22.13333333333333300, 0.7726683315065827600, -1.338300807568873200 ) ) ;
#2858 = CARTESIAN_POINT ( 'NONE',  ( -20.00416666666666600, -2.000000000000000000, -1.154700538379250600 ) ) ;
#2859 = CARTESIAN_POINT ( 'NONE',  ( 17.14583333333333200, 0.7726683315065827600, -1.338300807568873200 ) ) ;
#2860 = VERTEX_POINT ( 'NONE', #2783 ) ;
#2861 = EDGE_CURVE ( 'NONE', #5473, #3426, #22, .T. ) ;
#2862 = CARTESIAN_POINT ( 'NONE',  ( -22.83333333333333600, -1.000000000000000700, -1.732050807568876300 ) ) ;
#2863 = DIRECTION ( 'NONE',  ( 1.000000000000000000, 0.0000000000000000000, 0.0000000000000000000 ) ) ;
#2864 = CARTESIAN_POINT ( 'NONE',  ( -26.15623926088303700, 0.5358983848622441700, -2.000000000000000000 ) ) ;
#2865 = ORIENTED_EDGE ( 'NONE', *, *, #2850, .F. ) ;
#2866 = CARTESIAN_POINT ( 'NONE',  ( -24.84583333333333500, 0.7726683315065830900, 1.338300807568873600 ) ) ;
#2867 = CARTESIAN_POINT ( 'NONE',  ( -25.98333333333333400, -0.7726683315065834300, -1.338300807568873400 ) ) ;
#2868 = CARTESIAN_POINT ( 'NONE',  ( 23.62083333333333000, -1.999999999999999800, -1.154700538379252100 ) ) ;
#2869 = CARTESIAN_POINT ( 'NONE',  ( -23.32916666666666900, -0.7726683315065825400, 1.338300807568873800 ) ) ;
#2870 = CARTESIAN_POINT ( 'NONE',  ( 24.37916666666666600, -0.9999999999999995600, -1.732050807568877400 ) ) ;
#2871 = CARTESIAN_POINT ( 'NONE',  ( 25.37083333333333400, -1.545336663013164400, -0.8922005383792492900 ) ) ;
#2872 = CARTESIAN_POINT ( 'NONE',  ( -18.60416666666666800, -2.000000000000000000, -1.154700538379250400 ) ) ;
#2873 = ORIENTED_EDGE ( 'NONE', *, *, #260, .F. ) ;
#2874 = DIRECTION ( 'NONE',  ( -1.000000000000000000, -0.0000000000000000000, -0.0000000000000000000 ) ) ;
#2875 = DIRECTION ( 'NONE',  ( 0.0000000000000000000, 0.0000000000000000000, 1.000000000000000000 ) ) ;
#2876 = CARTESIAN_POINT ( 'NONE',  ( 21.66666666666666800, 0.7726683315065814300, 1.338300807568873800 ) ) ;
#2877 = CARTESIAN_POINT ( 'NONE',  ( -23.94166666666666600, 1.999999999999999800, 1.154700538379251000 ) ) ;
#2878 = CARTESIAN_POINT ( 'NONE',  ( -26.88749999999999900, -8.715332896486790000E-016, -1.999999999999999600 ) ) ;
#2879 = FACE_OUTER_BOUND ( 'NONE', #2040, .T. ) ;
#2880 = AXIS2_PLACEMENT_3D ( 'NONE', #2461, #5077, #5616 ) ;
#2881 = CARTESIAN_POINT ( 'NONE',  ( 21.95833333333333200, -1.545336663013164600, -0.8922005383792492900 ) ) ;
#2882 = CARTESIAN_POINT ( 'NONE',  ( -25.48749999999999700, -8.715332896486790000E-016, -1.999999999999999600 ) ) ;
#2883 = DIRECTION ( 'NONE',  ( -1.000000000000000000, -0.0000000000000000000, -0.0000000000000000000 ) ) ;
#2884 = CARTESIAN_POINT ( 'NONE',  ( 24.84373926088303700, 0.5358983848622442800, 2.000000000000000000 ) ) ;
#2885 = DIRECTION ( 'NONE',  ( -1.000000000000000000, -0.0000000000000000000, -0.0000000000000000000 ) ) ;
#2886 = DIRECTION ( 'NONE',  ( 0.0000000000000000000, 0.0000000000000000000, 1.000000000000000000 ) ) ;
#2887 = CARTESIAN_POINT ( 'NONE',  ( -22.80416666666666400, 1.545336663013165500, 0.8922005383792490600 ) ) ;
#2888 = CARTESIAN_POINT ( 'NONE',  ( -25.80833333333333400, 1.545336663013165300, -0.8922005383792500600 ) ) ;
#2889 = CARTESIAN_POINT ( 'NONE',  ( 21.57916666666666900, -0.9999999999999995600, -1.732050807568877400 ) ) ;
#2890 = CARTESIAN_POINT ( 'NONE',  ( -24.32083333333333600, 1.545336663013165300, -0.8922005383792500600 ) ) ;
#2891 = CIRCLE ( 'NONE', #5854, 4.000000000000000000 ) ;
#2892 = CARTESIAN_POINT ( 'NONE',  ( 26.47916666666666400, 0.7726683315065814300, 1.338300807568873800 ) ) ;
#2893 = CARTESIAN_POINT ( 'NONE',  ( -19.65416666666666500, 1.999999999999999800, 1.154700538379251000 ) ) ;
#2894 = LINE ( 'NONE', #2261, #3960 ) ;
#2895 = SECURITY_CLASSIFICATION_LEVEL ( 'unclassified' ) ;
#2896 = DIRECTION ( 'NONE',  ( 0.0000000000000000000, 0.0000000000000000000, -1.000000000000000000 ) ) ;
#2897 = CARTESIAN_POINT ( 'NONE',  ( -21.34373926088303700, 0.5358983848622441700, -2.000000000000000000 ) ) ;
#2898 = CARTESIAN_POINT ( 'NONE',  ( 20.55833333333333000, -1.545336663013164600, -0.8922005383792492900 ) ) ;
#2899 = FACE_OUTER_BOUND ( 'NONE', #1546, .T. ) ;
#2900 = CARTESIAN_POINT ( 'NONE',  ( -20.96666666666666900, -0.9999999999999993300, 1.732050807568877200 ) ) ;
#2901 = EDGE_CURVE ( 'NONE', #3813, #4551, #3133, .T. ) ;
#2902 = CARTESIAN_POINT ( 'NONE',  ( -27.26694666566712400, -1.809925168318632600, 0.2060973258430548500 ) ) ;
#2903 = PLANE ( 'NONE',  #695 ) ;
#2904 = CARTESIAN_POINT ( 'NONE',  ( -16.40000000000000200, 2.449293598294706400E-016, -2.000000000000000000 ) ) ;
#2905 = CARTESIAN_POINT ( 'NONE',  ( -26.74166666666667100, 1.999999999999999600, 1.154700538379251000 ) ) ;
#2906 = ORIENTED_EDGE ( 'NONE', *, *, #946, .F. ) ;
#2907 = CARTESIAN_POINT ( 'NONE',  ( 23.47499999999999800, -8.715332896486790000E-016, 2.000000000000000000 ) ) ;
#2908 = AXIS2_PLACEMENT_3D ( 'NONE', #4243, #4783, #5304 ) ;
#2909 = CARTESIAN_POINT ( 'NONE',  ( -21.28750000000000100, 1.092630533523692700E-016, 1.784401076758498400 ) ) ;
#2910 = CARTESIAN_POINT ( 'NONE',  ( 20.00416666666666600, -2.000000000000000400, 1.154700538379250600 ) ) ;
#2911 = CARTESIAN_POINT ( 'NONE',  ( -19.59583333333333500, -0.7726683315065834300, -1.338300807568873400 ) ) ;
#2912 = CARTESIAN_POINT ( 'NONE',  ( 17.99166666666666700, -2.000000000000000400, 1.154700538379250600 ) ) ;
#2913 = ORIENTED_EDGE ( 'NONE', *, *, #2045, .F. ) ;
#2914 = CARTESIAN_POINT ( 'NONE',  ( 22.92083333333333100, 1.545336663013164400, 0.8922005383792495100 ) ) ;
#2915 = CARTESIAN_POINT ( 'NONE',  ( -17.14583333333333600, -1.000000000000000700, -1.732050807568876300 ) ) ;
#2916 = APPROVAL_ROLE ( '' ) ;
#2917 = CARTESIAN_POINT ( 'NONE',  ( 24.46666666666666900, 0.7726683315065814300, 1.338300807568873800 ) ) ;
#2918 = CARTESIAN_POINT ( 'NONE',  ( 21.43333333333333400, -1.000000000000000900, 1.732050807568876700 ) ) ;
#2919 = CARTESIAN_POINT ( 'NONE',  ( 22.83333333333333600, 0.7726683315065827600, -1.338300807568873200 ) ) ;
#2920 = ORIENTED_EDGE ( 'NONE', *, *, #5887, .F. ) ;
#2921 = CARTESIAN_POINT ( 'NONE',  ( -22.19166666666666600, -2.000000000000000000, -1.154700538379250400 ) ) ;
#2922 = CARTESIAN_POINT ( 'NONE',  ( -27.14856924647457600, 7.785697387528201300E-015, -1.699369246474581800 ) ) ;
#2923 = VERTEX_POINT ( 'NONE', #3569 ) ;
#2924 = CARTESIAN_POINT ( 'NONE',  ( -17.23333333333333400, -1.000000000000000700, -1.732050807568876300 ) ) ;
#2925 = CARTESIAN_POINT ( 'NONE',  ( 27.17916666666666400, 0.7726683315065814300, 1.338300807568873800 ) ) ;
#2926 = CARTESIAN_POINT ( 'NONE',  ( -26.30626073911696500, -0.5358983848622459500, -1.999999999999999100 ) ) ;
#2927 = CARTESIAN_POINT ( 'NONE',  ( -21.60623926088304000, -0.5358983848622449500, 1.999999999999999600 ) ) ;
#2928 = VERTEX_POINT ( 'NONE', #4627 ) ;
#2929 = CARTESIAN_POINT ( 'NONE',  ( -21.57916666666666900, 0.7726683315065817600, -1.338300807568874300 ) ) ;
#2930 = CARTESIAN_POINT ( 'NONE',  ( -16.40000000000000200, 2.449293598294706400E-016, -2.000000000000000000 ) ) ;
#2931 = CARTESIAN_POINT ( 'NONE',  ( 19.65416666666666500, 2.000000000000000000, -1.154700538379251200 ) ) ;
#2932 =( BOUNDED_CURVE ( )  B_SPLINE_CURVE ( 2, ( #1095, #54, #5268, #6326, #616, #5289, #2151, #1676, #2688 ),
 .UNSPECIFIED., .F., .T. ) 
 B_SPLINE_CURVE_WITH_KNOTS ( ( 3, 2, 2, 2, 3 ),
 ( 0.6705905660259484600, 0.6760425218472974100, 0.6869464334899957300, 0.6978503451326940600, 0.7033022899401304400 ),
 .UNSPECIFIED. ) 
 CURVE ( )  GEOMETRIC_REPRESENTATION_ITEM ( )  RATIONAL_B_SPLINE_CURVE ( ( 0.9330127018922194100, 0.9330127018922221800, 1.000000000000000000, 0.8660254037844387100, 1.000000000000000000, 0.8660254037844387100, 1.000000000000000000, 0.9330128372183830200, 0.9330127018924927500 ) ) 
 REPRESENTATION_ITEM ( '' )  );
#2933 = CARTESIAN_POINT ( 'NONE',  ( -17.08750000000000200, 1.092630533523692800E-016, 1.784401076758498400 ) ) ;
#2934 = CARTESIAN_POINT ( 'NONE',  ( 19.68333333333333400, 1.000000000000000200, -1.732050807568877200 ) ) ;
#2935 = CARTESIAN_POINT ( 'NONE',  ( -20.23750000000000100, 1.414100318299875800E-016, 2.309401076758502500 ) ) ;
#2936 = CARTESIAN_POINT ( 'NONE',  ( 23.18333333333333400, -0.7726683315065832100, 1.338300807568872900 ) ) ;
#2937 = ORIENTED_EDGE ( 'NONE', *, *, #2737, .F. ) ;
#2938 = EDGE_CURVE ( 'NONE', #5965, #3410, #53, .T. ) ;
#2939 = CARTESIAN_POINT ( 'NONE',  ( 19.71250000000000200, 2.000000000000000000, 0.0000000000000000000 ) ) ;
#2940 = CARTESIAN_POINT ( 'NONE',  ( 22.77499999999999500, -8.715332896486790000E-016, 2.000000000000000000 ) ) ;
#2941 = CARTESIAN_POINT ( 'NONE',  ( 20.38333333333333300, -0.7726683315065832100, 1.338300807568872900 ) ) ;
#2942 = SECURITY_CLASSIFICATION ( '', '', #2895 ) ;
#2943 = VERTEX_POINT ( 'NONE', #2521 ) ;
#2944 = CARTESIAN_POINT ( 'NONE',  ( -22.77499999999999900, -4.242300954899626700E-016, -2.309401076758502500 ) ) ;
#2945 = CARTESIAN_POINT ( 'NONE',  ( -27.25833408251223100, -1.812752915662902800, -0.03154801660946294400 ) ) ;
#2946 = ORIENTED_EDGE ( 'NONE', *, *, #2334, .F. ) ;
#2947 = CARTESIAN_POINT ( 'NONE',  ( -25.80623926088303900, -0.5358983848622449500, 1.999999999999999600 ) ) ;
#2948 = CARTESIAN_POINT ( 'NONE',  ( 25.89583333333333200, -0.7726683315065832100, 1.338300807568872900 ) ) ;
#2949 = EDGE_CURVE ( 'NONE', #2128, #4290, #4505, .T. ) ;
#2950 = CARTESIAN_POINT ( 'NONE',  ( 19.11120399107302200, 0.5848672446605414100, 1.842675590678059400 ) ) ;
#2951 = EDGE_LOOP ( 'NONE', ( #5240, #6238, #4404, #6468 ) ) ;
#2952 = CARTESIAN_POINT ( 'NONE',  ( -22.45416666666667300, -1.545336663013166200, -0.8922005383792486200 ) ) ;
#2953 = CARTESIAN_POINT ( 'NONE',  ( 20.17916666666666700, -0.9999999999999995600, -1.732050807568877400 ) ) ;
#2954 = CARTESIAN_POINT ( 'NONE',  ( -20.35416666666667100, -1.545336663013166400, -0.8922005383792486200 ) ) ;
#2955 = CARTESIAN_POINT ( 'NONE',  ( 20.61666666666666400, 0.9999999999999985600, 1.732050807568878100 ) ) ;
#2956 = B_SPLINE_CURVE_WITH_KNOTS ( 'NONE', 3,
 ( #3587, #2062, #6294, #6267 ),
 .UNSPECIFIED., .F., .F.,
 ( 4, 4 ),
 ( 2.380737581629281200E-007, 0.002336974151641547800 ),
 .UNSPECIFIED. ) ;
#2957 = CARTESIAN_POINT ( 'NONE',  ( 22.16249999999999800, 1.545336663013165100, 0.0000000000000000000 ) ) ;
#2958 = CARTESIAN_POINT ( 'NONE',  ( -18.77916666666666900, -0.9999999999999993300, 1.732050807568877200 ) ) ;
#2959 = CARTESIAN_POINT ( 'NONE',  ( 26.15833333333333900, -1.545336663013164400, -0.8922005383792492900 ) ) ;
#2960 = CARTESIAN_POINT ( 'NONE',  ( -24.00000000000000000, -1.545336663013165700, 1.892491597964125200E-016 ) ) ;
#2961 = CARTESIAN_POINT ( 'NONE',  ( 17.34132451847150900, -4.240386000424032400, -0.6554360035617948800 ) ) ;
#2962 = LINE ( 'NONE', #6194, #6162 ) ;
#2963 = CARTESIAN_POINT ( 'NONE',  ( -22.07500000000000300, -4.242300954899626700E-016, -2.309401076758502500 ) ) ;
#2964 = CARTESIAN_POINT ( 'NONE',  ( -27.18295765327113900, -0.8057982282091542500, -1.539650683408165600 ) ) ;
#2965 = AXIS2_PLACEMENT_3D ( 'NONE', #5083, #1966, #1478 ) ;
#2966 = CARTESIAN_POINT ( 'NONE',  ( -19.33333333333333600, -1.000000000000000700, -1.732050807568876300 ) ) ;
#2967 = CARTESIAN_POINT ( 'NONE',  ( 23.67916666666666700, 0.7726683315065814300, 1.338300807568873800 ) ) ;
#2968 =( BOUNDED_CURVE ( )  B_SPLINE_CURVE ( 2, ( #3437, #4412, #279, #5465, #5996, #6018, #2862, #1859, #5489 ),
 .UNSPECIFIED., .F., .T. ) 
 B_SPLINE_CURVE_WITH_KNOTS ( ( 3, 2, 2, 2, 3 ),
 ( 0.3906250000000000000, 0.3958333333333333100, 0.4062500000000000000, 0.4166666666666666900, 0.4218750000000000000 ),
 .UNSPECIFIED. ) 
 CURVE ( )  GEOMETRIC_REPRESENTATION_ITEM ( )  RATIONAL_B_SPLINE_CURVE ( ( 0.9330127018922194100, 0.9330127018922194100, 1.000000000000000000, 0.8660254037844387100, 1.000000000000000000, 0.8660254037844387100, 1.000000000000000000, 0.9330127018922194100, 0.9330127018922194100 ) ) 
 REPRESENTATION_ITEM ( '' )  );
#2969 = CARTESIAN_POINT ( 'NONE',  ( 24.46666666666666900, -0.9999999999999995600, -1.732050807568877400 ) ) ;
#2970 = CARTESIAN_POINT ( 'NONE',  ( -21.40416666666666900, -2.000000000000000000, -1.154700538379250600 ) ) ;
#2971 = B_SPLINE_CURVE_WITH_KNOTS ( 'NONE', 3,
 ( #4819, #667, #2802, #2757, #711, #5386 ),
 .UNSPECIFIED., .F., .F.,
 ( 4, 2, 4 ),
 ( 0.02539098358061263700, 0.02653800719072645800, 0.02768503080084027500 ),
 .UNSPECIFIED. ) ;
#2972 = CIRCLE ( 'NONE', #878, 4.000000000000000000 ) ;
#2973 = LINE ( 'NONE', #3841, #3052 ) ;
#2974 = CARTESIAN_POINT ( 'NONE',  ( -20.70416666666667300, 1.545336663013165500, 0.8922005383792490600 ) ) ;
#2975 = CARTESIAN_POINT ( 'NONE',  ( 19.88750000000000300, -4.242300954899627700E-016, 2.309401076758502900 ) ) ;
#2976 = CARTESIAN_POINT ( 'NONE',  ( -18.42916666666667100, -0.7726683315065825400, 1.338300807568873800 ) ) ;
#2977 = CARTESIAN_POINT ( 'NONE',  ( 18.28333333333333100, 1.000000000000000200, -1.732050807568877200 ) ) ;
#2978 = ADVANCED_FACE ( 'NONE', ( #2170 ), #1277, .F. ) ;
#2979 = CARTESIAN_POINT ( 'NONE',  ( 22.45416666666666600, -1.545336663013165500, 0.8922005383792481800 ) ) ;
#2980 = CARTESIAN_POINT ( 'NONE',  ( -25.86666666666666700, 0.7726683315065817600, -1.338300807568874300 ) ) ;
#2981 = AXIS2_PLACEMENT_3D ( 'NONE', #5976, #281, #2886 ) ;
#2982 = CARTESIAN_POINT ( 'NONE',  ( 24.58333333333333200, -0.7726683315065832100, 1.338300807568872900 ) ) ;
#2983 = CARTESIAN_POINT ( 'NONE',  ( -25.92500000000000400, -3.277891600571078100E-016, -1.784401076758498400 ) ) ;
#2984 = CARTESIAN_POINT ( 'NONE',  ( -20.64373926088303400, 0.5358983848622441700, -2.000000000000000000 ) ) ;
#2985 = CARTESIAN_POINT ( 'NONE',  ( -17.35000000000000100, -1.999999999999999600, 2.449293598294705900E-016 ) ) ;
#2986 = EDGE_CURVE ( 'NONE', #5214, #4657, #5780, .T. ) ;
#2987 = ORIENTED_EDGE ( 'NONE', *, *, #1646, .F. ) ;
#2988 = CARTESIAN_POINT ( 'NONE',  ( 24.08749999999999500, 1.092630533523692200E-016, -1.784401076758497700 ) ) ;
#2989 = CARTESIAN_POINT ( 'NONE',  ( 22.48333333333333400, -0.7726683315065832100, 1.338300807568872900 ) ) ;
#2990 = DIRECTION ( 'NONE',  ( 0.0000000000000000000, 0.0000000000000000000, 1.000000000000000000 ) ) ;
#2991 = CARTESIAN_POINT ( 'NONE',  ( 25.95416666666666600, 2.000000000000000000, -1.154700538379251200 ) ) ;
#2992 = ORIENTED_EDGE ( 'NONE', *, *, #2015, .F. ) ;
#2993 = AXIS2_PLACEMENT_3D ( 'NONE', #3876, #6408, #5948 ) ;
#2994 = CARTESIAN_POINT ( 'NONE',  ( -16.67916666666666700, 0.7726683315065817600, -1.338300807568874300 ) ) ;
#2995 = CARTESIAN_POINT ( 'NONE',  ( 17.72916666666667100, 0.9999999999999985600, 1.732050807568878100 ) ) ;
#2996 = CARTESIAN_POINT ( 'NONE',  ( -17.78750000000000500, 1.092630533523692800E-016, 1.784401076758498400 ) ) ;
#2997 = CARTESIAN_POINT ( 'NONE',  ( 26.59583333333333100, -0.7726683315065832100, 1.338300807568872900 ) ) ;
#2998 = CARTESIAN_POINT ( 'NONE',  ( 23.85416666666666400, -1.545336663013165500, 0.8922005383792481800 ) ) ;
#2999 = CARTESIAN_POINT ( 'NONE',  ( -27.20833333333333200, 1.545336663013165100, -0.8922005383792499500 ) ) ;
#3000 = VERTEX_POINT ( 'NONE', #2496 ) ;
#3001 = CARTESIAN_POINT ( 'NONE',  ( 19.15833333333333100, -1.545336663013164400, -0.8922005383792492900 ) ) ;
#3002 = CARTESIAN_POINT ( 'NONE',  ( 18.57500000000000300, 1.092630533523692200E-016, -1.784401076758497700 ) ) ;
#3003 = CARTESIAN_POINT ( 'NONE',  ( -26.85833333333333100, -1.545336663013165100, 0.8922005383792495100 ) ) ;
#3004 = CARTESIAN_POINT ( 'NONE',  ( -20.03333333333333500, -1.000000000000000700, -1.732050807568876300 ) ) ;
#3005 = VERTEX_POINT ( 'NONE', #6183 ) ;
#3006 = ADVANCED_FACE ( 'NONE', ( #2254 ), #1605, .F. ) ;
#3007 = CARTESIAN_POINT ( 'NONE',  ( -17.58333333333333200, 1.000000000000000000, 1.732050807568877000 ) ) ;
#3008 = CARTESIAN_POINT ( 'NONE',  ( 27.12083333333333400, 1.545336663013164600, 0.8922005383792495100 ) ) ;
#3009 = VERTEX_POINT ( 'NONE', #6732 ) ;
#3010 = CARTESIAN_POINT ( 'NONE',  ( -27.00858682305779000, 1.432250772007106000, 0.6342238885405363500 ) ) ;
#3011 = CARTESIAN_POINT ( 'NONE',  ( 23.91250000000000100, 2.000000000000000000, 0.0000000000000000000 ) ) ;
#3012 = ORIENTED_EDGE ( 'NONE', *, *, #4747, .T. ) ;
#3013 = CARTESIAN_POINT ( 'NONE',  ( -19.18750000000000400, 1.092630533523692700E-016, 1.784401076758498400 ) ) ;
#3014 = ORIENTED_EDGE ( 'NONE', *, *, #4244, .F. ) ;
#3015 = CARTESIAN_POINT ( 'NONE',  ( -24.84583333333333500, 0.7726683315065830900, 1.338300807568873600 ) ) ;
#3016 = CARTESIAN_POINT ( 'NONE',  ( -16.40000000000000200, 0.0000000000000000000, 2.000000000000000000 ) ) ;
#3017 = CARTESIAN_POINT ( 'NONE',  ( 17.52499999999999900, 1.414100318299875800E-016, -2.309401076758502900 ) ) ;
#3018 = CARTESIAN_POINT ( 'NONE',  ( 21.40416666666666500, 1.545336663013165100, -0.8922005383792486200 ) ) ;
#3019 = CARTESIAN_POINT ( 'NONE',  ( -27.85000000000000100, 1.545336663013165700, 0.0000000000000000000 ) ) ;
#3020 = VERTEX_POINT ( 'NONE', #6400 ) ;
#3021 = CARTESIAN_POINT ( 'NONE',  ( 21.37499999999999600, 1.092630533523692200E-016, -1.784401076758497700 ) ) ;
#3022 = CARTESIAN_POINT ( 'NONE',  ( 24.49583333333333400, 1.000000000000000200, -1.732050807568877200 ) ) ;
#3023 = CARTESIAN_POINT ( 'NONE',  ( 20.55833333333333000, -1.545336663013164600, -0.8922005383792492900 ) ) ;
#3024 = EDGE_CURVE ( 'NONE', #3996, #5945, #4569, .T. ) ;
#3025 = CARTESIAN_POINT ( 'NONE',  ( -26.50833333333333300, 1.545336663013165100, -0.8922005383792499500 ) ) ;
#3026 = CARTESIAN_POINT ( 'NONE',  ( -24.90626073911697000, -0.5358983848622459500, -1.999999999999999100 ) ) ;
#3027 = CARTESIAN_POINT ( 'NONE',  ( -19.15833333333333100, 1.999999999999998700, -1.154700538379252600 ) ) ;
#3028 = CARTESIAN_POINT ( 'NONE',  ( -20.15000000000000200, -1.999999999999999600, 2.449293598294705900E-016 ) ) ;
#3029 = CARTESIAN_POINT ( 'NONE',  ( 19.03392206351889400, 0.3693460673160362500, -1.823733948191121700 ) ) ;
#3030 = CALENDAR_DATE ( 2021, 9, 7 ) ;
#3031 = CARTESIAN_POINT ( 'NONE',  ( -20.55623926088303900, 0.5358983848622441700, -2.000000000000000000 ) ) ;
#3032 = CARTESIAN_POINT ( 'NONE',  ( 23.27083333333332900, -1.545336663013164600, -0.8922005383792492900 ) ) ;
#3033 = EDGE_CURVE ( 'NONE', #803, #3871, #1481, .T. ) ;
#3034 = CARTESIAN_POINT ( 'NONE',  ( -27.49999999999999600, 0.0000000000000000000, 0.0000000000000000000 ) ) ;
#3035 = CARTESIAN_POINT ( 'NONE',  ( 24.05623931950114500, 0.5358973799804707100, 2.000000580168762800 ) ) ;
#3036 = VECTOR ( 'NONE', #40, 1000.000000000000000 ) ;
#3037 = CARTESIAN_POINT ( 'NONE',  ( -19.71250000000000200, -1.545336663013165700, 1.892491597964125200E-016 ) ) ;
#3038 = CARTESIAN_POINT ( 'NONE',  ( -25.13750000000000600, -3.277891600571078100E-016, -1.784401076758498400 ) ) ;
#3039 = CARTESIAN_POINT ( 'NONE',  ( 17.11666666666666700, 0.9999999999999985600, 1.732050807568878100 ) ) ;
#3040 = ADVANCED_FACE ( 'NONE', ( #4199 ), #6173, .T. ) ;
#3041 = CARTESIAN_POINT ( 'NONE',  ( -23.30000000000000100, -1.545336663013165700, 1.892491597964125200E-016 ) ) ;
#3042 = CARTESIAN_POINT ( 'NONE',  ( -26.97500000000000100, 1.092630533523692700E-016, 1.784401076758498400 ) ) ;
#3043 = VECTOR ( 'NONE', #6522, 1000.000000000000000 ) ;
#3044 = CARTESIAN_POINT ( 'NONE',  ( 20.73333333333333400, 0.7726683315065827600, -1.338300807568873200 ) ) ;
#3045 = CARTESIAN_POINT ( 'NONE',  ( 26.21666666666666500, 0.9999999999999985600, 1.732050807568878100 ) ) ;
#3046 = CARTESIAN_POINT ( 'NONE',  ( 19.50833333333332900, 1.545336663013164600, 0.8922005383792495100 ) ) ;
#3047 = CARTESIAN_POINT ( 'NONE',  ( -27.20833333333333200, 1.545336663013165100, -0.8922005383792499500 ) ) ;
#3048 = CARTESIAN_POINT ( 'NONE',  ( -27.36084978046486100, 2.687187980154701600, -3.345653888883669800 ) ) ;
#3049 = CARTESIAN_POINT ( 'NONE',  ( 17.50000000000000000, 0.0000000000000000000, 0.0000000000000000000 ) ) ;
#3050 = VECTOR ( 'NONE', #2669, 1000.000000000000000 ) ;
#3051 = CARTESIAN_POINT ( 'NONE',  ( -16.82499999999999900, 1.414100318299875800E-016, 2.309401076758502500 ) ) ;
#3052 = VECTOR ( 'NONE', #2289, 1000.000000000000000 ) ;
#3053 =( BOUNDED_CURVE ( )  B_SPLINE_CURVE ( 2, ( #5773, #577, #3651, #536, #5753, #6397, #1730, #5367, #3236 ),
 .UNSPECIFIED., .F., .T. ) 
 B_SPLINE_CURVE_WITH_KNOTS ( ( 3, 2, 2, 2, 3 ),
 ( 0.4218750000000000000, 0.4270833333333333100, 0.4375000000000000000, 0.4479166666666666900, 0.4531250000000000000 ),
 .UNSPECIFIED. ) 
 CURVE ( )  GEOMETRIC_REPRESENTATION_ITEM ( )  RATIONAL_B_SPLINE_CURVE ( ( 0.9330127018922194100, 0.9330127018922194100, 1.000000000000000000, 0.8660254037844387100, 1.000000000000000000, 0.8660254037844387100, 1.000000000000000000, 0.9330127018922194100, 0.9330127018922194100 ) ) 
 REPRESENTATION_ITEM ( '' )  );
#3054 = CARTESIAN_POINT ( 'NONE',  ( 25.07916666666666900, -0.9999999999999995600, -1.732050807568877400 ) ) ;
#3055 = CARTESIAN_POINT ( 'NONE',  ( 26.04166666666666800, 2.000000000000000000, -1.154700538379251200 ) ) ;
#3056 = VECTOR ( 'NONE', #5380, 1000.000000000000000 ) ;
#3057 = CARTESIAN_POINT ( 'NONE',  ( 19.42083333333333400, -1.999999999999999600, -1.154700538379252600 ) ) ;
#3058 = CARTESIAN_POINT ( 'NONE',  ( 20.82083333333333300, 1.545336663013164600, 0.8922005383792495100 ) ) ;
#3059 = FACE_OUTER_BOUND ( 'NONE', #1713, .T. ) ;
#3060 = CARTESIAN_POINT ( 'NONE',  ( -21.81250000000000400, -1.545336663013165700, 1.892491597964125200E-016 ) ) ;
#3061 = CARTESIAN_POINT ( 'NONE',  ( 23.97083333333333500, 1.999999999999999300, 1.154700538379252600 ) ) ;
#3062 = CARTESIAN_POINT ( 'NONE',  ( -19.88750000000000300, 1.092630533523692700E-016, 1.784401076758498400 ) ) ;
#3063 = CARTESIAN_POINT ( 'NONE',  ( -26.59583333333333500, -0.7726683315065834300, -1.338300807568873400 ) ) ;
#3064 = CARTESIAN_POINT ( 'NONE',  ( -27.44919999999999800, 1.887441713179833600, -0.6614860386650427400 ) ) ;
#3065 = CARTESIAN_POINT ( 'NONE',  ( -18.57500000000000300, -8.715332896486790000E-016, -1.999999999999999600 ) ) ;
#3066 = CARTESIAN_POINT ( 'NONE',  ( 26.47916666666666400, 0.7726683315065814300, 1.338300807568873800 ) ) ;
#3067 = ORIENTED_EDGE ( 'NONE', *, *, #3164, .T. ) ;
#3068 = EDGE_CURVE ( 'NONE', #1584, #3100, #2329, .T. ) ;
#3069 = CARTESIAN_POINT ( 'NONE',  ( -24.11666666666666700, -0.7726683315065825400, 1.338300807568873800 ) ) ;
#3070 = CARTESIAN_POINT ( 'NONE',  ( -27.79166666666666800, 1.545336663013165500, 0.8922005383792490600 ) ) ;
#3071 = CARTESIAN_POINT ( 'NONE',  ( 20.79166666666666800, 1.545336663013165100, -0.8922005383792486200 ) ) ;
#3072 = CARTESIAN_POINT ( 'NONE',  ( -16.40000000000000200, 0.0000000000000000000, 0.0000000000000000000 ) ) ;
#3073 = CARTESIAN_POINT ( 'NONE',  ( 19.68333333333333400, -0.7726683315065832100, 1.338300807568872900 ) ) ;
#3074 = CARTESIAN_POINT ( 'NONE',  ( -22.13333333333333300, 0.7726683315065830900, 1.338300807568873600 ) ) ;
#3075 = CARTESIAN_POINT ( 'NONE',  ( -18.51876073911696700, -0.5358983848622459500, -1.999999999999999100 ) ) ;
#3076 = CARTESIAN_POINT ( 'NONE',  ( -25.66250000000000100, -1.999999999999999600, 2.449293598294705900E-016 ) ) ;
#3077 = ORIENTED_EDGE ( 'NONE', *, *, #5702, .F. ) ;
#3078 = CARTESIAN_POINT ( 'NONE',  ( -16.64999999999999900, -1.999999999999999600, 2.449293598294705900E-016 ) ) ;
#3079 = EDGE_CURVE ( 'NONE', #5804, #6459, #274, .T. ) ;
#3080 = CARTESIAN_POINT ( 'NONE',  ( 17.25100024230672300, -1.934357232518702200, 4.000000000000000900 ) ) ;
#3081 = VERTEX_POINT ( 'NONE', #3820 ) ;
#3082 = DIRECTION ( 'NONE',  ( 1.000000000000000000, 0.0000000000000000000, 0.0000000000000000000 ) ) ;
#3083 = CARTESIAN_POINT ( 'NONE',  ( 20.64583333333333200, 0.7726683315065827600, -1.338300807568873200 ) ) ;
#3084 = CARTESIAN_POINT ( 'NONE',  ( -22.51250000000000300, -1.545336663013165700, 1.892491597964125200E-016 ) ) ;
#3085 = CARTESIAN_POINT ( 'NONE',  ( -22.01876073911696400, -0.5358983848622459500, -1.999999999999999100 ) ) ;
#3086 = ORIENTED_EDGE ( 'NONE', *, *, #1607, .F. ) ;
#3087 = CARTESIAN_POINT ( 'NONE',  ( -18.66250000000000100, 1.545336663013165700, 0.0000000000000000000 ) ) ;
#3088 = CARTESIAN_POINT ( 'NONE',  ( -25.89583333333333600, -0.7726683315065834300, -1.338300807568873400 ) ) ;
#3089 = CARTESIAN_POINT ( 'NONE',  ( 16.94166666666666600, 2.000000000000000000, -1.154700538379251200 ) ) ;
#3090 = CARTESIAN_POINT ( 'NONE',  ( -24.69999999999999900, -1.545336663013165700, 1.892491597964125200E-016 ) ) ;
#3091 = CARTESIAN_POINT ( 'NONE',  ( -23.06666666666666600, 0.7726683315065817600, -1.338300807568874300 ) ) ;
#3092 = CARTESIAN_POINT ( 'NONE',  ( 21.14166666666666600, -1.545336663013165500, 0.8922005383792481800 ) ) ;
#3093 = VERTEX_POINT ( 'NONE', #4285 ) ;
#3094 = CARTESIAN_POINT ( 'NONE',  ( 17.99166666666666700, 1.545336663013165100, -0.8922005383792486200 ) ) ;
#3095 = CARTESIAN_POINT ( 'NONE',  ( -23.00833333333333300, 1.545336663013165100, -0.8922005383792499500 ) ) ;
#3096 = CARTESIAN_POINT ( 'NONE',  ( -16.40000000000000200, 0.0000000000000000000, 0.0000000000000000000 ) ) ;
#3097 = CARTESIAN_POINT ( 'NONE',  ( -27.12083333333333700, -1.999999999999999300, 1.154700538379251700 ) ) ;
#3098 = AXIS2_PLACEMENT_3D ( 'NONE', #5425, #6478, #1767 ) ;
#3099 = CARTESIAN_POINT ( 'NONE',  ( 20.23750000000000100, 2.324088772396477700E-016, -1.999999999999999600 ) ) ;
#3100 = VERTEX_POINT ( 'NONE', #5372 ) ;
#3101 = CARTESIAN_POINT ( 'NONE',  ( -17.05833333333333400, 1.999999999999998700, -1.154700538379252600 ) ) ;
#3102 = ORIENTED_EDGE ( 'NONE', *, *, #1607, .T. ) ;
#3103 = CARTESIAN_POINT ( 'NONE',  ( -20.29583333333333400, 1.000000000000000000, 1.732050807568877000 ) ) ;
#3104 = CARTESIAN_POINT ( 'NONE',  ( 20.76249999999999900, 1.545336663013165100, 0.0000000000000000000 ) ) ;
#3105 = CARTESIAN_POINT ( 'NONE',  ( -23.44583333333333600, 0.7726683315065830900, 1.338300807568873600 ) ) ;
#3106 = DIRECTION ( 'NONE',  ( 0.0000000000000000000, 0.0000000000000000000, -1.000000000000000000 ) ) ;
#3107 = ORIENTED_EDGE ( 'NONE', *, *, #5444, .F. ) ;
#3108 = CARTESIAN_POINT ( 'NONE',  ( 22.04373926088303600, 0.5358983848622442800, 2.000000000000000000 ) ) ;
#3109 = CARTESIAN_POINT ( 'NONE',  ( -27.00416666666667000, 1.545336663013165500, 0.8922005383792490600 ) ) ;
#3110 = DIRECTION ( 'NONE',  ( 0.0000000000000000000, 0.0000000000000000000, -1.000000000000000000 ) ) ;
#3111 = CARTESIAN_POINT ( 'NONE',  ( 23.03749999999999800, -3.277891600571076600E-016, 1.784401076758497700 ) ) ;
#3112 = ADVANCED_FACE ( 'NONE', ( #3712 ), #5267, .F. ) ;
#3113 = CARTESIAN_POINT ( 'NONE',  ( -25.16666666666666800, 0.7726683315065817600, -1.338300807568874300 ) ) ;
#3114 = CARTESIAN_POINT ( 'NONE',  ( -22.07500000000000300, 1.092630533523692700E-016, 1.784401076758498400 ) ) ;
#3115 = ORIENTED_EDGE ( 'NONE', *, *, #6580, .F. ) ;
#3116 = EDGE_CURVE ( 'NONE', #1252, #5804, #4781, .T. ) ;
#3117 = CARTESIAN_POINT ( 'NONE',  ( -22.42500000000000100, -3.277891600571078100E-016, -1.784401076758498400 ) ) ;
#3118 = CARTESIAN_POINT ( 'NONE',  ( -24.61250000000000100, 1.999999999999999600, 0.0000000000000000000 ) ) ;
#3119 = CARTESIAN_POINT ( 'NONE',  ( -24.08750000000000200, -8.715332896486790000E-016, -1.999999999999999600 ) ) ;
#3120 = CARTESIAN_POINT ( 'NONE',  ( 22.74583333333333400, 0.7726683315065827600, -1.338300807568873200 ) ) ;
#3121 = CARTESIAN_POINT ( 'NONE',  ( -21.28750000000000100, 1.092630533523692700E-016, 1.784401076758498400 ) ) ;
#3122 = CARTESIAN_POINT ( 'NONE',  ( 21.95623931950112300, 0.5358973799808310900, 2.000000580168554500 ) ) ;
#3123 = CONICAL_SURFACE ( 'NONE', #4860, 4.000000000000000000, 1.047197551196600100 ) ;
#3124 = CARTESIAN_POINT ( 'NONE',  ( 19.00087478183820600, -0.4501859207332683000, -1.776422345352580300 ) ) ;
#3125 = CARTESIAN_POINT ( 'NONE',  ( -27.25151993662500900, -4.430380094434244000, 0.3263565795980918300 ) ) ;
#3126 = CARTESIAN_POINT ( 'NONE',  ( 17.50000000000000000, 3.464101615137755700, -1.999999999999998700 ) ) ;
#3127 = CARTESIAN_POINT ( 'NONE',  ( 24.14583333333333200, 0.7726683315065827600, -1.338300807568873200 ) ) ;
#3128 = CARTESIAN_POINT ( 'NONE',  ( -18.39999999999999900, -1.545336663013165700, 1.892491597964125200E-016 ) ) ;
#3129 = CARTESIAN_POINT ( 'NONE',  ( -23.30000000000000100, -1.545336663013165700, 1.892491597964125200E-016 ) ) ;
#3130 = AXIS2_PLACEMENT_3D ( 'NONE', #269, #2874, #4493 ) ;
#3131 = CYLINDRICAL_SURFACE ( 'NONE', #2145, 2.000000000000000000 ) ;
#3132 = CARTESIAN_POINT ( 'NONE',  ( -21.02500000000000200, 2.905110965495596800E-016, 1.999999999999999600 ) ) ;
#3133 = LINE ( 'NONE', #3016, #2408 ) ;
#3134 = CARTESIAN_POINT ( 'NONE',  ( 26.27499999999999900, -8.715332896486790000E-016, 2.000000000000000000 ) ) ;
#3135 = CARTESIAN_POINT ( 'NONE',  ( -20.55833333333333000, -1.545336663013165100, 0.8922005383792495100 ) ) ;
#3136 =( BOUNDED_CURVE ( )  B_SPLINE_CURVE ( 2, ( #2714, #3738, #6280, #5339, #3229, #5789, #4211, #32, #3134 ),
 .UNSPECIFIED., .F., .T. ) 
 B_SPLINE_CURVE_WITH_KNOTS ( ( 3, 2, 2, 2, 3 ),
 ( 0.07812500000000000000, 0.08333333333333332900, 0.09375000000000000000, 0.1041666666666666700, 0.1093750000000000000 ),
 .UNSPECIFIED. ) 
 CURVE ( )  GEOMETRIC_REPRESENTATION_ITEM ( )  RATIONAL_B_SPLINE_CURVE ( ( 0.9330127018922194100, 0.9330127018922194100, 1.000000000000000000, 0.8660254037844387100, 1.000000000000000000, 0.8660254037844387100, 1.000000000000000000, 0.9330127018922194100, 0.9330127018922194100 ) ) 
 REPRESENTATION_ITEM ( '' )  );
#3137 = CARTESIAN_POINT ( 'NONE',  ( -27.70416666666666600, -2.000000000000000000, -1.154700538379250400 ) ) ;
#3138 = DIRECTION ( 'NONE',  ( 0.0000000000000000000, 0.0000000000000000000, 1.000000000000000000 ) ) ;
#3139 = VECTOR ( 'NONE', #2551, 1000.000000000000100 ) ;
#3140 = CARTESIAN_POINT ( 'NONE',  ( 22.01876079773503000, -0.5358993897433678200, 1.999999419831613100 ) ) ;
#3141 = DIRECTION ( 'NONE',  ( 0.0000000000000000000, 0.0000000000000000000, 1.000000000000000000 ) ) ;
#3142 = ORIENTED_EDGE ( 'NONE', *, *, #3436, .F. ) ;
#3143 = ADVANCED_FACE ( 'NONE', ( #3386 ), #4448, .T. ) ;
#3144 = CARTESIAN_POINT ( 'NONE',  ( 19.01250000000000300, -1.545336663013165100, -1.892491597964124500E-016 ) ) ;
#3145 = CARTESIAN_POINT ( 'NONE',  ( -23.79583333333333400, -0.7726683315065834300, -1.338300807568873400 ) ) ;
#3146 = CARTESIAN_POINT ( 'NONE',  ( 26.91666666666666400, 0.9999999999999985600, 1.732050807568878100 ) ) ;
#3147 = B_SPLINE_CURVE_WITH_KNOTS ( 'NONE', 3,
 ( #5667, #4009, #2491, #1416, #1949, #4549, #5087, #1971, #2471, #404, #933, #5109, #6153, #3010, #6683, #6356 ),
 .UNSPECIFIED., .F., .F.,
 ( 4, 2, 2, 2, 2, 2, 2, 4 ),
 ( 0.007863706847649028900, 0.008304988701216401900, 0.008746270554783774900, 0.009187552408351147900, 0.009628834261918520900, 0.01051139796905326700, 0.01095267982262064000, 0.01139396167618801300 ),
 .UNSPECIFIED. ) ;
#3148 = CLOSED_SHELL ( 'NONE', ( #3006, #1978, #4111, #527, #5620, #1591, #2978, #4557, #1068, #2010, #4594, #6247, #5149, #1101, #2466, #2434, #2710, #3629, #5589, #3526, #1946, #6690, #4801, #624, #6657, #4076, #2234, #1660, #4522, #3112, #2167, #1424, #5754, #6174, #4048, #5784, #6724, #1525, #2108, #4307, #3040, #2572, #459, #4731, #3662, #3494, #659, #1036, #5653, #970, #6275, #6208, #4837, #2044, #495, #1731, #4237, #3596, #6311, #5309, #941, #2606, #5275, #5184, #2534, #1490, #6106, #4018, #48, #6758, #4696, #119, #6625, #4630, #589, #3212, #3143, #1138, #3561, #4146, #4207, #1556, #1005, #5822, #2201, #2078, #2136, #5215, #5051, #5686, #4667, #2671, #2499, #6410 ) ) ;
#3149 = CARTESIAN_POINT ( 'NONE',  ( 22.07499999999999900, -8.715332896486790000E-016, 2.000000000000000000 ) ) ;
#3150 = DIRECTION ( 'NONE',  ( 1.000000000000000000, 0.0000000000000000000, 0.0000000000000000000 ) ) ;
#3151 = CARTESIAN_POINT ( 'NONE',  ( -21.92916666666667100, 0.9999999999999983300, -1.732050807568877900 ) ) ;
#3152 = CARTESIAN_POINT ( 'NONE',  ( 24.61250000000000100, -1.545336663013165100, -1.892491597964124500E-016 ) ) ;
#3153 = EDGE_CURVE ( 'NONE', #6308, #5945, #2018, .T. ) ;
#3154 = CARTESIAN_POINT ( 'NONE',  ( -19.56666666666666600, 0.7726683315065817600, -1.338300807568874300 ) ) ;
#3155 = CARTESIAN_POINT ( 'NONE',  ( -21.08333333333333200, -0.7726683315065834300, -1.338300807568873400 ) ) ;
#3156 = ORIENTED_EDGE ( 'NONE', *, *, #6245, .T. ) ;
#3157 = CARTESIAN_POINT ( 'NONE',  ( 20.85000000000000100, -2.000000000000000000, -2.449293598294706400E-016 ) ) ;
#3158 = CARTESIAN_POINT ( 'NONE',  ( -27.49999999999999600, 0.0000000000000000000, -4.000000000000000000 ) ) ;
#3159 = CARTESIAN_POINT ( 'NONE',  ( -20.79166666666666400, 1.545336663013165500, 0.8922005383792490600 ) ) ;
#3160 = CARTESIAN_POINT ( 'NONE',  ( -27.49999999999999600, 3.464101615137755700, -1.999999999999998700 ) ) ;
#3161 = CARTESIAN_POINT ( 'NONE',  ( -26.24583333333333700, -1.000000000000000700, -1.732050807568876300 ) ) ;
#3162 = VERTEX_POINT ( 'NONE', #1177 ) ;
#3163 = EDGE_LOOP ( 'NONE', ( #4833, #2378, #5467, #671, #2437, #4070, #4592, #5363, #3589, #2603, #3485, #4080, #595, #6286, #1079, #3233, #3818, #1329, #2507, #6050, #4459, #5400, #2222, #3560, #2369, #6480, #2525, #2142 ) ) ;
#3164 = EDGE_CURVE ( 'NONE', #6125, #6302, #222, .T. ) ;
#3165 = DIRECTION ( 'NONE',  ( -1.000000000000000000, 0.0000000000000000000, 0.0000000000000000000 ) ) ;
#3166 = CARTESIAN_POINT ( 'NONE',  ( -22.71876073911696600, -0.5358983848622459500, -1.999999999999999100 ) ) ;
#3167 = CARTESIAN_POINT ( 'NONE',  ( 17.78749999999999800, 1.092630533523692200E-016, -1.784401076758497700 ) ) ;
#3168 = VERTEX_POINT ( 'NONE', #5824 ) ;
#3169 = CARTESIAN_POINT ( 'NONE',  ( -20.06250000000000400, 1.545336663013165700, 0.0000000000000000000 ) ) ;
#3170 = CARTESIAN_POINT ( 'NONE',  ( -24.49583333333333400, 1.000000000000000000, 1.732050807568877000 ) ) ;
#3171 = CARTESIAN_POINT ( 'NONE',  ( 19.62500000000000000, 2.905110965495596800E-016, -1.999999999999999600 ) ) ;
#3172 = CARTESIAN_POINT ( 'NONE',  ( 18.80247104762299100, -0.1139648571422190700, 1.620267710636156300 ) ) ;
#3173 = ORIENTED_EDGE ( 'NONE', *, *, #5790, .F. ) ;
#3174 = DIRECTION ( 'NONE',  ( -0.7071067811865463500, 8.659560562354948900E-017, -0.7071067811865487900 ) ) ;
#3175 =( BOUNDED_CURVE ( )  B_SPLINE_CURVE ( 2, ( #4930, #6570, #1373, #2843, #5021, #3420, #3372, #1306, #4442, #262, #5494, #778, #3901, #6024, #4953, #1840, #5469, #2345, #2867, #6525, #2410, #2888, #6552, #307, #3943, #823, #6234, #6734, #1513, #5675, #4631, #5225, #3113, #5163, #4654, #6090, #2046, #4677, #2090, #1006, #3090, #3572, #4124, #484, #6209, #6713, #3991, #5046, #2067, #2548, #3069, #352, #3597, #1537, #1558, #5186, #6256, #5697, #460, #2573, #2109, #6759, #4147, #5718, #3041, #2595, #3617, #5742, #1398, #506, #1027, #3462, #5209, #2619, #7, #6276, #1930, #6599, #3642, #528, #4165, #1047, #4698, #1581, #873, #4508, #5563, #2429, #4099, #983, #5285, #1112, #4718, #6365, #6300, #3663, #547, #2684, #5310, #4226, #2191, #2662, #6345, #4790, #1672, #3226, #612, #29, #2213, #2638, #1601, #635, #1070, #4185, #3760, #2125, #1647, #121, #5245, #5834, #5859, #2711, #5762, #5810, #3688, #2734, #4273, #1166, #3154, #4813, #3199, #49, #1091, #3708, #566, #2168, #4209, #4742, #94, #1625, #5264, #2148, #5785, #6323, #1697, #4765, #3177, #4250, #3128, #3734, #71, #1139, #5335, #591, #6435, #1717, #6389, #2753, #191, #4367, #5883, #1257, #1789, #707, #5928, #685, #3854, #3317, #4388, #3294, #3830, #3249, #4346, #5404, #3343, #236, #4323, #3878, #1746 ),
 .UNSPECIFIED., .F., .T. ) 
 B_SPLINE_CURVE_WITH_KNOTS ( ( 3, 2, 2, 2, 2, 2, 2, 2, 2, 2, 2, 2, 2, 2, 2, 2, 2, 2, 2, 2, 2, 2, 2, 2, 2, 2, 2, 2, 2, 2, 2, 2, 2, 2, 2, 2, 2, 2, 2, 2, 2, 2, 2, 2, 2, 2, 2, 2, 2, 2, 2, 2, 2, 2, 2, 2, 2, 2, 2, 2, 2, 2, 2, 2, 2, 2, 2, 2, 2, 2, 2, 2, 2, 2, 2, 2, 2, 2, 2, 2, 2, 2, 2, 2, 2, 2, 2, 2, 2, 3 ),
 ( 0.07695672021718423500, 0.08384626918896022400, 0.09432705283758025000, 0.1048078364862002900, 0.1152886201348203000, 0.1257694037834403400, 0.1362501874320603500, 0.1467309710806803900, 0.1572117547293004300, 0.1676925383779204500, 0.1781733220265404900, 0.1886541056751605000, 0.1991348893237805100, 0.2096156729724005800, 0.2200964566210205600, 0.2305772402696406000, 0.2410580239182606400, 0.2515388075668806300, 0.2620195912155006700, 0.2725003748641207100, 0.2829811585127407500, 0.2934619421613607900, 0.3039427258099807700, 0.3144235094586008100, 0.3249042931072208500, 0.3353850767558408400, 0.3458658604044609300, 0.3563466440530809700, 0.3668274277017009600, 0.3773082113503210000, 0.3877889949989410400, 0.3982697786475610800, 0.4087505622961811200, 0.4192313459448011600, 0.4297121295934211400, 0.4401929132420411800, 0.4506736968906612200, 0.4611544805392812100, 0.4716352641879012500, 0.4821160478365212900, 0.4925968314851412700, 0.5030776151337612600, 0.5135583987823813000, 0.5240391824310013400, 0.5345199660796213800, 0.5450007497282413100, 0.5554815333768614600, 0.5659623170254815000, 0.5764431006741015400, 0.5869238843227215800, 0.5974046679713416200, 0.6078854516199615500, 0.6183662352685817000, 0.6288470189172016300, 0.6393278025658216700, 0.6498085862144417100, 0.6602893698630618600, 0.6707701535116816800, 0.6812509371603019400, 0.6917317208089218700, 0.7022125044575419100, 0.7126932881061619500, 0.7231740717547819900, 0.7336548554034019200, 0.7441356390520220700, 0.7546164227006420000, 0.7650972063492620400, 0.7755779899978820800, 0.7860587736465021200, 0.7965395572951220500, 0.8070203409437422000, 0.8175011245923622400, 0.8279819082409821700, 0.8384626918896023200, 0.8489434755382222500, 0.8594242591868422900, 0.8699050428354623300, 0.8803858264840823700, 0.8908666101327023000, 0.9013473937813224500, 0.9118281774299423800, 0.9223089610785624200, 0.9327897447271824600, 0.9432705283758025000, 0.9537513120244224300, 0.9642320956730425800, 0.9747128793216625100, 0.9851936629702825500, 0.9956744466189027000, 1.000000000000000000 ),
 .UNSPECIFIED. ) 
 CURVE ( )  GEOMETRIC_REPRESENTATION_ITEM ( )  RATIONAL_B_SPLINE_CURVE ( ( 0.9396469089654024800, 0.9119317245211378000, 1.000000000000000000, 0.8660254037844387100, 1.000000000000000000, 0.8660254037844387100, 1.000000000000000000, 0.8660254037844387100, 1.000000000000000000, 0.8660254037844387100, 1.000000000000000000, 0.8660254037844387100, 1.000000000000000000, 0.8660254037844387100, 1.000000000000000000, 0.8660254037844387100, 1.000000000000000000, 0.8660254037844387100, 1.000000000000000000, 0.8660254037844387100, 1.000000000000000000, 0.8660254037844387100, 1.000000000000000000, 0.8660254037844387100, 1.000000000000000000, 0.8660254037844387100, 1.000000000000000000, 0.8660254037844387100, 1.000000000000000000, 0.8660254037844387100, 1.000000000000000000, 0.8660254037844387100, 1.000000000000000000, 0.8660254037844387100, 1.000000000000000000, 0.8660254037844387100, 1.000000000000000000, 0.8660254037844387100, 1.000000000000000000, 0.8660254037844387100, 1.000000000000000000, 0.8660254037844387100, 1.000000000000000000, 0.8660254037844387100, 1.000000000000000000, 0.8660254037844387100, 1.000000000000000000, 0.8660254037844387100, 1.000000000000000000, 0.8660254037844387100, 1.000000000000000000, 0.8660254037844387100, 1.000000000000000000, 0.8660254037844387100, 1.000000000000000000, 0.8660254037844387100, 1.000000000000000000, 0.8660254037844387100, 1.000000000000000000, 0.8660254037844387100, 1.000000000000000000, 0.8660254037844387100, 1.000000000000000000, 0.8660254037844387100, 1.000000000000000000, 0.8660254037844387100, 1.000000000000000000, 0.8660254037844387100, 1.000000000000000000, 0.8660254037844387100, 1.000000000000000000, 0.8660254037844387100, 1.000000000000000000, 0.8660254037844387100, 1.000000000000000000, 0.8660254037844387100, 1.000000000000000000, 0.8660254037844387100, 1.000000000000000000, 0.8660254037844387100, 1.000000000000000000, 0.8660254037844387100, 1.000000000000000000, 0.8660254037844387100, 1.000000000000000000, 0.8660254037844387100, 1.000000000000000000, 0.8660254037844387100, 1.000000000000000000, 0.8660254037844387100, 1.000000000000000000, 0.8660254037844387100, 1.000000000000000000, 0.8660254037844387100, 1.000000000000000000, 0.8660254037844387100, 1.000000000000000000, 0.8660254037844387100, 1.000000000000000000, 0.8660254037844387100, 1.000000000000000000, 0.8660254037844387100, 1.000000000000000000, 0.8660254037844387100, 1.000000000000000000, 0.8660254037844387100, 1.000000000000000000, 0.8660254037844387100, 1.000000000000000000, 0.8660254037844387100, 1.000000000000000000, 0.8660254037844387100, 1.000000000000000000, 0.8660254037844387100, 1.000000000000000000, 0.8660254037844387100, 1.000000000000000000, 0.8660254037844387100, 1.000000000000000000, 0.8660254037844387100, 1.000000000000000000, 0.8660254037844387100, 1.000000000000000000, 0.8660254037844387100, 1.000000000000000000, 0.8660254037844387100, 1.000000000000000000, 0.8660254037844387100, 1.000000000000000000, 0.8660254037844387100, 1.000000000000000000, 0.8660254037844387100, 1.000000000000000000, 0.8660254037844387100, 1.000000000000000000, 0.8660254037844387100, 1.000000000000000000, 0.8660254037844387100, 1.000000000000000000, 0.8660254037844387100, 1.000000000000000000, 0.8660254037844387100, 1.000000000000000000, 0.8660254037844387100, 1.000000000000000000, 0.8660254037844387100, 1.000000000000000000, 0.8660254037844387100, 1.000000000000000000, 0.8660254037844387100, 1.000000000000000000, 0.8660254037844387100, 1.000000000000000000, 0.8660254037844387100, 1.000000000000000000, 0.8660254037844387100, 1.000000000000000000, 0.8660254037844387100, 1.000000000000000000, 0.8660254037844387100, 1.000000000000000000, 0.8660254037844387100, 1.000000000000000000, 0.8660254037844387100, 1.000000000000000000, 0.8660254037844387100, 1.000000000000000000, 0.8660254037844387100, 1.000000000000000000, 0.8660254037844387100, 1.000000000000000000, 0.8660254037844387100, 1.000000000000000000, 0.8660254037844387100, 1.000000000000000000, 0.8660254037844387100, 1.000000000000000000, 0.9447069716282451300, 0.9350542224270361700 ) ) 
 REPRESENTATION_ITEM ( '' )  );
#3176 = CARTESIAN_POINT ( 'NONE',  ( 23.32916666666666600, -0.7726683315065822100, -1.338300807568873400 ) ) ;
#3177 = CARTESIAN_POINT ( 'NONE',  ( -18.51666666666666600, -0.7726683315065825400, 1.338300807568873800 ) ) ;
#3178 = CARTESIAN_POINT ( 'NONE',  ( -20.73333333333333400, 0.7726683315065830900, 1.338300807568873600 ) ) ;
#3179 = ORIENTED_EDGE ( 'NONE', *, *, #5577, .F. ) ;
#3180 = CARTESIAN_POINT ( 'NONE',  ( -27.25081200405741200, -1.935009308942175600, 4.000000000000000000 ) ) ;
#3181 = DIRECTION ( 'NONE',  ( 0.0000000000000000000, 0.0000000000000000000, 1.000000000000000000 ) ) ;
#3182 = ORIENTED_EDGE ( 'NONE', *, *, #300, .F. ) ;
#3183 = CARTESIAN_POINT ( 'NONE',  ( -18.75000000000000000, 1.545336663013165700, 0.0000000000000000000 ) ) ;
#3184 = CARTESIAN_POINT ( 'NONE',  ( -26.99453666301316400, 0.3607448004394135400, 1.506195827237679200 ) ) ;
#3185 = CARTESIAN_POINT ( 'NONE',  ( -23.97083333333333500, 1.999999999999998700, -1.154700538379252100 ) ) ;
#3186 = CARTESIAN_POINT ( 'NONE',  ( -16.40000000000000200, 2.449293598294706400E-016, -2.000000000000000000 ) ) ;
#3187 = ORIENTED_EDGE ( 'NONE', *, *, #2861, .T. ) ;
#3188 = CARTESIAN_POINT ( 'NONE',  ( -17.08749999999999900, -8.715332896486790000E-016, -1.999999999999999600 ) ) ;
#3189 = CARTESIAN_POINT ( 'NONE',  ( 27.09166666666666900, 1.545336663013165100, -0.8922005383792486200 ) ) ;
#3190 = CARTESIAN_POINT ( 'NONE',  ( -17.08750000000000200, 1.092630533523692700E-016, 1.784401076758498400 ) ) ;
#3191 = CARTESIAN_POINT ( 'NONE',  ( 26.27499999999999900, -8.715332896486790000E-016, 2.000000000000000000 ) ) ;
#3192 = LOCAL_TIME ( 20, 35, 5.000000000000000000, #6479 ) ;
#3193 = EDGE_CURVE ( 'NONE', #4086, #2860, #2973, .T. ) ;
#3194 = CC_DESIGN_APPROVAL ( #5528, ( #2852 ) ) ;
#3195 = CARTESIAN_POINT ( 'NONE',  ( 27.50000000000000000, 0.0000000000000000000, 0.0000000000000000000 ) ) ;
#3196 = CARTESIAN_POINT ( 'NONE',  ( 27.50000000000000000, 0.0000000000000000000, 0.0000000000000000000 ) ) ;
#3197 = CARTESIAN_POINT ( 'NONE',  ( -21.69583333333333300, 1.000000000000000000, 1.732050807568877000 ) ) ;
#3198 = CARTESIAN_POINT ( 'NONE',  ( 23.44583333333333300, 0.7726683315065827600, -1.338300807568873200 ) ) ;
#3199 = CARTESIAN_POINT ( 'NONE',  ( -19.45000000000000300, 1.545336663013165700, 0.0000000000000000000 ) ) ;
#3200 = CARTESIAN_POINT ( 'NONE',  ( -19.33333333333333600, 0.7726683315065830900, 1.338300807568873600 ) ) ;
#3201 = VECTOR ( 'NONE', #4700, 1000.000000000000000 ) ;
#3202 = CARTESIAN_POINT ( 'NONE',  ( 18.86666666666666700, 0.7726683315065814300, 1.338300807568873800 ) ) ;
#3203 = EDGE_CURVE ( 'NONE', #1337, #3682, #2634, .T. ) ;
#3204 = CARTESIAN_POINT ( 'NONE',  ( -17.23333333333333400, 0.7726683315065830900, 1.338300807568873600 ) ) ;
#3205 = CARTESIAN_POINT ( 'NONE',  ( -19.53749999999999800, 2.905110965495596800E-016, 1.999999999999999600 ) ) ;
#3206 = CARTESIAN_POINT ( 'NONE',  ( -20.87916666666667000, -0.9999999999999993300, 1.732050807568877200 ) ) ;
#3207 = CARTESIAN_POINT ( 'NONE',  ( 27.47083333333333500, 1.999999999999999300, 1.154700538379252800 ) ) ;
#3208 = CARTESIAN_POINT ( 'NONE',  ( -26.30416666666667100, 1.545336663013165700, 0.8922005383792489500 ) ) ;
#3209 = CYLINDRICAL_SURFACE ( 'NONE', #3320, 2.000000000000000000 ) ;
#3210 = CARTESIAN_POINT ( 'NONE',  ( 22.33750000000000200, 2.312468328534495500E-014, -2.000000000000000000 ) ) ;
#3211 = CARTESIAN_POINT ( 'NONE',  ( 17.50000000000000000, 0.0000000000000000000, -2.000000000000000000 ) ) ;
#3212 = ADVANCED_FACE ( 'NONE', ( #615 ), #6422, .T. ) ;
#3213 = LINE ( 'NONE', #1504, #3630 ) ;
#3214 = DIRECTION ( 'NONE',  ( 1.000000000000000000, 0.0000000000000000000, 0.0000000000000000000 ) ) ;
#3215 = CARTESIAN_POINT ( 'NONE',  ( 18.95416666666666600, -1.545336663013165300, 0.8922005383792482900 ) ) ;
#3216 = AXIS2_PLACEMENT_3D ( 'NONE', #6222, #1572, #4176 ) ;
#3217 = CARTESIAN_POINT ( 'NONE',  ( -18.31250000000000400, -1.545336663013165700, 1.892491597964125200E-016 ) ) ;
#3218 = CARTESIAN_POINT ( 'NONE',  ( -16.40000000000000200, 0.0000000000000000000, 0.0000000000000000000 ) ) ;
#3219 = CARTESIAN_POINT ( 'NONE',  ( 20.23749999999999700, -3.277891600571076600E-016, 1.784401076758497700 ) ) ;
#3220 = CARTESIAN_POINT ( 'NONE',  ( 27.42074996003113800, -1.545336663013164900, -0.1261820362524772600 ) ) ;
#3221 = FACE_OUTER_BOUND ( 'NONE', #1913, .T. ) ;
#3222 = CARTESIAN_POINT ( 'NONE',  ( 22.01666666666666600, 0.9999999999999985600, 1.732050807568878100 ) ) ;
#3223 = CYLINDRICAL_SURFACE ( 'NONE', #3130, 2.000000000000000000 ) ;
#3224 = CARTESIAN_POINT ( 'NONE',  ( 18.95416666666666600, -1.545336663013165300, 0.8922005383792482900 ) ) ;
#3225 =( BOUNDED_CURVE ( )  B_SPLINE_CURVE ( 2, ( #2296, #2730, #5881, #5402, #6432 ),
 .UNSPECIFIED., .F., .T. ) 
 B_SPLINE_CURVE_WITH_KNOTS ( ( 3, 2, 3 ),
 ( 0.9843750000000000000, 0.9895833333333333700, 0.9938824248164116500 ),
 .UNSPECIFIED. ) 
 CURVE ( )  GEOMETRIC_REPRESENTATION_ITEM ( )  RATIONAL_B_SPLINE_CURVE ( ( 0.9330127018922194100, 0.9330127018922194100, 1.000000000000000000, 0.9447069716282394700, 0.9350542224270341800 ) ) 
 REPRESENTATION_ITEM ( '' )  );
#3226 = CARTESIAN_POINT ( 'NONE',  ( -20.90833333333333500, 1.545336663013165300, -0.8922005383792500600 ) ) ;
#3227 = CARTESIAN_POINT ( 'NONE',  ( -17.23333333333333400, 0.7726683315065830900, 1.338300807568873600 ) ) ;
#3228 = CARTESIAN_POINT ( 'NONE',  ( -16.71922361817577100, 1.260332556706125000, -0.8942187923032454100 ) ) ;
#3229 = CARTESIAN_POINT ( 'NONE',  ( 26.45000000000000300, -2.000000000000000000, -2.449293598294706400E-016 ) ) ;
#3230 = CARTESIAN_POINT ( 'NONE',  ( -17.52499999999999900, -3.277891600571078100E-016, -1.784401076758498400 ) ) ;
#3231 = CARTESIAN_POINT ( 'NONE',  ( -26.99453666301316400, 0.6495007342377320200, 1.405916950916873900 ) ) ;
#3232 = CARTESIAN_POINT ( 'NONE',  ( -22.45416666666667300, 1.999999999999999800, 1.154700538379251000 ) ) ;
#3233 = ORIENTED_EDGE ( 'NONE', *, *, #3519, .F. ) ;
#3234 = CARTESIAN_POINT ( 'NONE',  ( 27.12083333333333700, -1.999999999999999800, -1.154700538379252100 ) ) ;
#3235 = CARTESIAN_POINT ( 'NONE',  ( 27.29583333333333100, -0.7726683315065832100, 1.338300807568872900 ) ) ;
#3236 = CARTESIAN_POINT ( 'NONE',  ( -23.03750000000000100, 2.905110965495596800E-016, 1.999999999999999600 ) ) ;
#3237 = ORIENTED_EDGE ( 'NONE', *, *, #1438, .T. ) ;
#3238 = PLANE ( 'NONE',  #1668 ) ;
#3239 = CARTESIAN_POINT ( 'NONE',  ( 17.61250000000000100, -1.545336663013165100, -1.892491597964124500E-016 ) ) ;
#3240 = AXIS2_PLACEMENT_3D ( 'NONE', #4721, #5227, #5837 ) ;
#3241 = CARTESIAN_POINT ( 'NONE',  ( -20.41250000000000500, -1.545336663013165700, 1.892491597964125200E-016 ) ) ;
#3242 = CARTESIAN_POINT ( 'NONE',  ( 24.64166666666666600, 2.000000000000000000, -1.154700538379251200 ) ) ;
#3243 = CARTESIAN_POINT ( 'NONE',  ( 25.10833333333333100, -1.999999999999999600, -1.154700538379252600 ) ) ;
#3244 = ORIENTED_EDGE ( 'NONE', *, *, #3548, .F. ) ;
#3245 = CARTESIAN_POINT ( 'NONE',  ( 27.55833333333333400, -1.545336663013164600, -0.8922005383792492900 ) ) ;
#3246 = CARTESIAN_POINT ( 'NONE',  ( -22.54166666666666800, 1.999999999999999600, 1.154700538379251000 ) ) ;
#3247 = CARTESIAN_POINT ( 'NONE',  ( 18.48749999999999700, 1.092630533523692200E-016, -1.784401076758497700 ) ) ;
#3248 = EDGE_CURVE ( 'NONE', #6448, #5407, #2654, .T. ) ;
#3249 = CARTESIAN_POINT ( 'NONE',  ( -17.05833333333333400, -1.545336663013165300, 0.8922005383792495100 ) ) ;
#3250 = CARTESIAN_POINT ( 'NONE',  ( -18.86666666666666700, 0.7726683315065817600, -1.338300807568874300 ) ) ;
#3251 = CARTESIAN_POINT ( 'NONE',  ( -27.07865679567028700, 0.7679623342408317100, 1.442824460949098300 ) ) ;
#3252 = ORIENTED_EDGE ( 'NONE', *, *, #2861, .F. ) ;
#3253 = CARTESIAN_POINT ( 'NONE',  ( -18.39999999999999900, -1.545336663013165700, 1.892491597964125200E-016 ) ) ;
#3254 = CARTESIAN_POINT ( 'NONE',  ( 17.34030391707408100, 1.557532499224184100, 4.000000000000000000 ) ) ;
#3255 = CARTESIAN_POINT ( 'NONE',  ( -22.33750000000000600, 1.414100318299875800E-016, 2.309401076758502500 ) ) ;
#3256 = CARTESIAN_POINT ( 'NONE',  ( 27.64583333333333600, -1.000000000000000900, 1.732050807568876700 ) ) ;
#3257 = ORIENTED_EDGE ( 'NONE', *, *, #4253, .T. ) ;
#3258 = CARTESIAN_POINT ( 'NONE',  ( -24.64166666666666600, 1.999999999999999600, 1.154700538379251000 ) ) ;
#3259 = CARTESIAN_POINT ( 'NONE',  ( -16.79373926088303600, -0.5358983848622449500, 1.999999999999999600 ) ) ;
#3260 = CARTESIAN_POINT ( 'NONE',  ( -20.29373926088303600, -0.5358983848622449500, 1.999999999999999600 ) ) ;
#3261 = CARTESIAN_POINT ( 'NONE',  ( 26.56666666666666600, 0.7726683315065814300, 1.338300807568873800 ) ) ;
#3262 = CARTESIAN_POINT ( 'NONE',  ( -19.94583333333333600, 0.7726683315065830900, 1.338300807568873600 ) ) ;
#3263 = CARTESIAN_POINT ( 'NONE',  ( 22.77499999999999900, -4.242300954899627700E-016, 2.309401076758502900 ) ) ;
#3264 = ORIENTED_EDGE ( 'NONE', *, *, #1783, .T. ) ;
#3265 = CARTESIAN_POINT ( 'NONE',  ( 24.87500000000000000, -8.715332896486790000E-016, 2.000000000000000000 ) ) ;
#3266 =( BOUNDED_CURVE ( )  B_SPLINE_CURVE ( 2, ( #3391, #5445, #1814, #4413, #3344, #3918, #1860, #3879, #257 ),
 .UNSPECIFIED., .F., .T. ) 
 B_SPLINE_CURVE_WITH_KNOTS ( ( 3, 2, 2, 2, 3 ),
 ( 0.4088966866011878300, 0.4143486424225371100, 0.4252525540652354900, 0.4361564657079338700, 0.4416084105153732500 ),
 .UNSPECIFIED. ) 
 CURVE ( )  GEOMETRIC_REPRESENTATION_ITEM ( )  RATIONAL_B_SPLINE_CURVE ( ( 0.9330127018922193000, 0.9330127018922178600, 1.000000000000000000, 0.8660254037844387100, 1.000000000000000000, 0.8660254037844387100, 1.000000000000000000, 0.9330128372183444900, 0.9330127018924927500 ) ) 
 REPRESENTATION_ITEM ( '' )  );
#3267 = VERTEX_POINT ( 'NONE', #5941 ) ;
#3268 = AXIS2_PLACEMENT_3D ( 'NONE', #6230, #25, #4715 ) ;
#3269 = CARTESIAN_POINT ( 'NONE',  ( 21.78333333333333500, 1.000000000000000200, -1.732050807568877200 ) ) ;
#3270 = CARTESIAN_POINT ( 'NONE',  ( -23.56250000000000000, -1.999999999999999600, 2.449293598294705900E-016 ) ) ;
#3271 = CARTESIAN_POINT ( 'NONE',  ( 23.38750012630434600, -2.165217451913196700E-006, 1.999999999998828000 ) ) ;
#3272 = CARTESIAN_POINT ( 'NONE',  ( 19.18749999999999600, 1.092630533523692200E-016, -1.784401076758497700 ) ) ;
#3273 = CARTESIAN_POINT ( 'NONE',  ( -18.05000000000000100, 1.545336663013165700, 0.0000000000000000000 ) ) ;
#3274 = CARTESIAN_POINT ( 'NONE',  ( -27.31280740242543100, 1.831169389436680700, 0.3690575065668808000 ) ) ;
#3275 = ORIENTED_EDGE ( 'NONE', *, *, #3872, .T. ) ;
#3276 = CARTESIAN_POINT ( 'NONE',  ( -17.69999999999999900, -1.545336663013165700, 1.892491597964125200E-016 ) ) ;
#3277 = DIRECTION ( 'NONE',  ( -1.000000000000000000, -0.0000000000000000000, -0.0000000000000000000 ) ) ;
#3278 = CARTESIAN_POINT ( 'NONE',  ( -23.03750000000000100, 1.414100318299875800E-016, 2.309401076758502500 ) ) ;
#3279 = CARTESIAN_POINT ( 'NONE',  ( 17.34999999999999800, 1.545336663013165100, 0.0000000000000000000 ) ) ;
#3280 = CARTESIAN_POINT ( 'NONE',  ( -26.59583333333333500, -0.7726683315065834300, -1.338300807568873400 ) ) ;
#3281 = CARTESIAN_POINT ( 'NONE',  ( -24.58333333333333200, 1.000000000000000000, 1.732050807568877000 ) ) ;
#3282 = CARTESIAN_POINT ( 'NONE',  ( -20.32499999999999600, 2.905110965495596800E-016, 1.999999999999999600 ) ) ;
#3283 = CARTESIAN_POINT ( 'NONE',  ( 19.18484923431058000, 0.04544169753294285300, 2.000000172511913200 ) ) ;
#3284 = CARTESIAN_POINT ( 'NONE',  ( -27.35416666666666800, 1.999999999999999600, 1.154700538379251000 ) ) ;
#3285 = CARTESIAN_POINT ( 'NONE',  ( 26.39166666666666600, 1.545336663013165100, -0.8922005383792486200 ) ) ;
#3286 = CARTESIAN_POINT ( 'NONE',  ( -16.67916666666666700, 0.7726683315065817600, -1.338300807568874300 ) ) ;
#3287 = CARTESIAN_POINT ( 'NONE',  ( 23.12500000000000000, 1.414100318299875800E-016, -2.309401076758502900 ) ) ;
#3288 = EDGE_CURVE ( 'NONE', #4406, #5084, #5120, .T. ) ;
#3289 = CARTESIAN_POINT ( 'NONE',  ( -27.49999999999999600, 3.268109542640657200, 2.339468227445695700 ) ) ;
#3290 = CONICAL_SURFACE ( 'NONE', #244, 2.050800000000000200, 0.7853981633974500600 ) ;
#3291 = CARTESIAN_POINT ( 'NONE',  ( 26.74166666666667100, -1.545336663013165300, 0.8922005383792482900 ) ) ;
#3292 = CARTESIAN_POINT ( 'NONE',  ( -22.68750000000000000, -8.715332896486790000E-016, -1.999999999999999600 ) ) ;
#3293 = CARTESIAN_POINT ( 'NONE',  ( 19.01250000000000300, -1.545336663013165100, -1.892491597964124500E-016 ) ) ;
#3294 = CARTESIAN_POINT ( 'NONE',  ( -17.17500000000000100, 1.092630533523692800E-016, 1.784401076758498400 ) ) ;
#3295 = CARTESIAN_POINT ( 'NONE',  ( -19.21666666666666500, -0.7726683315065825400, 1.338300807568873800 ) ) ;
#3296 = CARTESIAN_POINT ( 'NONE',  ( -27.33082056475920400, 1.870319874927250300, 0.2429570141798324500 ) ) ;
#3297 = FACE_OUTER_BOUND ( 'NONE', #5647, .T. ) ;
#3298 = CARTESIAN_POINT ( 'NONE',  ( 18.72754000000000100, 1.291670307408470100, 0.8483237701561673300 ) ) ;
#3299 = EDGE_CURVE ( 'NONE', #6634, #3333, #360, .T. ) ;
#3300 = CARTESIAN_POINT ( 'NONE',  ( -24.14583333333333600, 0.7726683315065830900, 1.338300807568873600 ) ) ;
#3301 = CARTESIAN_POINT ( 'NONE',  ( 17.29166666666666800, 1.545336663013165100, -0.8922005383792486200 ) ) ;
#3302 = CARTESIAN_POINT ( 'NONE',  ( -26.01249999999999900, -1.545336663013165700, 1.892491597964125200E-016 ) ) ;
#3303 = FACE_OUTER_BOUND ( 'NONE', #1902, .T. ) ;
#3304 = CIRCLE ( 'NONE', #6742, 4.000000000000000000 ) ;
#3305 = CARTESIAN_POINT ( 'NONE',  ( 21.11250000000000400, 2.000000000000000000, 0.0000000000000000000 ) ) ;
#3306 = CARTESIAN_POINT ( 'NONE',  ( -22.33750000000000200, 2.905110965495596800E-016, 1.999999999999999600 ) ) ;
#3307 = CARTESIAN_POINT ( 'NONE',  ( -20.15000000000000200, -1.999999999999999600, 2.449293598294705900E-016 ) ) ;
#3308 = CARTESIAN_POINT ( 'NONE',  ( 26.91666666666666400, -0.7726683315065822100, -1.338300807568873400 ) ) ;
#3309 = AXIS2_PLACEMENT_3D ( 'NONE', #6476, #1324, #3875 ) ;
#3310 = CARTESIAN_POINT ( 'NONE',  ( -27.50000000000000000, 1.999999999999999600, 0.0000000000000000000 ) ) ;
#3311 = CARTESIAN_POINT ( 'NONE',  ( 24.69999999999999900, 2.000000000000000000, 0.0000000000000000000 ) ) ;
#3312 = CARTESIAN_POINT ( 'NONE',  ( 20.58749999999999900, 1.092630533523692200E-016, -1.784401076758497700 ) ) ;
#3313 = ORIENTED_EDGE ( 'NONE', *, *, #1428, .T. ) ;
#3314 = CARTESIAN_POINT ( 'NONE',  ( 18.51666666666666600, -0.7726683315065822100, -1.338300807568873400 ) ) ;
#3315 = CARTESIAN_POINT ( 'NONE',  ( 26.62500000000000000, -3.277891600571076600E-016, 1.784401076758497700 ) ) ;
#3316 = CARTESIAN_POINT ( 'NONE',  ( 20.58749999999999900, 1.092630533523692200E-016, -1.784401076758497700 ) ) ;
#3317 = CARTESIAN_POINT ( 'NONE',  ( -17.29166666666666800, 1.545336663013165700, 0.8922005383792489500 ) ) ;
#3318 = CARTESIAN_POINT ( 'NONE',  ( 17.50000000000000000, 2.449293598294706400E-016, 2.000000000000000000 ) ) ;
#3319 = ORIENTED_EDGE ( 'NONE', *, *, #76, .F. ) ;
#3320 = AXIS2_PLACEMENT_3D ( 'NONE', #6019, #2885, #1768 ) ;
#3321 = CARTESIAN_POINT ( 'NONE',  ( 25.86666666666666700, -0.9999999999999995600, -1.732050807568877400 ) ) ;
#3322 = CARTESIAN_POINT ( 'NONE',  ( 19.12916666666666600, -0.7726683315065822100, -1.338300807568873400 ) ) ;
#3323 = CARTESIAN_POINT ( 'NONE',  ( -26.65416666666666900, -1.545336663013166200, -0.8922005383792486200 ) ) ;
#3324 = DIRECTION ( 'NONE',  ( 0.0000000000000000000, 0.0000000000000000000, 1.000000000000000000 ) ) ;
#3325 = CARTESIAN_POINT ( 'NONE',  ( 21.17083333333333800, 1.999999999999999300, 1.154700538379252800 ) ) ;
#3326 = CARTESIAN_POINT ( 'NONE',  ( -20.87916666666667000, 0.7726683315065817600, -1.338300807568874300 ) ) ;
#3327 = CARTESIAN_POINT ( 'NONE',  ( 19.94583333333333300, 0.7726683315065827600, -1.338300807568873200 ) ) ;
#3328 = ORIENTED_EDGE ( 'NONE', *, *, #2509, .F. ) ;
#3329 = CARTESIAN_POINT ( 'NONE',  ( 26.07083333333333300, -1.545336663013164400, -0.8922005383792492900 ) ) ;
#3330 = CARTESIAN_POINT ( 'NONE',  ( 17.50000000000000400, 0.3914063539656136800, -4.000000000000000900 ) ) ;
#3331 = CARTESIAN_POINT ( 'NONE',  ( 26.50623926088303500, -0.5358983848622423900, -2.000000000000001300 ) ) ;
#3332 = CARTESIAN_POINT ( 'NONE',  ( 24.46666666666666900, 0.7726683315065814300, 1.338300807568873800 ) ) ;
#3333 = VERTEX_POINT ( 'NONE', #1803 ) ;
#3334 = AXIS2_PLACEMENT_3D ( 'NONE', #106, #4848, #6424 ) ;
#3335 = CARTESIAN_POINT ( 'NONE',  ( -25.86666666666666700, -0.9999999999999993300, 1.732050807568877200 ) ) ;
#3336 = CARTESIAN_POINT ( 'NONE',  ( 18.16666666666666400, 0.7726683315065814300, 1.338300807568873800 ) ) ;
#3337 = CARTESIAN_POINT ( 'NONE',  ( 24.17499999999999700, 1.092630533523692200E-016, -1.784401076758497700 ) ) ;
#3338 = ORIENTED_EDGE ( 'NONE', *, *, #5525, .F. ) ;
#3339 = DIRECTION ( 'NONE',  ( 1.000000000000000000, 0.0000000000000000000, 0.0000000000000000000 ) ) ;
#3340 = CARTESIAN_POINT ( 'NONE',  ( 17.50000000000000000, 0.0000000000000000000, 0.0000000000000000000 ) ) ;
#3341 = DIRECTION ( 'NONE',  ( -1.000000000000000000, -0.0000000000000000000, -0.0000000000000000000 ) ) ;
#3342 = EDGE_CURVE ( 'NONE', #5685, #1811, #5435, .T. ) ;
#3343 = CARTESIAN_POINT ( 'NONE',  ( -16.88333333333333300, -0.7726683315065834300, -1.338300807568873400 ) ) ;
#3344 = CARTESIAN_POINT ( 'NONE',  ( 23.56250000000000000, -2.000000000000000000, -2.449293598294706400E-016 ) ) ;
#3345 = CARTESIAN_POINT ( 'NONE',  ( 23.35833333333333400, 1.999999999999999300, 1.154700538379252600 ) ) ;
#3346 = VERTEX_POINT ( 'NONE', #1316 ) ;
#3347 = CARTESIAN_POINT ( 'NONE',  ( -27.17916666666667100, 0.7726683315065817600, -1.338300807568874300 ) ) ;
#3348 = DIRECTION ( 'NONE',  ( -1.000000000000000000, -0.0000000000000000000, -0.0000000000000000000 ) ) ;
#3349 = CARTESIAN_POINT ( 'NONE',  ( 23.56250000000000000, -2.000000000000000000, -2.449293598294706400E-016 ) ) ;
#3350 = CARTESIAN_POINT ( 'NONE',  ( -22.92083333333333400, 1.545336663013165300, -0.8922005383792500600 ) ) ;
#3351 = ORIENTED_EDGE ( 'NONE', *, *, #1387, .T. ) ;
#3352 = CARTESIAN_POINT ( 'NONE',  ( 26.53749999999999800, -3.277891600571076600E-016, 1.784401076758497700 ) ) ;
#3353 = CARTESIAN_POINT ( 'NONE',  ( -27.14273441009208200, -2.309401076758875100, -4.000000000000001800 ) ) ;
#3354 = EDGE_LOOP ( 'NONE', ( #5720, #6603, #5378, #2298 ) ) ;
#3355 =( BOUNDED_CURVE ( )  B_SPLINE_CURVE ( 2, ( #705, #1742, #6454, #727, #1834, #5442, #3805, #5925, #2773 ),
 .UNSPECIFIED., .F., .T. ) 
 B_SPLINE_CURVE_WITH_KNOTS ( ( 3, 2, 2, 2, 3 ),
 ( 0.3281250000000000000, 0.3333333333333333100, 0.3437500000000000000, 0.3541666666666666900, 0.3593750000000000000 ),
 .UNSPECIFIED. ) 
 CURVE ( )  GEOMETRIC_REPRESENTATION_ITEM ( )  RATIONAL_B_SPLINE_CURVE ( ( 0.9330127018922194100, 0.9330127018922194100, 1.000000000000000000, 0.8660254037844387100, 1.000000000000000000, 0.8660254037844387100, 1.000000000000000000, 0.9330127018922194100, 0.9330127018922194100 ) ) 
 REPRESENTATION_ITEM ( '' )  );
#3356 = CARTESIAN_POINT ( 'NONE',  ( 27.42966333698654700, -1.540994115310177400, 0.1537071360029236600 ) ) ;
#3357 = CARTESIAN_POINT ( 'NONE',  ( 26.21876079773503700, -0.5358993897434711800, 1.999999419831553800 ) ) ;
#3358 = CARTESIAN_POINT ( 'NONE',  ( 23.70833333333333200, 1.545336663013164600, 0.8922005383792495100 ) ) ;
#3359 = ORIENTED_EDGE ( 'NONE', *, *, #6682, .T. ) ;
#3360 = CARTESIAN_POINT ( 'NONE',  ( -24.29166666666666800, -2.000000000000000000, -1.154700538379250400 ) ) ;
#3361 = CARTESIAN_POINT ( 'NONE',  ( 18.22500000000000100, -3.277891600571076600E-016, 1.784401076758497700 ) ) ;
#3362 = CARTESIAN_POINT ( 'NONE',  ( 23.18333333333333400, -0.7726683315065832100, 1.338300807568872900 ) ) ;
#3363 = ORIENTED_EDGE ( 'NONE', *, *, #684, .F. ) ;
#3364 = DIRECTION ( 'NONE',  ( -1.000000000000000000, -0.0000000000000000000, -0.0000000000000000000 ) ) ;
#3365 = CARTESIAN_POINT ( 'NONE',  ( -16.82499999999999900, 2.905110965495596800E-016, 1.999999999999999600 ) ) ;
#3366 = CARTESIAN_POINT ( 'NONE',  ( -20.93750000000000000, 2.905110965495596800E-016, 1.999999999999999600 ) ) ;
#3367 = CARTESIAN_POINT ( 'NONE',  ( 24.87500000000000000, -8.715332896486790000E-016, 2.000000000000000000 ) ) ;
#3368 = CARTESIAN_POINT ( 'NONE',  ( 17.50000000000000000, 3.464101615137753500, 2.000000000000001300 ) ) ;
#3369 = CALENDAR_DATE ( 2021, 9, 7 ) ;
#3370 = CARTESIAN_POINT ( 'NONE',  ( -19.97499999999999800, -8.715332896486790000E-016, -1.999999999999999600 ) ) ;
#3371 = CARTESIAN_POINT ( 'NONE',  ( -27.35416666666666800, -1.545336663013166200, -0.8922005383792486200 ) ) ;
#3372 = CARTESIAN_POINT ( 'NONE',  ( -26.68333333333333400, -0.7726683315065834300, -1.338300807568873400 ) ) ;
#3373 = CARTESIAN_POINT ( 'NONE',  ( 22.62916666666667000, 0.9999999999999985600, 1.732050807568878100 ) ) ;
#3374 = CARTESIAN_POINT ( 'NONE',  ( -20.99583333333333400, -0.7726683315065834300, -1.338300807568873400 ) ) ;
#3375 = CARTESIAN_POINT ( 'NONE',  ( -27.49999999999999600, -3.464101615137755700, 1.999999999999998700 ) ) ;
#3376 = FACE_OUTER_BOUND ( 'NONE', #3448, .T. ) ;
#3377 = AXIS2_PLACEMENT_3D ( 'NONE', #187, #6495, #251 ) ;
#3378 = CARTESIAN_POINT ( 'NONE',  ( -25.60626073911696200, -0.5358983848622459500, -1.999999999999999100 ) ) ;
#3379 = CARTESIAN_POINT ( 'NONE',  ( -27.49999999999999600, 0.0000000000000000000, 0.0000000000000000000 ) ) ;
#3380 = CARTESIAN_POINT ( 'NONE',  ( 26.53750000000000500, 5.926426369611017600E-015, -2.000000000000000000 ) ) ;
#3381 = CARTESIAN_POINT ( 'NONE',  ( 20.26666666666666600, 0.7726683315065814300, 1.338300807568873800 ) ) ;
#3382 = CARTESIAN_POINT ( 'NONE',  ( -24.11666666666666700, 0.9999999999999983300, -1.732050807568877900 ) ) ;
#3383 = EDGE_CURVE ( 'NONE', #3919, #1584, #1781, .T. ) ;
#3384 = CARTESIAN_POINT ( 'NONE',  ( 18.34166666666666500, -1.545336663013165300, 0.8922005383792482900 ) ) ;
#3385 = CARTESIAN_POINT ( 'NONE',  ( 23.70833333333333200, 1.545336663013164600, 0.8922005383792495100 ) ) ;
#3386 = FACE_OUTER_BOUND ( 'NONE', #2423, .T. ) ;
#3387 = CARTESIAN_POINT ( 'NONE',  ( -20.17916666666666700, -0.9999999999999993300, 1.732050807568877200 ) ) ;
#3388 = CARTESIAN_POINT ( 'NONE',  ( -17.46666666666666500, -0.9999999999999993300, 1.732050807568877200 ) ) ;
#3389 = CARTESIAN_POINT ( 'NONE',  ( 18.79725184659986300, -6.391244124090311400E-016, 1.615048509613028900 ) ) ;
#3390 = CARTESIAN_POINT ( 'NONE',  ( 24.55626073911696500, 0.5358983848622456100, -1.999999999999999600 ) ) ;
#3391 = CARTESIAN_POINT ( 'NONE',  ( 23.73750000000000400, 2.312468328534495500E-014, -2.000000000000000000 ) ) ;
#3392 = DIRECTION ( 'NONE',  ( 0.0000000000000000000, 0.0000000000000000000, -1.000000000000000000 ) ) ;
#3393 = VECTOR ( 'NONE', #45, 1000.000000000000000 ) ;
#3394 = EDGE_CURVE ( 'NONE', #2923, #3009, #950, .T. ) ;
#3395 = CARTESIAN_POINT ( 'NONE',  ( -26.12916666666667000, -0.7726683315065825400, 1.338300807568873800 ) ) ;
#3396 =( BOUNDED_CURVE ( )  B_SPLINE_CURVE ( 2, ( #4624, #3035, #1462, #3061, #3011, #6684, #4115, #428, #4072 ),
 .UNSPECIFIED., .F., .T. ) 
 B_SPLINE_CURVE_WITH_KNOTS ( ( 3, 2, 2, 2, 3 ),
 ( 0.3761849406591781800, 0.3816369074944420700, 0.3925408191371404500, 0.4034447307798387800, 0.4088966866011878300 ),
 .UNSPECIFIED. ) 
 CURVE ( )  GEOMETRIC_REPRESENTATION_ITEM ( )  RATIONAL_B_SPLINE_CURVE ( ( 0.9330127018924927500, 0.9330125665660328200, 1.000000000000000000, 0.8660254037844387100, 1.000000000000000000, 0.8660254037844387100, 1.000000000000000000, 0.9330127018922207400, 0.9330127018922193000 ) ) 
 REPRESENTATION_ITEM ( '' )  );
#3397 = CARTESIAN_POINT ( 'NONE',  ( 22.57083333333333300, 1.999999999999999300, 1.154700538379252600 ) ) ;
#3398 = CARTESIAN_POINT ( 'NONE',  ( 22.57083333333333300, 1.999999999999999300, 1.154700538379252800 ) ) ;
#3399 = CARTESIAN_POINT ( 'NONE',  ( -23.73750000000000100, -3.277891600571078100E-016, -1.784401076758498400 ) ) ;
#3400 = CARTESIAN_POINT ( 'NONE',  ( -17.90626073911697000, -0.5358983848622459500, -1.999999999999999100 ) ) ;
#3401 = CARTESIAN_POINT ( 'NONE',  ( -17.78750000000000500, -4.242300954899626700E-016, -2.309401076758502500 ) ) ;
#3402 = CARTESIAN_POINT ( 'NONE',  ( -16.40000000000000200, 2.449293598294706400E-016, -2.000000000000000000 ) ) ;
#3403 = ORIENTED_EDGE ( 'NONE', *, *, #982, .F. ) ;
#3404 = CARTESIAN_POINT ( 'NONE',  ( 26.80000000000000100, 2.000000000000000000, 0.0000000000000000000 ) ) ;
#3405 = CARTESIAN_POINT ( 'NONE',  ( 17.50000000000000000, -3.464101615137755700, 1.999999999999998700 ) ) ;
#3406 = CARTESIAN_POINT ( 'NONE',  ( 22.48333333333333400, -0.7726683315065832100, 1.338300807568872900 ) ) ;
#3407 = AXIS2_PLACEMENT_3D ( 'NONE', #5872, #1155, #2745 ) ;
#3408 = CARTESIAN_POINT ( 'NONE',  ( -21.43333333333333400, -1.000000000000000700, -1.732050807568876300 ) ) ;
#3409 = CARTESIAN_POINT ( 'NONE',  ( 27.34294755034118300, 0.4489603017891824500, 1.573094477809881400 ) ) ;
#3410 = VERTEX_POINT ( 'NONE', #1985 ) ;
#3411 = CARTESIAN_POINT ( 'NONE',  ( 23.41666666666666400, -0.7726683315065822100, -1.338300807568873400 ) ) ;
#3412 = CARTESIAN_POINT ( 'NONE',  ( -23.94166666666666600, 1.999999999999999600, 1.154700538379251000 ) ) ;
#3413 = DIRECTION ( 'NONE',  ( 0.0000000000000000000, 0.0000000000000000000, -1.000000000000000000 ) ) ;
#3414 = CARTESIAN_POINT ( 'NONE',  ( 18.75711623549787200, 0.8549983642200388300, 1.328976429795635700 ) ) ;
#3415 = CARTESIAN_POINT ( 'NONE',  ( -27.42236982731576200, 1.344093858215954100, 1.456079464463026800 ) ) ;
#3416 = CARTESIAN_POINT ( 'NONE',  ( -16.88333333333333300, -0.7726683315065834300, -1.338300807568873400 ) ) ;
#3417 = EDGE_LOOP ( 'NONE', ( #1223, #4173 ) ) ;
#3418 = CARTESIAN_POINT ( 'NONE',  ( -23.76876073911697100, 0.5358983848622455000, 1.999999999999999600 ) ) ;
#3419 = CARTESIAN_POINT ( 'NONE',  ( -20.17916666666666700, 0.7726683315065817600, -1.338300807568874300 ) ) ;
#3420 = CARTESIAN_POINT ( 'NONE',  ( -26.74166666666667100, -1.545336663013166400, -0.8922005383792486200 ) ) ;
#3421 = CARTESIAN_POINT ( 'NONE',  ( 21.46250000000000200, -2.000000000000000000, -2.449293598294706400E-016 ) ) ;
#3422 = CARTESIAN_POINT ( 'NONE',  ( -23.09583333333333500, -0.7726683315065834300, -1.338300807568873400 ) ) ;
#3423 = CARTESIAN_POINT ( 'NONE',  ( 21.25833333333333300, 1.999999999999999300, 1.154700538379252800 ) ) ;
#3424 = CARTESIAN_POINT ( 'NONE',  ( 25.60416666666666400, 1.545336663013165100, -0.8922005383792486200 ) ) ;
#3425 = CARTESIAN_POINT ( 'NONE',  ( -18.07916666666666600, -0.9999999999999993300, 1.732050807568877200 ) ) ;
#3426 = VERTEX_POINT ( 'NONE', #1363 ) ;
#3427 = CARTESIAN_POINT ( 'NONE',  ( 25.86666666666666700, 0.7726683315065814300, 1.338300807568873800 ) ) ;
#3428 = EDGE_CURVE ( 'NONE', #899, #3346, #4364, .T. ) ;
#3429 = CARTESIAN_POINT ( 'NONE',  ( -21.31666666666666600, 0.9999999999999983300, -1.732050807568877900 ) ) ;
#3430 = CARTESIAN_POINT ( 'NONE',  ( 19.62500000000000000, -3.277891600571076600E-016, 1.784401076758497700 ) ) ;
#3431 = CARTESIAN_POINT ( 'NONE',  ( -22.65833333333333500, 1.999999999999998700, -1.154700538379252100 ) ) ;
#3432 = VERTEX_POINT ( 'NONE', #337 ) ;
#3433 = CARTESIAN_POINT ( 'NONE',  ( -27.24040519462436200, -1.725132380511657800, -0.4966002190453938600 ) ) ;
#3434 = DIRECTION ( 'NONE',  ( 1.000000000000000000, 0.0000000000000000000, 0.0000000000000000000 ) ) ;
#3435 = ORIENTED_EDGE ( 'NONE', *, *, #5397, .T. ) ;
#3436 = EDGE_CURVE ( 'NONE', #5126, #17, #1020, .T. ) ;
#3437 = CARTESIAN_POINT ( 'NONE',  ( -23.12499999999999600, 2.905110965495596800E-016, 1.999999999999999600 ) ) ;
#3438 = CARTESIAN_POINT ( 'NONE',  ( 25.89583333333333600, 1.000000000000000200, -1.732050807568877200 ) ) ;
#3439 = CARTESIAN_POINT ( 'NONE',  ( -16.71922361817577100, 1.260332556706125200, -0.8942187923032454100 ) ) ;
#3440 = ORIENTED_EDGE ( 'NONE', *, *, #4046, .F. ) ;
#3441 = CARTESIAN_POINT ( 'NONE',  ( -21.69583333333333600, -0.7726683315065834300, -1.338300807568873400 ) ) ;
#3442 = CARTESIAN_POINT ( 'NONE',  ( 19.53750000000000100, 1.414100318299875800E-016, -2.309401076758502900 ) ) ;
#3443 =( BOUNDED_CURVE ( )  B_SPLINE_CURVE ( 2, ( #2309, #860, #834, #1406, #3404, #6532, #4472, #6512, #1851 ),
 .UNSPECIFIED., .F., .T. ) 
 B_SPLINE_CURVE_WITH_KNOTS ( ( 3, 2, 2, 2, 3 ),
 ( 0.04687499999999981300, 0.05208333333333333600, 0.06250000000000000000, 0.07291666666666667100, 0.07812500000000000000 ),
 .UNSPECIFIED. ) 
 CURVE ( )  GEOMETRIC_REPRESENTATION_ITEM ( )  RATIONAL_B_SPLINE_CURVE ( ( 0.9330127018922194100, 0.9330127018922169700, 1.000000000000000000, 0.8660254037844387100, 1.000000000000000000, 0.8660254037844387100, 1.000000000000000000, 0.9330127018922194100, 0.9330127018922194100 ) ) 
 REPRESENTATION_ITEM ( '' )  );
#3444 = CARTESIAN_POINT ( 'NONE',  ( -18.19583333333333600, -0.7726683315065834300, -1.338300807568873400 ) ) ;
#3445 = DIRECTION ( 'NONE',  ( -1.000000000000000000, 0.0000000000000000000, 0.0000000000000000000 ) ) ;
#3446 = CARTESIAN_POINT ( 'NONE',  ( 20.20833333333333600, -1.999999999999999800, -1.154700538379252100 ) ) ;
#3447 = CARTESIAN_POINT ( 'NONE',  ( -18.72083333333333500, -1.999999999999999300, 1.154700538379251700 ) ) ;
#3448 = EDGE_LOOP ( 'NONE', ( #1805, #4149, #2301, #5314, #5328, #4377, #1657, #5282 ) ) ;
#3449 = CARTESIAN_POINT ( 'NONE',  ( 24.11666666666666700, -0.7726683315065822100, -1.338300807568873400 ) ) ;
#3450 = CARTESIAN_POINT ( 'NONE',  ( 19.82916666666666900, 0.9999999999999985600, 1.732050807568878100 ) ) ;
#3451 = CARTESIAN_POINT ( 'NONE',  ( 21.60833333333333400, -1.999999999999999600, -1.154700538379252600 ) ) ;
#3452 = CARTESIAN_POINT ( 'NONE',  ( 23.06666666666666600, 0.7726683315065814300, 1.338300807568873800 ) ) ;
#3453 = CARTESIAN_POINT ( 'NONE',  ( -23.41666666666666800, 0.9999999999999983300, -1.732050807568877900 ) ) ;
#3454 = CARTESIAN_POINT ( 'NONE',  ( 27.30074089587275700, 1.306786751931352500, 1.052691654915147500 ) ) ;
#3455 = COORDINATED_UNIVERSAL_TIME_OFFSET ( 6, 0, .BEHIND. ) ;
#3456 = CARTESIAN_POINT ( 'NONE',  ( -19.50833333333333300, -1.999999999999999300, 1.154700538379251900 ) ) ;
#3457 = CARTESIAN_POINT ( 'NONE',  ( 22.68750012630435700, -2.165217567232416000E-006, 1.999999999998828300 ) ) ;
#3458 = CARTESIAN_POINT ( 'NONE',  ( 26.47916666666666400, 0.7726683315065814300, 1.338300807568873800 ) ) ;
#3459 = CARTESIAN_POINT ( 'NONE',  ( -27.39765843561190600, 0.7159011143376045000, 1.821147340659361900 ) ) ;
#3460 = CARTESIAN_POINT ( 'NONE',  ( -17.75623926088303900, 0.5358983848622441700, -2.000000000000000000 ) ) ;
#3461 = CARTESIAN_POINT ( 'NONE',  ( -21.34583333333333500, 0.7726683315065830900, 1.338300807568873600 ) ) ;
#3462 = CARTESIAN_POINT ( 'NONE',  ( -22.89166666666666600, 1.545336663013165700, 0.8922005383792489500 ) ) ;
#3463 = CARTESIAN_POINT ( 'NONE',  ( 20.87916666666667000, -0.9999999999999995600, -1.732050807568877400 ) ) ;
#3464 = CARTESIAN_POINT ( 'NONE',  ( -19.71250000000000200, -1.545336663013165700, 1.892491597964125200E-016 ) ) ;
#3465 = CARTESIAN_POINT ( 'NONE',  ( 20.67499999999999700, -4.242300954899627700E-016, 2.309401076758502900 ) ) ;
#3466 = CARTESIAN_POINT ( 'NONE',  ( 22.74583333333333400, 0.7726683315065827600, -1.338300807568873200 ) ) ;
#3467 = CARTESIAN_POINT ( 'NONE',  ( -19.36250000000000400, -1.999999999999999600, 2.449293598294705900E-016 ) ) ;
#3468 = CARTESIAN_POINT ( 'NONE',  ( 23.12500000000000000, -3.277891600571076600E-016, 1.784401076758497700 ) ) ;
#3469 = CARTESIAN_POINT ( 'NONE',  ( 21.60833333333333400, 1.545336663013164600, 0.8922005383792495100 ) ) ;
#3470 = VECTOR ( 'NONE', #3174, 1000.000000000000000 ) ;
#3471 = CARTESIAN_POINT ( 'NONE',  ( -21.78333333333333500, 1.000000000000000000, 1.732050807568877000 ) ) ;
#3472 = EDGE_CURVE ( 'NONE', #2200, #5148, #2273, .T. ) ;
#3473 = CARTESIAN_POINT ( 'NONE',  ( -27.30901227970225200, -1.433597725197934800, 1.190730590326703100 ) ) ;
#3474 = CARTESIAN_POINT ( 'NONE',  ( -16.40000000000000200, 0.0000000000000000000, 0.0000000000000000000 ) ) ;
#3475 = DIRECTION ( 'NONE',  ( -1.000000000000000000, -0.0000000000000000000, -0.0000000000000000000 ) ) ;
#3476 = CARTESIAN_POINT ( 'NONE',  ( 25.25416666666666300, -1.545336663013165300, 0.8922005383792482900 ) ) ;
#3477 =( BOUNDED_CURVE ( )  B_SPLINE_CURVE ( 2, ( #5557, #817, #2405, #5510, #6546, #3939, #6060, #2926, #3985 ),
 .UNSPECIFIED., .F., .T. ) 
 B_SPLINE_CURVE_WITH_KNOTS ( ( 3, 2, 2, 2, 3 ),
 ( 0.07812500000000000000, 0.08333333333333332900, 0.09375000000000000000, 0.1041666666666666700, 0.1093750000000000000 ),
 .UNSPECIFIED. ) 
 CURVE ( )  GEOMETRIC_REPRESENTATION_ITEM ( )  RATIONAL_B_SPLINE_CURVE ( ( 0.9330127018922194100, 0.9330127018922194100, 1.000000000000000000, 0.8660254037844387100, 1.000000000000000000, 0.8660254037844387100, 1.000000000000000000, 0.9330127018922194100, 0.9330127018922194100 ) ) 
 REPRESENTATION_ITEM ( '' )  );
#3478 = CARTESIAN_POINT ( 'NONE',  ( 18.74948804420445800, 1.559559734132810000, -0.2020613496683058800 ) ) ;
#3479 = CARTESIAN_POINT ( 'NONE',  ( -27.20623926088303400, -0.5358983848622449500, 1.999999999999999600 ) ) ;
#3480 = CARTESIAN_POINT ( 'NONE',  ( 17.50000000000000000, 0.0000000000000000000, -2.000000000000000000 ) ) ;
#3481 = CARTESIAN_POINT ( 'NONE',  ( -22.68750000000000400, 1.092630533523692700E-016, 1.784401076758498400 ) ) ;
#3482 = CARTESIAN_POINT ( 'NONE',  ( 19.47916666666666800, -0.9999999999999995600, -1.732050807568877400 ) ) ;
#3483 = CARTESIAN_POINT ( 'NONE',  ( -19.01250000000000300, -1.545336663013165700, 1.892491597964125200E-016 ) ) ;
#3484 = CARTESIAN_POINT ( 'NONE',  ( 19.62500000000000000, 1.414100318299875800E-016, -2.309401076758502900 ) ) ;
#3485 = ORIENTED_EDGE ( 'NONE', *, *, #2164, .F. ) ;
#3486 = CARTESIAN_POINT ( 'NONE',  ( 22.33749999999999900, -3.277891600571076600E-016, 1.784401076758497700 ) ) ;
#3487 = CARTESIAN_POINT ( 'NONE',  ( -20.17916666666666700, -0.9999999999999993300, 1.732050807568877200 ) ) ;
#3488 = CARTESIAN_POINT ( 'NONE',  ( 23.70833333333333200, 1.545336663013164400, 0.8922005383792495100 ) ) ;
#3489 = CARTESIAN_POINT ( 'NONE',  ( -26.21666666666666500, -0.7726683315065825400, 1.338300807568873800 ) ) ;
#3490 = DIRECTION ( 'NONE',  ( 1.000000000000000000, 0.0000000000000000000, -0.0000000000000000000 ) ) ;
#3491 = EDGE_LOOP ( 'NONE', ( #4989, #3931, #3440 ) ) ;
#3492 = CARTESIAN_POINT ( 'NONE',  ( -20.85000000000000100, -1.999999999999999600, 2.449293598294705900E-016 ) ) ;
#3493 = CARTESIAN_POINT ( 'NONE',  ( -27.29958300219445300, -1.565946153763342800, 0.9929098443590596000 ) ) ;
#3494 = ADVANCED_FACE ( 'NONE', ( #3888 ), #4045, .T. ) ;
#3495 = CARTESIAN_POINT ( 'NONE',  ( 25.98333333333333400, 1.000000000000000200, -1.732050807568877200 ) ) ;
#3496 = VERTEX_POINT ( 'NONE', #2484 ) ;
#3497 = CARTESIAN_POINT ( 'NONE',  ( 19.20048877782729200, 1.277335237246318000, 1.571931233688947000 ) ) ;
#3498 = CARTESIAN_POINT ( 'NONE',  ( 24.14583333333333200, 0.7726683315065827600, -1.338300807568873200 ) ) ;
#3499 = DIRECTION ( 'NONE',  ( -1.000000000000000000, 0.0000000000000000000, 0.0000000000000000000 ) ) ;
#3500 = B_SPLINE_CURVE_WITH_KNOTS ( 'NONE', 3,
 ( #1146, #3668, #3694, #2196, #3231, #3740, #3184, #552 ),
 .UNSPECIFIED., .F., .F.,
 ( 4, 2, 2, 4 ),
 ( 0.0000000000000000000, 0.0006195671102087506700, 0.0009293506653131260000, 0.001239134220417501300 ),
 .UNSPECIFIED. ) ;
#3501 = EDGE_LOOP ( 'NONE', ( #15, #4058, #1378, #5307 ) ) ;
#3502 = CARTESIAN_POINT ( 'NONE',  ( -20.64583333333333600, 0.7726683315065830900, 1.338300807568873600 ) ) ;
#3503 = CARTESIAN_POINT ( 'NONE',  ( 20.41250000000000100, 2.000000000000000000, 0.0000000000000000000 ) ) ;
#3504 = CARTESIAN_POINT ( 'NONE',  ( -19.88750000000000300, 1.092630533523692800E-016, 1.784401076758498400 ) ) ;
#3505 = CARTESIAN_POINT ( 'NONE',  ( 19.50833333333333300, -1.999999999999999800, -1.154700538379252100 ) ) ;
#3506 = CARTESIAN_POINT ( 'NONE',  ( 23.15416666666666100, -1.545336663013165500, 0.8922005383792481800 ) ) ;
#3507 = CARTESIAN_POINT ( 'NONE',  ( -26.80000000000000100, -1.545336663013165700, 1.892491597964125200E-016 ) ) ;
#3508 = CARTESIAN_POINT ( 'NONE',  ( 26.27499999999999500, 1.092630533523692200E-016, -1.784401076758497700 ) ) ;
#3509 = EDGE_LOOP ( 'NONE', ( #4629, #1736, #2784, #11, #846, #6195 ) ) ;
#3510 = EDGE_CURVE ( 'NONE', #3658, #1849, #5736, .T. ) ;
#3511 = CARTESIAN_POINT ( 'NONE',  ( -24.69999999999999900, -1.545336663013165700, 1.892491597964125200E-016 ) ) ;
#3512 = CARTESIAN_POINT ( 'NONE',  ( -27.49999999999999600, 0.0000000000000000000, 0.0000000000000000000 ) ) ;
#3513 = ORIENTED_EDGE ( 'NONE', *, *, #3299, .T. ) ;
#3514 = CARTESIAN_POINT ( 'NONE',  ( -20.32499999999999600, 1.414100318299875800E-016, 2.309401076758502500 ) ) ;
#3515 = ORIENTED_EDGE ( 'NONE', *, *, #3033, .T. ) ;
#3516 = ORIENTED_EDGE ( 'NONE', *, *, #5978, .T. ) ;
#3517 = CARTESIAN_POINT ( 'NONE',  ( -21.60833333333333400, -1.999999999999999300, 1.154700538379251900 ) ) ;
#3518 = CARTESIAN_POINT ( 'NONE',  ( 26.42083333333333800, 1.545336663013164600, 0.8922005383792495100 ) ) ;
#3519 = EDGE_CURVE ( 'NONE', #6020, #4728, #6122, .T. ) ;
#3520 = CARTESIAN_POINT ( 'NONE',  ( 19.39166666666666900, 1.545336663013165100, -0.8922005383792486200 ) ) ;
#3521 = CARTESIAN_POINT ( 'NONE',  ( -21.31876073911696400, -0.5358983848622459500, -1.999999999999999100 ) ) ;
#3522 = CARTESIAN_POINT ( 'NONE',  ( -18.19583333333333600, -0.7726683315065834300, -1.338300807568873400 ) ) ;
#3523 = CARTESIAN_POINT ( 'NONE',  ( 20.29583333333333400, 1.000000000000000200, -1.732050807568877200 ) ) ;
#3524 = CARTESIAN_POINT ( 'NONE',  ( -19.30416666666666700, 1.545336663013165700, 0.8922005383792489500 ) ) ;
#3525 = CARTESIAN_POINT ( 'NONE',  ( 26.42083333333333800, 1.545336663013164600, 0.8922005383792495100 ) ) ;
#3526 = ADVANCED_FACE ( 'NONE', ( #5598 ), #6497, .F. ) ;
#3527 = CARTESIAN_POINT ( 'NONE',  ( 24.61250000000000100, -1.545336663013165100, -1.892491597964124500E-016 ) ) ;
#3528 = CARTESIAN_POINT ( 'NONE',  ( -24.69999999999999900, -1.545336663013165700, 1.892491597964125200E-016 ) ) ;
#3529 = CARTESIAN_POINT ( 'NONE',  ( 22.65833333333332800, -1.545336663013164400, -0.8922005383792492900 ) ) ;
#3530 = ORIENTED_EDGE ( 'NONE', *, *, #6322, .T. ) ;
#3531 = CARTESIAN_POINT ( 'NONE',  ( 18.86666666666666700, 0.7726683315065814300, 1.338300807568873800 ) ) ;
#3532 = CARTESIAN_POINT ( 'NONE',  ( -24.99166666666666400, 1.545336663013165500, 0.8922005383792490600 ) ) ;
#3533 = CARTESIAN_POINT ( 'NONE',  ( 21.40626073911696600, -0.5358983848622460600, 1.999999999999999600 ) ) ;
#3534 = CARTESIAN_POINT ( 'NONE',  ( -16.40000000000000200, 0.0000000000000000000, 0.0000000000000000000 ) ) ;
#3535 = FACE_OUTER_BOUND ( 'NONE', #5295, .T. ) ;
#3536 = CARTESIAN_POINT ( 'NONE',  ( -18.34166666666666500, 1.999999999999999800, 1.154700538379251000 ) ) ;
#3537 = CARTESIAN_POINT ( 'NONE',  ( 17.50000000000000000, -0.3911959456860703000, 4.000000000000000000 ) ) ;
#3538 = FACE_OUTER_BOUND ( 'NONE', #921, .T. ) ;
#3539 = DIRECTION ( 'NONE',  ( 0.0000000000000000000, 0.0000000000000000000, -1.000000000000000000 ) ) ;
#3540 = CARTESIAN_POINT ( 'NONE',  ( 25.07916666666666600, 0.7726683315065814300, 1.338300807568873800 ) ) ;
#3541 = CARTESIAN_POINT ( 'NONE',  ( 25.77916666666666900, -0.9999999999999995600, -1.732050807568877400 ) ) ;
#3542 = FACE_OUTER_BOUND ( 'NONE', #6437, .T. ) ;
#3543 = VECTOR ( 'NONE', #4084, 1000.000000000000000 ) ;
#3544 = CARTESIAN_POINT ( 'NONE',  ( -18.77916666666666900, 0.7726683315065817600, -1.338300807568874300 ) ) ;
#3545 = CARTESIAN_POINT ( 'NONE',  ( -26.47916666666666800, 0.7726683315065817600, -1.338300807568874300 ) ) ;
#3546 = CARTESIAN_POINT ( 'NONE',  ( -16.40000000000000200, 1.498747293938286700, -1.283920057376132200 ) ) ;
#3547 = CARTESIAN_POINT ( 'NONE',  ( 17.17500000000000400, -4.242300954899627700E-016, 2.309401076758502900 ) ) ;
#3548 = EDGE_CURVE ( 'NONE', #6643, #1244, #3304, .T. ) ;
#3549 = CARTESIAN_POINT ( 'NONE',  ( 21.63749999999999600, -3.277891600571076600E-016, 1.784401076758497700 ) ) ;
#3550 = CARTESIAN_POINT ( 'NONE',  ( -17.08750000000000200, -4.242300954899626700E-016, -2.309401076758502500 ) ) ;
#3551 = CARTESIAN_POINT ( 'NONE',  ( 21.72500000000000100, -3.277891600571076600E-016, 1.784401076758497700 ) ) ;
#3552 = CYLINDRICAL_SURFACE ( 'NONE', #6654, 2.000000000000000000 ) ;
#3553 = CARTESIAN_POINT ( 'NONE',  ( 21.14166666666666200, -1.545336663013165300, 0.8922005383792482900 ) ) ;
#3554 = CARTESIAN_POINT ( 'NONE',  ( -25.86666666666666700, 0.7726683315065817600, -1.338300807568874300 ) ) ;
#3555 = CARTESIAN_POINT ( 'NONE',  ( -20.35626073911696200, 0.5358983848622455000, 1.999999999999999600 ) ) ;
#3556 = CARTESIAN_POINT ( 'NONE',  ( 27.02316810076027300, -1.948433280586338500, 0.2199155046832199100 ) ) ;
#3557 = CARTESIAN_POINT ( 'NONE',  ( -19.79999999999999700, 1.999999999999999600, 0.0000000000000000000 ) ) ;
#3558 = EDGE_CURVE ( 'NONE', #5232, #5804, #6537, .T. ) ;
#3559 =( BOUNDED_CURVE ( )  B_SPLINE_CURVE ( 2, ( #2413, #330, #2870, #1310, #4396, #5452, #6485, #2325, #4980 ),
 .UNSPECIFIED., .F., .T. ) 
 B_SPLINE_CURVE_WITH_KNOTS ( ( 3, 2, 2, 2, 3 ),
 ( 0.3434732167449979800, 0.3489251725663470900, 0.3598290842090454100, 0.3707329958517438000, 0.3761849406591781800 ),
 .UNSPECIFIED. ) 
 CURVE ( )  GEOMETRIC_REPRESENTATION_ITEM ( )  RATIONAL_B_SPLINE_CURVE ( ( 0.9330127018922194100, 0.9330127018922200800, 1.000000000000000000, 0.8660254037844387100, 1.000000000000000000, 0.8660254037844387100, 1.000000000000000000, 0.9330128372184058900, 0.9330127018924927500 ) ) 
 REPRESENTATION_ITEM ( '' )  );
#3560 = ORIENTED_EDGE ( 'NONE', *, *, #6245, .F. ) ;
#3561 = ADVANCED_FACE ( 'NONE', ( #2487 ), #785, .T. ) ;
#3562 = CARTESIAN_POINT ( 'NONE',  ( -23.00623926088303900, -0.5358983848622449500, 1.999999999999999600 ) ) ;
#3563 = CARTESIAN_POINT ( 'NONE',  ( 22.68750000000000000, 1.092630533523692200E-016, -1.784401076758497700 ) ) ;
#3564 = CARTESIAN_POINT ( 'NONE',  ( 24.23333333333333100, -1.000000000000000900, 1.732050807568876700 ) ) ;
#3565 = DIRECTION ( 'NONE',  ( 0.0000000000000000000, -0.8155715106520085000, 0.5786562978252295400 ) ) ;
#3566 = ORIENTED_EDGE ( 'NONE', *, *, #2696, .F. ) ;
#3567 = CARTESIAN_POINT ( 'NONE',  ( -18.37083333333333700, -1.545336663013165100, 0.8922005383792495100 ) ) ;
#3568 = CARTESIAN_POINT ( 'NONE',  ( -27.58750000000000200, 1.092630533523692700E-016, 1.784401076758498400 ) ) ;
#3569 = CARTESIAN_POINT ( 'NONE',  ( -22.68750000000000000, -8.715332896486790000E-016, -1.999999999999999600 ) ) ;
#3570 = CARTESIAN_POINT ( 'NONE',  ( 17.14273441009184000, 4.618802153517006700, 1.700559480795179900E-015 ) ) ;
#3571 = CARTESIAN_POINT ( 'NONE',  ( 26.65416666666666500, -1.545336663013165300, 0.8922005383792482900 ) ) ;
#3572 = CARTESIAN_POINT ( 'NONE',  ( -24.64166666666666600, -1.545336663013166400, -0.8922005383792486200 ) ) ;
#3573 = CARTESIAN_POINT ( 'NONE',  ( -25.51666666666666600, -0.7726683315065825400, 1.338300807568873800 ) ) ;
#3574 = ORIENTED_EDGE ( 'NONE', *, *, #722, .F. ) ;
#3575 = CARTESIAN_POINT ( 'NONE',  ( 21.25833333333333300, -1.545336663013164400, -0.8922005383792492900 ) ) ;
#3576 = CARTESIAN_POINT ( 'NONE',  ( 19.21666666666666500, -0.7726683315065822100, -1.338300807568873400 ) ) ;
#3577 = CARTESIAN_POINT ( 'NONE',  ( -25.16666666666666800, 0.7726683315065817600, -1.338300807568874300 ) ) ;
#3578 = CARTESIAN_POINT ( 'NONE',  ( 17.14273441009189000, -2.309401076758585500, 4.000000000000000000 ) ) ;
#3579 = DIRECTION ( 'NONE',  ( -1.000000000000000000, -0.0000000000000000000, -0.0000000000000000000 ) ) ;
#3580 = CARTESIAN_POINT ( 'NONE',  ( -18.16666666666666800, -0.9999999999999993300, 1.732050807568877200 ) ) ;
#3581 = ORIENTED_EDGE ( 'NONE', *, *, #4841, .T. ) ;
#3582 = DIRECTION ( 'NONE',  ( 1.000000000000000000, 0.0000000000000000000, 0.0000000000000000000 ) ) ;
#3583 = CARTESIAN_POINT ( 'NONE',  ( 22.51249999999999900, -1.545336663013165100, -1.892491597964124500E-016 ) ) ;
#3584 = ORIENTED_EDGE ( 'NONE', *, *, #5305, .F. ) ;
#3585 = CARTESIAN_POINT ( 'NONE',  ( -24.14583333333333600, 0.7726683315065830900, 1.338300807568873600 ) ) ;
#3586 = PLANE ( 'NONE',  #2806 ) ;
#3587 = CARTESIAN_POINT ( 'NONE',  ( 17.14273441009184000, -4.618802153517005800, -1.006233452525757400E-015 ) ) ;
#3588 = B_SPLINE_CURVE_WITH_KNOTS ( 'NONE', 3,
 ( #5124, #5101, #5661, #1454, #2007, #3556, #444, #5146, #2506, #1941, #5574, #5078, #5595, #2529, #6633, #2441, #6191, #2462 ),
 .UNSPECIFIED., .F., .F.,
 ( 4, 2, 2, 2, 2, 2, 2, 2, 4 ),
 ( 0.0000000000000000000, 0.0005617555740487740600, 0.001123511148097548100, 0.001685266722146322300, 0.002247022296195096200, 0.002808777870243870200, 0.003370533444292644600, 0.003932289018341418100, 0.004494044592390192400 ),
 .UNSPECIFIED. ) ;
#3589 = ORIENTED_EDGE ( 'NONE', *, *, #3789, .F. ) ;
#3590 = CARTESIAN_POINT ( 'NONE',  ( 21.34583333333333500, -1.000000000000000900, 1.732050807568876700 ) ) ;
#3591 = CARTESIAN_POINT ( 'NONE',  ( -19.30416666666666700, 1.545336663013165500, 0.8922005383792490600 ) ) ;
#3592 = EDGE_LOOP ( 'NONE', ( #891, #2628, #3530, #5633 ) ) ;
#3593 = CARTESIAN_POINT ( 'NONE',  ( 19.27499999999999900, 1.092630533523692200E-016, -1.784401076758497700 ) ) ;
#3594 = CARTESIAN_POINT ( 'NONE',  ( -16.65709638626160000, 1.065005589846041500, -1.169519812772430200 ) ) ;
#3595 = CARTESIAN_POINT ( 'NONE',  ( 25.31249999999999600, -1.545336663013165100, -1.892491597964124500E-016 ) ) ;
#3596 = ADVANCED_FACE ( 'NONE', ( #4946 ), #4867, .T. ) ;
#3597 = CARTESIAN_POINT ( 'NONE',  ( -24.00000000000000000, -1.545336663013165700, 1.892491597964125200E-016 ) ) ;
#3598 = CARTESIAN_POINT ( 'NONE',  ( -26.68333333333333400, -0.7726683315065834300, -1.338300807568873400 ) ) ;
#3599 = VERTEX_POINT ( 'NONE', #5724 ) ;
#3600 = CARTESIAN_POINT ( 'NONE',  ( 22.59999999999999800, -1.545336663013165100, -1.892491597964124500E-016 ) ) ;
#3601 = CARTESIAN_POINT ( 'NONE',  ( 18.63333333333333600, 0.7726683315065827600, -1.338300807568873200 ) ) ;
#3602 = EDGE_CURVE ( 'NONE', #4896, #1065, #4183, .T. ) ;
#3603 = CARTESIAN_POINT ( 'NONE',  ( -20.15000000000000200, 1.545336663013165700, 0.0000000000000000000 ) ) ;
#3604 = CARTESIAN_POINT ( 'NONE',  ( -25.19373926088303900, -0.5358983848622449500, 1.999999999999999600 ) ) ;
#3605 = CARTESIAN_POINT ( 'NONE',  ( -25.02083333333333600, -1.999999999999999300, 1.154700538379251700 ) ) ;
#3606 = CARTESIAN_POINT ( 'NONE',  ( -19.33333333333333600, -1.000000000000000700, -1.732050807568876300 ) ) ;
#3607 = ORIENTED_EDGE ( 'NONE', *, *, #638, .F. ) ;
#3608 = CARTESIAN_POINT ( 'NONE',  ( -23.03750000000000100, 2.905110965495596800E-016, 1.999999999999999600 ) ) ;
#3609 = CARTESIAN_POINT ( 'NONE',  ( 23.03749999999999800, -3.277891600571076600E-016, 1.784401076758497700 ) ) ;
#3610 = VERTEX_POINT ( 'NONE', #6241 ) ;
#3611 = CARTESIAN_POINT ( 'NONE',  ( -23.62083333333333000, 1.545336663013165100, -0.8922005383792499500 ) ) ;
#3612 = CARTESIAN_POINT ( 'NONE',  ( 27.36901365472882500, -0.1242964910734122700, 1.605986345273266800 ) ) ;
#3613 = FACE_OUTER_BOUND ( 'NONE', #4178, .T. ) ;
#3614 = CARTESIAN_POINT ( 'NONE',  ( -18.25416666666667000, -1.545336663013166200, -0.8922005383792486200 ) ) ;
#3615 = CARTESIAN_POINT ( 'NONE',  ( -26.01249999999999900, -1.545336663013165700, 1.892491597964125200E-016 ) ) ;
#3616 = CARTESIAN_POINT ( 'NONE',  ( 26.88749999999999600, 1.092630533523692200E-016, -1.784401076758497700 ) ) ;
#3617 = CARTESIAN_POINT ( 'NONE',  ( -23.18333333333333400, -0.7726683315065834300, -1.338300807568873400 ) ) ;
#3618 = CARTESIAN_POINT ( 'NONE',  ( -22.36666666666666700, 0.7726683315065817600, -1.338300807568874300 ) ) ;
#3619 = FACE_OUTER_BOUND ( 'NONE', #3592, .T. ) ;
#3620 = CARTESIAN_POINT ( 'NONE',  ( 19.50833333333333300, 1.545336663013164400, 0.8922005383792495100 ) ) ;
#3621 = CARTESIAN_POINT ( 'NONE',  ( 24.78750012630444000, -2.165218982874478600E-006, 1.999999999998828000 ) ) ;
#3622 = CARTESIAN_POINT ( 'NONE',  ( 17.87500000000000400, 1.092630533523692200E-016, -1.784401076758497700 ) ) ;
#3623 = CARTESIAN_POINT ( 'NONE',  ( -22.65833333333333500, -1.545336663013165100, 0.8922005383792495100 ) ) ;
#3624 = CARTESIAN_POINT ( 'NONE',  ( -20.61666666666666400, 0.9999999999999983300, -1.732050807568877900 ) ) ;
#3625 = CARTESIAN_POINT ( 'NONE',  ( -25.54583333333333800, -1.000000000000000700, -1.732050807568876300 ) ) ;
#3626 = CYLINDRICAL_SURFACE ( 'NONE', #2025, 2.000000000000000000 ) ;
#3627 = CYLINDRICAL_SURFACE ( 'NONE', #4275, 2.000000000000000000 ) ;
#3628 = CARTESIAN_POINT ( 'NONE',  ( -26.27499999999999900, -8.715332896486790000E-016, -1.999999999999999600 ) ) ;
#3629 = ADVANCED_FACE ( 'NONE', ( #1105 ), #539, .F. ) ;
#3630 = VECTOR ( 'NONE', #3582, 1000.000000000000000 ) ;
#3631 = CARTESIAN_POINT ( 'NONE',  ( -20.41250000000000100, 1.999999999999999600, 0.0000000000000000000 ) ) ;
#3632 = CARTESIAN_POINT ( 'NONE',  ( 20.58749999999999900, 1.092630533523692200E-016, -1.784401076758497700 ) ) ;
#3633 = CARTESIAN_POINT ( 'NONE',  ( -23.73750000000000100, -3.277891600571078100E-016, -1.784401076758498400 ) ) ;
#3634 = CARTESIAN_POINT ( 'NONE',  ( 25.98333333333333400, 1.000000000000000200, -1.732050807568877200 ) ) ;
#3635 = CARTESIAN_POINT ( 'NONE',  ( 27.36330944018079200, 2.707037594757143200E-011, 1.611690559819209700 ) ) ;
#3636 = CARTESIAN_POINT ( 'NONE',  ( 18.72753999999999400, 1.554151095972049700, -0.1225361213792968600 ) ) ;
#3637 = CARTESIAN_POINT ( 'NONE',  ( -27.49999999999999600, 2.511505655691392300E-016, -2.050800000000000200 ) ) ;
#3638 = CARTESIAN_POINT ( 'NONE',  ( -27.49999999999999600, 0.0000000000000000000, 2.050800000000000200 ) ) ;
#3639 = CARTESIAN_POINT ( 'NONE',  ( 22.39583333333333200, -0.7726683315065832100, 1.338300807568872900 ) ) ;
#3640 = ORIENTED_EDGE ( 'NONE', *, *, #6361, .T. ) ;
#3641 = EDGE_CURVE ( 'NONE', #3599, #104, #1944, .T. ) ;
#3642 = CARTESIAN_POINT ( 'NONE',  ( -22.48333333333333400, -0.7726683315065834300, -1.338300807568873400 ) ) ;
#3643 = CARTESIAN_POINT ( 'NONE',  ( -21.95833333333333200, -1.545336663013165100, 0.8922005383792495100 ) ) ;
#3644 = DIRECTION ( 'NONE',  ( 0.0000000000000000000, 0.0000000000000000000, -1.000000000000000000 ) ) ;
#3645 = CARTESIAN_POINT ( 'NONE',  ( -23.12500000000000000, -3.277891600571078100E-016, -1.784401076758498400 ) ) ;
#3646 =( BOUNDED_CURVE ( )  B_SPLINE_CURVE ( 1, ( #1880, #4408 ),
 .UNSPECIFIED., .F., .T. ) 
 B_SPLINE_CURVE_WITH_KNOTS ( ( 2, 2 ),
 ( 0.1172454041556835900, 1.000000000000000000 ),
 .UNSPECIFIED. ) 
 CURVE ( )  GEOMETRIC_REPRESENTATION_ITEM ( )  RATIONAL_B_SPLINE_CURVE ( ( 0.9350538182141849800, 0.9350538182141849800 ) ) 
 REPRESENTATION_ITEM ( '' )  );
#3647 = CARTESIAN_POINT ( 'NONE',  ( -27.50000000000000000, 3.070647092368432600, -2.681483223904232100 ) ) ;
#3648 = CARTESIAN_POINT ( 'NONE',  ( -26.18750000000000400, -4.242300954899626700E-016, -2.309401076758502500 ) ) ;
#3649 = EDGE_LOOP ( 'NONE', ( #3640, #1247, #4840, #2992, #1633, #1480 ) ) ;
#3650 = EDGE_CURVE ( 'NONE', #6302, #6536, #2189, .T. ) ;
#3651 = CARTESIAN_POINT ( 'NONE',  ( -23.32916666666666900, 0.9999999999999983300, -1.732050807568877900 ) ) ;
#3652 = VERTEX_POINT ( 'NONE', #5193 ) ;
#3653 = CARTESIAN_POINT ( 'NONE',  ( -16.40000000000000200, 0.0000000000000000000, 0.0000000000000000000 ) ) ;
#3654 = CARTESIAN_POINT ( 'NONE',  ( 20.12083333333333000, 1.545336663013164600, 0.8922005383792495100 ) ) ;
#3655 = CARTESIAN_POINT ( 'NONE',  ( -20.87916666666667000, 0.7726683315065817600, -1.338300807568874300 ) ) ;
#3656 = CARTESIAN_POINT ( 'NONE',  ( 25.57499999999999900, -4.242300954899627700E-016, 2.309401076758502900 ) ) ;
#3657 = CARTESIAN_POINT ( 'NONE',  ( -24.37916666666666600, -0.9999999999999993300, 1.732050807568877200 ) ) ;
#3658 = VERTEX_POINT ( 'NONE', #6766 ) ;
#3659 = CARTESIAN_POINT ( 'NONE',  ( 18.72754000000000100, 1.500091099220291800, 0.3849841210407706800 ) ) ;
#3660 = CARTESIAN_POINT ( 'NONE',  ( -24.49583333333333400, -0.7726683315065834300, -1.338300807568873400 ) ) ;
#3661 = CARTESIAN_POINT ( 'NONE',  ( 23.79583333333333100, -0.7726683315065832100, 1.338300807568872900 ) ) ;
#3662 = ADVANCED_FACE ( 'NONE', ( #6415 ), #6079, .T. ) ;
#3663 = CARTESIAN_POINT ( 'NONE',  ( -21.49166666666666400, 1.545336663013165700, 0.8922005383792489500 ) ) ;
#3664 = CARTESIAN_POINT ( 'NONE',  ( -24.00000000000000000, -1.545336663013165700, 1.892491597964125200E-016 ) ) ;
#3665 = CARTESIAN_POINT ( 'NONE',  ( -20.79166666666666800, -2.000000000000000000, -1.154700538379250600 ) ) ;
#3666 = ORIENTED_EDGE ( 'NONE', *, *, #1825, .T. ) ;
#3667 = CARTESIAN_POINT ( 'NONE',  ( -23.30000000000000100, -1.545336663013165700, 1.892491597964125200E-016 ) ) ;
#3668 = CARTESIAN_POINT ( 'NONE',  ( -26.99453666301316400, 1.152093998742200100, 1.050492235113273100 ) ) ;
#3669 = CARTESIAN_POINT ( 'NONE',  ( -27.29583333333333400, 1.000000000000000000, 1.732050807568877000 ) ) ;
#3670 = CARTESIAN_POINT ( 'NONE',  ( -18.86876073911696500, 0.5358983848622455000, 1.999999999999999600 ) ) ;
#3671 = ORIENTED_EDGE ( 'NONE', *, *, #734, .T. ) ;
#3672 = CARTESIAN_POINT ( 'NONE',  ( 22.45626073911696400, 0.5358983848622456100, -1.999999999999999600 ) ) ;
#3673 = DIRECTION ( 'NONE',  ( 0.0000000000000000000, 0.0000000000000000000, 1.000000000000000000 ) ) ;
#3674 = ORIENTED_EDGE ( 'NONE', *, *, #5408, .F. ) ;
#3675 = DIRECTION ( 'NONE',  ( -1.000000000000000000, -0.0000000000000000000, -0.0000000000000000000 ) ) ;
#3676 = CARTESIAN_POINT ( 'NONE',  ( 17.14583333333333200, 0.7726683315065827600, -1.338300807568873200 ) ) ;
#3677 = CARTESIAN_POINT ( 'NONE',  ( -20.58750000000000200, 1.092630533523692700E-016, 1.784401076758498400 ) ) ;
#3678 = CARTESIAN_POINT ( 'NONE',  ( 27.03333333333333100, -1.000000000000000900, 1.732050807568876700 ) ) ;
#3679 = EDGE_LOOP ( 'NONE', ( #2937, #150, #1898, #906 ) ) ;
#3680 = CARTESIAN_POINT ( 'NONE',  ( 21.87083333333333700, 1.999999999999999300, 1.154700538379252600 ) ) ;
#3681 = AXIS2_PLACEMENT_3D ( 'NONE', #6021, #6568, #2840 ) ;
#3682 = VERTEX_POINT ( 'NONE', #3578 ) ;
#3683 = CARTESIAN_POINT ( 'NONE',  ( 18.98391509974452200, -0.8612626744496768600, -1.586542505200950300 ) ) ;
#3684 = CARTESIAN_POINT ( 'NONE',  ( 26.71250000000000200, 2.000000000000000000, 0.0000000000000000000 ) ) ;
#3685 =( BOUNDED_CURVE ( )  B_SPLINE_CURVE ( 1, ( #2819, #1231 ),
 .UNSPECIFIED., .F., .T. ) 
 B_SPLINE_CURVE_WITH_KNOTS ( ( 2, 2 ),
 ( 0.0000000000000000000, 1.000000000000000000 ),
 .UNSPECIFIED. ) 
 CURVE ( )  GEOMETRIC_REPRESENTATION_ITEM ( )  RATIONAL_B_SPLINE_CURVE ( ( 0.9350542224270361700, 0.9350542224270361700 ) ) 
 REPRESENTATION_ITEM ( '' )  );
#3686 = CARTESIAN_POINT ( 'NONE',  ( -21.75416666666666600, 1.999999999999999600, 1.154700538379251000 ) ) ;
#3687 = CARTESIAN_POINT ( 'NONE',  ( 21.22916666666666800, -0.7726683315065822100, -1.338300807568873400 ) ) ;
#3688 = CARTESIAN_POINT ( 'NONE',  ( -19.79999999999999700, -1.545336663013165700, 1.892491597964125200E-016 ) ) ;
#3689 = CARTESIAN_POINT ( 'NONE',  ( -23.82499999999999900, -3.277891600571078100E-016, -1.784401076758498400 ) ) ;
#3690 = CARTESIAN_POINT ( 'NONE',  ( 20.73333333333333400, -1.000000000000000900, 1.732050807568876700 ) ) ;
#3691 = EDGE_LOOP ( 'NONE', ( #471, #2262, #4739, #665, #4163, #5546 ) ) ;
#3692 = EDGE_CURVE ( 'NONE', #5473, #5446, #3500, .T. ) ;
#3693 = CARTESIAN_POINT ( 'NONE',  ( -22.07500000000000300, 1.092630533523692700E-016, 1.784401076758498400 ) ) ;
#3694 = CARTESIAN_POINT ( 'NONE',  ( -26.99453666301316400, 1.002153203863920500, 1.194112440977356500 ) ) ;
#3695 = CARTESIAN_POINT ( 'NONE',  ( -27.64583333333333600, -1.000000000000000700, -1.732050807568876300 ) ) ;
#3696 = CARTESIAN_POINT ( 'NONE',  ( 20.52916666666666900, 0.9999999999999985600, 1.732050807568878100 ) ) ;
#3697 = DIRECTION ( 'NONE',  ( -1.000000000000000000, 0.0000000000000000000, 0.0000000000000000000 ) ) ;
#3698 = LINE ( 'NONE', #31, #123 ) ;
#3699 = CARTESIAN_POINT ( 'NONE',  ( -17.11876073911696500, -0.5358983848622459500, -1.999999999999999100 ) ) ;
#3700 = CARTESIAN_POINT ( 'NONE',  ( 18.60416666666666400, 1.545336663013165100, -0.8922005383792486200 ) ) ;
#3701 = AXIS2_PLACEMENT_3D ( 'NONE', #3788, #2239, #3392 ) ;
#3702 = CARTESIAN_POINT ( 'NONE',  ( -17.67083333333333800, -1.545336663013165100, 0.8922005383792495100 ) ) ;
#3703 = CARTESIAN_POINT ( 'NONE',  ( 27.38333333333333300, 1.000000000000000200, -1.732050807568877200 ) ) ;
#3704 = CARTESIAN_POINT ( 'NONE',  ( 18.72753999999999800, 1.348145796035837400, 0.7623333566812144900 ) ) ;
#3705 = CARTESIAN_POINT ( 'NONE',  ( -27.49999999999999600, 3.464101615137755700, -1.999999999999998700 ) ) ;
#3706 = DIRECTION ( 'NONE',  ( 1.000000000000000000, 0.0000000000000000000, 0.0000000000000000000 ) ) ;
#3707 = CARTESIAN_POINT ( 'NONE',  ( 23.73749999999999700, -3.277891600571076600E-016, 1.784401076758497700 ) ) ;
#3708 = CARTESIAN_POINT ( 'NONE',  ( -19.27499999999999900, 1.092630533523692800E-016, 1.784401076758498400 ) ) ;
#3709 = CARTESIAN_POINT ( 'NONE',  ( -24.35000000000000100, 1.545336663013165700, 0.0000000000000000000 ) ) ;
#3710 = AXIS2_PLACEMENT_3D ( 'NONE', #1723, #127, #4300 ) ;
#3711 = CARTESIAN_POINT ( 'NONE',  ( 17.50000000000000000, 3.464101615137755700, -1.999999999999998700 ) ) ;
#3712 = FACE_OUTER_BOUND ( 'NONE', #4073, .T. ) ;
#3713 = CARTESIAN_POINT ( 'NONE',  ( 25.39999999999999900, 2.000000000000000000, 0.0000000000000000000 ) ) ;
#3714 = CARTESIAN_POINT ( 'NONE',  ( -20.03333333333333500, 0.7726683315065830900, 1.338300807568873600 ) ) ;
#3715 = CARTESIAN_POINT ( 'NONE',  ( 17.50000000000000000, 3.464101615137755700, -1.999999999999998700 ) ) ;
#3716 = CARTESIAN_POINT ( 'NONE',  ( -21.11250000000000400, 1.999999999999999600, 0.0000000000000000000 ) ) ;
#3717 = CARTESIAN_POINT ( 'NONE',  ( 25.16876073911729600, 0.5358983848679396100, -1.999999999996712400 ) ) ;
#3718 = LINE ( 'NONE', #4500, #3965 ) ;
#3719 = CARTESIAN_POINT ( 'NONE',  ( 22.30623926088304300, -0.5358983848622346200, -2.000000000000006700 ) ) ;
#3720 = CARTESIAN_POINT ( 'NONE',  ( 27.40817975157566600, -1.566918400443541500, -0.1273392246699472100 ) ) ;
#3721 = CARTESIAN_POINT ( 'NONE',  ( -17.20416666666666900, -2.000000000000000000, -1.154700538379250600 ) ) ;
#3722 = CARTESIAN_POINT ( 'NONE',  ( 27.03333333333333100, 0.7726683315065827600, -1.338300807568873200 ) ) ;
#3723 = AXIS2_PLACEMENT_3D ( 'NONE', #1590, #6770, #6246 ) ;
#3724 = CARTESIAN_POINT ( 'NONE',  ( -18.77916666666666900, 0.7726683315065817600, -1.338300807568874300 ) ) ;
#3725 = CARTESIAN_POINT ( 'NONE',  ( 26.68333333333333400, 1.000000000000000200, -1.732050807568877200 ) ) ;
#3726 = CARTESIAN_POINT ( 'NONE',  ( 24.99166666666666700, -2.000000000000000400, 1.154700538379250800 ) ) ;
#3727 = ORIENTED_EDGE ( 'NONE', *, *, #4294, .T. ) ;
#3728 = CARTESIAN_POINT ( 'NONE',  ( -18.45623926088304500, 0.5358983848622441700, -2.000000000000000000 ) ) ;
#3729 = CARTESIAN_POINT ( 'NONE',  ( -27.44919999999999000, 1.793007598013778300, 0.8860720927017503600 ) ) ;
#3730 = CARTESIAN_POINT ( 'NONE',  ( -21.95623926088303800, 0.5358983848622441700, -2.000000000000000000 ) ) ;
#3731 = CARTESIAN_POINT ( 'NONE',  ( 22.80416666666666400, 1.545336663013165100, -0.8922005383792486200 ) ) ;
#3732 = EDGE_CURVE ( 'NONE', #1, #4545, #5131, .T. ) ;
#3733 =( BOUNDED_CURVE ( )  B_SPLINE_CURVE ( 2, ( #5280, #1132, #5828, #3243, #2207, #3726, #5877, #5852, #3265 ),
 .UNSPECIFIED., .F., .T. ) 
 B_SPLINE_CURVE_WITH_KNOTS ( ( 3, 2, 2, 2, 3 ),
 ( 0.2031250000000000000, 0.2083333333333333400, 0.2187500000000000000, 0.2291666666666666600, 0.2343750000000000000 ),
 .UNSPECIFIED. ) 
 CURVE ( )  GEOMETRIC_REPRESENTATION_ITEM ( )  RATIONAL_B_SPLINE_CURVE ( ( 0.9330127018922194100, 0.9330127018922194100, 1.000000000000000000, 0.8660254037844387100, 1.000000000000000000, 0.8660254037844387100, 1.000000000000000000, 0.9330127018922194100, 0.9330127018922194100 ) ) 
 REPRESENTATION_ITEM ( '' )  );
#3734 = CARTESIAN_POINT ( 'NONE',  ( -18.34166666666666500, -1.545336663013166400, -0.8922005383792486200 ) ) ;
#3735 = CARTESIAN_POINT ( 'NONE',  ( -19.04166666666666800, -1.545336663013166200, -0.8922005383792486200 ) ) ;
#3736 = VERTEX_POINT ( 'NONE', #5636 ) ;
#3737 = CARTESIAN_POINT ( 'NONE',  ( -20.90833333333333500, -1.999999999999999300, 1.154700538379251900 ) ) ;
#3738 = CARTESIAN_POINT ( 'NONE',  ( 26.59373926088303400, -0.5358983848622451700, -2.000000000000000000 ) ) ;
#3739 = CARTESIAN_POINT ( 'NONE',  ( -17.64166666666666600, -1.545336663013166200, -0.8922005383792486200 ) ) ;
#3740 = CARTESIAN_POINT ( 'NONE',  ( -26.99453666301316800, 0.4592228188125012700, 1.479042960610898100 ) ) ;
#3741 = CARTESIAN_POINT ( 'NONE',  ( -23.44583333333333600, -1.000000000000000700, -1.732050807568876300 ) ) ;
#3742 = CARTESIAN_POINT ( 'NONE',  ( 27.00416666666667000, -2.000000000000000400, 1.154700538379250600 ) ) ;
#3743 = CARTESIAN_POINT ( 'NONE',  ( -26.96847803871780200, 1.072614275395825200, 1.165126936122083100 ) ) ;
#3744 = ORIENTED_EDGE ( 'NONE', *, *, #5064, .F. ) ;
#3745 = CARTESIAN_POINT ( 'NONE',  ( 22.42500000000000100, 2.905110965495596800E-016, -1.999999999999999600 ) ) ;
#3746 = EDGE_CURVE ( 'NONE', #2443, #1849, #6252, .T. ) ;
#3747 = CARTESIAN_POINT ( 'NONE',  ( 27.14955350649591600, -1.139672317720223500, 1.431677306083727300 ) ) ;
#3748 = CARTESIAN_POINT ( 'NONE',  ( -22.68750000000000000, -8.715332896486790000E-016, -1.999999999999999600 ) ) ;
#3749 = CARTESIAN_POINT ( 'NONE',  ( 22.10626073911696900, -0.5358983848622460600, 1.999999999999999600 ) ) ;
#3750 = CARTESIAN_POINT ( 'NONE',  ( 19.18749999999999600, 1.092630533523692200E-016, -1.784401076758497700 ) ) ;
#3751 = ORIENTED_EDGE ( 'NONE', *, *, #2212, .F. ) ;
#3752 = CARTESIAN_POINT ( 'NONE',  ( -19.53750000000000100, -3.277891600571078100E-016, -1.784401076758498400 ) ) ;
#3753 = CARTESIAN_POINT ( 'NONE',  ( 21.89999999999999900, 2.000000000000000000, 0.0000000000000000000 ) ) ;
#3754 = CARTESIAN_POINT ( 'NONE',  ( -27.44919999999999800, 1.887441713179833600, -0.6614860386650427400 ) ) ;
#3755 = AXIS2_PLACEMENT_3D ( 'NONE', #2202, #3214, #3773 ) ;
#3756 = CARTESIAN_POINT ( 'NONE',  ( 26.33333333333333200, 0.7726683315065827600, -1.338300807568873200 ) ) ;
#3757 = ORIENTED_EDGE ( 'NONE', *, *, #1793, .F. ) ;
#3758 = CARTESIAN_POINT ( 'NONE',  ( -22.74373926088303200, 0.5358983848622441700, -2.000000000000000000 ) ) ;
#3759 = CARTESIAN_POINT ( 'NONE',  ( 18.25416666666666600, -1.545336663013165300, 0.8922005383792482900 ) ) ;
#3760 = CARTESIAN_POINT ( 'NONE',  ( -20.38333333333333300, -0.7726683315065834300, -1.338300807568873400 ) ) ;
#3761 = CARTESIAN_POINT ( 'NONE',  ( -16.94166666666666600, -1.545336663013166200, -0.8922005383792486200 ) ) ;
#3762 = ORIENTED_EDGE ( 'NONE', *, *, #4471, .F. ) ;
#3763 = CARTESIAN_POINT ( 'NONE',  ( 17.50000000000000000, 0.0000000000000000000, 0.0000000000000000000 ) ) ;
#3764 = ORIENTED_EDGE ( 'NONE', *, *, #3203, .T. ) ;
#3765 = CARTESIAN_POINT ( 'NONE',  ( -17.29166666666666800, 1.545336663013165500, 0.8922005383792490600 ) ) ;
#3766 = CARTESIAN_POINT ( 'NONE',  ( -18.63333333333333600, -1.000000000000000700, -1.732050807568876300 ) ) ;
#3767 = CARTESIAN_POINT ( 'NONE',  ( -24.55416666666667100, 1.999999999999999800, 1.154700538379251000 ) ) ;
#3768 = CARTESIAN_POINT ( 'NONE',  ( 26.77083333333333600, 1.999999999999999300, 1.154700538379252800 ) ) ;
#3769 = CARTESIAN_POINT ( 'NONE',  ( 17.14273441009184000, -2.309401076758503400, -4.000000000000001800 ) ) ;
#3770 = ORIENTED_EDGE ( 'NONE', *, *, #2094, .F. ) ;
#3771 = CARTESIAN_POINT ( 'NONE',  ( -24.81666666666666600, 0.9999999999999983300, -1.732050807568877900 ) ) ;
#3772 = PLANE ( 'NONE',  #6380 ) ;
#3773 = DIRECTION ( 'NONE',  ( 0.0000000000000000000, 0.0000000000000000000, 1.000000000000000000 ) ) ;
#3774 = CARTESIAN_POINT ( 'NONE',  ( 17.72916666666666400, -0.7726683315065822100, -1.338300807568873400 ) ) ;
#3775 = ORIENTED_EDGE ( 'NONE', *, *, #3033, .F. ) ;
#3776 = CARTESIAN_POINT ( 'NONE',  ( -17.90416666666666900, 1.545336663013165500, 0.8922005383792490600 ) ) ;
#3777 = CARTESIAN_POINT ( 'NONE',  ( 22.13333333333333600, -1.000000000000000900, 1.732050807568876700 ) ) ;
#3778 = CARTESIAN_POINT ( 'NONE',  ( -27.34196899336019700, -1.549722009056869100, -4.000000000000002700 ) ) ;
#3779 =( BOUNDED_SURFACE ( )  B_SPLINE_SURFACE ( 1, 2, ( 
 ( #1619, #5258, #3703, #1062, #1107, #5279, #44, #581, #3678, #1131, #3146, #4221, #2162, #2676, #3725, #4759, #522, #2703, #21, #2104, #1664, #1575, #4161, #6359, #2611, #2141, #3634, #1041, #6341, #4688, #5219, #5734, #6266, #3656, #541, #4180, #2118, #5758, #2633, #6293, #560, #4201, #1085, #5778, #2656, #6316, #184, #5375, #3311, #3242, #6403, #4360, #5419, #5921, #2250, #139, #721, #1735, #6450, #4898, #5876, #5898, #2767, #1225, #3844, #6427, #1249, #2792, #1711, #4313, #2725, #4288, #699, #4875, #680, #3287, #652, #3823, #205, #4339, #1780, #3263, #160, #113, #3802, #1760, #4266, #1200, #1180, #1159, #5352, #6382, #3777, #4853, #4827, #5330, #3753, #5395, #628, #5851, #4806, #1689, #2271, #2206, #2230, #2748, #6602, #3423, #5566, #1977, #2414, #5093, #5001, #2477, #4511, #2454, #2433, #3465, #2955, #5543, #827, #1401, #6574, #6093, #876, #3446, #4488, #896, #5049, #1933, #6624, #3971, #4017, #1422, #2934, #3484, #355, #3505, #6068, #372, #5071, #1956, #6648, #4534, #311, #5607, #6045, #1889, #4037, #4465, #3948, #389, #5520, #5588, #919, #1356, #6116, #6137, #2977, #4556, #6555, #1446, #2389, #2912, #331, #852, #1377, #5025, #1910, #3994, #1555, #3017, #6689, #4605, #483, #5674, #504, #3547, #3039, #5207, #2593, #3089, #2547, #435, #4676 ),
 ( #1535, #1026, #2043, #2089, #6232, #1489, #981, #2497, #959, #1004, #5183, #4098, #6207, #4075, #4122, #3616, #6733, #5717, #6711, #3571, #2997, #458, #3066, #3525, #6184, #5136, #410, #2022, #5629, #6159, #4628, #5651, #1467, #6668, #1512, #4145, #940, #5696, #6756, #2522, #4057, #5162, #3595, #4653, #4582, #2066, #5115, #2571, #1999, #4695, #2190, #4206, #2166, #5262, #3152, #2661, #5243, #526, #1090, #6274, #2147, #565, #3127, #4184, #588, #4741, #1624, #6321, #3661, #3707, #1111, #2637, #5783, #6299, #3198, #5761, #3176, #4764, #1645, #6344, #4225, #3111, #5308, #5739, #1580, #3731, #4164, #6, #93, #5224, #70, #611, #3639, #5284, #5832, #5809, #2682, #1671, #4249, #1046, #1137, #6255, #26, #4788, #2106, #2618, #1067, #545, #4717, #1600, #2123, #47, #3687, #211, #2732, #2752, #1255, #2297, #2798, #2255, #6388, #4366, #4857, #3316, #1788, #2233, #5903, #5381, #1229, #728, #1743, #4903, #5926, #1185, #683, #2211, #658, #706, #4880, #3806, #2774, #3783, #190, #3852, #6434, #5424, #6409, #3272, #2709, #167, #3293, #3224, #5882, #4293, #118, #4836, #5334, #5858, #4322, #3247, #1164, #6364, #1208, #3759, #634, #5403, #6455, #1716, #4272, #5356, #3828, #4345, #4812, #1766, #1696, #2278, #142, #4386, #1901, #3915, #1882, #4971, #2859, #2361, #4948 ) ),
 .UNSPECIFIED., .F., .F., .T. ) 
 B_SPLINE_SURFACE_WITH_KNOTS ( ( 2, 2 ),
 ( 3, 2, 2, 2, 2, 2, 2, 2, 2, 2, 2, 2, 2, 2, 2, 2, 2, 2, 2, 2, 2, 2, 2, 2, 2, 2, 2, 2, 2, 2, 2, 2, 2, 2, 2, 2, 2, 2, 2, 2, 2, 2, 2, 2, 2, 2, 2, 2, 2, 2, 2, 2, 2, 2, 2, 2, 2, 2, 2, 2, 2, 2, 2, 2, 2, 2, 2, 2, 2, 2, 2, 2, 2, 2, 2, 2, 2, 2, 2, 2, 2, 2, 2, 2, 2, 2, 2, 2, 2, 2, 2, 2, 3 ),
 ( 0.0000000000000000000, 1.000000000000000000 ),
 ( 0.0000000000000000000, 0.01041666666666666600, 0.02083333333333333200, 0.03125000000000000000, 0.04166666666666666400, 0.05208333333333333600, 0.06250000000000000000, 0.07291666666666667100, 0.08333333333333332900, 0.09375000000000000000, 0.1041666666666666700, 0.1145833333333333300, 0.1250000000000000000, 0.1354166666666666600, 0.1458333333333333400, 0.1562500000000000000, 0.1666666666666666600, 0.1770833333333333400, 0.1875000000000000000, 0.1979166666666666600, 0.2083333333333333400, 0.2187500000000000000, 0.2291666666666666600, 0.2395833333333333400, 0.2500000000000000000, 0.2604166666666666900, 0.2708333333333333100, 0.2812500000000000000, 0.2916666666666666900, 0.3020833333333333100, 0.3125000000000000000, 0.3229166666666666900, 0.3333333333333333100, 0.3437500000000000000, 0.3541666666666666900, 0.3645833333333333100, 0.3750000000000000000, 0.3854166666666666900, 0.3958333333333333100, 0.4062500000000000000, 0.4166666666666666900, 0.4270833333333333100, 0.4375000000000000000, 0.4479166666666666900, 0.4583333333333333100, 0.4687500000000000000, 0.4791666666666666900, 0.4895833333333333100, 0.5000000000000000000, 0.5104166666666666300, 0.5208333333333333700, 0.5312500000000000000, 0.5416666666666666300, 0.5520833333333333700, 0.5625000000000000000, 0.5729166666666666300, 0.5833333333333333700, 0.5937500000000000000, 0.6041666666666666300, 0.6145833333333333700, 0.6250000000000000000, 0.6354166666666666300, 0.6458333333333333700, 0.6562500000000000000, 0.6666666666666666300, 0.6770833333333333700, 0.6875000000000000000, 0.6979166666666666300, 0.7083333333333333700, 0.7187500000000000000, 0.7291666666666666300, 0.7395833333333333700, 0.7500000000000000000, 0.7604166666666666300, 0.7708333333333333700, 0.7812500000000000000, 0.7916666666666666300, 0.8020833333333333700, 0.8125000000000000000, 0.8229166666666666300, 0.8333333333333333700, 0.8437500000000000000, 0.8541666666666666300, 0.8645833333333333700, 0.8750000000000000000, 0.8854166666666666300, 0.8958333333333333700, 0.9062500000000000000, 0.9166666666666666300, 0.9270833333333333700, 0.9375000000000000000, 0.9479166666666666300, 0.9553148420670327700 ),
 .UNSPECIFIED. ) 
 GEOMETRIC_REPRESENTATION_ITEM ( )  RATIONAL_B_SPLINE_SURFACE ( (
 ( 1.000000000000000000, 0.8660254037844387100, 1.000000000000000000, 0.8660254037844387100, 1.000000000000000000, 0.8660254037844387100, 1.000000000000000000, 0.8660254037844387100, 1.000000000000000000, 0.8660254037844387100, 1.000000000000000000, 0.8660254037844387100, 1.000000000000000000, 0.8660254037844387100, 1.000000000000000000, 0.8660254037844387100, 1.000000000000000000, 0.8660254037844387100, 1.000000000000000000, 0.8660254037844387100, 1.000000000000000000, 0.8660254037844387100, 1.000000000000000000, 0.8660254037844387100, 1.000000000000000000, 0.8660254037844387100, 1.000000000000000000, 0.8660254037844387100, 1.000000000000000000, 0.8660254037844387100, 1.000000000000000000, 0.8660254037844387100, 1.000000000000000000, 0.8660254037844387100, 1.000000000000000000, 0.8660254037844387100, 1.000000000000000000, 0.8660254037844387100, 1.000000000000000000, 0.8660254037844387100, 1.000000000000000000, 0.8660254037844387100, 1.000000000000000000, 0.8660254037844387100, 1.000000000000000000, 0.8660254037844387100, 1.000000000000000000, 0.8660254037844387100, 1.000000000000000000, 0.8660254037844387100, 1.000000000000000000, 0.8660254037844387100, 1.000000000000000000, 0.8660254037844387100, 1.000000000000000000, 0.8660254037844387100, 1.000000000000000000, 0.8660254037844387100, 1.000000000000000000, 0.8660254037844387100, 1.000000000000000000, 0.8660254037844387100, 1.000000000000000000, 0.8660254037844387100, 1.000000000000000000, 0.8660254037844387100, 1.000000000000000000, 0.8660254037844387100, 1.000000000000000000, 0.8660254037844387100, 1.000000000000000000, 0.8660254037844387100, 1.000000000000000000, 0.8660254037844387100, 1.000000000000000000, 0.8660254037844387100, 1.000000000000000000, 0.8660254037844387100, 1.000000000000000000, 0.8660254037844387100, 1.000000000000000000, 0.8660254037844387100, 1.000000000000000000, 0.8660254037844387100, 1.000000000000000000, 0.8660254037844387100, 1.000000000000000000, 0.8660254037844387100, 1.000000000000000000, 0.8660254037844387100, 1.000000000000000000, 0.8660254037844387100, 1.000000000000000000, 0.8660254037844387100, 1.000000000000000000, 0.8660254037844387100, 1.000000000000000000, 0.8660254037844387100, 1.000000000000000000, 0.8660254037844387100, 1.000000000000000000, 0.8660254037844387100, 1.000000000000000000, 0.8660254037844387100, 1.000000000000000000, 0.8660254037844387100, 1.000000000000000000, 0.8660254037844387100, 1.000000000000000000, 0.8660254037844387100, 1.000000000000000000, 0.8660254037844387100, 1.000000000000000000, 0.8660254037844387100, 1.000000000000000000, 0.8660254037844387100, 1.000000000000000000, 0.8660254037844387100, 1.000000000000000000, 0.8660254037844387100, 1.000000000000000000, 0.8660254037844387100, 1.000000000000000000, 0.8660254037844387100, 1.000000000000000000, 0.8660254037844387100, 1.000000000000000000, 0.8660254037844387100, 1.000000000000000000, 0.8660254037844387100, 1.000000000000000000, 0.8660254037844387100, 1.000000000000000000, 0.8660254037844387100, 1.000000000000000000, 0.8660254037844387100, 1.000000000000000000, 0.8660254037844387100, 1.000000000000000000, 0.8660254037844387100, 1.000000000000000000, 0.8660254037844387100, 1.000000000000000000, 0.8660254037844387100, 1.000000000000000000, 0.8660254037844387100, 1.000000000000000000, 0.8660254037844387100, 1.000000000000000000, 0.8660254037844387100, 1.000000000000000000, 0.8660254037844387100, 1.000000000000000000, 0.8660254037844387100, 1.000000000000000000, 0.8660254037844387100, 1.000000000000000000, 0.8660254037844387100, 1.000000000000000000, 0.8660254037844387100, 1.000000000000000000, 0.8660254037844387100, 1.000000000000000000, 0.8660254037844387100, 1.000000000000000000, 0.8660254037844387100, 1.000000000000000000, 0.8660254037844387100, 1.000000000000000000, 0.8660254037844387100, 1.000000000000000000, 0.8660254037844387100, 1.000000000000000000, 0.8660254037844387100, 1.000000000000000000, 0.8660254037844387100, 1.000000000000000000, 0.8660254037844387100, 1.000000000000000000, 0.8660254037844387100, 1.000000000000000000, 0.8660254037844387100, 1.000000000000000000, 0.9048479140483892700, 0.9448545778402779300),
 ( 1.000000000000000000, 0.8660254037844387100, 1.000000000000000000, 0.8660254037844387100, 1.000000000000000000, 0.8660254037844387100, 1.000000000000000000, 0.8660254037844387100, 1.000000000000000000, 0.8660254037844387100, 1.000000000000000000, 0.8660254037844387100, 1.000000000000000000, 0.8660254037844387100, 1.000000000000000000, 0.8660254037844387100, 1.000000000000000000, 0.8660254037844387100, 1.000000000000000000, 0.8660254037844387100, 1.000000000000000000, 0.8660254037844387100, 1.000000000000000000, 0.8660254037844387100, 1.000000000000000000, 0.8660254037844387100, 1.000000000000000000, 0.8660254037844387100, 1.000000000000000000, 0.8660254037844387100, 1.000000000000000000, 0.8660254037844387100, 1.000000000000000000, 0.8660254037844387100, 1.000000000000000000, 0.8660254037844387100, 1.000000000000000000, 0.8660254037844387100, 1.000000000000000000, 0.8660254037844387100, 1.000000000000000000, 0.8660254037844387100, 1.000000000000000000, 0.8660254037844387100, 1.000000000000000000, 0.8660254037844387100, 1.000000000000000000, 0.8660254037844387100, 1.000000000000000000, 0.8660254037844387100, 1.000000000000000000, 0.8660254037844387100, 1.000000000000000000, 0.8660254037844387100, 1.000000000000000000, 0.8660254037844387100, 1.000000000000000000, 0.8660254037844387100, 1.000000000000000000, 0.8660254037844387100, 1.000000000000000000, 0.8660254037844387100, 1.000000000000000000, 0.8660254037844387100, 1.000000000000000000, 0.8660254037844387100, 1.000000000000000000, 0.8660254037844387100, 1.000000000000000000, 0.8660254037844387100, 1.000000000000000000, 0.8660254037844387100, 1.000000000000000000, 0.8660254037844387100, 1.000000000000000000, 0.8660254037844387100, 1.000000000000000000, 0.8660254037844387100, 1.000000000000000000, 0.8660254037844387100, 1.000000000000000000, 0.8660254037844387100, 1.000000000000000000, 0.8660254037844387100, 1.000000000000000000, 0.8660254037844387100, 1.000000000000000000, 0.8660254037844387100, 1.000000000000000000, 0.8660254037844387100, 1.000000000000000000, 0.8660254037844387100, 1.000000000000000000, 0.8660254037844387100, 1.000000000000000000, 0.8660254037844387100, 1.000000000000000000, 0.8660254037844387100, 1.000000000000000000, 0.8660254037844387100, 1.000000000000000000, 0.8660254037844387100, 1.000000000000000000, 0.8660254037844387100, 1.000000000000000000, 0.8660254037844387100, 1.000000000000000000, 0.8660254037844387100, 1.000000000000000000, 0.8660254037844387100, 1.000000000000000000, 0.8660254037844387100, 1.000000000000000000, 0.8660254037844387100, 1.000000000000000000, 0.8660254037844387100, 1.000000000000000000, 0.8660254037844387100, 1.000000000000000000, 0.8660254037844387100, 1.000000000000000000, 0.8660254037844387100, 1.000000000000000000, 0.8660254037844387100, 1.000000000000000000, 0.8660254037844387100, 1.000000000000000000, 0.8660254037844387100, 1.000000000000000000, 0.8660254037844387100, 1.000000000000000000, 0.8660254037844387100, 1.000000000000000000, 0.8660254037844387100, 1.000000000000000000, 0.8660254037844387100, 1.000000000000000000, 0.8660254037844387100, 1.000000000000000000, 0.8660254037844387100, 1.000000000000000000, 0.8660254037844387100, 1.000000000000000000, 0.8660254037844387100, 1.000000000000000000, 0.8660254037844387100, 1.000000000000000000, 0.8660254037844387100, 1.000000000000000000, 0.8660254037844387100, 1.000000000000000000, 0.8660254037844387100, 1.000000000000000000, 0.8660254037844387100, 1.000000000000000000, 0.8660254037844387100, 1.000000000000000000, 0.8660254037844387100, 1.000000000000000000, 0.8660254037844387100, 1.000000000000000000, 0.8660254037844387100, 1.000000000000000000, 0.8660254037844387100, 1.000000000000000000, 0.8660254037844387100, 1.000000000000000000, 0.8660254037844387100, 1.000000000000000000, 0.8660254037844387100, 1.000000000000000000, 0.8660254037844387100, 1.000000000000000000, 0.8660254037844387100, 1.000000000000000000, 0.8660254037844387100, 1.000000000000000000, 0.8660254037844387100, 1.000000000000000000, 0.8660254037844387100, 1.000000000000000000, 0.8660254037844387100, 1.000000000000000000, 0.9048479140483892700, 0.9448545778402779300) ) ) 
 REPRESENTATION_ITEM ( '' )  SURFACE ( )  );
#3780 = EDGE_CURVE ( 'NONE', #6185, #3496, #1417, .T. ) ;
#3781 = CARTESIAN_POINT ( 'NONE',  ( 27.09166666666666900, 1.545336663013165100, -0.8922005383792486200 ) ) ;
#3782 = CARTESIAN_POINT ( 'NONE',  ( -25.25626073911696400, 0.5358983848622455000, 1.999999999999999600 ) ) ;
#3783 = CARTESIAN_POINT ( 'NONE',  ( 19.53749999999999400, -3.277891600571076600E-016, 1.784401076758497700 ) ) ;
#3784 = CARTESIAN_POINT ( 'NONE',  ( -17.84583333333333500, -1.000000000000000700, -1.732050807568876300 ) ) ;
#3785 = CARTESIAN_POINT ( 'NONE',  ( -19.62500000000000000, -3.277891600571078100E-016, -1.784401076758498400 ) ) ;
#3786 = VECTOR ( 'NONE', #5296, 1000.000000000000000 ) ;
#3787 = CARTESIAN_POINT ( 'NONE',  ( -27.36084978046486100, 4.241015250120807600, 0.6543461111163323400 ) ) ;
#3788 = CARTESIAN_POINT ( 'NONE',  ( 17.50000000000000000, 0.0000000000000000000, 0.0000000000000000000 ) ) ;
#3789 = EDGE_CURVE ( 'NONE', #104, #967, #5694, .T. ) ;
#3790 = CARTESIAN_POINT ( 'NONE',  ( -18.63333333333333600, 0.7726683315065830900, 1.338300807568873600 ) ) ;
#3791 = CARTESIAN_POINT ( 'NONE',  ( -19.18750000000000000, -8.715332896486790000E-016, -1.999999999999999600 ) ) ;
#3792 = CARTESIAN_POINT ( 'NONE',  ( -21.57916666666666900, -0.9999999999999993300, 1.732050807568877200 ) ) ;
#3793 = CARTESIAN_POINT ( 'NONE',  ( 26.94583333333333600, -1.000000000000000900, 1.732050807568876700 ) ) ;
#3794 = CARTESIAN_POINT ( 'NONE',  ( -25.48750000000000400, 1.092630533523692800E-016, 1.784401076758498400 ) ) ;
#3795 = VECTOR ( 'NONE', #1972, 1000.000000000000000 ) ;
#3796 = CARTESIAN_POINT ( 'NONE',  ( 27.23749999999999700, -3.277891600571076600E-016, 1.784401076758497700 ) ) ;
#3797 = CARTESIAN_POINT ( 'NONE',  ( -27.36084978046486100, -4.241015250120808500, -0.6543461111163315600 ) ) ;
#3798 = FACE_OUTER_BOUND ( 'NONE', #199, .T. ) ;
#3799 = CARTESIAN_POINT ( 'NONE',  ( 26.80000000000000100, -1.545336663013165100, -1.892491597964124500E-016 ) ) ;
#3800 = FACE_OUTER_BOUND ( 'NONE', #1996, .T. ) ;
#3801 = CARTESIAN_POINT ( 'NONE',  ( -18.19583333333333600, -0.7726683315065834300, -1.338300807568873400 ) ) ;
#3802 = CARTESIAN_POINT ( 'NONE',  ( 22.60000000000000100, 2.000000000000000000, 0.0000000000000000000 ) ) ;
#3803 = CARTESIAN_POINT ( 'NONE',  ( 26.91666666666666400, -0.7726683315065822100, -1.338300807568873400 ) ) ;
#3804 = VECTOR ( 'NONE', #5714, 1000.000000000000000 ) ;
#3805 = CARTESIAN_POINT ( 'NONE',  ( -23.53333333333333100, -1.000000000000000700, -1.732050807568876300 ) ) ;
#3806 = CARTESIAN_POINT ( 'NONE',  ( 19.65416666666666500, -1.545336663013165300, 0.8922005383792482900 ) ) ;
#3807 = CARTESIAN_POINT ( 'NONE',  ( -18.02083333333333200, -1.999999999999999300, 1.154700538379251900 ) ) ;
#3808 = CARTESIAN_POINT ( 'NONE',  ( -20.55833333333333000, -1.545336663013165100, 0.8922005383792495100 ) ) ;
#3809 = AXIS2_PLACEMENT_3D ( 'NONE', #4502, #256, #1370 ) ;
#3810 = CARTESIAN_POINT ( 'NONE',  ( -27.15648458993416600, 1.226515767064348300, 1.194496161765625300 ) ) ;
#3811 = CARTESIAN_POINT ( 'NONE',  ( -16.76666666666666600, 0.7726683315065817600, -1.338300807568874300 ) ) ;
#3812 = CARTESIAN_POINT ( 'NONE',  ( -23.15416666666667200, 1.999999999999999800, 1.154700538379251000 ) ) ;
#3813 = VERTEX_POINT ( 'NONE', #3205 ) ;
#3814 = CARTESIAN_POINT ( 'NONE',  ( 27.87916666666667000, -0.9999999999999995600, -1.732050807568877400 ) ) ;
#3815 = CARTESIAN_POINT ( 'NONE',  ( -25.77916666666666900, 0.7726683315065817600, -1.338300807568874300 ) ) ;
#3816 = CARTESIAN_POINT ( 'NONE',  ( -24.75833333333332900, 1.999999999999998700, -1.154700538379252600 ) ) ;
#3817 = CARTESIAN_POINT ( 'NONE',  ( -16.76666666666666600, -0.9999999999999993300, 1.732050807568877200 ) ) ;
#3818 = ORIENTED_EDGE ( 'NONE', *, *, #6322, .F. ) ;
#3819 = CARTESIAN_POINT ( 'NONE',  ( 19.39166666666666900, -2.000000000000000400, 1.154700538379250800 ) ) ;
#3820 = CARTESIAN_POINT ( 'NONE',  ( -18.22499999999999800, 2.905110965495596800E-016, 1.999999999999999600 ) ) ;
#3821 = CARTESIAN_POINT ( 'NONE',  ( 23.35833333333333400, -1.545336663013164600, -0.8922005383792492900 ) ) ;
#3822 = CARTESIAN_POINT ( 'NONE',  ( -26.56666666666666600, -0.9999999999999993300, 1.732050807568877200 ) ) ;
#3823 = CARTESIAN_POINT ( 'NONE',  ( 23.00833333333333300, -1.999999999999999800, -1.154700538379252100 ) ) ;
#3824 = CARTESIAN_POINT ( 'NONE',  ( -27.34132451847150600, 2.687817229851476400, 3.344563996438206600 ) ) ;
#3825 = VERTEX_POINT ( 'NONE', #5840 ) ;
#3826 = CARTESIAN_POINT ( 'NONE',  ( 21.72500000000000100, 2.905110965495596800E-016, -1.999999999999999600 ) ) ;
#3827 = CARTESIAN_POINT ( 'NONE',  ( -23.41876073911696600, -0.5358983848622459500, -1.999999999999999100 ) ) ;
#3828 = CARTESIAN_POINT ( 'NONE',  ( 17.84583333333333100, 0.7726683315065827600, -1.338300807568873200 ) ) ;
#3829 = EDGE_CURVE ( 'NONE', #3410, #2128, #1569, .T. ) ;
#3830 = CARTESIAN_POINT ( 'NONE',  ( -17.11666666666666700, -0.7726683315065825400, 1.338300807568873800 ) ) ;
#3831 = CARTESIAN_POINT ( 'NONE',  ( -17.87500000000000400, 1.092630533523692700E-016, 1.784401076758498400 ) ) ;
#3832 = DIRECTION ( 'NONE',  ( -1.000000000000000000, -0.0000000000000000000, -0.0000000000000000000 ) ) ;
#3833 = ORIENTED_EDGE ( 'NONE', *, *, #5534, .T. ) ;
#3834 = CARTESIAN_POINT ( 'NONE',  ( -25.66250000000000100, 1.545336663013165700, 0.0000000000000000000 ) ) ;
#3835 = CARTESIAN_POINT ( 'NONE',  ( 27.76250000000000300, -2.000000000000000000, -2.449293598294706400E-016 ) ) ;
#3836 = CARTESIAN_POINT ( 'NONE',  ( -26.24583333333333700, 0.7726683315065830900, 1.338300807568873600 ) ) ;
#3837 = ORIENTED_EDGE ( 'NONE', *, *, #5397, .F. ) ;
#3838 = DIRECTION ( 'NONE',  ( 0.0000000000000000000, 0.0000000000000000000, -1.000000000000000000 ) ) ;
#3839 = CARTESIAN_POINT ( 'NONE',  ( 27.42966333698667800, -1.251702186431390900, 0.9062599177584425000 ) ) ;
#3840 = CARTESIAN_POINT ( 'NONE',  ( 17.14273441009184000, 2.309401076758503400, -4.000000000000001800 ) ) ;
#3841 = CARTESIAN_POINT ( 'NONE',  ( -16.40000000000000200, 0.0000000000000000000, 2.000000000000000000 ) ) ;
#3842 = CARTESIAN_POINT ( 'NONE',  ( 25.28333333333333100, -0.7726683315065832100, 1.338300807568872900 ) ) ;
#3843 = CARTESIAN_POINT ( 'NONE',  ( -25.80833333333333400, -1.999999999999999300, 1.154700538379251700 ) ) ;
#3844 = CARTESIAN_POINT ( 'NONE',  ( 23.76666666666666600, -0.9999999999999995600, -1.732050807568877400 ) ) ;
#3845 = ORIENTED_EDGE ( 'NONE', *, *, #466, .T. ) ;
#3846 = CARTESIAN_POINT ( 'NONE',  ( 17.14904440124824000, -0.3438011859562397100, -1.506607495862059900 ) ) ;
#3847 = ORIENTED_EDGE ( 'NONE', *, *, #3789, .T. ) ;
#3848 = AXIS2_PLACEMENT_3D ( 'NONE', #2177, #2264, #621 ) ;
#3849 = CARTESIAN_POINT ( 'NONE',  ( 25.22499999999999800, -3.277891600571076600E-016, 1.784401076758497700 ) ) ;
#3850 = CARTESIAN_POINT ( 'NONE',  ( -27.49999999999999600, -2.309401076758504700, 4.000000000000000000 ) ) ;
#3851 = CARTESIAN_POINT ( 'NONE',  ( -22.62916666666667000, 0.9999999999999983300, -1.732050807568877900 ) ) ;
#3852 = CARTESIAN_POINT ( 'NONE',  ( 19.42083333333333100, 1.545336663013164600, 0.8922005383792495100 ) ) ;
#3853 = ORIENTED_EDGE ( 'NONE', *, *, #821, .T. ) ;
#3854 = CARTESIAN_POINT ( 'NONE',  ( -17.34999999999999800, 1.545336663013165700, 0.0000000000000000000 ) ) ;
#3855 = CARTESIAN_POINT ( 'NONE',  ( -16.82499999999999900, -3.277891600571078100E-016, -1.784401076758498400 ) ) ;
#3856 = DIRECTION ( 'NONE',  ( -1.000000000000000000, -0.0000000000000000000, -0.0000000000000000000 ) ) ;
#3857 = ORIENTED_EDGE ( 'NONE', *, *, #5740, .T. ) ;
#3858 = CARTESIAN_POINT ( 'NONE',  ( -26.24583333333333700, 0.7726683315065830900, 1.338300807568873600 ) ) ;
#3859 = CARTESIAN_POINT ( 'NONE',  ( -19.24583333333333700, -1.000000000000000700, -1.732050807568876300 ) ) ;
#3860 = CARTESIAN_POINT ( 'NONE',  ( 23.97083333333333500, 1.999999999999999300, 1.154700538379252800 ) ) ;
#3861 = CARTESIAN_POINT ( 'NONE',  ( -20.76250000000000300, 1.545336663013165700, 0.0000000000000000000 ) ) ;
#3862 = VERTEX_POINT ( 'NONE', #2690 ) ;
#3863 = CARTESIAN_POINT ( 'NONE',  ( 17.50000000000000000, 0.0000000000000000000, 0.0000000000000000000 ) ) ;
#3864 = DIRECTION ( 'NONE',  ( -1.000000000000000000, -0.0000000000000000000, -0.0000000000000000000 ) ) ;
#3865 =( BOUNDED_CURVE ( )  B_SPLINE_CURVE ( 2, ( #5271, #6244, #3696, #4233, #2647, #574, #601, #4727, #3099 ),
 .UNSPECIFIED., .F., .T. ) 
 B_SPLINE_CURVE_WITH_KNOTS ( ( 3, 2, 2, 2, 3 ),
 ( 0.7033022899401304400, 0.7087542567753925000, 0.7196581684180908300, 0.7305620800607891500, 0.7360140358821383200 ),
 .UNSPECIFIED. ) 
 CURVE ( )  GEOMETRIC_REPRESENTATION_ITEM ( )  RATIONAL_B_SPLINE_CURVE ( ( 0.9330127018924927500, 0.9330125665660555800, 1.000000000000000000, 0.8660254037844387100, 1.000000000000000000, 0.8660254037844387100, 1.000000000000000000, 0.9330127018922194100, 0.9330127018922194100 ) ) 
 REPRESENTATION_ITEM ( '' )  );
#3866 = PERSON_AND_ORGANIZATION ( #976, #115 ) ;
#3867 = DIRECTION ( 'NONE',  ( -1.000000000000000000, -0.0000000000000000000, -0.0000000000000000000 ) ) ;
#3868 = CARTESIAN_POINT ( 'NONE',  ( -27.49999999999999600, 0.0000000000000000000, 0.0000000000000000000 ) ) ;
#3869 = CARTESIAN_POINT ( 'NONE',  ( 24.29166666666666800, 1.545336663013165100, -0.8922005383792486200 ) ) ;
#3870 = CARTESIAN_POINT ( 'NONE',  ( -27.26666666666666900, -0.9999999999999993300, 1.732050807568877200 ) ) ;
#3871 = VERTEX_POINT ( 'NONE', #6348 ) ;
#3872 = EDGE_CURVE ( 'NONE', #3162, #3897, #216, .T. ) ;
#3873 = CARTESIAN_POINT ( 'NONE',  ( 18.05000000000000100, 1.545336663013165100, 0.0000000000000000000 ) ) ;
#3874 = CARTESIAN_POINT ( 'NONE',  ( 23.53333333333333100, 0.7726683315065827600, -1.338300807568873200 ) ) ;
#3875 = DIRECTION ( 'NONE',  ( 0.0000000000000000000, 0.0000000000000000000, 1.000000000000000000 ) ) ;
#3876 = CARTESIAN_POINT ( 'NONE',  ( 27.50000000000000000, 0.0000000000000000000, 0.0000000000000000000 ) ) ;
#3877 = CARTESIAN_POINT ( 'NONE',  ( -16.40000000000000200, 0.0000000000000000000, 2.000000000000000000 ) ) ;
#3878 = CARTESIAN_POINT ( 'NONE',  ( -16.74459687542305600, 1.064999110539111400, -1.169523553602030500 ) ) ;
#3879 = CARTESIAN_POINT ( 'NONE',  ( 23.41876079773502500, -0.5358993897432724500, 1.999999419831668600 ) ) ;
#3880 = CARTESIAN_POINT ( 'NONE',  ( 23.12499999999999600, 2.905110965495596800E-016, -1.999999999999999600 ) ) ;
#3881 = EDGE_CURVE ( 'NONE', #2215, #4326, #5350, .T. ) ;
#3882 = CARTESIAN_POINT ( 'NONE',  ( -25.83750000000000200, -3.277891600571078100E-016, -1.784401076758498400 ) ) ;
#3883 = CARTESIAN_POINT ( 'NONE',  ( 22.39583333333333600, 1.000000000000000200, -1.732050807568877200 ) ) ;
#3884 = CARTESIAN_POINT ( 'NONE',  ( 23.50416666666667000, -2.000000000000000400, 1.154700538379250600 ) ) ;
#3885 = CARTESIAN_POINT ( 'NONE',  ( -21.87083333333333700, -1.545336663013165300, 0.8922005383792495100 ) ) ;
#3886 = VECTOR ( 'NONE', #2622, 1000.000000000000000 ) ;
#3887 = CARTESIAN_POINT ( 'NONE',  ( 25.95416666666666600, -1.545336663013165500, 0.8922005383792481800 ) ) ;
#3888 = FACE_OUTER_BOUND ( 'NONE', #4991, .T. ) ;
#3889 = CARTESIAN_POINT ( 'NONE',  ( 27.40489648657972700, -1.058288313922168400, 1.173398033835298300 ) ) ;
#3890 = CARTESIAN_POINT ( 'NONE',  ( 25.86666666666666700, 0.7726683315065814300, 1.338300807568873800 ) ) ;
#3891 = AXIS2_PLACEMENT_3D ( 'NONE', #3653, #496, #5175 ) ;
#3892 = CYLINDRICAL_SURFACE ( 'NONE', #4530, 2.000000000000000000 ) ;
#3893 = CARTESIAN_POINT ( 'NONE',  ( -25.63333333333333300, -1.000000000000000700, -1.732050807568876300 ) ) ;
#3894 = CARTESIAN_POINT ( 'NONE',  ( 19.21666666666666500, -0.7726683315065822100, -1.338300807568873400 ) ) ;
#3895 = CARTESIAN_POINT ( 'NONE',  ( 24.40833333333333100, 1.545336663013164600, 0.8922005383792495100 ) ) ;
#3896 = CARTESIAN_POINT ( 'NONE',  ( 17.50000000000000000, 0.0000000000000000000, 0.0000000000000000000 ) ) ;
#3897 = VERTEX_POINT ( 'NONE', #6305 ) ;
#3898 = CARTESIAN_POINT ( 'NONE',  ( -17.43750000000000000, 2.905110965495596800E-016, 1.999999999999999600 ) ) ;
#3899 = CARTESIAN_POINT ( 'NONE',  ( -26.77083333333333600, -1.545336663013165100, 0.8922005383792495100 ) ) ;
#3900 =( BOUNDED_CURVE ( )  B_SPLINE_CURVE ( 2, ( #3628, #4175, #1614, #2605, #6261, #1100, #4753, #5197, #1635 ),
 .UNSPECIFIED., .F., .T. ) 
 B_SPLINE_CURVE_WITH_KNOTS ( ( 3, 2, 2, 2, 3 ),
 ( 0.1093750000000000000, 0.1145833333333333300, 0.1250000000000000000, 0.1354166666666666600, 0.1406250000000000000 ),
 .UNSPECIFIED. ) 
 CURVE ( )  GEOMETRIC_REPRESENTATION_ITEM ( )  RATIONAL_B_SPLINE_CURVE ( ( 0.9330127018922194100, 0.9330127018922194100, 1.000000000000000000, 0.8660254037844387100, 1.000000000000000000, 0.8660254037844387100, 1.000000000000000000, 0.9330127018922194100, 0.9330127018922194100 ) ) 
 REPRESENTATION_ITEM ( '' )  );
#3901 = CARTESIAN_POINT ( 'NONE',  ( -26.33333333333333200, 0.7726683315065830900, 1.338300807568873600 ) ) ;
#3902 = CARTESIAN_POINT ( 'NONE',  ( 22.39583333333333600, 1.000000000000000200, -1.732050807568877200 ) ) ;
#3903 = CARTESIAN_POINT ( 'NONE',  ( -20.93750000000000400, -3.277891600571078100E-016, -1.784401076758498400 ) ) ;
#3904 = ORIENTED_EDGE ( 'NONE', *, *, #5978, .F. ) ;
#3905 = EDGE_CURVE ( 'NONE', #5132, #4344, #23, .T. ) ;
#3906 = CARTESIAN_POINT ( 'NONE',  ( -27.73333333333333100, 0.7726683315065830900, 1.338300807568873600 ) ) ;
#3907 = CARTESIAN_POINT ( 'NONE',  ( -16.40000000000000200, 0.0000000000000000000, 0.0000000000000000000 ) ) ;
#3908 = CARTESIAN_POINT ( 'NONE',  ( 20.03333333333333500, 0.7726683315065827600, -1.338300807568873200 ) ) ;
#3909 = VERTEX_POINT ( 'NONE', #1052 ) ;
#3910 = CARTESIAN_POINT ( 'NONE',  ( -26.80000000000000100, 1.999999999999999600, 0.0000000000000000000 ) ) ;
#3911 = CARTESIAN_POINT ( 'NONE',  ( -27.21589983161852200, -1.447854544576885300, -1.019247259218162700 ) ) ;
#3912 = CARTESIAN_POINT ( 'NONE',  ( 23.88333333333333300, -0.7726683315065832100, 1.338300807568872900 ) ) ;
#3913 = ORIENTED_EDGE ( 'NONE', *, *, #3905, .F. ) ;
#3914 = CARTESIAN_POINT ( 'NONE',  ( -16.40000000000000200, 0.0000000000000000000, 0.0000000000000000000 ) ) ;
#3915 = CARTESIAN_POINT ( 'NONE',  ( 17.32083333333333600, 1.545336663013164600, 0.8922005383792495100 ) ) ;
#3916 = EDGE_CURVE ( 'NONE', #6303, #2678, #4691, .T. ) ;
#3917 = CARTESIAN_POINT ( 'NONE',  ( -27.38444753289562400, 0.3653821831534058200, 1.908999905816114000 ) ) ;
#3918 = CARTESIAN_POINT ( 'NONE',  ( 23.50416666666667000, -2.000000000000000400, 1.154700538379250800 ) ) ;
#3919 = VERTEX_POINT ( 'NONE', #4328 ) ;
#3920 = CARTESIAN_POINT ( 'NONE',  ( -25.72083333333333500, 1.545336663013165100, -0.8922005383792499500 ) ) ;
#3921 = CARTESIAN_POINT ( 'NONE',  ( 22.33750000000000200, 2.312468328534495500E-014, -2.000000000000000000 ) ) ;
#3922 = CARTESIAN_POINT ( 'NONE',  ( 23.79583333333333400, 1.000000000000000200, -1.732050807568877200 ) ) ;
#3923 = CARTESIAN_POINT ( 'NONE',  ( -24.26250000000000300, 1.545336663013165700, 0.0000000000000000000 ) ) ;
#3924 = ORIENTED_EDGE ( 'NONE', *, *, #1836, .T. ) ;
#3925 = CARTESIAN_POINT ( 'NONE',  ( 26.30416666666666700, 1.545336663013165100, -0.8922005383792486200 ) ) ;
#3926 = CARTESIAN_POINT ( 'NONE',  ( -17.55416666666667100, 1.999999999999999800, 1.154700538379251000 ) ) ;
#3927 = ORIENTED_EDGE ( 'NONE', *, *, #6723, .F. ) ;
#3928 = CARTESIAN_POINT ( 'NONE',  ( 19.65416666666666900, 2.000000000000000000, -1.154700538379251200 ) ) ;
#3929 = CARTESIAN_POINT ( 'NONE',  ( -26.30416666666667100, -2.000000000000000000, -1.154700538379250600 ) ) ;
#3930 = CARTESIAN_POINT ( 'NONE',  ( 20.90833333333333100, 1.545336663013164600, 0.8922005383792495100 ) ) ;
#3931 = ORIENTED_EDGE ( 'NONE', *, *, #3732, .F. ) ;
#3932 = CARTESIAN_POINT ( 'NONE',  ( -20.90833333333333100, -1.999999999999999300, 1.154700538379251700 ) ) ;
#3933 = CARTESIAN_POINT ( 'NONE',  ( 27.18477948255438300, 1.044640132669118100, -1.458155476822247300 ) ) ;
#3934 = AXIS2_PLACEMENT_3D ( 'NONE', #1189, #1795, #2241 ) ;
#3935 = CARTESIAN_POINT ( 'NONE',  ( 21.78333333333333500, -0.7726683315065832100, 1.338300807568872900 ) ) ;
#3936 = EDGE_LOOP ( 'NONE', ( #1371, #1385, #584, #582 ) ) ;
#3937 = CARTESIAN_POINT ( 'NONE',  ( -16.40000000000000200, 0.0000000000000000000, 0.0000000000000000000 ) ) ;
#3938 = CARTESIAN_POINT ( 'NONE',  ( -27.49999999999999600, 0.0000000000000000000, 0.0000000000000000000 ) ) ;
#3939 = CARTESIAN_POINT ( 'NONE',  ( -26.39166666666666600, -2.000000000000000000, -1.154700538379250600 ) ) ;
#3940 = CARTESIAN_POINT ( 'NONE',  ( -26.68333333333333400, 1.000000000000000000, 1.732050807568877000 ) ) ;
#3941 = CARTESIAN_POINT ( 'NONE',  ( -21.98749999999999700, -8.715332896486790000E-016, -1.999999999999999600 ) ) ;
#3942 = CARTESIAN_POINT ( 'NONE',  ( -20.06250000000000400, 1.545336663013165700, 0.0000000000000000000 ) ) ;
#3943 = CARTESIAN_POINT ( 'NONE',  ( -25.63333333333333300, 0.7726683315065830900, 1.338300807568873600 ) ) ;
#3944 = CARTESIAN_POINT ( 'NONE',  ( 20.93750000000000400, 1.414100318299875800E-016, -2.309401076758502900 ) ) ;
#3945 =( BOUNDED_CURVE ( )  B_SPLINE_CURVE ( 2, ( #5820, #5752, #62, #2629, #6288, #39, #3590, #5203, #2 ),
 .UNSPECIFIED., .F., .T. ) 
 B_SPLINE_CURVE_WITH_KNOTS ( ( 3, 2, 2, 2, 3 ),
 ( 0.6051670961697581700, 0.6106190519911073300, 0.6215229636338056600, 0.6324268752765039900, 0.6378788200839389200 ),
 .UNSPECIFIED. ) 
 CURVE ( )  GEOMETRIC_REPRESENTATION_ITEM ( )  RATIONAL_B_SPLINE_CURVE ( ( 0.9330127018922194100, 0.9330127018922194100, 1.000000000000000000, 0.8660254037844387100, 1.000000000000000000, 0.8660254037844387100, 1.000000000000000000, 0.9330128372184001200, 0.9330127018924927500 ) ) 
 REPRESENTATION_ITEM ( '' )  );
#3946 = CARTESIAN_POINT ( 'NONE',  ( -22.10416666666666800, 1.545336663013165700, 0.8922005383792489500 ) ) ;
#3947 = CARTESIAN_POINT ( 'NONE',  ( -17.99166666666666700, -2.000000000000000000, -1.154700538379250600 ) ) ;
#3948 = CARTESIAN_POINT ( 'NONE',  ( 18.75000000000000400, -2.000000000000000000, -2.449293598294706400E-016 ) ) ;
#3949 = CARTESIAN_POINT ( 'NONE',  ( 25.13749999999999900, -3.277891600571076600E-016, 1.784401076758497700 ) ) ;
#3950 = CARTESIAN_POINT ( 'NONE',  ( -17.43750000000000400, 1.414100318299875800E-016, 2.309401076758502500 ) ) ;
#3951 = AXIS2_PLACEMENT_3D ( 'NONE', #6287, #3697, #1056 ) ;
#3952 = CARTESIAN_POINT ( 'NONE',  ( 26.50833333333333300, 1.545336663013164400, 0.8922005383792495100 ) ) ;
#3953 = CARTESIAN_POINT ( 'NONE',  ( -23.12499999999999600, 2.905110965495596800E-016, 1.999999999999999600 ) ) ;
#3954 = CARTESIAN_POINT ( 'NONE',  ( -27.36084978046488200, -2.687187980154775300, 3.345653888883544500 ) ) ;
#3955 = CARTESIAN_POINT ( 'NONE',  ( 21.55000000000000100, 1.545336663013165100, 0.0000000000000000000 ) ) ;
#3956 = VECTOR ( 'NONE', #5303, 1000.000000000000000 ) ;
#3957 = CARTESIAN_POINT ( 'NONE',  ( -23.00833333333333300, -1.999999999999999300, 1.154700538379251700 ) ) ;
#3958 = EDGE_CURVE ( 'NONE', #2449, #3432, #5506, .T. ) ;
#3959 = CARTESIAN_POINT ( 'NONE',  ( 27.31048540770531800, 1.146714147638431000, 1.211760405016640000 ) ) ;
#3960 = VECTOR ( 'NONE', #5889, 1000.000000000000000 ) ;
#3961 = CARTESIAN_POINT ( 'NONE',  ( -26.62500000000000000, 2.905110965495596800E-016, 1.999999999999999600 ) ) ;
#3962 = CARTESIAN_POINT ( 'NONE',  ( 18.78530256085523600, 0.2594529350795596300, 1.587307511129272300 ) ) ;
#3963 = CARTESIAN_POINT ( 'NONE',  ( 24.08750012630441300, -2.165218434301076400E-006, 1.999999999998828300 ) ) ;
#3964 = CARTESIAN_POINT ( 'NONE',  ( -26.01249999999999900, 1.999999999999999600, 0.0000000000000000000 ) ) ;
#3965 = VECTOR ( 'NONE', #887, 1000.000000000000000 ) ;
#3966 = LINE ( 'NONE', #2787, #1863 ) ;
#3967 = CARTESIAN_POINT ( 'NONE',  ( -23.67916666666666700, 0.7726683315065817600, -1.338300807568874300 ) ) ;
#3968 = DIRECTION ( 'NONE',  ( 0.0000000000000000000, 0.0000000000000000000, 1.000000000000000000 ) ) ;
#3969 = CARTESIAN_POINT ( 'NONE',  ( 18.89583333333333600, 1.000000000000000200, -1.732050807568877200 ) ) ;
#3970 = CARTESIAN_POINT ( 'NONE',  ( -17.37916666666666600, 0.7726683315065817600, -1.338300807568874300 ) ) ;
#3971 = CARTESIAN_POINT ( 'NONE',  ( 19.85833333333333400, 1.999999999999999300, 1.154700538379252800 ) ) ;
#3972 = CARTESIAN_POINT ( 'NONE',  ( 23.62083333333333700, 1.545336663013164400, 0.8922005383792495100 ) ) ;
#3973 = CARTESIAN_POINT ( 'NONE',  ( -19.30416666666666700, -2.000000000000000000, -1.154700538379250400 ) ) ;
#3974 = CARTESIAN_POINT ( 'NONE',  ( 24.17499999999999700, 1.092630533523692200E-016, -1.784401076758497700 ) ) ;
#3975 = ORIENTED_EDGE ( 'NONE', *, *, #1926, .T. ) ;
#3976 = CARTESIAN_POINT ( 'NONE',  ( -27.50000000000000000, -3.070647092368471200, 2.681483223904166800 ) ) ;
#3977 = CARTESIAN_POINT ( 'NONE',  ( 22.19166666666666600, 1.545336663013165100, -0.8922005383792486200 ) ) ;
#3978 = CARTESIAN_POINT ( 'NONE',  ( -23.70833333333333600, -1.999999999999999300, 1.154700538379251700 ) ) ;
#3979 = CARTESIAN_POINT ( 'NONE',  ( -27.37046035515056600, 1.410913622168384900E-011, 1.921260355150573600 ) ) ;
#3980 = ORIENTED_EDGE ( 'NONE', *, *, #4440, .T. ) ;
#3981 = CARTESIAN_POINT ( 'NONE',  ( -19.27499999999999900, -8.715332896486790000E-016, -1.999999999999999600 ) ) ;
#3982 = CARTESIAN_POINT ( 'NONE',  ( -17.35000000000000100, -1.999999999999999600, 2.449293598294705900E-016 ) ) ;
#3983 = CARTESIAN_POINT ( 'NONE',  ( 24.61250000000000100, -1.545336663013165100, -1.892491597964124500E-016 ) ) ;
#3984 =( BOUNDED_CURVE ( )  B_SPLINE_CURVE ( 2, ( #5929, #5975, #2839, #6662, #6038, #2905, #3940, #325, #4503 ),
 .UNSPECIFIED., .F., .T. ) 
 B_SPLINE_CURVE_WITH_KNOTS ( ( 3, 2, 2, 2, 3 ),
 ( 0.04687500000000000700, 0.05208333333333333600, 0.06250000000000000000, 0.07291666666666667100, 0.07812500000000000000 ),
 .UNSPECIFIED. ) 
 CURVE ( )  GEOMETRIC_REPRESENTATION_ITEM ( )  RATIONAL_B_SPLINE_CURVE ( ( 0.9330127018922193000, 0.9330127018922194100, 1.000000000000000000, 0.8660254037844387100, 1.000000000000000000, 0.8660254037844387100, 1.000000000000000000, 0.9330127018922194100, 0.9330127018922194100 ) ) 
 REPRESENTATION_ITEM ( '' )  );
#3985 = CARTESIAN_POINT ( 'NONE',  ( -26.27499999999999900, -8.715332896486790000E-016, -1.999999999999999600 ) ) ;
#3986 = DIRECTION ( 'NONE',  ( -1.000000000000000000, -0.0000000000000000000, -0.0000000000000000000 ) ) ;
#3987 = B_SPLINE_CURVE_WITH_KNOTS ( 'NONE', 3,
 ( #214, #4389, #1258, #3368 ),
 .UNSPECIFIED., .F., .F.,
 ( 4, 4 ),
 ( 2.380737581620001200E-007, 0.002336974151641546000 ),
 .UNSPECIFIED. ) ;
#3988 = ORIENTED_EDGE ( 'NONE', *, *, #3558, .T. ) ;
#3989 = CARTESIAN_POINT ( 'NONE',  ( -27.49999999999999600, 2.309401076758502000, 4.000000000000000000 ) ) ;
#3990 = CARTESIAN_POINT ( 'NONE',  ( -21.05416666666667100, -1.545336663013166200, -0.8922005383792486200 ) ) ;
#3991 = CARTESIAN_POINT ( 'NONE',  ( -24.35000000000000100, 1.545336663013165700, 0.0000000000000000000 ) ) ;
#3992 = CARTESIAN_POINT ( 'NONE',  ( 20.58750000000000200, -4.242300954899627700E-016, 2.309401076758502900 ) ) ;
#3993 = CARTESIAN_POINT ( 'NONE',  ( -19.24583333333333700, 0.7726683315065830900, 1.338300807568873600 ) ) ;
#3994 = CARTESIAN_POINT ( 'NONE',  ( 17.64166666666666600, 2.000000000000000000, -1.154700538379251200 ) ) ;
#3995 = CARTESIAN_POINT ( 'NONE',  ( -19.77083333333333200, 1.999999999999998700, -1.154700538379252100 ) ) ;
#3996 = VERTEX_POINT ( 'NONE', #1237 ) ;
#3997 = CARTESIAN_POINT ( 'NONE',  ( 23.00833333333333300, 1.545336663013164400, 0.8922005383792495100 ) ) ;
#3998 = EDGE_CURVE ( 'NONE', #5173, #4882, #858, .T. ) ;
#3999 = CARTESIAN_POINT ( 'NONE',  ( -27.67499999999999700, 1.092630533523692700E-016, 1.784401076758498400 ) ) ;
#4000 = CARTESIAN_POINT ( 'NONE',  ( 23.00833333333333300, 1.545336663013164600, 0.8922005383792495100 ) ) ;
#4001 = CARTESIAN_POINT ( 'NONE',  ( -23.53333333333333100, -1.000000000000000700, -1.732050807568876300 ) ) ;
#4002 = ORIENTED_EDGE ( 'NONE', *, *, #3394, .F. ) ;
#4003 = CARTESIAN_POINT ( 'NONE',  ( -27.21089960154882100, -1.371441225375728900, -1.112126258663837900 ) ) ;
#4004 = DIRECTION ( 'NONE',  ( -1.000000000000000000, -0.0000000000000000000, -0.0000000000000000000 ) ) ;
#4005 = CARTESIAN_POINT ( 'NONE',  ( -27.49999999999999600, 2.309401076758503400, -4.000000000000001800 ) ) ;
#4006 = CARTESIAN_POINT ( 'NONE',  ( 26.07083333333332900, -1.545336663013164600, -0.8922005383792492900 ) ) ;
#4007 = ORIENTED_EDGE ( 'NONE', *, *, #3548, .T. ) ;
#4008 = EDGE_CURVE ( 'NONE', #3813, #424, #4103, .T. ) ;
#4009 = CARTESIAN_POINT ( 'NONE',  ( -27.14219393321944600, 0.1464774052518402200, -1.692993933219453500 ) ) ;
#4010 = CARTESIAN_POINT ( 'NONE',  ( 17.50000000000000000, 3.464101615137753500, 2.000000000000001300 ) ) ;
#4011 = CARTESIAN_POINT ( 'NONE',  ( -19.85833333333333400, 1.999999999999998700, -1.154700538379252600 ) ) ;
#4012 = ORIENTED_EDGE ( 'NONE', *, *, #2459, .F. ) ;
#4013 = CARTESIAN_POINT ( 'NONE',  ( -20.93750000000000400, -3.277891600571078100E-016, -1.784401076758498400 ) ) ;
#4014 = ORIENTED_EDGE ( 'NONE', *, *, #5577, .T. ) ;
#4015 = CARTESIAN_POINT ( 'NONE',  ( 19.18750000000000400, -4.242300954899627700E-016, 2.309401076758502900 ) ) ;
#4016 = CARTESIAN_POINT ( 'NONE',  ( -18.89583333333333600, -0.7726683315065834300, -1.338300807568873400 ) ) ;
#4017 = CARTESIAN_POINT ( 'NONE',  ( 19.79999999999999700, 2.000000000000000000, 0.0000000000000000000 ) ) ;
#4018 = ADVANCED_FACE ( 'NONE', ( #4523 ), #1271, .T. ) ;
#4019 = CARTESIAN_POINT ( 'NONE',  ( -19.94583333333333600, -1.000000000000000700, -1.732050807568876300 ) ) ;
#4020 = VERTEX_POINT ( 'NONE', #2825 ) ;
#4021 = CARTESIAN_POINT ( 'NONE',  ( 25.92500000000000400, -3.277891600571076600E-016, 1.784401076758497700 ) ) ;
#4022 = CARTESIAN_POINT ( 'NONE',  ( -27.50000000000000000, -1.545336663013165700, 1.892491597964125200E-016 ) ) ;
#4023 = DIRECTION ( 'NONE',  ( 1.000000000000000000, 0.0000000000000000000, 0.0000000000000000000 ) ) ;
#4024 = CARTESIAN_POINT ( 'NONE',  ( -16.40000000000000200, 0.0000000000000000000, 0.0000000000000000000 ) ) ;
#4025 = CARTESIAN_POINT ( 'NONE',  ( -22.25000000000000000, -1.999999999999999600, 2.449293598294705900E-016 ) ) ;
#4026 = ORIENTED_EDGE ( 'NONE', *, *, #2212, .T. ) ;
#4027 = CARTESIAN_POINT ( 'NONE',  ( 25.10623926088337400, -0.5358983848565511700, -2.000000000003287100 ) ) ;
#4028 = APPROVAL_PERSON_ORGANIZATION ( #4760, #5528, #5006 ) ;
#4029 = CARTESIAN_POINT ( 'NONE',  ( -21.66666666666666800, -0.9999999999999993300, 1.732050807568877200 ) ) ;
#4030 = CARTESIAN_POINT ( 'NONE',  ( 23.50416666666666600, 1.545336663013165100, -0.8922005383792486200 ) ) ;
#4031 = DIRECTION ( 'NONE',  ( 0.0000000000000000000, 0.0000000000000000000, 1.000000000000000000 ) ) ;
#4032 = CARTESIAN_POINT ( 'NONE',  ( 26.12916666666667000, 0.9999999999999985600, 1.732050807568878100 ) ) ;
#4033 = VECTOR ( 'NONE', #180, 1000.000000000000000 ) ;
#4034 = CARTESIAN_POINT ( 'NONE',  ( -20.58750000000000200, 1.092630533523692700E-016, 1.784401076758498400 ) ) ;
#4035 = CARTESIAN_POINT ( 'NONE',  ( 18.13749999999999900, 1.414100318299875800E-016, -2.309401076758502900 ) ) ;
#4036 = CARTESIAN_POINT ( 'NONE',  ( -19.77083333333333600, -1.545336663013165300, 0.8922005383792495100 ) ) ;
#4037 = CARTESIAN_POINT ( 'NONE',  ( 18.86666666666666700, -0.9999999999999995600, -1.732050807568877400 ) ) ;
#4038 = CARTESIAN_POINT ( 'NONE',  ( 24.20416666666666900, 1.545336663013165100, -0.8922005383792486200 ) ) ;
#4039 = CARTESIAN_POINT ( 'NONE',  ( -26.50833333333333300, 1.545336663013165100, -0.8922005383792499500 ) ) ;
#4040 = CARTESIAN_POINT ( 'NONE',  ( 25.63333333333333300, 0.7726683315065827600, -1.338300807568873200 ) ) ;
#4041 = CARTESIAN_POINT ( 'NONE',  ( -25.10833333333333100, 1.545336663013165100, -0.8922005383792499500 ) ) ;
#4042 = DIRECTION ( 'NONE',  ( 1.000000000000000000, 0.0000000000000000000, -0.0000000000000000000 ) ) ;
#4043 = DIRECTION ( 'NONE',  ( -1.000000000000000000, 0.0000000000000000000, 0.0000000000000000000 ) ) ;
#4044 = CARTESIAN_POINT ( 'NONE',  ( -19.91666666666666400, 0.9999999999999983300, -1.732050807568877900 ) ) ;
#4045 = CYLINDRICAL_SURFACE ( 'NONE', #2664, 2.000000000000000000 ) ;
#4046 = EDGE_CURVE ( 'NONE', #1244, #1, #2971, .T. ) ;
#4047 = CARTESIAN_POINT ( 'NONE',  ( 19.11630813295225900, 1.901632956791947700, -0.3979911461382942800 ) ) ;
#4048 = ADVANCED_FACE ( 'NONE', ( #5592 ), #2321, .T. ) ;
#4049 = CONICAL_SURFACE ( 'NONE', #224, 4.000000000000000000, 1.047197551196600100 ) ;
#4050 = CARTESIAN_POINT ( 'NONE',  ( -19.56666666666666600, -0.9999999999999993300, 1.732050807568877200 ) ) ;
#4051 = CARTESIAN_POINT ( 'NONE',  ( 26.65416666666666500, -1.545336663013165300, 0.8922005383792482900 ) ) ;
#4052 = CARTESIAN_POINT ( 'NONE',  ( -24.67083333333333800, 1.999999999999998700, -1.154700538379252600 ) ) ;
#4053 = AXIS2_PLACEMENT_3D ( 'NONE', #2186, #1737, #2726 ) ;
#4054 = CARTESIAN_POINT ( 'NONE',  ( -19.36250000000000400, 1.545336663013165700, 0.0000000000000000000 ) ) ;
#4055 = CARTESIAN_POINT ( 'NONE',  ( -27.76250000000000300, 1.545336663013165700, 0.0000000000000000000 ) ) ;
#4056 = CARTESIAN_POINT ( 'NONE',  ( -19.18750000000000400, 1.092630533523692800E-016, 1.784401076758498400 ) ) ;
#4057 = CARTESIAN_POINT ( 'NONE',  ( 25.42916666666666700, -0.7726683315065822100, -1.338300807568873400 ) ) ;
#4058 = ORIENTED_EDGE ( 'NONE', *, *, #907, .T. ) ;
#4059 = CARTESIAN_POINT ( 'NONE',  ( 24.49583333333333000, -0.7726683315065832100, 1.338300807568872900 ) ) ;
#4060 = CARTESIAN_POINT ( 'NONE',  ( -24.40833333333333100, 1.545336663013165100, -0.8922005383792499500 ) ) ;
#4061 = CARTESIAN_POINT ( 'NONE',  ( 19.97500000000000100, 1.092630533523692200E-016, -1.784401076758497700 ) ) ;
#4062 = CARTESIAN_POINT ( 'NONE',  ( 20.03333333333333500, 0.7726683315065827600, -1.338300807568873200 ) ) ;
#4063 = CARTESIAN_POINT ( 'NONE',  ( -24.75833333333332900, -1.545336663013165100, 0.8922005383792495100 ) ) ;
#4064 = CARTESIAN_POINT ( 'NONE',  ( -20.50000000000000000, 1.999999999999999600, 0.0000000000000000000 ) ) ;
#4065 = CARTESIAN_POINT ( 'NONE',  ( -19.21666666666666500, 0.9999999999999983300, -1.732050807568877900 ) ) ;
#4066 = ORIENTED_EDGE ( 'NONE', *, *, #3829, .F. ) ;
#4067 = CARTESIAN_POINT ( 'NONE',  ( -19.21666666666666500, 0.9999999999999983300, -1.732050807568877900 ) ) ;
#4068 =( BOUNDED_CURVE ( )  B_SPLINE_CURVE ( 2, ( #4157, #3031, #1593, #2101, #3631, #5729, #3103, #1037, #6702 ),
 .UNSPECIFIED., .F., .T. ) 
 B_SPLINE_CURVE_WITH_KNOTS ( ( 3, 2, 2, 2, 3 ),
 ( 0.6718750000000000000, 0.6770833333333333700, 0.6875000000000000000, 0.6979166666666666300, 0.7031250000000000000 ),
 .UNSPECIFIED. ) 
 CURVE ( )  GEOMETRIC_REPRESENTATION_ITEM ( )  RATIONAL_B_SPLINE_CURVE ( ( 0.9330127018922194100, 0.9330127018922194100, 1.000000000000000000, 0.8660254037844387100, 1.000000000000000000, 0.8660254037844387100, 1.000000000000000000, 0.9330127018922194100, 0.9330127018922194100 ) ) 
 REPRESENTATION_ITEM ( '' )  );
#4069 = CARTESIAN_POINT ( 'NONE',  ( 17.34201139365474400, -1.549451623578309300, 4.000000000000000900 ) ) ;
#4070 = ORIENTED_EDGE ( 'NONE', *, *, #2251, .F. ) ;
#4071 = CARTESIAN_POINT ( 'NONE',  ( 25.19583333333333300, -0.7726683315065832100, 1.338300807568872900 ) ) ;
#4072 = CARTESIAN_POINT ( 'NONE',  ( 23.73750000000000400, 2.312468328534495500E-014, -2.000000000000000000 ) ) ;
#4073 = EDGE_LOOP ( 'NONE', ( #3837, #1389, #390, #1973 ) ) ;
#4074 = CARTESIAN_POINT ( 'NONE',  ( -18.31250000000000400, -1.545336663013165700, 1.892491597964125200E-016 ) ) ;
#4075 = CARTESIAN_POINT ( 'NONE',  ( 27.00416666666666600, 1.545336663013165100, -0.8922005383792486200 ) ) ;
#4076 = ADVANCED_FACE ( 'NONE', ( #1687 ), #3627, .F. ) ;
#4077 = CARTESIAN_POINT ( 'NONE',  ( 20.93749999999999600, -3.277891600571076600E-016, 1.784401076758497700 ) ) ;
#4078 = CARTESIAN_POINT ( 'NONE',  ( -27.09166666666666900, 1.545336663013165500, 0.8922005383792490600 ) ) ;
#4079 = CARTESIAN_POINT ( 'NONE',  ( 20.44166666666666600, -1.545336663013165500, 0.8922005383792481800 ) ) ;
#4080 = ORIENTED_EDGE ( 'NONE', *, *, #3472, .F. ) ;
#4081 = CARTESIAN_POINT ( 'NONE',  ( 20.09166666666666500, 1.545336663013165100, -0.8922005383792486200 ) ) ;
#4082 = EDGE_CURVE ( 'NONE', #3000, #6112, #2894, .T. ) ;
#4083 = CARTESIAN_POINT ( 'NONE',  ( -26.09999999999999800, -1.545336663013165700, 1.892491597964125200E-016 ) ) ;
#4084 = DIRECTION ( 'NONE',  ( 1.000000000000000000, 0.0000000000000000000, 0.0000000000000000000 ) ) ;
#4085 = CARTESIAN_POINT ( 'NONE',  ( -25.10623926088303300, -0.5358983848622449500, 1.999999999999999600 ) ) ;
#4086 = VERTEX_POINT ( 'NONE', #5910 ) ;
#4087 = CARTESIAN_POINT ( 'NONE',  ( -18.05000000000000100, -1.999999999999999600, 2.449293598294705900E-016 ) ) ;
#4088 = VERTEX_POINT ( 'NONE', #1215 ) ;
#4089 = CARTESIAN_POINT ( 'NONE',  ( 24.84583333333333500, -1.000000000000000900, 1.732050807568876700 ) ) ;
#4090 = ORIENTED_EDGE ( 'NONE', *, *, #2938, .T. ) ;
#4091 = CARTESIAN_POINT ( 'NONE',  ( 22.92083333333333100, 1.545336663013164600, 0.8922005383792495100 ) ) ;
#4092 = EDGE_CURVE ( 'NONE', #5453, #6634, #4910, .T. ) ;
#4093 = CARTESIAN_POINT ( 'NONE',  ( 18.76905255794261500, 1.590094754436483000, -0.07687281859087701000 ) ) ;
#4094 = ORIENTED_EDGE ( 'NONE', *, *, #5846, .F. ) ;
#4095 = CARTESIAN_POINT ( 'NONE',  ( -19.94583333333333600, 0.7726683315065830900, 1.338300807568873600 ) ) ;
#4096 = CARTESIAN_POINT ( 'NONE',  ( -26.36250000000000400, 1.545336663013165700, 0.0000000000000000000 ) ) ;
#4097 = CARTESIAN_POINT ( 'NONE',  ( -27.29373926088304000, -0.5358983848622451700, 1.999999999999999600 ) ) ;
#4098 = CARTESIAN_POINT ( 'NONE',  ( 27.12083333333333400, 1.545336663013164600, 0.8922005383792495100 ) ) ;
#4099 = CARTESIAN_POINT ( 'NONE',  ( -21.89999999999999900, -1.545336663013165700, 1.892491597964125200E-016 ) ) ;
#4100 = CARTESIAN_POINT ( 'NONE',  ( -27.67499999999999700, 1.092630533523692700E-016, 1.784401076758498400 ) ) ;
#4101 = AXIS2_PLACEMENT_3D ( 'NONE', #4871, #1757, #5392 ) ;
#4102 = CARTESIAN_POINT ( 'NONE',  ( 19.74166666666666400, -1.545336663013165500, 0.8922005383792481800 ) ) ;
#4103 =( BOUNDED_CURVE ( )  B_SPLINE_CURVE ( 2, ( #2781, #4372, #148, #175, #5430, #6482, #3859, #196, #3791 ),
 .UNSPECIFIED., .F., .T. ) 
 B_SPLINE_CURVE_WITH_KNOTS ( ( 3, 2, 2, 2, 3 ),
 ( 0.7656250000000000000, 0.7708333333333333700, 0.7812500000000000000, 0.7916666666666666300, 0.7968750000000000000 ),
 .UNSPECIFIED. ) 
 CURVE ( )  GEOMETRIC_REPRESENTATION_ITEM ( )  RATIONAL_B_SPLINE_CURVE ( ( 0.9330127018922194100, 0.9330127018922194100, 1.000000000000000000, 0.8660254037844387100, 1.000000000000000000, 0.8660254037844387100, 1.000000000000000000, 0.9330127018922194100, 0.9330127018922194100 ) ) 
 REPRESENTATION_ITEM ( '' )  );
#4104 = CARTESIAN_POINT ( 'NONE',  ( 18.98333333333333100, -0.7726683315065832100, 1.338300807568872900 ) ) ;
#4105 = CARTESIAN_POINT ( 'NONE',  ( -24.23333333333333100, 0.7726683315065830900, 1.338300807568873600 ) ) ;
#4106 = DIRECTION ( 'NONE',  ( 0.0000000000000000000, 0.0000000000000000000, -1.000000000000000000 ) ) ;
#4107 = CARTESIAN_POINT ( 'NONE',  ( 17.50000000000000000, 0.0000000000000000000, 0.0000000000000000000 ) ) ;
#4108 = VECTOR ( 'NONE', #3856, 1000.000000000000000 ) ;
#4109 = CARTESIAN_POINT ( 'NONE',  ( -19.56666666666666600, -0.9999999999999993300, 1.732050807568877200 ) ) ;
#4110 = CARTESIAN_POINT ( 'NONE',  ( 19.17548865742881900, 1.609455571361833700, 1.190481405562428000 ) ) ;
#4111 = ADVANCED_FACE ( 'NONE', ( #6745 ), #6658, .F. ) ;
#4112 = LINE ( 'NONE', #797, #3043 ) ;
#4113 = CARTESIAN_POINT ( 'NONE',  ( 19.77083333333333200, -1.545336663013164600, -0.8922005383792492900 ) ) ;
#4114 = CARTESIAN_POINT ( 'NONE',  ( -23.91250000000000100, -1.545336663013165700, 1.892491597964125200E-016 ) ) ;
#4115 = CARTESIAN_POINT ( 'NONE',  ( 23.79583333333333400, 1.000000000000000200, -1.732050807568877200 ) ) ;
#4116 = DIRECTION ( 'NONE',  ( 1.000000000000000000, 0.0000000000000000000, 0.0000000000000000000 ) ) ;
#4117 = CYLINDRICAL_SURFACE ( 'NONE', #401, 2.000000000000000000 ) ;
#4118 = CARTESIAN_POINT ( 'NONE',  ( -17.84583333333333500, 0.7726683315065830900, 1.338300807568873600 ) ) ;
#4119 = CARTESIAN_POINT ( 'NONE',  ( -25.54583333333333800, 0.7726683315065830900, 1.338300807568873600 ) ) ;
#4120 = DIRECTION ( 'NONE',  ( 0.0000000000000000000, 0.0000000000000000000, 1.000000000000000000 ) ) ;
#4121 = CARTESIAN_POINT ( 'NONE',  ( -18.28333333333333100, 1.000000000000000000, 1.732050807568877000 ) ) ;
#4122 = CARTESIAN_POINT ( 'NONE',  ( 26.94583333333333300, 0.7726683315065827600, -1.338300807568873200 ) ) ;
#4123 = EDGE_CURVE ( 'NONE', #4020, #5770, #1523, .T. ) ;
#4124 = CARTESIAN_POINT ( 'NONE',  ( -24.58333333333333200, -0.7726683315065834300, -1.338300807568873400 ) ) ;
#4125 = CARTESIAN_POINT ( 'NONE',  ( -25.34166666666666500, -1.545336663013166200, -0.8922005383792486200 ) ) ;
#4126 = CYLINDRICAL_SURFACE ( 'NONE', #3701, 2.000000000000000000 ) ;
#4127 = CARTESIAN_POINT ( 'NONE',  ( 22.19166666666666600, 1.545336663013165100, -0.8922005383792486200 ) ) ;
#4128 = FACE_OUTER_BOUND ( 'NONE', #716, .T. ) ;
#4129 = CARTESIAN_POINT ( 'NONE',  ( 19.85833333333333400, -1.545336663013164600, -0.8922005383792492900 ) ) ;
#4130 = CARTESIAN_POINT ( 'NONE',  ( -21.60833333333333400, 1.545336663013165100, -0.8922005383792499500 ) ) ;
#4131 = CARTESIAN_POINT ( 'NONE',  ( -25.16666666666666800, -0.9999999999999993300, 1.732050807568877200 ) ) ;
#4132 = CARTESIAN_POINT ( 'NONE',  ( -24.96250000000000200, -1.999999999999999600, 2.449293598294705900E-016 ) ) ;
#4133 = CARTESIAN_POINT ( 'NONE',  ( -18.28333333333333100, 1.000000000000000000, 1.732050807568877000 ) ) ;
#4134 = EDGE_CURVE ( 'NONE', #575, #1621, #6417, .T. ) ;
#4135 = CARTESIAN_POINT ( 'NONE',  ( 18.72499999999999800, 0.0000000000000000000, 0.0000000000000000000 ) ) ;
#4136 = ORIENTED_EDGE ( 'NONE', *, *, #4619, .T. ) ;
#4137 = CARTESIAN_POINT ( 'NONE',  ( 21.40416666666666500, 1.545336663013165100, -0.8922005383792486200 ) ) ;
#4138 = CARTESIAN_POINT ( 'NONE',  ( -21.92916666666667100, -0.7726683315065825400, 1.338300807568873800 ) ) ;
#4139 = CARTESIAN_POINT ( 'NONE',  ( -21.02499999999999900, 2.905110965495596800E-016, 1.999999999999999600 ) ) ;
#4140 = CARTESIAN_POINT ( 'NONE',  ( -24.32083333333333600, -1.999999999999999300, 1.154700538379251900 ) ) ;
#4141 = ORIENTED_EDGE ( 'NONE', *, *, #1744, .F. ) ;
#4142 = CARTESIAN_POINT ( 'NONE',  ( -17.78750000000000500, 1.092630533523692700E-016, 1.784401076758498400 ) ) ;
#4143 = CARTESIAN_POINT ( 'NONE',  ( -25.66250000000000100, 1.545336663013165700, 0.0000000000000000000 ) ) ;
#4144 = CARTESIAN_POINT ( 'NONE',  ( 17.50000000000000400, 3.857556137907077100, -1.318516776095767000 ) ) ;
#4145 = CARTESIAN_POINT ( 'NONE',  ( 25.72083333333333100, 1.545336663013164600, 0.8922005383792495100 ) ) ;
#4146 = ADVANCED_FACE ( 'NONE', ( #3297 ), #3123, .T. ) ;
#4147 = CARTESIAN_POINT ( 'NONE',  ( -23.41666666666666400, -0.7726683315065825400, 1.338300807568873800 ) ) ;
#4148 = CARTESIAN_POINT ( 'NONE',  ( -24.29166666666666800, 1.545336663013165500, 0.8922005383792490600 ) ) ;
#4149 = ORIENTED_EDGE ( 'NONE', *, *, #69, .T. ) ;
#4150 = CARTESIAN_POINT ( 'NONE',  ( 19.39166666666666900, 1.545336663013165100, -0.8922005383792486200 ) ) ;
#4151 = CARTESIAN_POINT ( 'NONE',  ( -22.59999999999999800, -1.545336663013165700, 1.892491597964125200E-016 ) ) ;
#4152 =( BOUNDED_CURVE ( )  B_SPLINE_CURVE ( 2, ( #1939, #2352, #3450, #6031, #2939, #3928, #1873, #316, #4963 ),
 .UNSPECIFIED., .F., .T. ) 
 B_SPLINE_CURVE_WITH_KNOTS ( ( 3, 2, 2, 2, 3 ),
 ( 0.7687257597963207400, 0.7741777266315825700, 0.7850816382742809000, 0.7959855499169792300, 0.8014375057383286100 ),
 .UNSPECIFIED. ) 
 CURVE ( )  GEOMETRIC_REPRESENTATION_ITEM ( )  RATIONAL_B_SPLINE_CURVE ( ( 0.9330127018924927500, 0.9330125665660584700, 1.000000000000000000, 0.8660254037844387100, 1.000000000000000000, 0.8660254037844387100, 1.000000000000000000, 0.9330127018922165200, 0.9330127018922194100 ) ) 
 REPRESENTATION_ITEM ( '' )  );
#4153 = CARTESIAN_POINT ( 'NONE',  ( 17.50000000000000000, 0.0000000000000000000, 0.0000000000000000000 ) ) ;
#4154 = CARTESIAN_POINT ( 'NONE',  ( -24.84583333333333500, -1.000000000000000700, -1.732050807568876300 ) ) ;
#4155 = CARTESIAN_POINT ( 'NONE',  ( -16.36922308141813400, 1.631148369177019400, -1.157305058198203600 ) ) ;
#4156 = ORIENTED_EDGE ( 'NONE', *, *, #5966, .T. ) ;
#4157 = CARTESIAN_POINT ( 'NONE',  ( -20.58750000000000200, -8.715332896486790000E-016, -1.999999999999999600 ) ) ;
#4158 = CARTESIAN_POINT ( 'NONE',  ( 20.52916666666666900, -0.7726683315065822100, -1.338300807568873400 ) ) ;
#4159 = ORIENTED_EDGE ( 'NONE', *, *, #173, .F. ) ;
#4160 = CARTESIAN_POINT ( 'NONE',  ( -23.97083333333333500, -1.545336663013165100, 0.8922005383792495100 ) ) ;
#4161 = CARTESIAN_POINT ( 'NONE',  ( 26.21666666666666500, 0.9999999999999985600, 1.732050807568878100 ) ) ;
#4162 = CARTESIAN_POINT ( 'NONE',  ( -16.40000000000000200, 0.0000000000000000000, 2.000000000000000000 ) ) ;
#4163 = ORIENTED_EDGE ( 'NONE', *, *, #4563, .T. ) ;
#4164 = CARTESIAN_POINT ( 'NONE',  ( 22.74583333333333400, 0.7726683315065827600, -1.338300807568873200 ) ) ;
#4165 = CARTESIAN_POINT ( 'NONE',  ( -22.36666666666666700, 0.7726683315065817600, -1.338300807568874300 ) ) ;
#4166 = CARTESIAN_POINT ( 'NONE',  ( -21.78333333333333500, -0.7726683315065834300, -1.338300807568873400 ) ) ;
#4167 = ORIENTED_EDGE ( 'NONE', *, *, #4208, .T. ) ;
#4168 = CARTESIAN_POINT ( 'NONE',  ( 20.90833333333333500, -1.999999999999999600, -1.154700538379252600 ) ) ;
#4169 = EDGE_CURVE ( 'NONE', #5446, #6296, #3175, .T. ) ;
#4170 = CARTESIAN_POINT ( 'NONE',  ( -22.89166666666666600, 1.545336663013165500, 0.8922005383792490600 ) ) ;
#4171 = CARTESIAN_POINT ( 'NONE',  ( -16.40000000000000200, 0.0000000000000000000, 2.000000000000000000 ) ) ;
#4172 = CARTESIAN_POINT ( 'NONE',  ( -26.77083333333333600, 1.999999999999998700, -1.154700538379252100 ) ) ;
#4173 = ORIENTED_EDGE ( 'NONE', *, *, #4481, .F. ) ;
#4174 = CARTESIAN_POINT ( 'NONE',  ( -19.74166666666666700, 1.999999999999999600, 1.154700538379251000 ) ) ;
#4175 = CARTESIAN_POINT ( 'NONE',  ( -26.24373926088303600, 0.5358983848622441700, -2.000000000000000000 ) ) ;
#4176 = DIRECTION ( 'NONE',  ( 0.0000000000000000000, 0.0000000000000000000, -1.000000000000000000 ) ) ;
#4177 = CARTESIAN_POINT ( 'NONE',  ( 21.98749999999999700, 1.092630533523692200E-016, -1.784401076758497700 ) ) ;
#4178 = EDGE_LOOP ( 'NONE', ( #3566, #4311, #5958, #2530 ) ) ;
#4179 = CARTESIAN_POINT ( 'NONE',  ( -21.75416666666666600, -1.545336663013166200, -0.8922005383792486200 ) ) ;
#4180 = CARTESIAN_POINT ( 'NONE',  ( 25.45833333333333600, 1.999999999999999300, 1.154700538379252800 ) ) ;
#4181 = CARTESIAN_POINT ( 'NONE',  ( 18.80758638833714300, -0.2267686164196393800, 1.613415401446979500 ) ) ;
#4182 = CARTESIAN_POINT ( 'NONE',  ( -27.14273441009183300, 2.309401076758502000, 4.000000000000000000 ) ) ;
#4183 =( BOUNDED_CURVE ( )  B_SPLINE_CURVE ( 2, ( #513, #5680, #5704, #6215, #5213, #2032, #1542, #3075, #6740 ),
 .UNSPECIFIED., .F., .T. ) 
 B_SPLINE_CURVE_WITH_KNOTS ( ( 3, 2, 2, 2, 3 ),
 ( 0.8281250000000000000, 0.8333333333333333700, 0.8437500000000000000, 0.8541666666666666300, 0.8593750000000000000 ),
 .UNSPECIFIED. ) 
 CURVE ( )  GEOMETRIC_REPRESENTATION_ITEM ( )  RATIONAL_B_SPLINE_CURVE ( ( 0.9330127018922194100, 0.9330127018922194100, 1.000000000000000000, 0.8660254037844387100, 1.000000000000000000, 0.8660254037844387100, 1.000000000000000000, 0.9330127018922194100, 0.9330127018922194100 ) ) 
 REPRESENTATION_ITEM ( '' )  );
#4184 = CARTESIAN_POINT ( 'NONE',  ( 24.08749999999999500, 1.092630533523692200E-016, -1.784401076758497700 ) ) ;
#4185 = CARTESIAN_POINT ( 'NONE',  ( -20.44166666666666600, -1.545336663013166400, -0.8922005383792486200 ) ) ;
#4186 = CARTESIAN_POINT ( 'NONE',  ( -22.42500000000000100, -3.277891600571078100E-016, -1.784401076758498400 ) ) ;
#4187 = LINE ( 'NONE', #1589, #41 ) ;
#4188 = AXIS2_PLACEMENT_3D ( 'NONE', #434, #958, #4581 ) ;
#4189 = CARTESIAN_POINT ( 'NONE',  ( -27.46635765996867900, -0.7788019040114040300, 4.000000000000000000 ) ) ;
#4190 = CARTESIAN_POINT ( 'NONE',  ( 25.54373926088303300, 0.5358983848622442800, 2.000000000000000000 ) ) ;
#4191 = CARTESIAN_POINT ( 'NONE',  ( -22.71666666666666500, -0.7726683315065825400, 1.338300807568873800 ) ) ;
#4192 = CARTESIAN_POINT ( 'NONE',  ( 17.50000000000000700, 3.268109542640658100, -2.339468227445693000 ) ) ;
#4193 = CARTESIAN_POINT ( 'NONE',  ( -27.23749999999999700, 1.414100318299875800E-016, 2.309401076758502500 ) ) ;
#4194 = FACE_OUTER_BOUND ( 'NONE', #1327, .T. ) ;
#4195 = CARTESIAN_POINT ( 'NONE',  ( 23.47499999999999800, -8.715332896486790000E-016, 2.000000000000000000 ) ) ;
#4196 = FACE_OUTER_BOUND ( 'NONE', #991, .T. ) ;
#4197 = CARTESIAN_POINT ( 'NONE',  ( 20.17916666666666700, -0.9999999999999995600, -1.732050807568877400 ) ) ;
#4198 = CARTESIAN_POINT ( 'NONE',  ( 27.67499999999999700, 1.092630533523692200E-016, -1.784401076758497700 ) ) ;
#4199 = FACE_OUTER_BOUND ( 'NONE', #2668, .T. ) ;
#4200 = CARTESIAN_POINT ( 'NONE',  ( -22.92083333333333400, 1.545336663013165100, -0.8922005383792499500 ) ) ;
#4201 = CARTESIAN_POINT ( 'NONE',  ( 25.10833333333333100, -1.999999999999999800, -1.154700538379252100 ) ) ;
#4202 = CARTESIAN_POINT ( 'NONE',  ( -24.43749999999999600, 2.905110965495596800E-016, 1.999999999999999600 ) ) ;
#4203 = VECTOR ( 'NONE', #842, 1000.000000000000000 ) ;
#4204 = CARTESIAN_POINT ( 'NONE',  ( 18.90301599723115400, -1.718939246328170300, 0.1384346054891195100 ) ) ;
#4205 = CARTESIAN_POINT ( 'NONE',  ( 17.50000000000000000, -3.464101615137755700, 1.999999999999998700 ) ) ;
#4206 = CARTESIAN_POINT ( 'NONE',  ( 24.78750000000000500, 1.092630533523692200E-016, -1.784401076758497700 ) ) ;
#4207 = ADVANCED_FACE ( 'NONE', ( #5428 ), #6578, .T. ) ;
#4208 = EDGE_CURVE ( 'NONE', #6296, #1476, #3685, .T. ) ;
#4209 = CARTESIAN_POINT ( 'NONE',  ( -19.09999999999999800, -1.545336663013165700, 1.892491597964125200E-016 ) ) ;
#4210 = CARTESIAN_POINT ( 'NONE',  ( -23.65000000000000200, 1.545336663013165700, 0.0000000000000000000 ) ) ;
#4211 = CARTESIAN_POINT ( 'NONE',  ( 26.33333333333333200, -1.000000000000000900, 1.732050807568876700 ) ) ;
#4212 = CARTESIAN_POINT ( 'NONE',  ( -21.66666666666666800, 0.7726683315065817600, -1.338300807568874300 ) ) ;
#4213 = CARTESIAN_POINT ( 'NONE',  ( -27.41250000000000100, 1.999999999999999600, 0.0000000000000000000 ) ) ;
#4214 = ORIENTED_EDGE ( 'NONE', *, *, #2727, .F. ) ;
#4215 = CARTESIAN_POINT ( 'NONE',  ( 22.22083333333333500, -1.999999999999999600, -1.154700538379252600 ) ) ;
#4216 = EDGE_CURVE ( 'NONE', #4484, #6536, #2480, .T. ) ;
#4217 = EDGE_LOOP ( 'NONE', ( #4383, #6217, #5228, #315 ) ) ;
#4218 = CARTESIAN_POINT ( 'NONE',  ( -27.14273441009208200, -2.309401076758875100, -4.000000000000001800 ) ) ;
#4219 = CARTESIAN_POINT ( 'NONE',  ( 17.06154440124823100, -0.3438011859562397100, -1.506607495862059900 ) ) ;
#4220 = CARTESIAN_POINT ( 'NONE',  ( -17.43750000000000400, -3.277891600571078100E-016, -1.784401076758498400 ) ) ;
#4221 = CARTESIAN_POINT ( 'NONE',  ( 26.85833333333333400, 1.999999999999999300, 1.154700538379252800 ) ) ;
#4222 = CARTESIAN_POINT ( 'NONE',  ( -27.44919999999999000, 1.793007598013778300, 0.8860720927017503600 ) ) ;
#4223 = ORIENTED_EDGE ( 'NONE', *, *, #3958, .T. ) ;
#4224 = CARTESIAN_POINT ( 'NONE',  ( 18.89398070324467200, -1.677226720091058200, 0.3602947986749848700 ) ) ;
#4225 = CARTESIAN_POINT ( 'NONE',  ( 23.09583333333333100, -0.7726683315065832100, 1.338300807568872900 ) ) ;
#4226 = CARTESIAN_POINT ( 'NONE',  ( -21.25833333333333300, -1.545336663013165300, 0.8922005383792495100 ) ) ;
#4227 = CARTESIAN_POINT ( 'NONE',  ( -17.40833333333333100, 1.545336663013165100, -0.8922005383792499500 ) ) ;
#4228 = CARTESIAN_POINT ( 'NONE',  ( -25.13750000000000300, 2.905110965495596800E-016, 1.999999999999999600 ) ) ;
#4229 = ORIENTED_EDGE ( 'NONE', *, *, #6489, .T. ) ;
#4230 = CARTESIAN_POINT ( 'NONE',  ( -27.52916666666667200, -0.7726683315065825400, 1.338300807568873800 ) ) ;
#4231 = CARTESIAN_POINT ( 'NONE',  ( -24.14583333333333600, -1.000000000000000700, -1.732050807568876300 ) ) ;
#4232 = CARTESIAN_POINT ( 'NONE',  ( 25.83750000000000200, 1.414100318299875800E-016, -2.309401076758502900 ) ) ;
#4233 = CARTESIAN_POINT ( 'NONE',  ( 20.47083333333333500, 1.999999999999999300, 1.154700538379252600 ) ) ;
#4234 = EDGE_LOOP ( 'NONE', ( #3584, #2779, #724, #4673 ) ) ;
#4235 = CARTESIAN_POINT ( 'NONE',  ( 22.16250000000000100, -2.000000000000000000, -2.449293598294706400E-016 ) ) ;
#4236 = DIRECTION ( 'NONE',  ( 0.0000000000000000000, -0.8660254037844389300, 0.4999999999999996100 ) ) ;
#4237 = ADVANCED_FACE ( 'NONE', ( #1099 ), #375, .T. ) ;
#4238 = VERTEX_POINT ( 'NONE', #6456 ) ;
#4239 = CARTESIAN_POINT ( 'NONE',  ( 17.67083333333333100, -1.545336663013164600, -0.8922005383792492900 ) ) ;
#4240 = CARTESIAN_POINT ( 'NONE',  ( -19.12916666666667000, -0.7726683315065825400, 1.338300807568873800 ) ) ;
#4241 = CARTESIAN_POINT ( 'NONE',  ( 27.42966333698667800, -1.251702186431390900, 0.9062599177584425000 ) ) ;
#4242 = ORIENTED_EDGE ( 'NONE', *, *, #6451, .F. ) ;
#4243 = CARTESIAN_POINT ( 'NONE',  ( -27.49999999999999600, 0.0000000000000000000, 0.0000000000000000000 ) ) ;
#4244 = EDGE_CURVE ( 'NONE', #406, #4020, #2680, .T. ) ;
#4245 = CC_DESIGN_PERSON_AND_ORGANIZATION_ASSIGNMENT ( #6243, #1894, ( #2852 ) ) ;
#4246 = ORIENTED_EDGE ( 'NONE', *, *, #2055, .T. ) ;
#4247 = CARTESIAN_POINT ( 'NONE',  ( 18.92009553782750300, -1.724277041389124600, -0.3137919570989705600 ) ) ;
#4248 = CARTESIAN_POINT ( 'NONE',  ( -27.38333333333333300, 1.000000000000000000, 1.732050807568877000 ) ) ;
#4249 = CARTESIAN_POINT ( 'NONE',  ( 22.04583333333333400, 0.7726683315065827600, -1.338300807568873200 ) ) ;
#4250 = CARTESIAN_POINT ( 'NONE',  ( -18.45833333333333600, -1.545336663013165300, 0.8922005383792495100 ) ) ;
#4251 = CARTESIAN_POINT ( 'NONE',  ( -17.64166666666666600, -1.545336663013166200, -0.8922005383792486200 ) ) ;
#4252 = ORIENTED_EDGE ( 'NONE', *, *, #132, .F. ) ;
#4253 = EDGE_CURVE ( 'NONE', #833, #649, #4550, .T. ) ;
#4254 = CARTESIAN_POINT ( 'NONE',  ( -19.62500000000000000, -3.277891600571078100E-016, -1.784401076758498400 ) ) ;
#4255 = CARTESIAN_POINT ( 'NONE',  ( 20.35626073911696200, 0.5358983848622456100, -1.999999999999999600 ) ) ;
#4256 = CARTESIAN_POINT ( 'NONE',  ( -22.57083333333333300, 1.999999999999998700, -1.154700538379252100 ) ) ;
#4257 = COORDINATED_UNIVERSAL_TIME_OFFSET ( 6, 0, .BEHIND. ) ;
#4258 = CARTESIAN_POINT ( 'NONE',  ( 26.36250000000000100, -2.000000000000000000, -2.449293598294706400E-016 ) ) ;
#4259 = CARTESIAN_POINT ( 'NONE',  ( -26.36250000000000400, 1.545336663013165700, 0.0000000000000000000 ) ) ;
#4260 = CARTESIAN_POINT ( 'NONE',  ( 23.65000000000000200, -2.000000000000000000, -2.449293598294706400E-016 ) ) ;
#4261 = CARTESIAN_POINT ( 'NONE',  ( -16.70833333333333200, -1.999999999999999300, 1.154700538379251900 ) ) ;
#4262 = DIRECTION ( 'NONE',  ( 0.0000000000000000000, 0.0000000000000000000, -1.000000000000000000 ) ) ;
#4263 = CARTESIAN_POINT ( 'NONE',  ( 17.50000000000000000, 2.449293598294706400E-016, 2.000000000000000000 ) ) ;
#4264 = CARTESIAN_POINT ( 'NONE',  ( 18.31250000000000000, -1.545336663013165100, -1.892491597964124500E-016 ) ) ;
#4265 = CARTESIAN_POINT ( 'NONE',  ( -19.82916666666666900, -0.7726683315065825400, 1.338300807568873800 ) ) ;
#4266 = CARTESIAN_POINT ( 'NONE',  ( 22.48333333333333400, 1.000000000000000200, -1.732050807568877200 ) ) ;
#4267 = CARTESIAN_POINT ( 'NONE',  ( 19.68333333333333400, 1.000000000000000200, -1.732050807568877200 ) ) ;
#4268 =( BOUNDED_CURVE ( )  B_SPLINE_CURVE ( 2, ( #1456, #4027, #3054, #995, #908, #5174, #4089, #1434, #5105 ),
 .UNSPECIFIED., .F., .T. ) 
 B_SPLINE_CURVE_WITH_KNOTS ( ( 3, 2, 2, 2, 3 ),
 ( 0.2780497468887454000, 0.2835017027101569600, 0.2944056143528553400, 0.3053095259955537200, 0.3107614708029853300 ),
 .UNSPECIFIED. ) 
 CURVE ( )  GEOMETRIC_REPRESENTATION_ITEM ( )  RATIONAL_B_SPLINE_CURVE ( ( 0.9330127018922194100, 0.9330127018914525800, 1.000000000000000000, 0.8660254037844387100, 1.000000000000000000, 0.8660254037844387100, 1.000000000000000000, 0.9330128372184401900, 0.9330127018924927500 ) ) 
 REPRESENTATION_ITEM ( '' )  );
#4269 = FACE_OUTER_BOUND ( 'NONE', #752, .T. ) ;
#4270 = CARTESIAN_POINT ( 'NONE',  ( 25.16666666666666800, 0.7726683315065814300, 1.338300807568873800 ) ) ;
#4271 = CARTESIAN_POINT ( 'NONE',  ( -22.65833333333332800, 1.999999999999998700, -1.154700538379252600 ) ) ;
#4272 = CARTESIAN_POINT ( 'NONE',  ( 17.96249999999999900, 1.545336663013165100, 0.0000000000000000000 ) ) ;
#4273 = CARTESIAN_POINT ( 'NONE',  ( -19.68333333333333400, -0.7726683315065834300, -1.338300807568873400 ) ) ;
#4274 = CARTESIAN_POINT ( 'NONE',  ( -20.09166666666666500, 1.545336663013165500, 0.8922005383792490600 ) ) ;
#4275 = AXIS2_PLACEMENT_3D ( 'NONE', #4843, #3277, #3324 ) ;
#4276 = VECTOR ( 'NONE', #2279, 1000.000000000000000 ) ;
#4277 = CARTESIAN_POINT ( 'NONE',  ( -17.17500000000000100, 1.092630533523692700E-016, 1.784401076758498400 ) ) ;
#4278 = CARTESIAN_POINT ( 'NONE',  ( -22.74583333333333700, -1.000000000000000700, -1.732050807568876300 ) ) ;
#4279 = CARTESIAN_POINT ( 'NONE',  ( 28.05416666666666400, 2.000000000000000000, -1.154700538379251200 ) ) ;
#4280 = CARTESIAN_POINT ( 'NONE',  ( -25.07916666666666900, 0.7726683315065817600, -1.338300807568874300 ) ) ;
#4281 = VECTOR ( 'NONE', #2163, 1000.000000000000000 ) ;
#4282 = CONICAL_SURFACE ( 'NONE', #5247, 1.474999999999999000, 0.7853981633974482800 ) ;
#4283 = CARTESIAN_POINT ( 'NONE',  ( 21.22916666666666800, 0.9999999999999985600, 1.732050807568878100 ) ) ;
#4284 = CARTESIAN_POINT ( 'NONE',  ( 21.25833333333333300, 1.999999999999999300, 1.154700538379252600 ) ) ;
#4285 = CARTESIAN_POINT ( 'NONE',  ( 19.97499999999999800, -8.715332896486790000E-016, 2.000000000000000000 ) ) ;
#4286 = CARTESIAN_POINT ( 'NONE',  ( 19.12916666666666600, -0.7726683315065822100, -1.338300807568873400 ) ) ;
#4287 = CARTESIAN_POINT ( 'NONE',  ( -19.65416666666666500, -1.545336663013166200, -0.8922005383792486200 ) ) ;
#4288 = CARTESIAN_POINT ( 'NONE',  ( 23.35833333333333400, 1.999999999999999300, 1.154700538379252800 ) ) ;
#4289 = CARTESIAN_POINT ( 'NONE',  ( -27.46635765996867600, -0.7788019040114069200, -4.000000000000000900 ) ) ;
#4290 = VERTEX_POINT ( 'NONE', #1209 ) ;
#4291 = CARTESIAN_POINT ( 'NONE',  ( 26.15833333333333900, -1.545336663013164600, -0.8922005383792492900 ) ) ;
#4292 = DIRECTION ( 'NONE',  ( 0.0000000000000000000, 0.0000000000000000000, -1.000000000000000000 ) ) ;
#4293 = CARTESIAN_POINT ( 'NONE',  ( 18.83749999999999900, -3.277891600571076600E-016, 1.784401076758497700 ) ) ;
#4294 = EDGE_CURVE ( 'NONE', #515, #3610, #3477, .T. ) ;
#4295 = CARTESIAN_POINT ( 'NONE',  ( -17.78750000000000100, -8.715332896486790000E-016, -1.999999999999999600 ) ) ;
#4296 = CARTESIAN_POINT ( 'NONE',  ( -18.69166666666667000, 1.545336663013165500, 0.8922005383792490600 ) ) ;
#4297 = ORIENTED_EDGE ( 'NONE', *, *, #3299, .F. ) ;
#4298 = CARTESIAN_POINT ( 'NONE',  ( -27.41411181447461600, 1.927575292765673700, -0.4025543405280997400 ) ) ;
#4299 = CARTESIAN_POINT ( 'NONE',  ( -17.00000000000000000, -1.545336663013165700, 1.892491597964125200E-016 ) ) ;
#4300 = DIRECTION ( 'NONE',  ( 0.0000000000000000000, 0.0000000000000000000, 1.000000000000000000 ) ) ;
#4301 = CARTESIAN_POINT ( 'NONE',  ( -22.80416666666666400, -2.000000000000000000, -1.154700538379250400 ) ) ;
#4302 = CARTESIAN_POINT ( 'NONE',  ( 27.82083333333333600, -1.999999999999999800, -1.154700538379252100 ) ) ;
#4303 = CARTESIAN_POINT ( 'NONE',  ( -25.42916666666667100, -0.7726683315065825400, 1.338300807568873800 ) ) ;
#4304 = ORIENTED_EDGE ( 'NONE', *, *, #4123, .F. ) ;
#4305 = CARTESIAN_POINT ( 'NONE',  ( -19.71250000000000200, 1.999999999999999600, 0.0000000000000000000 ) ) ;
#4306 = CARTESIAN_POINT ( 'NONE',  ( -16.59166666666666900, -2.000000000000000000, -1.154700538379250600 ) ) ;
#4307 = ADVANCED_FACE ( 'NONE', ( #4194 ), #5919, .T. ) ;
#4308 = EDGE_LOOP ( 'NONE', ( #4901, #6530, #977, #1000 ) ) ;
#4309 = CARTESIAN_POINT ( 'NONE',  ( -20.03333333333333500, -1.000000000000000700, -1.732050807568876300 ) ) ;
#4310 = CARTESIAN_POINT ( 'NONE',  ( 23.76666666666666600, 0.7726683315065814300, 1.338300807568873800 ) ) ;
#4311 = ORIENTED_EDGE ( 'NONE', *, *, #2005, .T. ) ;
#4312 = CARTESIAN_POINT ( 'NONE',  ( -18.37083333333333700, -1.545336663013165100, 0.8922005383792495100 ) ) ;
#4313 = CARTESIAN_POINT ( 'NONE',  ( 23.47500000000000100, -4.242300954899627700E-016, 2.309401076758502900 ) ) ;
#4314 = CARTESIAN_POINT ( 'NONE',  ( 20.64583333333333200, 0.7726683315065827600, -1.338300807568873200 ) ) ;
#4315 =( BOUNDED_CURVE ( )  B_SPLINE_CURVE ( 2, ( #6444, #2762, #153, #4375, #4305, #5914, #1729, #1266, #1705 ),
 .UNSPECIFIED., .F., .F. ) 
 B_SPLINE_CURVE_WITH_KNOTS ( ( 3, 2, 2, 2, 3 ),
 ( 0.7343750000000000000, 0.7395833333333333700, 0.7500000000000000000, 0.7604166666666666300, 0.7656250000000000000 ),
 .UNSPECIFIED. ) 
 CURVE ( )  GEOMETRIC_REPRESENTATION_ITEM ( )  RATIONAL_B_SPLINE_CURVE ( ( 0.9330127018922194100, 0.9330127018922194100, 1.000000000000000000, 0.8660254037844387100, 1.000000000000000000, 0.8660254037844387100, 1.000000000000000000, 0.9330127018922194100, 0.9330127018922194100 ) ) 
 REPRESENTATION_ITEM ( '' )  );
#4316 = CARTESIAN_POINT ( 'NONE',  ( 18.69166666666667000, 1.545336663013165100, -0.8922005383792486200 ) ) ;
#4317 = AXIS2_PLACEMENT_3D ( 'NONE', #4751, #1611, #4773 ) ;
#4318 = CARTESIAN_POINT ( 'NONE',  ( 25.45833333333333600, -1.545336663013164600, -0.8922005383792492900 ) ) ;
#4319 = EDGE_LOOP ( 'NONE', ( #678, #4754, #4391, #179, #3762, #3257, #2535, #478 ) ) ;
#4320 = DIRECTION ( 'NONE',  ( -0.0000000000000000000, 0.8660254037844384900, 0.5000000000000004400 ) ) ;
#4321 = DIRECTION ( 'NONE',  ( 0.0000000000000000000, 0.0000000000000000000, -1.000000000000000000 ) ) ;
#4322 = CARTESIAN_POINT ( 'NONE',  ( 18.54583333333333100, 0.7726683315065827600, -1.338300807568873200 ) ) ;
#4323 = CARTESIAN_POINT ( 'NONE',  ( -16.76666666666666600, 0.7726683315065817600, -1.338300807568874300 ) ) ;
#4324 = CARTESIAN_POINT ( 'NONE',  ( -18.57500000000000300, 1.092630533523692700E-016, 1.784401076758498400 ) ) ;
#4325 = CARTESIAN_POINT ( 'NONE',  ( -27.49999999999999600, 3.464101615137753500, 2.000000000000001300 ) ) ;
#4326 = VERTEX_POINT ( 'NONE', #1392 ) ;
#4327 = CARTESIAN_POINT ( 'NONE',  ( -16.74459638626159800, 1.065005589846041800, -1.169519812772430200 ) ) ;
#4328 = CARTESIAN_POINT ( 'NONE',  ( 26.53750000000000500, 5.926426369611017600E-015, -2.000000000000000000 ) ) ;
#4329 = CARTESIAN_POINT ( 'NONE',  ( 25.89583333333333600, 1.000000000000000200, -1.732050807568877200 ) ) ;
#4330 = CARTESIAN_POINT ( 'NONE',  ( -26.71250000000000200, -1.545336663013165700, 1.892491597964125200E-016 ) ) ;
#4331 = EDGE_LOOP ( 'NONE', ( #6034, #2854, #2193, #6715 ) ) ;
#4332 = CARTESIAN_POINT ( 'NONE',  ( -24.52500000000000200, 2.905110965495596800E-016, 1.999999999999999600 ) ) ;
#4333 = EDGE_LOOP ( 'NONE', ( #3513, #3435, #2054, #6472 ) ) ;
#4334 = CARTESIAN_POINT ( 'NONE',  ( 27.42966333698660400, -1.371970130501861500, 0.7401490199901601400 ) ) ;
#4335 = CARTESIAN_POINT ( 'NONE',  ( 22.36666666666666700, -0.9999999999999995600, -1.732050807568877400 ) ) ;
#4336 = CARTESIAN_POINT ( 'NONE',  ( 26.27500000000000200, 1.092630533523692200E-016, -1.784401076758497700 ) ) ;
#4337 = EDGE_LOOP ( 'NONE', ( #971, #4223, #1240, #5874 ) ) ;
#4338 = CARTESIAN_POINT ( 'NONE',  ( -27.38333333333333300, 1.000000000000000000, 1.732050807568877000 ) ) ;
#4339 = CARTESIAN_POINT ( 'NONE',  ( 22.89166666666666900, -2.000000000000000400, 1.154700538379250600 ) ) ;
#4340 = EDGE_CURVE ( 'NONE', #967, #3093, #5206, .T. ) ;
#4341 = CARTESIAN_POINT ( 'NONE',  ( 17.64166666666666600, -1.545336663013165300, 0.8922005383792482900 ) ) ;
#4342 = CC_DESIGN_PERSON_AND_ORGANIZATION_ASSIGNMENT ( #2799, #1338, ( #890 ) ) ;
#4343 = CARTESIAN_POINT ( 'NONE',  ( 27.61666666666666700, -0.7726683315065822100, -1.338300807568873400 ) ) ;
#4344 = VERTEX_POINT ( 'NONE', #4435 ) ;
#4345 = CARTESIAN_POINT ( 'NONE',  ( 17.78749999999999800, 1.092630533523692200E-016, -1.784401076758497700 ) ) ;
#4346 = CARTESIAN_POINT ( 'NONE',  ( -17.00000000000000000, -1.545336663013165700, 1.892491597964125200E-016 ) ) ;
#4347 = CARTESIAN_POINT ( 'NONE',  ( 23.03750000000000100, 1.162044386198238800E-014, -2.000000000000000000 ) ) ;
#4348 = DIRECTION ( 'NONE',  ( 1.000000000000000000, 0.0000000000000000000, 0.0000000000000000000 ) ) ;
#4349 = EDGE_CURVE ( 'NONE', #1872, #340, #2470, .T. ) ;
#4350 = CARTESIAN_POINT ( 'NONE',  ( -26.82916666666666900, -0.7726683315065825400, 1.338300807568873800 ) ) ;
#4351 = CARTESIAN_POINT ( 'NONE',  ( -18.69166666666667000, -2.000000000000000000, -1.154700538379250600 ) ) ;
#4352 = CARTESIAN_POINT ( 'NONE',  ( 21.34583333333333500, -1.000000000000000900, 1.732050807568876700 ) ) ;
#4353 = CARTESIAN_POINT ( 'NONE',  ( -26.18750000000000400, 1.092630533523692800E-016, 1.784401076758498400 ) ) ;
#4354 = LINE ( 'NONE', #6611, #1592 ) ;
#4355 = CARTESIAN_POINT ( 'NONE',  ( 27.15000000000000200, 1.545336663013165100, 0.0000000000000000000 ) ) ;
#4356 = MANIFOLD_SOLID_BREP ( 'Extrude8', #3148 ) ;
#4357 = CARTESIAN_POINT ( 'NONE',  ( 26.04166666666666800, -1.545336663013165300, 0.8922005383792482900 ) ) ;
#4358 = AXIS2_PLACEMENT_3D ( 'NONE', #4762, #5738, #563 ) ;
#4359 = CARTESIAN_POINT ( 'NONE',  ( -26.68333333333333400, 1.000000000000000000, 1.732050807568877000 ) ) ;
#4360 = CARTESIAN_POINT ( 'NONE',  ( 24.52500000000000200, 1.414100318299875800E-016, -2.309401076758502900 ) ) ;
#4361 = CARTESIAN_POINT ( 'NONE',  ( 18.10833333333333100, 1.545336663013164600, 0.8922005383792495100 ) ) ;
#4362 = LINE ( 'NONE', #6297, #1275 ) ;
#4363 = CARTESIAN_POINT ( 'NONE',  ( 25.57499999999999900, 1.092630533523692200E-016, -1.784401076758497700 ) ) ;
#4364 = LINE ( 'NONE', #6513, #5838 ) ;
#4365 = CARTESIAN_POINT ( 'NONE',  ( -23.67916666666666700, -0.9999999999999993300, 1.732050807568877200 ) ) ;
#4366 = CARTESIAN_POINT ( 'NONE',  ( 20.70416666666666900, 1.545336663013165100, -0.8922005383792486200 ) ) ;
#4367 = CARTESIAN_POINT ( 'NONE',  ( -17.75833333333333300, -1.545336663013165300, 0.8922005383792495100 ) ) ;
#4368 = DIRECTION ( 'NONE',  ( 0.0000000000000000000, 0.0000000000000000000, -1.000000000000000000 ) ) ;
#4369 = DIRECTION ( 'NONE',  ( 1.000000000000000000, 0.0000000000000000000, 0.0000000000000000000 ) ) ;
#4370 = FACE_OUTER_BOUND ( 'NONE', #5011, .T. ) ;
#4371 = CARTESIAN_POINT ( 'NONE',  ( -25.77916666666666900, 0.7726683315065817600, -1.338300807568874300 ) ) ;
#4372 = CARTESIAN_POINT ( 'NONE',  ( -19.50623926088303200, -0.5358983848622449500, 1.999999999999999600 ) ) ;
#4373 = CARTESIAN_POINT ( 'NONE',  ( 23.67916666666666700, -0.9999999999999995600, -1.732050807568877400 ) ) ;
#4374 = CARTESIAN_POINT ( 'NONE',  ( -21.52083333333333600, 1.545336663013165300, -0.8922005383792500600 ) ) ;
#4375 = CARTESIAN_POINT ( 'NONE',  ( -19.77083333333333600, 1.999999999999998700, -1.154700538379252600 ) ) ;
#4376 = CARTESIAN_POINT ( 'NONE',  ( -24.52500000000000200, 2.905110965495596800E-016, 1.999999999999999600 ) ) ;
#4377 = ORIENTED_EDGE ( 'NONE', *, *, #5263, .T. ) ;
#4378 = CARTESIAN_POINT ( 'NONE',  ( 17.14273441009189000, -2.309401076758585500, 4.000000000000000000 ) ) ;
#4379 = CARTESIAN_POINT ( 'NONE',  ( 24.17499999999999700, 1.092630533523692200E-016, -1.784401076758497700 ) ) ;
#4380 = AXIS2_PLACEMENT_3D ( 'NONE', #673, #4236, #2181 ) ;
#4381 = CARTESIAN_POINT ( 'NONE',  ( -25.05000000000000100, -1.999999999999999600, 2.449293598294705900E-016 ) ) ;
#4382 = CARTESIAN_POINT ( 'NONE',  ( 17.34999999999999800, 1.545336663013165100, 0.0000000000000000000 ) ) ;
#4383 = ORIENTED_EDGE ( 'NONE', *, *, #377, .F. ) ;
#4384 = CARTESIAN_POINT ( 'NONE',  ( 23.06666666666666600, 0.7726683315065814300, 1.338300807568873800 ) ) ;
#4385 = CARTESIAN_POINT ( 'NONE',  ( -22.39583333333333600, 1.000000000000000000, 1.732050807568877000 ) ) ;
#4386 = CARTESIAN_POINT ( 'NONE',  ( 17.43750000000000400, -3.277891600571076600E-016, 1.784401076758497700 ) ) ;
#4387 = EDGE_CURVE ( 'NONE', #2860, #3009, #2968, .T. ) ;
#4388 = CARTESIAN_POINT ( 'NONE',  ( -17.23333333333333400, 0.7726683315065830900, 1.338300807568873600 ) ) ;
#4389 = CARTESIAN_POINT ( 'NONE',  ( 17.36084978046486400, 2.687187980154701200, 3.345653888883670200 ) ) ;
#4390 = CARTESIAN_POINT ( 'NONE',  ( 23.44373926088303900, 0.5358983848622442800, 2.000000000000000000 ) ) ;
#4391 = ORIENTED_EDGE ( 'NONE', *, *, #3692, .T. ) ;
#4392 = CARTESIAN_POINT ( 'NONE',  ( -27.41250000000000100, -1.545336663013165700, 1.892491597964125200E-016 ) ) ;
#4393 =( BOUNDED_CURVE ( )  B_SPLINE_CURVE ( 2, ( #5558, #3479, #5130, #5178, #2565, #1507, #6728, #1483, #4645 ),
 .UNSPECIFIED., .F., .T. ) 
 B_SPLINE_CURVE_WITH_KNOTS ( ( 3, 2, 2, 2, 3 ),
 ( 0.07812500000000000000, 0.08333333333333332900, 0.09375000000000000000, 0.1041666666666666700, 0.1093750000000000000 ),
 .UNSPECIFIED. ) 
 CURVE ( )  GEOMETRIC_REPRESENTATION_ITEM ( )  RATIONAL_B_SPLINE_CURVE ( ( 0.9330127018922194100, 0.9330127018922194100, 1.000000000000000000, 0.8660254037844387100, 1.000000000000000000, 0.8660254037844387100, 1.000000000000000000, 0.9330127018922194100, 0.9330127018922194100 ) ) 
 REPRESENTATION_ITEM ( '' )  );
#4394 = CARTESIAN_POINT ( 'NONE',  ( 22.97916666666666800, -0.9999999999999995600, -1.732050807568877400 ) ) ;
#4395 = CARTESIAN_POINT ( 'NONE',  ( -21.63750000000000600, -3.277891600571078100E-016, -1.784401076758498400 ) ) ;
#4396 = CARTESIAN_POINT ( 'NONE',  ( 24.26250000000000300, -2.000000000000000000, -2.449293598294706400E-016 ) ) ;
#4397 = CARTESIAN_POINT ( 'NONE',  ( 27.12083333333333400, 1.545336663013164400, 0.8922005383792495100 ) ) ;
#4398 = VERTEX_POINT ( 'NONE', #5535 ) ;
#4399 = AXIS2_PLACEMENT_3D ( 'NONE', #4415, #5044, #5692 ) ;
#4400 = CARTESIAN_POINT ( 'NONE',  ( -27.49999999999999600, -3.464101615137754800, -1.999999999999999600 ) ) ;
#4401 = CARTESIAN_POINT ( 'NONE',  ( -21.25833333333333300, 1.999999999999998700, -1.154700538379252600 ) ) ;
#4402 = CARTESIAN_POINT ( 'NONE',  ( 25.98333333333333400, -0.7726683315065832100, 1.338300807568872900 ) ) ;
#4403 = CARTESIAN_POINT ( 'NONE',  ( -27.03333333333333100, -1.000000000000000700, -1.732050807568876300 ) ) ;
#4404 = ORIENTED_EDGE ( 'NONE', *, *, #3193, .T. ) ;
#4405 = CARTESIAN_POINT ( 'NONE',  ( -27.46578971905347500, 3.072372537026367500, 2.678494666091039400 ) ) ;
#4406 = VERTEX_POINT ( 'NONE', #4598 ) ;
#4407 = CARTESIAN_POINT ( 'NONE',  ( 24.11666666666666700, -0.7726683315065822100, -1.338300807568873400 ) ) ;
#4408 = CARTESIAN_POINT ( 'NONE',  ( -16.63172308141813000, 1.260336688851691600, -0.8942129683621348200 ) ) ;
#4409 = CARTESIAN_POINT ( 'NONE',  ( 19.53749999999999400, -4.543593550035113400E-014, -2.000000000000000000 ) ) ;
#4410 = CARTESIAN_POINT ( 'NONE',  ( 27.47083333333333100, -1.545336663013164600, -0.8922005383792492900 ) ) ;
#4411 = EDGE_LOOP ( 'NONE', ( #345, #3319, #421, #111 ) ) ;
#4412 = CARTESIAN_POINT ( 'NONE',  ( -23.09373926088303400, -0.5358983848622449500, 1.999999999999999600 ) ) ;
#4413 = CARTESIAN_POINT ( 'NONE',  ( 23.62083333333333700, -1.999999999999999600, -1.154700538379252600 ) ) ;
#4414 = CARTESIAN_POINT ( 'NONE',  ( -16.59390805164447600, 1.631143021304043200, -1.157312595650422200 ) ) ;
#4415 = CARTESIAN_POINT ( 'NONE',  ( 17.50000000000000000, 0.0000000000000000000, 0.0000000000000000000 ) ) ;
#4416 = ORIENTED_EDGE ( 'NONE', *, *, #6489, .F. ) ;
#4417 = CARTESIAN_POINT ( 'NONE',  ( -25.31250000000000000, -1.545336663013165700, 1.892491597964125200E-016 ) ) ;
#4418 = CARTESIAN_POINT ( 'NONE',  ( 22.33750000000000600, 1.414100318299875800E-016, -2.309401076758502900 ) ) ;
#4419 = CARTESIAN_POINT ( 'NONE',  ( -23.62083333333333700, 1.545336663013165300, -0.8922005383792500600 ) ) ;
#4420 = CARTESIAN_POINT ( 'NONE',  ( 21.28750012630440500, -2.165218343277530500E-006, 1.999999999998828300 ) ) ;
#4421 = CARTESIAN_POINT ( 'NONE',  ( -23.91250000000000100, 1.999999999999999600, 0.0000000000000000000 ) ) ;
#4422 = CARTESIAN_POINT ( 'NONE',  ( -24.29166666666666800, -2.000000000000000000, -1.154700538379250600 ) ) ;
#4423 = APPROVAL_PERSON_ORGANIZATION ( #2086, #6102, #2916 ) ;
#4424 = CARTESIAN_POINT ( 'NONE',  ( -23.15626073911696300, 0.5358983848622455000, 1.999999999999999600 ) ) ;
#4425 = CARTESIAN_POINT ( 'NONE',  ( 26.24583333333333700, -1.000000000000000900, 1.732050807568876700 ) ) ;
#4426 = CARTESIAN_POINT ( 'NONE',  ( 19.85833333333333400, -1.545336663013164600, -0.8922005383792492900 ) ) ;
#4427 = CARTESIAN_POINT ( 'NONE',  ( -25.75000000000000000, -1.999999999999999600, 2.449293598294705900E-016 ) ) ;
#4428 = EDGE_CURVE ( 'NONE', #340, #1791, #5612, .T. ) ;
#4429 = CARTESIAN_POINT ( 'NONE',  ( -27.15883776893267100, -0.2359266855195328600, -1.709637768932677200 ) ) ;
#4430 = CONICAL_SURFACE ( 'NONE', #3240, 1.542796663013164900, 0.7853981633974495000 ) ;
#4431 = CARTESIAN_POINT ( 'NONE',  ( 24.05833333333333400, -1.545336663013164600, -0.8922005383792492900 ) ) ;
#4432 = CARTESIAN_POINT ( 'NONE',  ( -19.94583333333333600, -1.000000000000000700, -1.732050807568876300 ) ) ;
#4433 = DIRECTION ( 'NONE',  ( -1.000000000000000000, -0.0000000000000000000, -0.0000000000000000000 ) ) ;
#4434 = CARTESIAN_POINT ( 'NONE',  ( -27.32499999999999900, 5.810221930991194200E-017, 1.999999999999999600 ) ) ;
#4435 = CARTESIAN_POINT ( 'NONE',  ( 17.14273441009184000, 2.309401076758502500, 4.000000000000000000 ) ) ;
#4436 = CARTESIAN_POINT ( 'NONE',  ( 22.74583333333333700, -1.000000000000000900, 1.732050807568876700 ) ) ;
#4437 = DIRECTION ( 'NONE',  ( 1.000000000000000000, 0.0000000000000000000, 0.0000000000000000000 ) ) ;
#4438 = LINE ( 'NONE', #4454, #5344 ) ;
#4439 = CARTESIAN_POINT ( 'NONE',  ( -24.08750000000000200, -8.715332896486790000E-016, -1.999999999999999600 ) ) ;
#4440 = EDGE_CURVE ( 'NONE', #6350, #1703, #2590, .T. ) ;
#4441 = CARTESIAN_POINT ( 'NONE',  ( -25.25416666666666600, -1.545336663013166200, -0.8922005383792486200 ) ) ;
#4442 = CARTESIAN_POINT ( 'NONE',  ( -26.56666666666666600, 0.7726683315065817600, -1.338300807568874300 ) ) ;
#4443 = CARTESIAN_POINT ( 'NONE',  ( 21.92916666666667100, 0.9999999999999985600, 1.732050807568878100 ) ) ;
#4444 =( BOUNDED_CURVE ( )  B_SPLINE_CURVE ( 2, ( #3292, #5423, #3851, #751, #1254, #6477, #4385, #1813, #5970 ),
 .UNSPECIFIED., .F., .T. ) 
 B_SPLINE_CURVE_WITH_KNOTS ( ( 3, 2, 2, 2, 3 ),
 ( 0.4843750000000000000, 0.4895833333333333100, 0.5000000000000000000, 0.5104166666666666300, 0.5156250000000000000 ),
 .UNSPECIFIED. ) 
 CURVE ( )  GEOMETRIC_REPRESENTATION_ITEM ( )  RATIONAL_B_SPLINE_CURVE ( ( 0.9330127018922194100, 0.9330127018922194100, 1.000000000000000000, 0.8660254037844387100, 1.000000000000000000, 0.8660254037844387100, 1.000000000000000000, 0.9330127018922194100, 0.9330127018922194100 ) ) 
 REPRESENTATION_ITEM ( '' )  );
#4445 = CARTESIAN_POINT ( 'NONE',  ( -23.27083333333333600, -1.545336663013165300, 0.8922005383792495100 ) ) ;
#4446 = CARTESIAN_POINT ( 'NONE',  ( 23.85626073911696600, 0.5358983848622456100, -1.999999999999999600 ) ) ;
#4447 = CARTESIAN_POINT ( 'NONE',  ( -17.49583333333333700, 1.000000000000000000, 1.732050807568877000 ) ) ;
#4448 = CONICAL_SURFACE ( 'NONE', #3755, 4.000000000000000000, 1.047197551196600100 ) ;
#4449 = CARTESIAN_POINT ( 'NONE',  ( 27.03333333333333100, 0.7726683315065827600, -1.338300807568873200 ) ) ;
#4450 = CARTESIAN_POINT ( 'NONE',  ( -26.21876073911696600, -0.5358983848622459500, -1.999999999999999100 ) ) ;
#4451 = CARTESIAN_POINT ( 'NONE',  ( 19.74166666666666400, -1.545336663013165300, 0.8922005383792482900 ) ) ;
#4452 = CARTESIAN_POINT ( 'NONE',  ( -23.76666666666666600, -0.9999999999999993300, 1.732050807568877200 ) ) ;
#4453 = VECTOR ( 'NONE', #979, 1000.000000000000000 ) ;
#4454 = CARTESIAN_POINT ( 'NONE',  ( 17.50000000000000000, 0.0000000000000000000, -2.000000000000000000 ) ) ;
#4455 = CARTESIAN_POINT ( 'NONE',  ( -23.82499999999999900, 2.905110965495596800E-016, 1.999999999999999600 ) ) ;
#4456 = CARTESIAN_POINT ( 'NONE',  ( -25.51876073911696400, -0.5358983848622459500, -1.999999999999999100 ) ) ;
#4457 = CARTESIAN_POINT ( 'NONE',  ( -20.58750000000000200, -8.715332896486790000E-016, -1.999999999999999600 ) ) ;
#4458 = CARTESIAN_POINT ( 'NONE',  ( 20.00626073911696400, -0.5358983848622460600, 1.999999999999999600 ) ) ;
#4459 = ORIENTED_EDGE ( 'NONE', *, *, #4349, .F. ) ;
#4460 = CARTESIAN_POINT ( 'NONE',  ( -23.56250000000000400, 1.545336663013165700, 0.0000000000000000000 ) ) ;
#4461 = CARTESIAN_POINT ( 'NONE',  ( 22.62916666666667000, 0.9999999999999985600, 1.732050807568878100 ) ) ;
#4462 = CARTESIAN_POINT ( 'NONE',  ( 17.61250000000000400, 2.000000000000000000, 0.0000000000000000000 ) ) ;
#4463 = CARTESIAN_POINT ( 'NONE',  ( -23.79583333333333400, -0.7726683315065834300, -1.338300807568873400 ) ) ;
#4464 = CARTESIAN_POINT ( 'NONE',  ( 24.00000000000000000, 2.000000000000000000, 0.0000000000000000000 ) ) ;
#4465 = CARTESIAN_POINT ( 'NONE',  ( 18.80833333333333400, -1.999999999999999800, -1.154700538379252100 ) ) ;
#4466 = ORIENTED_EDGE ( 'NONE', *, *, #3079, .T. ) ;
#4467 = CARTESIAN_POINT ( 'NONE',  ( 23.97083333333333500, -1.545336663013164400, -0.8922005383792492900 ) ) ;
#4468 = CARTESIAN_POINT ( 'NONE',  ( -17.37916666666666600, -0.9999999999999993300, 1.732050807568877200 ) ) ;
#4469 = DATE_TIME_ROLE ( 'classification_date' ) ;
#4470 = CARTESIAN_POINT ( 'NONE',  ( 25.57499999999999600, 1.092630533523692200E-016, -1.784401076758497700 ) ) ;
#4471 = EDGE_CURVE ( 'NONE', #833, #803, #2812, .T. ) ;
#4472 = CARTESIAN_POINT ( 'NONE',  ( 26.68333333333333400, 1.000000000000000200, -1.732050807568877200 ) ) ;
#4473 = CARTESIAN_POINT ( 'NONE',  ( 22.13333333333333300, 0.7726683315065827600, -1.338300807568873200 ) ) ;
#4474 = ORIENTED_EDGE ( 'NONE', *, *, #1165, .T. ) ;
#4475 = APPROVAL ( #1288, 'UNSPECIFIED' ) ;
#4476 = CARTESIAN_POINT ( 'NONE',  ( -22.89166666666666900, -2.000000000000000000, -1.154700538379250400 ) ) ;
#4477 = CARTESIAN_POINT ( 'NONE',  ( -27.18728326894682500, -0.9128152194800095400, -1.483822021921354500 ) ) ;
#4478 = EDGE_LOOP ( 'NONE', ( #1651, #3516, #5156, #6141 ) ) ;
#4479 = CARTESIAN_POINT ( 'NONE',  ( -23.73750000000000100, 2.905110965495596800E-016, 1.999999999999999600 ) ) ;
#4480 = CARTESIAN_POINT ( 'NONE',  ( -20.82083333333333300, -1.999999999999999300, 1.154700538379251900 ) ) ;
#4481 = EDGE_CURVE ( 'NONE', #5940, #2615, #2098, .T. ) ;
#4482 =( BOUNDED_CURVE ( )  B_SPLINE_CURVE ( 2, ( #6596, #3460, #6061, #1394, #6085, #348, #6618, #5042, #5559 ),
 .UNSPECIFIED., .F., .T. ) 
 B_SPLINE_CURVE_WITH_KNOTS ( ( 3, 2, 2, 2, 3 ),
 ( 0.9218750000000000000, 0.9270833333333333700, 0.9375000000000000000, 0.9479166666666666300, 0.9531250000000000000 ),
 .UNSPECIFIED. ) 
 CURVE ( )  GEOMETRIC_REPRESENTATION_ITEM ( )  RATIONAL_B_SPLINE_CURVE ( ( 0.9330127018922194100, 0.9330127018922194100, 1.000000000000000000, 0.8660254037844387100, 1.000000000000000000, 0.8660254037844387100, 1.000000000000000000, 0.9330127018922194100, 0.9330127018922194100 ) ) 
 REPRESENTATION_ITEM ( '' )  );
#4483 = CARTESIAN_POINT ( 'NONE',  ( 17.50000000000000000, 0.0000000000000000000, -2.000000000000000000 ) ) ;
#4484 = VERTEX_POINT ( 'NONE', #1461 ) ;
#4485 = CARTESIAN_POINT ( 'NONE',  ( -23.32916666666666900, -0.7726683315065825400, 1.338300807568873800 ) ) ;
#4486 = CARTESIAN_POINT ( 'NONE',  ( 18.48750000000000100, -4.242300954899627700E-016, 2.309401076758502900 ) ) ;
#4487 = CARTESIAN_POINT ( 'NONE',  ( -19.82916666666666900, -0.7726683315065825400, 1.338300807568873800 ) ) ;
#4488 = CARTESIAN_POINT ( 'NONE',  ( 20.15000000000000200, -2.000000000000000000, -2.449293598294706400E-016 ) ) ;
#4489 = CARTESIAN_POINT ( 'NONE',  ( 24.02916666666666500, -0.7726683315065822100, -1.338300807568873400 ) ) ;
#4490 = CARTESIAN_POINT ( 'NONE',  ( -18.89583333333333600, 1.000000000000000000, 1.732050807568877000 ) ) ;
#4491 = CARTESIAN_POINT ( 'NONE',  ( 24.40833333333333500, 1.545336663013164400, 0.8922005383792495100 ) ) ;
#4492 = ORIENTED_EDGE ( 'NONE', *, *, #2901, .F. ) ;
#4493 = DIRECTION ( 'NONE',  ( 0.0000000000000000000, 0.0000000000000000000, 1.000000000000000000 ) ) ;
#4494 = CARTESIAN_POINT ( 'NONE',  ( 17.25151993662500900, -4.430380094434244000, -0.3263565795980942800 ) ) ;
#4495 = CARTESIAN_POINT ( 'NONE',  ( 22.59999999999999800, -1.545336663013165100, -1.892491597964124500E-016 ) ) ;
#4496 = ORIENTED_EDGE ( 'NONE', *, *, #2379, .T. ) ;
#4497 = CARTESIAN_POINT ( 'NONE',  ( -23.06666666666666600, -0.9999999999999993300, 1.732050807568877200 ) ) ;
#4498 = CARTESIAN_POINT ( 'NONE',  ( 27.36330944018079200, 2.707037594757143200E-011, 1.611690559819209700 ) ) ;
#4499 = EDGE_LOOP ( 'NONE', ( #2354, #4014, #3067, #2873 ) ) ;
#4500 = CARTESIAN_POINT ( 'NONE',  ( 17.50000000000000000, 0.0000000000000000000, -2.000000000000000000 ) ) ;
#4501 = CARTESIAN_POINT ( 'NONE',  ( 23.97083333333333500, -1.545336663013164600, -0.8922005383792492900 ) ) ;
#4502 = CARTESIAN_POINT ( 'NONE',  ( 17.50000000000000000, 0.0000000000000000000, 0.0000000000000000000 ) ) ;
#4503 = CARTESIAN_POINT ( 'NONE',  ( -26.62500000000000000, 2.905110965495596800E-016, 1.999999999999999600 ) ) ;
#4504 = CARTESIAN_POINT ( 'NONE',  ( 23.79373926088303600, -0.5358983848622451700, -2.000000000000000000 ) ) ;
#4505 = B_SPLINE_CURVE_WITH_KNOTS ( 'NONE', 3,
 ( #1466, #5695, #3546, #5160 ),
 .UNSPECIFIED., .F., .F.,
 ( 4, 4 ),
 ( 2.133868533285313000E-017, 0.0005371729141157304200 ),
 .UNSPECIFIED. ) ;
#4506 = VERTEX_POINT ( 'NONE', #6083 ) ;
#4507 = CARTESIAN_POINT ( 'NONE',  ( -22.10416666666666800, 1.545336663013165500, 0.8922005383792490600 ) ) ;
#4508 = CARTESIAN_POINT ( 'NONE',  ( -22.07499999999999900, 1.092630533523692800E-016, 1.784401076758498400 ) ) ;
#4509 = CARTESIAN_POINT ( 'NONE',  ( 19.42083333333333400, -1.999999999999999800, -1.154700538379252100 ) ) ;
#4510 = CARTESIAN_POINT ( 'NONE',  ( -17.14583333333333600, 0.7726683315065830900, 1.338300807568873600 ) ) ;
#4511 = CARTESIAN_POINT ( 'NONE',  ( 20.85000000000000100, -2.000000000000000000, -2.449293598294706400E-016 ) ) ;
#4512 = CARTESIAN_POINT ( 'NONE',  ( 23.50416666666666600, 1.545336663013165100, -0.8922005383792486200 ) ) ;
#4513 = CARTESIAN_POINT ( 'NONE',  ( -18.13749999999999900, 1.414100318299875800E-016, 2.309401076758502500 ) ) ;
#4514 = CARTESIAN_POINT ( 'NONE',  ( 22.94999999999999900, 1.545336663013165100, 0.0000000000000000000 ) ) ;
#4515 = CARTESIAN_POINT ( 'NONE',  ( -27.61666666666666700, -0.7726683315065825400, 1.338300807568873800 ) ) ;
#4516 = CARTESIAN_POINT ( 'NONE',  ( -27.49999999999999600, -3.464101615137755700, 1.999999999999998700 ) ) ;
#4517 = CARTESIAN_POINT ( 'NONE',  ( 22.77499999999999900, 1.092630533523692200E-016, -1.784401076758497700 ) ) ;
#4518 = FACE_OUTER_BOUND ( 'NONE', #493, .T. ) ;
#4519 = CARTESIAN_POINT ( 'NONE',  ( -22.36666666666666700, -0.9999999999999993300, 1.732050807568877200 ) ) ;
#4520 = EDGE_CURVE ( 'NONE', #3267, #5473, #3147, .T. ) ;
#4521 = CARTESIAN_POINT ( 'NONE',  ( 27.32871011783446800, 0.7698175637210209500, 1.459651476866979000 ) ) ;
#4522 = ADVANCED_FACE ( 'NONE', ( #2568 ), #697, .F. ) ;
#4523 = FACE_OUTER_BOUND ( 'NONE', #2517, .T. ) ;
#4524 = CARTESIAN_POINT ( 'NONE',  ( -25.77916666666666900, -0.9999999999999993300, 1.732050807568877200 ) ) ;
#4525 = CARTESIAN_POINT ( 'NONE',  ( 24.49583333333333000, -0.7726683315065832100, 1.338300807568872900 ) ) ;
#4526 = CARTESIAN_POINT ( 'NONE',  ( 19.04377058534408100, 1.020831973455433400, 1.562017503565144000 ) ) ;
#4527 = DIRECTION ( 'NONE',  ( 0.0000000000000000000, 0.0000000000000000000, -1.000000000000000000 ) ) ;
#4528 = CYLINDRICAL_SURFACE ( 'NONE', #5417, 2.000000000000000000 ) ;
#4529 = LINE ( 'NONE', #198, #4701 ) ;
#4530 = AXIS2_PLACEMENT_3D ( 'NONE', #3896, #3434, #3413 ) ;
#4531 = CARTESIAN_POINT ( 'NONE',  ( -22.16250000000000100, 1.545336663013165700, 0.0000000000000000000 ) ) ;
#4532 = CARTESIAN_POINT ( 'NONE',  ( 19.82916666666666900, 0.9999999999999985600, 1.732050807568878100 ) ) ;
#4533 = CARTESIAN_POINT ( 'NONE',  ( -18.48750000000000100, 1.092630533523692800E-016, 1.784401076758498400 ) ) ;
#4534 = CARTESIAN_POINT ( 'NONE',  ( 19.15833333333333100, 1.999999999999999300, 1.154700538379252800 ) ) ;
#4535 = CARTESIAN_POINT ( 'NONE',  ( 21.98749999999999700, 1.092630533523692200E-016, -1.784401076758497700 ) ) ;
#4536 = CARTESIAN_POINT ( 'NONE',  ( -24.81666666666666600, -0.7726683315065825400, 1.338300807568873800 ) ) ;
#4537 = CIRCLE ( 'NONE', #1039, 2.000000000000000000 ) ;
#4538 = CARTESIAN_POINT ( 'NONE',  ( 23.06666666666666600, 0.7726683315065814300, 1.338300807568873800 ) ) ;
#4539 = VECTOR ( 'NONE', #1376, 1000.000000000000000 ) ;
#4540 = CARTESIAN_POINT ( 'NONE',  ( -23.82499999999999900, -3.277891600571078100E-016, -1.784401076758498400 ) ) ;
#4541 = CARTESIAN_POINT ( 'NONE',  ( 23.06666666666666600, -0.9999999999999995600, -1.732050807568877400 ) ) ;
#4542 = CARTESIAN_POINT ( 'NONE',  ( -24.84583333333333500, -1.000000000000000700, -1.732050807568876300 ) ) ;
#4543 = CARTESIAN_POINT ( 'NONE',  ( -23.47500000000000100, -4.242300954899626700E-016, -2.309401076758502500 ) ) ;
#4544 = CARTESIAN_POINT ( 'NONE',  ( -25.19583333333333300, 1.000000000000000000, 1.732050807568877000 ) ) ;
#4545 = VERTEX_POINT ( 'NONE', #1903 ) ;
#4546 = CARTESIAN_POINT ( 'NONE',  ( -21.72500000000000100, 2.905110965495596800E-016, 1.999999999999999600 ) ) ;
#4547 = CARTESIAN_POINT ( 'NONE',  ( 25.13750000000000300, -3.277891600571076600E-016, 1.784401076758497700 ) ) ;
#4548 = CARTESIAN_POINT ( 'NONE',  ( 22.54166666666666800, -1.545336663013165300, 0.8922005383792482900 ) ) ;
#4549 = CARTESIAN_POINT ( 'NONE',  ( -27.10574390032330400, 0.9592554779786856000, -1.358603431442038300 ) ) ;
#4550 = B_SPLINE_CURVE_WITH_KNOTS ( 'NONE', 3,
 ( #5949, #4858, #5904, #3415, #1883, #6593, #3459, #3917, #346, #4973 ),
 .UNSPECIFIED., .F., .F.,
 ( 4, 2, 2, 2, 4 ),
 ( 2.298534176332988800E-017, 0.0005444082884656943900, 0.001088816576931365800, 0.001633224865397037200, 0.002177633153862708600 ),
 .UNSPECIFIED. ) ;
#4551 = VERTEX_POINT ( 'NONE', #2514 ) ;
#4552 = AXIS2_PLACEMENT_3D ( 'NONE', #5603, #6111, #5016 ) ;
#4553 = CARTESIAN_POINT ( 'NONE',  ( -21.98750000000000400, 1.092630533523692700E-016, 1.784401076758498400 ) ) ;
#4554 = CARTESIAN_POINT ( 'NONE',  ( 18.83749999999999900, 1.414100318299875800E-016, -2.309401076758502900 ) ) ;
#4555 = CARTESIAN_POINT ( 'NONE',  ( -18.95416666666666900, -1.545336663013166400, -0.8922005383792486200 ) ) ;
#4556 = CARTESIAN_POINT ( 'NONE',  ( 18.22500000000000100, 1.414100318299875800E-016, -2.309401076758502900 ) ) ;
#4557 = ADVANCED_FACE ( 'NONE', ( #5259 ), #1022, .F. ) ;
#4558 = CARTESIAN_POINT ( 'NONE',  ( 22.04583333333333400, 0.7726683315065827600, -1.338300807568873200 ) ) ;
#4559 = CARTESIAN_POINT ( 'NONE',  ( -25.10833333333333100, 1.545336663013165100, -0.8922005383792499500 ) ) ;
#4560 = ORIENTED_EDGE ( 'NONE', *, *, #1295, .T. ) ;
#4561 = CARTESIAN_POINT ( 'NONE',  ( 24.69999999999999900, -1.545336663013165100, -1.892491597964124500E-016 ) ) ;
#4562 = CARTESIAN_POINT ( 'NONE',  ( 17.75833333333333300, -1.545336663013164600, -0.8922005383792492900 ) ) ;
#4563 = EDGE_CURVE ( 'NONE', #5132, #1337, #4862, .T. ) ;
#4564 = CARTESIAN_POINT ( 'NONE',  ( -27.09166666666666900, 1.545336663013165500, 0.8922005383792490600 ) ) ;
#4565 = CARTESIAN_POINT ( 'NONE',  ( 22.94999999999999900, -2.000000000000000000, -2.449293598294706400E-016 ) ) ;
#4566 = DIRECTION ( 'NONE',  ( 0.0000000000000000000, 0.0000000000000000000, -1.000000000000000000 ) ) ;
#4567 = CARTESIAN_POINT ( 'NONE',  ( -17.75833333333333300, 1.999999999999998700, -1.154700538379252100 ) ) ;
#4568 = ORIENTED_EDGE ( 'NONE', *, *, #5196, .F. ) ;
#4569 =( BOUNDED_CURVE ( )  B_SPLINE_CURVE ( 2, ( #675, #2268, #4335, #2788, #109, #1221, #5299, #3749, #5894 ),
 .UNSPECIFIED., .F., .T. ) 
 B_SPLINE_CURVE_WITH_KNOTS ( ( 3, 2, 2, 2, 3 ),
 ( 0.4531250000000000000, 0.4583333333333333100, 0.4687500000000000000, 0.4791666666666666900, 0.4843750000000000000 ),
 .UNSPECIFIED. ) 
 CURVE ( )  GEOMETRIC_REPRESENTATION_ITEM ( )  RATIONAL_B_SPLINE_CURVE ( ( 0.9330127018922194100, 0.9330127018922194100, 1.000000000000000000, 0.8660254037844387100, 1.000000000000000000, 0.8660254037844387100, 1.000000000000000000, 0.9330127018922194100, 0.9330127018922194100 ) ) 
 REPRESENTATION_ITEM ( '' )  );
#4570 = CARTESIAN_POINT ( 'NONE',  ( 19.16856932405568200, 1.707363624988444100, 1.031505425577640400 ) ) ;
#4571 = CARTESIAN_POINT ( 'NONE',  ( -21.84166666666666900, 1.999999999999999600, 1.154700538379251000 ) ) ;
#4572 = CARTESIAN_POINT ( 'NONE',  ( 25.77916666666666500, 0.7726683315065814300, 1.338300807568873800 ) ) ;
#4573 = ORIENTED_EDGE ( 'NONE', *, *, #4008, .T. ) ;
#4574 = EDGE_CURVE ( 'NONE', #6125, #4484, #4992, .T. ) ;
#4575 = CARTESIAN_POINT ( 'NONE',  ( 18.80764051013755300, 1.620569605194693600, 0.1789426356570280900 ) ) ;
#4576 = CARTESIAN_POINT ( 'NONE',  ( -24.55416666666666700, 1.999999999999999600, 1.154700538379251000 ) ) ;
#4577 = EDGE_LOOP ( 'NONE', ( #4666, #4744, #1161 ) ) ;
#4578 = CARTESIAN_POINT ( 'NONE',  ( -17.20416666666667300, 1.545336663013165500, 0.8922005383792490600 ) ) ;
#4579 = ORIENTED_EDGE ( 'NONE', *, *, #5927, .T. ) ;
#4580 = CARTESIAN_POINT ( 'NONE',  ( -27.47083333333333500, -1.545336663013165100, 0.8922005383792495100 ) ) ;
#4581 = DIRECTION ( 'NONE',  ( 0.0000000000000000000, 0.0000000000000000000, 1.000000000000000000 ) ) ;
#4582 = CARTESIAN_POINT ( 'NONE',  ( 25.19583333333333300, -0.7726683315065832100, 1.338300807568872900 ) ) ;
#4583 = CARTESIAN_POINT ( 'NONE',  ( 20.82083333333333300, 1.545336663013164400, 0.8922005383792495100 ) ) ;
#4584 = CARTESIAN_POINT ( 'NONE',  ( -27.55833333333333400, -1.545336663013165100, 0.8922005383792495100 ) ) ;
#4585 = ORIENTED_EDGE ( 'NONE', *, *, #4134, .F. ) ;
#4586 = AXIS2_PLACEMENT_3D ( 'NONE', #997, #2057, #6772 ) ;
#4587 = CARTESIAN_POINT ( 'NONE',  ( 21.84166666666666100, -1.545336663013165500, 0.8922005383792481800 ) ) ;
#4588 = CARTESIAN_POINT ( 'NONE',  ( 19.74166666666666400, -1.545336663013165300, 0.8922005383792482900 ) ) ;
#4589 = CARTESIAN_POINT ( 'NONE',  ( -24.64166666666666600, -1.545336663013166200, -0.8922005383792486200 ) ) ;
#4590 = CARTESIAN_POINT ( 'NONE',  ( -19.04166666666666800, 1.999999999999999600, 1.154700538379251000 ) ) ;
#4591 = CARTESIAN_POINT ( 'NONE',  ( -20.09166666666666500, -2.000000000000000000, -1.154700538379250400 ) ) ;
#4592 = ORIENTED_EDGE ( 'NONE', *, *, #811, .F. ) ;
#4593 = PERSON_AND_ORGANIZATION ( #976, #115 ) ;
#4594 = ADVANCED_FACE ( 'NONE', ( #6493 ), #4117, .F. ) ;
#4595 = AXIS2_PLACEMENT_3D ( 'NONE', #4107, #3490, #990 ) ;
#4596 = CARTESIAN_POINT ( 'NONE',  ( -17.87500000000000400, -8.715332896486790000E-016, -1.999999999999999600 ) ) ;
#4597 = CARTESIAN_POINT ( 'NONE',  ( 26.59583333333333100, -0.7726683315065832100, 1.338300807568872900 ) ) ;
#4598 = CARTESIAN_POINT ( 'NONE',  ( -21.37499999999999600, -8.715332896486790000E-016, -1.999999999999999600 ) ) ;
#4599 = CARTESIAN_POINT ( 'NONE',  ( -22.10416666666666800, -2.000000000000000000, -1.154700538379250600 ) ) ;
#4600 = B_SPLINE_CURVE_WITH_KNOTS ( 'NONE', 3,
 ( #5377, #3289, #4405, #3824, #4943, #1831 ),
 .UNSPECIFIED., .F., .F.,
 ( 4, 2, 4 ),
 ( 0.002336974151641548200, 0.003500975885716442000, 0.004664977619791335300 ),
 .UNSPECIFIED. ) ;
#4601 = FACE_OUTER_BOUND ( 'NONE', #2217, .T. ) ;
#4602 = CARTESIAN_POINT ( 'NONE',  ( -18.89583333333333600, -0.7726683315065834300, -1.338300807568873400 ) ) ;
#4603 = CARTESIAN_POINT ( 'NONE',  ( -25.19583333333333300, -0.7726683315065834300, -1.338300807568873400 ) ) ;
#4604 = CARTESIAN_POINT ( 'NONE',  ( -27.32499999999999900, 5.810221930991194200E-017, 1.999999999999999600 ) ) ;
#4605 = CARTESIAN_POINT ( 'NONE',  ( 17.40833333333333100, -1.999999999999999800, -1.154700538379252100 ) ) ;
#4606 = CARTESIAN_POINT ( 'NONE',  ( 21.75416666666666600, -1.545336663013165500, 0.8922005383792481800 ) ) ;
#4607 = CARTESIAN_POINT ( 'NONE',  ( -26.15833333333333900, -1.545336663013165100, 0.8922005383792495100 ) ) ;
#4608 = CC_DESIGN_APPROVAL ( #4475, ( #5656 ) ) ;
#4609 = FACE_OUTER_BOUND ( 'NONE', #3936, .T. ) ;
#4610 = CARTESIAN_POINT ( 'NONE',  ( 21.95833333333333200, -1.545336663013164400, -0.8922005383792492900 ) ) ;
#4611 = CARTESIAN_POINT ( 'NONE',  ( 24.55416666666666700, 2.000000000000000000, -1.154700538379251200 ) ) ;
#4612 =( BOUNDED_CURVE ( )  B_SPLINE_CURVE ( 2, ( #4376, #6531, #4936, #225, #2371, #4422, #4960, #2330, #2828 ),
 .UNSPECIFIED., .F., .T. ) 
 B_SPLINE_CURVE_WITH_KNOTS ( ( 3, 2, 2, 2, 3 ),
 ( 0.2656250000000000000, 0.2708333333333333100, 0.2812500000000000000, 0.2916666666666666900, 0.2968750000000000000 ),
 .UNSPECIFIED. ) 
 CURVE ( )  GEOMETRIC_REPRESENTATION_ITEM ( )  RATIONAL_B_SPLINE_CURVE ( ( 0.9330127018922194100, 0.9330127018922194100, 1.000000000000000000, 0.8660254037844387100, 1.000000000000000000, 0.8660254037844387100, 1.000000000000000000, 0.9330127018922194100, 0.9330127018922194100 ) ) 
 REPRESENTATION_ITEM ( '' )  );
#4613 = CARTESIAN_POINT ( 'NONE',  ( 19.62500000000000000, -3.277891600571076600E-016, 1.784401076758497700 ) ) ;
#4614 = CARTESIAN_POINT ( 'NONE',  ( -24.46666666666666900, 0.7726683315065817600, -1.338300807568874300 ) ) ;
#4615 = CARTESIAN_POINT ( 'NONE',  ( -24.87500000000000000, -8.715332896486790000E-016, -1.999999999999999600 ) ) ;
#4616 = CARTESIAN_POINT ( 'NONE',  ( -19.09999999999999800, 1.999999999999999600, 0.0000000000000000000 ) ) ;
#4617 = LINE ( 'NONE', #5532, #5033 ) ;
#4618 = CARTESIAN_POINT ( 'NONE',  ( -17.87500000000000400, -4.242300954899626700E-016, -2.309401076758502500 ) ) ;
#4619 = EDGE_CURVE ( 'NONE', #3652, #322, #3588, .T. ) ;
#4620 = CARTESIAN_POINT ( 'NONE',  ( -25.25416666666666600, 1.999999999999999600, 1.154700538379251000 ) ) ;
#4621 = CARTESIAN_POINT ( 'NONE',  ( -22.86250000000000100, -1.999999999999999600, 2.449293598294705900E-016 ) ) ;
#4622 = CARTESIAN_POINT ( 'NONE',  ( 19.88749999999999900, 1.092630533523692200E-016, -1.784401076758497700 ) ) ;
#4623 = CARTESIAN_POINT ( 'NONE',  ( 24.52500000000000200, 2.905110965495596800E-016, -1.999999999999999600 ) ) ;
#4624 = CARTESIAN_POINT ( 'NONE',  ( 24.08750012630441300, -2.165218434301076400E-006, 1.999999999998828000 ) ) ;
#4625 = CARTESIAN_POINT ( 'NONE',  ( -17.96250000000000200, 1.545336663013165700, 0.0000000000000000000 ) ) ;
#4626 = CARTESIAN_POINT ( 'NONE',  ( -25.72083333333333500, 1.545336663013165100, -0.8922005383792499500 ) ) ;
#4627 = CARTESIAN_POINT ( 'NONE',  ( 24.43749999999999600, -1.115562610750309300E-014, -2.000000000000000000 ) ) ;
#4628 = CARTESIAN_POINT ( 'NONE',  ( 26.01249999999999600, -1.545336663013165100, -1.892491597964124500E-016 ) ) ;
#4629 = ORIENTED_EDGE ( 'NONE', *, *, #2015, .T. ) ;
#4630 = ADVANCED_FACE ( 'NONE', ( #5106 ), #1360, .T. ) ;
#4631 = CARTESIAN_POINT ( 'NONE',  ( -25.28333333333333100, -0.7726683315065834300, -1.338300807568873400 ) ) ;
#4632 = CARTESIAN_POINT ( 'NONE',  ( -25.80833333333333400, 1.545336663013165100, -0.8922005383792499500 ) ) ;
#4633 = CARTESIAN_POINT ( 'NONE',  ( 22.36666666666666700, 0.7726683315065814300, 1.338300807568873800 ) ) ;
#4634 = CARTESIAN_POINT ( 'NONE',  ( 18.75000000000000000, 1.545336663013165100, 0.0000000000000000000 ) ) ;
#4635 = CARTESIAN_POINT ( 'NONE',  ( -24.17499999999999700, 1.092630533523692700E-016, 1.784401076758498400 ) ) ;
#4636 = DIRECTION ( 'NONE',  ( 1.000000000000000000, 0.0000000000000000000, 0.0000000000000000000 ) ) ;
#4637 = CARTESIAN_POINT ( 'NONE',  ( -25.07916666666666900, -0.9999999999999993300, 1.732050807568877200 ) ) ;
#4638 = ORIENTED_EDGE ( 'NONE', *, *, #1256, .F. ) ;
#4639 = CARTESIAN_POINT ( 'NONE',  ( -17.46666666666666500, -0.9999999999999993300, 1.732050807568877200 ) ) ;
#4640 = CARTESIAN_POINT ( 'NONE',  ( 19.04785744422553500, 0.7236354244824161300, -1.729328427259530600 ) ) ;
#4641 = ORIENTED_EDGE ( 'NONE', *, *, #821, .F. ) ;
#4642 = CARTESIAN_POINT ( 'NONE',  ( 19.21876094465297400, -0.5359019083366534100, 1.999997965721101800 ) ) ;
#4643 = CARTESIAN_POINT ( 'NONE',  ( 22.39583333333333200, -0.7726683315065832100, 1.338300807568872900 ) ) ;
#4644 = CARTESIAN_POINT ( 'NONE',  ( -23.50416666666667000, 1.545336663013165500, 0.8922005383792490600 ) ) ;
#4645 = CARTESIAN_POINT ( 'NONE',  ( -26.88749999999999900, -8.715332896486790000E-016, -1.999999999999999600 ) ) ;
#4646 = CARTESIAN_POINT ( 'NONE',  ( 27.41795019409448700, -1.102964062785240200, 1.106024831630982600 ) ) ;
#4647 = EDGE_LOOP ( 'NONE', ( #358, #644 ) ) ;
#4648 = AXIS2_PLACEMENT_3D ( 'NONE', #3863, #1219, #3838 ) ;
#4649 = CARTESIAN_POINT ( 'NONE',  ( -16.97083333333333900, -1.545336663013165100, 0.8922005383792495100 ) ) ;
#4650 = CARTESIAN_POINT ( 'NONE',  ( -26.30416666666667100, 1.545336663013165500, 0.8922005383792490600 ) ) ;
#4651 = CARTESIAN_POINT ( 'NONE',  ( -16.73750000000000100, -3.277891600571078100E-016, -1.784401076758498400 ) ) ;
#4652 = CARTESIAN_POINT ( 'NONE',  ( -18.25626073911696400, 0.5358983848622455000, 1.999999999999999600 ) ) ;
#4653 = CARTESIAN_POINT ( 'NONE',  ( 25.25416666666666300, -1.545336663013165300, 0.8922005383792482900 ) ) ;
#4654 = CARTESIAN_POINT ( 'NONE',  ( -25.05000000000000100, 1.545336663013165700, 0.0000000000000000000 ) ) ;
#4655 = CARTESIAN_POINT ( 'NONE',  ( -23.53333333333333100, 0.7726683315065830900, 1.338300807568873600 ) ) ;
#4656 = CARTESIAN_POINT ( 'NONE',  ( 21.08333333333333200, -0.7726683315065832100, 1.338300807568872900 ) ) ;
#4657 = VERTEX_POINT ( 'NONE', #2485 ) ;
#4658 = DIRECTION ( 'NONE',  ( 0.0000000000000000000, 0.0000000000000000000, 1.000000000000000000 ) ) ;
#4659 = CARTESIAN_POINT ( 'NONE',  ( 21.25833333333333300, -1.545336663013164600, -0.8922005383792492900 ) ) ;
#4660 = EDGE_CURVE ( 'NONE', #2137, #5173, #1273, .T. ) ;
#4661 = CARTESIAN_POINT ( 'NONE',  ( -22.77499999999999900, 1.092630533523692700E-016, 1.784401076758498400 ) ) ;
#4662 =( BOUNDED_CURVE ( )  B_SPLINE_CURVE ( 2, ( #5014, #5441, #3387, #323, #1298, #2858, #4432, #2316, #1833 ),
 .UNSPECIFIED., .F., .T. ) 
 B_SPLINE_CURVE_WITH_KNOTS ( ( 3, 2, 2, 2, 3 ),
 ( 0.7031250000000000000, 0.7083333333333333700, 0.7187500000000000000, 0.7291666666666666300, 0.7343750000000000000 ),
 .UNSPECIFIED. ) 
 CURVE ( )  GEOMETRIC_REPRESENTATION_ITEM ( )  RATIONAL_B_SPLINE_CURVE ( ( 0.9330127018922194100, 0.9330127018922194100, 1.000000000000000000, 0.8660254037844387100, 1.000000000000000000, 0.8660254037844387100, 1.000000000000000000, 0.9330127018922194100, 0.9330127018922194100 ) ) 
 REPRESENTATION_ITEM ( '' )  );
#4663 = CARTESIAN_POINT ( 'NONE',  ( -25.05000000000000100, -1.999999999999999600, 2.449293598294705900E-016 ) ) ;
#4664 = CARTESIAN_POINT ( 'NONE',  ( -24.90416666666666900, -2.000000000000000000, -1.154700538379250400 ) ) ;
#4665 = CARTESIAN_POINT ( 'NONE',  ( -19.15833333333333100, 1.999999999999998700, -1.154700538379252100 ) ) ;
#4666 = ORIENTED_EDGE ( 'NONE', *, *, #4563, .F. ) ;
#4667 = ADVANCED_FACE ( 'NONE', ( #3800 ), #974, .T. ) ;
#4668 = ORIENTED_EDGE ( 'NONE', *, *, #27, .F. ) ;
#4669 = CARTESIAN_POINT ( 'NONE',  ( 22.16249999999999800, 1.545336663013165100, 0.0000000000000000000 ) ) ;
#4670 = CARTESIAN_POINT ( 'NONE',  ( -22.80416666666666400, 1.545336663013165500, 0.8922005383792490600 ) ) ;
#4671 = CARTESIAN_POINT ( 'NONE',  ( 17.50000000000000000, 0.0000000000000000000, 4.000000000000000000 ) ) ;
#4672 = CARTESIAN_POINT ( 'NONE',  ( 27.38591829265057600, -0.4861695821391914800, 1.517999316690479300 ) ) ;
#4673 = ORIENTED_EDGE ( 'NONE', *, *, #2683, .F. ) ;
#4674 = CARTESIAN_POINT ( 'NONE',  ( -18.60416666666667100, 1.545336663013165500, 0.8922005383792490600 ) ) ;
#4675 = CARTESIAN_POINT ( 'NONE',  ( -27.35416666666666800, -1.545336663013166200, -0.8922005383792486200 ) ) ;
#4676 = CARTESIAN_POINT ( 'NONE',  ( 16.79904232172231800, -0.4449887704744363000, -1.949867942746802900 ) ) ;
#4677 = CARTESIAN_POINT ( 'NONE',  ( -24.87500000000000000, 1.092630533523692800E-016, 1.784401076758498400 ) ) ;
#4678 = CARTESIAN_POINT ( 'NONE',  ( -22.59999999999999800, -1.545336663013165700, 1.892491597964125200E-016 ) ) ;
#4679 = CARTESIAN_POINT ( 'NONE',  ( 19.27499999999999900, 1.092630533523692200E-016, -1.784401076758497700 ) ) ;
#4680 = CARTESIAN_POINT ( 'NONE',  ( -23.53333333333333100, 0.7726683315065830900, 1.338300807568873600 ) ) ;
#4681 = CARTESIAN_POINT ( 'NONE',  ( -24.67083333333333800, 1.999999999999998700, -1.154700538379252100 ) ) ;
#4682 = CARTESIAN_POINT ( 'NONE',  ( 25.37083333333334100, 1.999999999999999300, 1.154700538379252600 ) ) ;
#4683 = CARTESIAN_POINT ( 'NONE',  ( -16.94166666666666600, 1.999999999999999600, 1.154700538379251000 ) ) ;
#4684 = CYLINDRICAL_SURFACE ( 'NONE', #5959, 2.000000000000000000 ) ;
#4685 = CARTESIAN_POINT ( 'NONE',  ( -22.92083333333333400, -1.999999999999999300, 1.154700538379251900 ) ) ;
#4686 = CARTESIAN_POINT ( 'NONE',  ( 20.35416666666666800, -1.545336663013165300, 0.8922005383792482900 ) ) ;
#4687 = CARTESIAN_POINT ( 'NONE',  ( -21.98750000000000400, 1.092630533523692700E-016, 1.784401076758498400 ) ) ;
#4688 = CARTESIAN_POINT ( 'NONE',  ( 25.80833333333333400, -1.999999999999999800, -1.154700538379252100 ) ) ;
#4689 = CARTESIAN_POINT ( 'NONE',  ( -27.37046035515056600, 1.410913622168384900E-011, 1.921260355150573600 ) ) ;
#4690 = B_SPLINE_CURVE_WITH_KNOTS ( 'NONE', 3,
 ( #4846, #103, #5867, #1656, #1173, #3769 ),
 .UNSPECIFIED., .F., .F.,
 ( 4, 2, 4 ),
 ( 0.01820669220445291300, 0.01937436297956559400, 0.02054203375467827200 ),
 .UNSPECIFIED. ) ;
#4691 = LINE ( 'NONE', #4171, #5029 ) ;
#4692 = CARTESIAN_POINT ( 'NONE',  ( 18.92943721206985700, -1.677864601348269900, -0.5378933087254107500 ) ) ;
#4693 = CARTESIAN_POINT ( 'NONE',  ( -27.34132451847150600, -4.240386000424033200, 0.6554360035617921000 ) ) ;
#4694 =( BOUNDED_CURVE ( )  B_SPLINE_CURVE ( 2, ( #2017, #1530, #5154, #5668, #476, #4599, #6225, #3085, #451 ),
 .UNSPECIFIED., .F., .T. ) 
 B_SPLINE_CURVE_WITH_KNOTS ( ( 3, 2, 2, 2, 3 ),
 ( 0.5156250000000000000, 0.5208333333333333700, 0.5312500000000000000, 0.5416666666666666300, 0.5468750000000000000 ),
 .UNSPECIFIED. ) 
 CURVE ( )  GEOMETRIC_REPRESENTATION_ITEM ( )  RATIONAL_B_SPLINE_CURVE ( ( 0.9330127018922194100, 0.9330127018922194100, 1.000000000000000000, 0.8660254037844387100, 1.000000000000000000, 0.8660254037844387100, 1.000000000000000000, 0.9330127018922194100, 0.9330127018922194100 ) ) 
 REPRESENTATION_ITEM ( '' )  );
#4695 = CARTESIAN_POINT ( 'NONE',  ( 24.90416666666666500, 1.545336663013165100, -0.8922005383792486200 ) ) ;
#4696 = ADVANCED_FACE ( 'NONE', ( #2648 ), #5018, .T. ) ;
#4697 = EDGE_CURVE ( 'NONE', #4344, #3909, #3987, .T. ) ;
#4698 = CARTESIAN_POINT ( 'NONE',  ( -22.25000000000000000, 1.545336663013165700, 0.0000000000000000000 ) ) ;
#4699 = CARTESIAN_POINT ( 'NONE',  ( -21.55000000000000100, 1.545336663013165700, 0.0000000000000000000 ) ) ;
#4700 = DIRECTION ( 'NONE',  ( 1.000000000000000000, 0.0000000000000000000, 0.0000000000000000000 ) ) ;
#4701 = VECTOR ( 'NONE', #4798, 1000.000000000000100 ) ;
#4702 = CARTESIAN_POINT ( 'NONE',  ( -23.35833333333333400, -1.545336663013165100, 0.8922005383792495100 ) ) ;
#4703 = CARTESIAN_POINT ( 'NONE',  ( 20.67499999999999700, -8.715332896486790000E-016, 2.000000000000000000 ) ) ;
#4704 = CARTESIAN_POINT ( 'NONE',  ( -26.36250000000000100, -1.999999999999999600, 2.449293598294705900E-016 ) ) ;
#4705 = CARTESIAN_POINT ( 'NONE',  ( 25.31250000000000000, 2.000000000000000000, 0.0000000000000000000 ) ) ;
#4706 = CARTESIAN_POINT ( 'NONE',  ( -19.88749999999999900, -8.715332896486790000E-016, -1.999999999999999600 ) ) ;
#4707 = EDGE_CURVE ( 'NONE', #4398, #6722, #1515, .T. ) ;
#4708 = VECTOR ( 'NONE', #6067, 1000.000000000000000 ) ;
#4709 = CARTESIAN_POINT ( 'NONE',  ( 19.18750044286874600, -7.592036066077072900E-006, 1.999999999985590600 ) ) ;
#4710 = CARTESIAN_POINT ( 'NONE',  ( 22.10416666666666800, 1.545336663013165100, -0.8922005383792486200 ) ) ;
#4711 = CARTESIAN_POINT ( 'NONE',  ( -23.15416666666667200, -1.545336663013166200, -0.8922005383792486200 ) ) ;
#4712 = CARTESIAN_POINT ( 'NONE',  ( 18.72754000000000100, 1.291670307408470100, 0.8483237701561673300 ) ) ;
#4713 = CARTESIAN_POINT ( 'NONE',  ( 21.81250000000000400, 2.000000000000000000, 0.0000000000000000000 ) ) ;
#4714 = VERTEX_POINT ( 'NONE', #6457 ) ;
#4715 = DIRECTION ( 'NONE',  ( 0.0000000000000000000, 0.0000000000000000000, -1.000000000000000000 ) ) ;
#4716 = CARTESIAN_POINT ( 'NONE',  ( 26.53750000000000500, 5.926426369611017600E-015, -2.000000000000000000 ) ) ;
#4717 = CARTESIAN_POINT ( 'NONE',  ( 21.46249999999999900, 1.545336663013165100, 0.0000000000000000000 ) ) ;
#4718 = CARTESIAN_POINT ( 'NONE',  ( -21.66666666666666800, 0.7726683315065817600, -1.338300807568874300 ) ) ;
#4719 = CARTESIAN_POINT ( 'NONE',  ( -21.14166666666666200, -1.545336663013166200, -0.8922005383792486200 ) ) ;
#4720 = ORIENTED_EDGE ( 'NONE', *, *, #3079, .F. ) ;
#4721 = CARTESIAN_POINT ( 'NONE',  ( 18.72499999999999800, 0.0000000000000000000, 0.0000000000000000000 ) ) ;
#4722 = CARTESIAN_POINT ( 'NONE',  ( -27.49999999999999600, 0.0000000000000000000, 0.0000000000000000000 ) ) ;
#4723 = CARTESIAN_POINT ( 'NONE',  ( -21.43333333333333400, 0.7726683315065830900, 1.338300807568873600 ) ) ;
#4724 = CARTESIAN_POINT ( 'NONE',  ( 17.25151993662500200, 2.497823135841267500, -3.673643420401909500 ) ) ;
#4725 = CARTESIAN_POINT ( 'NONE',  ( -25.60416666666667100, -2.000000000000000000, -1.154700538379250400 ) ) ;
#4726 = ORIENTED_EDGE ( 'NONE', *, *, #5702, .T. ) ;
#4727 = CARTESIAN_POINT ( 'NONE',  ( 20.26876073911696700, 0.5358983848622456100, -1.999999999999999600 ) ) ;
#4728 = VERTEX_POINT ( 'NONE', #730 ) ;
#4729 = CARTESIAN_POINT ( 'NONE',  ( 23.50626073911696400, -0.5358983848622460600, 1.999999999999999600 ) ) ;
#4730 = DIRECTION ( 'NONE',  ( 0.0000000000000000000, 0.0000000000000000000, 1.000000000000000000 ) ) ;
#4731 = ADVANCED_FACE ( 'NONE', ( #3619 ), #6331, .T. ) ;
#4732 = DIRECTION ( 'NONE',  ( 0.0000000000000000000, 0.8660254037844389300, -0.4999999999999996100 ) ) ;
#4733 = CARTESIAN_POINT ( 'NONE',  ( 27.50000000000000000, -1.545336663013165100, -1.892491597964124500E-016 ) ) ;
#4734 = ORIENTED_EDGE ( 'NONE', *, *, #1213, .T. ) ;
#4735 = CARTESIAN_POINT ( 'NONE',  ( -21.87083333333333700, -1.545336663013165100, 0.8922005383792495100 ) ) ;
#4736 = CARTESIAN_POINT ( 'NONE',  ( -24.43749999999999600, 2.905110965495596800E-016, 1.999999999999999600 ) ) ;
#4737 = CARTESIAN_POINT ( 'NONE',  ( -24.14583333333333600, -1.000000000000000700, -1.732050807568876300 ) ) ;
#4738 = CARTESIAN_POINT ( 'NONE',  ( -16.40000000000000200, 0.0000000000000000000, 2.000000000000000000 ) ) ;
#4739 = ORIENTED_EDGE ( 'NONE', *, *, #1557, .T. ) ;
#4740 = CARTESIAN_POINT ( 'NONE',  ( -27.14273441009183300, 4.618802153517006700, 1.436295203785802800E-015 ) ) ;
#4741 = CARTESIAN_POINT ( 'NONE',  ( 23.97083333333333500, -1.545336663013164600, -0.8922005383792492900 ) ) ;
#4742 = CARTESIAN_POINT ( 'NONE',  ( -19.04166666666666800, -1.545336663013166400, -0.8922005383792486200 ) ) ;
#4743 = CARTESIAN_POINT ( 'NONE',  ( -22.25000000000000000, 1.545336663013165700, 0.0000000000000000000 ) ) ;
#4744 = ORIENTED_EDGE ( 'NONE', *, *, #5492, .F. ) ;
#4745 = CARTESIAN_POINT ( 'NONE',  ( 25.34166666666666500, 2.000000000000000000, -1.154700538379251200 ) ) ;
#4746 = ORIENTED_EDGE ( 'NONE', *, *, #6333, .F. ) ;
#4747 = EDGE_CURVE ( 'NONE', #5396, #575, #61, .T. ) ;
#4748 = CARTESIAN_POINT ( 'NONE',  ( -21.19999999999999900, -1.545336663013165700, 1.892491597964125200E-016 ) ) ;
#4749 = CARTESIAN_POINT ( 'NONE',  ( -16.40864824781896700, 1.137458608817680400, -1.652689042765557600 ) ) ;
#4750 = CARTESIAN_POINT ( 'NONE',  ( -21.22916666666666800, 0.9999999999999983300, -1.732050807568877900 ) ) ;
#4751 = CARTESIAN_POINT ( 'NONE',  ( -16.40000000000000200, 0.0000000000000000000, 0.0000000000000000000 ) ) ;
#4752 = ORIENTED_EDGE ( 'NONE', *, *, #2775, .T. ) ;
#4753 = CARTESIAN_POINT ( 'NONE',  ( -25.98333333333333400, 1.000000000000000000, 1.732050807568877000 ) ) ;
#4754 = ORIENTED_EDGE ( 'NONE', *, *, #4520, .T. ) ;
#4755 = CARTESIAN_POINT ( 'NONE',  ( -17.40623926088303700, -0.5358983848622449500, 1.999999999999999600 ) ) ;
#4756 = CARTESIAN_POINT ( 'NONE',  ( 27.15000000000000200, 1.545336663013165100, 0.0000000000000000000 ) ) ;
#4757 = ORIENTED_EDGE ( 'NONE', *, *, #1518, .F. ) ;
#4758 = CARTESIAN_POINT ( 'NONE',  ( -19.88750000000000300, 1.092630533523692700E-016, 1.784401076758498400 ) ) ;
#4759 = CARTESIAN_POINT ( 'NONE',  ( 26.62500000000000000, 1.414100318299875800E-016, -2.309401076758502900 ) ) ;
#4760 = PERSON_AND_ORGANIZATION ( #976, #115 ) ;
#4761 = CARTESIAN_POINT ( 'NONE',  ( -18.37083333333333700, 1.999999999999998700, -1.154700538379252600 ) ) ;
#4762 = CARTESIAN_POINT ( 'NONE',  ( 18.72499999999999800, 0.0000000000000000000, 0.0000000000000000000 ) ) ;
#4763 = CARTESIAN_POINT ( 'NONE',  ( -21.98749999999999700, -8.715332896486790000E-016, -1.999999999999999600 ) ) ;
#4764 = CARTESIAN_POINT ( 'NONE',  ( 23.27083333333332900, -1.545336663013164600, -0.8922005383792492900 ) ) ;
#4765 = CARTESIAN_POINT ( 'NONE',  ( -18.57500000000000300, 1.092630533523692800E-016, 1.784401076758498400 ) ) ;
#4766 = CARTESIAN_POINT ( 'NONE',  ( -18.22500000000000100, -3.277891600571078100E-016, -1.784401076758498400 ) ) ;
#4767 = VECTOR ( 'NONE', #2342, 1000.000000000000000 ) ;
#4768 = CARTESIAN_POINT ( 'NONE',  ( -20.67499999999999700, -8.715332896486790000E-016, -1.999999999999999600 ) ) ;
#4769 = DIRECTION ( 'NONE',  ( -1.000000000000000000, -0.0000000000000000000, -0.0000000000000000000 ) ) ;
#4770 = CARTESIAN_POINT ( 'NONE',  ( -19.50833333333332900, 1.545336663013165100, -0.8922005383792499500 ) ) ;
#4771 = CARTESIAN_POINT ( 'NONE',  ( -21.05416666666667100, 1.999999999999999800, 1.154700538379251000 ) ) ;
#4772 = CARTESIAN_POINT ( 'NONE',  ( 25.31250000000000000, 2.000000000000000000, 0.0000000000000000000 ) ) ;
#4773 = DIRECTION ( 'NONE',  ( 0.0000000000000000000, 0.0000000000000000000, 1.000000000000000000 ) ) ;
#4774 = CARTESIAN_POINT ( 'NONE',  ( 20.00416666666666600, 1.545336663013165100, -0.8922005383792486200 ) ) ;
#4775 = LINE ( 'NONE', #5088, #3795 ) ;
#4776 = CARTESIAN_POINT ( 'NONE',  ( -19.68333333333333400, 1.000000000000000000, 1.732050807568877000 ) ) ;
#4777 = CARTESIAN_POINT ( 'NONE',  ( 27.32899023576206700, -1.604671973670127800, 0.3879360520548558200 ) ) ;
#4778 = CYLINDRICAL_SURFACE ( 'NONE', #1937, 2.000000000000000000 ) ;
#4779 = DIRECTION ( 'NONE',  ( -1.000000000000000000, -0.0000000000000000000, -0.0000000000000000000 ) ) ;
#4780 = CARTESIAN_POINT ( 'NONE',  ( 18.25416666666666600, -1.545336663013165300, 0.8922005383792482900 ) ) ;
#4781 = LINE ( 'NONE', #1128, #6088 ) ;
#4782 = CARTESIAN_POINT ( 'NONE',  ( -19.01250000000000300, -1.545336663013165700, 1.892491597964125200E-016 ) ) ;
#4783 = DIRECTION ( 'NONE',  ( 1.000000000000000000, 0.0000000000000000000, -0.0000000000000000000 ) ) ;
#4784 =( BOUNDED_CURVE ( )  B_SPLINE_CURVE ( 2, ( #1820, #826, #265, #5497, #4464, #1286, #1888, #4446, #5024 ),
 .UNSPECIFIED., .F., .T. ) 
 B_SPLINE_CURVE_WITH_KNOTS ( ( 3, 2, 2, 2, 3 ),
 ( 0.2968750000000000000, 0.3020833333333333100, 0.3125000000000000000, 0.3229166666666666900, 0.3281250000000000000 ),
 .UNSPECIFIED. ) 
 CURVE ( )  GEOMETRIC_REPRESENTATION_ITEM ( )  RATIONAL_B_SPLINE_CURVE ( ( 0.9330127018922194100, 0.9330127018922194100, 1.000000000000000000, 0.8660254037844387100, 1.000000000000000000, 0.8660254037844387100, 1.000000000000000000, 0.9330127018922194100, 0.9330127018922194100 ) ) 
 REPRESENTATION_ITEM ( '' )  );
#4785 = CYLINDRICAL_SURFACE ( 'NONE', #6644, 2.000000000000000000 ) ;
#4786 = CARTESIAN_POINT ( 'NONE',  ( -27.32499999999999900, 5.810221930991194200E-017, 1.999999999999999600 ) ) ;
#4787 = CARTESIAN_POINT ( 'NONE',  ( -21.66876073911696900, 0.5358983848622455000, 1.999999999999999600 ) ) ;
#4788 = CARTESIAN_POINT ( 'NONE',  ( 21.75416666666666600, -1.545336663013165300, 0.8922005383792482900 ) ) ;
#4789 = EDGE_CURVE ( 'NONE', #2928, #340, #4112, .T. ) ;
#4790 = CARTESIAN_POINT ( 'NONE',  ( -21.02499999999999900, -3.277891600571078100E-016, -1.784401076758498400 ) ) ;
#4791 = CARTESIAN_POINT ( 'NONE',  ( -20.44166666666666600, -1.545336663013166200, -0.8922005383792486200 ) ) ;
#4792 = CARTESIAN_POINT ( 'NONE',  ( 18.98333333333333100, -0.7726683315065832100, 1.338300807568872900 ) ) ;
#4793 = CARTESIAN_POINT ( 'NONE',  ( -19.27499999999999900, 1.092630533523692700E-016, 1.784401076758498400 ) ) ;
#4794 = CARTESIAN_POINT ( 'NONE',  ( 20.32499999999999600, 2.905110965495596800E-016, -1.999999999999999600 ) ) ;
#4795 = CARTESIAN_POINT ( 'NONE',  ( -23.32916666666666900, 0.9999999999999983300, -1.732050807568877900 ) ) ;
#4796 = ORIENTED_EDGE ( 'NONE', *, *, #5624, .F. ) ;
#4797 = CARTESIAN_POINT ( 'NONE',  ( 25.95416666666666900, 2.000000000000000000, -1.154700538379251200 ) ) ;
#4798 = DIRECTION ( 'NONE',  ( -0.7071067811865474600, 8.659560562354932900E-017, -0.7071067811865474600 ) ) ;
#4799 = CARTESIAN_POINT ( 'NONE',  ( -27.49999999999999600, -3.464101615137754800, -1.999999999999999600 ) ) ;
#4800 = EDGE_CURVE ( 'NONE', #1890, #4398, #3266, .T. ) ;
#4801 = ADVANCED_FACE ( 'NONE', ( #2561 ), #3209, .F. ) ;
#4802 = ORIENTED_EDGE ( 'NONE', *, *, #4697, .F. ) ;
#4803 = CARTESIAN_POINT ( 'NONE',  ( -16.40000000000000200, 0.0000000000000000000, 0.0000000000000000000 ) ) ;
#4804 = CARTESIAN_POINT ( 'NONE',  ( 18.72083333333333500, 1.545336663013164600, 0.8922005383792495100 ) ) ;
#4805 = CARTESIAN_POINT ( 'NONE',  ( -19.18750000000000400, 1.092630533523692700E-016, 1.784401076758498400 ) ) ;
#4806 = CARTESIAN_POINT ( 'NONE',  ( 21.66666666666666800, -0.9999999999999995600, -1.732050807568877400 ) ) ;
#4807 = CARTESIAN_POINT ( 'NONE',  ( 20.52916666666666900, -0.7726683315065822100, -1.338300807568873400 ) ) ;
#4808 = CARTESIAN_POINT ( 'NONE',  ( 26.94583333333333600, -1.000000000000000900, 1.732050807568876700 ) ) ;
#4809 = VERTEX_POINT ( 'NONE', #6502 ) ;
#4810 = CARTESIAN_POINT ( 'NONE',  ( 25.80833333333333400, 1.545336663013164600, 0.8922005383792495100 ) ) ;
#4811 = CARTESIAN_POINT ( 'NONE',  ( -22.48333333333333400, 1.000000000000000000, 1.732050807568877000 ) ) ;
#4812 = CARTESIAN_POINT ( 'NONE',  ( 17.72916666666666400, -0.7726683315065822100, -1.338300807568873400 ) ) ;
#4813 = CARTESIAN_POINT ( 'NONE',  ( -19.50833333333333300, 1.545336663013165300, -0.8922005383792500600 ) ) ;
#4814 = CARTESIAN_POINT ( 'NONE',  ( -19.97499999999999800, 1.092630533523692700E-016, 1.784401076758498400 ) ) ;
#4815 = CARTESIAN_POINT ( 'NONE',  ( -27.14273441009183300, 4.618802153517006700, 1.436295203785802800E-015 ) ) ;
#4816 = ORIENTED_EDGE ( 'NONE', *, *, #2594, .F. ) ;
#4817 = CARTESIAN_POINT ( 'NONE',  ( -16.40000000000000200, 0.0000000000000000000, 0.0000000000000000000 ) ) ;
#4818 = CARTESIAN_POINT ( 'NONE',  ( -18.05000000000000100, 1.545336663013165700, 0.0000000000000000000 ) ) ;
#4819 = CARTESIAN_POINT ( 'NONE',  ( -27.49999999999999600, 0.0000000000000000000, -4.000000000000000000 ) ) ;
#4820 = CARTESIAN_POINT ( 'NONE',  ( -23.38749999999999900, -4.242300954899626700E-016, -2.309401076758502500 ) ) ;
#4821 = CARTESIAN_POINT ( 'NONE',  ( 26.88749999999999900, -4.242300954899627700E-016, 2.309401076758502900 ) ) ;
#4822 = ORIENTED_EDGE ( 'NONE', *, *, #4619, .F. ) ;
#4823 = ORIENTED_EDGE ( 'NONE', *, *, #775, .F. ) ;
#4824 = CARTESIAN_POINT ( 'NONE',  ( 21.19999999999999900, 2.000000000000000000, 0.0000000000000000000 ) ) ;
#4825 = CARTESIAN_POINT ( 'NONE',  ( 18.89583333333333600, -0.7726683315065832100, 1.338300807568872900 ) ) ;
#4826 = CARTESIAN_POINT ( 'NONE',  ( -18.72083333333333500, 1.545336663013165100, -0.8922005383792499500 ) ) ;
#4827 = CARTESIAN_POINT ( 'NONE',  ( 22.01666666666666600, 0.9999999999999985600, 1.732050807568878100 ) ) ;
#4828 = EDGE_LOOP ( 'NONE', ( #814, #5061, #5621 ) ) ;
#4829 = CARTESIAN_POINT ( 'NONE',  ( 19.97499999999999800, -8.715332896486790000E-016, 2.000000000000000000 ) ) ;
#4830 = EDGE_CURVE ( 'NONE', #4657, #515, #3984, .T. ) ;
#4831 =( BOUNDED_CURVE ( )  B_SPLINE_CURVE ( 2, ( #645, #4891, #3771, #3816, #4868, #3258, #3281, #1774, #4332 ),
 .UNSPECIFIED., .F., .T. ) 
 B_SPLINE_CURVE_WITH_KNOTS ( ( 3, 2, 2, 2, 3 ),
 ( 0.2343750000000000000, 0.2395833333333333400, 0.2500000000000000000, 0.2604166666666666900, 0.2656250000000000000 ),
 .UNSPECIFIED. ) 
 CURVE ( )  GEOMETRIC_REPRESENTATION_ITEM ( )  RATIONAL_B_SPLINE_CURVE ( ( 0.9330127018922194100, 0.9330127018922194100, 1.000000000000000000, 0.8660254037844387100, 1.000000000000000000, 0.8660254037844387100, 1.000000000000000000, 0.9330127018922194100, 0.9330127018922194100 ) ) 
 REPRESENTATION_ITEM ( '' )  );
#4832 = CC_DESIGN_PERSON_AND_ORGANIZATION_ASSIGNMENT ( #5652, #831, ( #5656 ) ) ;
#4833 = ORIENTED_EDGE ( 'NONE', *, *, #954, .T. ) ;
#4834 = CARTESIAN_POINT ( 'NONE',  ( 25.75000000000000000, 1.545336663013165100, 0.0000000000000000000 ) ) ;
#4835 = DIRECTION ( 'NONE',  ( 0.0000000000000000000, -0.5000000000000003300, 0.8660254037844383700 ) ) ;
#4836 = CARTESIAN_POINT ( 'NONE',  ( 18.72083333333333500, 1.545336663013164600, 0.8922005383792495100 ) ) ;
#4837 = ADVANCED_FACE ( 'NONE', ( #2012 ), #5503, .T. ) ;
#4838 = CARTESIAN_POINT ( 'NONE',  ( -19.91666666666666400, -0.7726683315065825400, 1.338300807568873800 ) ) ;
#4839 = CARTESIAN_POINT ( 'NONE',  ( 19.18750000000000400, 1.092630533523692200E-016, -1.784401076758497700 ) ) ;
#4840 = ORIENTED_EDGE ( 'NONE', *, *, #4972, .T. ) ;
#4841 = EDGE_CURVE ( 'NONE', #6595, #6459, #5744, .T. ) ;
#4842 = CARTESIAN_POINT ( 'NONE',  ( -18.10833333333333100, 1.545336663013165100, -0.8922005383792499500 ) ) ;
#4843 = CARTESIAN_POINT ( 'NONE',  ( -16.40000000000000200, 0.0000000000000000000, 0.0000000000000000000 ) ) ;
#4844 = CARTESIAN_POINT ( 'NONE',  ( -23.62083333333333000, -1.999999999999999300, 1.154700538379251700 ) ) ;
#4845 = CARTESIAN_POINT ( 'NONE',  ( 27.99583333333333400, 1.000000000000000200, -1.732050807568877200 ) ) ;
#4846 = CARTESIAN_POINT ( 'NONE',  ( 17.50000000000000000, 0.0000000000000000000, -4.000000000000000000 ) ) ;
#4847 = APPLICATION_PROTOCOL_DEFINITION ( 'international standard', 'config_control_design', 1994, #672 ) ;
#4848 = DIRECTION ( 'NONE',  ( -1.000000000000000000, 0.0000000000000000000, 0.0000000000000000000 ) ) ;
#4849 = DATE_AND_TIME ( #1755, #3192 ) ;
#4850 = CARTESIAN_POINT ( 'NONE',  ( -20.00626073911696400, -0.5358983848622459500, -1.999999999999999100 ) ) ;
#4851 = CARTESIAN_POINT ( 'NONE',  ( 26.97500000000000100, 1.092630533523692200E-016, -1.784401076758497700 ) ) ;
#4852 = CARTESIAN_POINT ( 'NONE',  ( -20.29583333333333400, -0.7726683315065834300, -1.338300807568873400 ) ) ;
#4853 = CARTESIAN_POINT ( 'NONE',  ( 22.07500000000000300, -4.242300954899627700E-016, 2.309401076758502900 ) ) ;
#4854 = CIRCLE ( 'NONE', #2328, 2.000000000000000000 ) ;
#4855 = CARTESIAN_POINT ( 'NONE',  ( 27.67499999999999700, 1.092630533523692200E-016, -1.784401076758497700 ) ) ;
#4856 = CARTESIAN_POINT ( 'NONE',  ( 23.03750000000000100, 1.162044386198238800E-014, -2.000000000000000000 ) ) ;
#4857 = CARTESIAN_POINT ( 'NONE',  ( 20.64583333333333200, 0.7726683315065827600, -1.338300807568873200 ) ) ;
#4858 = CARTESIAN_POINT ( 'NONE',  ( -27.44243689995607800, 1.705754272727186600, 1.047367856647106100 ) ) ;
#4859 = CARTESIAN_POINT ( 'NONE',  ( -17.99166666666666700, 1.545336663013165500, 0.8922005383792490600 ) ) ;
#4860 = AXIS2_PLACEMENT_3D ( 'NONE', #5980, #800, #757 ) ;
#4861 = FACE_OUTER_BOUND ( 'NONE', #6148, .T. ) ;
#4862 = CIRCLE ( 'NONE', #4595, 4.000000000000000000 ) ;
#4863 = CARTESIAN_POINT ( 'NONE',  ( 20.32499999999999600, 2.905110965495596800E-016, -1.999999999999999600 ) ) ;
#4864 = CARTESIAN_POINT ( 'NONE',  ( -17.93333333333333400, 0.7726683315065830900, 1.338300807568873600 ) ) ;
#4865 = DIRECTION ( 'NONE',  ( -1.000000000000000000, -0.0000000000000000000, -0.0000000000000000000 ) ) ;
#4866 = CARTESIAN_POINT ( 'NONE',  ( 26.30416666666667100, -2.000000000000000400, 1.154700538379250600 ) ) ;
#4867 = CYLINDRICAL_SURFACE ( 'NONE', #1141, 2.000000000000000000 ) ;
#4868 = CARTESIAN_POINT ( 'NONE',  ( -24.69999999999999900, 1.999999999999999600, 0.0000000000000000000 ) ) ;
#4869 = CARTESIAN_POINT ( 'NONE',  ( 27.34967324952721100, -1.609920702161816700, 0.2572114620971587800 ) ) ;
#4870 =( BOUNDED_CURVE ( )  B_SPLINE_CURVE ( 2, ( #1632, #1054, #36, #4682, #4705, #2157, #6330, #3717, #2132 ),
 .UNSPECIFIED., .F., .T. ) 
 B_SPLINE_CURVE_WITH_KNOTS ( ( 3, 2, 2, 2, 3 ),
 ( 0.2453380009467983100, 0.2507899677820619700, 0.2616938794247603000, 0.2725977910674586300, 0.2780497468887454000 ),
 .UNSPECIFIED. ) 
 CURVE ( )  GEOMETRIC_REPRESENTATION_ITEM ( )  RATIONAL_B_SPLINE_CURVE ( ( 0.9330127018924927500, 0.9330125665660360400, 1.000000000000000000, 0.8660254037844387100, 1.000000000000000000, 0.8660254037844387100, 1.000000000000000000, 0.9330127018929861300, 0.9330127018922194100 ) ) 
 REPRESENTATION_ITEM ( '' )  );
#4871 = CARTESIAN_POINT ( 'NONE',  ( -16.40000000000000200, 0.0000000000000000000, 0.0000000000000000000 ) ) ;
#4872 = CARTESIAN_POINT ( 'NONE',  ( 25.39999999999999900, -1.545336663013165100, -1.892491597964124500E-016 ) ) ;
#4873 = AXIS2_PLACEMENT_3D ( 'NONE', #494, #5728, #2158 ) ;
#4874 = CARTESIAN_POINT ( 'NONE',  ( -16.65709638626159600, 1.065005589846041800, -1.169519812772430200 ) ) ;
#4875 = CARTESIAN_POINT ( 'NONE',  ( 23.24166666666666700, 2.000000000000000000, -1.154700538379251200 ) ) ;
#4876 = CARTESIAN_POINT ( 'NONE',  ( 17.29166666666666800, 1.545336663013165100, -0.8922005383792486200 ) ) ;
#4877 = CARTESIAN_POINT ( 'NONE',  ( 26.27500000000000200, 1.092630533523692200E-016, -1.784401076758497700 ) ) ;
#4878 = CARTESIAN_POINT ( 'NONE',  ( 18.72754000000000100, 1.291670307408470100, 0.8483237701561673300 ) ) ;
#4879 = CARTESIAN_POINT ( 'NONE',  ( 23.21250000000000600, 2.000000000000000000, 0.0000000000000000000 ) ) ;
#4880 = CARTESIAN_POINT ( 'NONE',  ( 19.71250000000000200, -1.545336663013165100, -1.892491597964124500E-016 ) ) ;
#4881 = EDGE_CURVE ( 'NONE', #1584, #5972, #1992, .T. ) ;
#4882 = VERTEX_POINT ( 'NONE', #385 ) ;
#4883 = CARTESIAN_POINT ( 'NONE',  ( 25.57499999999999600, -8.715332896486790000E-016, 2.000000000000000000 ) ) ;
#4884 = CARTESIAN_POINT ( 'NONE',  ( 19.59583333333333100, -0.7726683315065832100, 1.338300807568872900 ) ) ;
#4885 = CARTESIAN_POINT ( 'NONE',  ( -24.67083333333333800, -1.545336663013165100, 0.8922005383792495100 ) ) ;
#4886 = CARTESIAN_POINT ( 'NONE',  ( 17.14273441009184000, 2.309401076758502500, 4.000000000000000000 ) ) ;
#4887 = CARTESIAN_POINT ( 'NONE',  ( 22.16250000000000100, -2.000000000000000000, -2.449293598294706400E-016 ) ) ;
#4888 = CARTESIAN_POINT ( 'NONE',  ( -24.37916666666667000, 0.7726683315065817600, -1.338300807568874300 ) ) ;
#4889 = ORIENTED_EDGE ( 'NONE', *, *, #290, .T. ) ;
#4890 = CARTESIAN_POINT ( 'NONE',  ( 25.07916666666666600, 0.7726683315065814300, 1.338300807568873800 ) ) ;
#4891 = CARTESIAN_POINT ( 'NONE',  ( -24.84373926088303700, 0.5358983848622441700, -2.000000000000000000 ) ) ;
#4892 = CARTESIAN_POINT ( 'NONE',  ( 27.09166666666666900, 1.545336663013165100, -0.8922005383792486200 ) ) ;
#4893 = CARTESIAN_POINT ( 'NONE',  ( 19.30626073911696500, -0.5358983848622460600, 1.999999999999999600 ) ) ;
#4894 = CARTESIAN_POINT ( 'NONE',  ( -26.36250000000000100, -1.999999999999999600, 2.449293598294705900E-016 ) ) ;
#4895 = CARTESIAN_POINT ( 'NONE',  ( 25.16666666666666800, 0.7726683315065814300, 1.338300807568873800 ) ) ;
#4896 = VERTEX_POINT ( 'NONE', #5536 ) ;
#4897 = CARTESIAN_POINT ( 'NONE',  ( -25.22499999999999800, 1.414100318299875800E-016, 2.309401076758502500 ) ) ;
#4898 = CARTESIAN_POINT ( 'NONE',  ( 24.05833333333333400, 1.999999999999999300, 1.154700538379252800 ) ) ;
#4899 = CARTESIAN_POINT ( 'NONE',  ( 27.14141833150737100, 1.935663815865855600E-011, -1.833581668492636700 ) ) ;
#4900 = CARTESIAN_POINT ( 'NONE',  ( 23.82499999999999900, -3.277891600571076600E-016, 1.784401076758497700 ) ) ;
#4901 = ORIENTED_EDGE ( 'NONE', *, *, #2259, .F. ) ;
#4902 = DIRECTION ( 'NONE',  ( 0.0000000000000000000, 0.0000000000000000000, 1.000000000000000000 ) ) ;
#4903 = CARTESIAN_POINT ( 'NONE',  ( 20.12083333333333000, 1.545336663013164600, 0.8922005383792495100 ) ) ;
#4904 = CARTESIAN_POINT ( 'NONE',  ( -16.40000000000000200, 2.449293598294706400E-016, -2.000000000000000000 ) ) ;
#4905 = DIRECTION ( 'NONE',  ( 0.0000000000000000000, 0.0000000000000000000, -1.000000000000000000 ) ) ;
#4906 = CARTESIAN_POINT ( 'NONE',  ( -27.38012740803396700, 1.930053583921060400, -0.1417458499816346400 ) ) ;
#4907 = CARTESIAN_POINT ( 'NONE',  ( 19.01250000000000300, -1.545336663013165100, -1.892491597964124500E-016 ) ) ;
#4908 = EDGE_LOOP ( 'NONE', ( #4823, #2848, #6757, #1989 ) ) ;
#4909 = CARTESIAN_POINT ( 'NONE',  ( -26.36250000000000400, 1.545336663013165700, 0.0000000000000000000 ) ) ;
#4910 =( BOUNDED_CURVE ( )  B_SPLINE_CURVE ( 2, ( #240, #2365, #5540, #6001, #1907, #1817, #6064, #1331, #6041 ),
 .UNSPECIFIED., .F., .T. ) 
 B_SPLINE_CURVE_WITH_KNOTS ( ( 3, 2, 2, 2, 3 ),
 ( 0.1093750000000000000, 0.1145833333333333300, 0.1250000000000000000, 0.1354166666666666600, 0.1406250000000000000 ),
 .UNSPECIFIED. ) 
 CURVE ( )  GEOMETRIC_REPRESENTATION_ITEM ( )  RATIONAL_B_SPLINE_CURVE ( ( 0.9330127018922194100, 0.9330127018922194100, 1.000000000000000000, 0.8660254037844387100, 1.000000000000000000, 0.8660254037844387100, 1.000000000000000000, 0.9330127018922194100, 0.9330127018922194100 ) ) 
 REPRESENTATION_ITEM ( '' )  );
#4911 = CARTESIAN_POINT ( 'NONE',  ( 23.03750000000000100, 1.414100318299875800E-016, -2.309401076758502900 ) ) ;
#4912 = CARTESIAN_POINT ( 'NONE',  ( -23.38750000000000300, 1.092630533523692800E-016, 1.784401076758498400 ) ) ;
#4913 = ORIENTED_EDGE ( 'NONE', *, *, #384, .F. ) ;
#4914 = ORIENTED_EDGE ( 'NONE', *, *, #3641, .T. ) ;
#4915 = CARTESIAN_POINT ( 'NONE',  ( 23.12499999999999600, 2.905110965495596800E-016, -1.999999999999999600 ) ) ;
#4916 = ORIENTED_EDGE ( 'NONE', *, *, #4660, .F. ) ;
#4917 = DIRECTION ( 'NONE',  ( 0.0000000000000000000, -0.8660254037844387100, -0.4999999999999999400 ) ) ;
#4918 = CARTESIAN_POINT ( 'NONE',  ( 25.63333333333333300, 0.7726683315065827600, -1.338300807568873200 ) ) ;
#4919 = VERTEX_POINT ( 'NONE', #5511 ) ;
#4920 = CARTESIAN_POINT ( 'NONE',  ( -24.75833333333332900, 1.999999999999998700, -1.154700538379252100 ) ) ;
#4921 = EDGE_CURVE ( 'NONE', #6634, #515, #4775, .T. ) ;
#4922 = CARTESIAN_POINT ( 'NONE',  ( 17.23333333333333400, 0.7726683315065827600, -1.338300807568873200 ) ) ;
#4923 = CARTESIAN_POINT ( 'NONE',  ( 22.42500000000000100, -3.277891600571076600E-016, 1.784401076758497700 ) ) ;
#4924 = ORIENTED_EDGE ( 'NONE', *, *, #775, .T. ) ;
#4925 = CARTESIAN_POINT ( 'NONE',  ( 27.14141833150737100, 1.935663815865855600E-011, -1.833581668492636700 ) ) ;
#4926 = CARTESIAN_POINT ( 'NONE',  ( 22.97916666666666800, -0.9999999999999995600, -1.732050807568877400 ) ) ;
#4927 = CARTESIAN_POINT ( 'NONE',  ( 19.24583333333333000, 0.7726683315065827600, -1.338300807568873200 ) ) ;
#4928 = EDGE_CURVE ( 'NONE', #2215, #17, #5999, .T. ) ;
#4929 = CARTESIAN_POINT ( 'NONE',  ( -25.42916666666667100, -0.7726683315065825400, 1.338300807568873800 ) ) ;
#4930 = CARTESIAN_POINT ( 'NONE',  ( -26.99453666301316100, 0.2587776139471954500, 1.523515522918116800 ) ) ;
#4931 = CARTESIAN_POINT ( 'NONE',  ( 24.67083333333333800, 1.999999999999999300, 1.154700538379252800 ) ) ;
#4932 = CARTESIAN_POINT ( 'NONE',  ( -22.62916666666667000, -0.7726683315065825400, 1.338300807568873800 ) ) ;
#4933 = DIRECTION ( 'NONE',  ( 0.0000000000000000000, 0.0000000000000000000, -1.000000000000000000 ) ) ;
#4934 = VECTOR ( 'NONE', #4437, 1000.000000000000000 ) ;
#4935 = CARTESIAN_POINT ( 'NONE',  ( 25.54583333333333400, 0.7726683315065827600, -1.338300807568873200 ) ) ;
#4936 = CARTESIAN_POINT ( 'NONE',  ( -24.46666666666666900, -0.9999999999999993300, 1.732050807568877200 ) ) ;
#4937 = CARTESIAN_POINT ( 'NONE',  ( -27.49999999999999600, 0.0000000000000000000, 4.000000000000000000 ) ) ;
#4938 = DIRECTION ( 'NONE',  ( -1.000000000000000000, -0.0000000000000000000, -0.0000000000000000000 ) ) ;
#4939 = CARTESIAN_POINT ( 'NONE',  ( 26.74166666666667100, -1.545336663013165300, 0.8922005383792482900 ) ) ;
#4940 = FACE_OUTER_BOUND ( 'NONE', #3691, .T. ) ;
#4941 = AXIS2_PLACEMENT_3D ( 'NONE', #6263, #3082, #6748 ) ;
#4942 = CARTESIAN_POINT ( 'NONE',  ( -24.93333333333333400, -1.000000000000000700, -1.732050807568876300 ) ) ;
#4943 = CARTESIAN_POINT ( 'NONE',  ( -27.25151993662500200, 2.497823135841266600, 3.673643420401906800 ) ) ;
#4944 = FACE_OUTER_BOUND ( 'NONE', #655, .T. ) ;
#4945 = CARTESIAN_POINT ( 'NONE',  ( 24.52499999999999900, -3.277891600571076600E-016, 1.784401076758497700 ) ) ;
#4946 = FACE_OUTER_BOUND ( 'NONE', #6620, .T. ) ;
#4947 = CARTESIAN_POINT ( 'NONE',  ( -22.30833333333333700, -1.999999999999999300, 1.154700538379251900 ) ) ;
#4948 = CARTESIAN_POINT ( 'NONE',  ( 17.06154232172232500, -0.3438287308216482800, -1.506601209980344300 ) ) ;
#4949 = CARTESIAN_POINT ( 'NONE',  ( 20.32499999999999600, 2.905110965495596800E-016, -1.999999999999999600 ) ) ;
#4950 = CARTESIAN_POINT ( 'NONE',  ( -16.76666666666666600, 0.7726683315065817600, -1.338300807568874300 ) ) ;
#4951 = VECTOR ( 'NONE', #3706, 1000.000000000000000 ) ;
#4952 = CARTESIAN_POINT ( 'NONE',  ( -24.43750000000000000, -3.277891600571078100E-016, -1.784401076758498400 ) ) ;
#4953 = CARTESIAN_POINT ( 'NONE',  ( -26.21666666666666500, -0.7726683315065825400, 1.338300807568873800 ) ) ;
#4954 = CARTESIAN_POINT ( 'NONE',  ( 24.32083333333333600, -1.999999999999999800, -1.154700538379252100 ) ) ;
#4955 =( BOUNDED_CURVE ( )  B_SPLINE_CURVE ( 2, ( #1990, #5580, #886, #5062, #5600, #4571, #1390, #5107, #4546 ),
 .UNSPECIFIED., .F., .F. ) 
 B_SPLINE_CURVE_WITH_KNOTS ( ( 3, 2, 2, 2, 3 ),
 ( 0.4843750000000000000, 0.4895833333333333100, 0.5000000000000000000, 0.5104166666666666300, 0.5156250000000000000 ),
 .UNSPECIFIED. ) 
 CURVE ( )  GEOMETRIC_REPRESENTATION_ITEM ( )  RATIONAL_B_SPLINE_CURVE ( ( 0.9330127018922194100, 0.9330127018922194100, 1.000000000000000000, 0.8660254037844387100, 1.000000000000000000, 0.8660254037844387100, 1.000000000000000000, 0.9330127018922194100, 0.9330127018922194100 ) ) 
 REPRESENTATION_ITEM ( '' )  );
#4956 = CARTESIAN_POINT ( 'NONE',  ( -22.80416666666667100, 1.545336663013165700, 0.8922005383792489500 ) ) ;
#4957 = CARTESIAN_POINT ( 'NONE',  ( -17.93333333333333700, -1.000000000000000700, -1.732050807568876300 ) ) ;
#4958 = CARTESIAN_POINT ( 'NONE',  ( 26.24583333333333400, 0.7726683315065827600, -1.338300807568873200 ) ) ;
#4959 = CARTESIAN_POINT ( 'NONE',  ( -19.01250000000000300, 1.999999999999999600, 0.0000000000000000000 ) ) ;
#4960 = CARTESIAN_POINT ( 'NONE',  ( -24.23333333333333100, -1.000000000000000700, -1.732050807568876300 ) ) ;
#4961 = VERTEX_POINT ( 'NONE', #3963 ) ;
#4962 = EDGE_CURVE ( 'NONE', #5626, #326, #555, .T. ) ;
#4963 = CARTESIAN_POINT ( 'NONE',  ( 19.53749999999999400, -4.543593550035113400E-014, -2.000000000000000000 ) ) ;
#4964 = CARTESIAN_POINT ( 'NONE',  ( 19.68333333333333400, -0.7726683315065832100, 1.338300807568872900 ) ) ;
#4965 = CARTESIAN_POINT ( 'NONE',  ( -16.79583333333333800, -0.7726683315065834300, -1.338300807568873400 ) ) ;
#4966 = CARTESIAN_POINT ( 'NONE',  ( 27.17260118752940900, 0.7601377141773706400, -1.638186909162618000 ) ) ;
#4967 = ORIENTED_EDGE ( 'NONE', *, *, #474, .T. ) ;
#4968 = CARTESIAN_POINT ( 'NONE',  ( 23.00833333333333300, 1.545336663013164600, 0.8922005383792495100 ) ) ;
#4969 = CARTESIAN_POINT ( 'NONE',  ( -22.36666666666666700, -0.9999999999999993300, 1.732050807568877200 ) ) ;
#4970 = CARTESIAN_POINT ( 'NONE',  ( -17.52499999999999900, 2.905110965495596800E-016, 1.999999999999999600 ) ) ;
#4971 = CARTESIAN_POINT ( 'NONE',  ( 17.20416666666666600, 1.545336663013165100, -0.8922005383792486200 ) ) ;
#4972 = EDGE_CURVE ( 'NONE', #3909, #6319, #6227, .T. ) ;
#4973 = CARTESIAN_POINT ( 'NONE',  ( -27.37046035515056600, 1.410913622168384900E-011, 1.921260355150573600 ) ) ;
#4974 = DIRECTION ( 'NONE',  ( 1.000000000000000000, 0.0000000000000000000, 0.0000000000000000000 ) ) ;
#4975 = ORIENTED_EDGE ( 'NONE', *, *, #4841, .F. ) ;
#4976 = CARTESIAN_POINT ( 'NONE',  ( -26.07083333333333300, -1.545336663013165100, 0.8922005383792495100 ) ) ;
#4977 = CARTESIAN_POINT ( 'NONE',  ( 22.65623931950111800, 0.5358973799808735000, 2.000000580168530100 ) ) ;
#4978 = CARTESIAN_POINT ( 'NONE',  ( 21.81250000000000400, 2.000000000000000000, 0.0000000000000000000 ) ) ;
#4979 = CARTESIAN_POINT ( 'NONE',  ( -22.45416666666667300, -1.545336663013166400, -0.8922005383792486200 ) ) ;
#4980 = CARTESIAN_POINT ( 'NONE',  ( 24.08750012630441300, -2.165218434301076400E-006, 1.999999999998828000 ) ) ;
#4981 = CARTESIAN_POINT ( 'NONE',  ( -19.53750000000000100, 1.414100318299875800E-016, 2.309401076758502500 ) ) ;
#4982 = ORIENTED_EDGE ( 'NONE', *, *, #120, .T. ) ;
#4983 = CARTESIAN_POINT ( 'NONE',  ( 26.80000000000000100, -1.545336663013165100, -1.892491597964124500E-016 ) ) ;
#4984 = CARTESIAN_POINT ( 'NONE',  ( -26.18750000000000400, -8.715332896486790000E-016, -1.999999999999999600 ) ) ;
#4985 = CARTESIAN_POINT ( 'NONE',  ( 19.79999999999999700, -1.545336663013165100, -1.892491597964124500E-016 ) ) ;
#4986 = CARTESIAN_POINT ( 'NONE',  ( -20.67499999999999700, -4.242300954899626700E-016, -2.309401076758502500 ) ) ;
#4987 = ORIENTED_EDGE ( 'NONE', *, *, #5104, .T. ) ;
#4988 = CARTESIAN_POINT ( 'NONE',  ( -27.32705749266085600, -1.107970486182895000, 1.534383731150216000 ) ) ;
#4989 = ORIENTED_EDGE ( 'NONE', *, *, #2814, .T. ) ;
#4990 = CARTESIAN_POINT ( 'NONE',  ( -21.17083333333333800, 1.999999999999998700, -1.154700538379252600 ) ) ;
#4991 = EDGE_LOOP ( 'NONE', ( #73, #4924, #6706, #2081 ) ) ;
#4992 =( BOUNDED_CURVE ( )  B_SPLINE_CURVE ( 2, ( #418, #4085, #4637, #904, #2033, #6101, #4542, #6698, #926 ),
 .UNSPECIFIED., .F., .T. ) 
 B_SPLINE_CURVE_WITH_KNOTS ( ( 3, 2, 2, 2, 3 ),
 ( 0.2656250000000000000, 0.2708333333333333100, 0.2812500000000000000, 0.2916666666666666900, 0.2968750000000000000 ),
 .UNSPECIFIED. ) 
 CURVE ( )  GEOMETRIC_REPRESENTATION_ITEM ( )  RATIONAL_B_SPLINE_CURVE ( ( 0.9330127018922194100, 0.9330127018922194100, 1.000000000000000000, 0.8660254037844387100, 1.000000000000000000, 0.8660254037844387100, 1.000000000000000000, 0.9330127018922194100, 0.9330127018922194100 ) ) 
 REPRESENTATION_ITEM ( '' )  );
#4993 = CARTESIAN_POINT ( 'NONE',  ( 24.69999999999999900, 2.000000000000000000, 0.0000000000000000000 ) ) ;
#4994 = CARTESIAN_POINT ( 'NONE',  ( 17.50000000000000700, 3.660093687634849800, 1.660531772554308300 ) ) ;
#4995 = CARTESIAN_POINT ( 'NONE',  ( -26.12916666666667000, 0.9999999999999983300, -1.732050807568877900 ) ) ;
#4996 = EDGE_LOOP ( 'NONE', ( #2609, #2532, #2790, #6639 ) ) ;
#4997 = CARTESIAN_POINT ( 'NONE',  ( -22.92083333333333400, 1.545336663013165100, -0.8922005383792499500 ) ) ;
#4998 = CARTESIAN_POINT ( 'NONE',  ( 21.11250000000000400, 2.000000000000000000, 0.0000000000000000000 ) ) ;
#4999 = CARTESIAN_POINT ( 'NONE',  ( -19.42083333333333400, 1.545336663013165300, -0.8922005383792500600 ) ) ;
#5000 = CARTESIAN_POINT ( 'NONE',  ( -27.14273441009183300, 2.309401076758503400, -4.000000000000001800 ) ) ;
#5001 = CARTESIAN_POINT ( 'NONE',  ( 20.96666666666666900, -0.9999999999999995600, -1.732050807568877400 ) ) ;
#5002 = CARTESIAN_POINT ( 'NONE',  ( 24.90416666666666500, 1.545336663013165100, -0.8922005383792486200 ) ) ;
#5003 = CARTESIAN_POINT ( 'NONE',  ( -17.32083333333333600, -1.999999999999999300, 1.154700538379251700 ) ) ;
#5004 =( GEOMETRIC_REPRESENTATION_CONTEXT ( 3 ) GLOBAL_UNCERTAINTY_ASSIGNED_CONTEXT ( ( #5244 ) ) GLOBAL_UNIT_ASSIGNED_CONTEXT ( ( #2223, #5869, #2743 ) ) REPRESENTATION_CONTEXT ( 'NONE', 'WORKASPACE' ) );
#5005 = ORIENTED_EDGE ( 'NONE', *, *, #411, .F. ) ;
#5006 = APPROVAL_ROLE ( '' ) ;
#5007 = CARTESIAN_POINT ( 'NONE',  ( 25.69166666666667000, 1.545336663013165100, -0.8922005383792486200 ) ) ;
#5008 = CARTESIAN_POINT ( 'NONE',  ( -23.30000000000000100, 1.999999999999999600, 0.0000000000000000000 ) ) ;
#5009 = CARTESIAN_POINT ( 'NONE',  ( 21.72500000000000100, -3.277891600571076600E-016, 1.784401076758497700 ) ) ;
#5010 = CARTESIAN_POINT ( 'NONE',  ( -20.61666666666666400, 0.9999999999999983300, -1.732050807568877900 ) ) ;
#5011 = EDGE_LOOP ( 'NONE', ( #6453, #3244, #4012, #1957, #155, #2906 ) ) ;
#5012 = EDGE_CURVE ( 'NONE', #3871, #5453, #4393, .T. ) ;
#5013 = CARTESIAN_POINT ( 'NONE',  ( 27.19810430489249200, 1.292100754983816200, -1.224972931618407500 ) ) ;
#5014 = CARTESIAN_POINT ( 'NONE',  ( -20.23750000000000100, 2.905110965495596800E-016, 1.999999999999999600 ) ) ;
#5015 = DIRECTION ( 'NONE',  ( 0.0000000000000000000, 0.0000000000000000000, 1.000000000000000000 ) ) ;
#5016 = DIRECTION ( 'NONE',  ( 0.0000000000000000000, 0.0000000000000000000, -1.000000000000000000 ) ) ;
#5017 = CARTESIAN_POINT ( 'NONE',  ( -25.95416666666666600, 1.999999999999999600, 1.154700538379251000 ) ) ;
#5018 = CONICAL_SURFACE ( 'NONE', #368, 4.000000000000000000, 1.047197551196600100 ) ;
#5019 = CARTESIAN_POINT ( 'NONE',  ( -24.02916666666667200, 0.9999999999999983300, -1.732050807568877900 ) ) ;
#5020 = CARTESIAN_POINT ( 'NONE',  ( -21.63750000000000600, -3.277891600571078100E-016, -1.784401076758498400 ) ) ;
#5021 = CARTESIAN_POINT ( 'NONE',  ( -26.80000000000000100, -1.545336663013165700, 1.892491597964125200E-016 ) ) ;
#5022 = CARTESIAN_POINT ( 'NONE',  ( 17.49583333333333700, 1.000000000000000200, -1.732050807568877200 ) ) ;
#5023 = CARTESIAN_POINT ( 'NONE',  ( -17.26249999999999900, 1.545336663013165700, 0.0000000000000000000 ) ) ;
#5024 = CARTESIAN_POINT ( 'NONE',  ( 23.82499999999999900, 2.905110965495596800E-016, -1.999999999999999600 ) ) ;
#5025 = CARTESIAN_POINT ( 'NONE',  ( 17.75833333333333300, 1.999999999999999300, 1.154700538379252800 ) ) ;
#5026 = LINE ( 'NONE', #5415, #1695 ) ;
#5027 = CARTESIAN_POINT ( 'NONE',  ( 22.86250000000000100, 1.545336663013165100, 0.0000000000000000000 ) ) ;
#5028 = CARTESIAN_POINT ( 'NONE',  ( -18.42916666666667100, 0.9999999999999983300, -1.732050807568877900 ) ) ;
#5029 = VECTOR ( 'NONE', #4865, 1000.000000000000000 ) ;
#5030 = CARTESIAN_POINT ( 'NONE',  ( 23.47500000000000100, 1.092630533523692200E-016, -1.784401076758497700 ) ) ;
#5031 = CARTESIAN_POINT ( 'NONE',  ( 17.50000000000000400, -3.660093687634853800, -1.660531772554306100 ) ) ;
#5032 = CARTESIAN_POINT ( 'NONE',  ( 20.96666666666666900, 0.7726683315065814300, 1.338300807568873800 ) ) ;
#5033 = VECTOR ( 'NONE', #3364, 1000.000000000000000 ) ;
#5034 = CARTESIAN_POINT ( 'NONE',  ( -22.01666666666666600, 0.9999999999999983300, -1.732050807568877900 ) ) ;
#5035 = CIRCLE ( 'NONE', #3848, 4.000000000000000000 ) ;
#5036 = CARTESIAN_POINT ( 'NONE',  ( 27.21685867830285900, 1.543098312258346100, -0.8500291931095707000 ) ) ;
#5037 = CARTESIAN_POINT ( 'NONE',  ( -17.64166666666666600, 1.999999999999999600, 1.154700538379251000 ) ) ;
#5038 = CARTESIAN_POINT ( 'NONE',  ( 23.91250000000000100, -1.545336663013165100, -1.892491597964124500E-016 ) ) ;
#5039 = CARTESIAN_POINT ( 'NONE',  ( 24.64166666666666600, 2.000000000000000000, -1.154700538379251200 ) ) ;
#5040 = CARTESIAN_POINT ( 'NONE',  ( -21.46250000000000200, -1.999999999999999600, 2.449293598294705900E-016 ) ) ;
#5041 = ORIENTED_EDGE ( 'NONE', *, *, #2379, .F. ) ;
#5042 = CARTESIAN_POINT ( 'NONE',  ( -17.46876073911696600, 0.5358983848622455000, 1.999999999999999600 ) ) ;
#5043 = B_SPLINE_CURVE_WITH_KNOTS ( 'NONE', 3,
 ( #2356, #6012, #3029, #4640, #400, #423, #5684, #6746, #470, #6701, #4047, #2056, #2510, #1524, #2465, #4570, #4110, #446 ),
 .UNSPECIFIED., .F., .F.,
 ( 4, 2, 2, 2, 2, 2, 2, 2, 4 ),
 ( 0.006971459885134081600, 0.007522004408339551100, 0.008072548931545020500, 0.008623093454750490800, 0.009173637977955961100, 0.009724182501161429700, 0.01027472702436690000, 0.01082527154757237000, 0.01137581607077783900 ),
 .UNSPECIFIED. ) ;
#5044 = DIRECTION ( 'NONE',  ( 1.000000000000000000, 0.0000000000000000000, -0.0000000000000000000 ) ) ;
#5045 = CARTESIAN_POINT ( 'NONE',  ( -23.21250000000000600, -1.545336663013165700, 1.892491597964125200E-016 ) ) ;
#5046 = CARTESIAN_POINT ( 'NONE',  ( -24.29166666666666800, 1.545336663013165700, 0.8922005383792489500 ) ) ;
#5047 = CARTESIAN_POINT ( 'NONE',  ( 19.30416666666666700, -2.000000000000000400, 1.154700538379250600 ) ) ;
#5048 = CARTESIAN_POINT ( 'NONE',  ( -19.47916666666666800, 0.7726683315065817600, -1.338300807568874300 ) ) ;
#5049 = CARTESIAN_POINT ( 'NONE',  ( 20.03333333333333500, -1.000000000000000900, 1.732050807568876700 ) ) ;
#5050 = ORIENTED_EDGE ( 'NONE', *, *, #2124, .F. ) ;
#5051 = ADVANCED_FACE ( 'NONE', ( #2728 ), #3586, .T. ) ;
#5052 = CARTESIAN_POINT ( 'NONE',  ( 22.57083333333333300, -1.545336663013164400, -0.8922005383792492900 ) ) ;
#5053 = CARTESIAN_POINT ( 'NONE',  ( -18.95416666666666600, 1.999999999999999800, 1.154700538379251000 ) ) ;
#5054 = CARTESIAN_POINT ( 'NONE',  ( 25.34166666666666500, -1.545336663013165500, 0.8922005383792481800 ) ) ;
#5055 = EDGE_CURVE ( 'NONE', #2372, #6373, #4694, .T. ) ;
#5056 = CARTESIAN_POINT ( 'NONE',  ( 17.50000000000000000, 0.0000000000000000000, 0.0000000000000000000 ) ) ;
#5057 = DIRECTION ( 'NONE',  ( -1.000000000000000000, -0.0000000000000000000, -0.0000000000000000000 ) ) ;
#5058 = ORIENTED_EDGE ( 'NONE', *, *, #1568, .F. ) ;
#5059 = CARTESIAN_POINT ( 'NONE',  ( -21.02500000000000200, 1.414100318299875800E-016, 2.309401076758502500 ) ) ;
#5060 = CARTESIAN_POINT ( 'NONE',  ( -27.20115668070647900, -1.202714746836561100, -1.279421671141439000 ) ) ;
#5061 = ORIENTED_EDGE ( 'NONE', *, *, #1557, .F. ) ;
#5062 = CARTESIAN_POINT ( 'NONE',  ( -21.95833333333333200, 1.999999999999998700, -1.154700538379252600 ) ) ;
#5063 = CARTESIAN_POINT ( 'NONE',  ( 23.79583333333333100, -0.7726683315065832100, 1.338300807568872900 ) ) ;
#5064 = EDGE_CURVE ( 'NONE', #5972, #899, #5323, .T. ) ;
#5065 = CARTESIAN_POINT ( 'NONE',  ( 18.82814767688665100, 1.621354068432775600, 0.3108721009797106900 ) ) ;
#5066 = CARTESIAN_POINT ( 'NONE',  ( 26.07083333333334000, 1.999999999999999300, 1.154700538379252600 ) ) ;
#5067 = ORIENTED_EDGE ( 'NONE', *, *, #3602, .T. ) ;
#5068 = CARTESIAN_POINT ( 'NONE',  ( -20.82083333333334000, 1.545336663013165100, -0.8922005383792499500 ) ) ;
#5069 = CARTESIAN_POINT ( 'NONE',  ( 18.54583333333333800, -1.000000000000000900, 1.732050807568876700 ) ) ;
#5070 = CARTESIAN_POINT ( 'NONE',  ( -18.25416666666667000, -1.545336663013166400, -0.8922005383792486200 ) ) ;
#5071 = CARTESIAN_POINT ( 'NONE',  ( 19.33333333333333600, -1.000000000000000900, 1.732050807568876700 ) ) ;
#5072 = CARTESIAN_POINT ( 'NONE',  ( 24.37916666666666600, 0.7726683315065814300, 1.338300807568873800 ) ) ;
#5073 = CARTESIAN_POINT ( 'NONE',  ( -17.02916666666666900, 0.9999999999999983300, -1.732050807568877900 ) ) ;
#5074 = CARTESIAN_POINT ( 'NONE',  ( 26.04166666666666800, -1.545336663013165500, 0.8922005383792481800 ) ) ;
#5075 = ORIENTED_EDGE ( 'NONE', *, *, #3428, .F. ) ;
#5076 = CARTESIAN_POINT ( 'NONE',  ( -26.97500000000000100, 1.092630533523692700E-016, 1.784401076758498400 ) ) ;
#5077 = DIRECTION ( 'NONE',  ( -1.000000000000000000, -0.0000000000000000000, -0.0000000000000000000 ) ) ;
#5078 = CARTESIAN_POINT ( 'NONE',  ( 27.08521822342432700, -1.369477984049025400, -1.315554131020000500 ) ) ;
#5079 = ORIENTED_EDGE ( 'NONE', *, *, #6109, .F. ) ;
#5080 = CARTESIAN_POINT ( 'NONE',  ( -22.30833333333333700, -1.999999999999999300, 1.154700538379251700 ) ) ;
#5081 = ORIENTED_EDGE ( 'NONE', *, *, #4169, .T. ) ;
#5082 =( BOUNDED_SURFACE ( )  B_SPLINE_SURFACE ( 1, 2, ( 
 ( #6072, #6607, #3906, #3999, #4515, #1315, #4022, #902, #416, #2051, #1961, #3047, #6675, #4564, #1452, #5076, #2006, #3003, #394, #5099, #5594, #5635, #947, #3025, #6190, #988, #2460, #6719, #3489, #6123, #4083, #1984, #6696, #2983, #3554, #2439, #467, #1496, #6166, #5144, #5122, #2505, #5168, #6653, #442, #2483, #3577, #4041, #5615, #3532, #1429, #924, #965, #4063, #3511, #4589, #6144, #1474, #4614, #2031, #5659, #2528, #4105, #4635, #1519, #6099, #2960, #6631, #378, #4540, #2130, #531, #2579, #1075, #4680, #6765, #512, #4702, #3667, #489, #551, #3645, #571, #3095, #6240, #4170, #6214, #4661, #4191, #3623, #4151, #34, #1010, #3117, #6258, #5212, #5703, #1032, #3074, #3693, #5269, #1564, #1585, #2095, #1051, #5723, #4212, #4130, #5230, #1096, #4723, #2112, #5747, #1608, #4748, #2624, #6739, #1541, #12, #5679, #2599, #3159, #1630, #6282, #5192, #3135, #5249, #5766, #2643, #6304, #2554, #55, #3603, #2072, #3714, #596, #126, #1749, #1652, #2756, #6369, #4254, #1144, #4770, #1701, #2716, #99, #4793, #5290, #5340, #639, #2738, #5888, #690, #2173, #6416, #3183, #5813, #3790, #1677, #6392, #2689, #3253, #2153, #174, #1188, #5863, #4842, #4818, #2218, #4864, #6347, #146, #2195, #3276, #3739, #5316, #3230, #1117, #617, #666, #3765, #3204, #4277, #5839, #1170, #4299, #1722, #5361, #2240, #3811, #4327, #1214 ),
 ( #5791, #2665, #6327, #77, #4230, #217, #4392, #3371, #195, #261, #3347, #282, #2801, #5932, #239, #5908, #4350, #3899, #6461, #3323, #6505, #710, #2824, #5953, #4909, #5409, #3858, #2780, #3395, #4976, #2283, #1283, #735, #3882, #4371, #3920, #3834, #756, #799, #777, #4929, #1816, #4417, #4441, #2322, #6439, #1236, #6481, #5385, #1794, #2866, #1330, #5429, #4885, #2302, #5979, #1305, #4952, #5448, #2260, #1260, #2842, #3300, #1769, #1839, #5468, #2344, #6000, #6524, #6063, #3967, #847, #4460, #1397, #2409, #6569, #4485, #1352, #5045, #351, #2428, #5585, #386, #4997, #2450, #2887, #1885, #3481, #1372, #6089, #5516, #2952, #1864, #6645, #892, #5562, #4531, #4507, #1929, #4553, #2384, #6621, #1906, #6113, #3441, #5020, #2929, #822, #327, #369, #3461, #2909, #6598, #5539, #6040, #3990, #872, #4013, #1419, #5068, #1952, #2974, #3502, #4034, #915, #1442, #5493, #2364, #6023, #6551, #3419, #306, #3942, #6686, #4095, #3062, #6665, #6730, #3037, #6753, #2494, #5627, #6707, #5604, #4054, #3591, #6156, #3013, #6204, #407, #2519, #5648, #4602, #5111, #3544, #2474, #3087, #4674, #1997, #978, #431, #3567, #4074, #3614, #3522, #454, #501, #479, #4625, #1509, #4118, #4142, #2041, #6133, #936, #6181, #5090, #1485, #2569, #1023, #5133, #4578, #2019, #5671, #1001, #4649, #5157, #1974, #956, #2544, #2994, #1464, #1532 ) ),
 .UNSPECIFIED., .F., .F., .T. ) 
 B_SPLINE_SURFACE_WITH_KNOTS ( ( 2, 2 ),
 ( 3, 2, 2, 2, 2, 2, 2, 2, 2, 2, 2, 2, 2, 2, 2, 2, 2, 2, 2, 2, 2, 2, 2, 2, 2, 2, 2, 2, 2, 2, 2, 2, 2, 2, 2, 2, 2, 2, 2, 2, 2, 2, 2, 2, 2, 2, 2, 2, 2, 2, 2, 2, 2, 2, 2, 2, 2, 2, 2, 2, 2, 2, 2, 2, 2, 2, 2, 2, 2, 2, 2, 2, 2, 2, 2, 2, 2, 2, 2, 2, 2, 2, 2, 2, 2, 2, 2, 2, 2, 2, 2, 2, 2, 2, 2, 2, 3 ),
 ( 0.0000000000000000000, 1.000000000000000000 ),
 ( 0.0000000000000000000, 0.01041666666666666600, 0.02083333333333333200, 0.03125000000000000000, 0.04166666666666666400, 0.05208333333333333600, 0.06250000000000000000, 0.07291666666666667100, 0.08333333333333332900, 0.09375000000000000000, 0.1041666666666666700, 0.1145833333333333300, 0.1250000000000000000, 0.1354166666666666600, 0.1458333333333333400, 0.1562500000000000000, 0.1666666666666666600, 0.1770833333333333400, 0.1875000000000000000, 0.1979166666666666600, 0.2083333333333333400, 0.2187500000000000000, 0.2291666666666666600, 0.2395833333333333400, 0.2500000000000000000, 0.2604166666666666900, 0.2708333333333333100, 0.2812500000000000000, 0.2916666666666666900, 0.3020833333333333100, 0.3125000000000000000, 0.3229166666666666900, 0.3333333333333333100, 0.3437500000000000000, 0.3541666666666666900, 0.3645833333333333100, 0.3750000000000000000, 0.3854166666666666900, 0.3958333333333333100, 0.4062500000000000000, 0.4166666666666666900, 0.4270833333333333100, 0.4375000000000000000, 0.4479166666666666900, 0.4583333333333333100, 0.4687500000000000000, 0.4791666666666666900, 0.4895833333333333100, 0.5000000000000000000, 0.5104166666666666300, 0.5208333333333333700, 0.5312500000000000000, 0.5416666666666666300, 0.5520833333333333700, 0.5625000000000000000, 0.5729166666666666300, 0.5833333333333333700, 0.5937500000000000000, 0.6041666666666666300, 0.6145833333333333700, 0.6250000000000000000, 0.6354166666666666300, 0.6458333333333333700, 0.6562500000000000000, 0.6666666666666666300, 0.6770833333333333700, 0.6875000000000000000, 0.6979166666666666300, 0.7083333333333333700, 0.7187500000000000000, 0.7291666666666666300, 0.7395833333333333700, 0.7500000000000000000, 0.7604166666666666300, 0.7708333333333333700, 0.7812500000000000000, 0.7916666666666666300, 0.8020833333333333700, 0.8125000000000000000, 0.8229166666666666300, 0.8333333333333333700, 0.8437500000000000000, 0.8541666666666666300, 0.8645833333333333700, 0.8750000000000000000, 0.8854166666666666300, 0.8958333333333333700, 0.9062500000000000000, 0.9166666666666666300, 0.9270833333333333700, 0.9375000000000000000, 0.9479166666666666300, 0.9583333333333333700, 0.9687500000000000000, 0.9791666666666666300, 0.9895833333333333700, 0.9938825148339810500 ),
 .UNSPECIFIED. ) 
 GEOMETRIC_REPRESENTATION_ITEM ( )  RATIONAL_B_SPLINE_SURFACE ( (
 ( 1.000000000000000000, 0.8660254037844387100, 1.000000000000000000, 0.8660254037844387100, 1.000000000000000000, 0.8660254037844387100, 1.000000000000000000, 0.8660254037844387100, 1.000000000000000000, 0.8660254037844387100, 1.000000000000000000, 0.8660254037844387100, 1.000000000000000000, 0.8660254037844387100, 1.000000000000000000, 0.8660254037844387100, 1.000000000000000000, 0.8660254037844387100, 1.000000000000000000, 0.8660254037844387100, 1.000000000000000000, 0.8660254037844387100, 1.000000000000000000, 0.8660254037844387100, 1.000000000000000000, 0.8660254037844387100, 1.000000000000000000, 0.8660254037844387100, 1.000000000000000000, 0.8660254037844387100, 1.000000000000000000, 0.8660254037844387100, 1.000000000000000000, 0.8660254037844387100, 1.000000000000000000, 0.8660254037844387100, 1.000000000000000000, 0.8660254037844387100, 1.000000000000000000, 0.8660254037844387100, 1.000000000000000000, 0.8660254037844387100, 1.000000000000000000, 0.8660254037844387100, 1.000000000000000000, 0.8660254037844387100, 1.000000000000000000, 0.8660254037844387100, 1.000000000000000000, 0.8660254037844387100, 1.000000000000000000, 0.8660254037844387100, 1.000000000000000000, 0.8660254037844387100, 1.000000000000000000, 0.8660254037844387100, 1.000000000000000000, 0.8660254037844387100, 1.000000000000000000, 0.8660254037844387100, 1.000000000000000000, 0.8660254037844387100, 1.000000000000000000, 0.8660254037844387100, 1.000000000000000000, 0.8660254037844387100, 1.000000000000000000, 0.8660254037844387100, 1.000000000000000000, 0.8660254037844387100, 1.000000000000000000, 0.8660254037844387100, 1.000000000000000000, 0.8660254037844387100, 1.000000000000000000, 0.8660254037844387100, 1.000000000000000000, 0.8660254037844387100, 1.000000000000000000, 0.8660254037844387100, 1.000000000000000000, 0.8660254037844387100, 1.000000000000000000, 0.8660254037844387100, 1.000000000000000000, 0.8660254037844387100, 1.000000000000000000, 0.8660254037844387100, 1.000000000000000000, 0.8660254037844387100, 1.000000000000000000, 0.8660254037844387100, 1.000000000000000000, 0.8660254037844387100, 1.000000000000000000, 0.8660254037844387100, 1.000000000000000000, 0.8660254037844387100, 1.000000000000000000, 0.8660254037844387100, 1.000000000000000000, 0.8660254037844387100, 1.000000000000000000, 0.8660254037844387100, 1.000000000000000000, 0.8660254037844387100, 1.000000000000000000, 0.8660254037844387100, 1.000000000000000000, 0.8660254037844387100, 1.000000000000000000, 0.8660254037844387100, 1.000000000000000000, 0.8660254037844387100, 1.000000000000000000, 0.8660254037844387100, 1.000000000000000000, 0.8660254037844387100, 1.000000000000000000, 0.8660254037844387100, 1.000000000000000000, 0.8660254037844387100, 1.000000000000000000, 0.8660254037844387100, 1.000000000000000000, 0.8660254037844387100, 1.000000000000000000, 0.8660254037844387100, 1.000000000000000000, 0.8660254037844387100, 1.000000000000000000, 0.8660254037844387100, 1.000000000000000000, 0.8660254037844387100, 1.000000000000000000, 0.8660254037844387100, 1.000000000000000000, 0.8660254037844387100, 1.000000000000000000, 0.8660254037844387100, 1.000000000000000000, 0.8660254037844387100, 1.000000000000000000, 0.8660254037844387100, 1.000000000000000000, 0.8660254037844387100, 1.000000000000000000, 0.8660254037844387100, 1.000000000000000000, 0.8660254037844387100, 1.000000000000000000, 0.8660254037844387100, 1.000000000000000000, 0.8660254037844387100, 1.000000000000000000, 0.8660254037844387100, 1.000000000000000000, 0.8660254037844387100, 1.000000000000000000, 0.8660254037844387100, 1.000000000000000000, 0.8660254037844387100, 1.000000000000000000, 0.8660254037844387100, 1.000000000000000000, 0.8660254037844387100, 1.000000000000000000, 0.8660254037844387100, 1.000000000000000000, 0.8660254037844387100, 1.000000000000000000, 0.8660254037844387100, 1.000000000000000000, 0.8660254037844387100, 1.000000000000000000, 0.8660254037844387100, 1.000000000000000000, 0.8660254037844387100, 1.000000000000000000, 0.8660254037844387100, 1.000000000000000000, 0.8660254037844387100, 1.000000000000000000, 0.8660254037844387100, 1.000000000000000000, 0.8660254037844387100, 1.000000000000000000, 0.8660254037844387100, 1.000000000000000000, 0.8660254037844387100, 1.000000000000000000, 0.9447058138617582300, 0.9350538182141849800),
 ( 1.000000000000000000, 0.8660254037844387100, 1.000000000000000000, 0.8660254037844387100, 1.000000000000000000, 0.8660254037844387100, 1.000000000000000000, 0.8660254037844387100, 1.000000000000000000, 0.8660254037844387100, 1.000000000000000000, 0.8660254037844387100, 1.000000000000000000, 0.8660254037844387100, 1.000000000000000000, 0.8660254037844387100, 1.000000000000000000, 0.8660254037844387100, 1.000000000000000000, 0.8660254037844387100, 1.000000000000000000, 0.8660254037844387100, 1.000000000000000000, 0.8660254037844387100, 1.000000000000000000, 0.8660254037844387100, 1.000000000000000000, 0.8660254037844387100, 1.000000000000000000, 0.8660254037844387100, 1.000000000000000000, 0.8660254037844387100, 1.000000000000000000, 0.8660254037844387100, 1.000000000000000000, 0.8660254037844387100, 1.000000000000000000, 0.8660254037844387100, 1.000000000000000000, 0.8660254037844387100, 1.000000000000000000, 0.8660254037844387100, 1.000000000000000000, 0.8660254037844387100, 1.000000000000000000, 0.8660254037844387100, 1.000000000000000000, 0.8660254037844387100, 1.000000000000000000, 0.8660254037844387100, 1.000000000000000000, 0.8660254037844387100, 1.000000000000000000, 0.8660254037844387100, 1.000000000000000000, 0.8660254037844387100, 1.000000000000000000, 0.8660254037844387100, 1.000000000000000000, 0.8660254037844387100, 1.000000000000000000, 0.8660254037844387100, 1.000000000000000000, 0.8660254037844387100, 1.000000000000000000, 0.8660254037844387100, 1.000000000000000000, 0.8660254037844387100, 1.000000000000000000, 0.8660254037844387100, 1.000000000000000000, 0.8660254037844387100, 1.000000000000000000, 0.8660254037844387100, 1.000000000000000000, 0.8660254037844387100, 1.000000000000000000, 0.8660254037844387100, 1.000000000000000000, 0.8660254037844387100, 1.000000000000000000, 0.8660254037844387100, 1.000000000000000000, 0.8660254037844387100, 1.000000000000000000, 0.8660254037844387100, 1.000000000000000000, 0.8660254037844387100, 1.000000000000000000, 0.8660254037844387100, 1.000000000000000000, 0.8660254037844387100, 1.000000000000000000, 0.8660254037844387100, 1.000000000000000000, 0.8660254037844387100, 1.000000000000000000, 0.8660254037844387100, 1.000000000000000000, 0.8660254037844387100, 1.000000000000000000, 0.8660254037844387100, 1.000000000000000000, 0.8660254037844387100, 1.000000000000000000, 0.8660254037844387100, 1.000000000000000000, 0.8660254037844387100, 1.000000000000000000, 0.8660254037844387100, 1.000000000000000000, 0.8660254037844387100, 1.000000000000000000, 0.8660254037844387100, 1.000000000000000000, 0.8660254037844387100, 1.000000000000000000, 0.8660254037844387100, 1.000000000000000000, 0.8660254037844387100, 1.000000000000000000, 0.8660254037844387100, 1.000000000000000000, 0.8660254037844387100, 1.000000000000000000, 0.8660254037844387100, 1.000000000000000000, 0.8660254037844387100, 1.000000000000000000, 0.8660254037844387100, 1.000000000000000000, 0.8660254037844387100, 1.000000000000000000, 0.8660254037844387100, 1.000000000000000000, 0.8660254037844387100, 1.000000000000000000, 0.8660254037844387100, 1.000000000000000000, 0.8660254037844387100, 1.000000000000000000, 0.8660254037844387100, 1.000000000000000000, 0.8660254037844387100, 1.000000000000000000, 0.8660254037844387100, 1.000000000000000000, 0.8660254037844387100, 1.000000000000000000, 0.8660254037844387100, 1.000000000000000000, 0.8660254037844387100, 1.000000000000000000, 0.8660254037844387100, 1.000000000000000000, 0.8660254037844387100, 1.000000000000000000, 0.8660254037844387100, 1.000000000000000000, 0.8660254037844387100, 1.000000000000000000, 0.8660254037844387100, 1.000000000000000000, 0.8660254037844387100, 1.000000000000000000, 0.8660254037844387100, 1.000000000000000000, 0.8660254037844387100, 1.000000000000000000, 0.8660254037844387100, 1.000000000000000000, 0.8660254037844387100, 1.000000000000000000, 0.8660254037844387100, 1.000000000000000000, 0.8660254037844387100, 1.000000000000000000, 0.8660254037844387100, 1.000000000000000000, 0.8660254037844387100, 1.000000000000000000, 0.8660254037844387100, 1.000000000000000000, 0.8660254037844387100, 1.000000000000000000, 0.8660254037844387100, 1.000000000000000000, 0.8660254037844387100, 1.000000000000000000, 0.8660254037844387100, 1.000000000000000000, 0.9447058138617582300, 0.9350538182141849800) ) ) 
 REPRESENTATION_ITEM ( '' )  SURFACE ( )  );
#5083 = CARTESIAN_POINT ( 'NONE',  ( -16.40000000000000200, 0.0000000000000000000, 0.0000000000000000000 ) ) ;
#5084 = VERTEX_POINT ( 'NONE', #4139 ) ;
#5085 = CARTESIAN_POINT ( 'NONE',  ( 25.72083333333333100, 1.545336663013164600, 0.8922005383792495100 ) ) ;
#5086 = CARTESIAN_POINT ( 'NONE',  ( 22.36666666666666700, 0.7726683315065814300, 1.338300807568873800 ) ) ;
#5087 = CARTESIAN_POINT ( 'NONE',  ( -27.09969232712788700, 1.071246319644269200, -1.264251796938938400 ) ) ;
#5088 = CARTESIAN_POINT ( 'NONE',  ( -16.40000000000000200, 0.0000000000000000000, 2.000000000000000000 ) ) ;
#5089 = ORIENTED_EDGE ( 'NONE', *, *, #5274, .T. ) ;
#5090 = CARTESIAN_POINT ( 'NONE',  ( -17.49583333333333700, -0.7726683315065834300, -1.338300807568873400 ) ) ;
#5091 = CARTESIAN_POINT ( 'NONE',  ( 17.84583333333333500, -1.000000000000000900, 1.732050807568876700 ) ) ;
#5092 = CARTESIAN_POINT ( 'NONE',  ( -18.13749999999999900, -3.277891600571078100E-016, -1.784401076758498400 ) ) ;
#5093 = CARTESIAN_POINT ( 'NONE',  ( 21.02500000000000200, 1.414100318299875800E-016, -2.309401076758502900 ) ) ;
#5094 = CALENDAR_DATE ( 2021, 9, 7 ) ;
#5095 = CARTESIAN_POINT ( 'NONE',  ( 21.92916666666666700, -0.7726683315065822100, -1.338300807568873400 ) ) ;
#5096 = CARTESIAN_POINT ( 'NONE',  ( -24.58333333333333200, -0.7726683315065834300, -1.338300807568873400 ) ) ;
#5097 = CARTESIAN_POINT ( 'NONE',  ( 23.88333333333333300, -0.7726683315065832100, 1.338300807568872900 ) ) ;
#5098 = CARTESIAN_POINT ( 'NONE',  ( 18.22500000000000100, -3.277891600571076600E-016, 1.784401076758497700 ) ) ;
#5099 = CARTESIAN_POINT ( 'NONE',  ( -26.74166666666667100, -1.545336663013166200, -0.8922005383792486200 ) ) ;
#5100 = CARTESIAN_POINT ( 'NONE',  ( 22.80626073911696500, -0.5358983848622460600, 1.999999999999999600 ) ) ;
#5101 = CARTESIAN_POINT ( 'NONE',  ( 26.98177275883396900, -1.554737889428474700, 1.261554666910073900 ) ) ;
#5102 = CYLINDRICAL_SURFACE ( 'NONE', #6180, 2.000000000000000000 ) ;
#5103 = CARTESIAN_POINT ( 'NONE',  ( -18.10833333333333100, -1.999999999999999300, 1.154700538379251700 ) ) ;
#5104 = EDGE_CURVE ( 'NONE', #4961, #1890, #3396, .T. ) ;
#5105 = CARTESIAN_POINT ( 'NONE',  ( 24.78750012630444000, -2.165218982874478600E-006, 1.999999999998828000 ) ) ;
#5106 = FACE_OUTER_BOUND ( 'NONE', #2292, .T. ) ;
#5107 = CARTESIAN_POINT ( 'NONE',  ( -21.75626073911696800, 0.5358983848622455000, 1.999999999999999600 ) ) ;
#5108 = CARTESIAN_POINT ( 'NONE',  ( 26.18750000000000000, 1.092630533523692200E-016, -1.784401076758497700 ) ) ;
#5109 = CARTESIAN_POINT ( 'NONE',  ( -27.02880855947826800, 1.571976273924571500, 0.2135534243287163200 ) ) ;
#5110 = CONICAL_SURFACE ( 'NONE', #1528, 4.000000000000000000, 1.047197551196600100 ) ;
#5111 = CARTESIAN_POINT ( 'NONE',  ( -18.83749999999999900, -3.277891600571078100E-016, -1.784401076758498400 ) ) ;
#5112 = CARTESIAN_POINT ( 'NONE',  ( -25.02083333333333600, 1.545336663013165100, -0.8922005383792499500 ) ) ;
#5113 = CARTESIAN_POINT ( 'NONE',  ( -16.67916666666666700, 0.7726683315065817600, -1.338300807568874300 ) ) ;
#5114 = DIRECTION ( 'NONE',  ( -1.000000000000000000, -0.0000000000000000000, -0.0000000000000000000 ) ) ;
#5115 = CARTESIAN_POINT ( 'NONE',  ( 25.07916666666666600, 0.7726683315065814300, 1.338300807568873800 ) ) ;
#5116 = CARTESIAN_POINT ( 'NONE',  ( 21.46249999999999900, 1.545336663013165100, 0.0000000000000000000 ) ) ;
#5117 = CARTESIAN_POINT ( 'NONE',  ( -27.44166666666666600, -1.545336663013166200, -0.8922005383792486200 ) ) ;
#5118 = LINE ( 'NONE', #2317, #3056 ) ;
#5119 = CARTESIAN_POINT ( 'NONE',  ( 22.07499999999999900, 1.092630533523692200E-016, -1.784401076758497700 ) ) ;
#5120 =( BOUNDED_CURVE ( )  B_SPLINE_CURVE ( 2, ( #2810, #2897, #3429, #4401, #1874, #5501, #270, #6561, #6533 ),
 .UNSPECIFIED., .F., .T. ) 
 B_SPLINE_CURVE_WITH_KNOTS ( ( 3, 2, 2, 2, 3 ),
 ( 0.5468750000000000000, 0.5520833333333333700, 0.5625000000000000000, 0.5729166666666666300, 0.5781250000000000000 ),
 .UNSPECIFIED. ) 
 CURVE ( )  GEOMETRIC_REPRESENTATION_ITEM ( )  RATIONAL_B_SPLINE_CURVE ( ( 0.9330127018922194100, 0.9330127018922194100, 1.000000000000000000, 0.8660254037844387100, 1.000000000000000000, 0.8660254037844387100, 1.000000000000000000, 0.9330127018922194100, 0.9330127018922194100 ) ) 
 REPRESENTATION_ITEM ( '' )  );
#5121 = CARTESIAN_POINT ( 'NONE',  ( 19.09999999999999800, -1.545336663013165100, -1.892491597964124500E-016 ) ) ;
#5122 = CARTESIAN_POINT ( 'NONE',  ( -25.51666666666666600, -0.7726683315065825400, 1.338300807568873800 ) ) ;
#5123 = CARTESIAN_POINT ( 'NONE',  ( -24.93333333333333400, -1.000000000000000700, -1.732050807568876300 ) ) ;
#5124 = CARTESIAN_POINT ( 'NONE',  ( 26.97499999999999100, -1.427050983124728000, 1.401258538444190500 ) ) ;
#5125 = CARTESIAN_POINT ( 'NONE',  ( -17.64166666666666600, 1.999999999999999800, 1.154700538379251000 ) ) ;
#5126 = VERTEX_POINT ( 'NONE', #955 ) ;
#5127 = CARTESIAN_POINT ( 'NONE',  ( -21.69373926088303900, -0.5358983848622449500, 1.999999999999999600 ) ) ;
#5128 = CARTESIAN_POINT ( 'NONE',  ( 26.36250000000000100, 1.545336663013165100, 0.0000000000000000000 ) ) ;
#5129 = CARTESIAN_POINT ( 'NONE',  ( 19.14655887243171900, 0.3439702489154957700, 1.938261241522039000 ) ) ;
#5130 = CARTESIAN_POINT ( 'NONE',  ( -27.17916666666666700, -0.9999999999999993300, 1.732050807568877200 ) ) ;
#5131 = B_SPLINE_CURVE_WITH_KNOTS ( 'NONE', 3,
 ( #443, #3048, #3647, #3160 ),
 .UNSPECIFIED., .F., .F.,
 ( 4, 4 ),
 ( 2.380737581620001200E-007, 0.002336974151641550400 ),
 .UNSPECIFIED. ) ;
#5132 = VERTEX_POINT ( 'NONE', #4671 ) ;
#5133 = CARTESIAN_POINT ( 'NONE',  ( -17.26249999999999900, 1.545336663013165700, 0.0000000000000000000 ) ) ;
#5134 = CARTESIAN_POINT ( 'NONE',  ( -26.18750000000000400, 1.092630533523692700E-016, 1.784401076758498400 ) ) ;
#5135 = CARTESIAN_POINT ( 'NONE',  ( -27.20833333333333600, -1.999999999999999300, 1.154700538379251900 ) ) ;
#5136 = CARTESIAN_POINT ( 'NONE',  ( 26.30416666666666700, 1.545336663013165100, -0.8922005383792486200 ) ) ;
#5137 = CARTESIAN_POINT ( 'NONE',  ( 21.28750000000000100, 1.092630533523692200E-016, -1.784401076758497700 ) ) ;
#5138 = CARTESIAN_POINT ( 'NONE',  ( -27.38333333333333300, -0.7726683315065834300, -1.338300807568873400 ) ) ;
#5139 = ORIENTED_EDGE ( 'NONE', *, *, #27, .T. ) ;
#5140 = CARTESIAN_POINT ( 'NONE',  ( 19.68333333333333400, -0.7726683315065832100, 1.338300807568872900 ) ) ;
#5141 = CARTESIAN_POINT ( 'NONE',  ( 24.46876073911696600, 0.5358983848622404000, -2.000000000000003100 ) ) ;
#5142 = CARTESIAN_POINT ( 'NONE',  ( 20.73333333333333400, 0.7726683315065827600, -1.338300807568873200 ) ) ;
#5143 = EDGE_CURVE ( 'NONE', #4484, #840, #5909, .T. ) ;
#5144 = CARTESIAN_POINT ( 'NONE',  ( -25.57499999999999900, 1.092630533523692700E-016, 1.784401076758498400 ) ) ;
#5145 = CARTESIAN_POINT ( 'NONE',  ( -20.44166666666666600, 1.999999999999999600, 1.154700538379251000 ) ) ;
#5146 = CARTESIAN_POINT ( 'NONE',  ( 27.04216545096624500, -1.911606561148589700, -0.3412142114731979100 ) ) ;
#5147 = CARTESIAN_POINT ( 'NONE',  ( -17.58333333333333200, 1.000000000000000000, 1.732050807568877000 ) ) ;
#5148 = VERTEX_POINT ( 'NONE', #1549 ) ;
#5149 = ADVANCED_FACE ( 'NONE', ( #3538 ), #4684, .F. ) ;
#5150 = CARTESIAN_POINT ( 'NONE',  ( 23.09583333333333100, -0.7726683315065832100, 1.338300807568872900 ) ) ;
#5151 = ORIENTED_EDGE ( 'NONE', *, *, #4471, .T. ) ;
#5152 = EDGE_CURVE ( 'NONE', #4238, #3093, #2397, .T. ) ;
#5153 = CARTESIAN_POINT ( 'NONE',  ( 19.09348344522591400, 0.7021037010477599900, 1.782271840436557200 ) ) ;
#5154 = CARTESIAN_POINT ( 'NONE',  ( -22.27916666666666900, -0.9999999999999993300, 1.732050807568877200 ) ) ;
#5155 = CARTESIAN_POINT ( 'NONE',  ( -25.60416666666667100, -2.000000000000000000, -1.154700538379250600 ) ) ;
#5156 = ORIENTED_EDGE ( 'NONE', *, *, #1691, .F. ) ;
#5157 = CARTESIAN_POINT ( 'NONE',  ( -16.91250000000000500, -1.545336663013165700, 1.892491597964125200E-016 ) ) ;
#5158 = VERTEX_POINT ( 'NONE', #4241 ) ;
#5159 = CARTESIAN_POINT ( 'NONE',  ( -26.94583333333333600, 0.7726683315065830900, 1.338300807568873600 ) ) ;
#5160 = CARTESIAN_POINT ( 'NONE',  ( -16.40000000000900100, 1.587669801176680600, -1.126462388065212300 ) ) ;
#5161 = CARTESIAN_POINT ( 'NONE',  ( 19.88749999999999900, 1.092630533523692200E-016, -1.784401076758497700 ) ) ;
#5162 = CARTESIAN_POINT ( 'NONE',  ( 25.37083333333333400, -1.545336663013164600, -0.8922005383792492900 ) ) ;
#5163 = CARTESIAN_POINT ( 'NONE',  ( -25.10833333333333100, 1.545336663013165300, -0.8922005383792500600 ) ) ;
#5164 = CARTESIAN_POINT ( 'NONE',  ( -25.39999999999999900, -1.545336663013165700, 1.892491597964125200E-016 ) ) ;
#5165 = VERTEX_POINT ( 'NONE', #1640 ) ;
#5166 = CARTESIAN_POINT ( 'NONE',  ( 22.01666666666666600, -0.7726683315065822100, -1.338300807568873400 ) ) ;
#5167 = CARTESIAN_POINT ( 'NONE',  ( 20.38333333333333300, -0.7726683315065832100, 1.338300807568872900 ) ) ;
#5168 = CARTESIAN_POINT ( 'NONE',  ( -25.39999999999999900, -1.545336663013165700, 1.892491597964125200E-016 ) ) ;
#5169 =( BOUNDED_CURVE ( )  B_SPLINE_CURVE ( 2, ( #1661, #6378, #647, #4284, #4824, #6289, #2138, #5775, #2652 ),
 .UNSPECIFIED., .F., .T. ) 
 B_SPLINE_CURVE_WITH_KNOTS ( ( 3, 2, 2, 2, 3 ),
 ( 0.5468750000000000000, 0.5520833333333333700, 0.5625000000000000000, 0.5729166666666666300, 0.5781250000000000000 ),
 .UNSPECIFIED. ) 
 CURVE ( )  GEOMETRIC_REPRESENTATION_ITEM ( )  RATIONAL_B_SPLINE_CURVE ( ( 0.9330127018922194100, 0.9330127018922194100, 1.000000000000000000, 0.8660254037844387100, 1.000000000000000000, 0.8660254037844387100, 1.000000000000000000, 0.9330127018922194100, 0.9330127018922194100 ) ) 
 REPRESENTATION_ITEM ( '' )  );
#5170 = CARTESIAN_POINT ( 'NONE',  ( 17.50000000000000000, 0.0000000000000000000, 0.0000000000000000000 ) ) ;
#5171 = CARTESIAN_POINT ( 'NONE',  ( -26.53750000000000100, 1.414100318299875800E-016, 2.309401076758502500 ) ) ;
#5172 = CARTESIAN_POINT ( 'NONE',  ( -16.94166666666666600, 1.999999999999999800, 1.154700538379251000 ) ) ;
#5173 = VERTEX_POINT ( 'NONE', #1596 ) ;
#5174 = CARTESIAN_POINT ( 'NONE',  ( 24.90416666666666900, -2.000000000000000400, 1.154700538379250800 ) ) ;
#5175 = DIRECTION ( 'NONE',  ( 0.0000000000000000000, 0.0000000000000000000, 1.000000000000000000 ) ) ;
#5176 = CARTESIAN_POINT ( 'NONE',  ( 21.52083333333333600, 1.545336663013164600, 0.8922005383792495100 ) ) ;
#5177 = CARTESIAN_POINT ( 'NONE',  ( -24.08749999999999900, 1.092630533523692700E-016, 1.784401076758498400 ) ) ;
#5178 = CARTESIAN_POINT ( 'NONE',  ( -27.12083333333333700, -1.999999999999999300, 1.154700538379251900 ) ) ;
#5179 = CARTESIAN_POINT ( 'NONE',  ( 27.39142068728152800, -0.6022298170645642400, 1.469803633568610400 ) ) ;
#5180 = CYLINDRICAL_SURFACE ( 'NONE', #5918, 2.000000000000000000 ) ;
#5181 = CARTESIAN_POINT ( 'NONE',  ( -16.40000000000000200, 0.0000000000000000000, 2.000000000000000000 ) ) ;
#5182 = CARTESIAN_POINT ( 'NONE',  ( -16.91250000000000500, -1.545336663013165700, 1.892491597964125200E-016 ) ) ;
#5183 = CARTESIAN_POINT ( 'NONE',  ( 27.17916666666666400, 0.7726683315065814300, 1.338300807568873800 ) ) ;
#5184 = ADVANCED_FACE ( 'NONE', ( #864 ), #3779, .T. ) ;
#5185 = EDGE_CURVE ( 'NONE', #1577, #1322, #5646, .T. ) ;
#5186 = CARTESIAN_POINT ( 'NONE',  ( -23.82499999999999900, -3.277891600571078100E-016, -1.784401076758498400 ) ) ;
#5187 = CARTESIAN_POINT ( 'NONE',  ( -23.70833333333333200, 1.545336663013165100, -0.8922005383792499500 ) ) ;
#5188 = CC_DESIGN_PERSON_AND_ORGANIZATION_ASSIGNMENT ( #4593, #335, ( #2942 ) ) ;
#5189 = VECTOR ( 'NONE', #3986, 1000.000000000000000 ) ;
#5190 = CARTESIAN_POINT ( 'NONE',  ( 19.91666666666666400, -0.7726683315065822100, -1.338300807568873400 ) ) ;
#5191 = CARTESIAN_POINT ( 'NONE',  ( 18.39999999999999900, -1.545336663013165100, -1.892491597964124500E-016 ) ) ;
#5192 = CARTESIAN_POINT ( 'NONE',  ( -20.61666666666666400, -0.7726683315065825400, 1.338300807568873800 ) ) ;
#5193 = CARTESIAN_POINT ( 'NONE',  ( 26.97499999999999100, -1.427050983124728000, 1.401258538444190500 ) ) ;
#5194 = CARTESIAN_POINT ( 'NONE',  ( -27.00416666666667000, -2.000000000000000000, -1.154700538379250400 ) ) ;
#5195 = FACE_OUTER_BOUND ( 'NONE', #1296, .T. ) ;
#5196 = EDGE_CURVE ( 'NONE', #5239, #2539, #769, .T. ) ;
#5197 = CARTESIAN_POINT ( 'NONE',  ( -25.95626073911696400, 0.5358983848622455000, 1.999999999999999600 ) ) ;
#5198 = FACE_BOUND ( 'NONE', #3417, .T. ) ;
#5199 = CARTESIAN_POINT ( 'NONE',  ( 21.28750000000000100, 1.092630533523692200E-016, -1.784401076758497700 ) ) ;
#5200 = FACE_OUTER_BOUND ( 'NONE', #5463, .T. ) ;
#5201 = CARTESIAN_POINT ( 'NONE',  ( -23.67916666666666700, 0.7726683315065817600, -1.338300807568874300 ) ) ;
#5202 = CARTESIAN_POINT ( 'NONE',  ( 17.50000000000000000, 0.0000000000000000000, 0.0000000000000000000 ) ) ;
#5203 = CARTESIAN_POINT ( 'NONE',  ( 21.31876079773504900, -0.5358993897436858900, 1.999999419831430100 ) ) ;
#5204 = CARTESIAN_POINT ( 'NONE',  ( -18.16876073911696600, 0.5358983848622455000, 1.999999999999999600 ) ) ;
#5205 = CARTESIAN_POINT ( 'NONE',  ( -25.07916666666666900, 0.7726683315065817600, -1.338300807568874300 ) ) ;
#5206 =( BOUNDED_CURVE ( )  B_SPLINE_CURVE ( 2, ( #4949, #1837, #2838, #2339, #1301, #796, #1927, #4458, #6521 ),
 .UNSPECIFIED., .F., .T. ) 
 B_SPLINE_CURVE_WITH_KNOTS ( ( 3, 2, 2, 2, 3 ),
 ( 0.6406250000000000000, 0.6458333333333333700, 0.6562500000000000000, 0.6666666666666666300, 0.6718750000000000000 ),
 .UNSPECIFIED. ) 
 CURVE ( )  GEOMETRIC_REPRESENTATION_ITEM ( )  RATIONAL_B_SPLINE_CURVE ( ( 0.9330127018922194100, 0.9330127018922194100, 1.000000000000000000, 0.8660254037844387100, 1.000000000000000000, 0.8660254037844387100, 1.000000000000000000, 0.9330127018922194100, 0.9330127018922194100 ) ) 
 REPRESENTATION_ITEM ( '' )  );
#5207 = CARTESIAN_POINT ( 'NONE',  ( 17.05833333333333700, 1.999999999999999300, 1.154700538379252800 ) ) ;
#5208 = ORIENTED_EDGE ( 'NONE', *, *, #5064, .T. ) ;
#5209 = CARTESIAN_POINT ( 'NONE',  ( -22.83333333333333600, 0.7726683315065830900, 1.338300807568873600 ) ) ;
#5210 = CARTESIAN_POINT ( 'NONE',  ( -23.24166666666666700, -1.545336663013166200, -0.8922005383792486200 ) ) ;
#5211 = CARTESIAN_POINT ( 'NONE',  ( 20.90833333333333500, 1.545336663013164400, 0.8922005383792495100 ) ) ;
#5212 = CARTESIAN_POINT ( 'NONE',  ( -22.30833333333333700, 1.545336663013165100, -0.8922005383792499500 ) ) ;
#5213 = CARTESIAN_POINT ( 'NONE',  ( -18.66250000000000100, -1.999999999999999600, 2.449293598294705900E-016 ) ) ;
#5214 = VERTEX_POINT ( 'NONE', #4434 ) ;
#5215 = ADVANCED_FACE ( 'NONE', ( #2245 ), #3290, .F. ) ;
#5216 = ORIENTED_EDGE ( 'NONE', *, *, #2334, .T. ) ;
#5217 = CARTESIAN_POINT ( 'NONE',  ( 21.75416666666666600, -1.545336663013165300, 0.8922005383792482900 ) ) ;
#5218 = CARTESIAN_POINT ( 'NONE',  ( -21.63750000000000600, -3.277891600571078100E-016, -1.784401076758498400 ) ) ;
#5219 = CARTESIAN_POINT ( 'NONE',  ( 25.75000000000000000, -2.000000000000000000, -2.449293598294706400E-016 ) ) ;
#5220 = ORIENTED_EDGE ( 'NONE', *, *, #5492, .T. ) ;
#5221 = CARTESIAN_POINT ( 'NONE',  ( 18.82251096751312900, -0.5598846990721848500, 1.545930107116100000 ) ) ;
#5222 = DIRECTION ( 'NONE',  ( 0.0000000000000000000, 0.0000000000000000000, 1.000000000000000000 ) ) ;
#5223 = CARTESIAN_POINT ( 'NONE',  ( -18.34166666666666500, 1.999999999999999600, 1.154700538379251000 ) ) ;
#5224 = CARTESIAN_POINT ( 'NONE',  ( 22.57083333333333300, -1.545336663013164600, -0.8922005383792492900 ) ) ;
#5225 = CARTESIAN_POINT ( 'NONE',  ( -25.22500000000000100, -3.277891600571078100E-016, -1.784401076758498400 ) ) ;
#5226 = CARTESIAN_POINT ( 'NONE',  ( -21.89999999999999900, -1.545336663013165700, 1.892491597964125200E-016 ) ) ;
#5227 = DIRECTION ( 'NONE',  ( 1.000000000000000000, 0.0000000000000000000, 0.0000000000000000000 ) ) ;
#5228 = ORIENTED_EDGE ( 'NONE', *, *, #5357, .T. ) ;
#5229 = EDGE_CURVE ( 'NONE', #2372, #3168, #6248, .T. ) ;
#5230 = CARTESIAN_POINT ( 'NONE',  ( -21.55000000000000100, 1.545336663013165700, 0.0000000000000000000 ) ) ;
#5231 = CARTESIAN_POINT ( 'NONE',  ( -25.89583333333333600, 1.000000000000000000, 1.732050807568877000 ) ) ;
#5232 = VERTEX_POINT ( 'NONE', #5971 ) ;
#5233 = CARTESIAN_POINT ( 'NONE',  ( -16.40000000000000200, 0.0000000000000000000, 0.0000000000000000000 ) ) ;
#5234 = CARTESIAN_POINT ( 'NONE',  ( -16.85626073911696200, 0.5358983848622455000, 1.999999999999999600 ) ) ;
#5235 = ORIENTED_EDGE ( 'NONE', *, *, #907, .F. ) ;
#5236 = CARTESIAN_POINT ( 'NONE',  ( 22.86250000000000100, 1.545336663013165100, 0.0000000000000000000 ) ) ;
#5237 = CARTESIAN_POINT ( 'NONE',  ( -21.05416666666667100, -1.545336663013166200, -0.8922005383792486200 ) ) ;
#5238 = DIRECTION ( 'NONE',  ( -1.000000000000000000, -0.0000000000000000000, -0.0000000000000000000 ) ) ;
#5239 = VERTEX_POINT ( 'NONE', #3366 ) ;
#5240 = ORIENTED_EDGE ( 'NONE', *, *, #1165, .F. ) ;
#5241 = CARTESIAN_POINT ( 'NONE',  ( 18.72754000000000800, 1.471048377507930400, 0.4841158401129240800 ) ) ;
#5242 = CARTESIAN_POINT ( 'NONE',  ( -27.49999999999999600, -3.464101615137755700, 1.999999999999998700 ) ) ;
#5243 = CARTESIAN_POINT ( 'NONE',  ( 24.49583333333333000, -0.7726683315065832100, 1.338300807568872900 ) ) ;
#5244 = UNCERTAINTY_MEASURE_WITH_UNIT (LENGTH_MEASURE( 1.000000000000000100E-005 ), #2223, 'distance_accuracy_value', 'NONE');
#5245 = CARTESIAN_POINT ( 'NONE',  ( -20.15000000000000200, 1.545336663013165700, 0.0000000000000000000 ) ) ;
#5246 = CARTESIAN_POINT ( 'NONE',  ( -24.23333333333333100, 0.7726683315065830900, 1.338300807568873600 ) ) ;
#5247 = AXIS2_PLACEMENT_3D ( 'NONE', #3195, #5737, #2614 ) ;
#5248 = CARTESIAN_POINT ( 'NONE',  ( 25.25626073911696400, 0.5358983848622456100, -1.999999999999999600 ) ) ;
#5249 = CARTESIAN_POINT ( 'NONE',  ( -20.50000000000000000, -1.545336663013165700, 1.892491597964125200E-016 ) ) ;
#5250 = CARTESIAN_POINT ( 'NONE',  ( -26.42083333333333800, -1.999999999999999300, 1.154700538379251700 ) ) ;
#5251 = CALENDAR_DATE ( 2021, 9, 7 ) ;
#5252 = CARTESIAN_POINT ( 'NONE',  ( 22.74373926088303200, 0.5358983848622442800, 2.000000000000000000 ) ) ;
#5253 = DIRECTION ( 'NONE',  ( -1.000000000000000000, -0.0000000000000000000, -0.0000000000000000000 ) ) ;
#5254 = CYLINDRICAL_SURFACE ( 'NONE', #3723, 2.000000000000000000 ) ;
#5255 = CARTESIAN_POINT ( 'NONE',  ( -17.43750000000000000, 2.905110965495596800E-016, 1.999999999999999600 ) ) ;
#5256 = CARTESIAN_POINT ( 'NONE',  ( 27.38333333333333300, -0.7726683315065832100, 1.338300807568872900 ) ) ;
#5257 = CARTESIAN_POINT ( 'NONE',  ( -24.26250000000000300, 1.545336663013165700, 0.0000000000000000000 ) ) ;
#5258 = CARTESIAN_POINT ( 'NONE',  ( 27.44166666666666600, 2.000000000000000000, -1.154700538379251200 ) ) ;
#5259 = FACE_OUTER_BOUND ( 'NONE', #5781, .T. ) ;
#5260 = CARTESIAN_POINT ( 'NONE',  ( 18.88920004044260600, -1.644688858665928300, 0.4706519334036505200 ) ) ;
#5261 = CARTESIAN_POINT ( 'NONE',  ( -27.25055823907329600, 1.935888376633482700, 4.000000000000000000 ) ) ;
#5262 = CARTESIAN_POINT ( 'NONE',  ( 24.67083333333333400, -1.545336663013164600, -0.8922005383792492900 ) ) ;
#5263 = EDGE_CURVE ( 'NONE', #6350, #3020, #4854, .T. ) ;
#5264 = CARTESIAN_POINT ( 'NONE',  ( -18.86666666666666700, 0.7726683315065817600, -1.338300807568874300 ) ) ;
#5265 = CARTESIAN_POINT ( 'NONE',  ( -21.66666666666666800, 0.7726683315065817600, -1.338300807568874300 ) ) ;
#5266 = FACE_OUTER_BOUND ( 'NONE', #1501, .T. ) ;
#5267 = CYLINDRICAL_SURFACE ( 'NONE', #4101, 2.000000000000000000 ) ;
#5268 = CARTESIAN_POINT ( 'NONE',  ( 20.87916666666667000, -0.9999999999999995600, -1.732050807568877400 ) ) ;
#5269 = CARTESIAN_POINT ( 'NONE',  ( -22.01666666666666600, -0.7726683315065825400, 1.338300807568873800 ) ) ;
#5270 = CARTESIAN_POINT ( 'NONE',  ( -24.49583333333333400, 1.000000000000000000, 1.732050807568877000 ) ) ;
#5271 = CARTESIAN_POINT ( 'NONE',  ( 20.58750012630438400, -2.165218069434918600E-006, 1.999999999998828000 ) ) ;
#5272 = VECTOR ( 'NONE', #2546, 1000.000000000000000 ) ;
#5273 = CARTESIAN_POINT ( 'NONE',  ( 22.48333333333333400, 1.000000000000000200, -1.732050807568877200 ) ) ;
#5274 = EDGE_CURVE ( 'NONE', #326, #4406, #5913, .T. ) ;
#5275 = ADVANCED_FACE ( 'NONE', ( #1351 ), #6334, .T. ) ;
#5276 = CARTESIAN_POINT ( 'NONE',  ( 17.50000000000000000, 0.0000000000000000000, 0.0000000000000000000 ) ) ;
#5277 = CARTESIAN_POINT ( 'NONE',  ( 27.26666666666666900, 0.7726683315065814300, 1.338300807568873800 ) ) ;
#5278 = CARTESIAN_POINT ( 'NONE',  ( -17.20416666666667300, 1.545336663013165500, 0.8922005383792490600 ) ) ;
#5279 = CARTESIAN_POINT ( 'NONE',  ( 27.20833333333333200, -1.999999999999999800, -1.154700538379252100 ) ) ;
#5280 = CARTESIAN_POINT ( 'NONE',  ( 25.22499999999999800, 2.905110965495596800E-016, -1.999999999999999600 ) ) ;
#5281 =( BOUNDED_CURVE ( )  B_SPLINE_CURVE ( 2, ( #3621, #6717, #511, #6164, #1563, #4611, #3022, #5141, #2029 ),
 .UNSPECIFIED., .F., .T. ) 
 B_SPLINE_CURVE_WITH_KNOTS ( ( 3, 2, 2, 2, 3 ),
 ( 0.3107614708029853300, 0.3162134376382520500, 0.3271173492809503800, 0.3380212609236487600, 0.3434732167449979800 ),
 .UNSPECIFIED. ) 
 CURVE ( )  GEOMETRIC_REPRESENTATION_ITEM ( )  RATIONAL_B_SPLINE_CURVE ( ( 0.9330127018924927500, 0.9330125665659985100, 1.000000000000000000, 0.8660254037844387100, 1.000000000000000000, 0.8660254037844387100, 1.000000000000000000, 0.9330127018922186300, 0.9330127018922194100 ) ) 
 REPRESENTATION_ITEM ( '' )  );
#5282 = ORIENTED_EDGE ( 'NONE', *, *, #422, .F. ) ;
#5283 = CARTESIAN_POINT ( 'NONE',  ( 18.95780654335481700, -1.366891578759756400, -1.138866195963133700 ) ) ;
#5284 = CARTESIAN_POINT ( 'NONE',  ( 22.33750000000000200, -3.277891600571076600E-016, 1.784401076758497700 ) ) ;
#5285 = CARTESIAN_POINT ( 'NONE',  ( -21.78333333333333500, -0.7726683315065834300, -1.338300807568873400 ) ) ;
#5286 = CARTESIAN_POINT ( 'NONE',  ( -17.69999999999999900, -1.545336663013165700, 1.892491597964125200E-016 ) ) ;
#5287 = ORIENTED_EDGE ( 'NONE', *, *, #2135, .T. ) ;
#5288 = CARTESIAN_POINT ( 'NONE',  ( 19.04166666666666800, -1.545336663013165500, 0.8922005383792481800 ) ) ;
#5289 = CARTESIAN_POINT ( 'NONE',  ( 20.70416666666666900, -2.000000000000000400, 1.154700538379250800 ) ) ;
#5290 = CARTESIAN_POINT ( 'NONE',  ( -19.21666666666666500, -0.7726683315065825400, 1.338300807568873800 ) ) ;
#5291 = CARTESIAN_POINT ( 'NONE',  ( -16.40000000000000200, 0.0000000000000000000, 0.0000000000000000000 ) ) ;
#5292 = CARTESIAN_POINT ( 'NONE',  ( -20.93750000000000400, 1.414100318299875800E-016, 2.309401076758502500 ) ) ;
#5293 = CARTESIAN_POINT ( 'NONE',  ( 17.19368216230119700, 0.2474591172720191100, -1.641530488788070200 ) ) ;
#5294 = CARTESIAN_POINT ( 'NONE',  ( -26.88750000000000300, 1.092630533523692800E-016, 1.784401076758498400 ) ) ;
#5295 = EDGE_LOOP ( 'NONE', ( #5079, #4638, #4026, #809 ) ) ;
#5296 = DIRECTION ( 'NONE',  ( 1.000000000000000000, 0.0000000000000000000, 0.0000000000000000000 ) ) ;
#5297 = PLANE ( 'NONE',  #4380 ) ;
#5298 = EDGE_LOOP ( 'NONE', ( #4304, #6203, #880, #5608 ) ) ;
#5299 = CARTESIAN_POINT ( 'NONE',  ( 22.13333333333333600, -1.000000000000000900, 1.732050807568876700 ) ) ;
#5300 = CARTESIAN_POINT ( 'NONE',  ( 17.84583333333333100, 0.7726683315065827600, -1.338300807568873200 ) ) ;
#5301 = ORIENTED_EDGE ( 'NONE', *, *, #6008, .T. ) ;
#5302 = CARTESIAN_POINT ( 'NONE',  ( -17.02916666666667200, -0.7726683315065825400, 1.338300807568873800 ) ) ;
#5303 = DIRECTION ( 'NONE',  ( 1.000000000000000000, 0.0000000000000000000, 0.0000000000000000000 ) ) ;
#5304 = DIRECTION ( 'NONE',  ( 0.0000000000000000000, 0.0000000000000000000, -1.000000000000000000 ) ) ;
#5305 = EDGE_CURVE ( 'NONE', #5896, #6134, #2092, .T. ) ;
#5306 = CARTESIAN_POINT ( 'NONE',  ( 26.39166666666666600, 1.545336663013165100, -0.8922005383792486200 ) ) ;
#5307 = ORIENTED_EDGE ( 'NONE', *, *, #6637, .F. ) ;
#5308 = CARTESIAN_POINT ( 'NONE',  ( 22.97916666666666400, 0.7726683315065814300, 1.338300807568873800 ) ) ;
#5309 = ADVANCED_FACE ( 'NONE', ( #1762, #4940 ), #2833, .T. ) ;
#5310 = CARTESIAN_POINT ( 'NONE',  ( -21.31666666666666300, -0.7726683315065825400, 1.338300807568873800 ) ) ;
#5311 = CARTESIAN_POINT ( 'NONE',  ( -17.05833333333333700, -1.545336663013165100, 0.8922005383792495100 ) ) ;
#5312 = ORIENTED_EDGE ( 'NONE', *, *, #1428, .F. ) ;
#5313 = CARTESIAN_POINT ( 'NONE',  ( 20.96666666666666900, -0.9999999999999995600, -1.732050807568877400 ) ) ;
#5314 = ORIENTED_EDGE ( 'NONE', *, *, #2553, .F. ) ;
#5315 = EDGE_CURVE ( 'NONE', #4326, #6221, #4600, .T. ) ;
#5316 = CARTESIAN_POINT ( 'NONE',  ( -17.58333333333333200, -0.7726683315065834300, -1.338300807568873400 ) ) ;
#5317 = CARTESIAN_POINT ( 'NONE',  ( 17.46578971905347200, 3.072372537026369700, -2.678494666091038000 ) ) ;
#5318 = CARTESIAN_POINT ( 'NONE',  ( -23.85416666666666800, 1.999999999999999800, 1.154700538379251000 ) ) ;
#5319 = CARTESIAN_POINT ( 'NONE',  ( 24.96250000000000200, -2.000000000000000000, -2.449293598294706400E-016 ) ) ;
#5320 = CARTESIAN_POINT ( 'NONE',  ( -24.55416666666666700, -1.545336663013166400, -0.8922005383792486200 ) ) ;
#5321 = EDGE_LOOP ( 'NONE', ( #4002, #6391, #6443, #2987 ) ) ;
#5322 = CARTESIAN_POINT ( 'NONE',  ( -23.82499999999999900, 2.905110965495596800E-016, 1.999999999999999600 ) ) ;
#5323 =( BOUNDED_CURVE ( )  B_SPLINE_CURVE ( 2, ( #5645, #975, #3541, #2538, #2515, #1994, #6201, #2492, #6154 ),
 .UNSPECIFIED., .F., .T. ) 
 B_SPLINE_CURVE_WITH_KNOTS ( ( 3, 2, 2, 2, 3 ),
 ( 0.2126262770326178300, 0.2180782328539669400, 0.2289821444966652600, 0.2398860561393636200, 0.2453380009467983100 ),
 .UNSPECIFIED. ) 
 CURVE ( )  GEOMETRIC_REPRESENTATION_ITEM ( )  RATIONAL_B_SPLINE_CURVE ( ( 0.9330127018922194100, 0.9330127018922204100, 1.000000000000000000, 0.8660254037844387100, 1.000000000000000000, 0.8660254037844387100, 1.000000000000000000, 0.9330128372184026700, 0.9330127018924927500 ) ) 
 REPRESENTATION_ITEM ( '' )  );
#5324 = CARTESIAN_POINT ( 'NONE',  ( 27.09874131634324400, -0.8421669759298944200, 1.681538449798772000 ) ) ;
#5325 = CARTESIAN_POINT ( 'NONE',  ( -17.37916666666666600, -0.9999999999999993300, 1.732050807568877200 ) ) ;
#5326 = CARTESIAN_POINT ( 'NONE',  ( -20.32499999999999600, 2.905110965495596800E-016, 1.999999999999999600 ) ) ;
#5327 = CARTESIAN_POINT ( 'NONE',  ( 17.10618216224196100, 0.2474591164873963800, -1.641530489241072700 ) ) ;
#5328 = ORIENTED_EDGE ( 'NONE', *, *, #4440, .F. ) ;
#5329 = CARTESIAN_POINT ( 'NONE',  ( -18.13749999999999900, -3.277891600571078100E-016, -1.784401076758498400 ) ) ;
#5330 = CARTESIAN_POINT ( 'NONE',  ( 21.95833333333333200, 1.999999999999999300, 1.154700538379252800 ) ) ;
#5331 = CARTESIAN_POINT ( 'NONE',  ( 26.95960396535415200, -1.236067977499718500, 1.595756897212364400 ) ) ;
#5332 = CARTESIAN_POINT ( 'NONE',  ( 26.50833333333333300, 1.545336663013164600, 0.8922005383792495100 ) ) ;
#5333 = CARTESIAN_POINT ( 'NONE',  ( -16.40000000000000200, 0.0000000000000000000, 0.0000000000000000000 ) ) ;
#5334 = CARTESIAN_POINT ( 'NONE',  ( 18.66249999999999800, 1.545336663013165100, 0.0000000000000000000 ) ) ;
#5335 = CARTESIAN_POINT ( 'NONE',  ( -18.16666666666666400, 0.7726683315065817600, -1.338300807568874300 ) ) ;
#5336 = CARTESIAN_POINT ( 'NONE',  ( -20.26666666666666600, 0.7726683315065817600, -1.338300807568874300 ) ) ;
#5337 = FACE_OUTER_BOUND ( 'NONE', #4828, .T. ) ;
#5338 = CARTESIAN_POINT ( 'NONE',  ( 17.50000000000000000, 0.0000000000000000000, 0.0000000000000000000 ) ) ;
#5339 = CARTESIAN_POINT ( 'NONE',  ( 26.50833333333333600, -1.999999999999999600, -1.154700538379252600 ) ) ;
#5340 = CARTESIAN_POINT ( 'NONE',  ( -19.15833333333333100, -1.545336663013165100, 0.8922005383792495100 ) ) ;
#5341 = CARTESIAN_POINT ( 'NONE',  ( -22.04583333333333400, -1.000000000000000700, -1.732050807568876300 ) ) ;
#5342 = CARTESIAN_POINT ( 'NONE',  ( 25.07916666666666900, -0.9999999999999995600, -1.732050807568877400 ) ) ;
#5343 = CARTESIAN_POINT ( 'NONE',  ( -26.82916666666666900, -0.7726683315065825400, 1.338300807568873800 ) ) ;
#5344 = VECTOR ( 'NONE', #1321, 1000.000000000000000 ) ;
#5345 = CARTESIAN_POINT ( 'NONE',  ( 27.22627041793093700, -1.434774671453449100, 1.007806944752732500 ) ) ;
#5346 = LINE ( 'NONE', #5181, #4453 ) ;
#5347 = CARTESIAN_POINT ( 'NONE',  ( 20.20623926088304100, -0.5358983848622451700, -2.000000000000000000 ) ) ;
#5348 = CARTESIAN_POINT ( 'NONE',  ( -20.20833333333333600, -1.999999999999999300, 1.154700538379251900 ) ) ;
#5349 = CARTESIAN_POINT ( 'NONE',  ( 23.88333333333333300, -0.7726683315065832100, 1.338300807568872900 ) ) ;
#5350 = CIRCLE ( 'NONE', #6170, 4.000000000000000000 ) ;
#5351 = CARTESIAN_POINT ( 'NONE',  ( -17.61250000000000400, -1.545336663013165700, 1.892491597964125200E-016 ) ) ;
#5352 = CARTESIAN_POINT ( 'NONE',  ( 22.25000000000000000, -2.000000000000000000, -2.449293598294706400E-016 ) ) ;
#5353 = CYLINDRICAL_SURFACE ( 'NONE', #1848, 2.000000000000000000 ) ;
#5354 = CARTESIAN_POINT ( 'NONE',  ( 25.92500000000000400, -3.277891600571076600E-016, 1.784401076758497700 ) ) ;
#5355 = FACE_OUTER_BOUND ( 'NONE', #68, .T. ) ;
#5356 = CARTESIAN_POINT ( 'NONE',  ( 17.90416666666666500, 1.545336663013165100, -0.8922005383792486200 ) ) ;
#5357 = EDGE_CURVE ( 'NONE', #322, #6269, #1951, .T. ) ;
#5358 = CARTESIAN_POINT ( 'NONE',  ( -18.80833333333333400, 1.545336663013165100, -0.8922005383792499500 ) ) ;
#5359 = CARTESIAN_POINT ( 'NONE',  ( -27.14273441009183300, 2.309401076758502000, 4.000000000000000000 ) ) ;
#5360 = CARTESIAN_POINT ( 'NONE',  ( 18.83749999999999900, -3.277891600571076600E-016, 1.784401076758497700 ) ) ;
#5361 = CARTESIAN_POINT ( 'NONE',  ( -16.88333333333333300, -0.7726683315065834300, -1.338300807568873400 ) ) ;
#5362 = CARTESIAN_POINT ( 'NONE',  ( -21.40416666666666900, -2.000000000000000000, -1.154700538379250400 ) ) ;
#5363 = ORIENTED_EDGE ( 'NONE', *, *, #4340, .F. ) ;
#5364 = CARTESIAN_POINT ( 'NONE',  ( 26.65416666666666900, 2.000000000000000000, -1.154700538379251200 ) ) ;
#5365 = CARTESIAN_POINT ( 'NONE',  ( -25.95416666666666900, -1.545336663013166400, -0.8922005383792486200 ) ) ;
#5366 = DIRECTION ( 'NONE',  ( 1.000000000000000000, 0.0000000000000000000, 0.0000000000000000000 ) ) ;
#5367 = CARTESIAN_POINT ( 'NONE',  ( -23.06876073911696800, 0.5358983848622455000, 1.999999999999999600 ) ) ;
#5368 =( BOUNDED_CURVE ( )  B_SPLINE_CURVE ( 2, ( #2359, #254, #4969, #4947, #1900, #1812, #1856, #1368, #5507 ),
 .UNSPECIFIED., .F., .T. ) 
 B_SPLINE_CURVE_WITH_KNOTS ( ( 3, 2, 2, 2, 3 ),
 ( 0.4531250000000000000, 0.4583333333333333100, 0.4687500000000000000, 0.4791666666666666900, 0.4843750000000000000 ),
 .UNSPECIFIED. ) 
 CURVE ( )  GEOMETRIC_REPRESENTATION_ITEM ( )  RATIONAL_B_SPLINE_CURVE ( ( 0.9330127018922194100, 0.9330127018922194100, 1.000000000000000000, 0.8660254037844387100, 1.000000000000000000, 0.8660254037844387100, 1.000000000000000000, 0.9330127018922194100, 0.9330127018922194100 ) ) 
 REPRESENTATION_ITEM ( '' )  );
#5369 = B_SPLINE_CURVE_WITH_KNOTS ( 'NONE', 3,
 ( #1245, #4334, #674, #1196, #3356, #5371, #6469, #6490 ),
 .UNSPECIFIED., .F., .F.,
 ( 4, 2, 2, 4 ),
 ( 0.0000000000000000000, 0.0006142454120719703200, 0.0009213681181079554800, 0.001228490824143940600 ),
 .UNSPECIFIED. ) ;
#5370 = ORIENTED_EDGE ( 'NONE', *, *, #6017, .F. ) ;
#5371 = CARTESIAN_POINT ( 'NONE',  ( 27.42966333698654000, -1.547884530724383400, -0.04839655589989063500 ) ) ;
#5372 = CARTESIAN_POINT ( 'NONE',  ( 26.27499999999999900, -8.715332896486790000E-016, 2.000000000000000000 ) ) ;
#5373 = CARTESIAN_POINT ( 'NONE',  ( 25.22499999999999800, -3.277891600571076600E-016, 1.784401076758497700 ) ) ;
#5374 = CARTESIAN_POINT ( 'NONE',  ( -18.54583333333333800, 0.7726683315065830900, 1.338300807568873600 ) ) ;
#5375 = CARTESIAN_POINT ( 'NONE',  ( 24.75833333333332900, 1.999999999999999300, 1.154700538379252800 ) ) ;
#5376 = CARTESIAN_POINT ( 'NONE',  ( 27.35416666666666400, -1.545336663013165500, 0.8922005383792481800 ) ) ;
#5377 = CARTESIAN_POINT ( 'NONE',  ( -27.49999999999999600, 3.464101615137753500, 2.000000000000001300 ) ) ;
#5378 = ORIENTED_EDGE ( 'NONE', *, *, #5927, .F. ) ;
#5379 = CARTESIAN_POINT ( 'NONE',  ( 25.34166666666666500, -1.545336663013165300, 0.8922005383792482900 ) ) ;
#5380 = DIRECTION ( 'NONE',  ( 0.7071067811865466800, 0.0000000000000000000, -0.7071067811865483500 ) ) ;
#5381 = CARTESIAN_POINT ( 'NONE',  ( 20.35416666666666800, -1.545336663013165300, 0.8922005383792482900 ) ) ;
#5382 = CARTESIAN_POINT ( 'NONE',  ( -17.75833333333333300, -1.545336663013165100, 0.8922005383792495100 ) ) ;
#5383 = CARTESIAN_POINT ( 'NONE',  ( -27.36437543400257900, 1.919471526540253800, -0.01243371909535672700 ) ) ;
#5384 = ORIENTED_EDGE ( 'NONE', *, *, #5012, .F. ) ;
#5385 = CARTESIAN_POINT ( 'NONE',  ( -24.96250000000000200, 1.545336663013165700, 0.0000000000000000000 ) ) ;
#5386 = CARTESIAN_POINT ( 'NONE',  ( -27.14273441009183300, 2.309401076758503400, -4.000000000000001800 ) ) ;
#5387 = CARTESIAN_POINT ( 'NONE',  ( 25.66250000000000100, -2.000000000000000000, -2.449293598294706400E-016 ) ) ;
#5388 = CARTESIAN_POINT ( 'NONE',  ( -24.78750000000000100, 1.092630533523692800E-016, 1.784401076758498400 ) ) ;
#5389 = ORIENTED_EDGE ( 'NONE', *, *, #300, .T. ) ;
#5390 = DIRECTION ( 'NONE',  ( -1.000000000000000000, 0.0000000000000000000, 0.0000000000000000000 ) ) ;
#5391 = CARTESIAN_POINT ( 'NONE',  ( 19.18220333698683400, 0.09084422613522663600, 1.997935766379362900 ) ) ;
#5392 = DIRECTION ( 'NONE',  ( 0.0000000000000000000, 0.0000000000000000000, 1.000000000000000000 ) ) ;
#5393 = CARTESIAN_POINT ( 'NONE',  ( 26.15833333333333900, -1.545336663013164600, -0.8922005383792492900 ) ) ;
#5394 = CARTESIAN_POINT ( 'NONE',  ( -26.33333333333333200, -1.000000000000000700, -1.732050807568876300 ) ) ;
#5395 = CARTESIAN_POINT ( 'NONE',  ( 21.84166666666667200, 2.000000000000000000, -1.154700538379251200 ) ) ;
#5396 = VERTEX_POINT ( 'NONE', #1761 ) ;
#5397 = EDGE_CURVE ( 'NONE', #3333, #3610, #4354, .T. ) ;
#5398 = CARTESIAN_POINT ( 'NONE',  ( 18.98333333333333100, -0.7726683315065832100, 1.338300807568872900 ) ) ;
#5399 = PRODUCT_RELATED_PRODUCT_CATEGORY ( 'detail', '', ( #890 ) ) ;
#5400 = ORIENTED_EDGE ( 'NONE', *, *, #869, .F. ) ;
#5401 = CARTESIAN_POINT ( 'NONE',  ( 25.28333333333333100, -0.7726683315065832100, 1.338300807568872900 ) ) ;
#5402 = CARTESIAN_POINT ( 'NONE',  ( -17.00709687542305900, 1.378339278461899300, -1.513616523303891000 ) ) ;
#5403 = CARTESIAN_POINT ( 'NONE',  ( 18.13749999999999900, -3.277891600571076600E-016, 1.784401076758497700 ) ) ;
#5404 = CARTESIAN_POINT ( 'NONE',  ( -16.94166666666666600, -1.545336663013166400, -0.8922005383792486200 ) ) ;
#5405 = CARTESIAN_POINT ( 'NONE',  ( 22.68750012630435400, -2.165217567232416000E-006, 1.999999999998828000 ) ) ;
#5406 = CARTESIAN_POINT ( 'NONE',  ( -27.43159976645814900, 1.913753085410210100, -0.5331966363163969100 ) ) ;
#5407 = VERTEX_POINT ( 'NONE', #294 ) ;
#5408 = EDGE_CURVE ( 'NONE', #649, #3267, #1551, .T. ) ;
#5409 = CARTESIAN_POINT ( 'NONE',  ( -26.30416666666667100, 1.545336663013165500, 0.8922005383792490600 ) ) ;
#5410 =( BOUNDED_CURVE ( )  B_SPLINE_CURVE ( 2, ( #1350, #2864, #4995, #5512, #3964, #5017, #5537, #5951, #2821 ),
 .UNSPECIFIED., .F., .T. ) 
 B_SPLINE_CURVE_WITH_KNOTS ( ( 3, 2, 2, 2, 3 ),
 ( 0.1718750000000000000, 0.1770833333333333400, 0.1875000000000000000, 0.1979166666666666600, 0.2031250000000000000 ),
 .UNSPECIFIED. ) 
 CURVE ( )  GEOMETRIC_REPRESENTATION_ITEM ( )  RATIONAL_B_SPLINE_CURVE ( ( 0.9330127018922194100, 0.9330127018922194100, 1.000000000000000000, 0.8660254037844387100, 1.000000000000000000, 0.8660254037844387100, 1.000000000000000000, 0.9330127018922194100, 0.9330127018922194100 ) ) 
 REPRESENTATION_ITEM ( '' )  );
#5411 = CARTESIAN_POINT ( 'NONE',  ( -18.80833333333333400, -1.999999999999999300, 1.154700538379251900 ) ) ;
#5412 = CARTESIAN_POINT ( 'NONE',  ( 21.22916666666666800, 0.9999999999999985600, 1.732050807568878100 ) ) ;
#5413 = CARTESIAN_POINT ( 'NONE',  ( -23.67916666666666700, 0.7726683315065817600, -1.338300807568874300 ) ) ;
#5414 = FACE_OUTER_BOUND ( 'NONE', #5977, .T. ) ;
#5415 = CARTESIAN_POINT ( 'NONE',  ( -16.40000000000000200, 2.449293598294706400E-016, -2.000000000000000000 ) ) ;
#5416 = CARTESIAN_POINT ( 'NONE',  ( 26.21666666666666500, -0.7726683315065822100, -1.338300807568873400 ) ) ;
#5417 = AXIS2_PLACEMENT_3D ( 'NONE', #5333, #1228, #4902 ) ;
#5418 = CARTESIAN_POINT ( 'NONE',  ( -25.10833333333333100, -1.999999999999999300, 1.154700538379251700 ) ) ;
#5419 = CARTESIAN_POINT ( 'NONE',  ( 24.46666666666666900, -0.9999999999999995600, -1.732050807568877400 ) ) ;
#5420 = CARTESIAN_POINT ( 'NONE',  ( 18.28333333333333100, -0.7726683315065832100, 1.338300807568872900 ) ) ;
#5421 = FACE_OUTER_BOUND ( 'NONE', #820, .T. ) ;
#5422 = CARTESIAN_POINT ( 'NONE',  ( 21.60833333333333400, 1.545336663013164600, 0.8922005383792495100 ) ) ;
#5423 = CARTESIAN_POINT ( 'NONE',  ( -22.65623926088303700, 0.5358983848622441700, -2.000000000000000000 ) ) ;
#5424 = CARTESIAN_POINT ( 'NONE',  ( 19.30416666666666400, 1.545336663013165100, -0.8922005383792486200 ) ) ;
#5425 = CARTESIAN_POINT ( 'NONE',  ( 17.50000000000000000, 0.0000000000000000000, 0.0000000000000000000 ) ) ;
#5426 = CARTESIAN_POINT ( 'NONE',  ( 17.50000000000000000, 0.0000000000000000000, 0.0000000000000000000 ) ) ;
#5427 = CARTESIAN_POINT ( 'NONE',  ( -16.63172308141813000, 1.260336688851691600, -0.8942129683621348200 ) ) ;
#5428 = FACE_OUTER_BOUND ( 'NONE', #1227, .T. ) ;
#5429 = CARTESIAN_POINT ( 'NONE',  ( -24.72916666666667100, -0.7726683315065825400, 1.338300807568873800 ) ) ;
#5430 = CARTESIAN_POINT ( 'NONE',  ( -19.36250000000000400, -1.999999999999999600, 2.449293598294705900E-016 ) ) ;
#5431 = CARTESIAN_POINT ( 'NONE',  ( 24.61250000000000100, 2.000000000000000000, 0.0000000000000000000 ) ) ;
#5432 = CARTESIAN_POINT ( 'NONE',  ( -23.56250000000000400, 1.545336663013165700, 0.0000000000000000000 ) ) ;
#5433 = LINE ( 'NONE', #3850, #6087 ) ;
#5434 = CARTESIAN_POINT ( 'NONE',  ( 26.65416666666666500, -1.545336663013165500, 0.8922005383792481800 ) ) ;
#5435 = LINE ( 'NONE', #765, #1773 ) ;
#5436 = CARTESIAN_POINT ( 'NONE',  ( 26.42083333333333800, -1.999999999999999600, -1.154700538379252600 ) ) ;
#5437 = CARTESIAN_POINT ( 'NONE',  ( 26.45000000000000300, 1.545336663013165100, 0.0000000000000000000 ) ) ;
#5438 = LINE ( 'NONE', #2119, #3393 ) ;
#5439 = CARTESIAN_POINT ( 'NONE',  ( -24.69999999999999900, 1.999999999999999600, 0.0000000000000000000 ) ) ;
#5440 = CARTESIAN_POINT ( 'NONE',  ( 22.01666666666666600, -0.7726683315065822100, -1.338300807568873400 ) ) ;
#5441 = CARTESIAN_POINT ( 'NONE',  ( -20.20623926088304100, -0.5358983848622449500, 1.999999999999999600 ) ) ;
#5442 = CARTESIAN_POINT ( 'NONE',  ( -23.59166666666666900, -2.000000000000000000, -1.154700538379250600 ) ) ;
#5443 = CARTESIAN_POINT ( 'NONE',  ( 27.64583333333333200, 0.7726683315065827600, -1.338300807568873200 ) ) ;
#5444 = EDGE_CURVE ( 'NONE', #398, #4714, #4438, .T. ) ;
#5445 = CARTESIAN_POINT ( 'NONE',  ( 23.70623926088304100, -0.5358983848622346200, -2.000000000000006700 ) ) ;
#5446 = VERTEX_POINT ( 'NONE', #1367 ) ;
#5447 = CARTESIAN_POINT ( 'NONE',  ( 19.07083333333333300, -1.545336663013164400, -0.8922005383792492900 ) ) ;
#5448 = CARTESIAN_POINT ( 'NONE',  ( -24.37916666666667000, 0.7726683315065817600, -1.338300807568874300 ) ) ;
#5449 = CARTESIAN_POINT ( 'NONE',  ( 22.45416666666667300, 2.000000000000000000, -1.154700538379251200 ) ) ;
#5450 = CARTESIAN_POINT ( 'NONE',  ( 23.15416666666667200, 2.000000000000000000, -1.154700538379251200 ) ) ;
#5451 = CARTESIAN_POINT ( 'NONE',  ( -21.17083333333333800, -1.545336663013165300, 0.8922005383792495100 ) ) ;
#5452 = CARTESIAN_POINT ( 'NONE',  ( 24.20416666666666900, -2.000000000000000400, 1.154700538379250800 ) ) ;
#5453 = VERTEX_POINT ( 'NONE', #2878 ) ;
#5454 = DATE_TIME_ROLE ( 'creation_date' ) ;
#5455 = AXIS2_PLACEMENT_3D ( 'NONE', #1115, #5812, #5765 ) ;
#5456 = CARTESIAN_POINT ( 'NONE',  ( 26.85833333333333100, -1.545336663013164400, -0.8922005383792492900 ) ) ;
#5457 = CARTESIAN_POINT ( 'NONE',  ( 19.59373926088303700, -0.5358983848622451700, -2.000000000000000000 ) ) ;
#5458 = CARTESIAN_POINT ( 'NONE',  ( -16.40000000000000200, 0.0000000000000000000, 2.000000000000000000 ) ) ;
#5459 = CARTESIAN_POINT ( 'NONE',  ( 21.84166666666666900, -1.545336663013165300, 0.8922005383792482900 ) ) ;
#5460 = ORIENTED_EDGE ( 'NONE', *, *, #1793, .T. ) ;
#5461 = CARTESIAN_POINT ( 'NONE',  ( -24.40833333333333100, -1.999999999999999300, 1.154700538379251700 ) ) ;
#5462 = CARTESIAN_POINT ( 'NONE',  ( 22.94999999999999900, 1.545336663013165100, 0.0000000000000000000 ) ) ;
#5463 = EDGE_LOOP ( 'NONE', ( #2282, #1303, #24, #1484 ) ) ;
#5464 = CARTESIAN_POINT ( 'NONE',  ( 18.72753999999999400, 1.511048216899482300, -0.3237262551254618800 ) ) ;
#5465 = CARTESIAN_POINT ( 'NONE',  ( -23.00833333333333300, -1.999999999999999300, 1.154700538379251900 ) ) ;
#5466 = CARTESIAN_POINT ( 'NONE',  ( -16.40000000000000200, 1.631137673396236800, -1.157320133077927700 ) ) ;
#5467 = ORIENTED_EDGE ( 'NONE', *, *, #2509, .T. ) ;
#5468 = CARTESIAN_POINT ( 'NONE',  ( -23.97083333333333500, -1.545336663013165100, 0.8922005383792495100 ) ) ;
#5469 = CARTESIAN_POINT ( 'NONE',  ( -26.09999999999999800, -1.545336663013165700, 1.892491597964125200E-016 ) ) ;
#5470 = CARTESIAN_POINT ( 'NONE',  ( 24.26250000000000300, -2.000000000000000000, -2.449293598294706400E-016 ) ) ;
#5471 = CARTESIAN_POINT ( 'NONE',  ( -22.39583333333333600, -0.7726683315065834300, -1.338300807568873400 ) ) ;
#5472 = CARTESIAN_POINT ( 'NONE',  ( 17.50000000000000000, 0.0000000000000000000, 0.0000000000000000000 ) ) ;
#5473 = VERTEX_POINT ( 'NONE', #2009 ) ;
#5474 = CARTESIAN_POINT ( 'NONE',  ( -20.47083333333333500, 1.999999999999998700, -1.154700538379252100 ) ) ;
#5475 = AXIS2_PLACEMENT_3D ( 'NONE', #556, #3165, #3673 ) ;
#5476 = CARTESIAN_POINT ( 'NONE',  ( 25.83749999999999900, -1.684964359987446100E-014, -1.999999999999999600 ) ) ;
#5477 = ORIENTED_EDGE ( 'NONE', *, *, #954, .F. ) ;
#5478 = DIRECTION ( 'NONE',  ( 1.000000000000000000, 0.0000000000000000000, -0.0000000000000000000 ) ) ;
#5479 = DIRECTION ( 'NONE',  ( -1.000000000000000000, -0.0000000000000000000, -0.0000000000000000000 ) ) ;
#5480 = CARTESIAN_POINT ( 'NONE',  ( 22.36666666666666700, 0.7726683315065814300, 1.338300807568873800 ) ) ;
#5481 = ORIENTED_EDGE ( 'NONE', *, *, #6637, .T. ) ;
#5482 = CARTESIAN_POINT ( 'NONE',  ( -21.31666666666666600, 0.9999999999999983300, -1.732050807568877900 ) ) ;
#5483 = EDGE_CURVE ( 'NONE', #5968, #3020, #5043, .T. ) ;
#5484 = CARTESIAN_POINT ( 'NONE',  ( -27.36137060471157100, -0.2361128022640298100, 1.912170604713316700 ) ) ;
#5485 = CARTESIAN_POINT ( 'NONE',  ( 22.59999999999999800, -1.545336663013165100, -1.892491597964124500E-016 ) ) ;
#5486 = ORIENTED_EDGE ( 'NONE', *, *, #4800, .T. ) ;
#5487 = CARTESIAN_POINT ( 'NONE',  ( 18.73989157513264200, 1.144883400436886600, 1.064226842697940200 ) ) ;
#5488 =( BOUNDED_CURVE ( )  B_SPLINE_CURVE ( 2, ( #3191, #67, #3045, #6762, #2011, #3055, #3495, #6127, #6270 ),
 .UNSPECIFIED., .F., .T. ) 
 B_SPLINE_CURVE_WITH_KNOTS ( ( 3, 2, 2, 2, 3 ),
 ( 0.1093750000000000000, 0.1145833333333333300, 0.1250000000000000000, 0.1354166666666666600, 0.1406250000000000000 ),
 .UNSPECIFIED. ) 
 CURVE ( )  GEOMETRIC_REPRESENTATION_ITEM ( )  RATIONAL_B_SPLINE_CURVE ( ( 0.9330127018922194100, 0.9330127018922194100, 1.000000000000000000, 0.8660254037844387100, 1.000000000000000000, 0.8660254037844387100, 1.000000000000000000, 0.9330127018922194100, 0.9330127018922194100 ) ) 
 REPRESENTATION_ITEM ( '' )  );
#5489 = CARTESIAN_POINT ( 'NONE',  ( -22.77499999999999500, -8.715332896486790000E-016, -1.999999999999999600 ) ) ;
#5490 = CARTESIAN_POINT ( 'NONE',  ( -19.94373926088303200, 0.5358983848622441700, -2.000000000000000000 ) ) ;
#5491 = CARTESIAN_POINT ( 'NONE',  ( -24.05623926088303900, 0.5358983848622441700, -2.000000000000000000 ) ) ;
#5492 = EDGE_CURVE ( 'NONE', #3682, #5132, #2493, .T. ) ;
#5493 = CARTESIAN_POINT ( 'NONE',  ( -20.41250000000000500, -1.545336663013165700, 1.892491597964125200E-016 ) ) ;
#5494 = CARTESIAN_POINT ( 'NONE',  ( -26.45000000000000300, 1.545336663013165700, 0.0000000000000000000 ) ) ;
#5495 = CARTESIAN_POINT ( 'NONE',  ( 22.10416666666666800, -2.000000000000000400, 1.154700538379250600 ) ) ;
#5496 = CARTESIAN_POINT ( 'NONE',  ( -21.40416666666666900, 1.545336663013165700, 0.8922005383792489500 ) ) ;
#5497 = CARTESIAN_POINT ( 'NONE',  ( 24.05833333333333400, 1.999999999999999300, 1.154700538379252600 ) ) ;
#5498 = CARTESIAN_POINT ( 'NONE',  ( -19.18750000000000400, -4.242300954899626700E-016, -2.309401076758502500 ) ) ;
#5499 = CARTESIAN_POINT ( 'NONE',  ( 26.68333333333333400, -0.7726683315065832100, 1.338300807568872900 ) ) ;
#5500 = DIRECTION ( 'NONE',  ( -1.000000000000000000, -0.0000000000000000000, -0.0000000000000000000 ) ) ;
#5501 = CARTESIAN_POINT ( 'NONE',  ( -21.14166666666666600, 1.999999999999999600, 1.154700538379251000 ) ) ;
#5502 = CARTESIAN_POINT ( 'NONE',  ( 20.15000000000000200, 1.545336663013165100, 0.0000000000000000000 ) ) ;
#5503 = CYLINDRICAL_SURFACE ( 'NONE', #6314, 2.000000000000000000 ) ;
#5504 = CARTESIAN_POINT ( 'NONE',  ( -20.55833333333333400, 1.999999999999998700, -1.154700538379252100 ) ) ;
#5505 = CARTESIAN_POINT ( 'NONE',  ( -27.29486024338337600, -1.621835940937262200, 0.8888665088672843600 ) ) ;
#5506 = LINE ( 'NONE', #5864, #137 ) ;
#5507 = CARTESIAN_POINT ( 'NONE',  ( -22.07499999999999900, -8.715332896486790000E-016, -1.999999999999999600 ) ) ;
#5508 = CARTESIAN_POINT ( 'NONE',  ( -17.29166666666666800, -2.000000000000000000, -1.154700538379250600 ) ) ;
#5509 = CARTESIAN_POINT ( 'NONE',  ( -20.70416666666666900, -2.000000000000000000, -1.154700538379250600 ) ) ;
#5510 = CARTESIAN_POINT ( 'NONE',  ( -26.50833333333333600, -1.999999999999999300, 1.154700538379251900 ) ) ;
#5511 = CARTESIAN_POINT ( 'NONE',  ( -22.07499999999999900, -8.715332896486790000E-016, -1.999999999999999600 ) ) ;
#5512 = CARTESIAN_POINT ( 'NONE',  ( -26.07083333333334000, 1.999999999999998700, -1.154700538379252600 ) ) ;
#5513 = CARTESIAN_POINT ( 'NONE',  ( -23.97083333333333500, 1.999999999999998700, -1.154700538379252600 ) ) ;
#5514 = CIRCLE ( 'NONE', #4399, 4.000000000000000000 ) ;
#5515 = FACE_OUTER_BOUND ( 'NONE', #885, .T. ) ;
#5516 = CARTESIAN_POINT ( 'NONE',  ( -22.51250000000000300, -1.545336663013165700, 1.892491597964125200E-016 ) ) ;
#5517 = CARTESIAN_POINT ( 'NONE',  ( 20.06250000000000400, -2.000000000000000000, -2.449293598294706400E-016 ) ) ;
#5518 = CARTESIAN_POINT ( 'NONE',  ( -18.02083333333333600, 1.545336663013165300, -0.8922005383792500600 ) ) ;
#5519 = CARTESIAN_POINT ( 'NONE',  ( 18.72499999999999800, 1.889380995094290100E-016, 1.542796663013164900 ) ) ;
#5520 = CARTESIAN_POINT ( 'NONE',  ( 18.63333333333333600, -1.000000000000000900, 1.732050807568876700 ) ) ;
#5521 = CARTESIAN_POINT ( 'NONE',  ( 23.67916666666666700, 0.7726683315065814300, 1.338300807568873800 ) ) ;
#5522 = CARTESIAN_POINT ( 'NONE',  ( -17.20416666666667300, -2.000000000000000000, -1.154700538379250400 ) ) ;
#5523 = CARTESIAN_POINT ( 'NONE',  ( 25.39999999999999900, -1.545336663013165100, -1.892491597964124500E-016 ) ) ;
#5524 = ORIENTED_EDGE ( 'NONE', *, *, #5846, .T. ) ;
#5525 = EDGE_CURVE ( 'NONE', #3162, #429, #2962, .T. ) ;
#5526 = CARTESIAN_POINT ( 'NONE',  ( 23.82499999999999900, 2.905110965495596800E-016, -1.999999999999999600 ) ) ;
#5527 = CARTESIAN_POINT ( 'NONE',  ( 21.25833333333333300, -1.545336663013164600, -0.8922005383792492900 ) ) ;
#5528 = APPROVAL ( #5985, 'UNSPECIFIED' ) ;
#5529 = CARTESIAN_POINT ( 'NONE',  ( -20.50000000000000000, 1.999999999999999600, 0.0000000000000000000 ) ) ;
#5530 = CARTESIAN_POINT ( 'NONE',  ( 27.17660595427813800, 0.8586449199626915400, -1.584156225060056900 ) ) ;
#5531 = ORIENTED_EDGE ( 'NONE', *, *, #859, .F. ) ;
#5532 = CARTESIAN_POINT ( 'NONE',  ( -16.40000000000000200, 0.0000000000000000000, 2.000000000000000000 ) ) ;
#5533 = CARTESIAN_POINT ( 'NONE',  ( 27.70416666666666200, 1.545336663013165100, -0.8922005383792486200 ) ) ;
#5534 = EDGE_CURVE ( 'NONE', #86, #2943, #4268, .T. ) ;
#5535 = CARTESIAN_POINT ( 'NONE',  ( 23.38750012630434600, -2.165217451913196700E-006, 1.999999999998828300 ) ) ;
#5536 = CARTESIAN_POINT ( 'NONE',  ( -18.83749999999999900, 2.905110965495596800E-016, 1.999999999999999600 ) ) ;
#5537 = CARTESIAN_POINT ( 'NONE',  ( -25.89583333333333600, 1.000000000000000000, 1.732050807568877000 ) ) ;
#5538 = ORIENTED_EDGE ( 'NONE', *, *, #6712, .F. ) ;
#5539 = CARTESIAN_POINT ( 'NONE',  ( -21.17083333333333800, -1.545336663013165100, 0.8922005383792495100 ) ) ;
#5540 = CARTESIAN_POINT ( 'NONE',  ( -26.82916666666666900, 0.9999999999999983300, -1.732050807568877900 ) ) ;
#5541 = CARTESIAN_POINT ( 'NONE',  ( 17.67083333333333800, 1.999999999999999300, 1.154700538379252800 ) ) ;
#5542 = CARTESIAN_POINT ( 'NONE',  ( -17.20416666666666900, 1.545336663013165700, 0.8922005383792489500 ) ) ;
#5543 = CARTESIAN_POINT ( 'NONE',  ( 20.55833333333333400, 1.999999999999999300, 1.154700538379252800 ) ) ;
#5544 = CARTESIAN_POINT ( 'NONE',  ( 24.72916666666666800, -0.7726683315065822100, -1.338300807568873400 ) ) ;
#5545 = CARTESIAN_POINT ( 'NONE',  ( -20.29583333333333400, 1.000000000000000000, 1.732050807568877000 ) ) ;
#5546 = ORIENTED_EDGE ( 'NONE', *, *, #5887, .T. ) ;
#5547 = CARTESIAN_POINT ( 'NONE',  ( 23.35833333333333400, -1.545336663013164400, -0.8922005383792492900 ) ) ;
#5548 = B_SPLINE_CURVE_WITH_KNOTS ( 'NONE', 3,
 ( #3705, #586, #2679, #6343, #1089, #4740 ),
 .UNSPECIFIED., .F., .F.,
 ( 4, 2, 4 ),
 ( 0.002336974151641550400, 0.003500975885716444100, 0.004664977619791338800 ),
 .UNSPECIFIED. ) ;
#5549 = CARTESIAN_POINT ( 'NONE',  ( -23.47499999999999800, -8.715332896486790000E-016, -1.999999999999999600 ) ) ;
#5550 = CARTESIAN_POINT ( 'NONE',  ( 20.61666666666666400, -0.7726683315065822100, -1.338300807568873400 ) ) ;
#5551 = CARTESIAN_POINT ( 'NONE',  ( -21.37500000000000000, -4.242300954899626700E-016, -2.309401076758502500 ) ) ;
#5552 = ORIENTED_EDGE ( 'NONE', *, *, #4574, .F. ) ;
#5553 = CARTESIAN_POINT ( 'NONE',  ( 27.28591057672359500, 1.503554517311248300, 0.7778774884953336700 ) ) ;
#5554 = CARTESIAN_POINT ( 'NONE',  ( -21.22916666666666800, 0.9999999999999983300, -1.732050807568877900 ) ) ;
#5555 = CARTESIAN_POINT ( 'NONE',  ( 23.85416666666666400, -1.545336663013165300, 0.8922005383792482900 ) ) ;
#5556 = ORIENTED_EDGE ( 'NONE', *, *, #4123, .T. ) ;
#5557 = CARTESIAN_POINT ( 'NONE',  ( -26.62500000000000000, 2.905110965495596800E-016, 1.999999999999999600 ) ) ;
#5558 = CARTESIAN_POINT ( 'NONE',  ( -27.23749999999999700, 2.905110965495596800E-016, 1.999999999999999600 ) ) ;
#5559 = CARTESIAN_POINT ( 'NONE',  ( -17.43750000000000000, 2.905110965495596800E-016, 1.999999999999999600 ) ) ;
#5560 = B_SPLINE_CURVE_WITH_KNOTS ( 'NONE', 3,
 ( #1125, #3797, #1152, #2786 ),
 .UNSPECIFIED., .F., .F.,
 ( 4, 4 ),
 ( 2.380737581629048300E-007, 0.002336974151641546500 ),
 .UNSPECIFIED. ) ;
#5561 = ORIENTED_EDGE ( 'NONE', *, *, #6764, .F. ) ;
#5562 = CARTESIAN_POINT ( 'NONE',  ( -22.22083333333333500, 1.545336663013165100, -0.8922005383792499500 ) ) ;
#5563 = CARTESIAN_POINT ( 'NONE',  ( -22.01666666666666600, -0.7726683315065825400, 1.338300807568873800 ) ) ;
#5564 = CARTESIAN_POINT ( 'NONE',  ( 18.60416666666666800, -2.000000000000000400, 1.154700538379250600 ) ) ;
#5565 = CARTESIAN_POINT ( 'NONE',  ( -20.23750000000000100, -3.277891600571078100E-016, -1.784401076758498400 ) ) ;
#5566 = CARTESIAN_POINT ( 'NONE',  ( 21.19999999999999900, 2.000000000000000000, 0.0000000000000000000 ) ) ;
#5567 = CARTESIAN_POINT ( 'NONE',  ( 22.27916666666666500, 0.7726683315065814300, 1.338300807568873800 ) ) ;
#5568 = CARTESIAN_POINT ( 'NONE',  ( -19.24583333333333700, -1.000000000000000700, -1.732050807568876300 ) ) ;
#5569 = AXIS2_PLACEMENT_3D ( 'NONE', #740, #5390, #6374 ) ;
#5570 = ORIENTED_EDGE ( 'NONE', *, *, #2938, .F. ) ;
#5571 = CARTESIAN_POINT ( 'NONE',  ( 24.05833333333333400, -1.545336663013164400, -0.8922005383792492900 ) ) ;
#5572 = CARTESIAN_POINT ( 'NONE',  ( -23.41666666666666800, 0.9999999999999983300, -1.732050807568877900 ) ) ;
#5573 = CARTESIAN_POINT ( 'NONE',  ( -16.40000000000000200, 2.449293598294706400E-016, -2.000000000000000000 ) ) ;
#5574 = CARTESIAN_POINT ( 'NONE',  ( 27.07080413599697300, -1.611815144569989100, -1.030966190319702900 ) ) ;
#5575 = CARTESIAN_POINT ( 'NONE',  ( -23.65000000000000200, -1.999999999999999600, 2.449293598294705900E-016 ) ) ;
#5576 = ORIENTED_EDGE ( 'NONE', *, *, #2005, .F. ) ;
#5577 = EDGE_CURVE ( 'NONE', #3736, #6125, #6630, .T. ) ;
#5578 =( BOUNDED_CURVE ( )  B_SPLINE_CURVE ( 2, ( #4596, #5622, #1968, #6659, #6080, #5037, #3007, #6107, #1923 ),
 .UNSPECIFIED., .F., .T. ) 
 B_SPLINE_CURVE_WITH_KNOTS ( ( 3, 2, 2, 2, 3 ),
 ( 0.8593750000000000000, 0.8645833333333333700, 0.8750000000000000000, 0.8854166666666666300, 0.8906250000000000000 ),
 .UNSPECIFIED. ) 
 CURVE ( )  GEOMETRIC_REPRESENTATION_ITEM ( )  RATIONAL_B_SPLINE_CURVE ( ( 0.9330127018922194100, 0.9330127018922194100, 1.000000000000000000, 0.8660254037844387100, 1.000000000000000000, 0.8660254037844387100, 1.000000000000000000, 0.9330127018922194100, 0.9330127018922194100 ) ) 
 REPRESENTATION_ITEM ( '' )  );
#5579 = CYLINDRICAL_SURFACE ( 'NONE', #1157, 2.000000000000000000 ) ;
#5580 = CARTESIAN_POINT ( 'NONE',  ( -22.04373926088303600, 0.5358983848622441700, -2.000000000000000000 ) ) ;
#5581 = CARTESIAN_POINT ( 'NONE',  ( 23.62083333333333000, 1.545336663013164600, 0.8922005383792495100 ) ) ;
#5582 = CARTESIAN_POINT ( 'NONE',  ( 19.05970154641017100, 0.9194844320530257700, 1.641949686710173900 ) ) ;
#5583 = CARTESIAN_POINT ( 'NONE',  ( 26.18750012630437900, -2.165217881046205200E-006, 1.999999999998828000 ) ) ;
#5584 = CIRCLE ( 'NONE', #2981, 2.000000000000000000 ) ;
#5585 = CARTESIAN_POINT ( 'NONE',  ( -23.03750000000000100, -3.277891600571078100E-016, -1.784401076758498400 ) ) ;
#5586 = CARTESIAN_POINT ( 'NONE',  ( 18.66250000000000100, -2.000000000000000000, -2.449293598294706400E-016 ) ) ;
#5587 = CARTESIAN_POINT ( 'NONE',  ( -19.94583333333333600, 0.7726683315065830900, 1.338300807568873600 ) ) ;
#5588 = CARTESIAN_POINT ( 'NONE',  ( 18.57500000000000300, -4.242300954899627700E-016, 2.309401076758502900 ) ) ;
#5589 = ADVANCED_FACE ( 'NONE', ( #447 ), #292, .F. ) ;
#5590 = CARTESIAN_POINT ( 'NONE',  ( 23.32916666666666600, -0.7726683315065822100, -1.338300807568873400 ) ) ;
#5591 = CARTESIAN_POINT ( 'NONE',  ( -25.63333333333333300, 0.7726683315065830900, 1.338300807568873600 ) ) ;
#5592 = FACE_OUTER_BOUND ( 'NONE', #253, .T. ) ;
#5593 = CARTESIAN_POINT ( 'NONE',  ( 25.16666666666666800, 0.7726683315065814300, 1.338300807568873800 ) ) ;
#5594 = CARTESIAN_POINT ( 'NONE',  ( -26.68333333333333400, -0.7726683315065834300, -1.338300807568873400 ) ) ;
#5595 = CARTESIAN_POINT ( 'NONE',  ( 27.09237337114997500, -1.226015187301436900, -1.440924129236733600 ) ) ;
#5596 = CYLINDRICAL_SURFACE ( 'NONE', #5670, 2.000000000000000000 ) ;
#5597 = CARTESIAN_POINT ( 'NONE',  ( -17.93333333333333700, -1.000000000000000700, -1.732050807568876300 ) ) ;
#5598 = FACE_OUTER_BOUND ( 'NONE', #739, .T. ) ;
#5599 = CARTESIAN_POINT ( 'NONE',  ( -25.31250000000000000, 1.999999999999999600, 0.0000000000000000000 ) ) ;
#5600 = CARTESIAN_POINT ( 'NONE',  ( -21.89999999999999900, 1.999999999999999600, 0.0000000000000000000 ) ) ;
#5601 = CARTESIAN_POINT ( 'NONE',  ( 25.31249999999999600, -1.545336663013165100, -1.892491597964124500E-016 ) ) ;
#5602 = CARTESIAN_POINT ( 'NONE',  ( 24.29166666666666800, 1.545336663013165100, -0.8922005383792486200 ) ) ;
#5603 = CARTESIAN_POINT ( 'NONE',  ( -27.49999999999999600, 0.0000000000000000000, 0.0000000000000000000 ) ) ;
#5604 = CARTESIAN_POINT ( 'NONE',  ( -19.42083333333333400, 1.545336663013165100, -0.8922005383792499500 ) ) ;
#5605 = CARTESIAN_POINT ( 'NONE',  ( 20.76250000000000300, -2.000000000000000000, -2.449293598294706400E-016 ) ) ;
#5606 = CARTESIAN_POINT ( 'NONE',  ( -17.55416666666667100, -1.545336663013166400, -0.8922005383792486200 ) ) ;
#5607 = CARTESIAN_POINT ( 'NONE',  ( 19.04166666666666800, 2.000000000000000000, -1.154700538379251200 ) ) ;
#5608 = ORIENTED_EDGE ( 'NONE', *, *, #1836, .F. ) ;
#5609 = CARTESIAN_POINT ( 'NONE',  ( 21.81250000000000000, -1.545336663013165100, -1.892491597964124500E-016 ) ) ;
#5610 = CARTESIAN_POINT ( 'NONE',  ( -16.98172415493342400, 1.631137673396183500, -1.157320133078001400 ) ) ;
#5611 = CARTESIAN_POINT ( 'NONE',  ( 25.80833333333333400, 1.545336663013164400, 0.8922005383792495100 ) ) ;
#5612 =( BOUNDED_CURVE ( )  B_SPLINE_CURVE ( 2, ( #4623, #6110, #2969, #913, #427, #1993, #3564, #6641, #6131 ),
 .UNSPECIFIED., .F., .T. ) 
 B_SPLINE_CURVE_WITH_KNOTS ( ( 3, 2, 2, 2, 3 ),
 ( 0.2656250000000000000, 0.2708333333333333100, 0.2812500000000000000, 0.2916666666666666900, 0.2968750000000000000 ),
 .UNSPECIFIED. ) 
 CURVE ( )  GEOMETRIC_REPRESENTATION_ITEM ( )  RATIONAL_B_SPLINE_CURVE ( ( 0.9330127018922194100, 0.9330127018922194100, 1.000000000000000000, 0.8660254037844387100, 1.000000000000000000, 0.8660254037844387100, 1.000000000000000000, 0.9330127018922194100, 0.9330127018922194100 ) ) 
 REPRESENTATION_ITEM ( '' )  );
#5613 = CARTESIAN_POINT ( 'NONE',  ( 17.58333333333333200, -0.7726683315065832100, 1.338300807568872900 ) ) ;
#5614 = EDGE_CURVE ( 'NONE', #5896, #3000, #5829, .T. ) ;
#5615 = CARTESIAN_POINT ( 'NONE',  ( -25.05000000000000100, 1.545336663013165700, 0.0000000000000000000 ) ) ;
#5616 = DIRECTION ( 'NONE',  ( 0.0000000000000000000, 0.0000000000000000000, 1.000000000000000000 ) ) ;
#5617 = CARTESIAN_POINT ( 'NONE',  ( -19.24373926088303200, 0.5358983848622441700, -2.000000000000000000 ) ) ;
#5618 = ORIENTED_EDGE ( 'NONE', *, *, #4928, .T. ) ;
#5619 = CARTESIAN_POINT ( 'NONE',  ( -18.92500000000000100, 1.414100318299875800E-016, 2.309401076758502500 ) ) ;
#5620 = ADVANCED_FACE ( 'NONE', ( #4269 ), #131, .F. ) ;
#5621 = ORIENTED_EDGE ( 'NONE', *, *, #212, .F. ) ;
#5622 = CARTESIAN_POINT ( 'NONE',  ( -17.84373926088303700, 0.5358983848622441700, -2.000000000000000000 ) ) ;
#5623 = CARTESIAN_POINT ( 'NONE',  ( 24.55416666666666700, -1.545336663013165300, 0.8922005383792482900 ) ) ;
#5624 = EDGE_CURVE ( 'NONE', #6129, #429, #2769, .T. ) ;
#5625 = CARTESIAN_POINT ( 'NONE',  ( -24.75623926088303500, 0.5358983848622441700, -2.000000000000000000 ) ) ;
#5626 = VERTEX_POINT ( 'NONE', #2533 ) ;
#5627 = CARTESIAN_POINT ( 'NONE',  ( -19.53750000000000100, -3.277891600571078100E-016, -1.784401076758498400 ) ) ;
#5628 = CARTESIAN_POINT ( 'NONE',  ( -24.90416666666666900, 1.545336663013165500, 0.8922005383792490600 ) ) ;
#5629 = CARTESIAN_POINT ( 'NONE',  ( 26.12916666666666600, -0.7726683315065822100, -1.338300807568873400 ) ) ;
#5630 = CARTESIAN_POINT ( 'NONE',  ( 21.52083333333333200, 1.545336663013164400, 0.8922005383792495100 ) ) ;
#5631 = CARTESIAN_POINT ( 'NONE',  ( -27.73333333333333100, 0.7726683315065830900, 1.338300807568873600 ) ) ;
#5632 = CARTESIAN_POINT ( 'NONE',  ( 21.60833333333333400, 1.545336663013164400, 0.8922005383792495100 ) ) ;
#5633 = ORIENTED_EDGE ( 'NONE', *, *, #6411, .F. ) ;
#5634 = CARTESIAN_POINT ( 'NONE',  ( 21.19999999999999900, -1.545336663013165100, -1.892491597964124500E-016 ) ) ;
#5635 = CARTESIAN_POINT ( 'NONE',  ( -26.62500000000000000, -3.277891600571078100E-016, -1.784401076758498400 ) ) ;
#5636 = CARTESIAN_POINT ( 'NONE',  ( -25.48750000000000100, -8.715332896486790000E-016, -1.999999999999999600 ) ) ;
#5637 = CARTESIAN_POINT ( 'NONE',  ( -18.98333333333333100, 1.000000000000000000, 1.732050807568877000 ) ) ;
#5638 = ORIENTED_EDGE ( 'NONE', *, *, #2986, .F. ) ;
#5639 = CARTESIAN_POINT ( 'NONE',  ( -18.75000000000000400, -1.999999999999999600, 2.449293598294705900E-016 ) ) ;
#5640 = ORIENTED_EDGE ( 'NONE', *, *, #5012, .T. ) ;
#5641 = CARTESIAN_POINT ( 'NONE',  ( -25.42916666666667100, 0.9999999999999983300, -1.732050807568877900 ) ) ;
#5642 = ORIENTED_EDGE ( 'NONE', *, *, #2373, .T. ) ;
#5643 = CARTESIAN_POINT ( 'NONE',  ( -19.45000000000000300, -1.999999999999999600, 2.449293598294705900E-016 ) ) ;
#5644 = CARTESIAN_POINT ( 'NONE',  ( 20.00416666666666300, 1.545336663013165100, -0.8922005383792486200 ) ) ;
#5645 = CARTESIAN_POINT ( 'NONE',  ( 25.83749999999999900, -1.684964359987446400E-014, -1.999999999999999600 ) ) ;
#5646 = B_SPLINE_CURVE_WITH_KNOTS ( 'NONE', 3,
 ( #4712, #278, #5487, #255, #3414, #6567, #6544, #3962, #6520, #3389 ),
 .UNSPECIFIED., .F., .F.,
 ( 4, 2, 2, 2, 4 ),
 ( 0.0000000000000000000, 0.0003898910271437011400, 0.0007797820542874024000, 0.001169673081431103800, 0.001559564108574805200 ),
 .UNSPECIFIED. ) ;
#5647 = EDGE_LOOP ( 'NONE', ( #6132, #768, #6613 ) ) ;
#5648 = CARTESIAN_POINT ( 'NONE',  ( -18.95416666666666600, -1.545336663013166200, -0.8922005383792486200 ) ) ;
#5649 = CARTESIAN_POINT ( 'NONE',  ( -26.53750000000000100, -3.277891600571078100E-016, -1.784401076758498400 ) ) ;
#5650 = CARTESIAN_POINT ( 'NONE',  ( -27.00626073911696800, -0.5358983848622453900, -1.999999999999999600 ) ) ;
#5651 = CARTESIAN_POINT ( 'NONE',  ( 25.95416666666666900, -1.545336663013165300, 0.8922005383792482900 ) ) ;
#5652 = PERSON_AND_ORGANIZATION ( #976, #115 ) ;
#5653 = ADVANCED_FACE ( 'NONE', ( #4609 ), #5254, .T. ) ;
#5654 = EDGE_CURVE ( 'NONE', #3736, #6768, #5665, .T. ) ;
#5655 = CARTESIAN_POINT ( 'NONE',  ( -26.27500000000000200, 1.092630533523692700E-016, 1.784401076758498400 ) ) ;
#5656 = PRODUCT_DEFINITION_FORMATION_WITH_SPECIFIED_SOURCE ( 'ANY', '', #890, .NOT_KNOWN. ) ;
#5657 = CARTESIAN_POINT ( 'NONE',  ( 20.50000000000000000, -1.545336663013165100, -1.892491597964124500E-016 ) ) ;
#5658 = CARTESIAN_POINT ( 'NONE',  ( 19.97499999999999800, 1.092630533523692200E-016, -1.784401076758497700 ) ) ;
#5659 = CARTESIAN_POINT ( 'NONE',  ( -24.35000000000000100, 1.545336663013165700, 0.0000000000000000000 ) ) ;
#5660 =( BOUNDED_CURVE ( )  B_SPLINE_CURVE ( 2, ( #4829, #2677, #583, #2705, #1181, #629, #4267, #5805, #3171 ),
 .UNSPECIFIED., .F., .T. ) 
 B_SPLINE_CURVE_WITH_KNOTS ( ( 3, 2, 2, 2, 3 ),
 ( 0.6718750000000000000, 0.6770833333333333700, 0.6875000000000000000, 0.6979166666666666300, 0.7031250000000000000 ),
 .UNSPECIFIED. ) 
 CURVE ( )  GEOMETRIC_REPRESENTATION_ITEM ( )  RATIONAL_B_SPLINE_CURVE ( ( 0.9330127018922194100, 0.9330127018922194100, 1.000000000000000000, 0.8660254037844387100, 1.000000000000000000, 0.8660254037844387100, 1.000000000000000000, 0.9330127018922194100, 0.9330127018922194100 ) ) 
 REPRESENTATION_ITEM ( '' )  );
#5661 = CARTESIAN_POINT ( 'NONE',  ( 26.98867893953431400, -1.660079673376697200, 1.106891156959930500 ) ) ;
#5662 = CYLINDRICAL_SURFACE ( 'NONE', #677, 2.000000000000000000 ) ;
#5663 = CARTESIAN_POINT ( 'NONE',  ( -17.11666666666666700, 0.9999999999999983300, -1.732050807568877900 ) ) ;
#5664 = EDGE_CURVE ( 'NONE', #2615, #5940, #5992, .T. ) ;
#5665 = LINE ( 'NONE', #6310, #3036 ) ;
#5666 = CARTESIAN_POINT ( 'NONE',  ( 21.34583333333333100, 0.7726683315065827600, -1.338300807568873200 ) ) ;
#5667 = CARTESIAN_POINT ( 'NONE',  ( -27.14856924647457600, 7.785697387528201300E-015, -1.699369246474581800 ) ) ;
#5668 = CARTESIAN_POINT ( 'NONE',  ( -22.22083333333333500, -1.999999999999999300, 1.154700538379251900 ) ) ;
#5669 = CARTESIAN_POINT ( 'NONE',  ( 21.92916666666667100, 0.9999999999999985600, 1.732050807568878100 ) ) ;
#5670 = AXIS2_PLACEMENT_3D ( 'NONE', #5760, #1579, #5222 ) ;
#5671 = CARTESIAN_POINT ( 'NONE',  ( -17.08750000000000200, 1.092630533523692700E-016, 1.784401076758498400 ) ) ;
#5672 = CARTESIAN_POINT ( 'NONE',  ( 19.33333333333333600, 0.7726683315065827600, -1.338300807568873200 ) ) ;
#5673 = CARTESIAN_POINT ( 'NONE',  ( -26.97499999999999800, 5.229199737892075000E-016, -1.999999999999999600 ) ) ;
#5674 = CARTESIAN_POINT ( 'NONE',  ( 17.29166666666666800, -2.000000000000000400, 1.154700538379250600 ) ) ;
#5675 = CARTESIAN_POINT ( 'NONE',  ( -25.34166666666666500, -1.545336663013166400, -0.8922005383792486200 ) ) ;
#5676 = CARTESIAN_POINT ( 'NONE',  ( -25.05000000000000100, 1.545336663013165700, 0.0000000000000000000 ) ) ;
#5677 = CARTESIAN_POINT ( 'NONE',  ( 22.48333333333333400, -0.7726683315065832100, 1.338300807568872900 ) ) ;
#5678 = CARTESIAN_POINT ( 'NONE',  ( 20.32499999999999600, -3.277891600571076600E-016, 1.784401076758497700 ) ) ;
#5679 = CARTESIAN_POINT ( 'NONE',  ( -20.90833333333333100, 1.545336663013165100, -0.8922005383792499500 ) ) ;
#5680 = CARTESIAN_POINT ( 'NONE',  ( -18.80623926088303600, -0.5358983848622449500, 1.999999999999999600 ) ) ;
#5681 = CARTESIAN_POINT ( 'NONE',  ( -27.93750000000000000, 1.414100318299875800E-016, 2.309401076758502500 ) ) ;
#5682 = AXIS2_PLACEMENT_3D ( 'NONE', #3034, #3499, #4031 ) ;
#5683 = CARTESIAN_POINT ( 'NONE',  ( -17.99166666666666700, -2.000000000000000000, -1.154700538379250400 ) ) ;
#5684 = CARTESIAN_POINT ( 'NONE',  ( 19.07411537461910800, 1.348170323839900300, -1.340078383548940700 ) ) ;
#5685 = VERTEX_POINT ( 'NONE', #3119 ) ;
#5686 = ADVANCED_FACE ( 'NONE', ( #4518 ), #2650, .T. ) ;
#5687 = CARTESIAN_POINT ( 'NONE',  ( 22.27916666666666500, 0.7726683315065814300, 1.338300807568873800 ) ) ;
#5688 = CARTESIAN_POINT ( 'NONE',  ( -22.45416666666667300, -1.545336663013166200, -0.8922005383792486200 ) ) ;
#5689 = DIRECTION ( 'NONE',  ( 0.0000000000000000000, 0.5786562978252295400, 0.8155715106520085000 ) ) ;
#5690 = DIRECTION ( 'NONE',  ( 0.0000000000000000000, 0.0000000000000000000, -1.000000000000000000 ) ) ;
#5691 = ORIENTED_EDGE ( 'NONE', *, *, #5614, .F. ) ;
#5692 = DIRECTION ( 'NONE',  ( 0.0000000000000000000, 0.0000000000000000000, -1.000000000000000000 ) ) ;
#5693 = CARTESIAN_POINT ( 'NONE',  ( -27.06250000000000400, 1.545336663013165700, 0.0000000000000000000 ) ) ;
#5694 =( BOUNDED_CURVE ( )  B_SPLINE_CURVE ( 2, ( #4703, #6283, #2625, #572, #532, #1097, #2666, #4255, #4794 ),
 .UNSPECIFIED., .F., .T. ) 
 B_SPLINE_CURVE_WITH_KNOTS ( ( 3, 2, 2, 2, 3 ),
 ( 0.6093750000000000000, 0.6145833333333333700, 0.6250000000000000000, 0.6354166666666666300, 0.6406250000000000000 ),
 .UNSPECIFIED. ) 
 CURVE ( )  GEOMETRIC_REPRESENTATION_ITEM ( )  RATIONAL_B_SPLINE_CURVE ( ( 0.9330127018922194100, 0.9330127018922194100, 1.000000000000000000, 0.8660254037844387100, 1.000000000000000000, 0.8660254037844387100, 1.000000000000000000, 0.9330127018922194100, 0.9330127018922194100 ) ) 
 REPRESENTATION_ITEM ( '' )  );
#5695 = CARTESIAN_POINT ( 'NONE',  ( -16.39999999999999900, 1.389732596173439700, -1.425967351828787000 ) ) ;
#5696 = CARTESIAN_POINT ( 'NONE',  ( 25.60416666666666400, 1.545336663013165100, -0.8922005383792486200 ) ) ;
#5697 = CARTESIAN_POINT ( 'NONE',  ( -23.70833333333333200, 1.545336663013165300, -0.8922005383792500600 ) ) ;
#5698 = CARTESIAN_POINT ( 'NONE',  ( -22.48333333333333400, -0.7726683315065834300, -1.338300807568873400 ) ) ;
#5699 = ORIENTED_EDGE ( 'NONE', *, *, #2343, .T. ) ;
#5700 = CARTESIAN_POINT ( 'NONE',  ( 20.26666666666666600, 0.7726683315065814300, 1.338300807568873800 ) ) ;
#5701 = CARTESIAN_POINT ( 'NONE',  ( 18.16666666666666400, 0.7726683315065814300, 1.338300807568873800 ) ) ;
#5702 = EDGE_CURVE ( 'NONE', #2128, #5965, #6729, .T. ) ;
#5703 = CARTESIAN_POINT ( 'NONE',  ( -22.25000000000000000, 1.545336663013165700, 0.0000000000000000000 ) ) ;
#5704 = CARTESIAN_POINT ( 'NONE',  ( -18.77916666666666900, -0.9999999999999993300, 1.732050807568877200 ) ) ;
#5705 = CARTESIAN_POINT ( 'NONE',  ( -26.65416666666666900, 1.999999999999999800, 1.154700538379251000 ) ) ;
#5706 = ORIENTED_EDGE ( 'NONE', *, *, #4830, .F. ) ;
#5707 = CARTESIAN_POINT ( 'NONE',  ( -16.41666666666666800, 0.9999999999999983300, -1.732050807568877900 ) ) ;
#5708 = ORIENTED_EDGE ( 'NONE', *, *, #5152, .F. ) ;
#5709 = CARTESIAN_POINT ( 'NONE',  ( -17.17500000000000100, -8.715332896486790000E-016, -1.999999999999999600 ) ) ;
#5710 = CARTESIAN_POINT ( 'NONE',  ( -21.49166666666666400, -2.000000000000000000, -1.154700538379250600 ) ) ;
#5711 = CARTESIAN_POINT ( 'NONE',  ( 22.33750000000000200, -3.277891600571076600E-016, 1.784401076758497700 ) ) ;
#5712 = ORIENTED_EDGE ( 'NONE', *, *, #6592, .T. ) ;
#5713 = CARTESIAN_POINT ( 'NONE',  ( -21.34583333333333500, 0.7726683315065830900, 1.338300807568873600 ) ) ;
#5714 = DIRECTION ( 'NONE',  ( -1.000000000000000000, -0.0000000000000000000, -0.0000000000000000000 ) ) ;
#5715 = ORIENTED_EDGE ( 'NONE', *, *, #3692, .F. ) ;
#5716 = CARTESIAN_POINT ( 'NONE',  ( -25.77916666666666900, 0.7726683315065817600, -1.338300807568874300 ) ) ;
#5717 = CARTESIAN_POINT ( 'NONE',  ( 26.77083333333333600, -1.545336663013164600, -0.8922005383792492900 ) ) ;
#5718 = CARTESIAN_POINT ( 'NONE',  ( -23.35833333333333400, -1.545336663013165300, 0.8922005383792495100 ) ) ;
#5719 = CARTESIAN_POINT ( 'NONE',  ( -23.47500000000000100, 1.092630533523692700E-016, 1.784401076758498400 ) ) ;
#5720 = ORIENTED_EDGE ( 'NONE', *, *, #638, .T. ) ;
#5721 = AXIS2_PLACEMENT_3D ( 'NONE', #3868, #1292, #2875 ) ;
#5722 = CARTESIAN_POINT ( 'NONE',  ( 20.38333333333333300, -0.7726683315065832100, 1.338300807568872900 ) ) ;
#5723 = CARTESIAN_POINT ( 'NONE',  ( -21.72500000000000100, -3.277891600571078100E-016, -1.784401076758498400 ) ) ;
#5724 = CARTESIAN_POINT ( 'NONE',  ( 20.58750012630438400, -2.165218069434918200E-006, 1.999999999998828300 ) ) ;
#5725 = CARTESIAN_POINT ( 'NONE',  ( -24.72916666666667100, 0.9999999999999983300, -1.732050807568877900 ) ) ;
#5726 = CARTESIAN_POINT ( 'NONE',  ( -19.18750000000000000, -8.715332896486790000E-016, -1.999999999999999600 ) ) ;
#5727 = ORIENTED_EDGE ( 'NONE', *, *, #6712, .T. ) ;
#5728 = DIRECTION ( 'NONE',  ( -1.000000000000000000, 0.0000000000000000000, 0.0000000000000000000 ) ) ;
#5729 = CARTESIAN_POINT ( 'NONE',  ( -20.35416666666667100, 1.999999999999999600, 1.154700538379251000 ) ) ;
#5730 = CARTESIAN_POINT ( 'NONE',  ( 22.57083333333333300, -1.545336663013164600, -0.8922005383792492900 ) ) ;
#5731 = AXIS2_PLACEMENT_3D ( 'NONE', #1570, #2099, #4730 ) ;
#5732 = EDGE_LOOP ( 'NONE', ( #509, #3845, #498, #5774 ) ) ;
#5733 = CARTESIAN_POINT ( 'NONE',  ( -21.46250000000000200, 1.545336663013165700, 0.0000000000000000000 ) ) ;
#5734 = CARTESIAN_POINT ( 'NONE',  ( 25.69166666666667000, -2.000000000000000400, 1.154700538379250600 ) ) ;
#5735 = DIRECTION ( 'NONE',  ( -1.000000000000000000, -0.0000000000000000000, -0.0000000000000000000 ) ) ;
#5736 = B_SPLINE_CURVE_WITH_KNOTS ( 'NONE', 3,
 ( #2395, #5031, #396, #2961, #4494, #6632 ),
 .UNSPECIFIED., .F., .F.,
 ( 4, 2, 4 ),
 ( 0.002336974151641549500, 0.003500975885716442800, 0.004664977619791337000 ),
 .UNSPECIFIED. ) ;
#5737 = DIRECTION ( 'NONE',  ( -1.000000000000000000, 0.0000000000000000000, 0.0000000000000000000 ) ) ;
#5738 = DIRECTION ( 'NONE',  ( -1.000000000000000000, -0.0000000000000000000, -0.0000000000000000000 ) ) ;
#5739 = CARTESIAN_POINT ( 'NONE',  ( 22.92083333333333100, 1.545336663013164600, 0.8922005383792495100 ) ) ;
#5740 = EDGE_CURVE ( 'NONE', #3610, #2678, #3900, .T. ) ;
#5741 =( BOUNDED_CURVE ( )  B_SPLINE_CURVE ( 2, ( #3210, #3719, #105, #4215, #4235, #1080, #1124, #3140, #1151 ),
 .UNSPECIFIED., .F., .T. ) 
 B_SPLINE_CURVE_WITH_KNOTS ( ( 3, 2, 2, 2, 3 ),
 ( 0.5397436263135679800, 0.5451955821349173700, 0.5560994937776156900, 0.5670034054203140200, 0.5724553502277524000 ),
 .UNSPECIFIED. ) 
 CURVE ( )  GEOMETRIC_REPRESENTATION_ITEM ( )  RATIONAL_B_SPLINE_CURVE ( ( 0.9330127018922193000, 0.9330127018922178600, 1.000000000000000000, 0.8660254037844387100, 1.000000000000000000, 0.8660254037844387100, 1.000000000000000000, 0.9330128372183573700, 0.9330127018924927500 ) ) 
 REPRESENTATION_ITEM ( '' )  );
#5742 = CARTESIAN_POINT ( 'NONE',  ( -23.12500000000000000, -3.277891600571078100E-016, -1.784401076758498400 ) ) ;
#5743 = CARTESIAN_POINT ( 'NONE',  ( -21.37500000000000000, 1.092630533523692700E-016, 1.784401076758498400 ) ) ;
#5744 = LINE ( 'NONE', #6642, #5189 ) ;
#5745 = CARTESIAN_POINT ( 'NONE',  ( 18.75000000000000000, 1.545336663013165100, 0.0000000000000000000 ) ) ;
#5746 = CARTESIAN_POINT ( 'NONE',  ( -18.48750000000000400, -8.715332896486790000E-016, -1.999999999999999600 ) ) ;
#5747 = CARTESIAN_POINT ( 'NONE',  ( -21.31666666666666300, -0.7726683315065825400, 1.338300807568873800 ) ) ;
#5748 = CARTESIAN_POINT ( 'NONE',  ( -27.49999999999999600, 0.0000000000000000000, 0.0000000000000000000 ) ) ;
#5749 = CARTESIAN_POINT ( 'NONE',  ( -27.76250000000000300, -1.999999999999999600, 2.449293598294705900E-016 ) ) ;
#5750 = CARTESIAN_POINT ( 'NONE',  ( -16.40000000000000200, 0.0000000000000000000, 0.0000000000000000000 ) ) ;
#5751 = EDGE_CURVE ( 'NONE', #996, #4086, #3053, .T. ) ;
#5752 = CARTESIAN_POINT ( 'NONE',  ( 21.60623926088304000, -0.5358983848622451700, -2.000000000000000000 ) ) ;
#5753 = CARTESIAN_POINT ( 'NONE',  ( -23.21250000000000600, 1.999999999999999600, 0.0000000000000000000 ) ) ;
#5754 = ADVANCED_FACE ( 'NONE', ( #5421 ), #1432, .F. ) ;
#5755 = CARTESIAN_POINT ( 'NONE',  ( -21.43333333333333400, -1.000000000000000700, -1.732050807568876300 ) ) ;
#5756 = CARTESIAN_POINT ( 'NONE',  ( 17.96249999999999900, 1.545336663013165100, 0.0000000000000000000 ) ) ;
#5757 = CARTESIAN_POINT ( 'NONE',  ( -20.76250000000000300, 1.545336663013165700, 0.0000000000000000000 ) ) ;
#5758 = CARTESIAN_POINT ( 'NONE',  ( 25.34166666666666500, 2.000000000000000000, -1.154700538379251200 ) ) ;
#5759 = CARTESIAN_POINT ( 'NONE',  ( -18.42916666666667100, 0.9999999999999983300, -1.732050807568877900 ) ) ;
#5760 = CARTESIAN_POINT ( 'NONE',  ( -16.40000000000000200, 0.0000000000000000000, 0.0000000000000000000 ) ) ;
#5761 = CARTESIAN_POINT ( 'NONE',  ( 23.38749999999999900, 1.092630533523692200E-016, -1.784401076758497700 ) ) ;
#5762 = CARTESIAN_POINT ( 'NONE',  ( -19.91666666666666400, -0.7726683315065825400, 1.338300807568873800 ) ) ;
#5763 = CARTESIAN_POINT ( 'NONE',  ( -21.84166666666666900, -1.545336663013166200, -0.8922005383792486200 ) ) ;
#5764 = CARTESIAN_POINT ( 'NONE',  ( 20.99373926088303600, -0.5358983848622451700, -2.000000000000000000 ) ) ;
#5765 = DIRECTION ( 'NONE',  ( 0.0000000000000000000, 0.0000000000000000000, 1.000000000000000000 ) ) ;
#5766 = CARTESIAN_POINT ( 'NONE',  ( -20.44166666666666600, -1.545336663013166200, -0.8922005383792486200 ) ) ;
#5767 = PRODUCT_DEFINITION_SHAPE ( 'NONE', 'NONE',  #2852 ) ;
#5768 = DIRECTION ( 'NONE',  ( 0.0000000000000000000, 0.0000000000000000000, 1.000000000000000000 ) ) ;
#5769 = CARTESIAN_POINT ( 'NONE',  ( -26.71250000000000200, 1.999999999999999600, 0.0000000000000000000 ) ) ;
#5770 = VERTEX_POINT ( 'NONE', #604 ) ;
#5771 = AXIS2_PLACEMENT_3D ( 'NONE', #1082, #5253, #5797 ) ;
#5772 = CARTESIAN_POINT ( 'NONE',  ( -18.89583333333333600, 1.000000000000000000, 1.732050807568877000 ) ) ;
#5773 = CARTESIAN_POINT ( 'NONE',  ( -23.38750000000000300, -8.715332896486790000E-016, -1.999999999999999600 ) ) ;
#5774 = ORIENTED_EDGE ( 'NONE', *, *, #3288, .F. ) ;
#5775 = CARTESIAN_POINT ( 'NONE',  ( 21.05626073911696500, 0.5358983848622456100, -1.999999999999999600 ) ) ;
#5776 = CARTESIAN_POINT ( 'NONE',  ( 18.48749999999999700, 1.092630533523692200E-016, -1.784401076758497700 ) ) ;
#5777 = CARTESIAN_POINT ( 'NONE',  ( -18.42916666666667100, -0.7726683315065825400, 1.338300807568873800 ) ) ;
#5778 = CARTESIAN_POINT ( 'NONE',  ( 24.99166666666666400, -2.000000000000000400, 1.154700538379250600 ) ) ;
#5779 = CARTESIAN_POINT ( 'NONE',  ( 21.02499999999999900, 2.905110965495596800E-016, -1.999999999999999600 ) ) ;
#5780 =( BOUNDED_CURVE ( )  B_SPLINE_CURVE ( 2, ( #4604, #4097, #481, #5135, #1511, #2042, #2021, #5650, #5673 ),
 .UNSPECIFIED., .F., .F. ) 
 B_SPLINE_CURVE_WITH_KNOTS ( ( 3, 2, 2, 2, 3 ),
 ( 0.01562500000000000000, 0.02083333333333333200, 0.03125000000000000000, 0.04166666666666666400, 0.04687500000000000700 ),
 .UNSPECIFIED. ) 
 CURVE ( )  GEOMETRIC_REPRESENTATION_ITEM ( )  RATIONAL_B_SPLINE_CURVE ( ( 0.9330127018922194100, 0.9330127018922194100, 1.000000000000000000, 0.8660254037844387100, 1.000000000000000000, 0.8660254037844387100, 1.000000000000000000, 0.9330127018922191900, 0.9330127018922193000 ) ) 
 REPRESENTATION_ITEM ( '' )  );
#5781 = EDGE_LOOP ( 'NONE', ( #248, #5089, #1150, #1290 ) ) ;
#5782 = CARTESIAN_POINT ( 'NONE',  ( 18.83644829677889000, -0.8754861461013059300, 1.421652908871766000 ) ) ;
#5783 = CARTESIAN_POINT ( 'NONE',  ( 23.56250000000000000, 1.545336663013165100, 0.0000000000000000000 ) ) ;
#5784 = ADVANCED_FACE ( 'NONE', ( #1264 ), #853, .T. ) ;
#5785 = CARTESIAN_POINT ( 'NONE',  ( -18.75000000000000000, 1.545336663013165700, 0.0000000000000000000 ) ) ;
#5786 = CARTESIAN_POINT ( 'NONE',  ( -20.90833333333333100, 1.545336663013165100, -0.8922005383792499500 ) ) ;
#5787 = CARTESIAN_POINT ( 'NONE',  ( 20.67499999999999700, -8.715332896486790000E-016, 2.000000000000000000 ) ) ;
#5788 = ORIENTED_EDGE ( 'NONE', *, *, #69, .F. ) ;
#5789 = CARTESIAN_POINT ( 'NONE',  ( 26.39166666666666600, -2.000000000000000400, 1.154700538379250800 ) ) ;
#5790 = EDGE_CURVE ( 'NONE', #3862, #911, #6398, .T. ) ;
#5791 = CARTESIAN_POINT ( 'NONE',  ( -27.76250000000000300, 1.545336663013165700, 0.0000000000000000000 ) ) ;
#5792 = CARTESIAN_POINT ( 'NONE',  ( 17.34132451847150900, 2.687817229851476900, -3.344563996438206100 ) ) ;
#5793 = CARTESIAN_POINT ( 'NONE',  ( -22.51250000000000300, 1.999999999999999600, 0.0000000000000000000 ) ) ;
#5794 = CARTESIAN_POINT ( 'NONE',  ( -16.39459638626160000, 1.378347664086926500, -1.513611681861024300 ) ) ;
#5795 = ORIENTED_EDGE ( 'NONE', *, *, #290, .F. ) ;
#5796 = CARTESIAN_POINT ( 'NONE',  ( 23.76666666666666600, -0.9999999999999995600, -1.732050807568877400 ) ) ;
#5797 = DIRECTION ( 'NONE',  ( 0.0000000000000000000, 0.0000000000000000000, 1.000000000000000000 ) ) ;
#5798 = ORIENTED_EDGE ( 'NONE', *, *, #4707, .F. ) ;
#5799 = CARTESIAN_POINT ( 'NONE',  ( 17.50000000000000000, 0.0000000000000000000, -4.000000000000000000 ) ) ;
#5800 = CARTESIAN_POINT ( 'NONE',  ( 27.61666666666666700, -0.7726683315065822100, -1.338300807568873400 ) ) ;
#5801 = AXIS2_PLACEMENT_3D ( 'NONE', #3989, #6228, #2542 ) ;
#5802 = CARTESIAN_POINT ( 'NONE',  ( -17.14583333333333600, 0.7726683315065830900, 1.338300807568873600 ) ) ;
#5803 = CARTESIAN_POINT ( 'NONE',  ( -24.46876073911696300, 0.5358983848622455000, 1.999999999999999600 ) ) ;
#5804 = VERTEX_POINT ( 'NONE', #3282 ) ;
#5805 = CARTESIAN_POINT ( 'NONE',  ( 19.65626073911696300, 0.5358983848622456100, -1.999999999999999600 ) ) ;
#5806 = ORIENTED_EDGE ( 'NONE', *, *, #1825, .F. ) ;
#5807 = CARTESIAN_POINT ( 'NONE',  ( -18.31250000000000400, 1.999999999999999600, 0.0000000000000000000 ) ) ;
#5808 = CARTESIAN_POINT ( 'NONE',  ( 26.56876073911696800, 0.5358983848622485000, -1.999999999999998700 ) ) ;
#5809 = CARTESIAN_POINT ( 'NONE',  ( 22.22083333333333100, 1.545336663013164600, 0.8922005383792495100 ) ) ;
#5810 = CARTESIAN_POINT ( 'NONE',  ( -19.85833333333333400, -1.545336663013165300, 0.8922005383792495100 ) ) ;
#5811 = CARTESIAN_POINT ( 'NONE',  ( -19.27499999999999900, 1.092630533523692700E-016, 1.784401076758498400 ) ) ;
#5812 = DIRECTION ( 'NONE',  ( -1.000000000000000000, -0.0000000000000000000, -0.0000000000000000000 ) ) ;
#5813 = CARTESIAN_POINT ( 'NONE',  ( -18.69166666666667000, 1.545336663013165500, 0.8922005383792490600 ) ) ;
#5814 = CARTESIAN_POINT ( 'NONE',  ( -16.41666666666666800, 0.9999999999999983300, -1.732050807568877900 ) ) ;
#5815 = CARTESIAN_POINT ( 'NONE',  ( -24.37916666666666600, -0.9999999999999993300, 1.732050807568877200 ) ) ;
#5816 = COORDINATED_UNIVERSAL_TIME_OFFSET ( 6, 0, .BEHIND. ) ;
#5817 = CARTESIAN_POINT ( 'NONE',  ( 27.52916666666666900, 0.9999999999999985600, 1.732050807568878100 ) ) ;
#5818 = CARTESIAN_POINT ( 'NONE',  ( -24.96250000000000200, 1.545336663013165700, 0.0000000000000000000 ) ) ;
#5819 =( BOUNDED_CURVE ( )  B_SPLINE_CURVE ( 2, ( #623, #3259, #3817, #4261, #646, #4306, #154, #2265, #1683 ),
 .UNSPECIFIED., .F., .T. ) 
 B_SPLINE_CURVE_WITH_KNOTS ( ( 3, 2, 2, 2, 3 ),
 ( 0.9531250000000000000, 0.9583333333333333700, 0.9687500000000000000, 0.9791666666666666300, 0.9843750000000000000 ),
 .UNSPECIFIED. ) 
 CURVE ( )  GEOMETRIC_REPRESENTATION_ITEM ( )  RATIONAL_B_SPLINE_CURVE ( ( 0.9330127018922194100, 0.9330127018922194100, 1.000000000000000000, 0.8660254037844387100, 1.000000000000000000, 0.8660254037844387100, 1.000000000000000000, 0.9330127018922194100, 0.9330127018922194100 ) ) 
 REPRESENTATION_ITEM ( '' )  );
#5820 = CARTESIAN_POINT ( 'NONE',  ( 21.63749999999999900, 2.324088772396477700E-016, -1.999999999999999600 ) ) ;
#5821 = CARTESIAN_POINT ( 'NONE',  ( 27.20653033810810900, -1.373868607075229700, 1.120896289533695600 ) ) ;
#5822 = ADVANCED_FACE ( 'NONE', ( #4601 ), #5297, .T. ) ;
#5823 = CARTESIAN_POINT ( 'NONE',  ( -27.49999999999999600, -2.309401076758503400, -4.000000000000001800 ) ) ;
#5824 = CARTESIAN_POINT ( 'NONE',  ( -22.42500000000000100, 2.905110965495596800E-016, 1.999999999999999600 ) ) ;
#5825 = CARTESIAN_POINT ( 'NONE',  ( 17.37916666666666600, 0.7726683315065814300, 1.338300807568873800 ) ) ;
#5826 = AXIS2_PLACEMENT_3D ( 'NONE', #6467, #786, #2896 ) ;
#5827 = CARTESIAN_POINT ( 'NONE',  ( -16.97083333333333900, -1.545336663013165100, 0.8922005383792495100 ) ) ;
#5828 = CARTESIAN_POINT ( 'NONE',  ( 25.16666666666666800, -0.9999999999999995600, -1.732050807568877400 ) ) ;
#5829 = CIRCLE ( 'NONE', #1458, 1.542796663013164900 ) ;
#5830 = CARTESIAN_POINT ( 'NONE',  ( 24.87500000000000000, 1.092630533523692200E-016, -1.784401076758497700 ) ) ;
#5831 = CARTESIAN_POINT ( 'NONE',  ( -25.39999999999999900, 1.999999999999999600, 0.0000000000000000000 ) ) ;
#5832 = CARTESIAN_POINT ( 'NONE',  ( 22.27916666666666500, 0.7726683315065814300, 1.338300807568873800 ) ) ;
#5833 = EDGE_CURVE ( 'NONE', #429, #3410, #5819, .T. ) ;
#5834 = CARTESIAN_POINT ( 'NONE',  ( -20.09166666666666500, 1.545336663013165700, 0.8922005383792489500 ) ) ;
#5835 = CARTESIAN_POINT ( 'NONE',  ( -20.15000000000000200, 1.545336663013165700, 0.0000000000000000000 ) ) ;
#5836 = LINE ( 'NONE', #3637, #3470 ) ;
#5837 = DIRECTION ( 'NONE',  ( 0.0000000000000000000, 0.0000000000000000000, -1.000000000000000000 ) ) ;
#5838 = VECTOR ( 'NONE', #1940, 1000.000000000000000 ) ;
#5839 = CARTESIAN_POINT ( 'NONE',  ( -17.11666666666666700, -0.7726683315065825400, 1.338300807568873800 ) ) ;
#5840 = CARTESIAN_POINT ( 'NONE',  ( -17.08749999999999900, -8.715332896486790000E-016, -1.999999999999999600 ) ) ;
#5841 = CARTESIAN_POINT ( 'NONE',  ( -21.98749999999999700, -4.242300954899626700E-016, -2.309401076758502500 ) ) ;
#5842 = CARTESIAN_POINT ( 'NONE',  ( 25.13750000000000600, 1.414100318299875800E-016, -2.309401076758502900 ) ) ;
#5843 = CARTESIAN_POINT ( 'NONE',  ( -25.31250000000000000, -1.545336663013165700, 1.892491597964125200E-016 ) ) ;
#5844 = VECTOR ( 'NONE', #2418, 1000.000000000000200 ) ;
#5845 = CARTESIAN_POINT ( 'NONE',  ( 21.28750012630440500, -2.165218343277530500E-006, 1.999999999998828000 ) ) ;
#5846 = EDGE_CURVE ( 'NONE', #2443, #6643, #5560, .T. ) ;
#5847 = CARTESIAN_POINT ( 'NONE',  ( 27.04695899892439600, -0.5069320189192773100, 1.877829207363523400 ) ) ;
#5848 = CARTESIAN_POINT ( 'NONE',  ( 19.88750012630438500, -2.165218023508107400E-006, 1.999999999998828000 ) ) ;
#5849 = CARTESIAN_POINT ( 'NONE',  ( 17.90416666666666500, 1.545336663013165100, -0.8922005383792486200 ) ) ;
#5850 = CARTESIAN_POINT ( 'NONE',  ( -17.49583333333333700, -0.7726683315065834300, -1.338300807568873400 ) ) ;
#5851 = CARTESIAN_POINT ( 'NONE',  ( 21.72500000000000100, 1.414100318299875800E-016, -2.309401076758502900 ) ) ;
#5852 = CARTESIAN_POINT ( 'NONE',  ( 24.90626073911697000, -0.5358983848622460600, 1.999999999999999600 ) ) ;
#5853 = ORIENTED_EDGE ( 'NONE', *, *, #1700, .T. ) ;
#5854 = AXIS2_PLACEMENT_3D ( 'NONE', #3379, #5478, #6581 ) ;
#5855 = CARTESIAN_POINT ( 'NONE',  ( 27.38333333333333300, -0.7726683315065832100, 1.338300807568872900 ) ) ;
#5856 = CARTESIAN_POINT ( 'NONE',  ( -22.45626073911696400, 0.5358983848622455000, 1.999999999999999600 ) ) ;
#5857 = CARTESIAN_POINT ( 'NONE',  ( -25.45833333333333200, 1.999999999999998700, -1.154700538379252600 ) ) ;
#5858 = CARTESIAN_POINT ( 'NONE',  ( 18.60416666666666400, 1.545336663013165100, -0.8922005383792486200 ) ) ;
#5859 = CARTESIAN_POINT ( 'NONE',  ( -20.03333333333333500, 0.7726683315065830900, 1.338300807568873600 ) ) ;
#5860 = CARTESIAN_POINT ( 'NONE',  ( -19.09999999999999800, -1.545336663013165700, 1.892491597964125200E-016 ) ) ;
#5861 = ORIENTED_EDGE ( 'NONE', *, *, #2259, .T. ) ;
#5862 = DIRECTION ( 'NONE',  ( 1.000000000000000000, 0.0000000000000000000, 0.0000000000000000000 ) ) ;
#5863 = CARTESIAN_POINT ( 'NONE',  ( -18.16666666666666400, 0.7726683315065817600, -1.338300807568874300 ) ) ;
#5864 = CARTESIAN_POINT ( 'NONE',  ( 17.50000000000000000, 2.449293598294706400E-016, 2.000000000000000000 ) ) ;
#5865 = CARTESIAN_POINT ( 'NONE',  ( -22.10416666666666800, -2.000000000000000000, -1.154700538379250400 ) ) ;
#5866 = CARTESIAN_POINT ( 'NONE',  ( 25.02083333333333600, -1.999999999999999800, -1.154700538379252100 ) ) ;
#5867 = CARTESIAN_POINT ( 'NONE',  ( 17.46630721582938900, -0.7791221421060319200, -4.000000000000002700 ) ) ;
#5868 = ORIENTED_EDGE ( 'NONE', *, *, #3905, .T. ) ;
#5869 =( NAMED_UNIT ( * ) PLANE_ANGLE_UNIT ( ) SI_UNIT ( $, .RADIAN. ) );
#5870 = CARTESIAN_POINT ( 'NONE',  ( 27.42966333685553700, -1.524866750028816700, -0.2506926339349012700 ) ) ;
#5871 =( BOUNDED_CURVE ( )  B_SPLINE_CURVE ( 2, ( #5549, #2393, #5572, #1341, #5008, #881, #787, #4424, #3953 ),
 .UNSPECIFIED., .F., .T. ) 
 B_SPLINE_CURVE_WITH_KNOTS ( ( 3, 2, 2, 2, 3 ),
 ( 0.3593750000000000000, 0.3645833333333333100, 0.3750000000000000000, 0.3854166666666666900, 0.3906250000000000000 ),
 .UNSPECIFIED. ) 
 CURVE ( )  GEOMETRIC_REPRESENTATION_ITEM ( )  RATIONAL_B_SPLINE_CURVE ( ( 0.9330127018922194100, 0.9330127018922194100, 1.000000000000000000, 0.8660254037844387100, 1.000000000000000000, 0.8660254037844387100, 1.000000000000000000, 0.9330127018922194100, 0.9330127018922194100 ) ) 
 REPRESENTATION_ITEM ( '' )  );
#5872 = CARTESIAN_POINT ( 'NONE',  ( 17.50000000000000000, 0.0000000000000000000, 0.0000000000000000000 ) ) ;
#5873 = CARTESIAN_POINT ( 'NONE',  ( 23.94166666666666600, -1.545336663013165300, 0.8922005383792482900 ) ) ;
#5874 = ORIENTED_EDGE ( 'NONE', *, *, #5263, .F. ) ;
#5875 = CARTESIAN_POINT ( 'NONE',  ( -20.47083333333333500, -1.545336663013165100, 0.8922005383792495100 ) ) ;
#5876 = CARTESIAN_POINT ( 'NONE',  ( 24.00000000000000000, 2.000000000000000000, 0.0000000000000000000 ) ) ;
#5877 = CARTESIAN_POINT ( 'NONE',  ( 24.93333333333333400, -1.000000000000000900, 1.732050807568876700 ) ) ;
#5878 = EDGE_CURVE ( 'NONE', #1824, #3005, #2039, .T. ) ;
#5879 = CARTESIAN_POINT ( 'NONE',  ( 25.98333333333333400, -0.7726683315065832100, 1.338300807568872900 ) ) ;
#5880 = ORIENTED_EDGE ( 'NONE', *, *, #516, .T. ) ;
#5881 = CARTESIAN_POINT ( 'NONE',  ( -17.02916666666666900, 0.9999999999999983300, -1.732050807568877900 ) ) ;
#5882 = CARTESIAN_POINT ( 'NONE',  ( 18.89583333333333600, -0.7726683315065832100, 1.338300807568872900 ) ) ;
#5883 = CARTESIAN_POINT ( 'NONE',  ( -17.69999999999999900, -1.545336663013165700, 1.892491597964125200E-016 ) ) ;
#5884 = CARTESIAN_POINT ( 'NONE',  ( -19.56666666666666600, 0.7726683315065817600, -1.338300807568874300 ) ) ;
#5885 = DIRECTION ( 'NONE',  ( 0.0000000000000000000, 0.0000000000000000000, -1.000000000000000000 ) ) ;
#5886 = ORIENTED_EDGE ( 'NONE', *, *, #4830, .T. ) ;
#5887 = EDGE_CURVE ( 'NONE', #1337, #3658, #2237, .T. ) ;
#5888 = CARTESIAN_POINT ( 'NONE',  ( -18.98333333333333100, -0.7726683315065834300, -1.338300807568873400 ) ) ;
#5889 = DIRECTION ( 'NONE',  ( -1.000000000000000000, -0.0000000000000000000, -0.0000000000000000000 ) ) ;
#5890 = CARTESIAN_POINT ( 'NONE',  ( -21.34583333333333500, -1.000000000000000700, -1.732050807568876300 ) ) ;
#5891 = CARTESIAN_POINT ( 'NONE',  ( 26.12916666666667000, 0.9999999999999985600, 1.732050807568878100 ) ) ;
#5892 = CARTESIAN_POINT ( 'NONE',  ( -16.40000000000000200, 0.0000000000000000000, 0.0000000000000000000 ) ) ;
#5893 = VERTEX_POINT ( 'NONE', #201 ) ;
#5894 = CARTESIAN_POINT ( 'NONE',  ( 22.07499999999999900, -8.715332896486790000E-016, 2.000000000000000000 ) ) ;
#5895 = CARTESIAN_POINT ( 'NONE',  ( 23.82499999999999900, -3.277891600571076600E-016, 1.784401076758497700 ) ) ;
#5896 = VERTEX_POINT ( 'NONE', #6445 ) ;
#5897 = CARTESIAN_POINT ( 'NONE',  ( -25.39999999999999900, 1.999999999999999600, 0.0000000000000000000 ) ) ;
#5898 = CARTESIAN_POINT ( 'NONE',  ( 23.94166666666666600, 2.000000000000000000, -1.154700538379251200 ) ) ;
#5899 = CARTESIAN_POINT ( 'NONE',  ( 18.39999999999999900, -1.545336663013165100, -1.892491597964124500E-016 ) ) ;
#5900 = CARTESIAN_POINT ( 'NONE',  ( 27.85000000000000100, 1.545336663013165100, 0.0000000000000000000 ) ) ;
#5901 = DIRECTION ( 'NONE',  ( 1.000000000000000000, 0.0000000000000000000, 0.0000000000000000000 ) ) ;
#5902 = CARTESIAN_POINT ( 'NONE',  ( -18.13749999999999900, 2.905110965495596800E-016, 1.999999999999999600 ) ) ;
#5903 = CARTESIAN_POINT ( 'NONE',  ( 20.41250000000000100, -1.545336663013165100, -1.892491597964124500E-016 ) ) ;
#5904 = CARTESIAN_POINT ( 'NONE',  ( -27.43571762251572100, 1.598438949882497400, 1.193566808837899500 ) ) ;
#5905 = CARTESIAN_POINT ( 'NONE',  ( -17.46666666666666500, 0.7726683315065817600, -1.338300807568874300 ) ) ;
#5906 = DATE_AND_TIME ( #5251, #6649 ) ;
#5907 = CARTESIAN_POINT ( 'NONE',  ( -27.21670454365078800, 1.508955564075430000, 0.9293677126361840100 ) ) ;
#5908 = CARTESIAN_POINT ( 'NONE',  ( -26.88749999999999900, 1.092630533523692700E-016, 1.784401076758498400 ) ) ;
#5909 =( BOUNDED_CURVE ( )  B_SPLINE_CURVE ( 2, ( #2083, #5625, #6251, #4052, #934, #4576, #3170, #5803, #4736 ),
 .UNSPECIFIED., .F., .T. ) 
 B_SPLINE_CURVE_WITH_KNOTS ( ( 3, 2, 2, 2, 3 ),
 ( 0.2968750000000000000, 0.3020833333333333100, 0.3125000000000000000, 0.3229166666666666900, 0.3281250000000000000 ),
 .UNSPECIFIED. ) 
 CURVE ( )  GEOMETRIC_REPRESENTATION_ITEM ( )  RATIONAL_B_SPLINE_CURVE ( ( 0.9330127018922194100, 0.9330127018922194100, 1.000000000000000000, 0.8660254037844387100, 1.000000000000000000, 0.8660254037844387100, 1.000000000000000000, 0.9330127018922194100, 0.9330127018922194100 ) ) 
 REPRESENTATION_ITEM ( '' )  );
#5910 = CARTESIAN_POINT ( 'NONE',  ( -23.03750000000000100, 2.905110965495596800E-016, 1.999999999999999600 ) ) ;
#5911 = CARTESIAN_POINT ( 'NONE',  ( 27.58750000000000200, -4.242300954899627700E-016, 2.309401076758502900 ) ) ;
#5912 = CARTESIAN_POINT ( 'NONE',  ( -24.72916666666667100, -0.7726683315065825400, 1.338300807568873800 ) ) ;
#5913 = LINE ( 'NONE', #2904, #6736 ) ;
#5914 = CARTESIAN_POINT ( 'NONE',  ( -19.65416666666666900, 1.999999999999999600, 1.154700538379251000 ) ) ;
#5915 = CARTESIAN_POINT ( 'NONE',  ( 17.50000000000000000, 2.449293598294706400E-016, 2.000000000000000000 ) ) ;
#5916 = CARTESIAN_POINT ( 'NONE',  ( -16.40000000000000200, 0.0000000000000000000, 2.000000000000000000 ) ) ;
#5917 = CARTESIAN_POINT ( 'NONE',  ( 26.68333333333333400, -0.7726683315065832100, 1.338300807568872900 ) ) ;
#5918 = AXIS2_PLACEMENT_3D ( 'NONE', #5338, #4369, #2300 ) ;
#5919 = CYLINDRICAL_SURFACE ( 'NONE', #3809, 2.000000000000000000 ) ;
#5920 = CARTESIAN_POINT ( 'NONE',  ( -16.73750000000000100, -3.277891600571078100E-016, -1.784401076758498400 ) ) ;
#5921 = CARTESIAN_POINT ( 'NONE',  ( 24.40833333333333100, -1.999999999999999800, -1.154700538379252100 ) ) ;
#5922 = CIRCLE ( 'NONE', #2613, 4.000000000000000000 ) ;
#5923 = CARTESIAN_POINT ( 'NONE',  ( 24.99166666666666400, 1.545336663013165100, -0.8922005383792486200 ) ) ;
#5924 = CARTESIAN_POINT ( 'NONE',  ( 26.18750012630437900, -2.165217881046205600E-006, 1.999999999998828300 ) ) ;
#5925 = CARTESIAN_POINT ( 'NONE',  ( -23.50626073911696400, -0.5358983848622459500, -1.999999999999999100 ) ) ;
#5926 = CARTESIAN_POINT ( 'NONE',  ( 20.06249999999999600, 1.545336663013165100, 0.0000000000000000000 ) ) ;
#5927 = EDGE_CURVE ( 'NONE', #1169, #1811, #4612, .T. ) ;
#5928 = CARTESIAN_POINT ( 'NONE',  ( -17.46666666666666500, 0.7726683315065817600, -1.338300807568874300 ) ) ;
#5929 = CARTESIAN_POINT ( 'NONE',  ( -26.97499999999999800, 5.229199737892075000E-016, -1.999999999999999600 ) ) ;
#5930 = CARTESIAN_POINT ( 'NONE',  ( -27.25645955691276600, 1.663052147984013200, 0.7190574295262864800 ) ) ;
#5931 = CARTESIAN_POINT ( 'NONE',  ( 19.47916666666666400, 0.7726683315065814300, 1.338300807568873800 ) ) ;
#5932 = CARTESIAN_POINT ( 'NONE',  ( -27.00416666666667000, 1.545336663013165500, 0.8922005383792490600 ) ) ;
#5933 = VECTOR ( 'NONE', #5114, 1000.000000000000000 ) ;
#5934 = CARTESIAN_POINT ( 'NONE',  ( 21.63750000000000600, 1.414100318299875800E-016, -2.309401076758502900 ) ) ;
#5935 = CARTESIAN_POINT ( 'NONE',  ( -22.51250000000000300, -1.545336663013165700, 1.892491597964125200E-016 ) ) ;
#5936 = CARTESIAN_POINT ( 'NONE',  ( 25.02083333333332900, 1.545336663013164400, 0.8922005383792495100 ) ) ;
#5937 = CARTESIAN_POINT ( 'NONE',  ( 21.25623931950114100, 0.5358973799805131200, 2.000000580168738800 ) ) ;
#5938 = AXIS2_PLACEMENT_3D ( 'NONE', #3937, #6752, #1086 ) ;
#5939 = CARTESIAN_POINT ( 'NONE',  ( 26.74166666666667100, -1.545336663013165500, 0.8922005383792481800 ) ) ;
#5940 = VERTEX_POINT ( 'NONE', #245 ) ;
#5941 = CARTESIAN_POINT ( 'NONE',  ( -27.14856924647457600, 7.785697387528201300E-015, -1.699369246474581800 ) ) ;
#5942 = CARTESIAN_POINT ( 'NONE',  ( 24.75833333333332900, -1.545336663013164600, -0.8922005383792492900 ) ) ;
#5943 = CARTESIAN_POINT ( 'NONE',  ( -26.21666666666666500, 0.9999999999999983300, -1.732050807568877900 ) ) ;
#5944 = CARTESIAN_POINT ( 'NONE',  ( 17.46666666666666500, 0.7726683315065814300, 1.338300807568873800 ) ) ;
#5945 = VERTEX_POINT ( 'NONE', #1775 ) ;
#5946 = AXIS2_PLACEMENT_3D ( 'NONE', #5892, #2570, #4120 ) ;
#5947 = CARTESIAN_POINT ( 'NONE',  ( 21.55000000000000100, 1.545336663013165100, 0.0000000000000000000 ) ) ;
#5948 = DIRECTION ( 'NONE',  ( 0.0000000000000000000, 0.0000000000000000000, -1.000000000000000000 ) ) ;
#5949 = CARTESIAN_POINT ( 'NONE',  ( -27.44919999999999000, 1.793007598013778300, 0.8860720927017503600 ) ) ;
#5950 = CARTESIAN_POINT ( 'NONE',  ( 22.86250000000000100, -2.000000000000000000, -2.449293598294706400E-016 ) ) ;
#5951 = CARTESIAN_POINT ( 'NONE',  ( -25.86876073911696100, 0.5358983848622455000, 1.999999999999999600 ) ) ;
#5952 = ORIENTED_EDGE ( 'NONE', *, *, #2642, .F. ) ;
#5953 = CARTESIAN_POINT ( 'NONE',  ( -26.42083333333333800, 1.545336663013165100, -0.8922005383792499500 ) ) ;
#5954 = CARTESIAN_POINT ( 'NONE',  ( -18.60626073911696600, -0.5358983848622459500, -1.999999999999999100 ) ) ;
#5955 = CARTESIAN_POINT ( 'NONE',  ( 24.20416666666666600, -2.000000000000000400, 1.154700538379250600 ) ) ;
#5956 = CARTESIAN_POINT ( 'NONE',  ( -22.68750000000000400, 1.092630533523692800E-016, 1.784401076758498400 ) ) ;
#5957 = CARTESIAN_POINT ( 'NONE',  ( 24.96249999999999900, 1.545336663013165100, 0.0000000000000000000 ) ) ;
#5958 = ORIENTED_EDGE ( 'NONE', *, *, #3116, .T. ) ;
#5959 = AXIS2_PLACEMENT_3D ( 'NONE', #3218, #5238, #2185 ) ;
#5960 = CARTESIAN_POINT ( 'NONE',  ( 26.62500000000000000, -3.277891600571076600E-016, 1.784401076758497700 ) ) ;
#5961 = CARTESIAN_POINT ( 'NONE',  ( 19.62500000000000000, 2.905110965495596800E-016, -1.999999999999999600 ) ) ;
#5962 = DIRECTION ( 'NONE',  ( -1.000000000000000000, -0.0000000000000000000, -0.0000000000000000000 ) ) ;
#5963 = CARTESIAN_POINT ( 'NONE',  ( 24.05833333333333400, -1.545336663013164600, -0.8922005383792492900 ) ) ;
#5964 = CARTESIAN_POINT ( 'NONE',  ( -24.58333333333333200, 1.000000000000000000, 1.732050807568877000 ) ) ;
#5965 = VERTEX_POINT ( 'NONE', #6488 ) ;
#5966 = EDGE_CURVE ( 'NONE', #6643, #2115, #6619, .T. ) ;
#5967 = CARTESIAN_POINT ( 'NONE',  ( 17.19368216224196300, 0.2474591164873963800, -1.641530489241072700 ) ) ;
#5968 = VERTEX_POINT ( 'NONE', #6030 ) ;
#5969 = CARTESIAN_POINT ( 'NONE',  ( 22.89166666666666600, 1.545336663013165100, -0.8922005383792486200 ) ) ;
#5970 = CARTESIAN_POINT ( 'NONE',  ( -22.33750000000000200, 2.905110965495596800E-016, 1.999999999999999600 ) ) ;
#5971 = CARTESIAN_POINT ( 'NONE',  ( -20.67499999999999700, -8.715332896486790000E-016, -1.999999999999999600 ) ) ;
#5972 = VERTEX_POINT ( 'NONE', #5476 ) ;
#5973 = ORIENTED_EDGE ( 'NONE', *, *, #3164, .F. ) ;
#5974 = CARTESIAN_POINT ( 'NONE',  ( -17.96250000000000200, -1.999999999999999600, 2.449293598294705900E-016 ) ) ;
#5975 = CARTESIAN_POINT ( 'NONE',  ( -26.94373926088303500, 0.5358983848622449500, -1.999999999999999600 ) ) ;
#5976 = CARTESIAN_POINT ( 'NONE',  ( -16.40000000000000200, 0.0000000000000000000, 0.0000000000000000000 ) ) ;
#5977 = EDGE_LOOP ( 'NONE', ( #2920, #6545, #1072 ) ) ;
#5978 = EDGE_CURVE ( 'NONE', #6373, #4919, #1674, .T. ) ;
#5979 = CARTESIAN_POINT ( 'NONE',  ( -24.55416666666667100, -1.545336663013166200, -0.8922005383792486200 ) ) ;
#5980 = CARTESIAN_POINT ( 'NONE',  ( -27.49999999999999600, 0.0000000000000000000, 0.0000000000000000000 ) ) ;
#5981 = CARTESIAN_POINT ( 'NONE',  ( 23.73750000000000100, 1.414100318299875800E-016, -2.309401076758502900 ) ) ;
#5982 = CARTESIAN_POINT ( 'NONE',  ( -21.28750000000000100, 1.092630533523692800E-016, 1.784401076758498400 ) ) ;
#5983 = B_SPLINE_CURVE_WITH_KNOTS ( 'NONE', 3,
 ( #1666, #1690, #3778, #4289, #2231, #6384 ),
 .UNSPECIFIED., .F., .F.,
 ( 4, 2, 4 ),
 ( 0.02309738763122359800, 0.02424418560591811600, 0.02539098358061263700 ),
 .UNSPECIFIED. ) ;
#5984 = ORIENTED_EDGE ( 'NONE', *, *, #4881, .T. ) ;
#5985 = APPROVAL_STATUS ( 'not_yet_approved' ) ;
#5986 = DATE_AND_TIME ( #3030, #525 ) ;
#5987 = CARTESIAN_POINT ( 'NONE',  ( -16.40000000000000200, 0.0000000000000000000, 0.0000000000000000000 ) ) ;
#5988 = CARTESIAN_POINT ( 'NONE',  ( -26.47916666666666800, -0.9999999999999993300, 1.732050807568877200 ) ) ;
#5989 = CARTESIAN_POINT ( 'NONE',  ( 21.02499999999999900, -3.277891600571076600E-016, 1.784401076758497700 ) ) ;
#5990 = CARTESIAN_POINT ( 'NONE',  ( -25.45833333333333600, 1.999999999999998700, -1.154700538379252100 ) ) ;
#5991 = CARTESIAN_POINT ( 'NONE',  ( 18.45833333333333600, -1.545336663013164600, -0.8922005383792492900 ) ) ;
#5992 = CIRCLE ( 'NONE', #5731, 2.050800000000000200 ) ;
#5993 = CARTESIAN_POINT ( 'NONE',  ( 23.47500000000000100, 1.092630533523692200E-016, -1.784401076758497700 ) ) ;
#5994 = CARTESIAN_POINT ( 'NONE',  ( 27.23749999999999700, -3.277891600571076600E-016, 1.784401076758497700 ) ) ;
#5995 =( BOUNDED_CURVE ( )  B_SPLINE_CURVE ( 2, ( #2277, #3758, #633, #4271, #1163, #3246, #4811, #5856, #2402 ),
 .UNSPECIFIED., .F., .T. ) 
 B_SPLINE_CURVE_WITH_KNOTS ( ( 3, 2, 2, 2, 3 ),
 ( 0.4218750000000000000, 0.4270833333333333100, 0.4375000000000000000, 0.4479166666666666900, 0.4531250000000000000 ),
 .UNSPECIFIED. ) 
 CURVE ( )  GEOMETRIC_REPRESENTATION_ITEM ( )  RATIONAL_B_SPLINE_CURVE ( ( 0.9330127018922194100, 0.9330127018922194100, 1.000000000000000000, 0.8660254037844387100, 1.000000000000000000, 0.8660254037844387100, 1.000000000000000000, 0.9330127018922194100, 0.9330127018922194100 ) ) 
 REPRESENTATION_ITEM ( '' )  );
#5996 = CARTESIAN_POINT ( 'NONE',  ( -22.94999999999999900, -1.999999999999999600, 2.449293598294705900E-016 ) ) ;
#5997 = CARTESIAN_POINT ( 'NONE',  ( -16.71922415493342100, 1.260328424560558800, -0.8942246162443560100 ) ) ;
#5998 = CARTESIAN_POINT ( 'NONE',  ( -19.97499999999999800, -8.715332896486790000E-016, -1.999999999999999600 ) ) ;
#5999 = CIRCLE ( 'NONE', #4552, 4.000000000000000000 ) ;
#6000 = CARTESIAN_POINT ( 'NONE',  ( -23.85416666666666800, -1.545336663013166200, -0.8922005383792486200 ) ) ;
#6001 = CARTESIAN_POINT ( 'NONE',  ( -26.77083333333333600, 1.999999999999998700, -1.154700538379252600 ) ) ;
#6002 = CARTESIAN_POINT ( 'NONE',  ( 23.21250000000000600, 2.000000000000000000, 0.0000000000000000000 ) ) ;
#6003 = CARTESIAN_POINT ( 'NONE',  ( -23.50416666666667000, 1.545336663013165700, 0.8922005383792489500 ) ) ;
#6004 = LINE ( 'NONE', #2129, #380 ) ;
#6005 = CARTESIAN_POINT ( 'NONE',  ( -20.82083333333334000, -1.999999999999999300, 1.154700538379251700 ) ) ;
#6006 = VECTOR ( 'NONE', #5479, 1000.000000000000000 ) ;
#6007 = CARTESIAN_POINT ( 'NONE',  ( 27.20833333333333600, 1.545336663013164400, 0.8922005383792495100 ) ) ;
#6008 = EDGE_CURVE ( 'NONE', #2678, #6768, #1871, .T. ) ;
#6009 = CARTESIAN_POINT ( 'NONE',  ( 22.01666666666666600, -0.7726683315065822100, -1.338300807568873400 ) ) ;
#6010 = CARTESIAN_POINT ( 'NONE',  ( -23.88333333333333300, 1.000000000000000000, 1.732050807568877000 ) ) ;
#6011 = LINE ( 'NONE', #4738, #3804 ) ;
#6012 = CARTESIAN_POINT ( 'NONE',  ( 19.02650707534443000, 0.1828930053514532000, -1.844303738357596600 ) ) ;
#6013 = CARTESIAN_POINT ( 'NONE',  ( 22.19166666666666600, 1.545336663013165100, -0.8922005383792486200 ) ) ;
#6014 = CARTESIAN_POINT ( 'NONE',  ( -24.17499999999999700, -8.715332896486790000E-016, -1.999999999999999600 ) ) ;
#6015 = CARTESIAN_POINT ( 'NONE',  ( -17.20626073911696700, -0.5358983848622459500, -1.999999999999999100 ) ) ;
#6016 = CARTESIAN_POINT ( 'NONE',  ( -20.64583333333333600, -1.000000000000000700, -1.732050807568876300 ) ) ;
#6017 = EDGE_CURVE ( 'NONE', #5158, #1703, #640, .T. ) ;
#6018 = CARTESIAN_POINT ( 'NONE',  ( -22.89166666666666900, -2.000000000000000000, -1.154700538379250600 ) ) ;
#6019 = CARTESIAN_POINT ( 'NONE',  ( -16.40000000000000200, 0.0000000000000000000, 0.0000000000000000000 ) ) ;
#6020 = VERTEX_POINT ( 'NONE', #4915 ) ;
#6021 = CARTESIAN_POINT ( 'NONE',  ( -16.40000000000000200, 0.0000000000000000000, 0.0000000000000000000 ) ) ;
#6022 = CARTESIAN_POINT ( 'NONE',  ( -23.79583333333333400, 1.000000000000000000, 1.732050807568877000 ) ) ;
#6023 = CARTESIAN_POINT ( 'NONE',  ( -20.29583333333333400, -0.7726683315065834300, -1.338300807568873400 ) ) ;
#6024 = CARTESIAN_POINT ( 'NONE',  ( -26.27499999999999500, 1.092630533523692800E-016, 1.784401076758498400 ) ) ;
#6025 = CARTESIAN_POINT ( 'NONE',  ( 21.69583333333333300, 1.000000000000000200, -1.732050807568877200 ) ) ;
#6026 = CARTESIAN_POINT ( 'NONE',  ( -21.34583333333333500, 0.7726683315065830900, 1.338300807568873600 ) ) ;
#6027 = ORIENTED_EDGE ( 'NONE', *, *, #4881, .F. ) ;
#6028 = CARTESIAN_POINT ( 'NONE',  ( 26.88749999999999900, 1.092630533523692200E-016, -1.784401076758497700 ) ) ;
#6029 = CARTESIAN_POINT ( 'NONE',  ( -17.90416666666666900, -2.000000000000000000, -1.154700538379250400 ) ) ;
#6030 = CARTESIAN_POINT ( 'NONE',  ( 19.01914295527530600, 2.324088772396478200E-016, -1.836939618288474700 ) ) ;
#6031 = CARTESIAN_POINT ( 'NONE',  ( 19.77083333333333600, 1.999999999999999300, 1.154700538379252600 ) ) ;
#6032 = CARTESIAN_POINT ( 'NONE',  ( 17.34132451847151700, -2.687817229851495500, 3.344563996438177300 ) ) ;
#6033 = CARTESIAN_POINT ( 'NONE',  ( 19.97499999999999800, 1.092630533523692200E-016, -1.784401076758497700 ) ) ;
#6034 = ORIENTED_EDGE ( 'NONE', *, *, #590, .T. ) ;
#6035 = CARTESIAN_POINT ( 'NONE',  ( -21.66666666666666800, -0.9999999999999993300, 1.732050807568877200 ) ) ;
#6036 = CARTESIAN_POINT ( 'NONE',  ( -27.27140584837419400, -1.797162989031666300, 0.3234843679780881100 ) ) ;
#6037 = EDGE_LOOP ( 'NONE', ( #554, #4090, #2294, #3338 ) ) ;
#6038 = CARTESIAN_POINT ( 'NONE',  ( -26.80000000000000100, 1.999999999999999600, 0.0000000000000000000 ) ) ;
#6039 = ORIENTED_EDGE ( 'NONE', *, *, #2469, .T. ) ;
#6040 = CARTESIAN_POINT ( 'NONE',  ( -21.11250000000000400, -1.545336663013165700, 1.892491597964125200E-016 ) ) ;
#6041 = CARTESIAN_POINT ( 'NONE',  ( -26.53750000000000100, 2.905110965495596800E-016, 1.999999999999999600 ) ) ;
#6042 = CARTESIAN_POINT ( 'NONE',  ( 20.64583333333333600, -1.000000000000000900, 1.732050807568876700 ) ) ;
#6043 = CARTESIAN_POINT ( 'NONE',  ( -17.49583333333333700, -0.7726683315065834300, -1.338300807568873400 ) ) ;
#6044 = DIRECTION ( 'NONE',  ( 0.0000000000000000000, 0.0000000000000000000, -1.000000000000000000 ) ) ;
#6045 = CARTESIAN_POINT ( 'NONE',  ( 18.98333333333333100, 1.000000000000000200, -1.732050807568877200 ) ) ;
#6046 = CARTESIAN_POINT ( 'NONE',  ( 24.55416666666666400, -1.545336663013165500, 0.8922005383792481800 ) ) ;
#6047 = CARTESIAN_POINT ( 'NONE',  ( -18.02083333333333200, -1.999999999999999300, 1.154700538379251700 ) ) ;
#6048 = APPLICATION_PROTOCOL_DEFINITION ( 'international standard', 'config_control_design', 1994, #856 ) ;
#6049 = CARTESIAN_POINT ( 'NONE',  ( 25.75000000000000000, 1.545336663013165100, 0.0000000000000000000 ) ) ;
#6050 = ORIENTED_EDGE ( 'NONE', *, *, #4428, .F. ) ;
#6051 = CARTESIAN_POINT ( 'NONE',  ( -27.14273441009208200, -2.309401076758876800, 4.000000000000000000 ) ) ;
#6052 = CARTESIAN_POINT ( 'NONE',  ( 23.12500000000000000, -3.277891600571076600E-016, 1.784401076758497700 ) ) ;
#6053 = ORIENTED_EDGE ( 'NONE', *, *, #6149, .T. ) ;
#6054 = CARTESIAN_POINT ( 'NONE',  ( -20.44166666666666600, 1.999999999999999800, 1.154700538379251000 ) ) ;
#6055 = EDGE_CURVE ( 'NONE', #5084, #5232, #6206, .T. ) ;
#6056 = CARTESIAN_POINT ( 'NONE',  ( -27.19643104644433500, -1.110967695356314300, -1.353733015551398900 ) ) ;
#6057 = ORIENTED_EDGE ( 'NONE', *, *, #4520, .F. ) ;
#6058 = DIRECTION ( 'NONE',  ( 0.0000000000000000000, 0.0000000000000000000, -1.000000000000000000 ) ) ;
#6059 = CARTESIAN_POINT ( 'NONE',  ( 25.42916666666666700, -0.7726683315065822100, -1.338300807568873400 ) ) ;
#6060 = CARTESIAN_POINT ( 'NONE',  ( -26.33333333333333200, -1.000000000000000700, -1.732050807568876300 ) ) ;
#6061 = CARTESIAN_POINT ( 'NONE',  ( -17.72916666666667100, 0.9999999999999983300, -1.732050807568877900 ) ) ;
#6062 = ORIENTED_EDGE ( 'NONE', *, *, #1568, .T. ) ;
#6063 = CARTESIAN_POINT ( 'NONE',  ( -23.73750000000000100, -3.277891600571078100E-016, -1.784401076758498400 ) ) ;
#6064 = CARTESIAN_POINT ( 'NONE',  ( -26.59583333333333500, 1.000000000000000000, 1.732050807568877000 ) ) ;
#6065 = CARTESIAN_POINT ( 'NONE',  ( 20.23750000000000100, 1.414100318299875800E-016, -2.309401076758502900 ) ) ;
#6066 = CARTESIAN_POINT ( 'NONE',  ( -16.97083333333333900, -1.545336663013165300, 0.8922005383792495100 ) ) ;
#6067 = DIRECTION ( 'NONE',  ( 0.7071067811865466800, 8.659560562354942700E-017, 0.7071067811865483500 ) ) ;
#6068 = CARTESIAN_POINT ( 'NONE',  ( 19.45000000000000300, -2.000000000000000000, -2.449293598294706400E-016 ) ) ;
#6069 = SHAPE_DEFINITION_REPRESENTATION ( #5767, #2394 ) ;
#6070 = CARTESIAN_POINT ( 'NONE',  ( -19.82916666666666900, 0.9999999999999983300, -1.732050807568877900 ) ) ;
#6071 = CARTESIAN_POINT ( 'NONE',  ( 26.21666666666666500, -0.7726683315065822100, -1.338300807568873400 ) ) ;
#6072 = CARTESIAN_POINT ( 'NONE',  ( -27.85000000000000100, 1.545336663013165700, 0.0000000000000000000 ) ) ;
#6073 = CARTESIAN_POINT ( 'NONE',  ( 21.69373926088303900, -0.5358983848622451700, -2.000000000000000000 ) ) ;
#6074 = CARTESIAN_POINT ( 'NONE',  ( 22.07500000000000300, 1.092630533523692200E-016, -1.784401076758497700 ) ) ;
#6075 = VECTOR ( 'NONE', #2252, 1000.000000000000000 ) ;
#6076 = CARTESIAN_POINT ( 'NONE',  ( -21.14166666666666200, 1.999999999999999800, 1.154700538379251000 ) ) ;
#6077 =( BOUNDED_SURFACE ( )  B_SPLINE_SURFACE ( 1, 2, ( 
 ( #4055, #6254, #1024, #3568, #2020, #4580, #937, #4675, #6157, #2545, #503, #1465, #5693, #3109, #5159, #2087, #2495, #1488, #2064, #6205, #3063, #5649, #3545, #6182, #4096, #4650, #6731, #5134, #6231, #480, #3615, #4, #3088, #408, #5716, #4626, #4143, #1554, #4119, #957, #2592, #1002, #6754, #2520, #4603, #3038, #5205, #5112, #1998, #5628, #3015, #6687, #432, #6709, #455, #1510, #3660, #2180, #2670, #664, #5257, #6224, #3585, #5177, #1529, #4160, #4114, #521, #3145, #3633, #5201, #3611, #2103, #4644, #3105, #1040, #1618, #2060, #1548, #4711, #540, #2587, #6774, #4200, #1084, #4670, #2140, #999, #1017, #499, #3084, #5688, #559, #6250, #2537, #1574, #1595, #6751, #2082, #4687, #4138, #4735, #3060, #4179, #2564, #5218, #6292, #6200, #5733, #6727, #5713, #3121, #2610, #6265, #2117, #5237, #475, #20, #3655, #1061, #5757, #2632, #43, #3677, #651, #5875, #3241, #2655, #4852, #6402, #2184, #608, #3169, #6315, #3262, #4758, #4265, #2747, #66, #4287, #1734, #3752, #679, #1106, #88, #1179, #1158, #4805, #4240, #2161, #4782, #2702, #138, #627, #3724, #4826, #1688, #2229, #5374, #1710, #5777, #4312, #3217, #159, #3801, #5329, #2675, #1199, #2205, #3776, #1130, #6340, #1663, #3702, #5351, #580, #5850, #4220, #1639, #2724, #6381, #5278, #5802, #3190, #5302, #5827, #6358, #112, #4965, #5920, #3286, #4874, #1224 ),
 ( #3310, #1807, #4338, #2813, #3870, #1318, #1759, #1248, #4403, #249, #2291, #6473, #3910, #791, #4359, #1853, #3822, #720, #204, #2791, #5394, #273, #5943, #2249, #1272, #1294, #6449, #1779, #3335, #3843, #4427, #2766, #3893, #2270, #229, #5990, #5897, #745, #6426, #4897, #2832, #5418, #4381, #1830, #4942, #183, #698, #4920, #5439, #2312, #5964, #6494, #767, #5461, #2333, #3360, #2853, #6515, #3382, #1897, #319, #2877, #6010, #6103, #4452, #3978, #5575, #6535, #4001, #4543, #3453, #381, #810, #6563, #363, #865, #4497, #3957, #1876, #4476, #2398, #2944, #339, #3431, #883, #1386, #1943, #1433, #4519, #5080, #4025, #2921, #2442, #2963, #5034, #2376, #905, #1919, #3471, #838, #6035, #1366, #6635, #6610, #3408, #5551, #5482, #293, #2420, #6076, #1411, #5059, #2900, #3932, #3492, #2355, #1344, #4986, #5010, #5504, #5529, #6054, #6585, #3514, #6699, #2558, #3028, #4591, #3004, #1500, #4044, #2508, #3557, #1013, #1455, #949, #4109, #6721, #2008, #6172, #3606, #492, #4067, #4665, #399, #420, #6677, #5619, #927, #6744, #5639, #1545, #968, #992, #2486, #1475, #445, #3536, #4133, #2463, #3580, #5103, #4087, #5683, #5597, #4618, #1964, #4567, #2531, #5125, #5147, #1522, #4639, #6124, #2985, #6655, #2034, #1987, #5663, #6193, #469, #5172, #2053, #3051, #6147, #6218, #3078, #1588, #14, #2582, #5707, #5794, #4155 ) ),
 .UNSPECIFIED., .F., .F., .T. ) 
 B_SPLINE_SURFACE_WITH_KNOTS ( ( 2, 2 ),
 ( 3, 2, 2, 2, 2, 2, 2, 2, 2, 2, 2, 2, 2, 2, 2, 2, 2, 2, 2, 2, 2, 2, 2, 2, 2, 2, 2, 2, 2, 2, 2, 2, 2, 2, 2, 2, 2, 2, 2, 2, 2, 2, 2, 2, 2, 2, 2, 2, 2, 2, 2, 2, 2, 2, 2, 2, 2, 2, 2, 2, 2, 2, 2, 2, 2, 2, 2, 2, 2, 2, 2, 2, 2, 2, 2, 2, 2, 2, 2, 2, 2, 2, 2, 2, 2, 2, 2, 2, 2, 2, 2, 2, 2, 2, 2, 2, 3 ),
 ( 0.0000000000000000000, 1.000000000000000000 ),
 ( 0.0000000000000000000, 0.01041666666666666600, 0.02083333333333333200, 0.03125000000000000000, 0.04166666666666666400, 0.05208333333333333600, 0.06250000000000000000, 0.07291666666666667100, 0.08333333333333332900, 0.09375000000000000000, 0.1041666666666666700, 0.1145833333333333300, 0.1250000000000000000, 0.1354166666666666600, 0.1458333333333333400, 0.1562500000000000000, 0.1666666666666666600, 0.1770833333333333400, 0.1875000000000000000, 0.1979166666666666600, 0.2083333333333333400, 0.2187500000000000000, 0.2291666666666666600, 0.2395833333333333400, 0.2500000000000000000, 0.2604166666666666900, 0.2708333333333333100, 0.2812500000000000000, 0.2916666666666666900, 0.3020833333333333100, 0.3125000000000000000, 0.3229166666666666900, 0.3333333333333333100, 0.3437500000000000000, 0.3541666666666666900, 0.3645833333333333100, 0.3750000000000000000, 0.3854166666666666900, 0.3958333333333333100, 0.4062500000000000000, 0.4166666666666666900, 0.4270833333333333100, 0.4375000000000000000, 0.4479166666666666900, 0.4583333333333333100, 0.4687500000000000000, 0.4791666666666666900, 0.4895833333333333100, 0.5000000000000000000, 0.5104166666666666300, 0.5208333333333333700, 0.5312500000000000000, 0.5416666666666666300, 0.5520833333333333700, 0.5625000000000000000, 0.5729166666666666300, 0.5833333333333333700, 0.5937500000000000000, 0.6041666666666666300, 0.6145833333333333700, 0.6250000000000000000, 0.6354166666666666300, 0.6458333333333333700, 0.6562500000000000000, 0.6666666666666666300, 0.6770833333333333700, 0.6875000000000000000, 0.6979166666666666300, 0.7083333333333333700, 0.7187500000000000000, 0.7291666666666666300, 0.7395833333333333700, 0.7500000000000000000, 0.7604166666666666300, 0.7708333333333333700, 0.7812500000000000000, 0.7916666666666666300, 0.8020833333333333700, 0.8125000000000000000, 0.8229166666666666300, 0.8333333333333333700, 0.8437500000000000000, 0.8541666666666666300, 0.8645833333333333700, 0.8750000000000000000, 0.8854166666666666300, 0.8958333333333333700, 0.9062500000000000000, 0.9166666666666666300, 0.9270833333333333700, 0.9375000000000000000, 0.9479166666666666300, 0.9583333333333333700, 0.9687500000000000000, 0.9791666666666666300, 0.9895833333333333700, 0.9938825148339810500 ),
 .UNSPECIFIED. ) 
 GEOMETRIC_REPRESENTATION_ITEM ( )  RATIONAL_B_SPLINE_SURFACE ( (
 ( 1.000000000000000000, 0.8660254037844387100, 1.000000000000000000, 0.8660254037844387100, 1.000000000000000000, 0.8660254037844387100, 1.000000000000000000, 0.8660254037844387100, 1.000000000000000000, 0.8660254037844387100, 1.000000000000000000, 0.8660254037844387100, 1.000000000000000000, 0.8660254037844387100, 1.000000000000000000, 0.8660254037844387100, 1.000000000000000000, 0.8660254037844387100, 1.000000000000000000, 0.8660254037844387100, 1.000000000000000000, 0.8660254037844387100, 1.000000000000000000, 0.8660254037844387100, 1.000000000000000000, 0.8660254037844387100, 1.000000000000000000, 0.8660254037844387100, 1.000000000000000000, 0.8660254037844387100, 1.000000000000000000, 0.8660254037844387100, 1.000000000000000000, 0.8660254037844387100, 1.000000000000000000, 0.8660254037844387100, 1.000000000000000000, 0.8660254037844387100, 1.000000000000000000, 0.8660254037844387100, 1.000000000000000000, 0.8660254037844387100, 1.000000000000000000, 0.8660254037844387100, 1.000000000000000000, 0.8660254037844387100, 1.000000000000000000, 0.8660254037844387100, 1.000000000000000000, 0.8660254037844387100, 1.000000000000000000, 0.8660254037844387100, 1.000000000000000000, 0.8660254037844387100, 1.000000000000000000, 0.8660254037844387100, 1.000000000000000000, 0.8660254037844387100, 1.000000000000000000, 0.8660254037844387100, 1.000000000000000000, 0.8660254037844387100, 1.000000000000000000, 0.8660254037844387100, 1.000000000000000000, 0.8660254037844387100, 1.000000000000000000, 0.8660254037844387100, 1.000000000000000000, 0.8660254037844387100, 1.000000000000000000, 0.8660254037844387100, 1.000000000000000000, 0.8660254037844387100, 1.000000000000000000, 0.8660254037844387100, 1.000000000000000000, 0.8660254037844387100, 1.000000000000000000, 0.8660254037844387100, 1.000000000000000000, 0.8660254037844387100, 1.000000000000000000, 0.8660254037844387100, 1.000000000000000000, 0.8660254037844387100, 1.000000000000000000, 0.8660254037844387100, 1.000000000000000000, 0.8660254037844387100, 1.000000000000000000, 0.8660254037844387100, 1.000000000000000000, 0.8660254037844387100, 1.000000000000000000, 0.8660254037844387100, 1.000000000000000000, 0.8660254037844387100, 1.000000000000000000, 0.8660254037844387100, 1.000000000000000000, 0.8660254037844387100, 1.000000000000000000, 0.8660254037844387100, 1.000000000000000000, 0.8660254037844387100, 1.000000000000000000, 0.8660254037844387100, 1.000000000000000000, 0.8660254037844387100, 1.000000000000000000, 0.8660254037844387100, 1.000000000000000000, 0.8660254037844387100, 1.000000000000000000, 0.8660254037844387100, 1.000000000000000000, 0.8660254037844387100, 1.000000000000000000, 0.8660254037844387100, 1.000000000000000000, 0.8660254037844387100, 1.000000000000000000, 0.8660254037844387100, 1.000000000000000000, 0.8660254037844387100, 1.000000000000000000, 0.8660254037844387100, 1.000000000000000000, 0.8660254037844387100, 1.000000000000000000, 0.8660254037844387100, 1.000000000000000000, 0.8660254037844387100, 1.000000000000000000, 0.8660254037844387100, 1.000000000000000000, 0.8660254037844387100, 1.000000000000000000, 0.8660254037844387100, 1.000000000000000000, 0.8660254037844387100, 1.000000000000000000, 0.8660254037844387100, 1.000000000000000000, 0.8660254037844387100, 1.000000000000000000, 0.8660254037844387100, 1.000000000000000000, 0.8660254037844387100, 1.000000000000000000, 0.8660254037844387100, 1.000000000000000000, 0.8660254037844387100, 1.000000000000000000, 0.8660254037844387100, 1.000000000000000000, 0.8660254037844387100, 1.000000000000000000, 0.8660254037844387100, 1.000000000000000000, 0.8660254037844387100, 1.000000000000000000, 0.8660254037844387100, 1.000000000000000000, 0.8660254037844387100, 1.000000000000000000, 0.8660254037844387100, 1.000000000000000000, 0.8660254037844387100, 1.000000000000000000, 0.8660254037844387100, 1.000000000000000000, 0.8660254037844387100, 1.000000000000000000, 0.8660254037844387100, 1.000000000000000000, 0.8660254037844387100, 1.000000000000000000, 0.8660254037844387100, 1.000000000000000000, 0.8660254037844387100, 1.000000000000000000, 0.8660254037844387100, 1.000000000000000000, 0.8660254037844387100, 1.000000000000000000, 0.8660254037844387100, 1.000000000000000000, 0.8660254037844387100, 1.000000000000000000, 0.9447058138617582300, 0.9350538182141849800),
 ( 1.000000000000000000, 0.8660254037844387100, 1.000000000000000000, 0.8660254037844387100, 1.000000000000000000, 0.8660254037844387100, 1.000000000000000000, 0.8660254037844387100, 1.000000000000000000, 0.8660254037844387100, 1.000000000000000000, 0.8660254037844387100, 1.000000000000000000, 0.8660254037844387100, 1.000000000000000000, 0.8660254037844387100, 1.000000000000000000, 0.8660254037844387100, 1.000000000000000000, 0.8660254037844387100, 1.000000000000000000, 0.8660254037844387100, 1.000000000000000000, 0.8660254037844387100, 1.000000000000000000, 0.8660254037844387100, 1.000000000000000000, 0.8660254037844387100, 1.000000000000000000, 0.8660254037844387100, 1.000000000000000000, 0.8660254037844387100, 1.000000000000000000, 0.8660254037844387100, 1.000000000000000000, 0.8660254037844387100, 1.000000000000000000, 0.8660254037844387100, 1.000000000000000000, 0.8660254037844387100, 1.000000000000000000, 0.8660254037844387100, 1.000000000000000000, 0.8660254037844387100, 1.000000000000000000, 0.8660254037844387100, 1.000000000000000000, 0.8660254037844387100, 1.000000000000000000, 0.8660254037844387100, 1.000000000000000000, 0.8660254037844387100, 1.000000000000000000, 0.8660254037844387100, 1.000000000000000000, 0.8660254037844387100, 1.000000000000000000, 0.8660254037844387100, 1.000000000000000000, 0.8660254037844387100, 1.000000000000000000, 0.8660254037844387100, 1.000000000000000000, 0.8660254037844387100, 1.000000000000000000, 0.8660254037844387100, 1.000000000000000000, 0.8660254037844387100, 1.000000000000000000, 0.8660254037844387100, 1.000000000000000000, 0.8660254037844387100, 1.000000000000000000, 0.8660254037844387100, 1.000000000000000000, 0.8660254037844387100, 1.000000000000000000, 0.8660254037844387100, 1.000000000000000000, 0.8660254037844387100, 1.000000000000000000, 0.8660254037844387100, 1.000000000000000000, 0.8660254037844387100, 1.000000000000000000, 0.8660254037844387100, 1.000000000000000000, 0.8660254037844387100, 1.000000000000000000, 0.8660254037844387100, 1.000000000000000000, 0.8660254037844387100, 1.000000000000000000, 0.8660254037844387100, 1.000000000000000000, 0.8660254037844387100, 1.000000000000000000, 0.8660254037844387100, 1.000000000000000000, 0.8660254037844387100, 1.000000000000000000, 0.8660254037844387100, 1.000000000000000000, 0.8660254037844387100, 1.000000000000000000, 0.8660254037844387100, 1.000000000000000000, 0.8660254037844387100, 1.000000000000000000, 0.8660254037844387100, 1.000000000000000000, 0.8660254037844387100, 1.000000000000000000, 0.8660254037844387100, 1.000000000000000000, 0.8660254037844387100, 1.000000000000000000, 0.8660254037844387100, 1.000000000000000000, 0.8660254037844387100, 1.000000000000000000, 0.8660254037844387100, 1.000000000000000000, 0.8660254037844387100, 1.000000000000000000, 0.8660254037844387100, 1.000000000000000000, 0.8660254037844387100, 1.000000000000000000, 0.8660254037844387100, 1.000000000000000000, 0.8660254037844387100, 1.000000000000000000, 0.8660254037844387100, 1.000000000000000000, 0.8660254037844387100, 1.000000000000000000, 0.8660254037844387100, 1.000000000000000000, 0.8660254037844387100, 1.000000000000000000, 0.8660254037844387100, 1.000000000000000000, 0.8660254037844387100, 1.000000000000000000, 0.8660254037844387100, 1.000000000000000000, 0.8660254037844387100, 1.000000000000000000, 0.8660254037844387100, 1.000000000000000000, 0.8660254037844387100, 1.000000000000000000, 0.8660254037844387100, 1.000000000000000000, 0.8660254037844387100, 1.000000000000000000, 0.8660254037844387100, 1.000000000000000000, 0.8660254037844387100, 1.000000000000000000, 0.8660254037844387100, 1.000000000000000000, 0.8660254037844387100, 1.000000000000000000, 0.8660254037844387100, 1.000000000000000000, 0.8660254037844387100, 1.000000000000000000, 0.8660254037844387100, 1.000000000000000000, 0.8660254037844387100, 1.000000000000000000, 0.8660254037844387100, 1.000000000000000000, 0.8660254037844387100, 1.000000000000000000, 0.8660254037844387100, 1.000000000000000000, 0.8660254037844387100, 1.000000000000000000, 0.8660254037844387100, 1.000000000000000000, 0.8660254037844387100, 1.000000000000000000, 0.8660254037844387100, 1.000000000000000000, 0.8660254037844387100, 1.000000000000000000, 0.8660254037844387100, 1.000000000000000000, 0.9447058138617582300, 0.9350538182141849800) ) ) 
 REPRESENTATION_ITEM ( '' )  SURFACE ( )  );
#6078 = CARTESIAN_POINT ( 'NONE',  ( -27.31367435458531600, -1.357529431500418300, 1.283461833869121300 ) ) ;
#6079 = CYLINDRICAL_SURFACE ( 'NONE', #1947, 2.000000000000000000 ) ;
#6080 = CARTESIAN_POINT ( 'NONE',  ( -17.69999999999999900, 1.999999999999999600, 0.0000000000000000000 ) ) ;
#6081 = CARTESIAN_POINT ( 'NONE',  ( -17.49373926088303600, -0.5358983848622449500, 1.999999999999999600 ) ) ;
#6082 = CARTESIAN_POINT ( 'NONE',  ( 25.95416666666666900, -1.545336663013165300, 0.8922005383792482900 ) ) ;
#6083 = CARTESIAN_POINT ( 'NONE',  ( 26.88739094253380600, 6.404243327809366800E-006, 1.999999999980035100 ) ) ;
#6084 = CARTESIAN_POINT ( 'NONE',  ( 17.14273441009184000, 4.618802153517006700, 1.700559480795179900E-015 ) ) ;
#6085 = CARTESIAN_POINT ( 'NONE',  ( -17.61250000000000400, 1.999999999999999600, 0.0000000000000000000 ) ) ;
#6086 = B_SPLINE_CURVE_WITH_KNOTS ( 'NONE', 3,
 ( #688, #2281, #170, #3251, #1212, #1259, #3810, #145, #5907, #5930, #2216, #3274, #3296, #5383, #4906, #4298, #5406, #2257 ),
 .UNSPECIFIED., .F., .F.,
 ( 4, 2, 2, 2, 2, 2, 2, 2, 4 ),
 ( 0.0000000000000000000, 0.0003917566220110487800, 0.0007835132440220975600, 0.001175269866033146300, 0.001567026488044195100, 0.001958783110055244000, 0.002350539732066292600, 0.002742296354077341600, 0.003134052976088390300 ),
 .UNSPECIFIED. ) ;
#6087 = VECTOR ( 'NONE', #1715, 1000.000000000000000 ) ;
#6088 = VECTOR ( 'NONE', #4779, 1000.000000000000000 ) ;
#6089 = CARTESIAN_POINT ( 'NONE',  ( -22.57083333333333300, -1.545336663013165100, 0.8922005383792495100 ) ) ;
#6090 = CARTESIAN_POINT ( 'NONE',  ( -24.99166666666666700, 1.545336663013165700, 0.8922005383792489500 ) ) ;
#6091 = CARTESIAN_POINT ( 'NONE',  ( 17.78750000000000500, -4.242300954899627700E-016, 2.309401076758502900 ) ) ;
#6092 = CARTESIAN_POINT ( 'NONE',  ( -20.47083333333333500, -1.545336663013165300, 0.8922005383792495100 ) ) ;
#6093 = CARTESIAN_POINT ( 'NONE',  ( 20.32499999999999600, 1.414100318299875800E-016, -2.309401076758502900 ) ) ;
#6094 = CARTESIAN_POINT ( 'NONE',  ( 22.22083333333333100, 1.545336663013164400, 0.8922005383792495100 ) ) ;
#6095 = CARTESIAN_POINT ( 'NONE',  ( -18.31250000000000400, 1.999999999999999600, 0.0000000000000000000 ) ) ;
#6096 = CARTESIAN_POINT ( 'NONE',  ( 26.45000000000000300, 1.545336663013165100, 0.0000000000000000000 ) ) ;
#6097 = FACE_OUTER_BOUND ( 'NONE', #6465, .T. ) ;
#6098 = EDGE_CURVE ( 'NONE', #86, #98, #3698, .T. ) ;
#6099 = CARTESIAN_POINT ( 'NONE',  ( -24.05833333333333400, -1.545336663013165100, 0.8922005383792495100 ) ) ;
#6100 = DIRECTION ( 'NONE',  ( -1.000000000000000000, -0.0000000000000000000, -0.0000000000000000000 ) ) ;
#6101 = CARTESIAN_POINT ( 'NONE',  ( -24.90416666666666900, -2.000000000000000000, -1.154700538379250600 ) ) ;
#6102 = APPROVAL ( #2391, 'UNSPECIFIED' ) ;
#6103 = CARTESIAN_POINT ( 'NONE',  ( -23.82499999999999900, 1.414100318299875800E-016, 2.309401076758502500 ) ) ;
#6104 = CARTESIAN_POINT ( 'NONE',  ( -27.22574838296703300, -1.578938103899893800, -0.8227989327354163800 ) ) ;
#6105 = ORIENTED_EDGE ( 'NONE', *, *, #6550, .F. ) ;
#6106 = ADVANCED_FACE ( 'NONE', ( #1093 ), #2473, .T. ) ;
#6107 = CARTESIAN_POINT ( 'NONE',  ( -17.55626073911696100, 0.5358983848622455000, 1.999999999999999600 ) ) ;
#6108 = CARTESIAN_POINT ( 'NONE',  ( 23.73749999999999700, -3.277891600571076600E-016, 1.784401076758497700 ) ) ;
#6109 = EDGE_CURVE ( 'NONE', #28, #5148, #287, .T. ) ;
#6110 = CARTESIAN_POINT ( 'NONE',  ( 24.49373926088303900, -0.5358983848622451700, -2.000000000000000000 ) ) ;
#6111 = DIRECTION ( 'NONE',  ( 1.000000000000000000, 0.0000000000000000000, -0.0000000000000000000 ) ) ;
#6112 = VERTEX_POINT ( 'NONE', #97 ) ;
#6113 = CARTESIAN_POINT ( 'NONE',  ( -21.75416666666666600, -1.545336663013166200, -0.8922005383792486200 ) ) ;
#6114 = CARTESIAN_POINT ( 'NONE',  ( 18.02083333333333200, -1.999999999999999800, -1.154700538379252100 ) ) ;
#6115 = CARTESIAN_POINT ( 'NONE',  ( -20.41250000000000500, -1.545336663013165700, 1.892491597964125200E-016 ) ) ;
#6116 = CARTESIAN_POINT ( 'NONE',  ( 18.39999999999999900, 2.000000000000000000, 0.0000000000000000000 ) ) ;
#6117 = ORIENTED_EDGE ( 'NONE', *, *, #4481, .T. ) ;
#6118 = CARTESIAN_POINT ( 'NONE',  ( 23.56250000000000000, 1.545336663013165100, 0.0000000000000000000 ) ) ;
#6119 = CARTESIAN_POINT ( 'NONE',  ( -26.74166666666667100, -1.545336663013166200, -0.8922005383792486200 ) ) ;
#6120 = ORIENTED_EDGE ( 'NONE', *, *, #4253, .F. ) ;
#6121 = CARTESIAN_POINT ( 'NONE',  ( 24.75833333333332900, -1.545336663013164400, -0.8922005383792492900 ) ) ;
#6122 =( BOUNDED_CURVE ( )  B_SPLINE_CURVE ( 2, ( #903, #835, #4541, #1430, #4565, #1453, #1917, #5100, #2940 ),
 .UNSPECIFIED., .F., .T. ) 
 B_SPLINE_CURVE_WITH_KNOTS ( ( 3, 2, 2, 2, 3 ),
 ( 0.3906250000000000000, 0.3958333333333333100, 0.4062500000000000000, 0.4166666666666666900, 0.4218750000000000000 ),
 .UNSPECIFIED. ) 
 CURVE ( )  GEOMETRIC_REPRESENTATION_ITEM ( )  RATIONAL_B_SPLINE_CURVE ( ( 0.9330127018922194100, 0.9330127018922194100, 1.000000000000000000, 0.8660254037844387100, 1.000000000000000000, 0.8660254037844387100, 1.000000000000000000, 0.9330127018922194100, 0.9330127018922194100 ) ) 
 REPRESENTATION_ITEM ( '' )  );
#6123 = CARTESIAN_POINT ( 'NONE',  ( -26.15833333333333900, -1.545336663013165100, 0.8922005383792495100 ) ) ;
#6124 = CARTESIAN_POINT ( 'NONE',  ( -17.40833333333333100, -1.999999999999999300, 1.154700538379251700 ) ) ;
#6125 = VERTEX_POINT ( 'NONE', #4228 ) ;
#6126 = CARTESIAN_POINT ( 'NONE',  ( -25.16876073911696600, 0.5358983848622455000, 1.999999999999999600 ) ) ;
#6127 = CARTESIAN_POINT ( 'NONE',  ( 25.95626073911696400, 0.5358983848622456100, -1.999999999999999600 ) ) ;
#6128 = CARTESIAN_POINT ( 'NONE',  ( 24.84583333333333100, 0.7726683315065827600, -1.338300807568873200 ) ) ;
#6129 = VERTEX_POINT ( 'NONE', #74 ) ;
#6130 = CARTESIAN_POINT ( 'NONE',  ( 24.75833333333332900, -1.545336663013164600, -0.8922005383792492900 ) ) ;
#6131 = CARTESIAN_POINT ( 'NONE',  ( 24.17499999999999700, -8.715332896486790000E-016, 2.000000000000000000 ) ) ;
#6132 = ORIENTED_EDGE ( 'NONE', *, *, #5315, .F. ) ;
#6133 = CARTESIAN_POINT ( 'NONE',  ( -17.67083333333333800, -1.545336663013165100, 0.8922005383792495100 ) ) ;
#6134 = VERTEX_POINT ( 'NONE', #614 ) ;
#6135 = CARTESIAN_POINT ( 'NONE',  ( 18.95416666666666600, 2.000000000000000000, -1.154700538379251200 ) ) ;
#6136 = CARTESIAN_POINT ( 'NONE',  ( -18.77916666666666900, 0.7726683315065817600, -1.338300807568874300 ) ) ;
#6137 = CARTESIAN_POINT ( 'NONE',  ( 18.34166666666666500, 2.000000000000000000, -1.154700538379251200 ) ) ;
#6138 = CARTESIAN_POINT ( 'NONE',  ( 24.08749999999999900, 1.092630533523692200E-016, -1.784401076758497700 ) ) ;
#6139 = CARTESIAN_POINT ( 'NONE',  ( -27.61666666666666700, -0.7726683315065825400, 1.338300807568873800 ) ) ;
#6140 = AXIS2_PLACEMENT_3D ( 'NONE', #1050, #1675, #2194 ) ;
#6141 = ORIENTED_EDGE ( 'NONE', *, *, #5229, .F. ) ;
#6142 = CARTESIAN_POINT ( 'NONE',  ( 25.10833333333333100, 1.545336663013164400, 0.8922005383792495100 ) ) ;
#6143 = CARTESIAN_POINT ( 'NONE',  ( 17.69999999999999900, -1.545336663013165100, -1.892491597964124500E-016 ) ) ;
#6144 = CARTESIAN_POINT ( 'NONE',  ( -24.58333333333333200, -0.7726683315065834300, -1.338300807568873400 ) ) ;
#6145 = CARTESIAN_POINT ( 'NONE',  ( -20.67499999999999700, -8.715332896486790000E-016, -1.999999999999999600 ) ) ;
#6146 = DIRECTION ( 'NONE',  ( 0.0000000000000000000, 0.0000000000000000000, 1.000000000000000000 ) ) ;
#6147 = CARTESIAN_POINT ( 'NONE',  ( -16.76666666666666600, -0.9999999999999993300, 1.732050807568877200 ) ) ;
#6148 = EDGE_LOOP ( 'NONE', ( #402, #1536, #828, #3751 ) ) ;
#6149 = EDGE_CURVE ( 'NONE', #2215, #5126, #2541, .T. ) ;
#6150 = CARTESIAN_POINT ( 'NONE',  ( -25.45623926088303100, 0.5358983848622441700, -2.000000000000000000 ) ) ;
#6151 = DIRECTION ( 'NONE',  ( 1.000000000000000000, 0.0000000000000000000, 0.0000000000000000000 ) ) ;
#6152 = CARTESIAN_POINT ( 'NONE',  ( 25.37083333333333400, -1.545336663013164600, -0.8922005383792492900 ) ) ;
#6153 = CARTESIAN_POINT ( 'NONE',  ( -27.02227990669434000, 1.538965409157187400, 0.3578558551250756700 ) ) ;
#6154 = CARTESIAN_POINT ( 'NONE',  ( 25.48750012630440400, -2.165218383277759000E-006, 1.999999999998828000 ) ) ;
#6155 = LINE ( 'NONE', #4483, #4767 ) ;
#6156 = CARTESIAN_POINT ( 'NONE',  ( -19.24583333333333700, 0.7726683315065830900, 1.338300807568873600 ) ) ;
#6157 = CARTESIAN_POINT ( 'NONE',  ( -27.29583333333333400, -0.7726683315065834300, -1.338300807568873400 ) ) ;
#6158 = CARTESIAN_POINT ( 'NONE',  ( -16.85416666666667100, -1.545336663013166400, -0.8922005383792486200 ) ) ;
#6159 = CARTESIAN_POINT ( 'NONE',  ( 26.07083333333332900, -1.545336663013164600, -0.8922005383792492900 ) ) ;
#6160 = CARTESIAN_POINT ( 'NONE',  ( 21.05416666666666700, -1.545336663013165500, 0.8922005383792481800 ) ) ;
#6161 = CARTESIAN_POINT ( 'NONE',  ( -26.45000000000000300, 1.545336663013165700, 0.0000000000000000000 ) ) ;
#6162 = VECTOR ( 'NONE', #6678, 1000.000000000000000 ) ;
#6163 = CARTESIAN_POINT ( 'NONE',  ( 21.43333333333333400, 0.7726683315065827600, -1.338300807568873200 ) ) ;
#6164 = CARTESIAN_POINT ( 'NONE',  ( 24.67083333333333800, 1.999999999999999300, 1.154700538379252600 ) ) ;
#6165 = CARTESIAN_POINT ( 'NONE',  ( 20.96666666666666900, 0.7726683315065814300, 1.338300807568873800 ) ) ;
#6166 = CARTESIAN_POINT ( 'NONE',  ( -25.63333333333333300, 0.7726683315065830900, 1.338300807568873600 ) ) ;
#6167 =( BOUNDED_CURVE ( )  B_SPLINE_CURVE ( 2, ( #1459, #6680, #4050, #3456, #5643, #425, #2966, #1414, #3981 ),
 .UNSPECIFIED., .F., .T. ) 
 B_SPLINE_CURVE_WITH_KNOTS ( ( 3, 2, 2, 2, 3 ),
 ( 0.7031250000000000000, 0.7083333333333333700, 0.7187500000000000000, 0.7291666666666666300, 0.7343750000000000000 ),
 .UNSPECIFIED. ) 
 CURVE ( )  GEOMETRIC_REPRESENTATION_ITEM ( )  RATIONAL_B_SPLINE_CURVE ( ( 0.9330127018922194100, 0.9330127018922194100, 1.000000000000000000, 0.8660254037844387100, 1.000000000000000000, 0.8660254037844387100, 1.000000000000000000, 0.9330127018922194100, 0.9330127018922194100 ) ) 
 REPRESENTATION_ITEM ( '' )  );
#6168 = DIRECTION ( 'NONE',  ( -1.000000000000000000, -0.0000000000000000000, -0.0000000000000000000 ) ) ;
#6169 = CARTESIAN_POINT ( 'NONE',  ( -18.95626073911696400, 0.5358983848622455000, 1.999999999999999600 ) ) ;
#6170 = AXIS2_PLACEMENT_3D ( 'NONE', #5748, #1077, #5768 ) ;
#6171 = CYLINDRICAL_SURFACE ( 'NONE', #3891, 2.000000000000000000 ) ;
#6172 = CARTESIAN_POINT ( 'NONE',  ( -19.39166666666666900, -2.000000000000000000, -1.154700538379250400 ) ) ;
#6173 = CYLINDRICAL_SURFACE ( 'NONE', #3407, 2.000000000000000000 ) ;
#6174 = ADVANCED_FACE ( 'NONE', ( #3376 ), #4430, .T. ) ;
#6175 = LINE ( 'NONE', #657, #4951 ) ;
#6176 = CARTESIAN_POINT ( 'NONE',  ( 24.87500000000000000, -8.715332896486790000E-016, 2.000000000000000000 ) ) ;
#6177 = CARTESIAN_POINT ( 'NONE',  ( 23.44583333333333300, 0.7726683315065827600, -1.338300807568873200 ) ) ;
#6178 = FACE_OUTER_BOUND ( 'NONE', #6693, .T. ) ;
#6179 = CARTESIAN_POINT ( 'NONE',  ( 19.16433248101389700, 0.2194705290609499600, 1.974200807415384700 ) ) ;
#6180 = AXIS2_PLACEMENT_3D ( 'NONE', #193, #4348, #5885 ) ;
#6181 = CARTESIAN_POINT ( 'NONE',  ( -17.55416666666667100, -1.545336663013166200, -0.8922005383792486200 ) ) ;
#6182 = CARTESIAN_POINT ( 'NONE',  ( -26.42083333333333800, 1.545336663013165100, -0.8922005383792499500 ) ) ;
#6183 = CARTESIAN_POINT ( 'NONE',  ( 26.97499999999999800, -3.945140691143020400E-014, 2.000000000000000000 ) ) ;
#6184 = CARTESIAN_POINT ( 'NONE',  ( 26.36250000000000100, 1.545336663013165100, 0.0000000000000000000 ) ) ;
#6185 = VERTEX_POINT ( 'NONE', #3711 ) ;
#6186 = CARTESIAN_POINT ( 'NONE',  ( -27.03333333333333100, 0.7726683315065830900, 1.338300807568873600 ) ) ;
#6187 = CARTESIAN_POINT ( 'NONE',  ( 22.71666666666666500, -0.7726683315065822100, -1.338300807568873400 ) ) ;
#6188 = CARTESIAN_POINT ( 'NONE',  ( 19.79999999999999700, -1.545336663013165100, -1.892491597964124500E-016 ) ) ;
#6189 = EDGE_CURVE ( 'NONE', #911, #104, #1057, .T. ) ;
#6190 = CARTESIAN_POINT ( 'NONE',  ( -26.45000000000000300, 1.545336663013165700, 0.0000000000000000000 ) ) ;
#6191 = CARTESIAN_POINT ( 'NONE',  ( 27.13378536971209700, -0.1892233389551548900, -1.841214630289902600 ) ) ;
#6192 = ORIENTED_EDGE ( 'NONE', *, *, #76, .T. ) ;
#6193 = CARTESIAN_POINT ( 'NONE',  ( -17.05833333333333700, 1.999999999999998700, -1.154700538379252100 ) ) ;
#6194 = CARTESIAN_POINT ( 'NONE',  ( -16.40000000000000200, 0.0000000000000000000, 2.000000000000000000 ) ) ;
#6195 = ORIENTED_EDGE ( 'NONE', *, *, #1468, .T. ) ;
#6196 = ORIENTED_EDGE ( 'NONE', *, *, #6764, .T. ) ;
#6197 = CARTESIAN_POINT ( 'NONE',  ( -21.40626073911696600, -0.5358983848622459500, -1.999999999999999100 ) ) ;
#6198 = CARTESIAN_POINT ( 'NONE',  ( 19.94583333333333300, 0.7726683315065827600, -1.338300807568873200 ) ) ;
#6199 = EDGE_CURVE ( 'NONE', #5446, #803, #6086, .T. ) ;
#6200 = CARTESIAN_POINT ( 'NONE',  ( -21.52083333333333900, 1.545336663013165100, -0.8922005383792499500 ) ) ;
#6201 = CARTESIAN_POINT ( 'NONE',  ( 25.54583333333333800, -1.000000000000000900, 1.732050807568876700 ) ) ;
#6202 = CARTESIAN_POINT ( 'NONE',  ( -24.08750000000000200, -8.715332896486790000E-016, -1.999999999999999600 ) ) ;
#6203 = ORIENTED_EDGE ( 'NONE', *, *, #6538, .T. ) ;
#6204 = CARTESIAN_POINT ( 'NONE',  ( -19.12916666666667000, -0.7726683315065825400, 1.338300807568873800 ) ) ;
#6205 = CARTESIAN_POINT ( 'NONE',  ( -26.65416666666666900, -1.545336663013166200, -0.8922005383792486200 ) ) ;
#6206 =( BOUNDED_CURVE ( )  B_SPLINE_CURVE ( 2, ( #3132, #1142, #1628, #3737, #6279, #3665, #2686, #2150, #4768 ),
 .UNSPECIFIED., .F., .T. ) 
 B_SPLINE_CURVE_WITH_KNOTS ( ( 3, 2, 2, 2, 3 ),
 ( 0.5781250000000000000, 0.5833333333333333700, 0.5937500000000000000, 0.6041666666666666300, 0.6093750000000000000 ),
 .UNSPECIFIED. ) 
 CURVE ( )  GEOMETRIC_REPRESENTATION_ITEM ( )  RATIONAL_B_SPLINE_CURVE ( ( 0.9330127018922194100, 0.9330127018922194100, 1.000000000000000000, 0.8660254037844387100, 1.000000000000000000, 0.8660254037844387100, 1.000000000000000000, 0.9330127018922194100, 0.9330127018922194100 ) ) 
 REPRESENTATION_ITEM ( '' )  );
#6207 = CARTESIAN_POINT ( 'NONE',  ( 27.06250000000000000, 1.545336663013165100, 0.0000000000000000000 ) ) ;
#6208 = ADVANCED_FACE ( 'NONE', ( #3535 ), #5102, .T. ) ;
#6209 = CARTESIAN_POINT ( 'NONE',  ( -24.46666666666666900, 0.7726683315065817600, -1.338300807568874300 ) ) ;
#6210 = CARTESIAN_POINT ( 'NONE',  ( -24.87500000000000000, 1.092630533523692700E-016, 1.784401076758498400 ) ) ;
#6211 = CARTESIAN_POINT ( 'NONE',  ( 20.32499999999999900, -3.277891600571076600E-016, 1.784401076758497700 ) ) ;
#6212 = ORIENTED_EDGE ( 'NONE', *, *, #161, .T. ) ;
#6213 = CARTESIAN_POINT ( 'NONE',  ( 19.27499999999999900, 1.092630533523692200E-016, -1.784401076758497700 ) ) ;
#6214 = CARTESIAN_POINT ( 'NONE',  ( -22.83333333333333600, 0.7726683315065830900, 1.338300807568873600 ) ) ;
#6215 = CARTESIAN_POINT ( 'NONE',  ( -18.72083333333333500, -1.999999999999999300, 1.154700538379251900 ) ) ;
#6216 = CARTESIAN_POINT ( 'NONE',  ( -26.07083333333333300, 1.999999999999998700, -1.154700538379252100 ) ) ;
#6217 = ORIENTED_EDGE ( 'NONE', *, *, #2823, .T. ) ;
#6218 = CARTESIAN_POINT ( 'NONE',  ( -16.70833333333333200, -1.999999999999999300, 1.154700538379251700 ) ) ;
#6219 = ORIENTED_EDGE ( 'NONE', *, *, #5751, .F. ) ;
#6220 = CARTESIAN_POINT ( 'NONE',  ( -25.37083333333334100, 1.999999999999998700, -1.154700538379252600 ) ) ;
#6221 = VERTEX_POINT ( 'NONE', #5359 ) ;
#6222 = CARTESIAN_POINT ( 'NONE',  ( 17.50000000000000000, 0.0000000000000000000, 0.0000000000000000000 ) ) ;
#6223 = CARTESIAN_POINT ( 'NONE',  ( 22.80416666666666400, 1.545336663013165100, -0.8922005383792486200 ) ) ;
#6224 = CARTESIAN_POINT ( 'NONE',  ( -24.20416666666666600, 1.545336663013165500, 0.8922005383792490600 ) ) ;
#6225 = CARTESIAN_POINT ( 'NONE',  ( -22.04583333333333400, -1.000000000000000700, -1.732050807568876300 ) ) ;
#6226 = CARTESIAN_POINT ( 'NONE',  ( -24.26250000000000300, -1.999999999999999600, 2.449293598294705900E-016 ) ) ;
#6227 = B_SPLINE_CURVE_WITH_KNOTS ( 'NONE', 3,
 ( #4010, #4994, #347, #2426, #845, #6084 ),
 .UNSPECIFIED., .F., .F.,
 ( 4, 2, 4 ),
 ( 0.002336974151641546000, 0.003500975885716440200, 0.004664977619791334400 ),
 .UNSPECIFIED. ) ;
#6228 = DIRECTION ( 'NONE',  ( -0.0000000000000000000, 0.0000000000000000000, 1.000000000000000000 ) ) ;
#6229 = ORIENTED_EDGE ( 'NONE', *, *, #3383, .F. ) ;
#6230 = CARTESIAN_POINT ( 'NONE',  ( 17.50000000000000000, 0.0000000000000000000, 0.0000000000000000000 ) ) ;
#6231 = CARTESIAN_POINT ( 'NONE',  ( -26.12916666666667000, -0.7726683315065825400, 1.338300807568873800 ) ) ;
#6232 = CARTESIAN_POINT ( 'NONE',  ( 27.52916666666666900, -0.7726683315065822100, -1.338300807568873400 ) ) ;
#6233 = EDGE_CURVE ( 'NONE', #2771, #4326, #6268, .T. ) ;
#6234 = CARTESIAN_POINT ( 'NONE',  ( -25.51666666666666600, -0.7726683315065825400, 1.338300807568873800 ) ) ;
#6235 = CARTESIAN_POINT ( 'NONE',  ( -22.83333333333333600, 0.7726683315065830900, 1.338300807568873600 ) ) ;
#6236 = CARTESIAN_POINT ( 'NONE',  ( 21.19999999999999900, -1.545336663013165100, -1.892491597964124500E-016 ) ) ;
#6237 = CARTESIAN_POINT ( 'NONE',  ( 27.50000000000000000, 0.0000000000000000000, 1.474999999999999000 ) ) ;
#6238 = ORIENTED_EDGE ( 'NONE', *, *, #5751, .T. ) ;
#6239 = CARTESIAN_POINT ( 'NONE',  ( 18.05000000000000100, 1.545336663013165100, 0.0000000000000000000 ) ) ;
#6240 = CARTESIAN_POINT ( 'NONE',  ( -22.94999999999999900, 1.545336663013165700, 0.0000000000000000000 ) ) ;
#6241 = CARTESIAN_POINT ( 'NONE',  ( -26.27499999999999900, -8.715332896486790000E-016, -1.999999999999999600 ) ) ;
#6242 = CARTESIAN_POINT ( 'NONE',  ( -25.37083333333334100, 1.999999999999998700, -1.154700538379252100 ) ) ;
#6243 = PERSON_AND_ORGANIZATION ( #976, #115 ) ;
#6244 = CARTESIAN_POINT ( 'NONE',  ( 20.55623931950113100, 0.5358973799806403500, 2.000000580168665100 ) ) ;
#6245 = EDGE_CURVE ( 'NONE', #732, #3346, #2559, .T. ) ;
#6246 = DIRECTION ( 'NONE',  ( 0.0000000000000000000, 0.0000000000000000000, -1.000000000000000000 ) ) ;
#6247 = ADVANCED_FACE ( 'NONE', ( #771 ), #5662, .F. ) ;
#6248 = LINE ( 'NONE', #3877, #6405 ) ;
#6249 = CARTESIAN_POINT ( 'NONE',  ( 20.87916666666666300, 0.7726683315065814300, 1.338300807568873800 ) ) ;
#6250 = CARTESIAN_POINT ( 'NONE',  ( -22.33750000000000600, -3.277891600571078100E-016, -1.784401076758498400 ) ) ;
#6251 = CARTESIAN_POINT ( 'NONE',  ( -24.72916666666667100, 0.9999999999999983300, -1.732050807568877900 ) ) ;
#6252 = LINE ( 'NONE', #2174, #534 ) ;
#6253 = CARTESIAN_POINT ( 'NONE',  ( -20.58750000000000200, -8.715332896486790000E-016, -1.999999999999999600 ) ) ;
#6254 = CARTESIAN_POINT ( 'NONE',  ( -27.70416666666666600, 1.545336663013165500, 0.8922005383792490600 ) ) ;
#6255 = CARTESIAN_POINT ( 'NONE',  ( 21.87083333333333400, -1.545336663013164600, -0.8922005383792492900 ) ) ;
#6256 = CARTESIAN_POINT ( 'NONE',  ( -23.76666666666666600, 0.7726683315065817600, -1.338300807568874300 ) ) ;
#6257 = CARTESIAN_POINT ( 'NONE',  ( -22.13333333333333300, 0.7726683315065830900, 1.338300807568873600 ) ) ;
#6258 = CARTESIAN_POINT ( 'NONE',  ( -22.36666666666666700, 0.7726683315065817600, -1.338300807568874300 ) ) ;
#6259 = CARTESIAN_POINT ( 'NONE',  ( -25.48750000000000400, -4.242300954899626700E-016, -2.309401076758502500 ) ) ;
#6260 = CARTESIAN_POINT ( 'NONE',  ( 22.65833333333332800, 1.999999999999999300, 1.154700538379252600 ) ) ;
#6261 = CARTESIAN_POINT ( 'NONE',  ( -26.10000000000000100, 1.999999999999999600, 0.0000000000000000000 ) ) ;
#6262 = ORIENTED_EDGE ( 'NONE', *, *, #4387, .F. ) ;
#6263 = CARTESIAN_POINT ( 'NONE',  ( 17.50000000000000000, 0.0000000000000000000, 0.0000000000000000000 ) ) ;
#6264 = CARTESIAN_POINT ( 'NONE',  ( 20.23750000000000100, -3.277891600571076600E-016, 1.784401076758497700 ) ) ;
#6265 = CARTESIAN_POINT ( 'NONE',  ( -21.17083333333333800, -1.545336663013165100, 0.8922005383792495100 ) ) ;
#6266 = CARTESIAN_POINT ( 'NONE',  ( 25.63333333333333300, -1.000000000000000900, 1.732050807568876700 ) ) ;
#6267 = CARTESIAN_POINT ( 'NONE',  ( 17.50000000000000000, -3.464101615137755700, 1.999999999999998700 ) ) ;
#6268 = B_SPLINE_CURVE_WITH_KNOTS ( 'NONE', 3,
 ( #4815, #3787, #2800, #4325 ),
 .UNSPECIFIED., .F., .F.,
 ( 4, 4 ),
 ( 2.380737581624403900E-007, 0.002336974151641548200 ),
 .UNSPECIFIED. ) ;
#6269 = VERTEX_POINT ( 'NONE', #215 ) ;
#6270 = CARTESIAN_POINT ( 'NONE',  ( 25.92499999999999700, 2.905110965495596800E-016, -1.999999999999999600 ) ) ;
#6271 = CARTESIAN_POINT ( 'NONE',  ( 18.96247449085428000, -1.294257753816665500, -1.227615330561697000 ) ) ;
#6272 = CARTESIAN_POINT ( 'NONE',  ( 26.82916666666666900, 0.9999999999999985600, 1.732050807568878100 ) ) ;
#6273 = CARTESIAN_POINT ( 'NONE',  ( -18.22499999999999800, 2.905110965495596800E-016, 1.999999999999999600 ) ) ;
#6274 = CARTESIAN_POINT ( 'NONE',  ( 24.32083333333333300, 1.545336663013164600, 0.8922005383792495100 ) ) ;
#6275 = ADVANCED_FACE ( 'NONE', ( #1844 ), #6565, .T. ) ;
#6276 = CARTESIAN_POINT ( 'NONE',  ( -22.65833333333332800, -1.545336663013165300, 0.8922005383792495100 ) ) ;
#6277 = CARTESIAN_POINT ( 'NONE',  ( -21.25833333333333300, -1.545336663013165100, 0.8922005383792495100 ) ) ;
#6278 = ORIENTED_EDGE ( 'NONE', *, *, #6460, .F. ) ;
#6279 = CARTESIAN_POINT ( 'NONE',  ( -20.85000000000000100, -1.999999999999999600, 2.449293598294705900E-016 ) ) ;
#6280 = CARTESIAN_POINT ( 'NONE',  ( 26.56666666666666600, -0.9999999999999995600, -1.732050807568877400 ) ) ;
#6281 = EDGE_CURVE ( 'NONE', #406, #3081, #207, .T. ) ;
#6282 = CARTESIAN_POINT ( 'NONE',  ( -20.67499999999999700, 1.092630533523692700E-016, 1.784401076758498400 ) ) ;
#6283 = CARTESIAN_POINT ( 'NONE',  ( 20.64373926088303400, 0.5358983848622442800, 2.000000000000000000 ) ) ;
#6284 = CARTESIAN_POINT ( 'NONE',  ( -27.47083333333333500, 1.999999999999998700, -1.154700538379252100 ) ) ;
#6285 = CARTESIAN_POINT ( 'NONE',  ( -19.07083333333333600, 1.999999999999998700, -1.154700538379252600 ) ) ;
#6286 = ORIENTED_EDGE ( 'NONE', *, *, #3024, .F. ) ;
#6287 = CARTESIAN_POINT ( 'NONE',  ( 17.50000000000000000, 0.0000000000000000000, 0.0000000000000000000 ) ) ;
#6288 = CARTESIAN_POINT ( 'NONE',  ( 21.46250000000000200, -2.000000000000000000, -2.449293598294706400E-016 ) ) ;
#6289 = CARTESIAN_POINT ( 'NONE',  ( 21.14166666666666600, 2.000000000000000000, -1.154700538379251200 ) ) ;
#6290 = CARTESIAN_POINT ( 'NONE',  ( 19.42083333333333100, 1.545336663013164600, 0.8922005383792495100 ) ) ;
#6291 = ORIENTED_EDGE ( 'NONE', *, *, #466, .F. ) ;
#6292 = CARTESIAN_POINT ( 'NONE',  ( -21.57916666666666900, 0.7726683315065817600, -1.338300807568874300 ) ) ;
#6293 = CARTESIAN_POINT ( 'NONE',  ( 25.22499999999999800, 1.414100318299875800E-016, -2.309401076758502900 ) ) ;
#6294 = CARTESIAN_POINT ( 'NONE',  ( 17.50000000000000400, -3.857556137907077500, 1.318516776095767200 ) ) ;
#6295 =( BOUNDED_CURVE ( )  B_SPLINE_CURVE ( 2, ( #116, #6407, #4365, #1786, #3270, #2210, #165, #3827, #2796 ),
 .UNSPECIFIED., .F., .T. ) 
 B_SPLINE_CURVE_WITH_KNOTS ( ( 3, 2, 2, 2, 3 ),
 ( 0.3906250000000000000, 0.3958333333333333100, 0.4062500000000000000, 0.4166666666666666900, 0.4218750000000000000 ),
 .UNSPECIFIED. ) 
 CURVE ( )  GEOMETRIC_REPRESENTATION_ITEM ( )  RATIONAL_B_SPLINE_CURVE ( ( 0.9330127018922194100, 0.9330127018922194100, 1.000000000000000000, 0.8660254037844387100, 1.000000000000000000, 0.8660254037844387100, 1.000000000000000000, 0.9330127018922194100, 0.9330127018922194100 ) ) 
 REPRESENTATION_ITEM ( '' )  );
#6296 = VERTEX_POINT ( 'NONE', #3228 ) ;
#6297 = CARTESIAN_POINT ( 'NONE',  ( 17.50000000000000000, 2.449293598294706400E-016, 2.000000000000000000 ) ) ;
#6298 = CARTESIAN_POINT ( 'NONE',  ( 24.52500000000000200, 2.905110965495596800E-016, -1.999999999999999600 ) ) ;
#6299 = CARTESIAN_POINT ( 'NONE',  ( 23.50416666666666600, 1.545336663013165100, -0.8922005383792486200 ) ) ;
#6300 = CARTESIAN_POINT ( 'NONE',  ( -21.55000000000000100, 1.545336663013165700, 0.0000000000000000000 ) ) ;
#6301 = CARTESIAN_POINT ( 'NONE',  ( -24.11666666666666700, -0.7726683315065825400, 1.338300807568873800 ) ) ;
#6302 = VERTEX_POINT ( 'NONE', #1168 ) ;
#6303 = VERTEX_POINT ( 'NONE', #2736 ) ;
#6304 = CARTESIAN_POINT ( 'NONE',  ( -20.32499999999999600, -3.277891600571078100E-016, -1.784401076758498400 ) ) ;
#6305 = CARTESIAN_POINT ( 'NONE',  ( -16.40000000000000200, 1.631137673396236800, -1.157320133077927700 ) ) ;
#6306 = CARTESIAN_POINT ( 'NONE',  ( -25.77916666666666900, -0.9999999999999993300, 1.732050807568877200 ) ) ;
#6307 = CARTESIAN_POINT ( 'NONE',  ( -18.83749999999999900, 2.905110965495596800E-016, 1.999999999999999600 ) ) ;
#6308 = VERTEX_POINT ( 'NONE', #2238 ) ;
#6309 = CARTESIAN_POINT ( 'NONE',  ( 22.71666666666666500, 0.9999999999999985600, 1.732050807568878100 ) ) ;
#6310 = CARTESIAN_POINT ( 'NONE',  ( -16.40000000000000200, 2.449293598294706400E-016, -2.000000000000000000 ) ) ;
#6311 = ADVANCED_FACE ( 'NONE', ( #2879 ), #5180, .T. ) ;
#6312 = CARTESIAN_POINT ( 'NONE',  ( -19.27499999999999900, -8.715332896486790000E-016, -1.999999999999999600 ) ) ;
#6313 = CARTESIAN_POINT ( 'NONE',  ( 18.13749999999999900, -3.277891600571076600E-016, 1.784401076758497700 ) ) ;
#6314 = AXIS2_PLACEMENT_3D ( 'NONE', #1232, #2280, #4527 ) ;
#6315 = CARTESIAN_POINT ( 'NONE',  ( -20.00416666666666600, 1.545336663013165500, 0.8922005383792490600 ) ) ;
#6316 = CARTESIAN_POINT ( 'NONE',  ( 24.87500000000000000, -4.242300954899627700E-016, 2.309401076758502900 ) ) ;
#6317 = DATE_AND_TIME ( #5094, #687 ) ;
#6318 = CARTESIAN_POINT ( 'NONE',  ( 18.72753999999999800, 1.556501082151425100, 0.08397912096093614100 ) ) ;
#6319 = VERTEX_POINT ( 'NONE', #2320 ) ;
#6320 = CARTESIAN_POINT ( 'NONE',  ( -27.46578971905346500, -3.855830693249141700, 1.321505333908960200 ) ) ;
#6321 = CARTESIAN_POINT ( 'NONE',  ( 23.85416666666666400, -1.545336663013165300, 0.8922005383792482900 ) ) ;
#6322 = EDGE_CURVE ( 'NONE', #6722, #6020, #1362, .T. ) ;
#6323 = CARTESIAN_POINT ( 'NONE',  ( -18.69166666666667000, 1.545336663013165700, 0.8922005383792489500 ) ) ;
#6324 = CARTESIAN_POINT ( 'NONE',  ( -20.79166666666666400, 1.545336663013165500, 0.8922005383792490600 ) ) ;
#6325 = CYLINDRICAL_SURFACE ( 'NONE', #3681, 2.000000000000000000 ) ;
#6326 = CARTESIAN_POINT ( 'NONE',  ( 20.82083333333333300, -1.999999999999999600, -1.154700538379252600 ) ) ;
#6327 = CARTESIAN_POINT ( 'NONE',  ( -27.64583333333333600, 0.7726683315065830900, 1.338300807568873600 ) ) ;
#6328 = CARTESIAN_POINT ( 'NONE',  ( 17.50000000000000000, 0.0000000000000000000, 4.000000000000000000 ) ) ;
#6329 = CARTESIAN_POINT ( 'NONE',  ( -21.17083333333333800, 1.999999999999998700, -1.154700538379252100 ) ) ;
#6330 = CARTESIAN_POINT ( 'NONE',  ( 25.19583333333333300, 1.000000000000000200, -1.732050807568877200 ) ) ;
#6331 = CYLINDRICAL_SURFACE ( 'NONE', #2488, 2.000000000000000000 ) ;
#6332 = DIRECTION ( 'NONE',  ( -1.000000000000000000, -0.0000000000000000000, -0.0000000000000000000 ) ) ;
#6333 = EDGE_CURVE ( 'NONE', #3426, #6296, #147, .T. ) ;
#6334 =( BOUNDED_SURFACE ( )  B_SPLINE_SURFACE ( 1, 2, ( 
 ( #1369, #5533, #5443, #2318, #6499, #4410, #1300, #1835, #2338, #5994, #2925, #3008, #1391, #910, #2490, #6591, #932, #1479, #6660, #4051, #4597, #1969, #3458, #3518, #5128, #2425, #403, #5108, #2014, #4006, #953, #6082, #2948, #888, #4572, #5085, #6681, #6615, #2446, #2404, #6059, #6152, #5601, #3476, #4071, #4547, #3540, #344, #1948, #2467, #6128, #1460, #426, #1436, #3983, #5623, #4525, #383, #1925, #365, #1991, #868, #3498, #2988, #1415, #4501, #5038, #5555, #5063, #6108, #2967, #5581, #6640, #4030, #6177, #2058, #6726, #3032, #998, #1505, #5150, #3609, #2036, #4091, #5236, #6223, #3120, #3563, #1573, #5730, #3583, #1059, #4643, #5711, #5687, #2513, #4669, #4710, #1527, #4177, #973, #1594, #497, #5217, #1547, #2562, #2080, #5176, #6703, #4137, #5666, #5199, #6749, #2536, #473, #6773, #1016, #2586, #6249, #3058, #3104, #519, #3083, #3632, #4158, #2608, #1038, #4686, #2102, #6264, #18, #3654, #449, #5644, #6198, #4622, #538, #4113, #2631, #2723, #1083, #607, #2203, #6290, #626, #1178, #6357, #3750, #4286, #1662, #3144, #3215, #4825, #2139, #110, #4804, #1709, #3700, #648, #5776, #2653, #579, #4264, #4780, #6379, #6313, #2160, #2116, #5756, #5849, #5300, #3167, #3774, #4239, #3239, #42, #1637, #2183, #5825, #1156, #136, #1129, #3676, #5327, #4219, #85, #1617 ),
 ( #1686, #558, #2701, #4198, #5800, #2674, #4733, #6338, #5256, #65, #5277, #1104, #4756, #3189, #3722, #4851, #3308, #1733, #3799, #4939, #5917, #2831, #3261, #1270, #5437, #3285, #766, #4336, #5416, #5393, #2227, #4357, #4402, #1222, #3890, #676, #1293, #202, #4918, #1246, #2269, #1777, #4872, #6401, #3842, #5373, #4895, #6447, #2248, #182, #6471, #719, #2290, #5942, #2764, #2811, #227, #1758, #3332, #2789, #2311, #3869, #744, #4379, #1804, #5963, #6492, #5873, #5349, #5895, #4310, #3358, #158, #2746, #247, #1198, #6425, #3821, #696, #338, #882, #6052, #3452, #4000, #1364, #2851, #2919, #4517, #1852, #6583, #4495, #1408, #3406, #362, #5480, #2353, #291, #3977, #4473, #6074, #6009, #1875, #1828, #5459, #1918, #5009, #2876, #3469, #3955, #2419, #2331, #1343, #1896, #5527, #862, #6608, #836, #5989, #5032, #3930, #6562, #1317, #6534, #1384, #5550, #2898, #2396, #808, #2941, #6514, #3381, #271, #5502, #2374, #3908, #6033, #789, #4426, #4985, #4451, #4964, #3430, #318, #2588, #168, #3520, #5672, #3593, #3894, #770, #2313, #6429, #5398, #2855, #6452, #747, #723, #4316, #6474, #6516, #3314, #5991, #5899, #3384, #5420, #3361, #3336, #4361, #3873, #206, #1738, #2293, #701, #231, #1784, #4341, #2274, #1808, #5944, #2815, #4382, #4876, #4922, #5967, #3846, #1274, #1250 ) ),
 .UNSPECIFIED., .F., .F., .T. ) 
 B_SPLINE_SURFACE_WITH_KNOTS ( ( 2, 2 ),
 ( 3, 2, 2, 2, 2, 2, 2, 2, 2, 2, 2, 2, 2, 2, 2, 2, 2, 2, 2, 2, 2, 2, 2, 2, 2, 2, 2, 2, 2, 2, 2, 2, 2, 2, 2, 2, 2, 2, 2, 2, 2, 2, 2, 2, 2, 2, 2, 2, 2, 2, 2, 2, 2, 2, 2, 2, 2, 2, 2, 2, 2, 2, 2, 2, 2, 2, 2, 2, 2, 2, 2, 2, 2, 2, 2, 2, 2, 2, 2, 2, 2, 2, 2, 2, 2, 2, 2, 2, 2, 2, 2, 2, 2, 3 ),
 ( 0.0000000000000000000, 1.000000000000000000 ),
 ( 0.0000000000000000000, 0.01041666666666666600, 0.02083333333333333200, 0.03125000000000000000, 0.04166666666666666400, 0.05208333333333333600, 0.06250000000000000000, 0.07291666666666667100, 0.08333333333333332900, 0.09375000000000000000, 0.1041666666666666700, 0.1145833333333333300, 0.1250000000000000000, 0.1354166666666666600, 0.1458333333333333400, 0.1562500000000000000, 0.1666666666666666600, 0.1770833333333333400, 0.1875000000000000000, 0.1979166666666666600, 0.2083333333333333400, 0.2187500000000000000, 0.2291666666666666600, 0.2395833333333333400, 0.2500000000000000000, 0.2604166666666666900, 0.2708333333333333100, 0.2812500000000000000, 0.2916666666666666900, 0.3020833333333333100, 0.3125000000000000000, 0.3229166666666666900, 0.3333333333333333100, 0.3437500000000000000, 0.3541666666666666900, 0.3645833333333333100, 0.3750000000000000000, 0.3854166666666666900, 0.3958333333333333100, 0.4062500000000000000, 0.4166666666666666900, 0.4270833333333333100, 0.4375000000000000000, 0.4479166666666666900, 0.4583333333333333100, 0.4687500000000000000, 0.4791666666666666900, 0.4895833333333333100, 0.5000000000000000000, 0.5104166666666666300, 0.5208333333333333700, 0.5312500000000000000, 0.5416666666666666300, 0.5520833333333333700, 0.5625000000000000000, 0.5729166666666666300, 0.5833333333333333700, 0.5937500000000000000, 0.6041666666666666300, 0.6145833333333333700, 0.6250000000000000000, 0.6354166666666666300, 0.6458333333333333700, 0.6562500000000000000, 0.6666666666666666300, 0.6770833333333333700, 0.6875000000000000000, 0.6979166666666666300, 0.7083333333333333700, 0.7187500000000000000, 0.7291666666666666300, 0.7395833333333333700, 0.7500000000000000000, 0.7604166666666666300, 0.7708333333333333700, 0.7812500000000000000, 0.7916666666666666300, 0.8020833333333333700, 0.8125000000000000000, 0.8229166666666666300, 0.8333333333333333700, 0.8437500000000000000, 0.8541666666666666300, 0.8645833333333333700, 0.8750000000000000000, 0.8854166666666666300, 0.8958333333333333700, 0.9062500000000000000, 0.9166666666666666300, 0.9270833333333333700, 0.9375000000000000000, 0.9479166666666666300, 0.9553146621241275200, 0.9648678087453688200 ),
 .UNSPECIFIED. ) 
 GEOMETRIC_REPRESENTATION_ITEM ( )  RATIONAL_B_SPLINE_SURFACE ( (
 ( 1.000000000000000000, 0.8660254037844387100, 1.000000000000000000, 0.8660254037844387100, 1.000000000000000000, 0.8660254037844387100, 1.000000000000000000, 0.8660254037844387100, 1.000000000000000000, 0.8660254037844387100, 1.000000000000000000, 0.8660254037844387100, 1.000000000000000000, 0.8660254037844387100, 1.000000000000000000, 0.8660254037844387100, 1.000000000000000000, 0.8660254037844387100, 1.000000000000000000, 0.8660254037844387100, 1.000000000000000000, 0.8660254037844387100, 1.000000000000000000, 0.8660254037844387100, 1.000000000000000000, 0.8660254037844387100, 1.000000000000000000, 0.8660254037844387100, 1.000000000000000000, 0.8660254037844387100, 1.000000000000000000, 0.8660254037844387100, 1.000000000000000000, 0.8660254037844387100, 1.000000000000000000, 0.8660254037844387100, 1.000000000000000000, 0.8660254037844387100, 1.000000000000000000, 0.8660254037844387100, 1.000000000000000000, 0.8660254037844387100, 1.000000000000000000, 0.8660254037844387100, 1.000000000000000000, 0.8660254037844387100, 1.000000000000000000, 0.8660254037844387100, 1.000000000000000000, 0.8660254037844387100, 1.000000000000000000, 0.8660254037844387100, 1.000000000000000000, 0.8660254037844387100, 1.000000000000000000, 0.8660254037844387100, 1.000000000000000000, 0.8660254037844387100, 1.000000000000000000, 0.8660254037844387100, 1.000000000000000000, 0.8660254037844387100, 1.000000000000000000, 0.8660254037844387100, 1.000000000000000000, 0.8660254037844387100, 1.000000000000000000, 0.8660254037844387100, 1.000000000000000000, 0.8660254037844387100, 1.000000000000000000, 0.8660254037844387100, 1.000000000000000000, 0.8660254037844387100, 1.000000000000000000, 0.8660254037844387100, 1.000000000000000000, 0.8660254037844387100, 1.000000000000000000, 0.8660254037844387100, 1.000000000000000000, 0.8660254037844387100, 1.000000000000000000, 0.8660254037844387100, 1.000000000000000000, 0.8660254037844387100, 1.000000000000000000, 0.8660254037844387100, 1.000000000000000000, 0.8660254037844387100, 1.000000000000000000, 0.8660254037844387100, 1.000000000000000000, 0.8660254037844387100, 1.000000000000000000, 0.8660254037844387100, 1.000000000000000000, 0.8660254037844387100, 1.000000000000000000, 0.8660254037844387100, 1.000000000000000000, 0.8660254037844387100, 1.000000000000000000, 0.8660254037844387100, 1.000000000000000000, 0.8660254037844387100, 1.000000000000000000, 0.8660254037844387100, 1.000000000000000000, 0.8660254037844387100, 1.000000000000000000, 0.8660254037844387100, 1.000000000000000000, 0.8660254037844387100, 1.000000000000000000, 0.8660254037844387100, 1.000000000000000000, 0.8660254037844387100, 1.000000000000000000, 0.8660254037844387100, 1.000000000000000000, 0.8660254037844387100, 1.000000000000000000, 0.8660254037844387100, 1.000000000000000000, 0.8660254037844387100, 1.000000000000000000, 0.8660254037844387100, 1.000000000000000000, 0.8660254037844387100, 1.000000000000000000, 0.8660254037844387100, 1.000000000000000000, 0.8660254037844387100, 1.000000000000000000, 0.8660254037844387100, 1.000000000000000000, 0.8660254037844387100, 1.000000000000000000, 0.8660254037844387100, 1.000000000000000000, 0.8660254037844387100, 1.000000000000000000, 0.8660254037844387100, 1.000000000000000000, 0.8660254037844387100, 1.000000000000000000, 0.8660254037844387100, 1.000000000000000000, 0.8660254037844387100, 1.000000000000000000, 0.8660254037844387100, 1.000000000000000000, 0.8660254037844387100, 1.000000000000000000, 0.8660254037844387100, 1.000000000000000000, 0.8660254037844387100, 1.000000000000000000, 0.8660254037844387100, 1.000000000000000000, 0.8660254037844387100, 1.000000000000000000, 0.8660254037844387100, 1.000000000000000000, 0.8660254037844387100, 1.000000000000000000, 0.8660254037844387100, 1.000000000000000000, 0.8660254037844387100, 1.000000000000000000, 0.8660254037844387100, 1.000000000000000000, 0.8660254037844387100, 1.000000000000000000, 0.8660254037844387100, 1.000000000000000000, 0.8660254037844387100, 1.000000000000000000, 0.8660254037844387100, 1.000000000000000000, 0.8660254037844387100, 1.000000000000000000, 0.9048502283950842200, 0.9448526317875962600, 0.9448526317875962600, 0.9448526317875962600),
 ( 1.000000000000000000, 0.8660254037844387100, 1.000000000000000000, 0.8660254037844387100, 1.000000000000000000, 0.8660254037844387100, 1.000000000000000000, 0.8660254037844387100, 1.000000000000000000, 0.8660254037844387100, 1.000000000000000000, 0.8660254037844387100, 1.000000000000000000, 0.8660254037844387100, 1.000000000000000000, 0.8660254037844387100, 1.000000000000000000, 0.8660254037844387100, 1.000000000000000000, 0.8660254037844387100, 1.000000000000000000, 0.8660254037844387100, 1.000000000000000000, 0.8660254037844387100, 1.000000000000000000, 0.8660254037844387100, 1.000000000000000000, 0.8660254037844387100, 1.000000000000000000, 0.8660254037844387100, 1.000000000000000000, 0.8660254037844387100, 1.000000000000000000, 0.8660254037844387100, 1.000000000000000000, 0.8660254037844387100, 1.000000000000000000, 0.8660254037844387100, 1.000000000000000000, 0.8660254037844387100, 1.000000000000000000, 0.8660254037844387100, 1.000000000000000000, 0.8660254037844387100, 1.000000000000000000, 0.8660254037844387100, 1.000000000000000000, 0.8660254037844387100, 1.000000000000000000, 0.8660254037844387100, 1.000000000000000000, 0.8660254037844387100, 1.000000000000000000, 0.8660254037844387100, 1.000000000000000000, 0.8660254037844387100, 1.000000000000000000, 0.8660254037844387100, 1.000000000000000000, 0.8660254037844387100, 1.000000000000000000, 0.8660254037844387100, 1.000000000000000000, 0.8660254037844387100, 1.000000000000000000, 0.8660254037844387100, 1.000000000000000000, 0.8660254037844387100, 1.000000000000000000, 0.8660254037844387100, 1.000000000000000000, 0.8660254037844387100, 1.000000000000000000, 0.8660254037844387100, 1.000000000000000000, 0.8660254037844387100, 1.000000000000000000, 0.8660254037844387100, 1.000000000000000000, 0.8660254037844387100, 1.000000000000000000, 0.8660254037844387100, 1.000000000000000000, 0.8660254037844387100, 1.000000000000000000, 0.8660254037844387100, 1.000000000000000000, 0.8660254037844387100, 1.000000000000000000, 0.8660254037844387100, 1.000000000000000000, 0.8660254037844387100, 1.000000000000000000, 0.8660254037844387100, 1.000000000000000000, 0.8660254037844387100, 1.000000000000000000, 0.8660254037844387100, 1.000000000000000000, 0.8660254037844387100, 1.000000000000000000, 0.8660254037844387100, 1.000000000000000000, 0.8660254037844387100, 1.000000000000000000, 0.8660254037844387100, 1.000000000000000000, 0.8660254037844387100, 1.000000000000000000, 0.8660254037844387100, 1.000000000000000000, 0.8660254037844387100, 1.000000000000000000, 0.8660254037844387100, 1.000000000000000000, 0.8660254037844387100, 1.000000000000000000, 0.8660254037844387100, 1.000000000000000000, 0.8660254037844387100, 1.000000000000000000, 0.8660254037844387100, 1.000000000000000000, 0.8660254037844387100, 1.000000000000000000, 0.8660254037844387100, 1.000000000000000000, 0.8660254037844387100, 1.000000000000000000, 0.8660254037844387100, 1.000000000000000000, 0.8660254037844387100, 1.000000000000000000, 0.8660254037844387100, 1.000000000000000000, 0.8660254037844387100, 1.000000000000000000, 0.8660254037844387100, 1.000000000000000000, 0.8660254037844387100, 1.000000000000000000, 0.8660254037844387100, 1.000000000000000000, 0.8660254037844387100, 1.000000000000000000, 0.8660254037844387100, 1.000000000000000000, 0.8660254037844387100, 1.000000000000000000, 0.8660254037844387100, 1.000000000000000000, 0.8660254037844387100, 1.000000000000000000, 0.8660254037844387100, 1.000000000000000000, 0.8660254037844387100, 1.000000000000000000, 0.8660254037844387100, 1.000000000000000000, 0.8660254037844387100, 1.000000000000000000, 0.8660254037844387100, 1.000000000000000000, 0.8660254037844387100, 1.000000000000000000, 0.8660254037844387100, 1.000000000000000000, 0.8660254037844387100, 1.000000000000000000, 0.8660254037844387100, 1.000000000000000000, 0.8660254037844387100, 1.000000000000000000, 0.8660254037844387100, 1.000000000000000000, 0.8660254037844387100, 1.000000000000000000, 0.8660254037844387100, 1.000000000000000000, 0.8660254037844387100, 1.000000000000000000, 0.8660254037844387100, 1.000000000000000000, 0.9048502283950842200, 0.9448526317875962600, 0.9448526317875962600, 0.9448526317875962600) ) ) 
 REPRESENTATION_ITEM ( '' )  SURFACE ( )  );
#6335 = CARTESIAN_POINT ( 'NONE',  ( -17.11666666666666700, 0.9999999999999983300, -1.732050807568877900 ) ) ;
#6336 = CIRCLE ( 'NONE', #5455, 1.542796663013164900 ) ;
#6337 = CARTESIAN_POINT ( 'NONE',  ( 19.91876079773504300, -0.5358993897435375700, 1.999999419831515900 ) ) ;
#6338 = CARTESIAN_POINT ( 'NONE',  ( 27.44166666666666600, -1.545336663013165300, 0.8922005383792482900 ) ) ;
#6339 = VECTOR ( 'NONE', #6100, 1000.000000000000000 ) ;
#6340 = CARTESIAN_POINT ( 'NONE',  ( -17.78750000000000500, 1.092630533523692700E-016, 1.784401076758498400 ) ) ;
#6341 = CARTESIAN_POINT ( 'NONE',  ( 25.86666666666666700, -0.9999999999999995600, -1.732050807568877400 ) ) ;
#6342 = CARTESIAN_POINT ( 'NONE',  ( 18.86460951463655200, -1.388338269392280300, 0.9765365648666620700 ) ) ;
#6343 = CARTESIAN_POINT ( 'NONE',  ( -27.34132451847150600, 4.240386000424031500, -0.6554360035617924400 ) ) ;
#6344 = CARTESIAN_POINT ( 'NONE',  ( 23.15416666666666900, -1.545336663013165300, 0.8922005383792482900 ) ) ;
#6345 = CARTESIAN_POINT ( 'NONE',  ( -21.08333333333333200, -0.7726683315065834300, -1.338300807568873400 ) ) ;
#6346 = CARTESIAN_POINT ( 'NONE',  ( -17.17500000000000100, 1.092630533523692700E-016, 1.784401076758498400 ) ) ;
#6347 = CARTESIAN_POINT ( 'NONE',  ( -17.87500000000000400, 1.092630533523692700E-016, 1.784401076758498400 ) ) ;
#6348 = CARTESIAN_POINT ( 'NONE',  ( -27.23749999999999700, 2.905110965495596800E-016, 1.999999999999999600 ) ) ;
#6349 = CARTESIAN_POINT ( 'NONE',  ( -22.16250000000000100, -1.999999999999999600, 2.449293598294705900E-016 ) ) ;
#6350 = VERTEX_POINT ( 'NONE', #2382 ) ;
#6351 = CARTESIAN_POINT ( 'NONE',  ( 28.11250000000000100, 2.000000000000000000, 0.0000000000000000000 ) ) ;
#6352 = CARTESIAN_POINT ( 'NONE',  ( -24.61250000000000100, -1.545336663013165700, 1.892491597964125200E-016 ) ) ;
#6353 = CARTESIAN_POINT ( 'NONE',  ( 23.70833333333333600, -1.999999999999999600, -1.154700538379252600 ) ) ;
#6354 = CARTESIAN_POINT ( 'NONE',  ( -27.49999999999999600, 0.0000000000000000000, 0.0000000000000000000 ) ) ;
#6355 = ORIENTED_EDGE ( 'NONE', *, *, #590, .F. ) ;
#6356 = CARTESIAN_POINT ( 'NONE',  ( -26.99453666301307900, 1.269955597890995500, 0.8804988253472592100 ) ) ;
#6357 = CARTESIAN_POINT ( 'NONE',  ( 19.24583333333333000, 0.7726683315065827600, -1.338300807568873200 ) ) ;
#6358 = CARTESIAN_POINT ( 'NONE',  ( -16.91250000000000500, -1.545336663013165700, 1.892491597964125200E-016 ) ) ;
#6359 = CARTESIAN_POINT ( 'NONE',  ( 26.15833333333333900, 1.999999999999999300, 1.154700538379252800 ) ) ;
#6360 = CARTESIAN_POINT ( 'NONE',  ( 17.50000000000000000, 2.449293598294706400E-016, 2.000000000000000000 ) ) ;
#6361 = EDGE_CURVE ( 'NONE', #6221, #4344, #935, .T. ) ;
#6362 = ORIENTED_EDGE ( 'NONE', *, *, #38, .T. ) ;
#6363 = CARTESIAN_POINT ( 'NONE',  ( 26.80000000000000100, -1.545336663013165100, -1.892491597964124500E-016 ) ) ;
#6364 = CARTESIAN_POINT ( 'NONE',  ( 18.37083333333333000, -1.545336663013164600, -0.8922005383792492900 ) ) ;
#6365 = CARTESIAN_POINT ( 'NONE',  ( -21.60833333333333400, 1.545336663013165300, -0.8922005383792500600 ) ) ;
#6366 = CARTESIAN_POINT ( 'NONE',  ( -19.39166666666666900, 1.545336663013165500, 0.8922005383792490600 ) ) ;
#6367 = ORIENTED_EDGE ( 'NONE', *, *, #6368, .T. ) ;
#6368 = EDGE_CURVE ( 'NONE', #5965, #3162, #5584, .T. ) ;
#6369 = CARTESIAN_POINT ( 'NONE',  ( -19.68333333333333400, -0.7726683315065834300, -1.338300807568873400 ) ) ;
#6370 = CARTESIAN_POINT ( 'NONE',  ( -22.86250000000000100, -1.999999999999999600, 2.449293598294705900E-016 ) ) ;
#6371 = CARTESIAN_POINT ( 'NONE',  ( 27.70416666666666600, -2.000000000000000400, 1.154700538379250600 ) ) ;
#6372 = CARTESIAN_POINT ( 'NONE',  ( -25.60416666666667100, 1.545336663013165700, 0.8922005383792489500 ) ) ;
#6373 = VERTEX_POINT ( 'NONE', #3941 ) ;
#6374 = DIRECTION ( 'NONE',  ( 0.0000000000000000000, 0.0000000000000000000, -1.000000000000000000 ) ) ;
#6375 = CARTESIAN_POINT ( 'NONE',  ( 27.01066455089363700, -0.2584047914514976400, 1.964335449106359600 ) ) ;
#6376 =( BOUNDED_CURVE ( )  B_SPLINE_CURVE ( 2, ( #5255, #4755, #5325, #1127, #1103, #3721, #1636, #3699, #3188 ),
 .UNSPECIFIED., .F., .T. ) 
 B_SPLINE_CURVE_WITH_KNOTS ( ( 3, 2, 2, 2, 3 ),
 ( 0.9531250000000000000, 0.9583333333333333700, 0.9687500000000000000, 0.9791666666666666300, 0.9843750000000000000 ),
 .UNSPECIFIED. ) 
 CURVE ( )  GEOMETRIC_REPRESENTATION_ITEM ( )  RATIONAL_B_SPLINE_CURVE ( ( 0.9330127018922194100, 0.9330127018922194100, 1.000000000000000000, 0.8660254037844387100, 1.000000000000000000, 0.8660254037844387100, 1.000000000000000000, 0.9330127018922194100, 0.9330127018922194100 ) ) 
 REPRESENTATION_ITEM ( '' )  );
#6377 = ORIENTED_EDGE ( 'NONE', *, *, #260, .T. ) ;
#6378 = CARTESIAN_POINT ( 'NONE',  ( 21.34373926088303700, 0.5358983848622442800, 2.000000000000000000 ) ) ;
#6379 = CARTESIAN_POINT ( 'NONE',  ( 18.19583333333333600, -0.7726683315065832100, 1.338300807568872900 ) ) ;
#6380 = AXIS2_PLACEMENT_3D ( 'NONE', #5823, #64, #1176 ) ;
#6381 = CARTESIAN_POINT ( 'NONE',  ( -17.26249999999999900, 1.545336663013165700, 0.0000000000000000000 ) ) ;
#6382 = CARTESIAN_POINT ( 'NONE',  ( 22.19166666666666600, -2.000000000000000400, 1.154700538379250600 ) ) ;
#6383 = ORIENTED_EDGE ( 'NONE', *, *, #2823, .F. ) ;
#6384 = CARTESIAN_POINT ( 'NONE',  ( -27.49999999999999600, 0.0000000000000000000, -4.000000000000000000 ) ) ;
#6385 = ORIENTED_EDGE ( 'NONE', *, *, #946, .T. ) ;
#6386 = CARTESIAN_POINT ( 'NONE',  ( 27.03333333333333100, 0.7726683315065827600, -1.338300807568873200 ) ) ;
#6387 = CARTESIAN_POINT ( 'NONE',  ( -25.28333333333333500, 1.000000000000000000, 1.732050807568877000 ) ) ;
#6388 = CARTESIAN_POINT ( 'NONE',  ( 20.76249999999999900, 1.545336663013165100, 0.0000000000000000000 ) ) ;
#6389 = CARTESIAN_POINT ( 'NONE',  ( -17.93333333333333400, 0.7726683315065830900, 1.338300807568873600 ) ) ;
#6390 = CARTESIAN_POINT ( 'NONE',  ( -18.98333333333333100, -0.7726683315065834300, -1.338300807568873400 ) ) ;
#6391 = ORIENTED_EDGE ( 'NONE', *, *, #411, .T. ) ;
#6392 = CARTESIAN_POINT ( 'NONE',  ( -18.51666666666666600, -0.7726683315065825400, 1.338300807568873800 ) ) ;
#6393 = CARTESIAN_POINT ( 'NONE',  ( -18.57500000000000300, -8.715332896486790000E-016, -1.999999999999999600 ) ) ;
#6394 = CARTESIAN_POINT ( 'NONE',  ( -21.75416666666666600, 1.999999999999999800, 1.154700538379251000 ) ) ;
#6395 = CARTESIAN_POINT ( 'NONE',  ( 26.59583333333333500, 1.000000000000000200, -1.732050807568877200 ) ) ;
#6396 = CARTESIAN_POINT ( 'NONE',  ( -26.12916666666667000, -0.7726683315065825400, 1.338300807568873800 ) ) ;
#6397 = CARTESIAN_POINT ( 'NONE',  ( -23.15416666666667200, 1.999999999999999600, 1.154700538379251000 ) ) ;
#6398 = LINE ( 'NONE', #3211, #4033 ) ;
#6399 = CARTESIAN_POINT ( 'NONE',  ( 17.46538474574033400, 0.7872882664527933700, -4.000000000000002700 ) ) ;
#6400 = CARTESIAN_POINT ( 'NONE',  ( 19.18220333698677000, 1.490810385533044600, 1.333223310022298500 ) ) ;
#6401 = CARTESIAN_POINT ( 'NONE',  ( 25.34166666666666500, -1.545336663013165300, 0.8922005383792482900 ) ) ;
#6402 = CARTESIAN_POINT ( 'NONE',  ( -20.23750000000000100, -3.277891600571078100E-016, -1.784401076758498400 ) ) ;
#6403 = CARTESIAN_POINT ( 'NONE',  ( 24.58333333333333200, 1.000000000000000200, -1.732050807568877200 ) ) ;
#6404 = CARTESIAN_POINT ( 'NONE',  ( 27.50000000000000000, 2.127823813518526600E-016, -1.474999999999999000 ) ) ;
#6405 = VECTOR ( 'NONE', #2883, 1000.000000000000000 ) ;
#6406 = CARTESIAN_POINT ( 'NONE',  ( 27.26666666666666900, 0.7726683315065814300, 1.338300807568873800 ) ) ;
#6407 = CARTESIAN_POINT ( 'NONE',  ( -23.70623926088303800, -0.5358983848622449500, 1.999999999999999600 ) ) ;
#6408 = DIRECTION ( 'NONE',  ( 1.000000000000000000, 0.0000000000000000000, 0.0000000000000000000 ) ) ;
#6409 = CARTESIAN_POINT ( 'NONE',  ( 19.24583333333333000, 0.7726683315065827600, -1.338300807568873200 ) ) ;
#6410 = ADVANCED_FACE ( 'NONE', ( #1346 ), #6325, .F. ) ;
#6411 = EDGE_CURVE ( 'NONE', #5396, #6020, #6486, .T. ) ;
#6412 = CARTESIAN_POINT ( 'NONE',  ( -18.10833333333333100, 1.545336663013165100, -0.8922005383792499500 ) ) ;
#6413 = CYLINDRICAL_SURFACE ( 'NONE', #4586, 2.000000000000000000 ) ;
#6414 = CARTESIAN_POINT ( 'NONE',  ( 25.69166666666667000, -2.000000000000000400, 1.154700538379250800 ) ) ;
#6415 = FACE_OUTER_BOUND ( 'NONE', #837, .T. ) ;
#6416 = CARTESIAN_POINT ( 'NONE',  ( -18.80833333333333400, 1.545336663013165100, -0.8922005383792499500 ) ) ;
#6417 =( BOUNDED_CURVE ( )  B_SPLINE_CURVE ( 2, ( #1353, #4977, #4461, #3397, #283, #5449, #3883, #6506, #3921 ),
 .UNSPECIFIED., .F., .T. ) 
 B_SPLINE_CURVE_WITH_KNOTS ( ( 3, 2, 2, 2, 3 ),
 ( 0.5070318803715627700, 0.5124838472068222700, 0.5233877588495206000, 0.5342916704922189300, 0.5397436263135679800 ),
 .UNSPECIFIED. ) 
 CURVE ( )  GEOMETRIC_REPRESENTATION_ITEM ( )  RATIONAL_B_SPLINE_CURVE ( ( 0.9330127018924927500, 0.9330125665660871100, 1.000000000000000000, 0.8660254037844387100, 1.000000000000000000, 0.8660254037844387100, 1.000000000000000000, 0.9330127018922207400, 0.9330127018922193000 ) ) 
 REPRESENTATION_ITEM ( '' )  );
#6418 = CARTESIAN_POINT ( 'NONE',  ( -18.92499999999999700, 2.905110965495596800E-016, 1.999999999999999600 ) ) ;
#6419 = CARTESIAN_POINT ( 'NONE',  ( -21.28750000000000100, -4.242300954899626700E-016, -2.309401076758502500 ) ) ;
#6420 = CARTESIAN_POINT ( 'NONE',  ( 17.52499999999999900, -3.277891600571076600E-016, 1.784401076758497700 ) ) ;
#6421 = CARTESIAN_POINT ( 'NONE',  ( -25.25416666666666600, -1.545336663013166400, -0.8922005383792486200 ) ) ;
#6422 = CONICAL_SURFACE ( 'NONE', #5721, 4.000000000000000000, 1.047197551196600100 ) ;
#6423 = AXIS2_PLACEMENT_3D ( 'NONE', #5472, #310, #4933 ) ;
#6424 = DIRECTION ( 'NONE',  ( 0.0000000000000000000, 0.0000000000000000000, 1.000000000000000000 ) ) ;
#6425 = CARTESIAN_POINT ( 'NONE',  ( 23.41666666666666400, -0.7726683315065822100, -1.338300807568873400 ) ) ;
#6426 = CARTESIAN_POINT ( 'NONE',  ( -25.28333333333333500, 1.000000000000000000, 1.732050807568877000 ) ) ;
#6427 = CARTESIAN_POINT ( 'NONE',  ( 23.70833333333333600, -1.999999999999999800, -1.154700538379252100 ) ) ;
#6428 = ORIENTED_EDGE ( 'NONE', *, *, #550, .T. ) ;
#6429 = CARTESIAN_POINT ( 'NONE',  ( 19.04166666666666800, -1.545336663013165300, 0.8922005383792482900 ) ) ;
#6430 = AXIS2_PLACEMENT_3D ( 'NONE', #4803, #606, #2267 ) ;
#6431 = CARTESIAN_POINT ( 'NONE',  ( 26.85833333333333100, -1.545336663013164600, -0.8922005383792492900 ) ) ;
#6432 = CARTESIAN_POINT ( 'NONE',  ( -16.98172415493342100, 1.631137673396183100, -1.157320133078001600 ) ) ;
#6433 = CARTESIAN_POINT ( 'NONE',  ( 23.09583333333333500, 1.000000000000000200, -1.732050807568877200 ) ) ;
#6434 = CARTESIAN_POINT ( 'NONE',  ( 19.36249999999999700, 1.545336663013165100, 0.0000000000000000000 ) ) ;
#6435 = CARTESIAN_POINT ( 'NONE',  ( -18.05000000000000100, 1.545336663013165700, 0.0000000000000000000 ) ) ;
#6436 = CARTESIAN_POINT ( 'NONE',  ( -19.79999999999999700, -1.545336663013165700, 1.892491597964125200E-016 ) ) ;
#6437 = EDGE_LOOP ( 'NONE', ( #5287, #194, #1567, #2287 ) ) ;
#6438 = CARTESIAN_POINT ( 'NONE',  ( -16.40000000000000200, 0.0000000000000000000, 0.0000000000000000000 ) ) ;
#6439 = CARTESIAN_POINT ( 'NONE',  ( -25.13750000000000600, -3.277891600571078100E-016, -1.784401076758498400 ) ) ;
#6440 = CARTESIAN_POINT ( 'NONE',  ( -18.89373926088303800, -0.5358983848622449500, 1.999999999999999600 ) ) ;
#6441 = CARTESIAN_POINT ( 'NONE',  ( 25.60416666666667100, -2.000000000000000400, 1.154700538379250600 ) ) ;
#6442 = CARTESIAN_POINT ( 'NONE',  ( -26.07083333333334000, -1.545336663013165300, 0.8922005383792495100 ) ) ;
#6443 = ORIENTED_EDGE ( 'NONE', *, *, #5229, .T. ) ;
#6444 = CARTESIAN_POINT ( 'NONE',  ( -19.88749999999999900, -8.715332896486790000E-016, -1.999999999999999600 ) ) ;
#6445 = CARTESIAN_POINT ( 'NONE',  ( 18.72499999999999800, 1.889380995094290100E-016, -1.542796663013164900 ) ) ;
#6446 = CARTESIAN_POINT ( 'NONE',  ( -20.26666666666666900, -0.9999999999999993300, 1.732050807568877200 ) ) ;
#6447 = CARTESIAN_POINT ( 'NONE',  ( 25.10833333333333100, 1.545336663013164600, 0.8922005383792495100 ) ) ;
#6448 = VERTEX_POINT ( 'NONE', #3898 ) ;
#6449 = CARTESIAN_POINT ( 'NONE',  ( -25.98333333333333400, 1.000000000000000000, 1.732050807568877000 ) ) ;
#6450 = CARTESIAN_POINT ( 'NONE',  ( 24.11666666666666700, 0.9999999999999985600, 1.732050807568878100 ) ) ;
#6451 = EDGE_CURVE ( 'NONE', #1552, #3658, #367, .T. ) ;
#6452 = CARTESIAN_POINT ( 'NONE',  ( 18.86666666666666700, 0.7726683315065814300, 1.338300807568873800 ) ) ;
#6453 = ORIENTED_EDGE ( 'NONE', *, *, #2814, .F. ) ;
#6454 = CARTESIAN_POINT ( 'NONE',  ( -23.76666666666666600, -0.9999999999999993300, 1.732050807568877200 ) ) ;
#6455 = CARTESIAN_POINT ( 'NONE',  ( 18.07916666666666600, 0.7726683315065814300, 1.338300807568873800 ) ) ;
#6456 = CARTESIAN_POINT ( 'NONE',  ( 19.88750012630438500, -2.165218023508107400E-006, 1.999999999998828300 ) ) ;
#6457 = CARTESIAN_POINT ( 'NONE',  ( 19.62500000000000000, 2.905110965495596800E-016, -1.999999999999999600 ) ) ;
#6458 = DIRECTION ( 'NONE',  ( 0.0000000000000000000, 0.0000000000000000000, -1.000000000000000000 ) ) ;
#6459 = VERTEX_POINT ( 'NONE', #3370 ) ;
#6460 = EDGE_CURVE ( 'NONE', #1476, #3897, #405, .T. ) ;
#6461 = CARTESIAN_POINT ( 'NONE',  ( -26.71250000000000200, -1.545336663013165700, 1.892491597964125200E-016 ) ) ;
#6462 = CARTESIAN_POINT ( 'NONE',  ( -16.40000000000000200, 0.0000000000000000000, 0.0000000000000000000 ) ) ;
#6463 = CARTESIAN_POINT ( 'NONE',  ( 22.80416666666666400, -2.000000000000000400, 1.154700538379250600 ) ) ;
#6464 = CARTESIAN_POINT ( 'NONE',  ( -21.22916666666666800, -0.7726683315065825400, 1.338300807568873800 ) ) ;
#6465 = EDGE_LOOP ( 'NONE', ( #2913, #4802, #3913 ) ) ;
#6466 = CARTESIAN_POINT ( 'NONE',  ( 26.42083333333333800, 1.545336663013164400, 0.8922005383792495100 ) ) ;
#6467 = CARTESIAN_POINT ( 'NONE',  ( 17.50000000000000000, 0.0000000000000000000, 0.0000000000000000000 ) ) ;
#6468 = ORIENTED_EDGE ( 'NONE', *, *, #2373, .F. ) ;
#6469 = CARTESIAN_POINT ( 'NONE',  ( 27.42966333698683500, -1.541501209282909500, -0.1495116250135661300 ) ) ;
#6470 = CARTESIAN_POINT ( 'NONE',  ( -26.50623926088303900, -0.5358983848622449500, 1.999999999999999600 ) ) ;
#6471 = CARTESIAN_POINT ( 'NONE',  ( 24.93333333333333000, 0.7726683315065827600, -1.338300807568873200 ) ) ;
#6472 = ORIENTED_EDGE ( 'NONE', *, *, #4921, .F. ) ;
#6473 = CARTESIAN_POINT ( 'NONE',  ( -26.85833333333333400, 1.999999999999998700, -1.154700538379252100 ) ) ;
#6474 = CARTESIAN_POINT ( 'NONE',  ( 18.63333333333333600, 0.7726683315065827600, -1.338300807568873200 ) ) ;
#6475 = CARTESIAN_POINT ( 'NONE',  ( 24.58333333333333200, -0.7726683315065832100, 1.338300807568872900 ) ) ;
#6476 = CARTESIAN_POINT ( 'NONE',  ( -16.40000000000000200, 0.0000000000000000000, 0.0000000000000000000 ) ) ;
#6477 = CARTESIAN_POINT ( 'NONE',  ( -22.45416666666667300, 1.999999999999999600, 1.154700538379251000 ) ) ;
#6478 = DIRECTION ( 'NONE',  ( 1.000000000000000000, 0.0000000000000000000, 0.0000000000000000000 ) ) ;
#6479 = COORDINATED_UNIVERSAL_TIME_OFFSET ( 6, 0, .BEHIND. ) ;
#6480 = ORIENTED_EDGE ( 'NONE', *, *, #1109, .F. ) ;
#6481 = CARTESIAN_POINT ( 'NONE',  ( -25.02083333333333600, 1.545336663013165100, -0.8922005383792499500 ) ) ;
#6482 = CARTESIAN_POINT ( 'NONE',  ( -19.30416666666666700, -2.000000000000000000, -1.154700538379250600 ) ) ;
#6483 = CARTESIAN_POINT ( 'NONE',  ( 23.85416666666666800, 2.000000000000000000, -1.154700538379251200 ) ) ;
#6484 = CARTESIAN_POINT ( 'NONE',  ( -23.15416666666667200, -1.545336663013166400, -0.8922005383792486200 ) ) ;
#6485 = CARTESIAN_POINT ( 'NONE',  ( 24.14583333333333600, -1.000000000000000900, 1.732050807568876700 ) ) ;
#6486 = LINE ( 'NONE', #6503, #4934 ) ;
#6487 = CARTESIAN_POINT ( 'NONE',  ( 27.00416666666666600, 1.545336663013165100, -0.8922005383792486200 ) ) ;
#6488 = CARTESIAN_POINT ( 'NONE',  ( -16.40000000000000200, 2.449293598294706400E-016, -2.000000000000000000 ) ) ;
#6489 = EDGE_CURVE ( 'NONE', #1890, #2375, #6155, .T. ) ;
#6490 = CARTESIAN_POINT ( 'NONE',  ( 27.42966333685553700, -1.524866750028816700, -0.2506926339349012700 ) ) ;
#6491 = CARTESIAN_POINT ( 'NONE',  ( 26.30416666666667100, -2.000000000000000400, 1.154700538379250800 ) ) ;
#6492 = CARTESIAN_POINT ( 'NONE',  ( 24.00000000000000000, -1.545336663013165100, -1.892491597964124500E-016 ) ) ;
#6493 = FACE_OUTER_BOUND ( 'NONE', #6540, .T. ) ;
#6494 = CARTESIAN_POINT ( 'NONE',  ( -24.52500000000000200, 1.414100318299875800E-016, 2.309401076758502500 ) ) ;
#6495 = DIRECTION ( 'NONE',  ( 1.000000000000000000, 0.0000000000000000000, -0.0000000000000000000 ) ) ;
#6496 = CARTESIAN_POINT ( 'NONE',  ( 21.31666666666666300, -0.7726683315065822100, -1.338300807568873400 ) ) ;
#6497 = CYLINDRICAL_SURFACE ( 'NONE', #2880, 2.000000000000000000 ) ;
#6498 = CARTESIAN_POINT ( 'NONE',  ( -23.88333333333333300, 1.000000000000000000, 1.732050807568877000 ) ) ;
#6499 = CARTESIAN_POINT ( 'NONE',  ( 27.52916666666666900, -0.7726683315065822100, -1.338300807568873400 ) ) ;
#6500 = EDGE_CURVE ( 'NONE', #3333, #6303, #5410, .T. ) ;
#6501 =( BOUNDED_CURVE ( )  B_SPLINE_CURVE ( 2, ( #4970, #6081, #3388, #1857, #3982, #5508, #2924, #6015, #6590 ),
 .UNSPECIFIED., .F., .T. ) 
 B_SPLINE_CURVE_WITH_KNOTS ( ( 3, 2, 2, 2, 3 ),
 ( 0.8906250000000000000, 0.8958333333333333700, 0.9062500000000000000, 0.9166666666666666300, 0.9218750000000000000 ),
 .UNSPECIFIED. ) 
 CURVE ( )  GEOMETRIC_REPRESENTATION_ITEM ( )  RATIONAL_B_SPLINE_CURVE ( ( 0.9330127018922194100, 0.9330127018922194100, 1.000000000000000000, 0.8660254037844387100, 1.000000000000000000, 0.8660254037844387100, 1.000000000000000000, 0.9330127018922194100, 0.9330127018922194100 ) ) 
 REPRESENTATION_ITEM ( '' )  );
#6502 = CARTESIAN_POINT ( 'NONE',  ( -23.47499999999999800, -8.715332896486790000E-016, -1.999999999999999600 ) ) ;
#6503 = CARTESIAN_POINT ( 'NONE',  ( 17.50000000000000000, 0.0000000000000000000, -2.000000000000000000 ) ) ;
#6504 = LINE ( 'NONE', #2360, #2332 ) ;
#6505 = CARTESIAN_POINT ( 'NONE',  ( -26.59583333333333500, -0.7726683315065834300, -1.338300807568873400 ) ) ;
#6506 = CARTESIAN_POINT ( 'NONE',  ( 22.36876073911697200, 0.5358983848622562700, -1.999999999999994000 ) ) ;
#6507 = CARTESIAN_POINT ( 'NONE',  ( 23.38749999999999900, -4.242300954899627700E-016, 2.309401076758502900 ) ) ;
#6508 = CARTESIAN_POINT ( 'NONE',  ( -21.05416666666667100, -1.545336663013166400, -0.8922005383792486200 ) ) ;
#6509 = CARTESIAN_POINT ( 'NONE',  ( -16.40000000000000200, 2.449293598294706400E-016, -2.000000000000000000 ) ) ;
#6510 = CARTESIAN_POINT ( 'NONE',  ( -27.49999999999999300, -3.268109542640679000, -2.339468227445662000 ) ) ;
#6511 = EDGE_LOOP ( 'NONE', ( #6636, #186, #4889, #2704 ) ) ;
#6512 = CARTESIAN_POINT ( 'NONE',  ( 26.65626073911696600, 0.5358983848622456100, -1.999999999999999600 ) ) ;
#6513 = CARTESIAN_POINT ( 'NONE',  ( 17.50000000000000000, 2.449293598294706400E-016, 2.000000000000000000 ) ) ;
#6514 = CARTESIAN_POINT ( 'NONE',  ( 20.32499999999999600, -3.277891600571076600E-016, 1.784401076758497700 ) ) ;
#6515 = CARTESIAN_POINT ( 'NONE',  ( -24.17500000000000100, -4.242300954899626700E-016, -2.309401076758502500 ) ) ;
#6516 = CARTESIAN_POINT ( 'NONE',  ( 18.57500000000000300, 1.092630533523692200E-016, -1.784401076758497700 ) ) ;
#6517 = ORIENTED_EDGE ( 'NONE', *, *, #2094, .T. ) ;
#6518 = AXIS2_PLACEMENT_3D ( 'NONE', #1962, #4636, #1520 ) ;
#6519 = CARTESIAN_POINT ( 'NONE',  ( 22.65833333333333500, -1.545336663013164600, -0.8922005383792492900 ) ) ;
#6520 = CARTESIAN_POINT ( 'NONE',  ( 18.79123570813218400, 0.1313665363680429600, 1.609032371145347400 ) ) ;
#6521 = CARTESIAN_POINT ( 'NONE',  ( 19.97499999999999800, -8.715332896486790000E-016, 2.000000000000000000 ) ) ;
#6522 = DIRECTION ( 'NONE',  ( 1.000000000000000000, 0.0000000000000000000, 0.0000000000000000000 ) ) ;
#6523 = ORIENTED_EDGE ( 'NONE', *, *, #2949, .T. ) ;
#6524 = CARTESIAN_POINT ( 'NONE',  ( -23.79583333333333400, -0.7726683315065834300, -1.338300807568873400 ) ) ;
#6525 = CARTESIAN_POINT ( 'NONE',  ( -25.92500000000000400, -3.277891600571078100E-016, -1.784401076758498400 ) ) ;
#6526 = CARTESIAN_POINT ( 'NONE',  ( 22.74583333333333700, -1.000000000000000900, 1.732050807568876700 ) ) ;
#6527 = CARTESIAN_POINT ( 'NONE',  ( -22.86250000000000100, 1.545336663013165700, 0.0000000000000000000 ) ) ;
#6528 = CARTESIAN_POINT ( 'NONE',  ( 25.19583333333333300, -0.7726683315065832100, 1.338300807568872900 ) ) ;
#6529 = CARTESIAN_POINT ( 'NONE',  ( -18.19583333333333600, 1.000000000000000000, 1.732050807568877000 ) ) ;
#6530 = ORIENTED_EDGE ( 'NONE', *, *, #2594, .T. ) ;
#6531 = CARTESIAN_POINT ( 'NONE',  ( -24.49373926088303900, -0.5358983848622449500, 1.999999999999999600 ) ) ;
#6532 = CARTESIAN_POINT ( 'NONE',  ( 26.74166666666667100, 2.000000000000000000, -1.154700538379251200 ) ) ;
#6533 = CARTESIAN_POINT ( 'NONE',  ( -21.02500000000000200, 2.905110965495596800E-016, 1.999999999999999600 ) ) ;
#6534 = CARTESIAN_POINT ( 'NONE',  ( 20.73333333333333400, 0.7726683315065827600, -1.338300807568873200 ) ) ;
#6535 = CARTESIAN_POINT ( 'NONE',  ( -23.59166666666666500, -2.000000000000000000, -1.154700538379250400 ) ) ;
#6536 = VERTEX_POINT ( 'NONE', #2406 ) ;
#6537 =( BOUNDED_CURVE ( )  B_SPLINE_CURVE ( 2, ( #6145, #2984, #3624, #490, #4064, #5145, #989, #3555, #2555 ),
 .UNSPECIFIED., .F., .T. ) 
 B_SPLINE_CURVE_WITH_KNOTS ( ( 3, 2, 2, 2, 3 ),
 ( 0.6093750000000000000, 0.6145833333333333700, 0.6250000000000000000, 0.6354166666666666300, 0.6406250000000000000 ),
 .UNSPECIFIED. ) 
 CURVE ( )  GEOMETRIC_REPRESENTATION_ITEM ( )  RATIONAL_B_SPLINE_CURVE ( ( 0.9330127018922194100, 0.9330127018922194100, 1.000000000000000000, 0.8660254037844387100, 1.000000000000000000, 0.8660254037844387100, 1.000000000000000000, 0.9330127018922194100, 0.9330127018922194100 ) ) 
 REPRESENTATION_ITEM ( '' )  );
#6538 = EDGE_CURVE ( 'NONE', #4020, #6448, #4482, .T. ) ;
#6539 = CARTESIAN_POINT ( 'NONE',  ( 27.32447148196057500, 0.8694875197496624300, 1.407431027193347700 ) ) ;
#6540 = EDGE_LOOP ( 'NONE', ( #2856, #4474, #4913, #1562 ) ) ;
#6541 = CARTESIAN_POINT ( 'NONE',  ( 24.00000000000000000, -1.545336663013165100, -1.892491597964124500E-016 ) ) ;
#6542 = CARTESIAN_POINT ( 'NONE',  ( -24.11666666666666700, 0.9999999999999983300, -1.732050807568877900 ) ) ;
#6543 = CARTESIAN_POINT ( 'NONE',  ( -27.49999999999999600, -2.309401076758503400, -4.000000000000001800 ) ) ;
#6544 = CARTESIAN_POINT ( 'NONE',  ( 18.77360485139771400, 0.5092507757852499100, 1.513326225991175300 ) ) ;
#6545 = ORIENTED_EDGE ( 'NONE', *, *, #734, .F. ) ;
#6546 = CARTESIAN_POINT ( 'NONE',  ( -26.45000000000000300, -1.999999999999999600, 2.449293598294705900E-016 ) ) ;
#6547 = CARTESIAN_POINT ( 'NONE',  ( 23.41666666666666800, 0.9999999999999985600, 1.732050807568878100 ) ) ;
#6548 = CARTESIAN_POINT ( 'NONE',  ( -23.85416666666666800, 1.999999999999999600, 1.154700538379251000 ) ) ;
#6549 = EDGE_LOOP ( 'NONE', ( #414, #5618, #3142 ) ) ;
#6550 = EDGE_CURVE ( 'NONE', #6459, #4551, #2076, .T. ) ;
#6551 = CARTESIAN_POINT ( 'NONE',  ( -20.23750000000000100, -3.277891600571078100E-016, -1.784401076758498400 ) ) ;
#6552 = CARTESIAN_POINT ( 'NONE',  ( -25.75000000000000000, 1.545336663013165700, 0.0000000000000000000 ) ) ;
#6553 = CARTESIAN_POINT ( 'NONE',  ( 21.52083333333333900, -1.999999999999999800, -1.154700538379252100 ) ) ;
#6554 = CARTESIAN_POINT ( 'NONE',  ( -22.33750000000000600, -3.277891600571078100E-016, -1.784401076758498400 ) ) ;
#6555 = CARTESIAN_POINT ( 'NONE',  ( 18.16666666666666800, -0.9999999999999995600, -1.732050807568877400 ) ) ;
#6556 = CARTESIAN_POINT ( 'NONE',  ( 25.66249999999999800, 1.545336663013165100, 0.0000000000000000000 ) ) ;
#6557 = CARTESIAN_POINT ( 'NONE',  ( -19.42083333333333400, -1.999999999999999300, 1.154700538379251700 ) ) ;
#6558 = ORIENTED_EDGE ( 'NONE', *, *, #3383, .T. ) ;
#6559 = CARTESIAN_POINT ( 'NONE',  ( 23.82499999999999900, -3.277891600571076600E-016, 1.784401076758497700 ) ) ;
#6560 = CARTESIAN_POINT ( 'NONE',  ( 19.18750044286874600, -7.592036066077072900E-006, 1.999999999985590600 ) ) ;
#6561 = CARTESIAN_POINT ( 'NONE',  ( -21.05626073911696500, 0.5358983848622455000, 1.999999999999999600 ) ) ;
#6562 = CARTESIAN_POINT ( 'NONE',  ( 20.85000000000000100, 1.545336663013165100, 0.0000000000000000000 ) ) ;
#6563 = CARTESIAN_POINT ( 'NONE',  ( -23.24166666666666700, 1.999999999999999800, 1.154700538379251000 ) ) ;
#6564 = CARTESIAN_POINT ( 'NONE',  ( 27.35812581847876900, 0.1129526218698419900, 1.616874181519335000 ) ) ;
#6565 = CYLINDRICAL_SURFACE ( 'NONE', #900, 2.000000000000000000 ) ;
#6566 = CARTESIAN_POINT ( 'NONE',  ( -21.05416666666667100, 1.999999999999999600, 1.154700538379251000 ) ) ;
#6567 = CARTESIAN_POINT ( 'NONE',  ( 18.76784066928615100, 0.6309069486930092300, 1.460497205593704400 ) ) ;
#6568 = DIRECTION ( 'NONE',  ( -1.000000000000000000, -0.0000000000000000000, -0.0000000000000000000 ) ) ;
#6569 = CARTESIAN_POINT ( 'NONE',  ( -23.38749999999999900, 1.092630533523692700E-016, 1.784401076758498400 ) ) ;
#6570 = CARTESIAN_POINT ( 'NONE',  ( -26.95308181947913400, -0.2903225823894100600, 1.616783255664144800 ) ) ;
#6571 = CARTESIAN_POINT ( 'NONE',  ( 19.77083333333333200, 1.999999999999999300, 1.154700538379252800 ) ) ;
#6572 = CARTESIAN_POINT ( 'NONE',  ( -19.12916666666667000, -0.7726683315065825400, 1.338300807568873800 ) ) ;
#6573 = CARTESIAN_POINT ( 'NONE',  ( 25.22499999999999800, 2.905110965495596800E-016, -1.999999999999999600 ) ) ;
#6574 = CARTESIAN_POINT ( 'NONE',  ( 20.38333333333333300, 1.000000000000000200, -1.732050807568877200 ) ) ;
#6575 = VECTOR ( 'NONE', #2809, 1000.000000000000000 ) ;
#6576 = CARTESIAN_POINT ( 'NONE',  ( 24.43750000000000000, -3.277891600571076600E-016, 1.784401076758497700 ) ) ;
#6577 = CARTESIAN_POINT ( 'NONE',  ( -20.58750000000000200, -4.242300954899626700E-016, -2.309401076758502500 ) ) ;
#6578 = CONICAL_SURFACE ( 'NONE', #2314, 4.000000000000000000, 1.047197551196600100 ) ;
#6579 = CARTESIAN_POINT ( 'NONE',  ( 24.29166666666666800, 1.545336663013165100, -0.8922005383792486200 ) ) ;
#6580 = EDGE_CURVE ( 'NONE', #5972, #732, #2557, .T. ) ;
#6581 = DIRECTION ( 'NONE',  ( 0.0000000000000000000, 0.0000000000000000000, -1.000000000000000000 ) ) ;
#6582 = CARTESIAN_POINT ( 'NONE',  ( 21.66666666666666800, -0.9999999999999995600, -1.732050807568877400 ) ) ;
#6583 = CARTESIAN_POINT ( 'NONE',  ( 22.65833333333333500, -1.545336663013164600, -0.8922005383792492900 ) ) ;
#6584 = CYLINDRICAL_SURFACE ( 'NONE', #4053, 2.000000000000000000 ) ;
#6585 = CARTESIAN_POINT ( 'NONE',  ( -20.38333333333333300, 1.000000000000000000, 1.732050807568877000 ) ) ;
#6586 = FACE_OUTER_BOUND ( 'NONE', #1798, .T. ) ;
#6587 =( BOUNDED_CURVE ( )  B_SPLINE_CURVE ( 2, ( #3149, #3108, #3222, #2750, #2794, #189, #3269, #1206, #3826 ),
 .UNSPECIFIED., .F., .T. ) 
 B_SPLINE_CURVE_WITH_KNOTS ( ( 3, 2, 2, 2, 3 ),
 ( 0.4843750000000000000, 0.4895833333333333100, 0.5000000000000000000, 0.5104166666666666300, 0.5156250000000000000 ),
 .UNSPECIFIED. ) 
 CURVE ( )  GEOMETRIC_REPRESENTATION_ITEM ( )  RATIONAL_B_SPLINE_CURVE ( ( 0.9330127018922194100, 0.9330127018922194100, 1.000000000000000000, 0.8660254037844387100, 1.000000000000000000, 0.8660254037844387100, 1.000000000000000000, 0.9330127018922194100, 0.9330127018922194100 ) ) 
 REPRESENTATION_ITEM ( '' )  );
#6588 = CARTESIAN_POINT ( 'NONE',  ( 27.18915125666702400, 1.132914344875940000, -1.385094059684832900 ) ) ;
#6589 = CARTESIAN_POINT ( 'NONE',  ( 19.24373926088303200, 0.5358983848622442800, 2.000000000000000000 ) ) ;
#6590 = CARTESIAN_POINT ( 'NONE',  ( -17.17500000000000100, -8.715332896486790000E-016, -1.999999999999999600 ) ) ;
#6591 = CARTESIAN_POINT ( 'NONE',  ( 26.88749999999999600, 1.092630533523692200E-016, -1.784401076758497700 ) ) ;
#6592 = EDGE_CURVE ( 'NONE', #2375, #6722, #2607, .T. ) ;
#6593 = CARTESIAN_POINT ( 'NONE',  ( -27.40384197080294000, 0.8871362394718409500, 1.751134596949475400 ) ) ;
#6594 = CARTESIAN_POINT ( 'NONE',  ( -21.28750000000000100, -8.715332896486790000E-016, -1.999999999999999600 ) ) ;
#6595 = VERTEX_POINT ( 'NONE', #4706 ) ;
#6596 = CARTESIAN_POINT ( 'NONE',  ( -17.78750000000000100, -8.715332896486790000E-016, -1.999999999999999600 ) ) ;
#6597 = CARTESIAN_POINT ( 'NONE',  ( 17.50000000000000000, 0.0000000000000000000, 0.0000000000000000000 ) ) ;
#6598 = CARTESIAN_POINT ( 'NONE',  ( -21.22916666666666800, -0.7726683315065825400, 1.338300807568873800 ) ) ;
#6599 = CARTESIAN_POINT ( 'NONE',  ( -22.54166666666666800, -1.545336663013166400, -0.8922005383792486200 ) ) ;
#6600 = CARTESIAN_POINT ( 'NONE',  ( 19.59583333333333100, 1.000000000000000200, -1.732050807568877200 ) ) ;
#6601 = CARTESIAN_POINT ( 'NONE',  ( -20.64583333333333600, 0.7726683315065830900, 1.338300807568873600 ) ) ;
#6602 = CARTESIAN_POINT ( 'NONE',  ( 21.31666666666666600, 0.9999999999999985600, 1.732050807568878100 ) ) ;
#6603 = ORIENTED_EDGE ( 'NONE', *, *, #3342, .T. ) ;
#6604 = CARTESIAN_POINT ( 'NONE',  ( 24.32083333333333300, 1.545336663013164400, 0.8922005383792495100 ) ) ;
#6605 = CARTESIAN_POINT ( 'NONE',  ( -20.41250000000000100, 1.999999999999999600, 0.0000000000000000000 ) ) ;
#6606 = CARTESIAN_POINT ( 'NONE',  ( 23.94166666666666600, -1.545336663013165500, 0.8922005383792481800 ) ) ;
#6607 = CARTESIAN_POINT ( 'NONE',  ( -27.79166666666666800, 1.545336663013165500, 0.8922005383792490600 ) ) ;
#6608 = CARTESIAN_POINT ( 'NONE',  ( 21.14166666666666200, -1.545336663013165300, 0.8922005383792482900 ) ) ;
#6609 = ORIENTED_EDGE ( 'NONE', *, *, #1477, .F. ) ;
#6610 = CARTESIAN_POINT ( 'NONE',  ( -21.49166666666667100, -2.000000000000000000, -1.154700538379250400 ) ) ;
#6611 = CARTESIAN_POINT ( 'NONE',  ( -16.40000000000000200, 2.449293598294706400E-016, -2.000000000000000000 ) ) ;
#6612 = AXIS2_PLACEMENT_3D ( 'NONE', #1506, #1439, #2990 ) ;
#6613 = ORIENTED_EDGE ( 'NONE', *, *, #1304, .F. ) ;
#6614 = CARTESIAN_POINT ( 'NONE',  ( -20.93750000000000000, 2.905110965495596800E-016, 1.999999999999999600 ) ) ;
#6615 = CARTESIAN_POINT ( 'NONE',  ( 25.60416666666666400, 1.545336663013165100, -0.8922005383792486200 ) ) ;
#6616 = CARTESIAN_POINT ( 'NONE',  ( 18.93140765782693800, 1.491873152167851400, 0.9480829593989048600 ) ) ;
#6617 = CARTESIAN_POINT ( 'NONE',  ( -21.34583333333333500, -1.000000000000000700, -1.732050807568876300 ) ) ;
#6618 = CARTESIAN_POINT ( 'NONE',  ( -17.49583333333333700, 1.000000000000000000, 1.732050807568877000 ) ) ;
#6619 = B_SPLINE_CURVE_WITH_KNOTS ( 'NONE', 3,
 ( #4400, #6510, #741, #1314, #1850, #3353 ),
 .UNSPECIFIED., .F., .F.,
 ( 4, 2, 4 ),
 ( 0.002336974151641546500, 0.003500975885716330100, 0.004664977619791113200 ),
 .UNSPECIFIED. ) ;
#6620 = EDGE_LOOP ( 'NONE', ( #5075, #3744, #1313, #3156 ) ) ;
#6621 = CARTESIAN_POINT ( 'NONE',  ( -21.87083333333333700, -1.545336663013165100, 0.8922005383792495100 ) ) ;
#6622 = CARTESIAN_POINT ( 'NONE',  ( 18.07916666666666600, -0.9999999999999995600, -1.732050807568877400 ) ) ;
#6623 = CARTESIAN_POINT ( 'NONE',  ( -20.12083333333333700, 1.545336663013165300, -0.8922005383792500600 ) ) ;
#6624 = CARTESIAN_POINT ( 'NONE',  ( 19.91666666666666400, 0.9999999999999985600, 1.732050807568878100 ) ) ;
#6625 = ADVANCED_FACE ( 'NONE', ( #5337 ), #2000, .T. ) ;
#6626 = CARTESIAN_POINT ( 'NONE',  ( 22.39583333333333200, -0.7726683315065832100, 1.338300807568872900 ) ) ;
#6627 = CARTESIAN_POINT ( 'NONE',  ( -19.59583333333333100, 1.000000000000000000, 1.732050807568877000 ) ) ;
#6628 = CARTESIAN_POINT ( 'NONE',  ( 24.52499999999999900, -3.277891600571076600E-016, 1.784401076758497700 ) ) ;
#6629 = EDGE_LOOP ( 'NONE', ( #4141, #6039, #6278, #637, #4746 ) ) ;
#6630 =( BOUNDED_CURVE ( )  B_SPLINE_CURVE ( 2, ( #969, #6150, #5641, #6220, #5599, #4620, #4544, #6126, #1502 ),
 .UNSPECIFIED., .F., .T. ) 
 B_SPLINE_CURVE_WITH_KNOTS ( ( 3, 2, 2, 2, 3 ),
 ( 0.2343750000000000000, 0.2395833333333333400, 0.2500000000000000000, 0.2604166666666666900, 0.2656250000000000000 ),
 .UNSPECIFIED. ) 
 CURVE ( )  GEOMETRIC_REPRESENTATION_ITEM ( )  RATIONAL_B_SPLINE_CURVE ( ( 0.9330127018922194100, 0.9330127018922194100, 1.000000000000000000, 0.8660254037844387100, 1.000000000000000000, 0.8660254037844387100, 1.000000000000000000, 0.9330127018922194100, 0.9330127018922194100 ) ) 
 REPRESENTATION_ITEM ( '' )  );
#6631 = CARTESIAN_POINT ( 'NONE',  ( -23.94166666666666600, -1.545336663013166200, -0.8922005383792486200 ) ) ;
#6632 = CARTESIAN_POINT ( 'NONE',  ( 17.14273441009184000, -4.618802153517005800, -1.006233452525757400E-015 ) ) ;
#6633 = CARTESIAN_POINT ( 'NONE',  ( 27.11208001596799400, -0.7382496448671603800, -1.720730482850446400 ) ) ;
#6634 = VERTEX_POINT ( 'NONE', #1634 ) ;
#6635 = CARTESIAN_POINT ( 'NONE',  ( -21.55000000000000100, -1.999999999999999600, 2.449293598294705900E-016 ) ) ;
#6636 = ORIENTED_EDGE ( 'NONE', *, *, #3153, .F. ) ;
#6637 = EDGE_CURVE ( 'NONE', #3919, #4088, #4187, .T. ) ;
#6638 = CARTESIAN_POINT ( 'NONE',  ( -27.33495323880495700, -0.9062726409947802200, 1.670450705047215500 ) ) ;
#6639 = ORIENTED_EDGE ( 'NONE', *, *, #6189, .T. ) ;
#6640 = CARTESIAN_POINT ( 'NONE',  ( 23.56250000000000000, 1.545336663013165100, 0.0000000000000000000 ) ) ;
#6641 = CARTESIAN_POINT ( 'NONE',  ( 24.20626073911696700, -0.5358983848622460600, 1.999999999999999600 ) ) ;
#6642 = CARTESIAN_POINT ( 'NONE',  ( -16.40000000000000200, 2.449293598294706400E-016, -2.000000000000000000 ) ) ;
#6643 = VERTEX_POINT ( 'NONE', #4799 ) ;
#6644 = AXIS2_PLACEMENT_3D ( 'NONE', #3340, #2797, #4321 ) ;
#6645 = CARTESIAN_POINT ( 'NONE',  ( -22.33750000000000600, -3.277891600571078100E-016, -1.784401076758498400 ) ) ;
#6646 = CARTESIAN_POINT ( 'NONE',  ( 20.47083333333333500, 1.999999999999999300, 1.154700538379252800 ) ) ;
#6647 = CARTESIAN_POINT ( 'NONE',  ( -17.90416666666666900, 1.545336663013165700, 0.8922005383792489500 ) ) ;
#6648 = CARTESIAN_POINT ( 'NONE',  ( 19.21666666666666500, 0.9999999999999985600, 1.732050807568878100 ) ) ;
#6649 = LOCAL_TIME ( 20, 35, 5.000000000000000000, #5816 ) ;
#6650 = CARTESIAN_POINT ( 'NONE',  ( 24.14583333333333200, 0.7726683315065827600, -1.338300807568873200 ) ) ;
#6651 = CARTESIAN_POINT ( 'NONE',  ( -24.75833333333332900, -1.545336663013165100, 0.8922005383792495100 ) ) ;
#6652 = CARTESIAN_POINT ( 'NONE',  ( 25.98333333333333400, -0.7726683315065832100, 1.338300807568872900 ) ) ;
#6653 = CARTESIAN_POINT ( 'NONE',  ( -25.34166666666666500, -1.545336663013166200, -0.8922005383792486200 ) ) ;
#6654 = AXIS2_PLACEMENT_3D ( 'NONE', #5987, #5500, #361 ) ;
#6655 = CARTESIAN_POINT ( 'NONE',  ( -17.29166666666666800, -2.000000000000000000, -1.154700538379250400 ) ) ;
#6656 = CARTESIAN_POINT ( 'NONE',  ( 17.46630721582938900, -0.7791221421060452500, 4.000000000000000900 ) ) ;
#6657 = ADVANCED_FACE ( 'NONE', ( #1012 ), #5579, .F. ) ;
#6658 = CYLINDRICAL_SURFACE ( 'NONE', #1499, 2.000000000000000000 ) ;
#6659 = CARTESIAN_POINT ( 'NONE',  ( -17.75833333333333300, 1.999999999999998700, -1.154700538379252600 ) ) ;
#6660 = CARTESIAN_POINT ( 'NONE',  ( 26.71249999999999900, -1.545336663013165100, -1.892491597964124500E-016 ) ) ;
#6661 = CARTESIAN_POINT ( 'NONE',  ( 21.84166666666666900, -1.545336663013165300, 0.8922005383792482900 ) ) ;
#6662 = CARTESIAN_POINT ( 'NONE',  ( -26.85833333333333400, 1.999999999999998700, -1.154700538379252600 ) ) ;
#6663 = FACE_OUTER_BOUND ( 'NONE', #1879, .T. ) ;
#6664 = VECTOR ( 'NONE', #5962, 1000.000000000000000 ) ;
#6665 = CARTESIAN_POINT ( 'NONE',  ( -19.82916666666666900, -0.7726683315065825400, 1.338300807568873800 ) ) ;
#6666 = CARTESIAN_POINT ( 'NONE',  ( 17.96250000000000200, -2.000000000000000000, -2.449293598294706400E-016 ) ) ;
#6667 = CARTESIAN_POINT ( 'NONE',  ( -20.06250000000000400, 1.545336663013165700, 0.0000000000000000000 ) ) ;
#6668 = CARTESIAN_POINT ( 'NONE',  ( 25.83749999999999900, -3.277891600571076600E-016, 1.784401076758497700 ) ) ;
#6669 = CARTESIAN_POINT ( 'NONE',  ( 24.67083333333333400, -1.545336663013164400, -0.8922005383792492900 ) ) ;
#6670 = CARTESIAN_POINT ( 'NONE',  ( -26.85833333333333100, -1.545336663013165100, 0.8922005383792495100 ) ) ;
#6671 = FACE_OUTER_BOUND ( 'NONE', #2048, .T. ) ;
#6672 = CARTESIAN_POINT ( 'NONE',  ( 20.67499999999999700, 1.092630533523692200E-016, -1.784401076758497700 ) ) ;
#6673 = CARTESIAN_POINT ( 'NONE',  ( 21.02499999999999900, -3.277891600571076600E-016, 1.784401076758497700 ) ) ;
#6674 = EDGE_CURVE ( 'NONE', #1621, #6308, #5741, .T. ) ;
#6675 = CARTESIAN_POINT ( 'NONE',  ( -27.15000000000000200, 1.545336663013165700, 0.0000000000000000000 ) ) ;
#6676 = CARTESIAN_POINT ( 'NONE',  ( -19.27499999999999900, -8.715332896486790000E-016, -1.999999999999999600 ) ) ;
#6677 = CARTESIAN_POINT ( 'NONE',  ( -18.98333333333333100, 1.000000000000000000, 1.732050807568877000 ) ) ;
#6678 = DIRECTION ( 'NONE',  ( -1.000000000000000000, -0.0000000000000000000, -0.0000000000000000000 ) ) ;
#6679 = ORIENTED_EDGE ( 'NONE', *, *, #6199, .F. ) ;
#6680 = CARTESIAN_POINT ( 'NONE',  ( -19.59373926088303700, -0.5358983848622449500, 1.999999999999999600 ) ) ;
#6681 = CARTESIAN_POINT ( 'NONE',  ( 25.66249999999999800, 1.545336663013165100, 0.0000000000000000000 ) ) ;
#6682 = EDGE_CURVE ( 'NONE', #4728, #3996, #395, .T. ) ;
#6683 = CARTESIAN_POINT ( 'NONE',  ( -27.00162460222919600, 1.360447555670804400, 0.7624208529324413300 ) ) ;
#6684 = CARTESIAN_POINT ( 'NONE',  ( 23.85416666666666800, 2.000000000000000000, -1.154700538379251200 ) ) ;
#6685 = ORIENTED_EDGE ( 'NONE', *, *, #631, .T. ) ;
#6686 = CARTESIAN_POINT ( 'NONE',  ( -20.00416666666666600, 1.545336663013165500, 0.8922005383792490600 ) ) ;
#6687 = CARTESIAN_POINT ( 'NONE',  ( -24.78750000000000500, 1.092630533523692700E-016, 1.784401076758498400 ) ) ;
#6688 = CARTESIAN_POINT ( 'NONE',  ( -16.40000000000000200, 2.449293598294706400E-016, -2.000000000000000000 ) ) ;
#6689 = CARTESIAN_POINT ( 'NONE',  ( 17.46666666666666500, -0.9999999999999995600, -1.732050807568877400 ) ) ;
#6690 = ADVANCED_FACE ( 'NONE', ( #3613 ), #763, .F. ) ;
#6691 = CARTESIAN_POINT ( 'NONE',  ( 21.22916666666666800, -0.7726683315065822100, -1.338300807568873400 ) ) ;
#6692 = CARTESIAN_POINT ( 'NONE',  ( -26.21666666666666500, -0.7726683315065825400, 1.338300807568873800 ) ) ;
#6693 = EDGE_LOOP ( 'NONE', ( #5041, #1211, #267, #3107 ) ) ;
#6694 = CARTESIAN_POINT ( 'NONE',  ( 22.42500000000000100, -3.277891600571076600E-016, 1.784401076758497700 ) ) ;
#6695 = CARTESIAN_POINT ( 'NONE',  ( 20.26666666666666600, 0.7726683315065814300, 1.338300807568873800 ) ) ;
#6696 = CARTESIAN_POINT ( 'NONE',  ( -25.98333333333333400, -0.7726683315065834300, -1.338300807568873400 ) ) ;
#6697 = DIRECTION ( 'NONE',  ( 0.0000000000000000000, 0.0000000000000000000, -1.000000000000000000 ) ) ;
#6698 = CARTESIAN_POINT ( 'NONE',  ( -24.81876073911696100, -0.5358983848622459500, -1.999999999999999100 ) ) ;
#6699 = CARTESIAN_POINT ( 'NONE',  ( -20.26666666666666900, -0.9999999999999993300, 1.732050807568877200 ) ) ;
#6700 = EDGE_LOOP ( 'NONE', ( #561, #1060 ) ) ;
#6701 = CARTESIAN_POINT ( 'NONE',  ( 19.10952840205149900, 1.849080834151517500, -0.5742367903468541500 ) ) ;
#6702 = CARTESIAN_POINT ( 'NONE',  ( -20.23750000000000100, 2.905110965495596800E-016, 1.999999999999999600 ) ) ;
#6703 = CARTESIAN_POINT ( 'NONE',  ( 21.46249999999999900, 1.545336663013165100, 0.0000000000000000000 ) ) ;
#6704 = ORIENTED_EDGE ( 'NONE', *, *, #2850, .T. ) ;
#6705 = CARTESIAN_POINT ( 'NONE',  ( 18.88950929606227900, 1.579554649854865400, 0.6964851609242445100 ) ) ;
#6706 = ORIENTED_EDGE ( 'NONE', *, *, #4349, .T. ) ;
#6707 = CARTESIAN_POINT ( 'NONE',  ( -19.47916666666666800, 0.7726683315065817600, -1.338300807568874300 ) ) ;
#6708 = ORIENTED_EDGE ( 'NONE', *, *, #2901, .T. ) ;
#6709 = CARTESIAN_POINT ( 'NONE',  ( -24.67083333333333800, -1.545336663013165100, 0.8922005383792495100 ) ) ;
#6710 =( BOUNDED_CURVE ( )  B_SPLINE_CURVE ( 2, ( #4439, #5491, #5019, #5513, #2362, #6548, #6022, #3418, #2383 ),
 .UNSPECIFIED., .F., .T. ) 
 B_SPLINE_CURVE_WITH_KNOTS ( ( 3, 2, 2, 2, 3 ),
 ( 0.3593750000000000000, 0.3645833333333333100, 0.3750000000000000000, 0.3854166666666666900, 0.3906250000000000000 ),
 .UNSPECIFIED. ) 
 CURVE ( )  GEOMETRIC_REPRESENTATION_ITEM ( )  RATIONAL_B_SPLINE_CURVE ( ( 0.9330127018922194100, 0.9330127018922194100, 1.000000000000000000, 0.8660254037844387100, 1.000000000000000000, 0.8660254037844387100, 1.000000000000000000, 0.9330127018922194100, 0.9330127018922194100 ) ) 
 REPRESENTATION_ITEM ( '' )  );
#6711 = CARTESIAN_POINT ( 'NONE',  ( 26.71249999999999900, -1.545336663013165100, -1.892491597964124500E-016 ) ) ;
#6712 = EDGE_CURVE ( 'NONE', #6536, #1169, #4831, .T. ) ;
#6713 = CARTESIAN_POINT ( 'NONE',  ( -24.40833333333333500, 1.545336663013165300, -0.8922005383792500600 ) ) ;
#6714 = CARTESIAN_POINT ( 'NONE',  ( -25.57499999999999900, 1.092630533523692700E-016, 1.784401076758498400 ) ) ;
#6715 = ORIENTED_EDGE ( 'NONE', *, *, #3916, .F. ) ;
#6716 = CARTESIAN_POINT ( 'NONE',  ( 20.15000000000000200, 1.545336663013165100, 0.0000000000000000000 ) ) ;
#6717 = CARTESIAN_POINT ( 'NONE',  ( 24.75623931950116200, 0.5358973799802161400, 2.000000580168910200 ) ) ;
#6718 = CARTESIAN_POINT ( 'NONE',  ( 19.45000000000000300, 1.545336663013165100, 0.0000000000000000000 ) ) ;
#6719 = CARTESIAN_POINT ( 'NONE',  ( -26.27500000000000200, 1.092630533523692700E-016, 1.784401076758498400 ) ) ;
#6720 = DIRECTION ( 'NONE',  ( 0.0000000000000000000, 0.0000000000000000000, -1.000000000000000000 ) ) ;
#6721 = CARTESIAN_POINT ( 'NONE',  ( -19.50833333333333300, -1.999999999999999300, 1.154700538379251700 ) ) ;
#6722 = VERTEX_POINT ( 'NONE', #223 ) ;
#6723 = EDGE_CURVE ( 'NONE', #28, #3862, #1615, .T. ) ;
#6724 = ADVANCED_FACE ( 'NONE', ( #1423 ), #1587, .T. ) ;
#6725 = CARTESIAN_POINT ( 'NONE',  ( 19.30416666666666700, -2.000000000000000400, 1.154700538379250800 ) ) ;
#6726 = CARTESIAN_POINT ( 'NONE',  ( 23.32916666666666600, -0.7726683315065822100, -1.338300807568873400 ) ) ;
#6727 = CARTESIAN_POINT ( 'NONE',  ( -21.40416666666666900, 1.545336663013165500, 0.8922005383792490600 ) ) ;
#6728 = CARTESIAN_POINT ( 'NONE',  ( -26.94583333333333600, -1.000000000000000700, -1.732050807568876300 ) ) ;
#6729 = CIRCLE ( 'NONE', #4873, 2.000000000000000000 ) ;
#6730 = CARTESIAN_POINT ( 'NONE',  ( -19.77083333333333200, -1.545336663013165100, 0.8922005383792495100 ) ) ;
#6731 = CARTESIAN_POINT ( 'NONE',  ( -26.24583333333333700, 0.7726683315065830900, 1.338300807568873600 ) ) ;
#6732 = CARTESIAN_POINT ( 'NONE',  ( -22.77499999999999500, -8.715332896486790000E-016, -1.999999999999999600 ) ) ;
#6733 = CARTESIAN_POINT ( 'NONE',  ( 26.82916666666666600, -0.7726683315065822100, -1.338300807568873400 ) ) ;
#6734 = CARTESIAN_POINT ( 'NONE',  ( -25.45833333333333200, -1.545336663013165300, 0.8922005383792495100 ) ) ;
#6735 = CARTESIAN_POINT ( 'NONE',  ( -27.26666666666666900, 0.7726683315065817600, -1.338300807568874300 ) ) ;
#6736 = VECTOR ( 'NONE', #1279, 1000.000000000000000 ) ;
#6737 = CARTESIAN_POINT ( 'NONE',  ( 20.20833333333333600, 1.545336663013164400, 0.8922005383792495100 ) ) ;
#6738 = CARTESIAN_POINT ( 'NONE',  ( 18.80833333333333400, 1.545336663013164600, 0.8922005383792495100 ) ) ;
#6739 = CARTESIAN_POINT ( 'NONE',  ( -21.08333333333333200, -0.7726683315065834300, -1.338300807568873400 ) ) ;
#6740 = CARTESIAN_POINT ( 'NONE',  ( -18.48750000000000400, -8.715332896486790000E-016, -1.999999999999999600 ) ) ;
#6741 = CARTESIAN_POINT ( 'NONE',  ( -25.25416666666666600, 1.999999999999999800, 1.154700538379251000 ) ) ;
#6742 = AXIS2_PLACEMENT_3D ( 'NONE', #3512, #4042, #6697 ) ;
#6743 = FACE_OUTER_BOUND ( 'NONE', #4333, .T. ) ;
#6744 = CARTESIAN_POINT ( 'NONE',  ( -18.80833333333333400, -1.999999999999999300, 1.154700538379251700 ) ) ;
#6745 = FACE_OUTER_BOUND ( 'NONE', #2209, .T. ) ;
#6746 = CARTESIAN_POINT ( 'NONE',  ( 19.08830063565096000, 1.592666186271985100, -1.063326605084413200 ) ) ;
#6747 = FACE_OUTER_BOUND ( 'NONE', #4478, .T. ) ;
#6748 = DIRECTION ( 'NONE',  ( 0.0000000000000000000, 0.0000000000000000000, -1.000000000000000000 ) ) ;
#6749 = CARTESIAN_POINT ( 'NONE',  ( 21.22916666666666800, -0.7726683315065822100, -1.338300807568873400 ) ) ;
#6750 = CYLINDRICAL_SURFACE ( 'NONE', #4317, 2.000000000000000000 ) ;
#6751 = CARTESIAN_POINT ( 'NONE',  ( -22.10416666666666800, 1.545336663013165500, 0.8922005383792490600 ) ) ;
#6752 = DIRECTION ( 'NONE',  ( -1.000000000000000000, -0.0000000000000000000, -0.0000000000000000000 ) ) ;
#6753 = CARTESIAN_POINT ( 'NONE',  ( -19.65416666666666500, -1.545336663013166200, -0.8922005383792486200 ) ) ;
#6754 = CARTESIAN_POINT ( 'NONE',  ( -25.31250000000000000, -1.545336663013165700, 1.892491597964125200E-016 ) ) ;
#6755 = CARTESIAN_POINT ( 'NONE',  ( -16.63172308141813000, 1.260336688851691600, -0.8942129683621348200 ) ) ;
#6756 = CARTESIAN_POINT ( 'NONE',  ( 25.54583333333333400, 0.7726683315065827600, -1.338300807568873200 ) ) ;
#6757 = ORIENTED_EDGE ( 'NONE', *, *, #6098, .T. ) ;
#6758 = ADVANCED_FACE ( 'NONE', ( #5414 ), #930, .T. ) ;
#6759 = CARTESIAN_POINT ( 'NONE',  ( -23.47500000000000100, 1.092630533523692800E-016, 1.784401076758498400 ) ) ;
#6760 = CARTESIAN_POINT ( 'NONE',  ( -23.00833333333333300, 1.545336663013165100, -0.8922005383792499500 ) ) ;
#6761 = CARTESIAN_POINT ( 'NONE',  ( 22.30833333333333700, 1.545336663013164400, 0.8922005383792495100 ) ) ;
#6762 = CARTESIAN_POINT ( 'NONE',  ( 26.15833333333333900, 1.999999999999999300, 1.154700538379252600 ) ) ;
#6763 = CARTESIAN_POINT ( 'NONE',  ( 17.93333333333333400, 0.7726683315065827600, -1.338300807568873200 ) ) ;
#6764 = EDGE_CURVE ( 'NONE', #6595, #3813, #4315, .T. ) ;
#6765 = CARTESIAN_POINT ( 'NONE',  ( -23.47500000000000100, 1.092630533523692700E-016, 1.784401076758498400 ) ) ;
#6766 = CARTESIAN_POINT ( 'NONE',  ( 17.50000000000000000, -3.464101615137754800, -1.999999999999999600 ) ) ;
#6767 = CARTESIAN_POINT ( 'NONE',  ( -26.88749999999999900, -4.242300954899626700E-016, -2.309401076758502500 ) ) ;
#6768 = VERTEX_POINT ( 'NONE', #200 ) ;
#6769 = CARTESIAN_POINT ( 'NONE',  ( 17.49999999999999600, 0.0000000000000000000, 0.0000000000000000000 ) ) ;
#6770 = DIRECTION ( 'NONE',  ( 1.000000000000000000, 0.0000000000000000000, 0.0000000000000000000 ) ) ;
#6771 = VERTEX_POINT ( 'NONE', #5322 ) ;
#6772 = DIRECTION ( 'NONE',  ( 0.0000000000000000000, 0.0000000000000000000, 1.000000000000000000 ) ) ;
#6773 = CARTESIAN_POINT ( 'NONE',  ( 21.05416666666666700, -1.545336663013165300, 0.8922005383792482900 ) ) ;
#6774 = CARTESIAN_POINT ( 'NONE',  ( -22.97916666666666800, 0.7726683315065817600, -1.338300807568874300 ) ) ;
ENDSEC;
END-ISO-10303-21;
