ISO-10303-21;
HEADER;
FILE_DESCRIPTION (( 'STEP AP203' ),
    '1' );
FILE_NAME ('7092K11_See-Through Corrosion-Resistant Washdown Enclosure.STEP',
    '2021-07-09T22:53:27',
    ( 'Administrator' ),
    ( 'Managed by Terraform' ),
    'SwSTEP 2.0',
    'SolidWorks 2017',
    '' );
FILE_SCHEMA (( 'CONFIG_CONTROL_DESIGN' ));
ENDSEC;

DATA;
#1 = VERTEX_POINT ( 'NONE', #8017 ) ;
#3 = DIRECTION ( 'NONE',  ( -0.0000000000000000000, -0.0000000000000000000, -1.000000000000000000 ) ) ;
#2 = DIRECTION ( 'NONE',  ( 0.5000000000000024400, -0.8660254037844371500, 0.0000000000000000000 ) ) ;
#4 = CARTESIAN_POINT ( 'NONE',  ( -1.538000000000000500, 2.027999999999999600, 1.919999999999999700 ) ) ;
#5 = ADVANCED_FACE ( 'NONE', ( #599 ), #8918, .T. ) ;
#6 = AXIS2_PLACEMENT_3D ( 'NONE', #892, #7749, #3353 ) ;
#7 = ORIENTED_EDGE ( 'NONE', *, *, #3023, .F. ) ;
#8 = EDGE_CURVE ( 'NONE', #5979, #5839, #2037, .T. ) ;
#9 = CARTESIAN_POINT ( 'NONE',  ( 1.497248319661563800, 2.138583980839976900, 2.043987979976839700 ) ) ;
#10 = CIRCLE ( 'NONE', #4679, 0.1474999999999994600 ) ;
#11 = DIRECTION ( 'NONE',  ( 0.0000000000000000000, 0.0000000000000000000, 1.000000000000000000 ) ) ;
#12 = CARTESIAN_POINT ( 'NONE',  ( 1.002499999999999900, -1.926500000000000300, 1.564999999999999700 ) ) ;
#13 = CARTESIAN_POINT ( 'NONE',  ( 1.538000000000000500, 2.027999999999999100, 2.159999999999999700 ) ) ;
#14 = CARTESIAN_POINT ( 'NONE',  ( -1.769999999999998900, -2.265000000000002300, 2.121949358009804300 ) ) ;
#15 = ORIENTED_EDGE ( 'NONE', *, *, #178, .F. ) ;
#16 = DIRECTION ( 'NONE',  ( -1.000000000000000000, 0.0000000000000000000, 0.0000000000000000000 ) ) ;
#17 = PLANE ( 'NONE',  #5873 ) ;
#18 = FACE_OUTER_BOUND ( 'NONE', #4114, .T. ) ;
#19 = EDGE_CURVE ( 'NONE', #2442, #5643, #4186, .T. ) ;
#20 = CARTESIAN_POINT ( 'NONE',  ( -1.624288105603176400, 1.918544617006430900, 2.029722078445376900 ) ) ;
#21 = CARTESIAN_POINT ( 'NONE',  ( -1.769999999999999400, 2.120848074029412900, 1.580000000000000100 ) ) ;
#22 = EDGE_CURVE ( 'NONE', #10881, #2398, #8727, .T. ) ;
#23 = FACE_OUTER_BOUND ( 'NONE', #4930, .T. ) ;
#24 = DIRECTION ( 'NONE',  ( 1.000000000000000000, 0.0000000000000000000, 0.0000000000000000000 ) ) ;
#25 = VECTOR ( 'NONE', #7869, 39.37007874015748100 ) ;
#26 = DIRECTION ( 'NONE',  ( -1.000000000000000000, 0.0000000000000000000, 0.0000000000000000000 ) ) ;
#27 = B_SPLINE_CURVE_WITH_KNOTS ( 'NONE', 3,
 ( #8401, #3205, #9186, #6726, #2463, #6842, #5148, #3283, #11055, #7610 ),
 .UNSPECIFIED., .F., .F.,
 ( 4, 2, 2, 2, 4 ),
 ( 0.001609983470110012300, 0.002009559951696699500, 0.002409136433283386700, 0.002808712914870074300, 0.003208289396456761500 ),
 .UNSPECIFIED. ) ;
#28 = CARTESIAN_POINT ( 'NONE',  ( 1.183500000000000000, 2.027999999999999100, 0.0000000000000000000 ) ) ;
#29 = FACE_OUTER_BOUND ( 'NONE', #623, .T. ) ;
#30 = AXIS2_PLACEMENT_3D ( 'NONE', #4802, #2163, #3827 ) ;
#31 = VERTEX_POINT ( 'NONE', #10661 ) ;
#32 = FACE_OUTER_BOUND ( 'NONE', #1108, .T. ) ;
#33 = EDGE_CURVE ( 'NONE', #8330, #5541, #11009, .T. ) ;
#34 = EDGE_CURVE ( 'NONE', #3699, #5029, #1602, .T. ) ;
#35 = AXIS2_PLACEMENT_3D ( 'NONE', #9085, #3976, #1464 ) ;
#36 = EDGE_CURVE ( 'NONE', #8469, #6915, #265, .T. ) ;
#37 = DIMENSIONAL_EXPONENTS ( 1.000000000000000000, 0.0000000000000000000, 0.0000000000000000000, 0.0000000000000000000, 0.0000000000000000000, 0.0000000000000000000, 0.0000000000000000000 ) ;
#38 = DIRECTION ( 'NONE',  ( 0.0000000000000000000, 0.0000000000000000000, -1.000000000000000000 ) ) ;
#39 = CIRCLE ( 'NONE', #5058, 0.1035000000000005500 ) ;
#40 = VECTOR ( 'NONE', #7775, 39.37007874015748100 ) ;
#41 = DIRECTION ( 'NONE',  ( -0.0000000000000000000, -0.0000000000000000000, -1.000000000000000000 ) ) ;
#42 = CARTESIAN_POINT ( 'NONE',  ( 0.9638306835251589900, 2.146999999999998900, -0.3943848084544492900 ) ) ;
#43 = ORIENTED_EDGE ( 'NONE', *, *, #1186, .T. ) ;
#44 = DIRECTION ( 'NONE',  ( 1.000000000000000000, 0.0000000000000000000, 0.0000000000000000000 ) ) ;
#45 = DIRECTION ( 'NONE',  ( 1.000000000000000000, 0.0000000000000000000, -0.0000000000000000000 ) ) ;
#46 = AXIS2_PLACEMENT_3D ( 'NONE', #1366, #9776, #4662 ) ;
#47 = AXIS2_PLACEMENT_3D ( 'NONE', #51, #6003, #6124 ) ;
#48 = EDGE_CURVE ( 'NONE', #4517, #6461, #8518, .T. ) ;
#49 = ADVANCED_FACE ( 'NONE', ( #5578 ), #6306, .F. ) ;
#50 = CYLINDRICAL_SURFACE ( 'NONE', #8331, 0.2704999999999985700 ) ;
#51 = CARTESIAN_POINT ( 'NONE',  ( -1.081000000000000400, -1.926500000000000300, 1.639999999999999900 ) ) ;
#52 = ORIENTED_EDGE ( 'NONE', *, *, #4681, .F. ) ;
#53 = CIRCLE ( 'NONE', #8301, 0.2704999999999985200 ) ;
#54 = ORIENTED_EDGE ( 'NONE', *, *, #8570, .F. ) ;
#55 = ORIENTED_EDGE ( 'NONE', *, *, #3717, .T. ) ;
#56 = DIRECTION ( 'NONE',  ( 0.0000000000000000000, 0.0000000000000000000, 1.000000000000000000 ) ) ;
#57 = DIRECTION ( 'NONE',  ( 1.000000000000000000, 0.0000000000000000000, 0.0000000000000000000 ) ) ;
#58 = ORIENTED_EDGE ( 'NONE', *, *, #406, .F. ) ;
#59 = CARTESIAN_POINT ( 'NONE',  ( 1.045499999999999900, -1.926500000000000300, -0.3943848084544492900 ) ) ;
#60 = DIRECTION ( 'NONE',  ( 1.000000000000000000, 0.0000000000000000000, 0.0000000000000000000 ) ) ;
#61 = ORIENTED_EDGE ( 'NONE', *, *, #7172, .T. ) ;
#62 = ORIENTED_EDGE ( 'NONE', *, *, #2248, .T. ) ;
#63 = VECTOR ( 'NONE', #85, 39.37007874015748100 ) ;
#64 = AXIS2_PLACEMENT_3D ( 'NONE', #10904, #2400, #6666 ) ;
#65 = CARTESIAN_POINT ( 'NONE',  ( -1.390500000000001000, -2.027999999999999100, 2.004999999999999400 ) ) ;
#66 = ORIENTED_EDGE ( 'NONE', *, *, #5952, .T. ) ;
#67 = FACE_OUTER_BOUND ( 'NONE', #1953, .T. ) ;
#68 = EDGE_LOOP ( 'NONE', ( #687, #474, #8209, #9515 ) ) ;
#69 = AXIS2_PLACEMENT_3D ( 'NONE', #6363, #7152, #9720 ) ;
#70 = EDGE_CURVE ( 'NONE', #2725, #3821, #4511, .T. ) ;
#71 = PLANE ( 'NONE',  #1813 ) ;
#72 = ORIENTED_EDGE ( 'NONE', *, *, #7262, .T. ) ;
#73 = CARTESIAN_POINT ( 'NONE',  ( -0.7070000000000014100, -2.196999999999998700, 1.630000000000000100 ) ) ;
#74 = FACE_OUTER_BOUND ( 'NONE', #7715, .T. ) ;
#75 = VERTEX_POINT ( 'NONE', #6608 ) ;
#76 = LINE ( 'NONE', #10039, #5255 ) ;
#77 = CARTESIAN_POINT ( 'NONE',  ( -1.393102622522006700, -2.146999999999998900, 0.1200000000000000900 ) ) ;
#78 = VERTEX_POINT ( 'NONE', #10060 ) ;
#79 = VECTOR ( 'NONE', #6546, 39.37007874015748100 ) ;
#80 = ORIENTED_EDGE ( 'NONE', *, *, #1951, .T. ) ;
#81 = EDGE_LOOP ( 'NONE', ( #10917, #5377, #9949, #6109 ) ) ;
#82 = ORIENTED_EDGE ( 'NONE', *, *, #8431, .T. ) ;
#83 = AXIS2_PLACEMENT_3D ( 'NONE', #1962, #10350, #7012 ) ;
#84 = CARTESIAN_POINT ( 'NONE',  ( 1.498499999999999100, 1.772999999999999900, 2.050000000000000300 ) ) ;
#86 = CARTESIAN_POINT ( 'NONE',  ( 1.537999999999999400, -2.028000000000001400, 2.159999999999999700 ) ) ;
#85 = DIRECTION ( 'NONE',  ( -0.0000000000000000000, -0.0000000000000000000, 1.000000000000000000 ) ) ;
#87 = DIRECTION ( 'NONE',  ( -0.0000000000000000000, -0.0000000000000000000, -1.000000000000000000 ) ) ;
#88 = CARTESIAN_POINT ( 'NONE',  ( 1.537999999999999400, -2.028000000000001400, 1.919999999999999700 ) ) ;
#89 = DIRECTION ( 'NONE',  ( -1.000000000000000000, 0.0000000000000000000, 0.0000000000000000000 ) ) ;
#90 = ORIENTED_EDGE ( 'NONE', *, *, #7313, .T. ) ;
#91 = VECTOR ( 'NONE', #7623, 39.37007874015748100 ) ;
#92 = VECTOR ( 'NONE', #6997, 39.37007874015748100 ) ;
#93 = EDGE_LOOP ( 'NONE', ( #5523, #2980, #1412, #490 ) ) ;
#94 = CYLINDRICAL_SURFACE ( 'NONE', #8496, 0.1441519259705861500 ) ;
#95 = ORIENTED_EDGE ( 'NONE', *, *, #8664, .T. ) ;
#96 = CARTESIAN_POINT ( 'NONE',  ( -1.625848074029412800, -2.255000000000002100, 1.614999999999999800 ) ) ;
#97 = DIRECTION ( 'NONE',  ( 1.000000000000000000, 0.0000000000000000000, 0.0000000000000000000 ) ) ;
#98 = DIRECTION ( 'NONE',  ( 0.0000000000000000000, 0.0000000000000000000, -1.000000000000000000 ) ) ;
#99 = ORIENTED_EDGE ( 'NONE', *, *, #254, .T. ) ;
#100 = ORIENTED_EDGE ( 'NONE', *, *, #3392, .T. ) ;
#101 = CARTESIAN_POINT ( 'NONE',  ( -1.616740157480315100, -2.027999999999999600, 1.605000000000000000 ) ) ;
#102 = ORIENTED_EDGE ( 'NONE', *, *, #4510, .F. ) ;
#103 = CARTESIAN_POINT ( 'NONE',  ( -1.498499999999999100, 1.873000000000000000, 1.639999999999999900 ) ) ;
#104 = CIRCLE ( 'NONE', #2894, 0.1535000000000005500 ) ;
#105 = FACE_OUTER_BOUND ( 'NONE', #7778, .T. ) ;
#106 = EDGE_CURVE ( 'NONE', #10028, #7992, #10512, .T. ) ;
#107 = EDGE_CURVE ( 'NONE', #8132, #10362, #3045, .T. ) ;
#108 = AXIS2_PLACEMENT_3D ( 'NONE', #5629, #10073, #10790 ) ;
#109 = EDGE_LOOP ( 'NONE', ( #505, #10633, #3710, #1156 ) ) ;
#110 = DIRECTION ( 'NONE',  ( 1.000000000000000000, -0.0000000000000000000, -0.0000000000000000000 ) ) ;
#111 = EDGE_LOOP ( 'NONE', ( #9811, #7009, #10184, #7223 ) ) ;
#112 = VERTEX_POINT ( 'NONE', #3168 ) ;
#113 = DIRECTION ( 'NONE',  ( 1.000000000000000000, 3.086833891146059900E-016, 0.0000000000000000000 ) ) ;
#114 = EDGE_LOOP ( 'NONE', ( #9267, #9440, #8724, #7075 ) ) ;
#115 = CIRCLE ( 'NONE', #5900, 0.009999999999999892700 ) ;
#116 = ADVANCED_FACE ( 'NONE', ( #10783 ), #1088, .T. ) ;
#117 = VECTOR ( 'NONE', #10849, 39.37007874015748100 ) ;
#118 = DIRECTION ( 'NONE',  ( -1.000000000000000000, 0.0000000000000000000, -0.0000000000000000000 ) ) ;
#119 = ORIENTED_EDGE ( 'NONE', *, *, #7385, .T. ) ;
#120 = ORIENTED_EDGE ( 'NONE', *, *, #3002, .F. ) ;
#121 = DIRECTION ( 'NONE',  ( -0.0000000000000000000, -0.0000000000000000000, 1.000000000000000000 ) ) ;
#122 = VERTEX_POINT ( 'NONE', #5743 ) ;
#123 = EDGE_CURVE ( 'NONE', #4070, #2778, #1725, .T. ) ;
#124 = ORIENTED_EDGE ( 'NONE', *, *, #7047, .T. ) ;
#125 = VECTOR ( 'NONE', #7091, 39.37007874015748100 ) ;
#126 = DIRECTION ( 'NONE',  ( -1.000000000000000000, 0.0000000000000000000, 0.0000000000000000000 ) ) ;
#127 = ORIENTED_EDGE ( 'NONE', *, *, #8716, .F. ) ;
#128 = CARTESIAN_POINT ( 'NONE',  ( -1.448144236928872600, -2.143634746992061100, 2.015548118773191200 ) ) ;
#129 = CIRCLE ( 'NONE', #9354, 0.1674999999999997900 ) ;
#130 = DIRECTION ( 'NONE',  ( 1.000000000000000000, 0.0000000000000000000, 0.0000000000000000000 ) ) ;
#131 = DIRECTION ( 'NONE',  ( 0.0000000000000000000, 0.0000000000000000000, -1.000000000000000000 ) ) ;
#132 = ORIENTED_EDGE ( 'NONE', *, *, #7344, .T. ) ;
#133 = ADVANCED_FACE ( 'NONE', ( #8391, #9852, #3313, #3700, #7587, #10126 ), #9091, .T. ) ;
#134 = DIRECTION ( 'NONE',  ( 0.0000000000000000000, 0.0000000000000000000, -1.000000000000000000 ) ) ;
#135 = ORIENTED_EDGE ( 'NONE', *, *, #2604, .F. ) ;
#136 = PLANE ( 'NONE',  #348 ) ;
#137 = VERTEX_POINT ( 'NONE', #6502 ) ;
#138 = PERSON_AND_ORGANIZATION ( #5159, #4153 ) ;
#139 = AXIS2_PLACEMENT_3D ( 'NONE', #10721, #2414, #6906 ) ;
#140 = DIRECTION ( 'NONE',  ( 1.000000000000000000, 0.0000000000000000000, 0.0000000000000000000 ) ) ;
#141 = EDGE_CURVE ( 'NONE', #10005, #7035, #8254, .T. ) ;
#142 = VERTEX_POINT ( 'NONE', #10776 ) ;
#143 = DIRECTION ( 'NONE',  ( -0.0000000000000000000, -0.0000000000000000000, -1.000000000000000000 ) ) ;
#144 = CARTESIAN_POINT ( 'NONE',  ( 0.9638306835251589900, -2.146999999999998900, 1.580000000000000100 ) ) ;
#145 = EDGE_LOOP ( 'NONE', ( #7410, #8043, #10494, #5163 ) ) ;
#146 = EDGE_LOOP ( 'NONE', ( #3509, #10352, #407, #4664 ) ) ;
#147 = CARTESIAN_POINT ( 'NONE',  ( -1.498499999999999100, 1.823000000000000000, 1.630000000000000100 ) ) ;
#148 = CIRCLE ( 'NONE', #3804, 0.05849999999999993400 ) ;
#149 = CARTESIAN_POINT ( 'NONE',  ( 1.498499999999999100, -1.772999999999999900, 2.050000000000000300 ) ) ;
#150 = DIRECTION ( 'NONE',  ( -0.0000000000000000000, -0.0000000000000000000, -1.000000000000000000 ) ) ;
#151 = AXIS2_PLACEMENT_3D ( 'NONE', #1864, #4397, #3631 ) ;
#152 = EDGE_LOOP ( 'NONE', ( #6055, #9658, #4856, #3531 ) ) ;
#153 = CARTESIAN_POINT ( 'NONE',  ( 1.751999999999999600, -1.619499999999999500, 1.540000000000000000 ) ) ;
#154 = FACE_OUTER_BOUND ( 'NONE', #7003, .T. ) ;
#155 = AXIS2_PLACEMENT_3D ( 'NONE', #10416, #5337, #292 ) ;
#156 = CARTESIAN_POINT ( 'NONE',  ( -1.502508932639995400, -2.129472331882377400, 2.044999999999999500 ) ) ;
#157 = DIRECTION ( 'NONE',  ( -0.0000000000000000000, -0.0000000000000000000, -1.000000000000000000 ) ) ;
#158 = DIRECTION ( 'NONE',  ( 1.000000000000000000, 0.0000000000000000000, 0.0000000000000000000 ) ) ;
#159 = CARTESIAN_POINT ( 'NONE',  ( 1.498499999999999100, 1.823000000000000000, 1.630000000000000100 ) ) ;
#160 = CARTESIAN_POINT ( 'NONE',  ( 1.081000000000000400, -1.890999999999999800, 0.1200000000000000900 ) ) ;
#161 = DIRECTION ( 'NONE',  ( -0.0000000000000000000, -0.0000000000000000000, 1.000000000000000000 ) ) ;
#162 = LINE ( 'NONE', #3540, #9226 ) ;
#163 = CYLINDRICAL_SURFACE ( 'NONE', #4453, 0.2704999999999985200 ) ;
#164 = ADVANCED_FACE ( 'NONE', ( #7324 ), #10389, .T. ) ;
#165 = EDGE_CURVE ( 'NONE', #2858, #4076, #6255, .T. ) ;
#166 = CARTESIAN_POINT ( 'NONE',  ( 1.081000000000000400, 1.823000000000000000, 1.630000000000000100 ) ) ;
#167 = DIRECTION ( 'NONE',  ( -1.000000000000000000, 0.0000000000000000000, 0.0000000000000000000 ) ) ;
#168 = DIRECTION ( 'NONE',  ( -0.0000000000000000000, -0.0000000000000000000, -1.000000000000000000 ) ) ;
#169 = CARTESIAN_POINT ( 'NONE',  ( 1.498499999999999100, -1.619499999999999500, 1.605000000000000000 ) ) ;
#170 = FACE_OUTER_BOUND ( 'NONE', #5580, .T. ) ;
#171 = DIRECTION ( 'NONE',  ( -1.000000000000000000, 0.0000000000000000000, 0.0000000000000000000 ) ) ;
#172 = ADVANCED_FACE ( 'NONE', ( #5985 ), #7983, .F. ) ;
#173 = AXIS2_PLACEMENT_3D ( 'NONE', #9393, #2607, #7605 ) ;
#174 = EDGE_CURVE ( 'NONE', #3556, #8841, #10249, .T. ) ;
#175 = EDGE_CURVE ( 'NONE', #5992, #7409, #1854, .T. ) ;
#176 = VECTOR ( 'NONE', #7811, 39.37007874015748100 ) ;
#177 = APPROVAL ( #733, 'UNSPECIFIED' ) ;
#178 = EDGE_CURVE ( 'NONE', #5979, #7409, #7851, .T. ) ;
#179 = FACE_BOUND ( 'NONE', #7907, .T. ) ;
#180 = DIRECTION ( 'NONE',  ( 1.000000000000000000, 0.0000000000000000000, 0.0000000000000000000 ) ) ;
#181 = DIRECTION ( 'NONE',  ( 1.000000000000000000, 1.931999995519277300E-016, 0.0000000000000000000 ) ) ;
#182 = ORIENTED_EDGE ( 'NONE', *, *, #2075, .T. ) ;
#183 = CARTESIAN_POINT ( 'NONE',  ( -0.7070000000000014100, -1.926500000000000300, 1.540000000000000000 ) ) ;
#184 = DIRECTION ( 'NONE',  ( 1.000000000000000000, 0.0000000000000000000, 0.0000000000000000000 ) ) ;
#185 = ORIENTED_EDGE ( 'NONE', *, *, #1540, .F. ) ;
#187 = CARTESIAN_POINT ( 'NONE',  ( 0.9638306835251591000, 2.146999999999998900, 1.580000000000000100 ) ) ;
#186 = DIRECTION ( 'NONE',  ( -0.0000000000000000000, -0.0000000000000000000, -1.000000000000000000 ) ) ;
#188 = CIRCLE ( 'NONE', #994, 0.1535000000000002800 ) ;
#189 = CARTESIAN_POINT ( 'NONE',  ( 1.538000000000000500, -2.027999999999999100, 2.004999999999999400 ) ) ;
#190 = ORIENTED_EDGE ( 'NONE', *, *, #7504, .T. ) ;
#191 = VECTOR ( 'NONE', #3465, 39.37007874015748100 ) ;
#192 = VERTEX_POINT ( 'NONE', #4277 ) ;
#193 = DIRECTION ( 'NONE',  ( 0.0000000000000000000, 0.0000000000000000000, 1.000000000000000000 ) ) ;
#194 = ORIENTED_EDGE ( 'NONE', *, *, #7050, .F. ) ;
#195 = DIRECTION ( 'NONE',  ( 0.5000000000000023300, 0.8660254037844371500, 0.0000000000000000000 ) ) ;
#196 = ORIENTED_EDGE ( 'NONE', *, *, #10678, .T. ) ;
#197 = AXIS2_PLACEMENT_3D ( 'NONE', #28, #9347, #903 ) ;
#198 = EDGE_CURVE ( 'NONE', #9695, #2332, #9592, .T. ) ;
#199 = CARTESIAN_POINT ( 'NONE',  ( -0.9274999999999999900, -1.926500000000000300, 1.630000000000000100 ) ) ;
#200 = ORIENTED_EDGE ( 'NONE', *, *, #5686, .T. ) ;
#201 = ORIENTED_EDGE ( 'NONE', *, *, #8993, .T. ) ;
#202 = DIRECTION ( 'NONE',  ( 0.0000000000000000000, 0.0000000000000000000, 1.000000000000000000 ) ) ;
#203 = CIRCLE ( 'NONE', #919, 0.09375000000000033300 ) ;
#204 = CARTESIAN_POINT ( 'NONE',  ( 1.685499999999999800, 2.027999999999999100, 2.004999999999999400 ) ) ;
#205 = LINE ( 'NONE', #9401, #8587 ) ;
#206 = ORIENTED_EDGE ( 'NONE', *, *, #7369, .F. ) ;
#207 = DIRECTION ( 'NONE',  ( -0.0000000000000000000, -0.0000000000000000000, -1.000000000000000000 ) ) ;
#208 = CARTESIAN_POINT ( 'NONE',  ( -1.281500000000000100, -1.515499999999999600, 0.3700000000000001100 ) ) ;
#209 = DIRECTION ( 'NONE',  ( 0.0000000000000000000, 0.0000000000000000000, 1.000000000000000000 ) ) ;
#210 = DIRECTION ( 'NONE',  ( -0.0000000000000000000, -0.0000000000000000000, -1.000000000000000000 ) ) ;
#211 = AXIS2_PLACEMENT_3D ( 'NONE', #10108, #9177, #4998 ) ;
#212 = EDGE_CURVE ( 'NONE', #6627, #3806, #4115, .T. ) ;
#213 = CARTESIAN_POINT ( 'NONE',  ( 1.616740157480315100, 2.027999999999999600, 1.267500000000000100 ) ) ;
#214 = ORIENTED_EDGE ( 'NONE', *, *, #483, .F. ) ;
#215 = CIRCLE ( 'NONE', #1876, 0.2035000000000004300 ) ;
#216 = LINE ( 'NONE', #6090, #7021 ) ;
#217 = ORIENTED_EDGE ( 'NONE', *, *, #3999, .F. ) ;
#218 = CIRCLE ( 'NONE', #1436, 0.07874015748031476500 ) ;
#219 = ADVANCED_FACE ( 'NONE', ( #3574 ), #881, .F. ) ;
#220 = EDGE_LOOP ( 'NONE', ( #8308, #522, #9122, #5250 ) ) ;
#221 = CARTESIAN_POINT ( 'NONE',  ( 1.625848074029415400, 2.120848074029412900, 0.0000000000000000000 ) ) ;
#222 = DIRECTION ( 'NONE',  ( 1.000000000000000000, 0.0000000000000000000, 0.0000000000000000000 ) ) ;
#223 = ORIENTED_EDGE ( 'NONE', *, *, #968, .F. ) ;
#224 = EDGE_LOOP ( 'NONE', ( #4755, #55, #3129, #5160, #3966, #2281 ) ) ;
#225 = ORIENTED_EDGE ( 'NONE', *, *, #9456, .T. ) ;
#226 = FACE_OUTER_BOUND ( 'NONE', #2090, .T. ) ;
#227 = CARTESIAN_POINT ( 'NONE',  ( -1.625848074029412800, -2.265000000000002300, 2.121949358009804300 ) ) ;
#228 = ORIENTED_EDGE ( 'NONE', *, *, #4565, .T. ) ;
#229 = CARTESIAN_POINT ( 'NONE',  ( 1.081000000000000400, -1.926500000000000300, -0.3943848084544492900 ) ) ;
#230 = CIRCLE ( 'NONE', #9709, 0.05350000000000053300 ) ;
#231 = DIRECTION ( 'NONE',  ( 1.000000000000000000, -4.151904875222836800E-015, 0.0000000000000000000 ) ) ;
#232 = ORIENTED_EDGE ( 'NONE', *, *, #7877, .T. ) ;
#233 = CARTESIAN_POINT ( 'NONE',  ( -1.625848074029413200, 2.120848074029412900, 1.605000000000000000 ) ) ;
#234 = EDGE_CURVE ( 'NONE', #9877, #7065, #7708, .T. ) ;
#235 = CARTESIAN_POINT ( 'NONE',  ( -1.350500000000000300, 2.027999999999999600, 1.580000000000000100 ) ) ;
#236 = DIRECTION ( 'NONE',  ( 0.0000000000000000000, 0.0000000000000000000, 1.000000000000000000 ) ) ;
#237 = ORIENTED_EDGE ( 'NONE', *, *, #690, .F. ) ;
#238 = EDGE_CURVE ( 'NONE', #1781, #5714, #7454, .T. ) ;
#239 = ORIENTED_EDGE ( 'NONE', *, *, #691, .F. ) ;
#240 = ADVANCED_FACE ( 'NONE', ( #10650 ), #813, .F. ) ;
#241 = EDGE_LOOP ( 'NONE', ( #9181, #2789, #9705, #6920 ) ) ;
#242 = LINE ( 'NONE', #8045, #10900 ) ;
#243 = CYLINDRICAL_SURFACE ( 'NONE', #950, 0.07874015748031476500 ) ;
#244 = ORIENTED_EDGE ( 'NONE', *, *, #10097, .T. ) ;
#245 = DIRECTION ( 'NONE',  ( 1.000000000000000000, 0.0000000000000000000, 0.0000000000000000000 ) ) ;
#246 = CARTESIAN_POINT ( 'NONE',  ( 1.497500000000000300, 1.515499999999999600, 0.1200000000000000900 ) ) ;
#247 = ORIENTED_EDGE ( 'NONE', *, *, #9223, .T. ) ;
#248 = VERTEX_POINT ( 'NONE', #6693 ) ;
#249 = VERTEX_POINT ( 'NONE', #5893 ) ;
#250 = PLANE ( 'NONE',  #1111 ) ;
#251 = VERTEX_POINT ( 'NONE', #7629 ) ;
#252 = EDGE_CURVE ( 'NONE', #9733, #7952, #809, .T. ) ;
#253 = LINE ( 'NONE', #2788, #1843 ) ;
#254 = EDGE_CURVE ( 'NONE', #9392, #2468, #5713, .T. ) ;
#255 = AXIS2_PLACEMENT_3D ( 'NONE', #8394, #772, #1506 ) ;
#256 = EDGE_CURVE ( 'NONE', #8756, #122, #4148, .T. ) ;
#257 = CIRCLE ( 'NONE', #10687, 0.1441519259705861500 ) ;
#258 = ORIENTED_EDGE ( 'NONE', *, *, #9142, .F. ) ;
#259 = DIRECTION ( 'NONE',  ( -0.0000000000000000000, -0.0000000000000000000, -1.000000000000000000 ) ) ;
#260 = ORIENTED_EDGE ( 'NONE', *, *, #2532, .F. ) ;
#261 = CARTESIAN_POINT ( 'NONE',  ( -1.726999999999999400, 1.619499999999999500, 1.564999999999999700 ) ) ;
#262 = ORIENTED_EDGE ( 'NONE', *, *, #7047, .F. ) ;
#263 = ORIENTED_EDGE ( 'NONE', *, *, #3982, .T. ) ;
#264 = CARTESIAN_POINT ( 'NONE',  ( -1.538000000000000500, 2.027999999999999100, 2.004999999999999400 ) ) ;
#265 = LINE ( 'NONE', #8137, #1981 ) ;
#266 = CARTESIAN_POINT ( 'NONE',  ( 0.7070000000000014100, 2.246999999999998600, 1.564999999999999700 ) ) ;
#267 = ORIENTED_EDGE ( 'NONE', *, *, #819, .F. ) ;
#268 = CIRCLE ( 'NONE', #5257, 0.2704999999999984600 ) ;
#269 = ADVANCED_FACE ( 'NONE', ( #1212 ), #3972, .T. ) ;
#270 = ORIENTED_EDGE ( 'NONE', *, *, #5463, .T. ) ;
#271 = AXIS2_PLACEMENT_3D ( 'NONE', #8075, #2957, #9000 ) ;
#272 = CARTESIAN_POINT ( 'NONE',  ( 0.7070000000000014100, -1.926500000000000300, 1.630000000000000100 ) ) ;
#273 = AXIS2_PLACEMENT_3D ( 'NONE', #189, #7017, #1030 ) ;
#274 = CARTESIAN_POINT ( 'NONE',  ( 1.651999999999999500, -1.619499999999999500, 0.1200000000000000900 ) ) ;
#275 = EDGE_CURVE ( 'NONE', #1260, #2375, #5443, .T. ) ;
#277 = CARTESIAN_POINT ( 'NONE',  ( 0.7070000000000014100, -2.146999999999998900, 2.050000000000000300 ) ) ;
#276 = DIRECTION ( 'NONE',  ( -0.0000000000000000000, 0.0000000000000000000, 1.000000000000000000 ) ) ;
#278 = CARTESIAN_POINT ( 'NONE',  ( 1.081000000000000400, 1.847999999999999900, 1.564999999999999700 ) ) ;
#279 = ORIENTED_EDGE ( 'NONE', *, *, #8222, .T. ) ;
#280 = ORIENTED_EDGE ( 'NONE', *, *, #7866, .T. ) ;
#281 = CARTESIAN_POINT ( 'NONE',  ( 1.721949358009806200, 2.120848074029412900, 0.04805064199019536800 ) ) ;
#282 = CARTESIAN_POINT ( 'NONE',  ( 1.701999999999999500, 1.619499999999999500, 1.639999999999999900 ) ) ;
#283 = VECTOR ( 'NONE', #5198, 39.37007874015748100 ) ;
#284 = ADVANCED_FACE ( 'NONE', ( #1337 ), #6126, .T. ) ;
#285 = CARTESIAN_POINT ( 'NONE',  ( 1.482251619347311900, 2.164559027730145000, 2.004999999999999400 ) ) ;
#286 = AXIS2_PLACEMENT_3D ( 'NONE', #4350, #5212, #3453 ) ;
#287 = AXIS2_PLACEMENT_3D ( 'NONE', #413, #5527, #2027 ) ;
#288 = EDGE_CURVE ( 'NONE', #4076, #2837, #8120, .T. ) ;
#289 = DIRECTION ( 'NONE',  ( 1.000000000000000000, 0.0000000000000000000, 0.0000000000000000000 ) ) ;
#290 = DIRECTION ( 'NONE',  ( 0.0000000000000000000, 1.000000000000000000, 0.0000000000000000000 ) ) ;
#291 = VECTOR ( 'NONE', #1225, 39.37007874015748100 ) ;
#292 = DIRECTION ( 'NONE',  ( -1.000000000000000000, 0.0000000000000000000, 0.0000000000000000000 ) ) ;
#293 = ADVANCED_FACE ( 'NONE', ( #5052, #9721 ), #1079, .T. ) ;
#294 = CIRCLE ( 'NONE', #5549, 0.1535000000000004100 ) ;
#295 = PERSON_AND_ORGANIZATION_ROLE ( 'creator' ) ;
#296 = LINE ( 'NONE', #10346, #5885 ) ;
#297 = CARTESIAN_POINT ( 'NONE',  ( -1.081000000000000400, 1.772999999999999900, 1.630000000000000100 ) ) ;
#298 = AXIS2_PLACEMENT_3D ( 'NONE', #2596, #6943, #1777 ) ;
#299 = CARTESIAN_POINT ( 'NONE',  ( -1.350500000000000300, -2.027999999999999600, 0.1200000000000000900 ) ) ;
#300 = CARTESIAN_POINT ( 'NONE',  ( -1.459259842519685700, -2.027999999999999600, 1.580000000000000100 ) ) ;
#301 = CARTESIAN_POINT ( 'NONE',  ( 0.7070000000000014100, -2.221999999999998600, 1.540000000000000000 ) ) ;
#302 = DIRECTION ( 'NONE',  ( -0.0000000000000000000, -0.0000000000000000000, -1.000000000000000000 ) ) ;
#303 = CIRCLE ( 'NONE', #6194, 0.1035000000000005500 ) ;
#305 = CARTESIAN_POINT ( 'NONE',  ( 1.281500000000000500, 1.515499999999999600, 0.1200000000000000900 ) ) ;
#304 = DIRECTION ( 'NONE',  ( -1.000000000000000000, 0.0000000000000000000, 0.0000000000000000000 ) ) ;
#306 = DIRECTION ( 'NONE',  ( -1.000000000000000000, 0.0000000000000000000, 0.0000000000000000000 ) ) ;
#307 = CYLINDRICAL_SURFACE ( 'NONE', #7976, 0.04805064199019547200 ) ;
#308 = CARTESIAN_POINT ( 'NONE',  ( 1.081000000000000400, 1.873000000000000000, 1.605000000000000000 ) ) ;
#309 = LINE ( 'NONE', #5396, #40 ) ;
#310 = EDGE_CURVE ( 'NONE', #5920, #7375, #537, .T. ) ;
#311 = EDGE_CURVE ( 'NONE', #2468, #8701, #3833, .T. ) ;
#312 = CARTESIAN_POINT ( 'NONE',  ( -1.538000000000000500, -2.027999999999999600, 1.919999999999999700 ) ) ;
#313 = AXIS2_PLACEMENT_3D ( 'NONE', #1159, #8801, #1124 ) ;
#314 = ORIENTED_EDGE ( 'NONE', *, *, #175, .T. ) ;
#315 = DIRECTION ( 'NONE',  ( 1.000000000000000000, 0.0000000000000000000, 0.0000000000000000000 ) ) ;
#316 = CARTESIAN_POINT ( 'NONE',  ( -1.625848074029413200, 2.216949358009803600, 2.169999999999999900 ) ) ;
#317 = CARTESIAN_POINT ( 'NONE',  ( -0.7070000000000014100, -1.926500000000000300, 1.639999999999999900 ) ) ;
#318 = CYLINDRICAL_SURFACE ( 'NONE', #7674, 0.009999999999999892700 ) ;
#319 = ORIENTED_EDGE ( 'NONE', *, *, #1540, .T. ) ;
#320 = VECTOR ( 'NONE', #10691, 39.37007874015748100 ) ;
#321 = ORIENTED_EDGE ( 'NONE', *, *, #3076, .T. ) ;
#322 = VERTEX_POINT ( 'NONE', #8707 ) ;
#323 = ORIENTED_EDGE ( 'NONE', *, *, #4340, .T. ) ;
#324 = DIRECTION ( 'NONE',  ( 0.0000000000000000000, 0.0000000000000000000, -1.000000000000000000 ) ) ;
#325 = AXIS2_PLACEMENT_3D ( 'NONE', #1453, #7401, #2291 ) ;
#326 = EDGE_CURVE ( 'NONE', #6757, #3534, #2521, .T. ) ;
#327 = CARTESIAN_POINT ( 'NONE',  ( -1.277250000000000400, 2.027999999999999100, 0.1200000000000000900 ) ) ;
#328 = ADVANCED_FACE ( 'NONE', ( #5857 ), #3483, .T. ) ;
#329 = PRODUCT_DEFINITION ( 'UNKNOWN', '', #10450, #7515 ) ;
#330 = EDGE_CURVE ( 'NONE', #8469, #5455, #9147, .T. ) ;
#331 = CARTESIAN_POINT ( 'NONE',  ( -1.625848074029413200, 2.120848074029412900, 1.614999999999999800 ) ) ;
#332 = ORIENTED_EDGE ( 'NONE', *, *, #5499, .F. ) ;
#333 = CIRCLE ( 'NONE', #8166, 0.3384999999999984700 ) ;
#334 = DIRECTION ( 'NONE',  ( -1.000000000000000000, 0.0000000000000000000, 0.0000000000000000000 ) ) ;
#335 = ORIENTED_EDGE ( 'NONE', *, *, #8806, .T. ) ;
#336 = FACE_OUTER_BOUND ( 'NONE', #145, .T. ) ;
#337 = VERTEX_POINT ( 'NONE', #5999 ) ;
#338 = ORIENTED_EDGE ( 'NONE', *, *, #786, .T. ) ;
#339 = ORIENTED_EDGE ( 'NONE', *, *, #4922, .F. ) ;
#340 = DIRECTION ( 'NONE',  ( 0.0000000000000000000, 0.0000000000000000000, 1.000000000000000000 ) ) ;
#342 = CARTESIAN_POINT ( 'NONE',  ( -1.538000000000000500, -2.027999999999999600, 2.159999999999999700 ) ) ;
#341 = DIRECTION ( 'NONE',  ( -1.000000000000000000, 0.0000000000000000000, 0.0000000000000000000 ) ) ;
#343 = CARTESIAN_POINT ( 'NONE',  ( 1.498499999999999100, -1.619499999999999500, 1.630000000000000100 ) ) ;
#344 = VECTOR ( 'NONE', #2699, 39.37007874015748100 ) ;
#345 = EDGE_LOOP ( 'NONE', ( #5134, #10246, #10202, #4240, #10994, #8490 ) ) ;
#346 = FACE_OUTER_BOUND ( 'NONE', #5184, .T. ) ;
#347 = DIRECTION ( 'NONE',  ( 0.0000000000000000000, 0.0000000000000000000, 1.000000000000000000 ) ) ;
#348 = AXIS2_PLACEMENT_3D ( 'NONE', #6080, #1936, #969 ) ;
#349 = FACE_OUTER_BOUND ( 'NONE', #672, .T. ) ;
#350 = ORIENTED_EDGE ( 'NONE', *, *, #10054, .T. ) ;
#351 = AXIS2_PLACEMENT_3D ( 'NONE', #8560, #838, #8450 ) ;
#352 = VERTEX_POINT ( 'NONE', #10279 ) ;
#353 = CARTESIAN_POINT ( 'NONE',  ( -1.081000000000000400, 1.926500000000000300, 1.540000000000000000 ) ) ;
#354 = CARTESIAN_POINT ( 'NONE',  ( 1.277250000000000400, -2.027999999999999100, 0.0000000000000000000 ) ) ;
#355 = ORIENTED_EDGE ( 'NONE', *, *, #1384, .F. ) ;
#356 = DIRECTION ( 'NONE',  ( -0.0000000000000000000, -0.0000000000000000000, 1.000000000000000000 ) ) ;
#357 = LINE ( 'NONE', #8703, #7542 ) ;
#358 = VECTOR ( 'NONE', #7141, 39.37007874015748100 ) ;
#359 = ORIENTED_EDGE ( 'NONE', *, *, #6919, .T. ) ;
#360 = DIRECTION ( 'NONE',  ( -0.0000000000000000000, -0.0000000000000000000, 1.000000000000000000 ) ) ;
#361 = FACE_OUTER_BOUND ( 'NONE', #4973, .T. ) ;
#362 = EDGE_LOOP ( 'NONE', ( #2717, #10992, #15, #9468 ) ) ;
#363 = AXIS2_PLACEMENT_3D ( 'NONE', #10301, #5991, #4337 ) ;
#364 = EDGE_CURVE ( 'NONE', #8513, #1794, #9329, .T. ) ;
#365 = ORIENTED_EDGE ( 'NONE', *, *, #6329, .T. ) ;
#366 = VERTEX_POINT ( 'NONE', #10363 ) ;
#367 = EDGE_LOOP ( 'NONE', ( #10373, #3297, #10478, #464 ) ) ;
#368 = CARTESIAN_POINT ( 'NONE',  ( -1.538000000000000500, 2.027999999999999600, 2.169999999999999900 ) ) ;
#369 = VECTOR ( 'NONE', #5031, 39.37007874015748100 ) ;
#370 = AXIS2_PLACEMENT_3D ( 'NONE', #6731, #8369, #7584 ) ;
#371 = VECTOR ( 'NONE', #3106, 39.37007874015748100 ) ;
#372 = CARTESIAN_POINT ( 'NONE',  ( 1.498499999999999100, 1.823000000000000000, 1.580000000000000100 ) ) ;
#373 = CARTESIAN_POINT ( 'NONE',  ( -1.457724670884943000, 2.127040948621590200, 2.040035489790283500 ) ) ;
#374 = ORIENTED_EDGE ( 'NONE', *, *, #1134, .T. ) ;
#375 = ADVANCED_FACE ( 'NONE', ( #944, #2780 ), #3566, .T. ) ;
#376 = VERTEX_POINT ( 'NONE', #1753 ) ;
#377 = DIRECTION ( 'NONE',  ( -0.0000000000000000000, -0.0000000000000000000, 1.000000000000000000 ) ) ;
#378 = ORIENTED_EDGE ( 'NONE', *, *, #10746, .T. ) ;
#379 = DIRECTION ( 'NONE',  ( -1.000000000000000000, 0.0000000000000000000, 0.0000000000000000000 ) ) ;
#380 = EDGE_CURVE ( 'NONE', #2127, #8776, #2252, .T. ) ;
#381 = VERTEX_POINT ( 'NONE', #2648 ) ;
#382 = VECTOR ( 'NONE', #7937, 39.37007874015748100 ) ;
#383 = DIRECTION ( 'NONE',  ( 0.0000000000000000000, -1.000000000000000000, 0.0000000000000000000 ) ) ;
#384 = CARTESIAN_POINT ( 'NONE',  ( 1.339999999999999900, -1.515499999999999600, 0.3700000000000001100 ) ) ;
#385 = CIRCLE ( 'NONE', #6710, 0.02499999999999987000 ) ;
#386 = EDGE_CURVE ( 'NONE', #6786, #2590, #8784, .T. ) ;
#387 = CARTESIAN_POINT ( 'NONE',  ( -0.7070000000000014100, 2.146999999999998900, 1.630000000000000100 ) ) ;
#388 = VERTEX_POINT ( 'NONE', #4353 ) ;
#389 = EDGE_CURVE ( 'NONE', #7510, #8234, #2507, .T. ) ;
#390 = VERTEX_POINT ( 'NONE', #6292 ) ;
#391 = ORIENTED_EDGE ( 'NONE', *, *, #5915, .F. ) ;
#392 = VERTEX_POINT ( 'NONE', #9477 ) ;
#393 = ADVANCED_FACE ( 'NONE', ( #10770 ), #8912, .T. ) ;
#394 = VERTEX_POINT ( 'NONE', #2938 ) ;
#395 = CIRCLE ( 'NONE', #7738, 0.1475000000000002700 ) ;
#396 = CLOSED_SHELL ( 'NONE', ( #2311, #486, #7915, #3757, #6076, #6020, #7297, #7596, #10507, #2887, #1934, #10528, #3093, #5333, #9074, #2103, #7032, #8866, #10344, #7149, #2812, #7207, #10592, #7098, #3446, #8777, #9861, #2260, #2776, #2734, #6346, #2715, #9141, #3704, #6984, #7802, #7823, #7415, #6941, #10865, #5604, #3265, #3678, #7511, #7250, #3315, #4782, #3570, #2044, #2680, #6519, #2270, #10689, #5075, #6131, #8654, #3050, #8028, #328, #116, #6570, #724, #4992, #1676, #1603, #9909, #10766, #393, #5123, #9210, #549, #10162, #2793, #219, #8744, #8487, #439, #7110, #8690, #4717, #5251, #4507, #8262, #3592, #1954, #8145, #1848, #10214, #8180, #6628, #1281, #4941, #1065, #3081, #9752, #3714, #1996, #10032, #613, #9820, #4358, #4147, #375, #5355, #9549, #7395, #9611, #8714, #9019, #5891, #4049, #3553, #6250, #6471, #966, #8245, #10701, #7699, #7360, #10405, #8068, #6408, #5550, #10017, #6419, #6143, #563, #1731, #665, #269 ) ) ;
#397 = LINE ( 'NONE', #1596, #2649 ) ;
#398 = DIRECTION ( 'NONE',  ( -0.0000000000000000000, -0.0000000000000000000, -1.000000000000000000 ) ) ;
#399 = ORIENTED_EDGE ( 'NONE', *, *, #10666, .T. ) ;
#400 = CARTESIAN_POINT ( 'NONE',  ( -1.498499999999999100, 1.823000000000000000, 1.639999999999999900 ) ) ;
#401 = CARTESIAN_POINT ( 'NONE',  ( 1.482251619347311900, -2.164559027730145000, 2.004999999999999400 ) ) ;
#402 = AXIS2_PLACEMENT_3D ( 'NONE', #5348, #302, #7769 ) ;
#403 = EDGE_CURVE ( 'NONE', #8419, #9827, #8380, .T. ) ;
#404 = EDGE_CURVE ( 'NONE', #8067, #685, #4499, .T. ) ;
#405 = AXIS2_PLACEMENT_3D ( 'NONE', #8383, #1494, #2345 ) ;
#406 = EDGE_CURVE ( 'NONE', #6617, #4694, #2106, .T. ) ;
#407 = ORIENTED_EDGE ( 'NONE', *, *, #1264, .F. ) ;
#408 = EDGE_LOOP ( 'NONE', ( #4073, #8832, #4846, #4105 ) ) ;
#409 = CIRCLE ( 'NONE', #8122, 0.2204999999999985000 ) ;
#410 = CARTESIAN_POINT ( 'NONE',  ( 1.627855763071127900, 1.912365253007936900, 2.015548118773191200 ) ) ;
#411 = CARTESIAN_POINT ( 'NONE',  ( 1.339999999999999900, -1.515499999999999600, 0.3700000000000001100 ) ) ;
#412 = ORIENTED_EDGE ( 'NONE', *, *, #6742, .F. ) ;
#413 = CARTESIAN_POINT ( 'NONE',  ( 1.645499999999999700, -2.027999999999999100, 2.004999999999999400 ) ) ;
#414 = ORIENTED_EDGE ( 'NONE', *, *, #4957, .F. ) ;
#415 = AXIS2_PLACEMENT_3D ( 'NONE', #8778, #5458, #6318 ) ;
#416 = DIRECTION ( 'NONE',  ( -0.0000000000000000000, -0.0000000000000000000, 1.000000000000000000 ) ) ;
#417 = LINE ( 'NONE', #662, #2401 ) ;
#418 = AXIS2_PLACEMENT_3D ( 'NONE', #544, #1382, #3074 ) ;
#419 = CARTESIAN_POINT ( 'NONE',  ( -1.081000000000000400, -1.823000000000000000, 1.639999999999999900 ) ) ;
#420 = EDGE_CURVE ( 'NONE', #7952, #1469, #3958, .T. ) ;
#422 = DIRECTION ( 'NONE',  ( 0.0000000000000000000, -1.000000000000000000, 0.0000000000000000000 ) ) ;
#421 = DIRECTION ( 'NONE',  ( 0.0000000000000000000, 0.0000000000000000000, 1.000000000000000000 ) ) ;
#423 = CARTESIAN_POINT ( 'NONE',  ( 0.7070000000000014100, -1.926500000000000300, 1.564999999999999700 ) ) ;
#424 = DIRECTION ( 'NONE',  ( -1.000000000000000000, 0.0000000000000000000, 0.0000000000000000000 ) ) ;
#425 = FACE_OUTER_BOUND ( 'NONE', #9898, .T. ) ;
#426 = CARTESIAN_POINT ( 'NONE',  ( 0.7070000000000014100, -1.926500000000000300, 0.1200000000000000900 ) ) ;
#427 = CARTESIAN_POINT ( 'NONE',  ( 1.081000000000000400, -1.847999999999999900, 1.564999999999999700 ) ) ;
#428 = AXIS2_PLACEMENT_3D ( 'NONE', #9218, #5816, #2423 ) ;
#429 = AXIS2_PLACEMENT_3D ( 'NONE', #10602, #2937, #8937 ) ;
#430 = CARTESIAN_POINT ( 'NONE',  ( -1.625848074029413200, 2.120848074029412900, 1.580000000000000100 ) ) ;
#431 = DIRECTION ( 'NONE',  ( -1.000000000000000000, 0.0000000000000000000, 0.0000000000000000000 ) ) ;
#432 = CARTESIAN_POINT ( 'NONE',  ( 1.538000000000000500, -2.027999999999999100, 2.044999999999999500 ) ) ;
#433 = CYLINDRICAL_SURFACE ( 'NONE', #2693, 0.1875000000000001100 ) ;
#434 = DIRECTION ( 'NONE',  ( -0.0000000000000000000, -0.0000000000000000000, -1.000000000000000000 ) ) ;
#435 = CIRCLE ( 'NONE', #635, 0.1675000000000003400 ) ;
#436 = DIRECTION ( 'NONE',  ( -0.0000000000000000000, -0.0000000000000000000, -1.000000000000000000 ) ) ;
#437 = DIRECTION ( 'NONE',  ( 1.000000000000000000, 0.0000000000000000000, 0.0000000000000000000 ) ) ;
#438 = CARTESIAN_POINT ( 'NONE',  ( -0.7070000000000014100, -1.926500000000000300, 0.1200000000000000900 ) ) ;
#439 = ADVANCED_FACE ( 'NONE', ( #7314 ), #3768, .F. ) ;
#440 = VECTOR ( 'NONE', #1029, 39.37007874015748100 ) ;
#441 = AXIS2_PLACEMENT_3D ( 'NONE', #10700, #2102, #9819 ) ;
#442 = CYLINDRICAL_SURFACE ( 'NONE', #10163, 0.07874015748031476500 ) ;
#443 = CARTESIAN_POINT ( 'NONE',  ( -1.459259842519685700, 2.027999999999999600, 1.580000000000000100 ) ) ;
#444 = DIRECTION ( 'NONE',  ( 0.0000000000000000000, 0.0000000000000000000, 1.000000000000000000 ) ) ;
#445 = EDGE_CURVE ( 'NONE', #1091, #1011, #9581, .T. ) ;
#446 = CARTESIAN_POINT ( 'NONE',  ( -0.7070000000000014100, -2.196999999999999200, 1.540000000000000000 ) ) ;
#447 = EDGE_CURVE ( 'NONE', #4135, #10378, #253, .T. ) ;
#448 = DIRECTION ( 'NONE',  ( -0.0000000000000000000, -0.0000000000000000000, 1.000000000000000000 ) ) ;
#450 = DIRECTION ( 'NONE',  ( 1.000000000000000000, 0.0000000000000000000, 0.0000000000000000000 ) ) ;
#449 = DIRECTION ( 'NONE',  ( 0.0000000000000000000, 0.0000000000000000000, -1.000000000000000000 ) ) ;
#451 = TOROIDAL_SURFACE ( 'NONE', #937, 0.2285000000000004500, 0.02500000000000000100 ) ;
#452 = DIRECTION ( 'NONE',  ( 0.0000000000000000000, 0.0000000000000000000, 1.000000000000000000 ) ) ;
#453 = VECTOR ( 'NONE', #9559, 39.37007874015748100 ) ;
#454 = ORIENTED_EDGE ( 'NONE', *, *, #3949, .F. ) ;
#455 = VERTEX_POINT ( 'NONE', #5472 ) ;
#456 = DIRECTION ( 'NONE',  ( 0.0000000000000000000, 0.0000000000000000000, 1.000000000000000000 ) ) ;
#457 = CARTESIAN_POINT ( 'NONE',  ( 1.089749999999999800, -2.027999999999999100, 0.0000000000000000000 ) ) ;
#458 = EDGE_CURVE ( 'NONE', #6520, #8701, #8643, .T. ) ;
#459 = EDGE_CURVE ( 'NONE', #6903, #5402, #10923, .T. ) ;
#460 = DIRECTION ( 'NONE',  ( 0.0000000000000000000, 1.000000000000000000, 0.0000000000000000000 ) ) ;
#461 = LINE ( 'NONE', #6411, #10439 ) ;
#462 = AXIS2_PLACEMENT_3D ( 'NONE', #10206, #1727, #5966 ) ;
#463 = CYLINDRICAL_SURFACE ( 'NONE', #5228, 0.1035000000000005500 ) ;
#464 = ORIENTED_EDGE ( 'NONE', *, *, #1867, .F. ) ;
#465 = DIRECTION ( 'NONE',  ( -1.000000000000000000, 0.0000000000000000000, 0.0000000000000000000 ) ) ;
#466 = VERTEX_POINT ( 'NONE', #3709 ) ;
#467 = PLANE ( 'NONE',  #7238 ) ;
#468 = DIRECTION ( 'NONE',  ( -0.0000000000000000000, -0.0000000000000000000, 1.000000000000000000 ) ) ;
#469 = ORIENTED_EDGE ( 'NONE', *, *, #617, .T. ) ;
#470 = DIRECTION ( 'NONE',  ( 1.000000000000000000, 0.0000000000000000000, 0.0000000000000000000 ) ) ;
#471 = DIRECTION ( 'NONE',  ( 1.000000000000000000, 0.0000000000000000000, 0.0000000000000000000 ) ) ;
#472 = ORIENTED_EDGE ( 'NONE', *, *, #6233, .F. ) ;
#473 = CIRCLE ( 'NONE', #7383, 0.09375000000000033300 ) ;
#474 = ORIENTED_EDGE ( 'NONE', *, *, #5915, .T. ) ;
#475 = FACE_OUTER_BOUND ( 'NONE', #6040, .T. ) ;
#476 = EDGE_LOOP ( 'NONE', ( #10926, #5577, #7414, #9935 ) ) ;
#477 = DIRECTION ( 'NONE',  ( -1.000000000000000000, 0.0000000000000000000, 0.0000000000000000000 ) ) ;
#478 = DIRECTION ( 'NONE',  ( 0.0000000000000000000, 0.0000000000000000000, 1.000000000000000000 ) ) ;
#479 = AXIS2_PLACEMENT_3D ( 'NONE', #7594, #8483, #3254 ) ;
#480 = ORIENTED_EDGE ( 'NONE', *, *, #10397, .F. ) ;
#481 = AXIS2_PLACEMENT_3D ( 'NONE', #10940, #7669, #1620 ) ;
#482 = DIRECTION ( 'NONE',  ( 1.000000000000000000, 0.0000000000000000000, 0.0000000000000000000 ) ) ;
#483 = EDGE_CURVE ( 'NONE', #1179, #3763, #8772, .T. ) ;
#484 = PLANE ( 'NONE',  #4064 ) ;
#485 = VERTEX_POINT ( 'NONE', #4501 ) ;
#486 = ADVANCED_FACE ( 'NONE', ( #6244 ), #11053, .T. ) ;
#487 = CIRCLE ( 'NONE', #2299, 0.07874015748031476500 ) ;
#488 = CARTESIAN_POINT ( 'NONE',  ( -1.027499999999999900, -1.926500000000000300, 1.639999999999999900 ) ) ;
#489 = FACE_OUTER_BOUND ( 'NONE', #3124, .T. ) ;
#490 = ORIENTED_EDGE ( 'NONE', *, *, #3428, .T. ) ;
#491 = CARTESIAN_POINT ( 'NONE',  ( -1.183500000000000000, 2.027999999999999100, 0.0000000000000000000 ) ) ;
#492 = CYLINDRICAL_SURFACE ( 'NONE', #4419, 0.1035000000000005500 ) ;
#494 = CARTESIAN_POINT ( 'NONE',  ( 1.340000000000000500, 1.515499999999999600, 0.3700000000000001100 ) ) ;
#493 = CARTESIAN_POINT ( 'NONE',  ( 1.498499999999999100, -1.619499999999999500, 1.639999999999999900 ) ) ;
#495 = VERTEX_POINT ( 'NONE', #6332 ) ;
#496 = DIRECTION ( 'NONE',  ( 0.0000000000000000000, 0.0000000000000000000, 1.000000000000000000 ) ) ;
#497 = ORIENTED_EDGE ( 'NONE', *, *, #3244, .T. ) ;
#498 = AXIS2_PLACEMENT_3D ( 'NONE', #3118, #8423, #6569 ) ;
#499 = VERTEX_POINT ( 'NONE', #7201 ) ;
#500 = AXIS2_PLACEMENT_3D ( 'NONE', #6791, #1779, #8493 ) ;
#501 = EDGE_CURVE ( 'NONE', #1781, #3430, #5566, .T. ) ;
#502 = ORIENTED_EDGE ( 'NONE', *, *, #9837, .F. ) ;
#503 = FACE_OUTER_BOUND ( 'NONE', #5104, .T. ) ;
#504 = DIRECTION ( 'NONE',  ( -0.0000000000000000000, -0.0000000000000000000, 1.000000000000000000 ) ) ;
#505 = ORIENTED_EDGE ( 'NONE', *, *, #10380, .F. ) ;
#506 = ADVANCED_FACE ( 'NONE', ( #7193 ), #5046, .T. ) ;
#507 = CARTESIAN_POINT ( 'NONE',  ( -1.701999999999999500, -1.619499999999999500, 1.639999999999999900 ) ) ;
#508 = LINE ( 'NONE', #9573, #7170 ) ;
#509 = ORIENTED_EDGE ( 'NONE', *, *, #10304, .F. ) ;
#510 = DIRECTION ( 'NONE',  ( -0.0000000000000000000, -0.0000000000000000000, 1.000000000000000000 ) ) ;
#511 = CARTESIAN_POINT ( 'NONE',  ( -0.9774999999999999200, 1.926500000000000300, 1.630000000000000100 ) ) ;
#512 = ORIENTED_EDGE ( 'NONE', *, *, #583, .F. ) ;
#513 = CARTESIAN_POINT ( 'NONE',  ( -1.538000000000000500, 2.027999999999999600, 2.169999999999999900 ) ) ;
#514 = ORIENTED_EDGE ( 'NONE', *, *, #2013, .T. ) ;
#515 = DIRECTION ( 'NONE',  ( -0.0000000000000000000, -0.0000000000000000000, -1.000000000000000000 ) ) ;
#516 = EDGE_LOOP ( 'NONE', ( #6503, #931, #2740, #2931 ) ) ;
#517 = CARTESIAN_POINT ( 'NONE',  ( 1.721949358009805800, 2.264999999999998800, 2.121949358009804300 ) ) ;
#518 = CIRCLE ( 'NONE', #8184, 0.1074999999999993300 ) ;
#519 = AXIS2_PLACEMENT_3D ( 'NONE', #6152, #3524, #7818 ) ;
#520 = FACE_OUTER_BOUND ( 'NONE', #2009, .T. ) ;
#521 = ORIENTED_EDGE ( 'NONE', *, *, #6010, .T. ) ;
#522 = ORIENTED_EDGE ( 'NONE', *, *, #2305, .F. ) ;
#523 = EDGE_LOOP ( 'NONE', ( #10600, #10233, #3264, #9247, #7573 ) ) ;
#524 = AXIS2_PLACEMENT_3D ( 'NONE', #1945, #9706, #10551 ) ;
#525 = DIRECTION ( 'NONE',  ( 0.0000000000000000000, 0.0000000000000000000, -1.000000000000000000 ) ) ;
#526 = ORIENTED_EDGE ( 'NONE', *, *, #8126, .F. ) ;
#527 = CYLINDRICAL_SURFACE ( 'NONE', #10024, 0.2204999999999985000 ) ;
#528 = DIRECTION ( 'NONE',  ( 1.000000000000000000, 0.0000000000000000000, 0.0000000000000000000 ) ) ;
#529 = CIRCLE ( 'NONE', #211, 0.2954999999999986500 ) ;
#530 = EDGE_LOOP ( 'NONE', ( #3627, #7830, #8376, #80 ) ) ;
#531 = CARTESIAN_POINT ( 'NONE',  ( 1.380499999999999800, 2.027999999999999100, 2.159999999999999700 ) ) ;
#532 = ORIENTED_EDGE ( 'NONE', *, *, #5354, .T. ) ;
#533 = CARTESIAN_POINT ( 'NONE',  ( 1.281500000000000100, -1.515499999999999600, 0.3700000000000001100 ) ) ;
#534 = PLANE ( 'NONE',  #706 ) ;
#535 = ORIENTED_EDGE ( 'NONE', *, *, #5493, .T. ) ;
#536 = EDGE_CURVE ( 'NONE', #390, #5395, #10115, .T. ) ;
#537 = LINE ( 'NONE', #159, #5180 ) ;
#538 = AXIS2_PLACEMENT_3D ( 'NONE', #5789, #4258, #5981 ) ;
#539 = VERTEX_POINT ( 'NONE', #10713 ) ;
#540 = VECTOR ( 'NONE', #2605, 39.37007874015748100 ) ;
#541 = CARTESIAN_POINT ( 'NONE',  ( -1.498499999999999100, -1.619499999999999500, 1.639999999999999900 ) ) ;
#542 = ORIENTED_EDGE ( 'NONE', *, *, #3629, .T. ) ;
#543 = DIRECTION ( 'NONE',  ( -0.0000000000000000000, -0.0000000000000000000, 1.000000000000000000 ) ) ;
#544 = CARTESIAN_POINT ( 'NONE',  ( -1.498499999999999100, -1.619499999999999500, 1.630000000000000100 ) ) ;
#545 = CARTESIAN_POINT ( 'NONE',  ( -1.625848074029413200, 2.264999999999998800, 0.04805064199019547200 ) ) ;
#546 = ORIENTED_EDGE ( 'NONE', *, *, #9618, .T. ) ;
#547 = ORIENTED_EDGE ( 'NONE', *, *, #3445, .T. ) ;
#548 = DIRECTION ( 'NONE',  ( 0.0000000000000000000, -0.0000000000000000000, -1.000000000000000000 ) ) ;
#549 = ADVANCED_FACE ( 'NONE', ( #9039 ), #534, .F. ) ;
#550 = CARTESIAN_POINT ( 'NONE',  ( -1.081000000000000400, -1.847999999999999900, 1.540000000000000000 ) ) ;
#551 = DIRECTION ( 'NONE',  ( 0.0000000000000000000, 1.000000000000000000, 0.0000000000000000000 ) ) ;
#552 = DIRECTION ( 'NONE',  ( -0.0000000000000000000, -0.0000000000000000000, 1.000000000000000000 ) ) ;
#553 = VECTOR ( 'NONE', #4686, 39.37007874015748100 ) ;
#554 = DIRECTION ( 'NONE',  ( -1.000000000000000000, 0.0000000000000000000, 0.0000000000000000000 ) ) ;
#555 = CARTESIAN_POINT ( 'NONE',  ( -1.651999999999999500, -1.619499999999999500, 1.630000000000000100 ) ) ;
#556 = AXIS2_PLACEMENT_3D ( 'NONE', #1013, #5119, #2588 ) ;
#557 = EDGE_CURVE ( 'NONE', #2306, #7929, #8509, .T. ) ;
#558 = EDGE_CURVE ( 'NONE', #4371, #8094, #4106, .T. ) ;
#559 = CARTESIAN_POINT ( 'NONE',  ( -1.585872413480089000, -1.905082547571540500, 2.037126280028226200 ) ) ;
#560 = DIRECTION ( 'NONE',  ( -0.0000000000000000000, -0.0000000000000000000, -1.000000000000000000 ) ) ;
#561 = VECTOR ( 'NONE', #2350, 39.37007874015748100 ) ;
#562 = DIRECTION ( 'NONE',  ( -1.000000000000000000, 0.0000000000000000000, 0.0000000000000000000 ) ) ;
#563 = ADVANCED_FACE ( 'NONE', ( #676 ), #2772, .T. ) ;
#564 = DIRECTION ( 'NONE',  ( -0.0000000000000000000, -0.0000000000000000000, -1.000000000000000000 ) ) ;
#565 = CARTESIAN_POINT ( 'NONE',  ( -1.045499999999999900, 1.926500000000000300, 0.1200000000000000900 ) ) ;
#566 = AXIS2_PLACEMENT_3D ( 'NONE', #2198, #3890, #9870 ) ;
#567 = DIRECTION ( 'NONE',  ( 0.0000000000000000000, -1.000000000000000000, 0.0000000000000000000 ) ) ;
#568 = AXIS2_PLACEMENT_3D ( 'NONE', #7896, #8715, #5440 ) ;
#569 = CARTESIAN_POINT ( 'NONE',  ( 1.685499999999999800, 2.027999999999999100, 2.044999999999999500 ) ) ;
#570 = LINE ( 'NONE', #5464, #5079 ) ;
#571 = EDGE_CURVE ( 'NONE', #9738, #2523, #10636, .T. ) ;
#572 = CIRCLE ( 'NONE', #4810, 0.009999999999999892700 ) ;
#574 = DIRECTION ( 'NONE',  ( 1.000000000000000000, 0.0000000000000000000, 0.0000000000000000000 ) ) ;
#573 = CARTESIAN_POINT ( 'NONE',  ( 1.447610603195933500, 2.144559027730145000, 2.004999999999999400 ) ) ;
#575 = CARTESIAN_POINT ( 'NONE',  ( 1.651999999999999500, -1.619499999999999500, 0.1200000000000000900 ) ) ;
#576 = DIRECTION ( 'NONE',  ( 1.000000000000000000, 0.0000000000000000000, 0.0000000000000000000 ) ) ;
#577 = FACE_OUTER_BOUND ( 'NONE', #4757, .T. ) ;
#578 = CARTESIAN_POINT ( 'NONE',  ( -1.390500000000001000, 2.027999999999999100, 1.919999999999999700 ) ) ;
#579 = DIRECTION ( 'NONE',  ( 0.0000000000000000000, 0.0000000000000000000, 1.000000000000000000 ) ) ;
#580 = PERSON_AND_ORGANIZATION ( #5159, #4153 ) ;
#581 = CARTESIAN_POINT ( 'NONE',  ( -1.721949358009804000, 2.120848074029412900, 0.0000000000000000000 ) ) ;
#582 = AXIS2_PLACEMENT_3D ( 'NONE', #10693, #5661, #2315 ) ;
#583 = EDGE_CURVE ( 'NONE', #9522, #10368, #9457, .T. ) ;
#584 = PLANE ( 'NONE',  #7550 ) ;
#585 = DIRECTION ( 'NONE',  ( 1.000000000000000000, 0.0000000000000000000, 0.0000000000000000000 ) ) ;
#586 = CARTESIAN_POINT ( 'NONE',  ( -1.498499999999999100, 1.772999999999999900, 0.1200000000000000900 ) ) ;
#587 = DIRECTION ( 'NONE',  ( -1.000000000000000000, 0.0000000000000000000, 0.0000000000000000000 ) ) ;
#588 = CARTESIAN_POINT ( 'NONE',  ( -1.081000000000000400, -1.772999999999999900, 0.1200000000000000900 ) ) ;
#589 = FACE_OUTER_BOUND ( 'NONE', #1532, .T. ) ;
#590 = LINE ( 'NONE', #10169, #9638 ) ;
#591 = EDGE_LOOP ( 'NONE', ( #1776, #1454, #928, #9856 ) ) ;
#592 = CARTESIAN_POINT ( 'NONE',  ( -1.081000000000000400, -1.873000000000000000, 1.639999999999999900 ) ) ;
#593 = DIRECTION ( 'NONE',  ( 0.0000000000000000000, 0.0000000000000000000, 1.000000000000000000 ) ) ;
#594 = DIRECTION ( 'NONE',  ( -0.0000000000000000000, -0.0000000000000000000, -1.000000000000000000 ) ) ;
#595 = CYLINDRICAL_SURFACE ( 'NONE', #5749, 0.2035000000000004300 ) ;
#596 = ORIENTED_EDGE ( 'NONE', *, *, #4340, .F. ) ;
#597 = FACE_OUTER_BOUND ( 'NONE', #7023, .T. ) ;
#598 = EDGE_CURVE ( 'NONE', #7945, #6617, #4911, .T. ) ;
#599 = FACE_OUTER_BOUND ( 'NONE', #9463, .T. ) ;
#600 = EDGE_LOOP ( 'NONE', ( #8062, #1342, #497, #512 ) ) ;
#601 = ADVANCED_FACE ( 'NONE', ( #7839 ), #2645, .T. ) ;
#602 = EDGE_CURVE ( 'NONE', #4494, #9311, #9183, .T. ) ;
#603 = EDGE_LOOP ( 'NONE', ( #1297, #918, #6530, #7820 ) ) ;
#605 = DIRECTION ( 'NONE',  ( -3.086833891146059900E-016, 1.000000000000000000, 0.0000000000000000000 ) ) ;
#604 = CARTESIAN_POINT ( 'NONE',  ( 1.701999999999999500, -1.619499999999999500, 1.630000000000000100 ) ) ;
#606 = DIRECTION ( 'NONE',  ( -0.0000000000000000000, -0.0000000000000000000, -1.000000000000000000 ) ) ;
#607 = DIRECTION ( 'NONE',  ( 1.000000000000000000, 0.0000000000000000000, -0.0000000000000000000 ) ) ;
#608 = EDGE_LOOP ( 'NONE', ( #4733, #120, #3776, #2664 ) ) ;
#609 = LINE ( 'NONE', #10050, #63 ) ;
#610 = CYLINDRICAL_SURFACE ( 'NONE', #10012, 0.04805064199019547200 ) ;
#611 = EDGE_LOOP ( 'NONE', ( #1597, #7198 ) ) ;
#612 = CARTESIAN_POINT ( 'NONE',  ( -1.027499999999999900, -1.926500000000000300, 1.605000000000000000 ) ) ;
#613 = ADVANCED_FACE ( 'NONE', ( #6787 ), #527, .F. ) ;
#614 = CARTESIAN_POINT ( 'NONE',  ( 1.576118682408086600, -1.921976505351611400, 2.045000000000000400 ) ) ;
#615 = AXIS2_PLACEMENT_3D ( 'NONE', #229, #10396, #184 ) ;
#616 = DIRECTION ( 'NONE',  ( 1.000000000000000000, 0.0000000000000000000, 0.0000000000000000000 ) ) ;
#617 = EDGE_CURVE ( 'NONE', #8123, #1165, #2239, .T. ) ;
#618 = EDGE_CURVE ( 'NONE', #1824, #6219, #3822, .T. ) ;
#619 = DIRECTION ( 'NONE',  ( -1.000000000000000000, 0.0000000000000000000, 0.0000000000000000000 ) ) ;
#620 = EDGE_CURVE ( 'NONE', #6915, #8756, #395, .T. ) ;
#621 = CARTESIAN_POINT ( 'NONE',  ( 1.462589240148601100, -2.118615267499996500, 2.043974741639081200 ) ) ;
#622 = CIRCLE ( 'NONE', #83, 0.2204999999999985000 ) ;
#623 = EDGE_LOOP ( 'NONE', ( #6473, #9243, #807, #3260, #3593 ) ) ;
#624 = LINE ( 'NONE', #9755, #5520 ) ;
#625 = DIRECTION ( 'NONE',  ( 0.0000000000000000000, -0.0000000000000000000, 1.000000000000000000 ) ) ;
#626 = CIRCLE ( 'NONE', #9134, 0.07874015748031476500 ) ;
#627 = VERTEX_POINT ( 'NONE', #8938 ) ;
#628 = CARTESIAN_POINT ( 'NONE',  ( -1.409987305317013300, -1.890999999999998200, -0.3943848084544492900 ) ) ;
#629 = CARTESIAN_POINT ( 'NONE',  ( -1.585872413480089000, 1.905082547571540500, 2.037126280028226200 ) ) ;
#630 = ORIENTED_EDGE ( 'NONE', *, *, #4937, .T. ) ;
#631 = ORIENTED_EDGE ( 'NONE', *, *, #6252, .F. ) ;
#632 = VERTEX_POINT ( 'NONE', #2268 ) ;
#633 = CARTESIAN_POINT ( 'NONE',  ( 1.045499999999999900, 1.926500000000000300, 0.1200000000000000900 ) ) ;
#634 = CIRCLE ( 'NONE', #9743, 0.1035000000000005500 ) ;
#635 = AXIS2_PLACEMENT_3D ( 'NONE', #368, #259, #7912 ) ;
#636 = VERTEX_POINT ( 'NONE', #5576 ) ;
#637 = AXIS2_PLACEMENT_3D ( 'NONE', #2686, #6078, #6876 ) ;
#638 = CARTESIAN_POINT ( 'NONE',  ( -1.081000000000000400, -1.823000000000000000, 1.639999999999999900 ) ) ;
#639 = EDGE_CURVE ( 'NONE', #1794, #8513, #6933, .T. ) ;
#640 = DIRECTION ( 'NONE',  ( -0.0000000000000000000, -0.0000000000000000000, 1.000000000000000000 ) ) ;
#641 = CIRCLE ( 'NONE', #7151, 0.2704999999999984600 ) ;
#642 = DIRECTION ( 'NONE',  ( -1.000000000000000000, -0.0000000000000000000, -0.0000000000000000000 ) ) ;
#643 = ORIENTED_EDGE ( 'NONE', *, *, #8088, .F. ) ;
#644 = ORIENTED_EDGE ( 'NONE', *, *, #6405, .F. ) ;
#645 = DIRECTION ( 'NONE',  ( -0.0000000000000000000, -0.0000000000000000000, 1.000000000000000000 ) ) ;
#646 = ORIENTED_EDGE ( 'NONE', *, *, #1611, .F. ) ;
#647 = VERTEX_POINT ( 'NONE', #9115 ) ;
#648 = LINE ( 'NONE', #5399, #7046 ) ;
#649 = CARTESIAN_POINT ( 'NONE',  ( 1.701999999999999500, 1.619499999999999500, 1.630000000000000100 ) ) ;
#650 = CARTESIAN_POINT ( 'NONE',  ( -0.7070000000000014100, -1.926500000000000300, 1.639999999999999900 ) ) ;
#651 = CYLINDRICAL_SURFACE ( 'NONE', #5483, 0.1474999999999994600 ) ;
#652 = CARTESIAN_POINT ( 'NONE',  ( -1.081000000000000400, -1.926500000000000300, 0.1200000000000000900 ) ) ;
#653 = ORIENTED_EDGE ( 'NONE', *, *, #3855, .T. ) ;
#654 = EDGE_CURVE ( 'NONE', #78, #2193, #3302, .T. ) ;
#655 = DIRECTION ( 'NONE',  ( -1.000000000000000000, 0.0000000000000000000, 0.0000000000000000000 ) ) ;
#656 = VERTEX_POINT ( 'NONE', #10921 ) ;
#657 = ORIENTED_EDGE ( 'NONE', *, *, #1418, .F. ) ;
#658 = DIRECTION ( 'NONE',  ( 1.000000000000000000, 0.0000000000000000000, 0.0000000000000000000 ) ) ;
#659 = DIRECTION ( 'NONE',  ( 1.000000000000000000, 0.0000000000000000000, 0.0000000000000000000 ) ) ;
#660 = ORIENTED_EDGE ( 'NONE', *, *, #3282, .T. ) ;
#661 = LINE ( 'NONE', #1233, #4361 ) ;
#662 = CARTESIAN_POINT ( 'NONE',  ( 1.770000000000001600, 2.120848074029412900, 2.169999999999999900 ) ) ;
#663 = LINE ( 'NONE', #4098, #4502 ) ;
#664 = DIRECTION ( 'NONE',  ( 0.0000000000000000000, 0.0000000000000000000, -1.000000000000000000 ) ) ;
#665 = ADVANCED_FACE ( 'NONE', ( #9316 ), #10381, .T. ) ;
#666 = DIRECTION ( 'NONE',  ( -0.0000000000000000000, -0.0000000000000000000, 1.000000000000000000 ) ) ;
#667 = ORIENTED_EDGE ( 'NONE', *, *, #9112, .F. ) ;
#668 = PLANE ( 'NONE',  #1744 ) ;
#669 = CARTESIAN_POINT ( 'NONE',  ( 1.081000000000000400, -1.926500000000000300, 1.564999999999999700 ) ) ;
#670 = DIRECTION ( 'NONE',  ( 1.000000000000000000, 0.0000000000000000000, -0.0000000000000000000 ) ) ;
#671 = DIRECTION ( 'NONE',  ( -0.0000000000000000000, -0.0000000000000000000, 1.000000000000000000 ) ) ;
#672 = EDGE_LOOP ( 'NONE', ( #9659, #2065, #10376, #8508 ) ) ;
#673 = ORIENTED_EDGE ( 'NONE', *, *, #5928, .T. ) ;
#674 = AXIS2_PLACEMENT_3D ( 'NONE', #3800, #6323, #2955 ) ;
#675 = ORIENTED_EDGE ( 'NONE', *, *, #3948, .F. ) ;
#676 = FACE_OUTER_BOUND ( 'NONE', #111, .T. ) ;
#677 = EDGE_LOOP ( 'NONE', ( #4985, #4842, #910, #2603, #469, #2751 ) ) ;
#678 = CYLINDRICAL_SURFACE ( 'NONE', #9564, 0.1035000000000005500 ) ;
#679 = CARTESIAN_POINT ( 'NONE',  ( 1.409987305317013300, -1.890999999999998200, 0.1200000000000000900 ) ) ;
#680 = VERTEX_POINT ( 'NONE', #6560 ) ;
#681 = DIRECTION ( 'NONE',  ( -0.0000000000000000000, -0.0000000000000000000, -1.000000000000000000 ) ) ;
#682 = ADVANCED_FACE ( 'NONE', ( #4636, #6114 ), #5727, .T. ) ;
#683 = CARTESIAN_POINT ( 'NONE',  ( -1.751999999999999600, -1.619499999999999500, 1.540000000000000000 ) ) ;
#684 = VERTEX_POINT ( 'NONE', #1610 ) ;
#685 = VERTEX_POINT ( 'NONE', #9274 ) ;
#686 = FACE_OUTER_BOUND ( 'NONE', #2882, .T. ) ;
#687 = ORIENTED_EDGE ( 'NONE', *, *, #9528, .T. ) ;
#688 = CARTESIAN_POINT ( 'NONE',  ( 1.538000000000000500, 2.027999999999999100, 1.919999999999999700 ) ) ;
#689 = DIRECTION ( 'NONE',  ( 1.000000000000000000, 0.0000000000000000000, -0.0000000000000000000 ) ) ;
#690 = EDGE_CURVE ( 'NONE', #1964, #2976, #1075, .T. ) ;
#691 = EDGE_CURVE ( 'NONE', #5246, #3142, #1591, .T. ) ;
#692 = AXIS2_PLACEMENT_3D ( 'NONE', #4327, #8662, #6160 ) ;
#693 = ORIENTED_EDGE ( 'NONE', *, *, #5703, .T. ) ;
#694 = EDGE_LOOP ( 'NONE', ( #8104, #3676, #4634, #6508 ) ) ;
#695 = CARTESIAN_POINT ( 'NONE',  ( 1.625848074029415400, 2.216949358009803600, 0.04805064199019547200 ) ) ;
#696 = LINE ( 'NONE', #9900, #2666 ) ;
#697 = DIRECTION ( 'NONE',  ( 1.000000000000000000, 0.0000000000000000000, 0.0000000000000000000 ) ) ;
#698 = CARTESIAN_POINT ( 'NONE',  ( -1.498499999999999100, 1.619499999999999500, 1.630000000000000100 ) ) ;
#699 = DIRECTION ( 'NONE',  ( 0.0000000000000000000, 1.000000000000000000, 0.0000000000000000000 ) ) ;
#700 = DIRECTION ( 'NONE',  ( -1.000000000000000000, 0.0000000000000000000, 0.0000000000000000000 ) ) ;
#701 = DIRECTION ( 'NONE',  ( 1.000000000000000000, 0.0000000000000000000, 0.0000000000000000000 ) ) ;
#702 = DIRECTION ( 'NONE',  ( -1.000000000000000000, 0.0000000000000000000, 0.0000000000000000000 ) ) ;
#703 = CARTESIAN_POINT ( 'NONE',  ( -1.081000000000000400, 1.926500000000000300, 1.630000000000000100 ) ) ;
#704 = AXIS2_PLACEMENT_3D ( 'NONE', #9349, #9310, #10193 ) ;
#705 = FACE_OUTER_BOUND ( 'NONE', #2513, .T. ) ;
#706 = AXIS2_PLACEMENT_3D ( 'NONE', #1311, #3812, #4644 ) ;
#707 = EDGE_CURVE ( 'NONE', #485, #376, #9842, .T. ) ;
#708 = CARTESIAN_POINT ( 'NONE',  ( -1.498499999999999100, 1.873000000000000000, 1.639999999999999900 ) ) ;
#709 = DIRECTION ( 'NONE',  ( -0.0000000000000000000, -0.0000000000000000000, -1.000000000000000000 ) ) ;
#710 = VECTOR ( 'NONE', #3729, 39.37007874015748100 ) ;
#711 = VERTEX_POINT ( 'NONE', #4979 ) ;
#712 = DIRECTION ( 'NONE',  ( 1.000000000000000000, 0.0000000000000000000, 0.0000000000000000000 ) ) ;
#713 = CYLINDRICAL_SURFACE ( 'NONE', #2172, 0.1535000000000004100 ) ;
#714 = ADVANCED_FACE ( 'NONE', ( #3031 ), #720, .T. ) ;
#715 = DIRECTION ( 'NONE',  ( -0.0000000000000000000, -0.0000000000000000000, -1.000000000000000000 ) ) ;
#716 = EDGE_CURVE ( 'NONE', #1185, #10295, #7578, .T. ) ;
#718 = DIRECTION ( 'NONE',  ( 0.0000000000000000000, 0.0000000000000000000, 1.000000000000000000 ) ) ;
#717 = DIRECTION ( 'NONE',  ( -0.0000000000000000000, -0.0000000000000000000, -1.000000000000000000 ) ) ;
#719 = FACE_OUTER_BOUND ( 'NONE', #611, .T. ) ;
#720 = PLANE ( 'NONE',  #4746 ) ;
#721 = CIRCLE ( 'NONE', #1055, 0.2535000000000004500 ) ;
#722 = CARTESIAN_POINT ( 'NONE',  ( -1.538000000000000500, 2.027999999999999600, 1.267500000000000100 ) ) ;
#723 = CARTESIAN_POINT ( 'NONE',  ( 0.0000000000000000000, 0.0000000000000000000, 0.0000000000000000000 ) ) ;
#724 = ADVANCED_FACE ( 'NONE', ( #5303, #798 ), #8336, .T. ) ;
#725 = CARTESIAN_POINT ( 'NONE',  ( -0.9774999999999999200, 1.926500000000000300, 1.639999999999999900 ) ) ;
#726 = LINE ( 'NONE', #153, #6581 ) ;
#727 = AXIS2_PLACEMENT_3D ( 'NONE', #652, #6639, #6592 ) ;
#728 = LINE ( 'NONE', #9911, #9513 ) ;
#729 = ORIENTED_EDGE ( 'NONE', *, *, #7045, .T. ) ;
#730 = CARTESIAN_POINT ( 'NONE',  ( 0.9274999999999999900, 1.926500000000000300, 0.1200000000000000900 ) ) ;
#731 = DIRECTION ( 'NONE',  ( 0.0000000000000000000, 0.0000000000000000000, 1.000000000000000000 ) ) ;
#732 = ORIENTED_EDGE ( 'NONE', *, *, #7424, .T. ) ;
#733 = APPROVAL_STATUS ( 'not_yet_approved' ) ;
#734 = DIRECTION ( 'NONE',  ( -1.931999995519276800E-016, 1.000000000000000000, 0.0000000000000000000 ) ) ;
#735 = CARTESIAN_POINT ( 'NONE',  ( -1.498499999999999100, -1.772999999999999900, 0.1200000000000000900 ) ) ;
#736 = AXIS2_PLACEMENT_3D ( 'NONE', #4671, #444, #2991 ) ;
#737 = ORIENTED_EDGE ( 'NONE', *, *, #9237, .F. ) ;
#738 = TOROIDAL_SURFACE ( 'NONE', #7187, 0.1341519259705860900, 0.01000000000000000000 ) ;
#739 = ORIENTED_EDGE ( 'NONE', *, *, #123, .T. ) ;
#740 = LINE ( 'NONE', #2662, #2707 ) ;
#741 = ORIENTED_EDGE ( 'NONE', *, *, #9630, .T. ) ;
#742 = ORIENTED_EDGE ( 'NONE', *, *, #5190, .F. ) ;
#743 = VERTEX_POINT ( 'NONE', #4909 ) ;
#744 = CARTESIAN_POINT ( 'NONE',  ( -1.498499999999999100, -1.619499999999999500, 1.630000000000000100 ) ) ;
#745 = DIRECTION ( 'NONE',  ( 1.000000000000000000, 0.0000000000000000000, 0.0000000000000000000 ) ) ;
#746 = EDGE_CURVE ( 'NONE', #2963, #7630, #6515, .T. ) ;
#747 = VERTEX_POINT ( 'NONE', #7516 ) ;
#748 = ORIENTED_EDGE ( 'NONE', *, *, #3370, .F. ) ;
#749 = VECTOR ( 'NONE', #1239, 39.37007874015748100 ) ;
#750 = DIRECTION ( 'NONE',  ( -1.000000000000000000, 0.0000000000000000000, 0.0000000000000000000 ) ) ;
#751 = VECTOR ( 'NONE', #3458, 39.37007874015748100 ) ;
#752 = ORIENTED_EDGE ( 'NONE', *, *, #8649, .T. ) ;
#753 = CARTESIAN_POINT ( 'NONE',  ( 1.390500000000001000, -2.027999999999999100, 2.044999999999999500 ) ) ;
#754 = ORIENTED_EDGE ( 'NONE', *, *, #8869, .T. ) ;
#755 = DIRECTION ( 'NONE',  ( -1.000000000000000000, 0.0000000000000000000, 0.0000000000000000000 ) ) ;
#756 = DIRECTION ( 'NONE',  ( -0.0000000000000000000, -0.0000000000000000000, 1.000000000000000000 ) ) ;
#757 = ORIENTED_EDGE ( 'NONE', *, *, #9656, .F. ) ;
#758 = CIRCLE ( 'NONE', #4582, 0.1575000000000004500 ) ;
#759 = LINE ( 'NONE', #1098, #6477 ) ;
#760 = EDGE_LOOP ( 'NONE', ( #7832, #7795, #8373, #5547 ) ) ;
#761 = AXIS2_PLACEMENT_3D ( 'NONE', #8015, #9396, #3414 ) ;
#762 = CARTESIAN_POINT ( 'NONE',  ( -1.538000000000000500, -2.027999999999999600, 2.169999999999999900 ) ) ;
#763 = CYLINDRICAL_SURFACE ( 'NONE', #10203, 0.1574999999999998900 ) ;
#764 = EDGE_CURVE ( 'NONE', #2771, #4211, #5847, .T. ) ;
#765 = EDGE_CURVE ( 'NONE', #1021, #2652, #2377, .T. ) ;
#766 = ORIENTED_EDGE ( 'NONE', *, *, #4889, .F. ) ;
#767 = EDGE_CURVE ( 'NONE', #10765, #7354, #3289, .T. ) ;
#768 = DIRECTION ( 'NONE',  ( 1.000000000000000000, 0.0000000000000000000, 0.0000000000000000000 ) ) ;
#769 = ADVANCED_FACE ( 'NONE', ( #9572 ), #3694, .T. ) ;
#770 = CARTESIAN_POINT ( 'NONE',  ( -1.081000000000000400, 1.926500000000000300, 1.639999999999999900 ) ) ;
#771 = ORIENTED_EDGE ( 'NONE', *, *, #11061, .T. ) ;
#772 = DIRECTION ( 'NONE',  ( 0.0000000000000000000, 0.0000000000000000000, -1.000000000000000000 ) ) ;
#773 = CARTESIAN_POINT ( 'NONE',  ( -1.628389396804067200, -1.911440972269852700, 2.004999999999999400 ) ) ;
#774 = ORIENTED_EDGE ( 'NONE', *, *, #5352, .F. ) ;
#775 = ORIENTED_EDGE ( 'NONE', *, *, #10282, .F. ) ;
#776 = VECTOR ( 'NONE', #4993, 39.37007874015748100 ) ;
#777 = CARTESIAN_POINT ( 'NONE',  ( 1.538000000000000500, 2.027999999999999100, 2.159999999999999700 ) ) ;
#778 = ORIENTED_EDGE ( 'NONE', *, *, #7962, .T. ) ;
#779 = FACE_OUTER_BOUND ( 'NONE', #5552, .T. ) ;
#780 = ORIENTED_EDGE ( 'NONE', *, *, #70, .F. ) ;
#781 = ORIENTED_EDGE ( 'NONE', *, *, #4603, .T. ) ;
#782 = AXIS2_PLACEMENT_3D ( 'NONE', #2722, #8725, #10411 ) ;
#783 = VERTEX_POINT ( 'NONE', #4224 ) ;
#784 = DIRECTION ( 'NONE',  ( -0.0000000000000000000, -0.0000000000000000000, 1.000000000000000000 ) ) ;
#785 = EDGE_LOOP ( 'NONE', ( #7955, #9652, #6172, #3422 ) ) ;
#786 = EDGE_CURVE ( 'NONE', #3027, #3559, #1309, .T. ) ;
#787 = CARTESIAN_POINT ( 'NONE',  ( -1.498499999999999100, -1.619499999999999500, 2.050000000000000300 ) ) ;
#788 = FACE_OUTER_BOUND ( 'NONE', #7446, .T. ) ;
#789 = CARTESIAN_POINT ( 'NONE',  ( -1.651999999999999500, 1.619499999999999500, 1.630000000000000100 ) ) ;
#790 = CIRCLE ( 'NONE', #7567, 0.2704999999999984600 ) ;
#791 = ORIENTED_EDGE ( 'NONE', *, *, #7445, .T. ) ;
#792 = DIRECTION ( 'NONE',  ( 1.000000000000000000, 0.0000000000000000000, 0.0000000000000000000 ) ) ;
#793 = EDGE_LOOP ( 'NONE', ( #5207, #9664, #4590, #5372 ) ) ;
#794 = ORIENTED_EDGE ( 'NONE', *, *, #10843, .F. ) ;
#796 = CARTESIAN_POINT ( 'NONE',  ( -1.538000000000000500, 2.027999999999999600, 1.580000000000000100 ) ) ;
#795 = CARTESIAN_POINT ( 'NONE',  ( 1.027499999999999900, -1.926500000000000300, 1.605000000000000000 ) ) ;
#797 = ORIENTED_EDGE ( 'NONE', *, *, #1594, .F. ) ;
#798 = FACE_BOUND ( 'NONE', #2077, .T. ) ;
#799 = DIRECTION ( 'NONE',  ( 1.000000000000000000, 0.0000000000000000000, 0.0000000000000000000 ) ) ;
#800 = AXIS2_PLACEMENT_3D ( 'NONE', #3457, #7742, #2610 ) ;
#801 = CIRCLE ( 'NONE', #1358, 0.02499999999999987000 ) ;
#802 = EDGE_CURVE ( 'NONE', #7789, #5992, #2634, .T. ) ;
#803 = DIRECTION ( 'NONE',  ( 0.0000000000000000000, 0.0000000000000000000, 1.000000000000000000 ) ) ;
#804 = ORIENTED_EDGE ( 'NONE', *, *, #3094, .T. ) ;
#805 = CARTESIAN_POINT ( 'NONE',  ( -0.7070000000000014100, 2.196999999999998700, 1.580000000000000100 ) ) ;
#806 = CARTESIAN_POINT ( 'NONE',  ( -0.7070000000000014100, 2.221999999999998600, 1.564999999999999700 ) ) ;
#807 = ORIENTED_EDGE ( 'NONE', *, *, #9327, .F. ) ;
#808 = ORIENTED_EDGE ( 'NONE', *, *, #8440, .F. ) ;
#809 = CIRCLE ( 'NONE', #1071, 0.04805064199019547200 ) ;
#810 = DIRECTION ( 'NONE',  ( 0.0000000000000000000, 0.0000000000000000000, 1.000000000000000000 ) ) ;
#811 = DIRECTION ( 'NONE',  ( 0.0000000000000000000, -1.000000000000000000, 0.0000000000000000000 ) ) ;
#812 = ORIENTED_EDGE ( 'NONE', *, *, #2655, .T. ) ;
#813 = PLANE ( 'NONE',  #10395 ) ;
#814 = FACE_OUTER_BOUND ( 'NONE', #7571, .T. ) ;
#815 = CARTESIAN_POINT ( 'NONE',  ( -1.625848074029413200, 2.120848074029412900, 0.04805064199019547200 ) ) ;
#816 = DIRECTION ( 'NONE',  ( 0.0000000000000000000, 1.000000000000000000, 0.0000000000000000000 ) ) ;
#817 = ORIENTED_EDGE ( 'NONE', *, *, #7190, .T. ) ;
#818 = ORIENTED_EDGE ( 'NONE', *, *, #5821, .T. ) ;
#819 = EDGE_CURVE ( 'NONE', #5178, #2652, #1715, .T. ) ;
#820 = CARTESIAN_POINT ( 'NONE',  ( 1.380499999999999800, 2.027999999999999100, 1.919999999999999700 ) ) ;
#821 = CARTESIAN_POINT ( 'NONE',  ( 1.081000000000000400, 1.926500000000000300, 1.540000000000000000 ) ) ;
#822 = FACE_OUTER_BOUND ( 'NONE', #1701, .T. ) ;
#823 = EDGE_CURVE ( 'NONE', #9426, #4293, #5032, .T. ) ;
#824 = DIRECTION ( 'NONE',  ( -0.0000000000000000000, -0.0000000000000000000, 1.000000000000000000 ) ) ;
#825 = CARTESIAN_POINT ( 'NONE',  ( -1.498499999999999100, -1.619499999999999500, 1.639999999999999900 ) ) ;
#826 = CARTESIAN_POINT ( 'NONE',  ( -1.538000000000000500, -2.027999999999999600, 1.919999999999999700 ) ) ;
#827 = ORIENTED_EDGE ( 'NONE', *, *, #9327, .T. ) ;
#828 = FACE_OUTER_BOUND ( 'NONE', #7428, .T. ) ;
#830 = CARTESIAN_POINT ( 'NONE',  ( -1.498499999999999100, 1.823000000000000000, 1.580000000000000100 ) ) ;
#829 = CARTESIAN_POINT ( 'NONE',  ( -1.482251619347311900, -2.164559027730145000, 2.044999999999999500 ) ) ;
#831 = EDGE_CURVE ( 'NONE', #2865, #9116, #933, .T. ) ;
#832 = EDGE_CURVE ( 'NONE', #1870, #5680, #115, .T. ) ;
#833 = CARTESIAN_POINT ( 'NONE',  ( 1.081000000000000400, 1.890999999999999800, 0.1200000000000000900 ) ) ;
#834 = EDGE_CURVE ( 'NONE', #6757, #2461, #9829, .T. ) ;
#835 = DIRECTION ( 'NONE',  ( -1.000000000000000000, 0.0000000000000000000, -0.0000000000000000000 ) ) ;
#836 = CYLINDRICAL_SURFACE ( 'NONE', #9053, 0.09375000000000033300 ) ;
#837 = ORIENTED_EDGE ( 'NONE', *, *, #558, .F. ) ;
#838 = DIRECTION ( 'NONE',  ( 0.0000000000000000000, 0.0000000000000000000, -1.000000000000000000 ) ) ;
#839 = VECTOR ( 'NONE', #3442, 39.37007874015748100 ) ;
#840 = DIRECTION ( 'NONE',  ( 1.000000000000000000, 0.0000000000000000000, 0.0000000000000000000 ) ) ;
#841 = CARTESIAN_POINT ( 'NONE',  ( -1.651999999999999500, -1.619499999999999500, 0.1200000000000000900 ) ) ;
#842 = DIRECTION ( 'NONE',  ( 1.000000000000000000, 0.0000000000000000000, 0.0000000000000000000 ) ) ;
#843 = DIRECTION ( 'NONE',  ( 1.000000000000000000, 4.151904875222836800E-015, -0.0000000000000000000 ) ) ;
#844 = DIRECTION ( 'NONE',  ( -1.000000000000000000, 0.0000000000000000000, 0.0000000000000000000 ) ) ;
#845 = CARTESIAN_POINT ( 'NONE',  ( 1.770000000000001600, 2.120848074029412900, 0.04805064199019547200 ) ) ;
#846 = AXIS2_PLACEMENT_3D ( 'NONE', #7616, #4946, #5019 ) ;
#847 = AXIS2_PLACEMENT_3D ( 'NONE', #10847, #7427, #6655 ) ;
#848 = CIRCLE ( 'NONE', #2129, 0.07874015748031476500 ) ;
#849 = EDGE_CURVE ( 'NONE', #10368, #6461, #8368, .T. ) ;
#850 = APPROVAL_DATE_TIME ( #1126, #7242 ) ;
#851 = ADVANCED_FACE ( 'NONE', ( #8239 ), #7566, .F. ) ;
#852 = CARTESIAN_POINT ( 'NONE',  ( 1.537999999999999400, -2.028000000000001400, 2.169999999999999900 ) ) ;
#853 = DIRECTION ( 'NONE',  ( -1.000000000000000000, 0.0000000000000000000, 0.0000000000000000000 ) ) ;
#854 = LINE ( 'NONE', #5055, #6708 ) ;
#855 = DIRECTION ( 'NONE',  ( -1.000000000000000000, 0.0000000000000000000, 0.0000000000000000000 ) ) ;
#856 = CIRCLE ( 'NONE', #3857, 0.07874015748031476500 ) ;
#857 = AXIS2_PLACEMENT_3D ( 'NONE', #2916, #2085, #315 ) ;
#858 = DIRECTION ( 'NONE',  ( -1.224646799147353200E-016, 1.000000000000000000, 0.0000000000000000000 ) ) ;
#859 = ORIENTED_EDGE ( 'NONE', *, *, #5294, .T. ) ;
#860 = AXIS2_PLACEMENT_3D ( 'NONE', #1062, #864, #180 ) ;
#861 = EDGE_CURVE ( 'NONE', #10596, #2310, #3021, .T. ) ;
#862 = CARTESIAN_POINT ( 'NONE',  ( 1.701999999999999500, 1.619499999999999500, 1.639999999999999900 ) ) ;
#864 = DIRECTION ( 'NONE',  ( -0.0000000000000000000, -0.0000000000000000000, 1.000000000000000000 ) ) ;
#863 = DIRECTION ( 'NONE',  ( -0.0000000000000000000, -0.0000000000000000000, -1.000000000000000000 ) ) ;
#865 = CARTESIAN_POINT ( 'NONE',  ( 1.537999999999999400, -2.028000000000001400, 1.919999999999999700 ) ) ;
#866 = LINE ( 'NONE', #4643, #5910 ) ;
#867 = ORIENTED_EDGE ( 'NONE', *, *, #2578, .F. ) ;
#868 = FACE_OUTER_BOUND ( 'NONE', #5665, .T. ) ;
#869 = VERTEX_POINT ( 'NONE', #10265 ) ;
#870 = ORIENTED_EDGE ( 'NONE', *, *, #5499, .T. ) ;
#871 = CARTESIAN_POINT ( 'NONE',  ( 0.7070000000000014100, -2.221999999999998600, 1.564999999999999700 ) ) ;
#872 = EDGE_LOOP ( 'NONE', ( #1658, #7765, #5781, #870 ) ) ;
#873 = DIRECTION ( 'NONE',  ( 1.000000000000000000, 0.0000000000000000000, 0.0000000000000000000 ) ) ;
#874 = DIRECTION ( 'NONE',  ( -0.0000000000000000000, -0.0000000000000000000, 1.000000000000000000 ) ) ;
#875 = AXIS2_PLACEMENT_3D ( 'NONE', #1628, #2429, #4176 ) ;
#876 = DIRECTION ( 'NONE',  ( -1.000000000000000000, 0.0000000000000000000, 0.0000000000000000000 ) ) ;
#877 = ORIENTED_EDGE ( 'NONE', *, *, #9677, .F. ) ;
#878 = ORIENTED_EDGE ( 'NONE', *, *, #8794, .T. ) ;
#879 = DIRECTION ( 'NONE',  ( -1.000000000000000000, 0.0000000000000000000, 0.0000000000000000000 ) ) ;
#880 = CIRCLE ( 'NONE', #9674, 0.3384999999999984700 ) ;
#881 = PLANE ( 'NONE',  #481 ) ;
#882 = VERTEX_POINT ( 'NONE', #6013 ) ;
#883 = FACE_BOUND ( 'NONE', #3928, .T. ) ;
#884 = ORIENTED_EDGE ( 'NONE', *, *, #458, .F. ) ;
#885 = CARTESIAN_POINT ( 'NONE',  ( -0.7070000000000014100, 1.926500000000000300, 1.639999999999999900 ) ) ;
#886 = DIRECTION ( 'NONE',  ( 0.0000000000000000000, 0.0000000000000000000, 1.000000000000000000 ) ) ;
#887 = ORIENTED_EDGE ( 'NONE', *, *, #6054, .F. ) ;
#888 = LINE ( 'NONE', #683, #3931 ) ;
#889 = ORIENTED_EDGE ( 'NONE', *, *, #986, .F. ) ;
#890 = CARTESIAN_POINT ( 'NONE',  ( -1.618275329115057100, 1.928959051378408500, 2.040035489790283500 ) ) ;
#891 = VECTOR ( 'NONE', #10129, 39.37007874015748100 ) ;
#892 = CARTESIAN_POINT ( 'NONE',  ( 0.7070000000000014100, 2.221999999999998600, 1.564999999999999700 ) ) ;
#893 = CIRCLE ( 'NONE', #2063, 0.1875000000000001100 ) ;
#894 = VERTEX_POINT ( 'NONE', #65 ) ;
#895 = DIRECTION ( 'NONE',  ( -0.0000000000000000000, -0.0000000000000000000, -1.000000000000000000 ) ) ;
#896 = DIRECTION ( 'NONE',  ( 0.0000000000000000000, 0.0000000000000000000, -1.000000000000000000 ) ) ;
#897 = DIRECTION ( 'NONE',  ( 1.000000000000000000, 0.0000000000000000000, 0.0000000000000000000 ) ) ;
#898 = ORIENTED_EDGE ( 'NONE', *, *, #9324, .F. ) ;
#899 = EDGE_CURVE ( 'NONE', #656, #5064, #6370, .T. ) ;
#900 = EDGE_CURVE ( 'NONE', #2481, #6225, #7826, .T. ) ;
#901 = PRODUCT ( '7092K11_See-Through Corrosion-Resistant Washdown Enclosure', '7092K11_See-Through Corrosion-Resistant Washdown Enclosure', '', ( #3898 ) ) ;
#902 = ORIENTED_EDGE ( 'NONE', *, *, #8677, .F. ) ;
#903 = DIRECTION ( 'NONE',  ( -1.000000000000000000, 0.0000000000000000000, 0.0000000000000000000 ) ) ;
#904 = ORIENTED_EDGE ( 'NONE', *, *, #7781, .T. ) ;
#905 = CARTESIAN_POINT ( 'NONE',  ( -1.721949358009803300, -2.120848074029416000, 0.04805064199019547200 ) ) ;
#906 = ORIENTED_EDGE ( 'NONE', *, *, #6163, .T. ) ;
#907 = LINE ( 'NONE', #2553, #5946 ) ;
#908 = LINE ( 'NONE', #9561, #5142 ) ;
#909 = VERTEX_POINT ( 'NONE', #2522 ) ;
#910 = ORIENTED_EDGE ( 'NONE', *, *, #3519, .T. ) ;
#911 = CIRCLE ( 'NONE', #3279, 0.02499999999999987000 ) ;
#912 = CARTESIAN_POINT ( 'NONE',  ( 0.7070000000000014100, 2.196999999999999200, 1.630000000000000100 ) ) ;
#913 = ADVANCED_FACE ( 'NONE', ( #9966 ), #1201, .T. ) ;
#914 = ORIENTED_EDGE ( 'NONE', *, *, #311, .T. ) ;
#915 = CARTESIAN_POINT ( 'NONE',  ( 1.538000000000000500, 2.027999999999999100, 2.004999999999999400 ) ) ;
#916 = ORIENTED_EDGE ( 'NONE', *, *, #3448, .F. ) ;
#917 = EDGE_LOOP ( 'NONE', ( #2212, #1175 ) ) ;
#918 = ORIENTED_EDGE ( 'NONE', *, *, #9948, .F. ) ;
#919 = AXIS2_PLACEMENT_3D ( 'NONE', #4294, #3583, #4442 ) ;
#920 = DIRECTION ( 'NONE',  ( -0.0000000000000000000, -1.000000000000000000, -0.0000000000000000000 ) ) ;
#921 = FACE_OUTER_BOUND ( 'NONE', #760, .T. ) ;
#922 = EDGE_CURVE ( 'NONE', #7309, #8191, #10098, .T. ) ;
#923 = DIRECTION ( 'NONE',  ( 1.000000000000000000, -1.852100334687642800E-015, 0.0000000000000000000 ) ) ;
#924 = EDGE_CURVE ( 'NONE', #894, #4334, #7697, .T. ) ;
#925 = LINE ( 'NONE', #10011, #1437 ) ;
#927 = DIRECTION ( 'NONE',  ( 0.0000000000000000000, 0.0000000000000000000, -1.000000000000000000 ) ) ;
#926 = CARTESIAN_POINT ( 'NONE',  ( -1.538000000000000500, 2.027999999999999100, 2.004999999999999400 ) ) ;
#928 = ORIENTED_EDGE ( 'NONE', *, *, #9081, .F. ) ;
#929 = DIRECTION ( 'NONE',  ( 1.000000000000000000, 0.0000000000000000000, -0.0000000000000000000 ) ) ;
#930 = ORIENTED_EDGE ( 'NONE', *, *, #1520, .T. ) ;
#931 = ORIENTED_EDGE ( 'NONE', *, *, #7369, .T. ) ;
#932 = ORIENTED_EDGE ( 'NONE', *, *, #6023, .F. ) ;
#933 = CIRCLE ( 'NONE', #3242, 0.2704999999999985200 ) ;
#934 = FACE_OUTER_BOUND ( 'NONE', #5145, .T. ) ;
#935 = ORIENTED_EDGE ( 'NONE', *, *, #10010, .T. ) ;
#936 = AXIS2_PLACEMENT_3D ( 'NONE', #3117, #6496, #9945 ) ;
#937 = AXIS2_PLACEMENT_3D ( 'NONE', #10999, #10309, #987 ) ;
#938 = DIRECTION ( 'NONE',  ( -0.0000000000000000000, -0.0000000000000000000, -1.000000000000000000 ) ) ;
#939 = ORIENTED_EDGE ( 'NONE', *, *, #6154, .F. ) ;
#940 = DIRECTION ( 'NONE',  ( -0.0000000000000000000, -0.0000000000000000000, 1.000000000000000000 ) ) ;
#941 = ORIENTED_EDGE ( 'NONE', *, *, #4550, .F. ) ;
#942 = CARTESIAN_POINT ( 'NONE',  ( 1.459259842519685700, 2.027999999999999600, 1.267500000000000100 ) ) ;
#943 = ORIENTED_EDGE ( 'NONE', *, *, #2452, .F. ) ;
#944 = FACE_OUTER_BOUND ( 'NONE', #7216, .T. ) ;
#945 = ORIENTED_EDGE ( 'NONE', *, *, #3444, .F. ) ;
#946 = FACE_OUTER_BOUND ( 'NONE', #152, .T. ) ;
#947 = DIRECTION ( 'NONE',  ( 0.0000000000000000000, 0.0000000000000000000, -1.000000000000000000 ) ) ;
#948 = EDGE_LOOP ( 'NONE', ( #9680, #7792, #10120, #817 ) ) ;
#949 = CARTESIAN_POINT ( 'NONE',  ( 1.081000000000000400, -1.926500000000000300, 0.1200000000000000900 ) ) ;
#950 = AXIS2_PLACEMENT_3D ( 'NONE', #6373, #8826, #4646 ) ;
#951 = ORIENTED_EDGE ( 'NONE', *, *, #1705, .T. ) ;
#952 = EDGE_CURVE ( 'NONE', #10362, #8781, #661, .T. ) ;
#953 = CARTESIAN_POINT ( 'NONE',  ( -1.769999999999998900, -2.120848074029416000, 1.580000000000000100 ) ) ;
#954 = ORIENTED_EDGE ( 'NONE', *, *, #1686, .T. ) ;
#955 = CYLINDRICAL_SURFACE ( 'NONE', #3883, 0.02499999999999987000 ) ;
#956 = ORIENTED_EDGE ( 'NONE', *, *, #10763, .T. ) ;
#957 = CARTESIAN_POINT ( 'NONE',  ( -1.538000000000000500, 2.027999999999999600, 1.919999999999999700 ) ) ;
#958 = AXIS2_PLACEMENT_3D ( 'NONE', #3496, #1765, #897 ) ;
#959 = DIRECTION ( 'NONE',  ( -1.000000000000000000, 0.0000000000000000000, 0.0000000000000000000 ) ) ;
#960 = PERSON_AND_ORGANIZATION_ROLE ( 'design_owner' ) ;
#961 = DIRECTION ( 'NONE',  ( 1.272782003896287900E-015, -1.000000000000000000, 0.0000000000000000000 ) ) ;
#962 = VERTEX_POINT ( 'NONE', #5485 ) ;
#963 = DIRECTION ( 'NONE',  ( 1.000000000000000000, 0.0000000000000000000, 0.0000000000000000000 ) ) ;
#964 = CYLINDRICAL_SURFACE ( 'NONE', #1485, 0.02499999999999987000 ) ;
#965 = EDGE_CURVE ( 'NONE', #1294, #10243, #3811, .T. ) ;
#966 = ADVANCED_FACE ( 'NONE', ( #7303, #10623 ), #7185, .T. ) ;
#967 = DIRECTION ( 'NONE',  ( -0.0000000000000000000, -1.000000000000000000, -0.0000000000000000000 ) ) ;
#968 = EDGE_CURVE ( 'NONE', #5711, #5698, #10498, .T. ) ;
#969 = DIRECTION ( 'NONE',  ( -0.0000000000000000000, 0.0000000000000000000, -1.000000000000000000 ) ) ;
#970 = CARTESIAN_POINT ( 'NONE',  ( -1.701999999999999500, -1.619499999999999500, 1.630000000000000100 ) ) ;
#971 = EDGE_CURVE ( 'NONE', #1858, #10436, #9167, .T. ) ;
#972 = CARTESIAN_POINT ( 'NONE',  ( 1.340000000000000500, 1.515499999999999600, 0.3700000000000001100 ) ) ;
#973 = CARTESIAN_POINT ( 'NONE',  ( -0.9638306835251589900, 2.146999999999998900, -0.3943848084544492900 ) ) ;
#974 = DIRECTION ( 'NONE',  ( 1.000000000000000000, 0.0000000000000000000, 0.0000000000000000000 ) ) ;
#975 = VECTOR ( 'NONE', #6768, 39.37007874015748100 ) ;
#976 = DIRECTION ( 'NONE',  ( -0.0000000000000000000, -0.0000000000000000000, -1.000000000000000000 ) ) ;
#977 = ADVANCED_FACE ( 'NONE', ( #5430 ), #7215, .F. ) ;
#978 = DIRECTION ( 'NONE',  ( -0.8660254037844372600, 0.5000000000000024400, 0.0000000000000000000 ) ) ;
#979 = CYLINDRICAL_SURFACE ( 'NONE', #6343, 0.07874015748031476500 ) ;
#980 = AXIS2_PLACEMENT_3D ( 'NONE', #10245, #10275, #2495 ) ;
#981 = FACE_OUTER_BOUND ( 'NONE', #8390, .T. ) ;
#982 = EDGE_CURVE ( 'NONE', #9116, #2084, #2094, .T. ) ;
#983 = EDGE_CURVE ( 'NONE', #2537, #10966, #5290, .T. ) ;
#984 = CARTESIAN_POINT ( 'NONE',  ( 1.651999999999999500, -1.619499999999999500, 1.630000000000000100 ) ) ;
#985 = AXIS2_PLACEMENT_3D ( 'NONE', #3262, #10929, #10879 ) ;
#986 = EDGE_CURVE ( 'NONE', #4089, #10902, #1447, .T. ) ;
#987 = DIRECTION ( 'NONE',  ( -1.000000000000000000, 0.0000000000000000000, 0.0000000000000000000 ) ) ;
#988 = CYLINDRICAL_SURFACE ( 'NONE', #2406, 0.09375000000000033300 ) ;
#989 = FACE_OUTER_BOUND ( 'NONE', #8353, .T. ) ;
#990 = DIRECTION ( 'NONE',  ( 1.206113904487533100E-016, -1.000000000000000000, -0.0000000000000000000 ) ) ;
#991 = DIRECTION ( 'NONE',  ( -1.000000000000000000, 0.0000000000000000000, 0.0000000000000000000 ) ) ;
#992 = DIRECTION ( 'NONE',  ( 1.000000000000000000, 1.272782003896287900E-015, 0.0000000000000000000 ) ) ;
#993 = CARTESIAN_POINT ( 'NONE',  ( 1.538000000000000500, 2.027999999999999600, 1.267500000000000100 ) ) ;
#994 = AXIS2_PLACEMENT_3D ( 'NONE', #2185, #6330, #341 ) ;
#995 = AXIS2_PLACEMENT_3D ( 'NONE', #10611, #4683, #7270 ) ;
#996 = EDGE_CURVE ( 'NONE', #390, #5721, #10236, .T. ) ;
#997 = CYLINDRICAL_SURFACE ( 'NONE', #7400, 0.2704999999999984600 ) ;
#998 = CARTESIAN_POINT ( 'NONE',  ( 1.701999999999999500, 1.619499999999999500, 1.639999999999999900 ) ) ;
#999 = FACE_OUTER_BOUND ( 'NONE', #7693, .T. ) ;
#1000 = EDGE_LOOP ( 'NONE', ( #3055, #7871, #10495, #6314 ) ) ;
#1001 = CARTESIAN_POINT ( 'NONE',  ( -1.651999999999999500, -1.619499999999999500, 2.050000000000000300 ) ) ;
#1002 = VERTEX_POINT ( 'NONE', #199 ) ;
#1003 = DIRECTION ( 'NONE',  ( -0.0000000000000000000, -0.0000000000000000000, -1.000000000000000000 ) ) ;
#1004 = CARTESIAN_POINT ( 'NONE',  ( -1.182499999999999400, -1.515499999999999600, 0.3700000000000001100 ) ) ;
#1005 = DIRECTION ( 'NONE',  ( -1.000000000000000000, 0.0000000000000000000, 0.0000000000000000000 ) ) ;
#1006 = CARTESIAN_POINT ( 'NONE',  ( -1.538000000000000500, 2.027999999999999600, 0.1200000000000000900 ) ) ;
#1007 = ORIENTED_EDGE ( 'NONE', *, *, #2175, .F. ) ;
#1008 = VECTOR ( 'NONE', #2, 39.37007874015748100 ) ;
#1009 = AXIS2_PLACEMENT_3D ( 'NONE', #993, #7631, #130 ) ;
#1010 = LINE ( 'NONE', #7484, #3762 ) ;
#1011 = VERTEX_POINT ( 'NONE', #6034 ) ;
#1012 = AXIS2_PLACEMENT_3D ( 'NONE', #5495, #422, #4708 ) ;
#1013 = CARTESIAN_POINT ( 'NONE',  ( 1.538000000000000500, -2.027999999999999100, 2.044999999999999500 ) ) ;
#1014 = ORIENTED_EDGE ( 'NONE', *, *, #9500, .T. ) ;
#1015 = ORIENTED_EDGE ( 'NONE', *, *, #7296, .F. ) ;
#1016 = CARTESIAN_POINT ( 'NONE',  ( 0.7070000000000014100, 2.196999999999998700, 1.639999999999999900 ) ) ;
#1017 = ADVANCED_FACE ( 'NONE', ( #788 ), #9443, .F. ) ;
#1018 = VERTEX_POINT ( 'NONE', #10258 ) ;
#1019 = CIRCLE ( 'NONE', #11039, 0.2035000000000004300 ) ;
#1020 = DIRECTION ( 'NONE',  ( 1.000000000000000000, 0.0000000000000000000, 0.0000000000000000000 ) ) ;
#1021 = VERTEX_POINT ( 'NONE', #7868 ) ;
#1022 = CIRCLE ( 'NONE', #10274, 0.2204999999999985000 ) ;
#1023 = ORIENTED_EDGE ( 'NONE', *, *, #2708, .F. ) ;
#1024 = ORIENTED_EDGE ( 'NONE', *, *, #3224, .F. ) ;
#1025 = DIRECTION ( 'NONE',  ( -1.000000000000000000, 0.0000000000000000000, 0.0000000000000000000 ) ) ;
#1026 = VERTEX_POINT ( 'NONE', #5146 ) ;
#1027 = CARTESIAN_POINT ( 'NONE',  ( 1.538000000000000500, -2.027999999999999100, 2.004999999999999400 ) ) ;
#1028 = CARTESIAN_POINT ( 'NONE',  ( -0.7070000000000014100, -1.926500000000000300, 1.630000000000000100 ) ) ;
#1029 = DIRECTION ( 'NONE',  ( -0.0000000000000000000, -0.0000000000000000000, -1.000000000000000000 ) ) ;
#1030 = DIRECTION ( 'NONE',  ( 1.000000000000000000, 3.704200669375285700E-015, 0.0000000000000000000 ) ) ;
#1031 = EDGE_CURVE ( 'NONE', #1980, #11038, #7181, .T. ) ;
#1032 = ORIENTED_EDGE ( 'NONE', *, *, #5602, .F. ) ;
#1033 = LINE ( 'NONE', #8855, #7019 ) ;
#1034 = CARTESIAN_POINT ( 'NONE',  ( 1.751999999999999600, 1.619499999999999500, 1.639999999999999900 ) ) ;
#1035 = EDGE_CURVE ( 'NONE', #9676, #4494, #5556, .T. ) ;
#1036 = LINE ( 'NONE', #5870, #5266 ) ;
#1037 = ADVANCED_FACE ( 'NONE', ( #10913 ), #3161, .T. ) ;
#1038 = ORIENTED_EDGE ( 'NONE', *, *, #7586, .F. ) ;
#1039 = FACE_OUTER_BOUND ( 'NONE', #6992, .T. ) ;
#1040 = EDGE_LOOP ( 'NONE', ( #3256, #267 ) ) ;
#1041 = CARTESIAN_POINT ( 'NONE',  ( -0.7070000000000014100, 1.926500000000000300, 1.564999999999999700 ) ) ;
#1042 = DIRECTION ( 'NONE',  ( -0.0000000000000000000, -0.0000000000000000000, -1.000000000000000000 ) ) ;
#1043 = CARTESIAN_POINT ( 'NONE',  ( 1.081000000000000400, -1.873000000000000000, 1.564999999999999700 ) ) ;
#1044 = ORIENTED_EDGE ( 'NONE', *, *, #1184, .T. ) ;
#1045 = ORIENTED_EDGE ( 'NONE', *, *, #9657, .T. ) ;
#1046 = CARTESIAN_POINT ( 'NONE',  ( -1.498499999999999100, 1.823000000000000000, 1.564999999999999700 ) ) ;
#1047 = VERTEX_POINT ( 'NONE', #4403 ) ;
#1048 = LINE ( 'NONE', #6836, #3929 ) ;
#1049 = CARTESIAN_POINT ( 'NONE',  ( 1.339999999999999900, -1.515499999999999600, 0.1200000000000000900 ) ) ;
#1050 = ORIENTED_EDGE ( 'NONE', *, *, #8593, .T. ) ;
#1051 = DIRECTION ( 'NONE',  ( -0.0000000000000000000, -0.0000000000000000000, 1.000000000000000000 ) ) ;
#1052 = FACE_OUTER_BOUND ( 'NONE', #8204, .T. ) ;
#1053 = EDGE_CURVE ( 'NONE', #10765, #962, #5699, .T. ) ;
#1054 = EDGE_CURVE ( 'NONE', #8708, #647, #4899, .T. ) ;
#1055 = AXIS2_PLACEMENT_3D ( 'NONE', #2122, #10609, #991 ) ;
#1056 = EDGE_LOOP ( 'NONE', ( #6229, #7430 ) ) ;
#1057 = EDGE_LOOP ( 'NONE', ( #4715, #10349 ) ) ;
#1058 = ORIENTED_EDGE ( 'NONE', *, *, #6313, .F. ) ;
#1059 = CARTESIAN_POINT ( 'NONE',  ( -1.721949358009803300, -2.120848074029416000, 2.121949358009804300 ) ) ;
#1060 = LINE ( 'NONE', #8533, #9648 ) ;
#1061 = LINE ( 'NONE', #7894, #9574 ) ;
#1062 = CARTESIAN_POINT ( 'NONE',  ( -1.498499999999999100, -1.619499999999999500, 1.540000000000000000 ) ) ;
#1063 = CARTESIAN_POINT ( 'NONE',  ( 0.7070000000000014100, -2.246999999999998600, 1.639999999999999900 ) ) ;
#1064 = EDGE_LOOP ( 'NONE', ( #10804, #1344, #10232, #8077 ) ) ;
#1065 = ADVANCED_FACE ( 'NONE', ( #7969 ), #9483, .F. ) ;
#1066 = ORIENTED_EDGE ( 'NONE', *, *, #1031, .T. ) ;
#1067 = ORIENTED_EDGE ( 'NONE', *, *, #1836, .F. ) ;
#1068 = AXIS2_PLACEMENT_3D ( 'NONE', #10267, #978, #4267 ) ;
#1069 = DIRECTION ( 'NONE',  ( -1.000000000000000000, 0.0000000000000000000, 0.0000000000000000000 ) ) ;
#1070 = ORIENTED_EDGE ( 'NONE', *, *, #4784, .F. ) ;
#1071 = AXIS2_PLACEMENT_3D ( 'NONE', #10971, #2536, #5814 ) ;
#1072 = DIRECTION ( 'NONE',  ( -1.000000000000000000, 0.0000000000000000000, 0.0000000000000000000 ) ) ;
#1073 = EDGE_CURVE ( 'NONE', #248, #8847, #4625, .T. ) ;
#1074 = ORIENTED_EDGE ( 'NONE', *, *, #10960, .F. ) ;
#1075 = CIRCLE ( 'NONE', #5820, 0.02499999999999987000 ) ;
#1077 = DIRECTION ( 'NONE',  ( -1.000000000000000000, 0.0000000000000000000, 0.0000000000000000000 ) ) ;
#1076 = DIRECTION ( 'NONE',  ( -1.000000000000000000, 0.0000000000000000000, 0.0000000000000000000 ) ) ;
#1078 = ORIENTED_EDGE ( 'NONE', *, *, #6591, .T. ) ;
#1079 = PLANE ( 'NONE',  #3324 ) ;
#1080 = CIRCLE ( 'NONE', #6136, 0.2535000000000004500 ) ;
#1081 = PLANE ( 'NONE',  #1717 ) ;
#1082 = CARTESIAN_POINT ( 'NONE',  ( 1.081000000000000400, 1.926500000000000300, 1.564999999999999700 ) ) ;
#1083 = EDGE_LOOP ( 'NONE', ( #596, #10593, #3638, #6646 ) ) ;
#1084 = ORIENTED_EDGE ( 'NONE', *, *, #175, .F. ) ;
#1085 = ADVANCED_FACE ( 'NONE', ( #2366 ), #5169, .T. ) ;
#1086 = DIRECTION ( 'NONE',  ( 0.0000000000000000000, 0.0000000000000000000, 1.000000000000000000 ) ) ;
#1087 = ORIENTED_EDGE ( 'NONE', *, *, #2290, .F. ) ;
#1088 = CYLINDRICAL_SURFACE ( 'NONE', #8676, 0.3384999999999984700 ) ;
#1089 = CARTESIAN_POINT ( 'NONE',  ( -1.610761080630499300, 1.941974111534360300, 2.045000000000000400 ) ) ;
#1090 = DIRECTION ( 'NONE',  ( 1.000000000000000000, 0.0000000000000000000, 0.0000000000000000000 ) ) ;
#1091 = VERTEX_POINT ( 'NONE', #8655 ) ;
#1092 = VECTOR ( 'NONE', #560, 39.37007874015748100 ) ;
#1093 = DIRECTION ( 'NONE',  ( -0.0000000000000000000, -0.0000000000000000000, 1.000000000000000000 ) ) ;
#1094 = EDGE_CURVE ( 'NONE', #4892, #9375, #2898, .T. ) ;
#1095 = DIRECTION ( 'NONE',  ( 1.000000000000000000, 4.151904875222836800E-015, 0.0000000000000000000 ) ) ;
#1096 = ORIENTED_EDGE ( 'NONE', *, *, #7107, .F. ) ;
#1097 = CARTESIAN_POINT ( 'NONE',  ( 0.9774999999999999200, -1.926500000000000300, 1.639999999999999900 ) ) ;
#1098 = CARTESIAN_POINT ( 'NONE',  ( 1.081000000000000400, 1.772999999999999900, 1.630000000000000100 ) ) ;
#1099 = VERTEX_POINT ( 'NONE', #998 ) ;
#1100 = DIRECTION ( 'NONE',  ( 0.0000000000000000000, 0.0000000000000000000, -1.000000000000000000 ) ) ;
#1101 = LINE ( 'NONE', #7318, #4257 ) ;
#1102 = ADVANCED_FACE ( 'NONE', ( #8100 ), #8899, .T. ) ;
#1103 = DIRECTION ( 'NONE',  ( -1.000000000000000000, 0.0000000000000000000, 0.0000000000000000000 ) ) ;
#1104 = CARTESIAN_POINT ( 'NONE',  ( 1.081000000000000400, 1.772999999999999900, 2.050000000000000300 ) ) ;
#1105 = AXIS2_PLACEMENT_3D ( 'NONE', #8528, #5270, #4384 ) ;
#1106 = CARTESIAN_POINT ( 'NONE',  ( 1.498499999999999100, 1.873000000000000000, 1.605000000000000000 ) ) ;
#1107 = CARTESIAN_POINT ( 'NONE',  ( -1.447610603195933500, 2.144559027730145000, 2.004999999999999400 ) ) ;
#1108 = EDGE_LOOP ( 'NONE', ( #8979, #5574, #3365, #526 ) ) ;
#1109 = CARTESIAN_POINT ( 'NONE',  ( 1.502508932639995400, 2.129472331882377400, 2.044999999999999500 ) ) ;
#1110 = CIRCLE ( 'NONE', #566, 0.1575000000000004500 ) ;
#1111 = AXIS2_PLACEMENT_3D ( 'NONE', #1990, #3644, #6199 ) ;
#1112 = DIRECTION ( 'NONE',  ( -1.000000000000000000, 0.0000000000000000000, 0.0000000000000000000 ) ) ;
#1113 = DIRECTION ( 'NONE',  ( -0.0000000000000000000, -0.0000000000000000000, -1.000000000000000000 ) ) ;
#1114 = CARTESIAN_POINT ( 'NONE',  ( -1.625848074029413200, 2.264999999999998800, 1.580000000000000100 ) ) ;
#1115 = PLANE ( 'NONE',  #2015 ) ;
#1116 = CIRCLE ( 'NONE', #3259, 0.1074999999999993300 ) ;
#1117 = CIRCLE ( 'NONE', #46, 0.2035000000000004300 ) ;
#1118 = DIRECTION ( 'NONE',  ( -1.000000000000000000, 0.0000000000000000000, 0.0000000000000000000 ) ) ;
#1119 = EDGE_CURVE ( 'NONE', #4204, #2714, #5831, .T. ) ;
#1120 = CARTESIAN_POINT ( 'NONE',  ( -0.7070000000000014100, 2.196999999999998700, 1.630000000000000100 ) ) ;
#1121 = AXIS2_PLACEMENT_3D ( 'NONE', #9346, #4220, #6813 ) ;
#1122 = DIRECTION ( 'NONE',  ( 0.0000000000000000000, 0.0000000000000000000, 1.000000000000000000 ) ) ;
#1123 = DIRECTION ( 'NONE',  ( -0.0000000000000000000, -0.0000000000000000000, -1.000000000000000000 ) ) ;
#1124 = DIRECTION ( 'NONE',  ( 0.0000000000000000000, 0.0000000000000000000, -1.000000000000000000 ) ) ;
#1125 = FACE_OUTER_BOUND ( 'NONE', #4460, .T. ) ;
#1126 = DATE_AND_TIME ( #4548, #1886 ) ;
#1127 = DIRECTION ( 'NONE',  ( -0.0000000000000000000, -0.0000000000000000000, -1.000000000000000000 ) ) ;
#1128 = AXIS2_PLACEMENT_3D ( 'NONE', #5388, #6115, #304 ) ;
#1129 = EDGE_CURVE ( 'NONE', #3699, #2537, #3552, .T. ) ;
#1130 = CARTESIAN_POINT ( 'NONE',  ( 1.081000000000000400, 1.847999999999999900, 1.540000000000000000 ) ) ;
#1131 = ADVANCED_FACE ( 'NONE', ( #6921 ), #8632, .T. ) ;
#1132 = VECTOR ( 'NONE', #10954, 39.37007874015748100 ) ;
#1133 = CC_DESIGN_APPROVAL ( #1334, ( #10450 ) ) ;
#1134 = EDGE_CURVE ( 'NONE', #711, #5439, #10754, .T. ) ;
#1135 = VECTOR ( 'NONE', #9246, 39.37007874015748100 ) ;
#1136 = CARTESIAN_POINT ( 'NONE',  ( 1.591163145724856500, 1.895918730514359400, 2.025280118416168800 ) ) ;
#1137 = CARTESIAN_POINT ( 'NONE',  ( 1.482784982789620000, 2.163635215149166700, 2.015547868860738200 ) ) ;
#1138 = EDGE_LOOP ( 'NONE', ( #8374, #10654, #3190, #6379 ) ) ;
#1139 = DIRECTION ( 'NONE',  ( -1.000000000000000000, 0.0000000000000000000, 0.0000000000000000000 ) ) ;
#1140 = CIRCLE ( 'NONE', #7478, 0.2535000000000004500 ) ;
#1141 = EDGE_LOOP ( 'NONE', ( #7435, #9117, #8843, #6125 ) ) ;
#1142 = FACE_OUTER_BOUND ( 'NONE', #8916, .T. ) ;
#1143 = ORIENTED_EDGE ( 'NONE', *, *, #10709, .T. ) ;
#1144 = DIRECTION ( 'NONE',  ( 0.0000000000000000000, -1.000000000000000000, 0.0000000000000000000 ) ) ;
#1145 = VERTEX_POINT ( 'NONE', #8012 ) ;
#1146 = CARTESIAN_POINT ( 'NONE',  ( -1.002499999999999900, -1.926500000000000300, 1.564999999999999700 ) ) ;
#1147 = ORIENTED_EDGE ( 'NONE', *, *, #3842, .T. ) ;
#1148 = ADVANCED_FACE ( 'NONE', ( #6506 ), #4750, .T. ) ;
#1149 = AXIS2_PLACEMENT_3D ( 'NONE', #9551, #4317, #4283 ) ;
#1150 = EDGE_CURVE ( 'NONE', #2372, #7389, #8760, .T. ) ;
#1151 = VERTEX_POINT ( 'NONE', #9590 ) ;
#1152 = ORIENTED_EDGE ( 'NONE', *, *, #10174, .F. ) ;
#1153 = CARTESIAN_POINT ( 'NONE',  ( 1.339999999999999900, -1.515499999999999600, 0.3700000000000001100 ) ) ;
#1154 = FACE_OUTER_BOUND ( 'NONE', #4226, .T. ) ;
#1155 = VECTOR ( 'NONE', #7931, 39.37007874015748100 ) ;
#1156 = ORIENTED_EDGE ( 'NONE', *, *, #7262, .F. ) ;
#1157 = DIRECTION ( 'NONE',  ( 0.0000000000000000000, 0.0000000000000000000, 1.000000000000000000 ) ) ;
#1158 = CARTESIAN_POINT ( 'NONE',  ( -1.081000000000000400, 1.772999999999999900, 0.1200000000000000900 ) ) ;
#1159 = CARTESIAN_POINT ( 'NONE',  ( -1.498499999999999100, -1.847999999999999900, 1.564999999999999700 ) ) ;
#1160 = EDGE_LOOP ( 'NONE', ( #3551, #6316, #3967, #943 ) ) ;
#1161 = CARTESIAN_POINT ( 'NONE',  ( 1.625848074029415400, 2.254999999999998600, 1.605000000000000000 ) ) ;
#1162 = AXIS2_PLACEMENT_3D ( 'NONE', #10161, #5063, #1573 ) ;
#1163 = EDGE_CURVE ( 'NONE', #5823, #10443, #518, .T. ) ;
#1164 = FACE_OUTER_BOUND ( 'NONE', #7521, .T. ) ;
#1165 = VERTEX_POINT ( 'NONE', #1979 ) ;
#1166 = FACE_OUTER_BOUND ( 'NONE', #530, .T. ) ;
#1167 = CYLINDRICAL_SURFACE ( 'NONE', #8143, 0.2035000000000004300 ) ;
#1168 = EDGE_LOOP ( 'NONE', ( #10739, #9806, #7849, #6378 ) ) ;
#1169 = DIRECTION ( 'NONE',  ( -1.000000000000000000, 0.0000000000000000000, 0.0000000000000000000 ) ) ;
#1170 = CARTESIAN_POINT ( 'NONE',  ( 1.538000000000000500, -2.027999999999999600, 1.267500000000000100 ) ) ;
#1171 = ORIENTED_EDGE ( 'NONE', *, *, #1204, .F. ) ;
#1172 = DIRECTION ( 'NONE',  ( -1.000000000000000000, 0.0000000000000000000, 0.0000000000000000000 ) ) ;
#1173 = DIRECTION ( 'NONE',  ( 1.000000000000000000, 0.0000000000000000000, 0.0000000000000000000 ) ) ;
#1174 = EDGE_LOOP ( 'NONE', ( #10042, #2029, #8473, #8630, #8746, #1050, #2251, #5815, #8480, #3306, #3135, #10113, #653, #1446, #3100, #2742, #4631, #2639, #3111, #1298 ) ) ;
#1175 = ORIENTED_EDGE ( 'NONE', *, *, #5663, .F. ) ;
#1176 = EDGE_LOOP ( 'NONE', ( #4443, #8710, #6593, #5984 ) ) ;
#1177 = CIRCLE ( 'NONE', #8804, 0.04805064199019547200 ) ;
#1178 = LINE ( 'NONE', #6171, #1926 ) ;
#1179 = VERTEX_POINT ( 'NONE', #7127 ) ;
#1180 = DIRECTION ( 'NONE',  ( 1.000000000000000000, 0.0000000000000000000, 0.0000000000000000000 ) ) ;
#1181 = CIRCLE ( 'NONE', #8285, 0.1474999999999994600 ) ;
#1182 = ORIENTED_EDGE ( 'NONE', *, *, #2822, .T. ) ;
#1183 = DIRECTION ( 'NONE',  ( 0.0000000000000000000, 0.0000000000000000000, 1.000000000000000000 ) ) ;
#1184 = EDGE_CURVE ( 'NONE', #1557, #6632, #9430, .T. ) ;
#1185 = VERTEX_POINT ( 'NONE', #308 ) ;
#1186 = EDGE_CURVE ( 'NONE', #9865, #4612, #8494, .T. ) ;
#1187 = ORIENTED_EDGE ( 'NONE', *, *, #4216, .F. ) ;
#1188 = ORIENTED_EDGE ( 'NONE', *, *, #2071, .T. ) ;
#1189 = CARTESIAN_POINT ( 'NONE',  ( -0.7070000000000014100, -1.926500000000000300, 1.580000000000000100 ) ) ;
#1190 = FACE_OUTER_BOUND ( 'NONE', #4627, .T. ) ;
#1191 = ADVANCED_FACE ( 'NONE', ( #9304 ), #2494, .T. ) ;
#1192 = LINE ( 'NONE', #10715, #371 ) ;
#1193 = DIRECTION ( 'NONE',  ( 0.0000000000000000000, 0.0000000000000000000, 1.000000000000000000 ) ) ;
#1194 = ORIENTED_EDGE ( 'NONE', *, *, #654, .F. ) ;
#1195 = CARTESIAN_POINT ( 'NONE',  ( 1.390500000000001000, 2.027999999999999100, 1.919999999999999700 ) ) ;
#1196 = VERTEX_POINT ( 'NONE', #6300 ) ;
#1197 = ORIENTED_EDGE ( 'NONE', *, *, #174, .F. ) ;
#1198 = AXIS2_PLACEMENT_3D ( 'NONE', #9617, #8790, #1072 ) ;
#1199 = ORIENTED_EDGE ( 'NONE', *, *, #5493, .F. ) ;
#1200 = EDGE_CURVE ( 'NONE', #4622, #9386, #648, .T. ) ;
#1201 = CYLINDRICAL_SURFACE ( 'NONE', #4969, 0.2035000000000004300 ) ;
#1202 = EDGE_CURVE ( 'NONE', #8576, #4592, #2359, .T. ) ;
#1203 = AXIS2_PLACEMENT_3D ( 'NONE', #1784, #6756, #7741 ) ;
#1204 = EDGE_CURVE ( 'NONE', #249, #2897, #242, .T. ) ;
#1205 = CYLINDRICAL_SURFACE ( 'NONE', #1009, 0.07874015748031476500 ) ;
#1206 = ORIENTED_EDGE ( 'NONE', *, *, #9881, .T. ) ;
#1207 = DIRECTION ( 'NONE',  ( -1.000000000000000000, 0.0000000000000000000, 0.0000000000000000000 ) ) ;
#1208 = CARTESIAN_POINT ( 'NONE',  ( -1.430500000000001000, -2.027999999999999100, 2.004999999999999400 ) ) ;
#1209 = ORIENTED_EDGE ( 'NONE', *, *, #48, .T. ) ;
#1210 = CARTESIAN_POINT ( 'NONE',  ( 1.498499999999999100, -1.619499999999999500, 1.639999999999999900 ) ) ;
#1211 = ORIENTED_EDGE ( 'NONE', *, *, #3856, .F. ) ;
#1212 = FACE_OUTER_BOUND ( 'NONE', #10915, .T. ) ;
#1213 = ORIENTED_EDGE ( 'NONE', *, *, #10519, .T. ) ;
#1214 = PERSON_AND_ORGANIZATION ( #5159, #4153 ) ;
#1215 = ORIENTED_EDGE ( 'NONE', *, *, #8263, .F. ) ;
#1216 = AXIS2_PLACEMENT_3D ( 'NONE', #2794, #2045, #6188 ) ;
#1217 = EDGE_CURVE ( 'NONE', #1970, #1732, #6636, .T. ) ;
#1219 = DIRECTION ( 'NONE',  ( -0.0000000000000000000, -0.0000000000000000000, 1.000000000000000000 ) ) ;
#1218 = CARTESIAN_POINT ( 'NONE',  ( 1.726999999999999400, -1.926500000000000300, 1.564999999999999700 ) ) ;
#1220 = EDGE_LOOP ( 'NONE', ( #827, #6186, #8872, #10205 ) ) ;
#1221 = CARTESIAN_POINT ( 'NONE',  ( -0.7070000000000014100, 1.926500000000000300, 1.564999999999999700 ) ) ;
#1222 = DIRECTION ( 'NONE',  ( -0.0000000000000000000, -0.0000000000000000000, -1.000000000000000000 ) ) ;
#1223 = LINE ( 'NONE', #4367, #283 ) ;
#1224 = DIRECTION ( 'NONE',  ( 1.000000000000000000, 0.0000000000000000000, 0.0000000000000000000 ) ) ;
#1225 = DIRECTION ( 'NONE',  ( -1.000000000000000000, 4.151904875222836800E-015, 0.0000000000000000000 ) ) ;
#1226 = AXIS2_PLACEMENT_3D ( 'NONE', #9874, #3988, #554 ) ;
#1227 = ORIENTED_EDGE ( 'NONE', *, *, #10570, .T. ) ;
#1228 = EDGE_LOOP ( 'NONE', ( #4570, #338, #4520, #8193, #7377 ) ) ;
#1229 = CARTESIAN_POINT ( 'NONE',  ( -1.339999999999999900, -1.515499999999999600, 0.3700000000000001100 ) ) ;
#1230 = EDGE_CURVE ( 'NONE', #3668, #6629, #7168, .T. ) ;
#1231 = DIRECTION ( 'NONE',  ( 0.0000000000000000000, 0.0000000000000000000, 1.000000000000000000 ) ) ;
#1232 = LINE ( 'NONE', #8974, #7212 ) ;
#1233 = CARTESIAN_POINT ( 'NONE',  ( -1.447610603195933500, 2.144559027730145000, 2.004999999999999400 ) ) ;
#1234 = VECTOR ( 'NONE', #7718, 39.37007874015748100 ) ;
#1235 = DIRECTION ( 'NONE',  ( 1.000000000000000000, 0.0000000000000000000, 0.0000000000000000000 ) ) ;
#1236 = ADVANCED_FACE ( 'NONE', ( #6775 ), #9010, .F. ) ;
#1237 = AXIS2_PLACEMENT_3D ( 'NONE', #5316, #1855, #222 ) ;
#1238 = DIRECTION ( 'NONE',  ( -1.000000000000000000, 0.0000000000000000000, 0.0000000000000000000 ) ) ;
#1239 = DIRECTION ( 'NONE',  ( -1.000000000000000000, 0.0000000000000000000, 0.0000000000000000000 ) ) ;
#1240 = LINE ( 'NONE', #1351, #3611 ) ;
#1241 = ORIENTED_EDGE ( 'NONE', *, *, #5956, .F. ) ;
#1242 = VECTOR ( 'NONE', #7357, 39.37007874015748100 ) ;
#1243 = DIRECTION ( 'NONE',  ( 1.000000000000000000, 0.0000000000000000000, 0.0000000000000000000 ) ) ;
#1244 = DIRECTION ( 'NONE',  ( 1.206113904487533100E-016, -1.000000000000000000, 0.0000000000000000000 ) ) ;
#1245 = CARTESIAN_POINT ( 'NONE',  ( 1.459259842519685700, 2.027999999999999100, 1.919999999999999700 ) ) ;
#1246 = CIRCLE ( 'NONE', #8687, 0.2035000000000004300 ) ;
#1247 = CARTESIAN_POINT ( 'NONE',  ( -1.726999999999999400, -1.619499999999999500, 1.564999999999999700 ) ) ;
#1248 = CIRCLE ( 'NONE', #2729, 0.1474999999999994600 ) ;
#1249 = EDGE_CURVE ( 'NONE', #5955, #3927, #1706, .T. ) ;
#1250 = EDGE_CURVE ( 'NONE', #6407, #2505, #8623, .T. ) ;
#1251 = DIRECTION ( 'NONE',  ( -0.0000000000000000000, -0.0000000000000000000, -1.000000000000000000 ) ) ;
#1252 = EDGE_LOOP ( 'NONE', ( #1825, #2832, #7166, #4675 ) ) ;
#1253 = DIRECTION ( 'NONE',  ( -0.0000000000000000000, -0.0000000000000000000, -1.000000000000000000 ) ) ;
#1254 = DIRECTION ( 'NONE',  ( -1.000000000000000000, -4.151904875222836800E-015, 0.0000000000000000000 ) ) ;
#1255 = DIRECTION ( 'NONE',  ( 0.0000000000000000000, 0.0000000000000000000, 1.000000000000000000 ) ) ;
#1256 = CARTESIAN_POINT ( 'NONE',  ( -1.751999999999999600, 1.619499999999999500, 1.639999999999999900 ) ) ;
#1257 = VECTOR ( 'NONE', #377, 39.37007874015748100 ) ;
#1258 = CIRCLE ( 'NONE', #10228, 0.1474999999999994600 ) ;
#1259 = ORIENTED_EDGE ( 'NONE', *, *, #3372, .F. ) ;
#1260 = VERTEX_POINT ( 'NONE', #9797 ) ;
#1261 = AXIS2_PLACEMENT_3D ( 'NONE', #6587, #10796, #2224 ) ;
#1262 = DIRECTION ( 'NONE',  ( 1.000000000000000000, 0.0000000000000000000, 0.0000000000000000000 ) ) ;
#1263 = DIRECTION ( 'NONE',  ( -0.0000000000000000000, -0.0000000000000000000, 1.000000000000000000 ) ) ;
#1264 = EDGE_CURVE ( 'NONE', #4089, #7644, #6358, .T. ) ;
#1265 = EDGE_LOOP ( 'NONE', ( #1600, #10308, #6510, #657 ) ) ;
#1266 = LINE ( 'NONE', #8900, #5103 ) ;
#1267 = DIRECTION ( 'NONE',  ( 1.000000000000000000, 0.0000000000000000000, -0.0000000000000000000 ) ) ;
#1268 = TOROIDAL_SURFACE ( 'NONE', #5085, 0.07850000000000047200, 0.02500000000000000100 ) ;
#1269 = VERTEX_POINT ( 'NONE', #6380 ) ;
#1270 = DIRECTION ( 'NONE',  ( -0.0000000000000000000, -0.0000000000000000000, -1.000000000000000000 ) ) ;
#1271 = ORIENTED_EDGE ( 'NONE', *, *, #2452, .T. ) ;
#1273 = CARTESIAN_POINT ( 'NONE',  ( 1.625848074029415400, -2.120848074029415100, 1.580000000000000100 ) ) ;
#1272 = CARTESIAN_POINT ( 'NONE',  ( 1.370499999999999400, -2.028000000000001400, 2.159999999999999700 ) ) ;
#1274 = CARTESIAN_POINT ( 'NONE',  ( -1.498499999999999100, -1.772999999999999900, 1.630000000000000100 ) ) ;
#1275 = VERTEX_POINT ( 'NONE', #4718 ) ;
#1276 = VECTOR ( 'NONE', #4122, 39.37007874015748100 ) ;
#1277 = LINE ( 'NONE', #1549, #10331 ) ;
#1278 = ORIENTED_EDGE ( 'NONE', *, *, #1818, .T. ) ;
#1279 = AXIS2_PLACEMENT_3D ( 'NONE', #4393, #2750, #8679 ) ;
#1280 = EDGE_CURVE ( 'NONE', #7040, #251, #9027, .T. ) ;
#1281 = ADVANCED_FACE ( 'NONE', ( #1190 ), #8886, .F. ) ;
#1282 = ORIENTED_EDGE ( 'NONE', *, *, #8431, .F. ) ;
#1283 = DIRECTION ( 'NONE',  ( -0.0000000000000000000, -0.0000000000000000000, 1.000000000000000000 ) ) ;
#1284 = DIRECTION ( 'NONE',  ( -1.000000000000000000, -1.931999995519277300E-016, 0.0000000000000000000 ) ) ;
#1285 = VERTEX_POINT ( 'NONE', #3889 ) ;
#1286 = DIRECTION ( 'NONE',  ( -1.000000000000000000, 0.0000000000000000000, 0.0000000000000000000 ) ) ;
#1287 = FACE_OUTER_BOUND ( 'NONE', #1416, .T. ) ;
#1288 = CARTESIAN_POINT ( 'NONE',  ( -1.625848074029412800, -2.216949358009806300, 2.169999999999999900 ) ) ;
#1289 = CIRCLE ( 'NONE', #4140, 0.2704999999999985200 ) ;
#1290 = ORIENTED_EDGE ( 'NONE', *, *, #5113, .F. ) ;
#1291 = DIRECTION ( 'NONE',  ( 1.000000000000000000, 0.0000000000000000000, 0.0000000000000000000 ) ) ;
#1292 = CARTESIAN_POINT ( 'NONE',  ( 1.538000000000000500, 2.027999999999999600, 1.580000000000000100 ) ) ;
#1293 = FACE_OUTER_BOUND ( 'NONE', #3604, .T. ) ;
#1294 = VERTEX_POINT ( 'NONE', #9764 ) ;
#1295 = AXIS2_PLACEMENT_3D ( 'NONE', #4912, #5764, #7455 ) ;
#1296 = ORIENTED_EDGE ( 'NONE', *, *, #2851, .T. ) ;
#1297 = ORIENTED_EDGE ( 'NONE', *, *, #2683, .T. ) ;
#1298 = ORIENTED_EDGE ( 'NONE', *, *, #2095, .T. ) ;
#1299 = VECTOR ( 'NONE', #9287, 39.37007874015748100 ) ;
#1300 = CARTESIAN_POINT ( 'NONE',  ( -1.081000000000000400, -1.823000000000000000, 1.630000000000000100 ) ) ;
#1301 = ORIENTED_EDGE ( 'NONE', *, *, #9618, .F. ) ;
#1302 = AXIS2_PLACEMENT_3D ( 'NONE', #3544, #6886, #8624 ) ;
#1303 = DIRECTION ( 'NONE',  ( -1.000000000000000000, 0.0000000000000000000, 0.0000000000000000000 ) ) ;
#1304 = CIRCLE ( 'NONE', #7762, 0.2035000000000004300 ) ;
#1305 = ORIENTED_EDGE ( 'NONE', *, *, #1986, .F. ) ;
#1306 = EDGE_LOOP ( 'NONE', ( #10579, #2110 ) ) ;
#1307 = VERTEX_POINT ( 'NONE', #4650 ) ;
#1308 = ORIENTED_EDGE ( 'NONE', *, *, #1598, .T. ) ;
#1309 = CIRCLE ( 'NONE', #8405, 0.03550000000000048300 ) ;
#1310 = DIRECTION ( 'NONE',  ( 0.0000000000000000000, -1.000000000000000000, 0.0000000000000000000 ) ) ;
#1311 = CARTESIAN_POINT ( 'NONE',  ( 1.498499999999999100, 1.823000000000000000, 1.630000000000000100 ) ) ;
#1312 = CYLINDRICAL_SURFACE ( 'NONE', #3406, 0.1441519259705861500 ) ;
#1313 = EDGE_CURVE ( 'NONE', #7255, #10456, #104, .T. ) ;
#1314 = DIRECTION ( 'NONE',  ( -0.0000000000000000000, -0.0000000000000000000, -1.000000000000000000 ) ) ;
#1315 = ORIENTED_EDGE ( 'NONE', *, *, #5352, .T. ) ;
#1316 = CARTESIAN_POINT ( 'NONE',  ( 1.625848074029415400, -2.120848074029415100, 0.0000000000000000000 ) ) ;
#1317 = ORIENTED_EDGE ( 'NONE', *, *, #8462, .T. ) ;
#1318 = VERTEX_POINT ( 'NONE', #2237 ) ;
#1319 = DIRECTION ( 'NONE',  ( 0.0000000000000000000, 0.0000000000000000000, -1.000000000000000000 ) ) ;
#1320 = VERTEX_POINT ( 'NONE', #5585 ) ;
#1321 = VECTOR ( 'NONE', #8005, 39.37007874015748100 ) ;
#1322 = CARTESIAN_POINT ( 'NONE',  ( 1.081000000000000400, -1.772999999999999900, 1.630000000000000100 ) ) ;
#1323 = ORIENTED_EDGE ( 'NONE', *, *, #1536, .F. ) ;
#1324 = LINE ( 'NONE', #9256, #3439 ) ;
#1325 = CARTESIAN_POINT ( 'NONE',  ( -1.340000000000000500, 1.515499999999999600, 0.3700000000000001100 ) ) ;
#1326 = ADVANCED_FACE ( 'NONE', ( #921 ), #6089, .T. ) ;
#1327 = CARTESIAN_POINT ( 'NONE',  ( -1.393102622522006500, 2.146999999999999400, 1.580000000000000100 ) ) ;
#1328 = EDGE_LOOP ( 'NONE', ( #739, #5312, #10738, #5787, #5521, #10874, #2183, #8178, #8047, #8941, #2909, #741, #3296, #9707, #6120, #3834, #4199, #4942, #3926, #1442 ) ) ;
#1329 = CARTESIAN_POINT ( 'NONE',  ( -1.081000000000000400, -1.772999999999999900, 1.630000000000000100 ) ) ;
#1330 = PLANE ( 'NONE',  #8773 ) ;
#1331 = AXIS2_PLACEMENT_3D ( 'NONE', #12, #5210, #10310 ) ;
#1332 = EDGE_CURVE ( 'NONE', #2398, #6061, #9154, .T. ) ;
#1333 = EDGE_CURVE ( 'NONE', #1587, #2314, #7959, .T. ) ;
#1334 = APPROVAL ( #4130, 'UNSPECIFIED' ) ;
#1335 = EDGE_CURVE ( 'NONE', #9116, #1964, #2226, .T. ) ;
#1336 = ORIENTED_EDGE ( 'NONE', *, *, #802, .F. ) ;
#1337 = FACE_OUTER_BOUND ( 'NONE', #5766, .T. ) ;
#1338 = ORIENTED_EDGE ( 'NONE', *, *, #9250, .T. ) ;
#1339 = FACE_OUTER_BOUND ( 'NONE', #4539, .T. ) ;
#1340 = PLANE ( 'NONE',  #9961 ) ;
#1341 = DIRECTION ( 'NONE',  ( 1.000000000000000000, 0.0000000000000000000, 0.0000000000000000000 ) ) ;
#1342 = ORIENTED_EDGE ( 'NONE', *, *, #1951, .F. ) ;
#1343 = ADVANCED_FACE ( 'NONE', ( #4888 ), #4487, .F. ) ;
#1344 = ORIENTED_EDGE ( 'NONE', *, *, #7903, .T. ) ;
#1345 = AXIS2_PLACEMENT_3D ( 'NONE', #7390, #5747, #4850 ) ;
#1346 = CARTESIAN_POINT ( 'NONE',  ( 1.498499999999999100, -1.823000000000000000, 1.639999999999999900 ) ) ;
#1347 = FACE_OUTER_BOUND ( 'NONE', #109, .T. ) ;
#1348 = DIRECTION ( 'NONE',  ( -1.000000000000000000, 0.0000000000000000000, 0.0000000000000000000 ) ) ;
#1349 = EDGE_CURVE ( 'NONE', #4211, #9877, #1815, .T. ) ;
#1351 = CARTESIAN_POINT ( 'NONE',  ( 0.7070000000000014100, -2.196999999999998700, 1.630000000000000100 ) ) ;
#1350 = DIRECTION ( 'NONE',  ( -1.000000000000000000, 0.0000000000000000000, 0.0000000000000000000 ) ) ;
#1352 = DIRECTION ( 'NONE',  ( 0.0000000000000000000, 0.0000000000000000000, -1.000000000000000000 ) ) ;
#1353 = DIRECTION ( 'NONE',  ( -0.0000000000000000000, -0.0000000000000000000, 1.000000000000000000 ) ) ;
#1354 = EDGE_LOOP ( 'NONE', ( #7022, #9016, #6201, #8984 ) ) ;
#1355 = EDGE_LOOP ( 'NONE', ( #6406, #6374, #3000, #3751 ) ) ;
#1356 = FACE_OUTER_BOUND ( 'NONE', #9294, .T. ) ;
#1357 = CARTESIAN_POINT ( 'NONE',  ( 0.7070000000000014100, -2.246999999999998600, 1.564999999999999700 ) ) ;
#1358 = AXIS2_PLACEMENT_3D ( 'NONE', #5933, #7719, #98 ) ;
#1359 = EDGE_CURVE ( 'NONE', #9262, #322, #1958, .T. ) ;
#1360 = CARTESIAN_POINT ( 'NONE',  ( 0.7070000000000014100, -2.246999999999998600, 1.540000000000000000 ) ) ;
#1361 = DIRECTION ( 'NONE',  ( 0.0000000000000000000, 0.0000000000000000000, -1.000000000000000000 ) ) ;
#1362 = CARTESIAN_POINT ( 'NONE',  ( 1.340000000000000500, 1.515499999999999600, 0.3700000000000001100 ) ) ;
#1363 = VECTOR ( 'NONE', #10548, 39.37007874015748100 ) ;
#1364 = EDGE_LOOP ( 'NONE', ( #2108, #7682, #8769, #5941 ) ) ;
#1365 = CIRCLE ( 'NONE', #10906, 0.1474999999999994600 ) ;
#1366 = CARTESIAN_POINT ( 'NONE',  ( -1.498499999999999100, 1.619499999999999500, 1.639999999999999900 ) ) ;
#1367 = DIRECTION ( 'NONE',  ( -1.000000000000000000, 0.0000000000000000000, 0.0000000000000000000 ) ) ;
#1368 = DIRECTION ( 'NONE',  ( -1.000000000000000000, 0.0000000000000000000, 0.0000000000000000000 ) ) ;
#1369 = TOROIDAL_SURFACE ( 'NONE', #6937, 0.1074999999999994000, 0.04000000000000000100 ) ;
#1370 = CARTESIAN_POINT ( 'NONE',  ( 1.081000000000000400, -1.926500000000000300, 1.639999999999999900 ) ) ;
#1371 = EDGE_CURVE ( 'NONE', #6219, #2104, #9697, .T. ) ;
#1372 = ADVANCED_FACE ( 'NONE', ( #1435 ), #4346, .F. ) ;
#1373 = DIRECTION ( 'NONE',  ( 1.000000000000000000, 0.0000000000000000000, 0.0000000000000000000 ) ) ;
#1374 = EDGE_CURVE ( 'NONE', #6303, #5369, #6230, .T. ) ;
#1375 = CARTESIAN_POINT ( 'NONE',  ( 1.498499999999999100, -1.619499999999999500, 1.639999999999999900 ) ) ;
#1377 = DIRECTION ( 'NONE',  ( -1.000000000000000000, 0.0000000000000000000, 0.0000000000000000000 ) ) ;
#1376 = DIRECTION ( 'NONE',  ( -0.0000000000000000000, -0.0000000000000000000, -1.000000000000000000 ) ) ;
#1378 = VECTOR ( 'NONE', #567, 39.37007874015748100 ) ;
#1379 = CIRCLE ( 'NONE', #462, 0.2035000000000004300 ) ;
#1380 = VERTEX_POINT ( 'NONE', #1535 ) ;
#1381 = ADVANCED_FACE ( 'NONE', ( #3681 ), #2627, .T. ) ;
#1382 = DIRECTION ( 'NONE',  ( -0.0000000000000000000, -0.0000000000000000000, 1.000000000000000000 ) ) ;
#1383 = EDGE_CURVE ( 'NONE', #5706, #495, #3147, .T. ) ;
#1384 = EDGE_CURVE ( 'NONE', #10596, #1870, #8227, .T. ) ;
#1385 = LINE ( 'NONE', #604, #5507 ) ;
#1386 = AXIS2_PLACEMENT_3D ( 'NONE', #6491, #3816, #7345 ) ;
#1387 = EDGE_CURVE ( 'NONE', #8375, #10456, #3947, .T. ) ;
#1388 = ORIENTED_EDGE ( 'NONE', *, *, #10159, .T. ) ;
#1389 = VECTOR ( 'NONE', #6513, 39.37007874015748100 ) ;
#1390 = ORIENTED_EDGE ( 'NONE', *, *, #141, .T. ) ;
#1391 = ORIENTED_EDGE ( 'NONE', *, *, #5887, .F. ) ;
#1392 = CARTESIAN_POINT ( 'NONE',  ( 1.538000000000000500, -2.027999999999999100, 2.044999999999999500 ) ) ;
#1393 = DIRECTION ( 'NONE',  ( 0.0000000000000000000, 1.000000000000000000, 0.0000000000000000000 ) ) ;
#1394 = ORIENTED_EDGE ( 'NONE', *, *, #4013, .T. ) ;
#1395 = VERTEX_POINT ( 'NONE', #4875 ) ;
#1396 = FACE_OUTER_BOUND ( 'NONE', #1577, .T. ) ;
#1397 = LINE ( 'NONE', #8504, #2458 ) ;
#1398 = VERTEX_POINT ( 'NONE', #10051 ) ;
#1399 = AXIS2_PLACEMENT_3D ( 'NONE', #1849, #7796, #6894 ) ;
#1400 = AXIS2_PLACEMENT_3D ( 'NONE', #669, #4020, #702 ) ;
#1401 = DIRECTION ( 'NONE',  ( 0.0000000000000000000, 0.0000000000000000000, -1.000000000000000000 ) ) ;
#1402 = EDGE_CURVE ( 'NONE', #5452, #1696, #2080, .T. ) ;
#1403 = LINE ( 'NONE', #6902, #8203 ) ;
#1404 = ORIENTED_EDGE ( 'NONE', *, *, #10506, .T. ) ;
#1405 = FACE_OUTER_BOUND ( 'NONE', #1265, .T. ) ;
#1406 = DIRECTION ( 'NONE',  ( 1.000000000000000000, 0.0000000000000000000, 0.0000000000000000000 ) ) ;
#1407 = CIRCLE ( 'NONE', #6807, 0.1535000000000004100 ) ;
#1408 = ORIENTED_EDGE ( 'NONE', *, *, #10299, .T. ) ;
#1409 = DIRECTION ( 'NONE',  ( -1.000000000000000000, 0.0000000000000000000, 0.0000000000000000000 ) ) ;
#1411 = CARTESIAN_POINT ( 'NONE',  ( 1.182500000000000100, -1.515499999999999600, 0.1200000000000000900 ) ) ;
#1410 = DIRECTION ( 'NONE',  ( -1.000000000000000000, 0.0000000000000000000, 0.0000000000000000000 ) ) ;
#1412 = ORIENTED_EDGE ( 'NONE', *, *, #8614, .F. ) ;
#1413 = DIRECTION ( 'NONE',  ( -0.0000000000000000000, -0.0000000000000000000, 1.000000000000000000 ) ) ;
#1414 = ORIENTED_EDGE ( 'NONE', *, *, #3244, .F. ) ;
#1415 = AXIS2_PLACEMENT_3D ( 'NONE', #2418, #3314, #5773 ) ;
#1416 = EDGE_LOOP ( 'NONE', ( #8235, #7780, #6401, #2518 ) ) ;
#1417 = AXIS2_PLACEMENT_3D ( 'NONE', #10595, #7998, #7192 ) ;
#1418 = EDGE_CURVE ( 'NONE', #5643, #8795, #4221, .T. ) ;
#1419 = ORIENTED_EDGE ( 'NONE', *, *, #3357, .T. ) ;
#1420 = CYLINDRICAL_SURFACE ( 'NONE', #4726, 0.009999999999999892700 ) ;
#1421 = CARTESIAN_POINT ( 'NONE',  ( 1.081000000000000400, -1.873000000000000000, 1.639999999999999900 ) ) ;
#1422 = CYLINDRICAL_SURFACE ( 'NONE', #298, 0.2204999999999985000 ) ;
#1423 = ORIENTED_EDGE ( 'NONE', *, *, #3056, .F. ) ;
#1424 = CARTESIAN_POINT ( 'NONE',  ( 1.628389396804067200, 1.911440972269852700, 2.004999999999999400 ) ) ;
#1425 = DIRECTION ( 'NONE',  ( 0.0000000000000000000, -1.000000000000000000, 0.0000000000000000000 ) ) ;
#1426 = FACE_BOUND ( 'NONE', #7565, .T. ) ;
#1427 = VERTEX_POINT ( 'NONE', #4832 ) ;
#1428 = DIRECTION ( 'NONE',  ( -1.000000000000000000, 0.0000000000000000000, -0.0000000000000000000 ) ) ;
#1429 = ADVANCED_FACE ( 'NONE', ( #5960 ), #7687, .F. ) ;
#1430 = DIRECTION ( 'NONE',  ( 0.0000000000000000000, 1.000000000000000000, 0.0000000000000000000 ) ) ;
#1431 = ORIENTED_EDGE ( 'NONE', *, *, #8736, .T. ) ;
#1432 = CARTESIAN_POINT ( 'NONE',  ( 0.7070000000000014100, -1.926500000000000300, 1.564999999999999700 ) ) ;
#1433 = ORIENTED_EDGE ( 'NONE', *, *, #9747, .T. ) ;
#1434 = EDGE_LOOP ( 'NONE', ( #4396, #4783, #1564, #7540 ) ) ;
#1435 = FACE_OUTER_BOUND ( 'NONE', #2698, .T. ) ;
#1436 = AXIS2_PLACEMENT_3D ( 'NONE', #10198, #10239, #5065 ) ;
#1437 = VECTOR ( 'NONE', #3070, 39.37007874015748100 ) ;
#1438 = ORIENTED_EDGE ( 'NONE', *, *, #9864, .T. ) ;
#1439 = DIRECTION ( 'NONE',  ( -0.0000000000000000000, -0.0000000000000000000, -1.000000000000000000 ) ) ;
#1440 = CARTESIAN_POINT ( 'NONE',  ( -1.081000000000000400, -1.847999999999999900, 1.564999999999999700 ) ) ;
#1441 = VERTEX_POINT ( 'NONE', #8343 ) ;
#1442 = ORIENTED_EDGE ( 'NONE', *, *, #2396, .T. ) ;
#1443 = DIRECTION ( 'NONE',  ( 0.0000000000000000000, 0.0000000000000000000, 1.000000000000000000 ) ) ;
#1444 = ADVANCED_FACE ( 'NONE', ( #10223 ), #6907, .T. ) ;
#1445 = DIRECTION ( 'NONE',  ( 0.0000000000000000000, -1.000000000000000000, 0.0000000000000000000 ) ) ;
#1446 = ORIENTED_EDGE ( 'NONE', *, *, #9417, .T. ) ;
#1447 = LINE ( 'NONE', #10371, #1581 ) ;
#1448 = DIRECTION ( 'NONE',  ( -0.0000000000000000000, -0.0000000000000000000, -1.000000000000000000 ) ) ;
#1449 = CIRCLE ( 'NONE', #2912, 0.2285000000000003100 ) ;
#1450 = B_SPLINE_CURVE_WITH_KNOTS ( 'NONE', 3,
 ( #5696, #614, #7347, #9869, #3934, #4831, #8199, #3072, #7311, #6600 ),
 .UNSPECIFIED., .F., .F.,
 ( 4, 2, 2, 2, 4 ),
 ( 0.001609983470110019000, 0.002009559951696708600, 0.002409136433283398400, 0.002808712914870088200, 0.003208289396456777600 ),
 .UNSPECIFIED. ) ;
#1451 = ORIENTED_EDGE ( 'NONE', *, *, #403, .F. ) ;
#1452 = CARTESIAN_POINT ( 'NONE',  ( 0.7070000000000014100, -2.246999999999998600, 1.639999999999999900 ) ) ;
#1453 = CARTESIAN_POINT ( 'NONE',  ( 1.538000000000000500, -2.027999999999999100, 1.919999999999999700 ) ) ;
#1454 = ORIENTED_EDGE ( 'NONE', *, *, #4787, .F. ) ;
#1455 = DIRECTION ( 'NONE',  ( -0.0000000000000000000, -0.0000000000000000000, 1.000000000000000000 ) ) ;
#1456 = ORIENTED_EDGE ( 'NONE', *, *, #7878, .F. ) ;
#1457 = EDGE_CURVE ( 'NONE', #4313, #8172, #5156, .T. ) ;
#1458 = VECTOR ( 'NONE', #2355, 39.37007874015748100 ) ;
#1459 = EDGE_CURVE ( 'NONE', #4732, #8335, #7432, .T. ) ;
#1460 = DIRECTION ( 'NONE',  ( 0.0000000000000000000, 0.0000000000000000000, -1.000000000000000000 ) ) ;
#1461 = AXIS2_PLACEMENT_3D ( 'NONE', #2754, #131, #6071 ) ;
#1462 = VERTEX_POINT ( 'NONE', #805 ) ;
#1463 = LINE ( 'NONE', #6620, #3703 ) ;
#1464 = DIRECTION ( 'NONE',  ( 1.000000000000000000, 0.0000000000000000000, 0.0000000000000000000 ) ) ;
#1465 = VERTEX_POINT ( 'NONE', #8420 ) ;
#1466 = CARTESIAN_POINT ( 'NONE',  ( 1.498499999999999100, -1.823000000000000000, 1.639999999999999900 ) ) ;
#1467 = CARTESIAN_POINT ( 'NONE',  ( 1.498499999999999100, 1.619499999999999500, 2.050000000000000300 ) ) ;
#1468 = CARTESIAN_POINT ( 'NONE',  ( 1.721949358009806200, -2.120848074029415100, 0.0000000000000000000 ) ) ;
#1469 = VERTEX_POINT ( 'NONE', #1748 ) ;
#1470 = CARTESIAN_POINT ( 'NONE',  ( -1.497500000000000300, -1.515499999999999600, 0.3700000000000001100 ) ) ;
#1471 = DIRECTION ( 'NONE',  ( 0.0000000000000000000, -1.000000000000000000, 0.0000000000000000000 ) ) ;
#1472 = CARTESIAN_POINT ( 'NONE',  ( 1.625848074029415400, -2.216949358009805900, 2.121949358009804300 ) ) ;
#1473 = CIRCLE ( 'NONE', #6039, 0.07874015748031476500 ) ;
#1474 = DIRECTION ( 'NONE',  ( -0.0000000000000000000, -0.0000000000000000000, 1.000000000000000000 ) ) ;
#1475 = CARTESIAN_POINT ( 'NONE',  ( -1.593215017210380300, 1.892364784850831600, 2.015547868860737300 ) ) ;
#1476 = AXIS2_PLACEMENT_3D ( 'NONE', #8566, #10313, #2412 ) ;
#1477 = EDGE_CURVE ( 'NONE', #9058, #9693, #10610, .T. ) ;
#1478 = EDGE_CURVE ( 'NONE', #6629, #636, #3797, .T. ) ;
#1479 = CARTESIAN_POINT ( 'NONE',  ( -1.498499999999999100, -1.823000000000000000, 1.630000000000000100 ) ) ;
#1480 = DIRECTION ( 'NONE',  ( 0.0000000000000000000, -0.0000000000000000000, -1.000000000000000000 ) ) ;
#1481 = CIRCLE ( 'NONE', #3185, 0.2204999999999985000 ) ;
#1482 = DIRECTION ( 'NONE',  ( -0.0000000000000000000, -0.0000000000000000000, -1.000000000000000000 ) ) ;
#1483 = CARTESIAN_POINT ( 'NONE',  ( 1.340000000000000500, 1.515499999999999600, 0.1200000000000000900 ) ) ;
#1484 = ADVANCED_FACE ( 'NONE', ( #8358 ), #5687, .T. ) ;
#1485 = AXIS2_PLACEMENT_3D ( 'NONE', #10613, #7940, #460 ) ;
#1486 = AXIS2_PLACEMENT_3D ( 'NONE', #8895, #6367, #9754 ) ;
#1487 = CARTESIAN_POINT ( 'NONE',  ( -1.769999999999998900, -2.120848074029416000, 2.169999999999999900 ) ) ;
#1488 = ORIENTED_EDGE ( 'NONE', *, *, #7781, .F. ) ;
#1489 = VECTOR ( 'NONE', #3352, 39.37007874015748100 ) ;
#1491 = DIRECTION ( 'NONE',  ( 1.000000000000000000, 0.0000000000000000000, 0.0000000000000000000 ) ) ;
#1490 = DIRECTION ( 'NONE',  ( 0.0000000000000000000, 0.0000000000000000000, -1.000000000000000000 ) ) ;
#1492 = CARTESIAN_POINT ( 'NONE',  ( 1.281500000000000500, 1.515499999999999600, 0.3700000000000001100 ) ) ;
#1493 = DIRECTION ( 'NONE',  ( -1.000000000000000000, 0.0000000000000000000, 0.0000000000000000000 ) ) ;
#1494 = DIRECTION ( 'NONE',  ( 0.0000000000000000000, 0.0000000000000000000, -1.000000000000000000 ) ) ;
#1495 = ADVANCED_FACE ( 'NONE', ( #1570, #6468 ), #10138, .T. ) ;
#1496 = FACE_OUTER_BOUND ( 'NONE', #8080, .T. ) ;
#1497 = ORIENTED_EDGE ( 'NONE', *, *, #4569, .F. ) ;
#1498 = DIRECTION ( 'NONE',  ( 1.000000000000000000, 0.0000000000000000000, 0.0000000000000000000 ) ) ;
#1499 = FACE_BOUND ( 'NONE', #1605, .T. ) ;
#1500 = CARTESIAN_POINT ( 'NONE',  ( 1.625848074029415400, 2.264999999999998800, 0.04805064199019547200 ) ) ;
#1501 = AXIS2_PLACEMENT_3D ( 'NONE', #9529, #5171, #6019 ) ;
#1502 = EDGE_CURVE ( 'NONE', #6786, #9695, #6797, .T. ) ;
#1503 = CARTESIAN_POINT ( 'NONE',  ( -0.7070000000000014100, 2.146999999999998900, 2.050000000000000300 ) ) ;
#1504 = EDGE_CURVE ( 'NONE', #3499, #5706, #11067, .T. ) ;
#1505 = DIRECTION ( 'NONE',  ( 0.0000000000000000000, -1.000000000000000000, 0.0000000000000000000 ) ) ;
#1506 = DIRECTION ( 'NONE',  ( -1.000000000000000000, 0.0000000000000000000, 0.0000000000000000000 ) ) ;
#1507 = DIRECTION ( 'NONE',  ( 0.0000000000000000000, 0.0000000000000000000, -1.000000000000000000 ) ) ;
#1508 = CARTESIAN_POINT ( 'NONE',  ( 0.7070000000000014100, 1.926500000000000300, 1.639999999999999900 ) ) ;
#1509 = AXIS2_PLACEMENT_3D ( 'NONE', #1664, #10183, #9373 ) ;
#1510 = VECTOR ( 'NONE', #990, 39.37007874015748100 ) ;
#1511 = EDGE_LOOP ( 'NONE', ( #1678, #4369 ) ) ;
#1512 = EDGE_CURVE ( 'NONE', #10714, #5275, #1971, .T. ) ;
#1513 = CARTESIAN_POINT ( 'NONE',  ( -1.625848074029412800, -2.265000000000002300, 1.580000000000000100 ) ) ;
#1514 = LINE ( 'NONE', #7736, #3880 ) ;
#1515 = DIRECTION ( 'NONE',  ( 1.000000000000000000, 0.0000000000000000000, 0.0000000000000000000 ) ) ;
#1516 = CIRCLE ( 'NONE', #6012, 0.09610128398039066700 ) ;
#1517 = EDGE_CURVE ( 'NONE', #4892, #10219, #1060, .T. ) ;
#1518 = ORIENTED_EDGE ( 'NONE', *, *, #8170, .T. ) ;
#1519 = CARTESIAN_POINT ( 'NONE',  ( 1.625848074029415400, -2.120848074029415100, 2.121949358009804300 ) ) ;
#1520 = EDGE_CURVE ( 'NONE', #10476, #7175, #9049, .T. ) ;
#1521 = ORIENTED_EDGE ( 'NONE', *, *, #9585, .F. ) ;
#1522 = DIRECTION ( 'NONE',  ( -0.0000000000000000000, -0.0000000000000000000, -1.000000000000000000 ) ) ;
#1524 = DIRECTION ( 'NONE',  ( -0.0000000000000000000, -0.0000000000000000000, 1.000000000000000000 ) ) ;
#1523 = CARTESIAN_POINT ( 'NONE',  ( 1.498499999999999100, 1.619499999999999500, 1.605000000000000000 ) ) ;
#1525 = CARTESIAN_POINT ( 'NONE',  ( 1.081000000000000400, 1.926500000000000300, 1.605000000000000000 ) ) ;
#1526 = CARTESIAN_POINT ( 'NONE',  ( 1.538000000000000500, 2.027999999999999100, 2.044999999999999500 ) ) ;
#1527 = ORIENTED_EDGE ( 'NONE', *, *, #7136, .F. ) ;
#1528 = CIRCLE ( 'NONE', #8105, 0.1675000000000003400 ) ;
#1529 = LINE ( 'NONE', #9192, #10575 ) ;
#1530 = VERTEX_POINT ( 'NONE', #4239 ) ;
#1531 = PLANE ( 'NONE',  #985 ) ;
#1532 = EDGE_LOOP ( 'NONE', ( #5543, #5926, #9184, #3253 ) ) ;
#1533 = DIRECTION ( 'NONE',  ( 0.0000000000000000000, 0.0000000000000000000, 1.000000000000000000 ) ) ;
#1534 = AXIS2_PLACEMENT_3D ( 'NONE', #8036, #4642, #8897 ) ;
#1535 = CARTESIAN_POINT ( 'NONE',  ( 1.645499999999999700, -2.027999999999999100, 2.044999999999999500 ) ) ;
#1536 = EDGE_CURVE ( 'NONE', #7298, #1021, #4298, .T. ) ;
#1537 = EDGE_CURVE ( 'NONE', #392, #9109, #7060, .T. ) ;
#1538 = CARTESIAN_POINT ( 'NONE',  ( 1.081000000000000400, -1.873000000000000000, 1.639999999999999900 ) ) ;
#1539 = CC_DESIGN_PERSON_AND_ORGANIZATION_ASSIGNMENT ( #138, #10896, ( #10450 ) ) ;
#1540 = EDGE_CURVE ( 'NONE', #4837, #1851, #3354, .T. ) ;
#1541 = ORIENTED_EDGE ( 'NONE', *, *, #9112, .T. ) ;
#1542 = ADVANCED_FACE ( 'NONE', ( #2959 ), #451, .T. ) ;
#1543 = LINE ( 'NONE', #8820, #2333 ) ;
#1544 = DIRECTION ( 'NONE',  ( 1.000000000000000000, 0.0000000000000000000, 0.0000000000000000000 ) ) ;
#1545 = DIRECTION ( 'NONE',  ( -1.000000000000000000, 0.0000000000000000000, 0.0000000000000000000 ) ) ;
#1546 = FACE_OUTER_BOUND ( 'NONE', #10218, .T. ) ;
#1547 = ORIENTED_EDGE ( 'NONE', *, *, #8592, .T. ) ;
#1548 = DIRECTION ( 'NONE',  ( -1.000000000000000000, 0.0000000000000000000, 0.0000000000000000000 ) ) ;
#1549 = CARTESIAN_POINT ( 'NONE',  ( 0.9638306835251589900, -2.146999999999998900, 0.1200000000000000900 ) ) ;
#1550 = ORIENTED_EDGE ( 'NONE', *, *, #1741, .F. ) ;
#1551 = VERTEX_POINT ( 'NONE', #6947 ) ;
#1552 = ORIENTED_EDGE ( 'NONE', *, *, #6440, .T. ) ;
#1553 = FACE_OUTER_BOUND ( 'NONE', #9099, .T. ) ;
#1554 = DIRECTION ( 'NONE',  ( 0.0000000000000000000, 0.0000000000000000000, 1.000000000000000000 ) ) ;
#1555 = AXIS2_PLACEMENT_3D ( 'NONE', #2736, #10234, #5165 ) ;
#1556 = VECTOR ( 'NONE', #4113, 39.37007874015748100 ) ;
#1557 = VERTEX_POINT ( 'NONE', #2641 ) ;
#1558 = AXIS2_PLACEMENT_3D ( 'NONE', #10406, #8762, #10542 ) ;
#1559 = ADVANCED_FACE ( 'NONE', ( #3747 ), #4971, .F. ) ;
#1560 = EDGE_CURVE ( 'NONE', #1196, #8232, #1514, .T. ) ;
#1561 = DIRECTION ( 'NONE',  ( 0.0000000000000000000, 0.0000000000000000000, 1.000000000000000000 ) ) ;
#1562 = FACE_OUTER_BOUND ( 'NONE', #2868, .T. ) ;
#1563 = DIRECTION ( 'NONE',  ( -0.0000000000000000000, -0.0000000000000000000, 1.000000000000000000 ) ) ;
#1564 = ORIENTED_EDGE ( 'NONE', *, *, #1909, .T. ) ;
#1565 = ORIENTED_EDGE ( 'NONE', *, *, #8298, .F. ) ;
#1566 = DIRECTION ( 'NONE',  ( -0.0000000000000000000, -0.0000000000000000000, 1.000000000000000000 ) ) ;
#1567 = EDGE_LOOP ( 'NONE', ( #7641, #8079 ) ) ;
#1568 = VERTEX_POINT ( 'NONE', #10394 ) ;
#1569 = VECTOR ( 'NONE', #666, 39.37007874015748100 ) ;
#1570 = FACE_BOUND ( 'NONE', #1621, .T. ) ;
#1571 = DIRECTION ( 'NONE',  ( -0.0000000000000000000, -1.000000000000000000, -0.0000000000000000000 ) ) ;
#1572 = LINE ( 'NONE', #7653, #4349 ) ;
#1573 = DIRECTION ( 'NONE',  ( 1.000000000000000000, 1.614090395074904400E-015, 0.0000000000000000000 ) ) ;
#1574 = ORIENTED_EDGE ( 'NONE', *, *, #238, .F. ) ;
#1575 = AXIS2_PLACEMENT_3D ( 'NONE', #9975, #3969, #1377 ) ;
#1576 = ORIENTED_EDGE ( 'NONE', *, *, #8110, .T. ) ;
#1577 = EDGE_LOOP ( 'NONE', ( #7581, #2189, #9436, #2905 ) ) ;
#1578 = DIRECTION ( 'NONE',  ( -0.0000000000000000000, -0.0000000000000000000, -1.000000000000000000 ) ) ;
#1579 = CARTESIAN_POINT ( 'NONE',  ( 1.538000000000000500, 2.027999999999999100, 2.004999999999999400 ) ) ;
#1580 = ORIENTED_EDGE ( 'NONE', *, *, #690, .T. ) ;
#1581 = VECTOR ( 'NONE', #3426, 39.37007874015748100 ) ;
#1582 = VECTOR ( 'NONE', #3046, 39.37007874015748100 ) ;
#1583 = ORIENTED_EDGE ( 'NONE', *, *, #5586, .T. ) ;
#1584 = CARTESIAN_POINT ( 'NONE',  ( 1.081000000000000400, 1.890999999999999800, 1.580000000000000100 ) ) ;
#1585 = CARTESIAN_POINT ( 'NONE',  ( -1.625848074029412800, -2.120848074029416000, 0.04805064199019547200 ) ) ;
#1586 = CARTESIAN_POINT ( 'NONE',  ( 0.7070000000000014100, -1.926500000000000300, 1.639999999999999900 ) ) ;
#1587 = VERTEX_POINT ( 'NONE', #8638 ) ;
#1588 = EDGE_LOOP ( 'NONE', ( #3166, #8666, #867, #859 ) ) ;
#1589 = AXIS2_PLACEMENT_3D ( 'NONE', #5828, #10789, #5007 ) ;
#1590 = VERTEX_POINT ( 'NONE', #1814 ) ;
#1591 = LINE ( 'NONE', #7406, #8112 ) ;
#1592 = ORIENTED_EDGE ( 'NONE', *, *, #198, .T. ) ;
#1593 = FACE_OUTER_BOUND ( 'NONE', #6325, .T. ) ;
#1594 = EDGE_CURVE ( 'NONE', #5016, #9801, #7241, .T. ) ;
#1595 = CARTESIAN_POINT ( 'NONE',  ( -0.7070000000000014100, -1.926500000000000300, 1.630000000000000100 ) ) ;
#1596 = CARTESIAN_POINT ( 'NONE',  ( -0.7070000000000014100, 2.196999999999998700, 1.630000000000000100 ) ) ;
#1597 = ORIENTED_EDGE ( 'NONE', *, *, #4229, .T. ) ;
#1598 = EDGE_CURVE ( 'NONE', #4293, #2127, #726, .T. ) ;
#1599 = CARTESIAN_POINT ( 'NONE',  ( 1.081000000000000400, 1.873000000000000000, 1.540000000000000000 ) ) ;
#1600 = ORIENTED_EDGE ( 'NONE', *, *, #19, .F. ) ;
#1601 = EDGE_LOOP ( 'NONE', ( #4033, #1058, #8492, #9554 ) ) ;
#1602 = CIRCLE ( 'NONE', #4252, 0.04805064199019536800 ) ;
#1603 = ADVANCED_FACE ( 'NONE', ( #1644 ), #997, .T. ) ;
#1604 = CARTESIAN_POINT ( 'NONE',  ( -0.9274999999999999900, -1.926500000000000300, 0.1200000000000000900 ) ) ;
#1605 = EDGE_LOOP ( 'NONE', ( #1408, #9406, #3892, #546, #5730, #3546, #10390, #8106, #72, #399, #190, #7536, #5637, #4886, #5456, #5466, #4661, #8741, #9450, #5131 ) ) ;
#1606 = CIRCLE ( 'NONE', #4260, 0.02499999999999987000 ) ;
#1607 = CARTESIAN_POINT ( 'NONE',  ( 0.7070000000000014100, 1.926500000000000300, 1.564999999999999700 ) ) ;
#1608 = ORIENTED_EDGE ( 'NONE', *, *, #6537, .T. ) ;
#1609 = CARTESIAN_POINT ( 'NONE',  ( -1.759999999999998700, -2.120848074029416000, 1.605000000000000000 ) ) ;
#1610 = CARTESIAN_POINT ( 'NONE',  ( -1.497500000000000900, 1.515499999999999600, 0.1200000000000000900 ) ) ;
#1611 = EDGE_CURVE ( 'NONE', #192, #2123, #2303, .T. ) ;
#1612 = EDGE_CURVE ( 'NONE', #7065, #5513, #2696, .T. ) ;
#1613 = AXIS2_PLACEMENT_3D ( 'NONE', #513, #10660, #5511 ) ;
#1614 = ORIENTED_EDGE ( 'NONE', *, *, #3392, .F. ) ;
#1615 = CARTESIAN_POINT ( 'NONE',  ( 1.081000000000000400, -1.823000000000000000, 1.580000000000000100 ) ) ;
#1616 = CYLINDRICAL_SURFACE ( 'NONE', #5054, 0.3204999999999985100 ) ;
#1617 = DIRECTION ( 'NONE',  ( -0.0000000000000000000, -0.0000000000000000000, -1.000000000000000000 ) ) ;
#1618 = CARTESIAN_POINT ( 'NONE',  ( -1.183500000000000000, 2.027999999999999100, 0.1200000000000000900 ) ) ;
#1619 = CARTESIAN_POINT ( 'NONE',  ( 1.498499999999999100, -1.772999999999999900, 0.1200000000000000900 ) ) ;
#1620 = DIRECTION ( 'NONE',  ( 0.0000000000000000000, -0.0000000000000000000, -1.000000000000000000 ) ) ;
#1621 = EDGE_LOOP ( 'NONE', ( #7703, #8482 ) ) ;
#1622 = DIRECTION ( 'NONE',  ( 0.0000000000000000000, 0.0000000000000000000, 1.000000000000000000 ) ) ;
#1623 = AXIS2_PLACEMENT_3D ( 'NONE', #1059, #7005, #1874 ) ;
#1624 = LINE ( 'NONE', #5076, #3725 ) ;
#1625 = AXIS2_PLACEMENT_3D ( 'NONE', #4422, #5286, #929 ) ;
#1626 = EDGE_CURVE ( 'NONE', #5679, #8576, #10302, .T. ) ;
#1627 = CARTESIAN_POINT ( 'NONE',  ( -1.497500000000000300, -1.515499999999999600, 0.3700000000000001100 ) ) ;
#1628 = CARTESIAN_POINT ( 'NONE',  ( 1.538000000000000500, 2.027999999999999100, 2.169999999999999900 ) ) ;
#1629 = LINE ( 'NONE', #6239, #8418 ) ;
#1630 = DIRECTION ( 'NONE',  ( -0.0000000000000000000, -0.0000000000000000000, -1.000000000000000000 ) ) ;
#1631 = CIRCLE ( 'NONE', #7116, 0.05350000000000053300 ) ;
#1632 = DIRECTION ( 'NONE',  ( -0.0000000000000000000, -0.0000000000000000000, -1.000000000000000000 ) ) ;
#1633 = AXIS2_PLACEMENT_3D ( 'NONE', #9173, #4961, #8277 ) ;
#1634 = DIRECTION ( 'NONE',  ( 1.000000000000000000, 0.0000000000000000000, -0.0000000000000000000 ) ) ;
#1635 = AXIS2_PLACEMENT_3D ( 'NONE', #8034, #416, #8070 ) ;
#1636 = EDGE_CURVE ( 'NONE', #2445, #8419, #6311, .T. ) ;
#1637 = CARTESIAN_POINT ( 'NONE',  ( -1.182499999999999400, -1.515499999999999600, 0.3700000000000001100 ) ) ;
#1639 = CARTESIAN_POINT ( 'NONE',  ( 1.492356829344749600, -2.147056290593429000, 2.040029703447726400 ) ) ;
#1638 = DIRECTION ( 'NONE',  ( 1.000000000000000000, 0.0000000000000000000, 0.0000000000000000000 ) ) ;
#1640 = LINE ( 'NONE', #8699, #10428 ) ;
#1641 = LINE ( 'NONE', #7598, #3613 ) ;
#1642 = DIRECTION ( 'NONE',  ( 0.0000000000000000000, 0.0000000000000000000, -1.000000000000000000 ) ) ;
#1643 = PLANE ( 'NONE',  #2261 ) ;
#1644 = FACE_OUTER_BOUND ( 'NONE', #10934, .T. ) ;
#1645 = AXIS2_PLACEMENT_3D ( 'NONE', #4415, #6854, #7085 ) ;
#1646 = CIRCLE ( 'NONE', #8024, 0.02499999999999987000 ) ;
#1647 = CARTESIAN_POINT ( 'NONE',  ( 1.616740157480315100, -2.027999999999999600, 1.267500000000000100 ) ) ;
#1648 = ADVANCED_FACE ( 'NONE', ( #1894 ), #50, .F. ) ;
#1649 = DIRECTION ( 'NONE',  ( -1.000000000000000000, 0.0000000000000000000, 0.0000000000000000000 ) ) ;
#1650 = CARTESIAN_POINT ( 'NONE',  ( 1.751999999999999600, -1.619499999999999500, 1.605000000000000000 ) ) ;
#1651 = CARTESIAN_POINT ( 'NONE',  ( -1.620537761801986300, -1.925040403015942900, 2.037079749950507800 ) ) ;
#1652 = EDGE_LOOP ( 'NONE', ( #8876, #6524 ) ) ;
#1653 = CARTESIAN_POINT ( 'NONE',  ( -1.751999999999999600, -1.619499999999999500, 1.639999999999999900 ) ) ;
#1654 = AXIS2_PLACEMENT_3D ( 'NONE', #7036, #9634, #1903 ) ;
#1655 = VECTOR ( 'NONE', #449, 39.37007874015748100 ) ;
#1656 = EDGE_LOOP ( 'NONE', ( #5164, #9810, #323, #10110 ) ) ;
#1657 = VECTOR ( 'NONE', #4477, 39.37007874015748100 ) ;
#1658 = ORIENTED_EDGE ( 'NONE', *, *, #9171, .F. ) ;
#1659 = VERTEX_POINT ( 'NONE', #5320 ) ;
#1660 = CARTESIAN_POINT ( 'NONE',  ( 1.498499999999999100, -1.619499999999999500, 1.540000000000000000 ) ) ;
#1661 = DIRECTION ( 'NONE',  ( 0.0000000000000000000, 1.000000000000000000, 0.0000000000000000000 ) ) ;
#1662 = EDGE_LOOP ( 'NONE', ( #5668, #3510, #3300, #6501 ) ) ;
#1663 = CARTESIAN_POINT ( 'NONE',  ( 0.7070000000000014100, -1.926500000000000300, 2.050000000000000300 ) ) ;
#1664 = CARTESIAN_POINT ( 'NONE',  ( 1.340000000000000500, 1.515499999999999600, 0.3700000000000001100 ) ) ;
#1665 = EDGE_CURVE ( 'NONE', #6773, #3390, #10432, .T. ) ;
#1666 = EDGE_LOOP ( 'NONE', ( #7564, #61, #2520, #4944 ) ) ;
#1667 = VERTEX_POINT ( 'NONE', #1109 ) ;
#1668 = LINE ( 'NONE', #1466, #7387 ) ;
#1669 = AXIS2_PLACEMENT_3D ( 'NONE', #10124, #10152, #7686 ) ;
#1670 = EDGE_LOOP ( 'NONE', ( #7964, #9491, #2711, #8529 ) ) ;
#1671 = LINE ( 'NONE', #7164, #4044 ) ;
#1672 = ORIENTED_EDGE ( 'NONE', *, *, #3688, .F. ) ;
#1673 = CARTESIAN_POINT ( 'NONE',  ( 1.081000000000000400, 1.772999999999999900, 2.050000000000000300 ) ) ;
#1675 = CARTESIAN_POINT ( 'NONE',  ( 1.089749999999999800, 2.027999999999999100, 0.0000000000000000000 ) ) ;
#1674 = CARTESIAN_POINT ( 'NONE',  ( 1.081000000000000400, -1.873000000000000000, 1.639999999999999900 ) ) ;
#1676 = ADVANCED_FACE ( 'NONE', ( #8039 ), #3623, .F. ) ;
#1677 = LINE ( 'NONE', #7485, #5126 ) ;
#1678 = ORIENTED_EDGE ( 'NONE', *, *, #4084, .T. ) ;
#1679 = CIRCLE ( 'NONE', #980, 0.1875000000000001100 ) ;
#1680 = VECTOR ( 'NONE', #816, 39.37007874015748100 ) ;
#1681 = VERTEX_POINT ( 'NONE', #227 ) ;
#1682 = AXIS2_PLACEMENT_3D ( 'NONE', #6148, #5241, #5284 ) ;
#1683 = EDGE_CURVE ( 'NONE', #7140, #8756, #6713, .T. ) ;
#1684 = CARTESIAN_POINT ( 'NONE',  ( 1.701999999999999500, -1.619499999999999500, 1.580000000000000100 ) ) ;
#1685 = ORIENTED_EDGE ( 'NONE', *, *, #7805, .F. ) ;
#1686 = EDGE_CURVE ( 'NONE', #6061, #10386, #9241, .T. ) ;
#1687 = DIRECTION ( 'NONE',  ( 1.000000000000000000, 0.0000000000000000000, -0.0000000000000000000 ) ) ;
#1688 = EDGE_LOOP ( 'NONE', ( #5524, #837, #4860, #8525 ) ) ;
#1689 = DIRECTION ( 'NONE',  ( 0.0000000000000000000, 0.0000000000000000000, 1.000000000000000000 ) ) ;
#1690 = EDGE_LOOP ( 'NONE', ( #877, #135 ) ) ;
#1691 = DIRECTION ( 'NONE',  ( -0.0000000000000000000, -0.0000000000000000000, -1.000000000000000000 ) ) ;
#1692 = ORIENTED_EDGE ( 'NONE', *, *, #9879, .F. ) ;
#1693 = CIRCLE ( 'NONE', #30, 0.07874015748031476500 ) ;
#1694 = CARTESIAN_POINT ( 'NONE',  ( -0.7070000000000014100, -1.848000000000000100, 1.564999999999999700 ) ) ;
#1695 = FACE_OUTER_BOUND ( 'NONE', #93, .T. ) ;
#1696 = VERTEX_POINT ( 'NONE', #8853 ) ;
#1697 = CYLINDRICAL_SURFACE ( 'NONE', #1645, 0.05350000000000053300 ) ;
#1698 = ORIENTED_EDGE ( 'NONE', *, *, #952, .F. ) ;
#1699 = ORIENTED_EDGE ( 'NONE', *, *, #9404, .F. ) ;
#1700 = AXIS2_PLACEMENT_3D ( 'NONE', #10052, #10015, #9213 ) ;
#1701 = EDGE_LOOP ( 'NONE', ( #3684, #7639, #748, #5916 ) ) ;
#1702 = AXIS2_PLACEMENT_3D ( 'NONE', #10433, #9655, #1118 ) ;
#1703 = CARTESIAN_POINT ( 'NONE',  ( -0.7070000000000014100, -2.146999999999998900, 1.630000000000000100 ) ) ;
#1704 = VERTEX_POINT ( 'NONE', #6218 ) ;
#1705 = EDGE_CURVE ( 'NONE', #8852, #9058, #10564, .T. ) ;
#1706 = LINE ( 'NONE', #507, #2885 ) ;
#1707 = DIRECTION ( 'NONE',  ( 0.0000000000000000000, 0.0000000000000000000, -1.000000000000000000 ) ) ;
#1708 = CYLINDRICAL_SURFACE ( 'NONE', #6856, 0.2035000000000004300 ) ;
#1709 = ORIENTED_EDGE ( 'NONE', *, *, #7938, .T. ) ;
#1710 = ORIENTED_EDGE ( 'NONE', *, *, #5736, .F. ) ;
#1711 = ORIENTED_EDGE ( 'NONE', *, *, #2965, .F. ) ;
#1713 = DIRECTION ( 'NONE',  ( 1.000000000000000000, 0.0000000000000000000, 0.0000000000000000000 ) ) ;
#1712 = DIRECTION ( 'NONE',  ( -1.000000000000000000, 0.0000000000000000000, 0.0000000000000000000 ) ) ;
#1714 = EDGE_LOOP ( 'NONE', ( #4748, #2611 ) ) ;
#1715 = CIRCLE ( 'NONE', #9963, 0.07874015748031476500 ) ;
#1716 = DIRECTION ( 'NONE',  ( 1.000000000000000000, 0.0000000000000000000, 0.0000000000000000000 ) ) ;
#1717 = AXIS2_PLACEMENT_3D ( 'NONE', #5247, #9649, #1888 ) ;
#1718 = CYLINDRICAL_SURFACE ( 'NONE', #8627, 0.2704999999999985200 ) ;
#1719 = EDGE_CURVE ( 'NONE', #2537, #75, #8306, .T. ) ;
#1720 = ORIENTED_EDGE ( 'NONE', *, *, #9404, .T. ) ;
#1721 = CARTESIAN_POINT ( 'NONE',  ( 1.081000000000000400, 1.772999999999999900, 0.1200000000000000900 ) ) ;
#1722 = ORIENTED_EDGE ( 'NONE', *, *, #5125, .T. ) ;
#1723 = CARTESIAN_POINT ( 'NONE',  ( 1.081000000000000400, -1.823000000000000000, 1.564999999999999700 ) ) ;
#1724 = ORIENTED_EDGE ( 'NONE', *, *, #3462, .F. ) ;
#1725 = CIRCLE ( 'NONE', #8315, 0.2704999999999985200 ) ;
#1726 = DIRECTION ( 'NONE',  ( 0.0000000000000000000, -1.000000000000000000, 0.0000000000000000000 ) ) ;
#1727 = DIRECTION ( 'NONE',  ( 0.0000000000000000000, 0.0000000000000000000, -1.000000000000000000 ) ) ;
#1728 = EDGE_LOOP ( 'NONE', ( #1778, #4325, #9032, #2918 ) ) ;
#1729 = LINE ( 'NONE', #9187, #10384 ) ;
#1730 = ORIENTED_EDGE ( 'NONE', *, *, #9603, .F. ) ;
#1731 = ADVANCED_FACE ( 'NONE', ( #7895 ), #6985, .T. ) ;
#1732 = VERTEX_POINT ( 'NONE', #3706 ) ;
#1733 = EDGE_CURVE ( 'NONE', #10028, #1824, #4691, .T. ) ;
#1734 = DIRECTION ( 'NONE',  ( 1.000000000000000000, 0.0000000000000000000, 0.0000000000000000000 ) ) ;
#1735 = VECTOR ( 'NONE', #2625, 39.37007874015748100 ) ;
#1736 = EDGE_CURVE ( 'NONE', #8172, #5276, #2432, .T. ) ;
#1737 = DIRECTION ( 'NONE',  ( 1.000000000000000000, -1.272782003896287900E-015, 0.0000000000000000000 ) ) ;
#1738 = CIRCLE ( 'NONE', #2679, 0.1441519259705861500 ) ;
#1739 = DIRECTION ( 'NONE',  ( 0.0000000000000000000, 0.0000000000000000000, -1.000000000000000000 ) ) ;
#1740 = AXIS2_PLACEMENT_3D ( 'NONE', #9245, #11003, #4018 ) ;
#1741 = EDGE_CURVE ( 'NONE', #1395, #539, #2033, .T. ) ;
#1742 = EDGE_CURVE ( 'NONE', #2306, #4089, #5771, .T. ) ;
#1743 = CARTESIAN_POINT ( 'NONE',  ( 1.770000000000001600, -2.265000000000001000, 2.169999999999999900 ) ) ;
#1744 = AXIS2_PLACEMENT_3D ( 'NONE', #10970, #5860, #10811 ) ;
#1745 = EDGE_CURVE ( 'NONE', #3146, #4898, #8838, .T. ) ;
#1746 = LINE ( 'NONE', #6679, #7276 ) ;
#1747 = ORIENTED_EDGE ( 'NONE', *, *, #1359, .T. ) ;
#1748 = CARTESIAN_POINT ( 'NONE',  ( 1.770000000000001600, 2.120848074029412900, 2.121949358009804300 ) ) ;
#1749 = CYLINDRICAL_SURFACE ( 'NONE', #4398, 0.2035000000000004300 ) ;
#1750 = DIRECTION ( 'NONE',  ( -1.206113904487533100E-016, 1.000000000000000000, 0.0000000000000000000 ) ) ;
#1751 = CARTESIAN_POINT ( 'NONE',  ( -1.081000000000000400, 1.772999999999999900, 0.1200000000000000900 ) ) ;
#1752 = CARTESIAN_POINT ( 'NONE',  ( 1.726999999999999400, -1.619499999999999500, 1.564999999999999700 ) ) ;
#1753 = CARTESIAN_POINT ( 'NONE',  ( -1.089749999999999800, -2.027999999999999100, 0.1200000000000000900 ) ) ;
#1754 = CARTESIAN_POINT ( 'NONE',  ( -1.081000000000000400, -1.926500000000000300, 1.639999999999999900 ) ) ;
#1755 = AXIS2_PLACEMENT_3D ( 'NONE', #9813, #10698, #10068 ) ;
#1756 = AXIS2_PLACEMENT_3D ( 'NONE', #426, #3009, #3854 ) ;
#1757 = VECTOR ( 'NONE', #2779, 39.37007874015748100 ) ;
#1758 = EDGE_CURVE ( 'NONE', #2865, #7676, #4032, .T. ) ;
#1759 = LINE ( 'NONE', #6641, #10553 ) ;
#1760 = DIRECTION ( 'NONE',  ( -0.0000000000000000000, -0.0000000000000000000, 1.000000000000000000 ) ) ;
#1761 = DIRECTION ( 'NONE',  ( -0.0000000000000000000, -0.0000000000000000000, 1.000000000000000000 ) ) ;
#1762 = DIRECTION ( 'NONE',  ( -0.0000000000000000000, -0.0000000000000000000, 1.000000000000000000 ) ) ;
#1763 = DIRECTION ( 'NONE',  ( -1.000000000000000000, 0.0000000000000000000, 0.0000000000000000000 ) ) ;
#1764 = CIRCLE ( 'NONE', #9836, 0.1035000000000005500 ) ;
#1765 = DIRECTION ( 'NONE',  ( -0.0000000000000000000, -0.0000000000000000000, -1.000000000000000000 ) ) ;
#1766 = VECTOR ( 'NONE', #8907, 39.37007874015748100 ) ;
#1767 = AXIS2_PLACEMENT_3D ( 'NONE', #10022, #734, #4021 ) ;
#1768 = ORIENTED_EDGE ( 'NONE', *, *, #2022, .T. ) ;
#1769 = AXIS2_PLACEMENT_3D ( 'NONE', #494, #2292, #7338 ) ;
#1770 = EDGE_CURVE ( 'NONE', #5176, #4592, #10695, .T. ) ;
#1771 = CARTESIAN_POINT ( 'NONE',  ( 0.7070000000000014100, 1.926500000000000300, 1.540000000000000000 ) ) ;
#1772 = ADVANCED_FACE ( 'NONE', ( #5496 ), #10839, .T. ) ;
#1773 = FACE_OUTER_BOUND ( 'NONE', #3180, .T. ) ;
#1774 = ORIENTED_EDGE ( 'NONE', *, *, #4158, .F. ) ;
#1775 = CYLINDRICAL_SURFACE ( 'NONE', #2878, 0.1441519259705861500 ) ;
#1776 = ORIENTED_EDGE ( 'NONE', *, *, #5059, .T. ) ;
#1777 = DIRECTION ( 'NONE',  ( -1.000000000000000000, 0.0000000000000000000, 0.0000000000000000000 ) ) ;
#1778 = ORIENTED_EDGE ( 'NONE', *, *, #1150, .F. ) ;
#1779 = DIRECTION ( 'NONE',  ( -0.0000000000000000000, -0.0000000000000000000, -1.000000000000000000 ) ) ;
#1780 = AXIS2_PLACEMENT_3D ( 'NONE', #7920, #8816, #334 ) ;
#1781 = VERTEX_POINT ( 'NONE', #301 ) ;
#1782 = CARTESIAN_POINT ( 'NONE',  ( 0.7070000000000014100, 2.221999999999998600, 1.564999999999999700 ) ) ;
#1783 = CIRCLE ( 'NONE', #1682, 0.3204999999999985100 ) ;
#1784 = CARTESIAN_POINT ( 'NONE',  ( -0.7070000000000014100, 1.926500000000000300, 1.540000000000000000 ) ) ;
#1785 = VECTOR ( 'NONE', #1976, 39.37007874015748100 ) ;
#1786 = ORIENTED_EDGE ( 'NONE', *, *, #6564, .F. ) ;
#1787 = DIRECTION ( 'NONE',  ( -1.000000000000000000, 0.0000000000000000000, 0.0000000000000000000 ) ) ;
#1788 = ORIENTED_EDGE ( 'NONE', *, *, #8006, .T. ) ;
#1789 = CIRCLE ( 'NONE', #4698, 0.1574999999999998900 ) ;
#1790 = EDGE_LOOP ( 'NONE', ( #6939, #3101, #1810, #1199 ) ) ;
#1791 = DIRECTION ( 'NONE',  ( -1.000000000000000000, 0.0000000000000000000, 0.0000000000000000000 ) ) ;
#1792 = LINE ( 'NONE', #1637, #891 ) ;
#1793 = VECTOR ( 'NONE', #360, 39.37007874015748100 ) ;
#1794 = VERTEX_POINT ( 'NONE', #8933 ) ;
#1795 = CARTESIAN_POINT ( 'NONE',  ( 0.7070000000000014100, 1.926500000000000300, 1.630000000000000100 ) ) ;
#1796 = DIRECTION ( 'NONE',  ( -0.0000000000000000000, -0.0000000000000000000, 1.000000000000000000 ) ) ;
#1797 = ORIENTED_EDGE ( 'NONE', *, *, #10192, .F. ) ;
#1798 = EDGE_CURVE ( 'NONE', #6355, #7319, #10165, .T. ) ;
#1799 = EDGE_CURVE ( 'NONE', #248, #4630, #3227, .T. ) ;
#1800 = CARTESIAN_POINT ( 'NONE',  ( 1.770000000000001600, 2.216949358009803600, 0.0000000000000000000 ) ) ;
#1801 = ORIENTED_EDGE ( 'NONE', *, *, #2175, .T. ) ;
#1802 = LINE ( 'NONE', #9431, #91 ) ;
#1803 = FACE_OUTER_BOUND ( 'NONE', #3157, .T. ) ;
#1804 = VERTEX_POINT ( 'NONE', #8265 ) ;
#1805 = CARTESIAN_POINT ( 'NONE',  ( 0.7070000000000014100, -2.146999999999998900, 1.630000000000000100 ) ) ;
#1806 = LINE ( 'NONE', #1599, #10601 ) ;
#1807 = CARTESIAN_POINT ( 'NONE',  ( -1.625848074029413200, 2.216949358009803600, 2.121949358009804300 ) ) ;
#1808 = ORIENTED_EDGE ( 'NONE', *, *, #10271, .T. ) ;
#1809 = DIRECTION ( 'NONE',  ( 1.000000000000000000, 0.0000000000000000000, 0.0000000000000000000 ) ) ;
#1810 = ORIENTED_EDGE ( 'NONE', *, *, #7095, .T. ) ;
#1811 = ORIENTED_EDGE ( 'NONE', *, *, #9037, .T. ) ;
#1812 = ORIENTED_EDGE ( 'NONE', *, *, #7621, .T. ) ;
#1813 = AXIS2_PLACEMENT_3D ( 'NONE', #3470, #4330, #171 ) ;
#1814 = CARTESIAN_POINT ( 'NONE',  ( 0.7070000000000014100, 2.221999999999998600, 1.540000000000000000 ) ) ;
#1815 = LINE ( 'NONE', #3223, #3413 ) ;
#1816 = AXIS2_PLACEMENT_3D ( 'NONE', #278, #10429, #10463 ) ;
#1817 = DIRECTION ( 'NONE',  ( -0.0000000000000000000, -0.0000000000000000000, -1.000000000000000000 ) ) ;
#1818 = EDGE_CURVE ( 'NONE', #4206, #9001, #3618, .T. ) ;
#1819 = VECTOR ( 'NONE', #11033, 39.37007874015748100 ) ;
#1820 = CARTESIAN_POINT ( 'NONE',  ( -1.538000000000000500, -2.027999999999999600, 2.169999999999999900 ) ) ;
#1821 = CARTESIAN_POINT ( 'NONE',  ( 1.447610603195933500, 2.144559027730145000, 2.004999999999999400 ) ) ;
#1822 = ORIENTED_EDGE ( 'NONE', *, *, #5354, .F. ) ;
#1823 = DIRECTION ( 'NONE',  ( -1.000000000000000000, 0.0000000000000000000, 0.0000000000000000000 ) ) ;
#1824 = VERTEX_POINT ( 'NONE', #5636 ) ;
#1825 = ORIENTED_EDGE ( 'NONE', *, *, #996, .T. ) ;
#1826 = ORIENTED_EDGE ( 'NONE', *, *, #1217, .T. ) ;
#1827 = VECTOR ( 'NONE', #6671, 39.37007874015748100 ) ;
#1828 = ADVANCED_FACE ( 'NONE', ( #9772 ), #8571, .T. ) ;
#1829 = DIRECTION ( 'NONE',  ( 0.0000000000000000000, 0.0000000000000000000, -1.000000000000000000 ) ) ;
#1830 = CIRCLE ( 'NONE', #6934, 0.1441519259705861500 ) ;
#1831 = CARTESIAN_POINT ( 'NONE',  ( -1.608132083511383300, 1.946527668117621600, 2.044999999999999500 ) ) ;
#1832 = ORIENTED_EDGE ( 'NONE', *, *, #8956, .F. ) ;
#1833 = AXIS2_PLACEMENT_3D ( 'NONE', #7290, #9959, #9815 ) ;
#1834 = AXIS2_PLACEMENT_3D ( 'NONE', #9888, #9970, #7397 ) ;
#1835 = DIRECTION ( 'NONE',  ( -1.000000000000000000, 0.0000000000000000000, 0.0000000000000000000 ) ) ;
#1836 = EDGE_CURVE ( 'NONE', #5777, #6369, #10033, .T. ) ;
#1837 = DIRECTION ( 'NONE',  ( -0.0000000000000000000, -0.0000000000000000000, -1.000000000000000000 ) ) ;
#1838 = ORIENTED_EDGE ( 'NONE', *, *, #10026, .F. ) ;
#1839 = DIRECTION ( 'NONE',  ( -1.000000000000000000, 0.0000000000000000000, 0.0000000000000000000 ) ) ;
#1840 = ORIENTED_EDGE ( 'NONE', *, *, #1512, .F. ) ;
#1841 = CARTESIAN_POINT ( 'NONE',  ( 1.498499999999999100, -1.619499999999999500, 1.639999999999999900 ) ) ;
#1842 = ORIENTED_EDGE ( 'NONE', *, *, #6689, .T. ) ;
#1843 = VECTOR ( 'NONE', #8792, 39.37007874015748100 ) ;
#1844 = ORIENTED_EDGE ( 'NONE', *, *, #10522, .F. ) ;
#1845 = CYLINDRICAL_SURFACE ( 'NONE', #10338, 0.07874015748031476500 ) ;
#1846 = DIRECTION ( 'NONE',  ( 1.000000000000000000, 0.0000000000000000000, -0.0000000000000000000 ) ) ;
#1847 = ORIENTED_EDGE ( 'NONE', *, *, #5311, .F. ) ;
#1848 = ADVANCED_FACE ( 'NONE', ( #8966 ), #2222, .F. ) ;
#1849 = CARTESIAN_POINT ( 'NONE',  ( 0.7070000000000014100, -1.926500000000000300, 1.605000000000000000 ) ) ;
#1850 = DIRECTION ( 'NONE',  ( -1.000000000000000000, 0.0000000000000000000, 0.0000000000000000000 ) ) ;
#1851 = VERTEX_POINT ( 'NONE', #4785 ) ;
#1852 = AXIS2_PLACEMENT_3D ( 'NONE', #8541, #4278, #7713 ) ;
#1853 = ORIENTED_EDGE ( 'NONE', *, *, #5313, .F. ) ;
#1854 = LINE ( 'NONE', #9951, #5315 ) ;
#1855 = DIRECTION ( 'NONE',  ( 0.0000000000000000000, 0.0000000000000000000, 1.000000000000000000 ) ) ;
#1856 = EDGE_LOOP ( 'NONE', ( #4307, #8102, #7812, #2973 ) ) ;
#1857 = VECTOR ( 'NONE', #4934, 39.37007874015748100 ) ;
#1858 = VERTEX_POINT ( 'NONE', #1452 ) ;
#1859 = CARTESIAN_POINT ( 'NONE',  ( 1.625848074029415400, 2.120848074029412900, 1.614999999999999800 ) ) ;
#1860 = CARTESIAN_POINT ( 'NONE',  ( 1.538000000000000500, -2.027999999999999600, 1.580000000000000100 ) ) ;
#1861 = DIRECTION ( 'NONE',  ( 0.0000000000000000000, -1.000000000000000000, 0.0000000000000000000 ) ) ;
#1862 = ORIENTED_EDGE ( 'NONE', *, *, #9385, .T. ) ;
#1863 = ORIENTED_EDGE ( 'NONE', *, *, #6668, .F. ) ;
#1864 = CARTESIAN_POINT ( 'NONE',  ( -1.081000000000000400, -1.890999999999999800, -0.3943848084544492900 ) ) ;
#1865 = DIRECTION ( 'NONE',  ( 0.0000000000000000000, 0.0000000000000000000, -1.000000000000000000 ) ) ;
#1866 = CYLINDRICAL_SURFACE ( 'NONE', #498, 0.2704999999999984600 ) ;
#1867 = EDGE_CURVE ( 'NONE', #6225, #3556, #8434, .T. ) ;
#1868 = CARTESIAN_POINT ( 'NONE',  ( 1.081000000000000400, 1.926500000000000300, 0.1200000000000000900 ) ) ;
#1869 = CARTESIAN_POINT ( 'NONE',  ( -1.081000000000000400, 1.890999999999999800, 0.1200000000000000900 ) ) ;
#1870 = VERTEX_POINT ( 'NONE', #531 ) ;
#1871 = VECTOR ( 'NONE', #5785, 39.37007874015748100 ) ;
#1872 = CARTESIAN_POINT ( 'NONE',  ( 1.498499999999999100, 1.619499999999999500, 1.630000000000000100 ) ) ;
#1873 = CARTESIAN_POINT ( 'NONE',  ( -1.498499999999999100, -1.873000000000000000, 1.639999999999999900 ) ) ;
#1874 = DIRECTION ( 'NONE',  ( 0.0000000000000000000, 0.0000000000000000000, -1.000000000000000000 ) ) ;
#1875 = FACE_OUTER_BOUND ( 'NONE', #4472, .T. ) ;
#1876 = AXIS2_PLACEMENT_3D ( 'NONE', #6908, #38, #8495 ) ;
#1877 = VERTEX_POINT ( 'NONE', #9108 ) ;
#1878 = LINE ( 'NONE', #9609, #9497 ) ;
#1879 = EDGE_CURVE ( 'NONE', #2837, #6407, #6169, .T. ) ;
#1880 = EDGE_CURVE ( 'NONE', #7325, #2567, #2167, .T. ) ;
#1881 = ADVANCED_FACE ( 'NONE', ( #1773 ), #3739, .F. ) ;
#1882 = EDGE_CURVE ( 'NONE', #9375, #6752, #4161, .T. ) ;
#1883 = DIRECTION ( 'NONE',  ( 0.5000000000000024400, 0.8660254037844371500, 0.0000000000000000000 ) ) ;
#1884 = DIRECTION ( 'NONE',  ( 0.0000000000000000000, 0.0000000000000000000, -1.000000000000000000 ) ) ;
#1885 = CYLINDRICAL_SURFACE ( 'NONE', #7901, 0.009999999999999892700 ) ;
#1886 = LOCAL_TIME ( 17, 53, 27.00000000000000000, #5090 ) ;
#1887 = DIRECTION ( 'NONE',  ( -0.0000000000000000000, -0.0000000000000000000, -1.000000000000000000 ) ) ;
#1888 = DIRECTION ( 'NONE',  ( 1.000000000000000000, 0.0000000000000000000, -0.0000000000000000000 ) ) ;
#1889 = CARTESIAN_POINT ( 'NONE',  ( 1.625848074029415400, 2.216949358009803600, 2.169999999999999900 ) ) ;
#1890 = AXIS2_PLACEMENT_3D ( 'NONE', #8511, #9593, #6924 ) ;
#1891 = ADVANCED_FACE ( 'NONE', ( #6025 ), #307, .T. ) ;
#1892 = AXIS2_PLACEMENT_3D ( 'NONE', #8944, #6494, #8973 ) ;
#1893 = EDGE_CURVE ( 'NONE', #684, #7702, #4022, .T. ) ;
#1894 = FACE_OUTER_BOUND ( 'NONE', #6376, .T. ) ;
#1895 = CARTESIAN_POINT ( 'NONE',  ( -1.380499999999999800, 2.027999999999999600, 1.919999999999999700 ) ) ;
#1896 = FACE_OUTER_BOUND ( 'NONE', #7308, .T. ) ;
#1897 = CARTESIAN_POINT ( 'NONE',  ( 1.685499999999999800, 2.027999999999999100, 1.919999999999999700 ) ) ;
#1898 = CARTESIAN_POINT ( 'NONE',  ( 1.409987305317013300, 1.890999999999998200, 1.580000000000000100 ) ) ;
#1899 = EDGE_LOOP ( 'NONE', ( #10062, #6893, #1518, #391 ) ) ;
#1900 = CARTESIAN_POINT ( 'NONE',  ( 1.701999999999999500, -1.619499999999999500, 1.564999999999999700 ) ) ;
#1901 = DIRECTION ( 'NONE',  ( 0.0000000000000000000, 0.0000000000000000000, -1.000000000000000000 ) ) ;
#1902 = DIRECTION ( 'NONE',  ( -1.000000000000000000, 0.0000000000000000000, 0.0000000000000000000 ) ) ;
#1903 = DIRECTION ( 'NONE',  ( 1.000000000000000000, 0.0000000000000000000, 0.0000000000000000000 ) ) ;
#1904 = LINE ( 'NONE', #9582, #2176 ) ;
#1905 = AXIS2_PLACEMENT_3D ( 'NONE', #4214, #6810, #8512 ) ;
#1906 = ORIENTED_EDGE ( 'NONE', *, *, #9964, .F. ) ;
#1907 = CIRCLE ( 'NONE', #2797, 0.2535000000000004500 ) ;
#1908 = ORIENTED_EDGE ( 'NONE', *, *, #10547, .F. ) ;
#1909 = EDGE_CURVE ( 'NONE', #1427, #5711, #8563, .T. ) ;
#1910 = CARTESIAN_POINT ( 'NONE',  ( -1.701999999999999500, -1.619499999999999500, 1.540000000000000000 ) ) ;
#1911 = ORIENTED_EDGE ( 'NONE', *, *, #1799, .F. ) ;
#1912 = EDGE_LOOP ( 'NONE', ( #6228, #7657, #2369, #9792 ) ) ;
#1913 = DIRECTION ( 'NONE',  ( 0.0000000000000000000, 0.0000000000000000000, 1.000000000000000000 ) ) ;
#1914 = CARTESIAN_POINT ( 'NONE',  ( 1.578751680338436900, 1.917416019160021600, 2.043987979976839700 ) ) ;
#1915 = VERTEX_POINT ( 'NONE', #488 ) ;
#1916 = VECTOR ( 'NONE', #110, 39.37007874015748100 ) ;
#1917 = VECTOR ( 'NONE', #1222, 39.37007874015748100 ) ;
#1918 = ORIENTED_EDGE ( 'NONE', *, *, #10286, .F. ) ;
#1919 = ADVANCED_FACE ( 'NONE', ( #589 ), #5761, .F. ) ;
#1920 = CARTESIAN_POINT ( 'NONE',  ( -1.498499999999999100, -1.619499999999999500, 1.564999999999999700 ) ) ;
#1921 = VECTOR ( 'NONE', #5553, 39.37007874015748100 ) ;
#1922 = ORIENTED_EDGE ( 'NONE', *, *, #8536, .F. ) ;
#1923 = DIRECTION ( 'NONE',  ( -1.000000000000000000, 0.0000000000000000000, 0.0000000000000000000 ) ) ;
#1924 = DIRECTION ( 'NONE',  ( -1.000000000000000000, 0.0000000000000000000, 0.0000000000000000000 ) ) ;
#1925 = EDGE_CURVE ( 'NONE', #5914, #5200, #1246, .T. ) ;
#1926 = VECTOR ( 'NONE', #2028, 39.37007874015748100 ) ;
#1927 = ORIENTED_EDGE ( 'NONE', *, *, #4013, .F. ) ;
#1928 = CYLINDRICAL_SURFACE ( 'NONE', #3222, 0.1441519259705861500 ) ;
#1929 = CARTESIAN_POINT ( 'NONE',  ( -1.625848074029412800, -2.255000000000002100, 1.605000000000000000 ) ) ;
#1930 = EDGE_CURVE ( 'NONE', #10617, #680, #4418, .T. ) ;
#1931 = CIRCLE ( 'NONE', #8359, 0.1535000000000005500 ) ;
#1932 = ORIENTED_EDGE ( 'NONE', *, *, #22, .T. ) ;
#1933 = LINE ( 'NONE', #8530, #2852 ) ;
#1934 = ADVANCED_FACE ( 'NONE', ( #7367 ), #3477, .F. ) ;
#1935 = ORIENTED_EDGE ( 'NONE', *, *, #986, .T. ) ;
#1936 = DIRECTION ( 'NONE',  ( 1.000000000000000000, 0.0000000000000000000, -0.0000000000000000000 ) ) ;
#1937 = DIRECTION ( 'NONE',  ( 0.8660254037844372600, 0.5000000000000024400, 0.0000000000000000000 ) ) ;
#1938 = ORIENTED_EDGE ( 'NONE', *, *, #2250, .F. ) ;
#1939 = EDGE_LOOP ( 'NONE', ( #4342, #9940 ) ) ;
#1940 = ORIENTED_EDGE ( 'NONE', *, *, #8167, .T. ) ;
#1941 = CARTESIAN_POINT ( 'NONE',  ( -1.651999999999999500, 1.619499999999999500, 0.1200000000000000900 ) ) ;
#1942 = LINE ( 'NONE', #5859, #5818 ) ;
#1943 = CARTESIAN_POINT ( 'NONE',  ( -0.9774999999999999200, 1.926500000000000300, 1.639999999999999900 ) ) ;
#1944 = ORIENTED_EDGE ( 'NONE', *, *, #6968, .F. ) ;
#1945 = CARTESIAN_POINT ( 'NONE',  ( 1.081000000000000400, 1.926500000000000300, 0.1200000000000000900 ) ) ;
#1946 = FACE_OUTER_BOUND ( 'NONE', #10488, .T. ) ;
#1947 = EDGE_CURVE ( 'NONE', #2084, #3662, #1764, .T. ) ;
#1948 = EDGE_CURVE ( 'NONE', #7035, #9426, #9763, .T. ) ;
#1949 = AXIS2_PLACEMENT_3D ( 'NONE', #7628, #10143, #3377 ) ;
#1950 = ORIENTED_EDGE ( 'NONE', *, *, #707, .F. ) ;
#1951 = EDGE_CURVE ( 'NONE', #1681, #7040, #5096, .T. ) ;
#1952 = ORIENTED_EDGE ( 'NONE', *, *, #4538, .T. ) ;
#1953 = EDGE_LOOP ( 'NONE', ( #9199, #532, #4566, #6883 ) ) ;
#1954 = ADVANCED_FACE ( 'NONE', ( #10556 ), #3293, .F. ) ;
#1955 = ORIENTED_EDGE ( 'NONE', *, *, #8439, .T. ) ;
#1956 = CARTESIAN_POINT ( 'NONE',  ( -1.751999999999999600, -1.619499999999999500, 1.564999999999999700 ) ) ;
#1957 = CARTESIAN_POINT ( 'NONE',  ( 1.370500000000000100, 2.027999999999999100, 2.159999999999999700 ) ) ;
#1958 = CIRCLE ( 'NONE', #4601, 0.1035000000000005500 ) ;
#1959 = DIRECTION ( 'NONE',  ( 0.0000000000000000000, -1.000000000000000000, 0.0000000000000000000 ) ) ;
#1960 = TOROIDAL_SURFACE ( 'NONE', #7007, 0.2954999999999984900, 0.02500000000000000100 ) ;
#1961 = DIRECTION ( 'NONE',  ( 0.0000000000000000000, 0.0000000000000000000, -1.000000000000000000 ) ) ;
#1962 = CARTESIAN_POINT ( 'NONE',  ( -0.7070000000000014100, 1.926500000000000300, 2.050000000000000300 ) ) ;
#1963 = VERTEX_POINT ( 'NONE', #2405 ) ;
#1964 = VERTEX_POINT ( 'NONE', #7589 ) ;
#1965 = AXIS2_PLACEMENT_3D ( 'NONE', #2062, #10525, #3617 ) ;
#1966 = ORIENTED_EDGE ( 'NONE', *, *, #6877, .F. ) ;
#1967 = AXIS2_PLACEMENT_3D ( 'NONE', #3942, #8280, #9062 ) ;
#1968 = DIRECTION ( 'NONE',  ( 1.000000000000000000, 0.0000000000000000000, 0.0000000000000000000 ) ) ;
#1969 = EDGE_CURVE ( 'NONE', #1285, #5830, #2952, .T. ) ;
#1970 = VERTEX_POINT ( 'NONE', #9149 ) ;
#1971 = CIRCLE ( 'NONE', #4680, 0.02499999999999987000 ) ;
#1973 = CARTESIAN_POINT ( 'NONE',  ( 1.625848074029415400, -2.255000000000000800, 1.605000000000000000 ) ) ;
#1972 = CARTESIAN_POINT ( 'NONE',  ( 1.625848074029415400, -2.265000000000001000, 2.121949358009804300 ) ) ;
#1974 = CYLINDRICAL_SURFACE ( 'NONE', #4043, 0.2035000000000004300 ) ;
#1975 = CARTESIAN_POINT ( 'NONE',  ( 1.538000000000000500, -2.027999999999999100, 2.044999999999999500 ) ) ;
#1976 = DIRECTION ( 'NONE',  ( -1.000000000000000000, -3.086833891146059900E-016, 0.0000000000000000000 ) ) ;
#1977 = EDGE_LOOP ( 'NONE', ( #2575, #5414 ) ) ;
#1978 = VERTEX_POINT ( 'NONE', #10868 ) ;
#1979 = CARTESIAN_POINT ( 'NONE',  ( -1.685499999999999800, 2.027999999999999100, 1.919999999999999700 ) ) ;
#1980 = VERTEX_POINT ( 'NONE', #1604 ) ;
#1981 = VECTOR ( 'NONE', #6453, 39.37007874015748100 ) ;
#1982 = AXIS2_PLACEMENT_3D ( 'NONE', #1860, #6950, #9506 ) ;
#1983 = VERTEX_POINT ( 'NONE', #10036 ) ;
#1984 = VECTOR ( 'NONE', #9855, 39.37007874015748100 ) ;
#1985 = AXIS2_PLACEMENT_3D ( 'NONE', #331, #6283, #4635 ) ;
#1986 = EDGE_CURVE ( 'NONE', #4630, #3054, #10293, .T. ) ;
#1987 = DIRECTION ( 'NONE',  ( 0.5000000000000024400, -0.8660254037844371500, 0.0000000000000000000 ) ) ;
#1988 = ORIENTED_EDGE ( 'NONE', *, *, #3113, .F. ) ;
#1989 = DIRECTION ( 'NONE',  ( 0.0000000000000000000, -0.0000000000000000000, 1.000000000000000000 ) ) ;
#1990 = CARTESIAN_POINT ( 'NONE',  ( -1.498499999999999100, 1.873000000000000000, 1.639999999999999900 ) ) ;
#1991 = ORIENTED_EDGE ( 'NONE', *, *, #9097, .T. ) ;
#1992 = ORIENTED_EDGE ( 'NONE', *, *, #8263, .T. ) ;
#1993 = LINE ( 'NONE', #6344, #8404 ) ;
#1994 = CARTESIAN_POINT ( 'NONE',  ( 1.081000000000000400, 1.926500000000000300, 1.639999999999999900 ) ) ;
#1995 = DIRECTION ( 'NONE',  ( 0.0000000000000000000, 0.0000000000000000000, 1.000000000000000000 ) ) ;
#1996 = ADVANCED_FACE ( 'NONE', ( #6979 ), #5757, .F. ) ;
#1997 = AXIS2_PLACEMENT_3D ( 'NONE', #5868, #6084, #1687 ) ;
#1998 = DIRECTION ( 'NONE',  ( 0.0000000000000000000, 0.0000000000000000000, -1.000000000000000000 ) ) ;
#1999 = ORIENTED_EDGE ( 'NONE', *, *, #7222, .F. ) ;
#2000 = DIRECTION ( 'NONE',  ( -1.000000000000000000, 0.0000000000000000000, 0.0000000000000000000 ) ) ;
#2001 = FACE_OUTER_BOUND ( 'NONE', #7808, .T. ) ;
#2002 = DIRECTION ( 'NONE',  ( 0.0000000000000000000, 0.0000000000000000000, 1.000000000000000000 ) ) ;
#2003 = CARTESIAN_POINT ( 'NONE',  ( -1.751999999999999600, -1.619499999999999500, 1.564999999999999700 ) ) ;
#2004 = DIRECTION ( 'NONE',  ( -1.000000000000000000, 0.0000000000000000000, 0.0000000000000000000 ) ) ;
#2005 = DIRECTION ( 'NONE',  ( -1.000000000000000000, 0.0000000000000000000, 0.0000000000000000000 ) ) ;
#2006 = CARTESIAN_POINT ( 'NONE',  ( -1.769999999999999400, 2.216949358009803600, 2.121949358009804300 ) ) ;
#2007 = LINE ( 'NONE', #372, #710 ) ;
#2008 = DIRECTION ( 'NONE',  ( 1.000000000000000000, -1.456985596620939600E-015, 0.0000000000000000000 ) ) ;
#2009 = EDGE_LOOP ( 'NONE', ( #2491, #10208, #4849, #6770 ) ) ;
#2010 = LINE ( 'NONE', #6004, #6281 ) ;
#2011 = DIRECTION ( 'NONE',  ( -0.0000000000000000000, -0.0000000000000000000, -1.000000000000000000 ) ) ;
#2012 = EDGE_CURVE ( 'NONE', #1659, #962, #9372, .T. ) ;
#2013 = EDGE_CURVE ( 'NONE', #10028, #4517, #2293, .T. ) ;
#2014 = CARTESIAN_POINT ( 'NONE',  ( 1.081000000000000400, -1.772999999999999900, 1.630000000000000100 ) ) ;
#2015 = AXIS2_PLACEMENT_3D ( 'NONE', #6265, #347, #4503 ) ;
#2016 = CARTESIAN_POINT ( 'NONE',  ( 0.7070000000000014100, 2.196999999999998700, 1.639999999999999900 ) ) ;
#2017 = CIRCLE ( 'NONE', #8053, 0.2035000000000004300 ) ;
#2018 = DIRECTION ( 'NONE',  ( -1.000000000000000000, 0.0000000000000000000, 0.0000000000000000000 ) ) ;
#2019 = LOCAL_TIME ( 17, 53, 27.00000000000000000, #4281 ) ;
#2020 = DIRECTION ( 'NONE',  ( -1.000000000000000000, 0.0000000000000000000, 0.0000000000000000000 ) ) ;
#2021 = DIRECTION ( 'NONE',  ( 0.0000000000000000000, 0.0000000000000000000, 1.000000000000000000 ) ) ;
#2022 = EDGE_CURVE ( 'NONE', #9496, #1915, #5488, .T. ) ;
#2023 = CARTESIAN_POINT ( 'NONE',  ( -1.538000000000000500, 2.027999999999999100, 1.919999999999999700 ) ) ;
#2024 = CIRCLE ( 'NONE', #10742, 0.2704999999999985200 ) ;
#2025 = EDGE_CURVE ( 'NONE', #6752, #7676, #9096, .T. ) ;
#2026 = CIRCLE ( 'NONE', #4438, 0.05849999999999993400 ) ;
#2027 = DIRECTION ( 'NONE',  ( 0.0000000000000000000, 0.0000000000000000000, -1.000000000000000000 ) ) ;
#2028 = DIRECTION ( 'NONE',  ( -0.0000000000000000000, -0.0000000000000000000, -1.000000000000000000 ) ) ;
#2029 = ORIENTED_EDGE ( 'NONE', *, *, #4510, .T. ) ;
#2030 = ADVANCED_FACE ( 'NONE', ( #719, #8295 ), #5874, .T. ) ;
#2031 = CARTESIAN_POINT ( 'NONE',  ( 1.770000000000001600, -2.120848074029415100, 2.169999999999999900 ) ) ;
#2032 = DIRECTION ( 'NONE',  ( 0.0000000000000000000, 0.0000000000000000000, 1.000000000000000000 ) ) ;
#2033 = LINE ( 'NONE', #10561, #3488 ) ;
#2034 = DIRECTION ( 'NONE',  ( 0.0000000000000000000, -1.000000000000000000, 0.0000000000000000000 ) ) ;
#2035 = EDGE_LOOP ( 'NONE', ( #8839, #8096, #7128, #1213 ) ) ;
#2036 = FACE_BOUND ( 'NONE', #3192, .T. ) ;
#2037 = CIRCLE ( 'NONE', #6248, 0.07850000000000040300 ) ;
#2038 = DIRECTION ( 'NONE',  ( -1.000000000000000000, 0.0000000000000000000, 0.0000000000000000000 ) ) ;
#2039 = ORIENTED_EDGE ( 'NONE', *, *, #5310, .T. ) ;
#2040 = DIRECTION ( 'NONE',  ( -1.000000000000000000, 0.0000000000000000000, 0.0000000000000000000 ) ) ;
#2041 = AXIS2_PLACEMENT_3D ( 'NONE', #8130, #3936, #9090 ) ;
#2042 = ORIENTED_EDGE ( 'NONE', *, *, #5170, .F. ) ;
#2043 = DIRECTION ( 'NONE',  ( -1.000000000000000000, 0.0000000000000000000, 0.0000000000000000000 ) ) ;
#2044 = ADVANCED_FACE ( 'NONE', ( #5356 ), #5477, .F. ) ;
#2045 = DIRECTION ( 'NONE',  ( 0.0000000000000000000, 0.0000000000000000000, 1.000000000000000000 ) ) ;
#2046 = ORIENTED_EDGE ( 'NONE', *, *, #386, .F. ) ;
#2047 = VERTEX_POINT ( 'NONE', #10985 ) ;
#2048 = CARTESIAN_POINT ( 'NONE',  ( 0.7070000000000014100, -1.926500000000000300, 1.639999999999999900 ) ) ;
#2049 = LINE ( 'NONE', #2003, #8585 ) ;
#2050 = VECTOR ( 'NONE', #8753, 39.37007874015748100 ) ;
#2051 = ORIENTED_EDGE ( 'NONE', *, *, #7483, .F. ) ;
#2052 = CARTESIAN_POINT ( 'NONE',  ( 1.538000000000000500, 2.027999999999999100, 1.605000000000000000 ) ) ;
#2053 = ORIENTED_EDGE ( 'NONE', *, *, #4359, .T. ) ;
#2054 = CARTESIAN_POINT ( 'NONE',  ( -0.7070000000000014100, -1.926500000000000300, 0.1200000000000000900 ) ) ;
#2055 = AXIS2_PLACEMENT_3D ( 'NONE', #4553, #9716, #6319 ) ;
#2056 = EDGE_CURVE ( 'NONE', #9671, #6303, #854, .T. ) ;
#2057 = FACE_OUTER_BOUND ( 'NONE', #9646, .T. ) ;
#2058 = ORIENTED_EDGE ( 'NONE', *, *, #9964, .T. ) ;
#2059 = VECTOR ( 'NONE', #6739, 39.37007874015748100 ) ;
#2060 = CYLINDRICAL_SURFACE ( 'NONE', #7924, 0.2704999999999984600 ) ;
#2061 = EDGE_LOOP ( 'NONE', ( #3664, #8861 ) ) ;
#2062 = CARTESIAN_POINT ( 'NONE',  ( -0.7070000000000014100, 1.926500000000000300, 1.630000000000000100 ) ) ;
#2063 = AXIS2_PLACEMENT_3D ( 'NONE', #2921, #4623, #8919 ) ;
#2064 = CARTESIAN_POINT ( 'NONE',  ( -1.538000000000000500, -2.027999999999999100, 2.044999999999999500 ) ) ;
#2065 = ORIENTED_EDGE ( 'NONE', *, *, #1200, .F. ) ;
#2066 = CARTESIAN_POINT ( 'NONE',  ( -1.538000000000000500, 2.027999999999999600, 1.919999999999999700 ) ) ;
#2067 = VERTEX_POINT ( 'NONE', #10743 ) ;
#2068 = FACE_OUTER_BOUND ( 'NONE', #5518, .T. ) ;
#2069 = FACE_OUTER_BOUND ( 'NONE', #5969, .T. ) ;
#2070 = ORIENTED_EDGE ( 'NONE', *, *, #965, .F. ) ;
#2071 = EDGE_CURVE ( 'NONE', #1269, #4057, #10025, .T. ) ;
#2072 = TOROIDAL_SURFACE ( 'NONE', #441, 0.1675000000000003400, 0.01000000000000000000 ) ;
#2073 = CARTESIAN_POINT ( 'NONE',  ( 1.625848074029415400, 2.264999999999998800, 2.169999999999999900 ) ) ;
#2074 = ORIENTED_EDGE ( 'NONE', *, *, #7296, .T. ) ;
#2075 = EDGE_CURVE ( 'NONE', #7841, #3900, #2155, .T. ) ;
#2076 = EDGE_LOOP ( 'NONE', ( #7269, #10171, #1552 ) ) ;
#2077 = EDGE_LOOP ( 'NONE', ( #8270, #5793, #4932, #9051, #1215, #1521, #9460, #9560, #1699, #5519, #7758, #1710, #3184, #2704, #10094, #10854, #3396, #6381, #774, #2546 ) ) ;
#2078 = ORIENTED_EDGE ( 'NONE', *, *, #10520, .F. ) ;
#2079 = CARTESIAN_POINT ( 'NONE',  ( -1.538000000000000500, -2.027999999999999600, 1.919999999999999700 ) ) ;
#2080 = CIRCLE ( 'NONE', #4120, 0.3204999999999984500 ) ;
#2081 = DIRECTION ( 'NONE',  ( 0.0000000000000000000, 0.0000000000000000000, -1.000000000000000000 ) ) ;
#2082 = CIRCLE ( 'NONE', #1162, 0.3384999999999984700 ) ;
#2083 = DIRECTION ( 'NONE',  ( -0.0000000000000000000, -0.0000000000000000000, 1.000000000000000000 ) ) ;
#2084 = VERTEX_POINT ( 'NONE', #3625 ) ;
#2085 = DIRECTION ( 'NONE',  ( -0.0000000000000000000, -0.0000000000000000000, -1.000000000000000000 ) ) ;
#2086 = ADVANCED_FACE ( 'NONE', ( #3085 ), #8029, .F. ) ;
#2087 = CARTESIAN_POINT ( 'NONE',  ( -1.498499999999999100, -1.873000000000000000, 1.540000000000000000 ) ) ;
#2088 = ORIENTED_EDGE ( 'NONE', *, *, #9013, .T. ) ;
#2089 = CARTESIAN_POINT ( 'NONE',  ( -1.398499999999999900, -1.515499999999999600, 0.1200000000000000900 ) ) ;
#2090 = EDGE_LOOP ( 'NONE', ( #6872, #6338, #10784, #2700 ) ) ;
#2091 = AXIS2_PLACEMENT_3D ( 'NONE', #86, #9331, #10204 ) ;
#2092 = ORIENTED_EDGE ( 'NONE', *, *, #10485, .F. ) ;
#2093 = EDGE_CURVE ( 'NONE', #4329, #3640, #6848, .T. ) ;
#2094 = LINE ( 'NONE', #8572, #9708 ) ;
#2095 = EDGE_CURVE ( 'NONE', #7510, #9579, #7501, .T. ) ;
#2096 = EDGE_CURVE ( 'NONE', #78, #4732, #4286, .T. ) ;
#2097 = FACE_OUTER_BOUND ( 'NONE', #3326, .T. ) ;
#2098 = ORIENTED_EDGE ( 'NONE', *, *, #7109, .F. ) ;
#2099 = CARTESIAN_POINT ( 'NONE',  ( -0.7070000000000014100, 2.221999999999998600, 1.564999999999999700 ) ) ;
#2100 = ORIENTED_EDGE ( 'NONE', *, *, #7385, .F. ) ;
#2101 = ORIENTED_EDGE ( 'NONE', *, *, #6011, .F. ) ;
#2102 = DIRECTION ( 'NONE',  ( -0.0000000000000000000, -0.0000000000000000000, -1.000000000000000000 ) ) ;
#2103 = ADVANCED_FACE ( 'NONE', ( #7755 ), #988, .F. ) ;
#2104 = VERTEX_POINT ( 'NONE', #1973 ) ;
#2105 = CARTESIAN_POINT ( 'NONE',  ( 0.7070000000000014100, 2.246999999999998600, 1.639999999999999900 ) ) ;
#2106 = LINE ( 'NONE', #10501, #2910 ) ;
#2107 = CARTESIAN_POINT ( 'NONE',  ( -1.751999999999999600, -1.619499999999999500, 1.605000000000000000 ) ) ;
#2108 = ORIENTED_EDGE ( 'NONE', *, *, #4890, .T. ) ;
#2109 = CIRCLE ( 'NONE', #9835, 0.009999999999999892700 ) ;
#2110 = ORIENTED_EDGE ( 'NONE', *, *, #10026, .T. ) ;
#2111 = AXIS2_PLACEMENT_3D ( 'NONE', #4052, #8422, #5033 ) ;
#2112 = AXIS2_PLACEMENT_3D ( 'NONE', #698, #9123, #4954 ) ;
#2113 = CARTESIAN_POINT ( 'NONE',  ( 1.089749999999999800, -2.027999999999999100, 0.0000000000000000000 ) ) ;
#2114 = EDGE_CURVE ( 'NONE', #8786, #5841, #4555, .T. ) ;
#2115 = VERTEX_POINT ( 'NONE', #10398 ) ;
#2117 = DIRECTION ( 'NONE',  ( -1.000000000000000000, 0.0000000000000000000, -0.0000000000000000000 ) ) ;
#2116 = CARTESIAN_POINT ( 'NONE',  ( -1.705500000000000700, 2.027999999999999600, 2.159999999999999700 ) ) ;
#2118 = DIRECTION ( 'NONE',  ( -0.0000000000000000000, -0.0000000000000000000, -1.000000000000000000 ) ) ;
#2119 = ORIENTED_EDGE ( 'NONE', *, *, #10818, .F. ) ;
#2120 = ORIENTED_EDGE ( 'NONE', *, *, #7384, .T. ) ;
#2121 = VECTOR ( 'NONE', #10167, 39.37007874015748100 ) ;
#2122 = CARTESIAN_POINT ( 'NONE',  ( -1.498499999999999100, 1.619499999999999500, 1.639999999999999900 ) ) ;
#2123 = VERTEX_POINT ( 'NONE', #187 ) ;
#2124 = DIRECTION ( 'NONE',  ( 0.0000000000000000000, 1.000000000000000000, 0.0000000000000000000 ) ) ;
#2125 = DIRECTION ( 'NONE',  ( 0.0000000000000000000, 0.0000000000000000000, 1.000000000000000000 ) ) ;
#2126 = AXIS2_PLACEMENT_3D ( 'NONE', #3485, #844, #6873 ) ;
#2127 = VERTEX_POINT ( 'NONE', #10361 ) ;
#2128 = VERTEX_POINT ( 'NONE', #5242 ) ;
#2129 = AXIS2_PLACEMENT_3D ( 'NONE', #796, #8414, #10040 ) ;
#2130 = DIRECTION ( 'NONE',  ( 1.000000000000000000, 0.0000000000000000000, 0.0000000000000000000 ) ) ;
#2131 = DIRECTION ( 'NONE',  ( -0.0000000000000000000, -0.0000000000000000000, 1.000000000000000000 ) ) ;
#2132 = FACE_OUTER_BOUND ( 'NONE', #948, .T. ) ;
#2133 = CARTESIAN_POINT ( 'NONE',  ( 1.498499999999999100, -1.619499999999999500, 1.639999999999999900 ) ) ;
#2134 = DIRECTION ( 'NONE',  ( 0.0000000000000000000, 0.0000000000000000000, 1.000000000000000000 ) ) ;
#2135 = CARTESIAN_POINT ( 'NONE',  ( -1.498499999999999100, -1.823000000000000000, 1.564999999999999700 ) ) ;
#2136 = DIRECTION ( 'NONE',  ( 0.0000000000000000000, 0.0000000000000000000, 1.000000000000000000 ) ) ;
#2137 = ORIENTED_EDGE ( 'NONE', *, *, #7092, .F. ) ;
#2138 = TOROIDAL_SURFACE ( 'NONE', #4173, 0.09610128398039072300, 0.04805064199019536800 ) ;
#2139 = DIRECTION ( 'NONE',  ( 1.000000000000000000, 0.0000000000000000000, 0.0000000000000000000 ) ) ;
#2140 = AXIS2_PLACEMENT_3D ( 'NONE', #7292, #5487, #8144 ) ;
#2141 = DIRECTION ( 'NONE',  ( 0.0000000000000000000, 0.0000000000000000000, 1.000000000000000000 ) ) ;
#2142 = EDGE_CURVE ( 'NONE', #7059, #4174, #4965, .T. ) ;
#2143 = ADVANCED_FACE ( 'NONE', ( #3218 ), #5223, .T. ) ;
#2144 = CARTESIAN_POINT ( 'NONE',  ( -1.498499999999999100, -1.772999999999999900, 0.1200000000000000900 ) ) ;
#2145 = EDGE_CURVE ( 'NONE', #6364, #8234, #9233, .T. ) ;
#2146 = CARTESIAN_POINT ( 'NONE',  ( -1.538000000000000500, 2.027999999999999100, 2.044999999999999500 ) ) ;
#2147 = CIRCLE ( 'NONE', #287, 0.04000000000000011900 ) ;
#2148 = VECTOR ( 'NONE', #4109, 39.37007874015748100 ) ;
#2150 = DIRECTION ( 'NONE',  ( 0.0000000000000000000, 0.0000000000000000000, 1.000000000000000000 ) ) ;
#2149 = DIRECTION ( 'NONE',  ( 1.000000000000000000, 3.086833891146059900E-016, 0.0000000000000000000 ) ) ;
#2151 = CARTESIAN_POINT ( 'NONE',  ( 1.498499999999999100, -1.619499999999999500, 1.630000000000000100 ) ) ;
#2152 = DIRECTION ( 'NONE',  ( -1.000000000000000000, 0.0000000000000000000, 0.0000000000000000000 ) ) ;
#2153 = CARTESIAN_POINT ( 'NONE',  ( 0.7070000000000014100, 1.926500000000000300, 1.630000000000000100 ) ) ;
#2154 = ADVANCED_FACE ( 'NONE', ( #170 ), #2787, .T. ) ;
#2155 = LINE ( 'NONE', #10500, #2824 ) ;
#2156 = CARTESIAN_POINT ( 'NONE',  ( -1.498499999999999100, -1.619499999999999500, 0.1200000000000000900 ) ) ;
#2157 = PRODUCT_DEFINITION_SHAPE ( 'NONE', 'NONE',  #329 ) ;
#2158 = EDGE_CURVE ( 'NONE', #783, #6007, #39, .T. ) ;
#2159 = EDGE_CURVE ( 'NONE', #11020, #3142, #8828, .T. ) ;
#2160 = CARTESIAN_POINT ( 'NONE',  ( 1.370500000000000100, 2.027999999999999100, 2.169999999999999900 ) ) ;
#2161 = AXIS2_PLACEMENT_3D ( 'NONE', #4571, #5437, #8010 ) ;
#2162 = CARTESIAN_POINT ( 'NONE',  ( -1.398500000000000300, 1.515499999999999600, 0.3700000000000001100 ) ) ;
#2163 = DIRECTION ( 'NONE',  ( -0.0000000000000000000, -0.0000000000000000000, -1.000000000000000000 ) ) ;
#2164 = DIRECTION ( 'NONE',  ( -0.0000000000000000000, -0.0000000000000000000, 1.000000000000000000 ) ) ;
#2165 = DIRECTION ( 'NONE',  ( -1.000000000000000000, 0.0000000000000000000, 0.0000000000000000000 ) ) ;
#2166 = DIRECTION ( 'NONE',  ( -0.0000000000000000000, -0.0000000000000000000, 1.000000000000000000 ) ) ;
#2167 = LINE ( 'NONE', #3913, #8696 ) ;
#2168 = FACE_OUTER_BOUND ( 'NONE', #10221, .T. ) ;
#2169 = ORIENTED_EDGE ( 'NONE', *, *, #10859, .F. ) ;
#2170 = CARTESIAN_POINT ( 'NONE',  ( 1.608132083511383300, 1.946527668117621600, 2.044999999999999500 ) ) ;
#2171 = CARTESIAN_POINT ( 'NONE',  ( 1.398499999999999900, -1.515499999999999600, 0.3700000000000001100 ) ) ;
#2172 = AXIS2_PLACEMENT_3D ( 'NONE', #6141, #10297, #2591 ) ;
#2173 = AXIS2_PLACEMENT_3D ( 'NONE', #5137, #6869, #7711 ) ;
#2174 = DIRECTION ( 'NONE',  ( -1.000000000000000000, 0.0000000000000000000, 0.0000000000000000000 ) ) ;
#2175 = EDGE_CURVE ( 'NONE', #3175, #9930, #6576, .T. ) ;
#2176 = VECTOR ( 'NONE', #6223, 39.37007874015748100 ) ;
#2177 = CARTESIAN_POINT ( 'NONE',  ( -0.9774999999999999200, 1.926500000000000300, 1.630000000000000100 ) ) ;
#2178 = EDGE_LOOP ( 'NONE', ( #7342, #10652, #5685, #7817 ) ) ;
#2179 = FACE_OUTER_BOUND ( 'NONE', #2363, .T. ) ;
#2180 = EDGE_LOOP ( 'NONE', ( #8911, #332, #6806, #7078 ) ) ;
#2181 = ORIENTED_EDGE ( 'NONE', *, *, #6054, .T. ) ;
#2182 = CARTESIAN_POINT ( 'NONE',  ( -1.651999999999999500, 1.619499999999999500, 0.1200000000000000900 ) ) ;
#2183 = ORIENTED_EDGE ( 'NONE', *, *, #6309, .T. ) ;
#2184 = DIRECTION ( 'NONE',  ( -0.0000000000000000000, -0.0000000000000000000, 1.000000000000000000 ) ) ;
#2186 = DIRECTION ( 'NONE',  ( -1.000000000000000000, 0.0000000000000000000, 0.0000000000000000000 ) ) ;
#2185 = CARTESIAN_POINT ( 'NONE',  ( -1.081000000000000400, -1.926500000000000300, 2.050000000000000300 ) ) ;
#2187 = CARTESIAN_POINT ( 'NONE',  ( 0.7070000000000014100, 1.926500000000000300, 1.630000000000000100 ) ) ;
#2188 = DIRECTION ( 'NONE',  ( 0.0000000000000000000, 0.0000000000000000000, 1.000000000000000000 ) ) ;
#2189 = ORIENTED_EDGE ( 'NONE', *, *, #1770, .F. ) ;
#2190 = CIRCLE ( 'NONE', #6975, 0.02499999999999987000 ) ;
#2191 = AXIS2_PLACEMENT_3D ( 'NONE', #6449, #8133, #548 ) ;
#2192 = LINE ( 'NONE', #282, #5117 ) ;
#2193 = VERTEX_POINT ( 'NONE', #305 ) ;
#2194 = AXIS2_PLACEMENT_3D ( 'NONE', #7859, #7773, #1077 ) ;
#2195 = EDGE_CURVE ( 'NONE', #2442, #5841, #2561, .T. ) ;
#2196 = CARTESIAN_POINT ( 'NONE',  ( -0.9638306835251589900, -2.146999999999998900, -0.3943848084544492900 ) ) ;
#2197 = CARTESIAN_POINT ( 'NONE',  ( 1.081000000000000400, -1.926500000000000300, 1.639999999999999900 ) ) ;
#2198 = CARTESIAN_POINT ( 'NONE',  ( -1.538000000000000500, 2.027999999999999600, 2.159999999999999700 ) ) ;
#2199 = ORIENTED_EDGE ( 'NONE', *, *, #256, .T. ) ;
#2200 = ADVANCED_FACE ( 'NONE', ( #10831 ), #7226, .F. ) ;
#2201 = DIRECTION ( 'NONE',  ( -1.000000000000000000, 0.0000000000000000000, 0.0000000000000000000 ) ) ;
#2202 = CIRCLE ( 'NONE', #3787, 0.02499999999999987000 ) ;
#2203 = CARTESIAN_POINT ( 'NONE',  ( -1.498499999999999100, 1.823000000000000000, 1.540000000000000000 ) ) ;
#2204 = FACE_BOUND ( 'NONE', #7167, .T. ) ;
#2205 = ORIENTED_EDGE ( 'NONE', *, *, #1598, .F. ) ;
#2206 = DIRECTION ( 'NONE',  ( 0.0000000000000000000, 0.0000000000000000000, 1.000000000000000000 ) ) ;
#2207 = DIRECTION ( 'NONE',  ( 0.0000000000000000000, 1.000000000000000000, 0.0000000000000000000 ) ) ;
#2208 = ORIENTED_EDGE ( 'NONE', *, *, #10299, .F. ) ;
#2209 = AXIS2_PLACEMENT_3D ( 'NONE', #281, #1144, #7093 ) ;
#2210 = ORIENTED_EDGE ( 'NONE', *, *, #7518, .T. ) ;
#2211 = ORIENTED_EDGE ( 'NONE', *, *, #4731, .T. ) ;
#2212 = ORIENTED_EDGE ( 'NONE', *, *, #10869, .F. ) ;
#2213 = CARTESIAN_POINT ( 'NONE',  ( 1.497500000000000300, 1.515499999999999600, 0.3700000000000001100 ) ) ;
#2214 = LINE ( 'NONE', #6605, #8481 ) ;
#2215 = DIRECTION ( 'NONE',  ( 0.0000000000000000000, -1.000000000000000000, 0.0000000000000000000 ) ) ;
#2216 = ORIENTED_EDGE ( 'NONE', *, *, #6481, .F. ) ;
#2217 = ADVANCED_FACE ( 'NONE', ( #8018 ), #7200, .F. ) ;
#2218 = FACE_OUTER_BOUND ( 'NONE', #3582, .T. ) ;
#2219 = CARTESIAN_POINT ( 'NONE',  ( 1.081000000000000400, 1.873000000000000000, 1.639999999999999900 ) ) ;
#2220 = ORIENTED_EDGE ( 'NONE', *, *, #7422, .T. ) ;
#2221 = ORIENTED_EDGE ( 'NONE', *, *, #3022, .T. ) ;
#2222 = PLANE ( 'NONE',  #2964 ) ;
#2223 = ORIENTED_EDGE ( 'NONE', *, *, #10009, .F. ) ;
#2224 = DIRECTION ( 'NONE',  ( -1.000000000000000000, 0.0000000000000000000, 0.0000000000000000000 ) ) ;
#2225 = EDGE_LOOP ( 'NONE', ( #9712, #5481, #1078, #10752 ) ) ;
#2226 = CIRCLE ( 'NONE', #2469, 0.1035000000000005500 ) ;
#2228 = CARTESIAN_POINT ( 'NONE',  ( 1.705500000000000700, 2.027999999999999100, 2.169999999999999900 ) ) ;
#2227 = PLANE ( 'NONE',  #9816 ) ;
#2229 = DIRECTION ( 'NONE',  ( 1.000000000000000000, 0.0000000000000000000, 0.0000000000000000000 ) ) ;
#2230 = CYLINDRICAL_SURFACE ( 'NONE', #4692, 0.1575000000000004500 ) ;
#2231 = EDGE_CURVE ( 'NONE', #392, #5979, #8157, .T. ) ;
#2232 = CARTESIAN_POINT ( 'NONE',  ( -1.081000000000000400, 1.823000000000000000, 1.639999999999999900 ) ) ;
#2233 = AXIS2_PLACEMENT_3D ( 'NONE', #10911, #6774, #2576 ) ;
#2234 = VERTEX_POINT ( 'NONE', #8825 ) ;
#2235 = VERTEX_POINT ( 'NONE', #9788 ) ;
#2236 = ORIENTED_EDGE ( 'NONE', *, *, #36, .T. ) ;
#2237 = CARTESIAN_POINT ( 'NONE',  ( 1.393102622522006500, -2.146999999999999400, 0.1200000000000000900 ) ) ;
#2238 = ORIENTED_EDGE ( 'NONE', *, *, #2012, .T. ) ;
#2239 = LINE ( 'NONE', #10647, #4375 ) ;
#2240 = CALENDAR_DATE ( 2021, 9, 7 ) ;
#2241 = CARTESIAN_POINT ( 'NONE',  ( 1.695499999999999100, -2.028000000000001400, 1.919999999999999700 ) ) ;
#2242 = DIRECTION ( 'NONE',  ( -1.931999995519276800E-016, 1.000000000000000000, 0.0000000000000000000 ) ) ;
#2243 = EDGE_LOOP ( 'NONE', ( #2098, #270, #2137, #1527 ) ) ;
#2244 = PLANE ( 'NONE',  #9384 ) ;
#2245 = CARTESIAN_POINT ( 'NONE',  ( -1.498499999999999100, 1.619499999999999500, 2.050000000000000300 ) ) ;
#2246 = AXIS2_PLACEMENT_3D ( 'NONE', #7487, #7555, #2438 ) ;
#2247 = ORIENTED_EDGE ( 'NONE', *, *, #6994, .F. ) ;
#2248 = EDGE_CURVE ( 'NONE', #5823, #1667, #2554, .T. ) ;
#2249 = ORIENTED_EDGE ( 'NONE', *, *, #9417, .F. ) ;
#2250 = EDGE_CURVE ( 'NONE', #9908, #142, #5752, .T. ) ;
#2251 = ORIENTED_EDGE ( 'NONE', *, *, #3407, .T. ) ;
#2252 = CIRCLE ( 'NONE', #2173, 0.2535000000000004500 ) ;
#2253 = VERTEX_POINT ( 'NONE', #6412 ) ;
#2254 = LINE ( 'NONE', #1647, #540 ) ;
#2255 = PLANE ( 'NONE',  #8905 ) ;
#2256 = ORIENTED_EDGE ( 'NONE', *, *, #2880, .F. ) ;
#2257 = CARTESIAN_POINT ( 'NONE',  ( -1.625848074029413200, 2.264999999999998800, 1.580000000000000100 ) ) ;
#2258 = DIRECTION ( 'NONE',  ( -3.086833891146059900E-016, 1.000000000000000000, 0.0000000000000000000 ) ) ;
#2259 = ORIENTED_EDGE ( 'NONE', *, *, #2953, .F. ) ;
#2260 = ADVANCED_FACE ( 'NONE', ( #8692 ), #10281, .T. ) ;
#2261 = AXIS2_PLACEMENT_3D ( 'NONE', #4877, #4160, #3269 ) ;
#2262 = DIRECTION ( 'NONE',  ( -0.0000000000000000000, -0.0000000000000000000, 1.000000000000000000 ) ) ;
#2263 = CYLINDRICAL_SURFACE ( 'NONE', #9627, 0.05849999999999993400 ) ;
#2264 = AXIS2_PLACEMENT_3D ( 'NONE', #2956, #8818, #3731 ) ;
#2265 = EDGE_CURVE ( 'NONE', #2806, #10332, #4547, .T. ) ;
#2267 = CARTESIAN_POINT ( 'NONE',  ( 1.770000000000001600, 2.120848074029412900, 1.614999999999999800 ) ) ;
#2266 = DIRECTION ( 'NONE',  ( -1.000000000000000000, 0.0000000000000000000, 0.0000000000000000000 ) ) ;
#2268 = CARTESIAN_POINT ( 'NONE',  ( 0.7070000000000014100, 2.146999999999998900, 0.1200000000000000900 ) ) ;
#2269 = CIRCLE ( 'NONE', #782, 0.1535000000000004100 ) ;
#2270 = ADVANCED_FACE ( 'NONE', ( #10013, #29 ), #8857, .T. ) ;
#2271 = DIRECTION ( 'NONE',  ( 1.000000000000000000, 0.0000000000000000000, 0.0000000000000000000 ) ) ;
#2272 = CARTESIAN_POINT ( 'NONE',  ( -1.769999999999999400, 2.264999999999998800, 2.121949358009804300 ) ) ;
#2273 = CARTESIAN_POINT ( 'NONE',  ( -1.538000000000000500, 2.027999999999999100, 2.004999999999999400 ) ) ;
#2274 = AXIS2_PLACEMENT_3D ( 'NONE', #5927, #1691, #16 ) ;
#2275 = EDGE_CURVE ( 'NONE', #10067, #10215, #6840, .T. ) ;
#2276 = DIRECTION ( 'NONE',  ( -0.0000000000000000000, -0.0000000000000000000, -1.000000000000000000 ) ) ;
#2277 = CARTESIAN_POINT ( 'NONE',  ( -1.081000000000000400, 1.772999999999999900, 1.630000000000000100 ) ) ;
#2278 = DIRECTION ( 'NONE',  ( -0.0000000000000000000, -0.0000000000000000000, 1.000000000000000000 ) ) ;
#2279 = CIRCLE ( 'NONE', #4827, 0.1441519259705861500 ) ;
#2280 = DIRECTION ( 'NONE',  ( -0.0000000000000000000, -0.0000000000000000000, 1.000000000000000000 ) ) ;
#2281 = ORIENTED_EDGE ( 'NONE', *, *, #10678, .F. ) ;
#2282 = LINE ( 'NONE', #5254, #25 ) ;
#2283 = CARTESIAN_POINT ( 'NONE',  ( -1.498499999999999100, -1.823000000000000000, 1.630000000000000100 ) ) ;
#2284 = DIRECTION ( 'NONE',  ( 0.0000000000000000000, 0.0000000000000000000, 1.000000000000000000 ) ) ;
#2285 = CIRCLE ( 'NONE', #1012, 0.04805064199019547200 ) ;
#2286 = DIRECTION ( 'NONE',  ( -1.000000000000000000, 0.0000000000000000000, 0.0000000000000000000 ) ) ;
#2287 = CARTESIAN_POINT ( 'NONE',  ( 1.538000000000000500, 2.027999999999999100, 1.919999999999999700 ) ) ;
#2288 = EDGE_CURVE ( 'NONE', #1469, #8616, #2285, .T. ) ;
#2289 = DIRECTION ( 'NONE',  ( 0.0000000000000000000, 1.000000000000000000, 0.0000000000000000000 ) ) ;
#2290 = EDGE_CURVE ( 'NONE', #5136, #1395, #5895, .T. ) ;
#2291 = DIRECTION ( 'NONE',  ( 1.000000000000000000, 0.0000000000000000000, 0.0000000000000000000 ) ) ;
#2292 = DIRECTION ( 'NONE',  ( 0.0000000000000000000, 0.0000000000000000000, 1.000000000000000000 ) ) ;
#2293 = CIRCLE ( 'NONE', #10607, 0.1441519259705861500 ) ;
#2294 = CIRCLE ( 'NONE', #10521, 0.02499999999999987000 ) ;
#2295 = DIRECTION ( 'NONE',  ( 0.5000000000000024400, 0.8660254037844371500, 0.0000000000000000000 ) ) ;
#2296 = ORIENTED_EDGE ( 'NONE', *, *, #1264, .T. ) ;
#2297 = DIRECTION ( 'NONE',  ( 1.000000000000000000, 0.0000000000000000000, 0.0000000000000000000 ) ) ;
#2298 = DIRECTION ( 'NONE',  ( 0.0000000000000000000, 0.0000000000000000000, 1.000000000000000000 ) ) ;
#2299 = AXIS2_PLACEMENT_3D ( 'NONE', #7858, #10427, #9642 ) ;
#2300 = DIRECTION ( 'NONE',  ( -1.000000000000000000, 0.0000000000000000000, 0.0000000000000000000 ) ) ;
#2301 = EDGE_CURVE ( 'NONE', #1804, #9739, #2017, .T. ) ;
#2302 = EDGE_CURVE ( 'NONE', #1002, #6364, #4008, .T. ) ;
#2303 = LINE ( 'NONE', #8602, #7761 ) ;
#2304 = AXIS2_PLACEMENT_3D ( 'NONE', #9736, #10568, #2008 ) ;
#2305 = EDGE_CURVE ( 'NONE', #2778, #7558, #303, .T. ) ;
#2306 = VERTEX_POINT ( 'NONE', #2267 ) ;
#2307 = FACE_OUTER_BOUND ( 'NONE', #3557, .T. ) ;
#2308 = ORIENTED_EDGE ( 'NONE', *, *, #1799, .T. ) ;
#2309 = CARTESIAN_POINT ( 'NONE',  ( -0.7070000000000014100, -2.146999999999998900, 1.630000000000000100 ) ) ;
#2310 = VERTEX_POINT ( 'NONE', #2228 ) ;
#2311 = ADVANCED_FACE ( 'NONE', ( #3071 ), #9087, .F. ) ;
#2312 = CARTESIAN_POINT ( 'NONE',  ( 1.498499999999999100, -1.873000000000000000, 1.540000000000000000 ) ) ;
#2313 = DIRECTION ( 'NONE',  ( 0.0000000000000000000, 0.0000000000000000000, -1.000000000000000000 ) ) ;
#2314 = VERTEX_POINT ( 'NONE', #4862 ) ;
#2315 = DIRECTION ( 'NONE',  ( 0.0000000000000000000, -0.0000000000000000000, -1.000000000000000000 ) ) ;
#2316 = DIRECTION ( 'NONE',  ( -0.0000000000000000000, -0.0000000000000000000, -1.000000000000000000 ) ) ;
#2317 = ORIENTED_EDGE ( 'NONE', *, *, #3538, .F. ) ;
#2318 = CYLINDRICAL_SURFACE ( 'NONE', #1476, 0.2204999999999985000 ) ;
#2319 = LINE ( 'NONE', #8712, #1917 ) ;
#2320 = ORIENTED_EDGE ( 'NONE', *, *, #7825, .T. ) ;
#2321 = DIRECTION ( 'NONE',  ( 0.0000000000000000000, 0.0000000000000000000, -1.000000000000000000 ) ) ;
#2322 = DIRECTION ( 'NONE',  ( -1.000000000000000000, 0.0000000000000000000, 0.0000000000000000000 ) ) ;
#2323 = AXIS2_PLACEMENT_3D ( 'NONE', #5268, #8554, #6853 ) ;
#2324 = ORIENTED_EDGE ( 'NONE', *, *, #123, .F. ) ;
#2325 = ORIENTED_EDGE ( 'NONE', *, *, #3726, .T. ) ;
#2326 = AXIS2_PLACEMENT_3D ( 'NONE', #4796, #1425, #8129 ) ;
#2327 = ADVANCED_FACE ( 'NONE', ( #3872 ), #5615, .T. ) ;
#2328 = EDGE_CURVE ( 'NONE', #1732, #6663, #4152, .T. ) ;
#2329 = CARTESIAN_POINT ( 'NONE',  ( 1.498499999999999100, -1.873000000000000000, 1.639999999999999900 ) ) ;
#2330 = CARTESIAN_POINT ( 'NONE',  ( -1.769999999999999400, 2.264999999999998800, 1.580000000000000100 ) ) ;
#2331 = CYLINDRICAL_SURFACE ( 'NONE', #6361, 0.1574999999999998900 ) ;
#2332 = VERTEX_POINT ( 'NONE', #4004 ) ;
#2333 = VECTOR ( 'NONE', #2997, 39.37007874015748100 ) ;
#2334 = ORIENTED_EDGE ( 'NONE', *, *, #7938, .F. ) ;
#2335 = VECTOR ( 'NONE', #10663, 39.37007874015748100 ) ;
#2336 = ORIENTED_EDGE ( 'NONE', *, *, #7939, .F. ) ;
#2337 = CARTESIAN_POINT ( 'NONE',  ( 1.498499999999999100, -1.619499999999999500, 1.564999999999999700 ) ) ;
#2338 = VERTEX_POINT ( 'NONE', #6559 ) ;
#2339 = DIRECTION ( 'NONE',  ( -1.000000000000000000, 0.0000000000000000000, 0.0000000000000000000 ) ) ;
#2340 = AXIS2_PLACEMENT_3D ( 'NONE', #4659, #10621, #8658 ) ;
#2341 = AXIS2_PLACEMENT_3D ( 'NONE', #4606, #2999, #2850 ) ;
#2342 = EDGE_CURVE ( 'NONE', #9930, #6214, #8821, .T. ) ;
#2343 = EDGE_LOOP ( 'NONE', ( #1832, #8882, #1547, #8619 ) ) ;
#2344 = LINE ( 'NONE', #2498, #3912 ) ;
#2345 = DIRECTION ( 'NONE',  ( -1.000000000000000000, 0.0000000000000000000, 0.0000000000000000000 ) ) ;
#2346 = CIRCLE ( 'NONE', #5627, 0.05350000000000053300 ) ;
#2347 = ORIENTED_EDGE ( 'NONE', *, *, #1880, .F. ) ;
#2348 = CARTESIAN_POINT ( 'NONE',  ( -1.081000000000000400, 1.772999999999999900, 2.050000000000000300 ) ) ;
#2349 = FACE_OUTER_BOUND ( 'NONE', #10093, .T. ) ;
#2350 = DIRECTION ( 'NONE',  ( -0.0000000000000000000, -0.0000000000000000000, -1.000000000000000000 ) ) ;
#2351 = ORIENTED_EDGE ( 'NONE', *, *, #1459, .F. ) ;
#2352 = CARTESIAN_POINT ( 'NONE',  ( -0.7070000000000014100, 2.146999999999998900, 0.1200000000000000900 ) ) ;
#2353 = ORIENTED_EDGE ( 'NONE', *, *, #8388, .F. ) ;
#2354 = CARTESIAN_POINT ( 'NONE',  ( -0.7070000000000014100, -2.146999999999998900, 0.1200000000000000900 ) ) ;
#2355 = DIRECTION ( 'NONE',  ( -1.000000000000000000, -0.0000000000000000000, -0.0000000000000000000 ) ) ;
#2356 = ORIENTED_EDGE ( 'NONE', *, *, #5517, .T. ) ;
#2357 = EDGE_LOOP ( 'NONE', ( #1768, #9532, #6790, #10190, #7556, #5459, #6865, #7646, #11025, #1991, #9817, #6209, #1709, #2654, #1592, #4306, #1722, #754, #5545, #5288 ) ) ;
#2358 = CARTESIAN_POINT ( 'NONE',  ( -1.081000000000000400, 1.823000000000000000, 1.630000000000000100 ) ) ;
#2359 = CIRCLE ( 'NONE', #6122, 0.02499999999999987000 ) ;
#2360 = LINE ( 'NONE', #10237, #3935 ) ;
#2361 = VERTEX_POINT ( 'NONE', #1411 ) ;
#2362 = EDGE_LOOP ( 'NONE', ( #43, #5406, #4107, #4045 ) ) ;
#2363 = EDGE_LOOP ( 'NONE', ( #3838, #916, #1152, #7386 ) ) ;
#2364 = DIRECTION ( 'NONE',  ( 1.000000000000000000, -4.151904875222836800E-015, 0.0000000000000000000 ) ) ;
#2365 = ORIENTED_EDGE ( 'NONE', *, *, #1119, .F. ) ;
#2366 = FACE_OUTER_BOUND ( 'NONE', #1728, .T. ) ;
#2367 = LINE ( 'NONE', #8354, #117 ) ;
#2368 = ADVANCED_FACE ( 'NONE', ( #7744 ), #6527, .F. ) ;
#2369 = ORIENTED_EDGE ( 'NONE', *, *, #9747, .F. ) ;
#2370 = DIRECTION ( 'NONE',  ( -0.0000000000000000000, -0.0000000000000000000, 1.000000000000000000 ) ) ;
#2371 = ORIENTED_EDGE ( 'NONE', *, *, #4970, .T. ) ;
#2372 = VERTEX_POINT ( 'NONE', #4908 ) ;
#2373 = CARTESIAN_POINT ( 'NONE',  ( 1.628389396804066600, -1.911440972269853800, 2.010322595159089100 ) ) ;
#2374 = DIRECTION ( 'NONE',  ( 1.000000000000000000, 0.0000000000000000000, 0.0000000000000000000 ) ) ;
#2375 = VERTEX_POINT ( 'NONE', #8188 ) ;
#2376 = EDGE_CURVE ( 'NONE', #8464, #2115, #6431, .T. ) ;
#2377 = LINE ( 'NONE', #3868, #1827 ) ;
#2378 = EDGE_CURVE ( 'NONE', #8191, #7309, #7890, .T. ) ;
#2379 = AXIS2_PLACEMENT_3D ( 'NONE', #8366, #4071, #7507 ) ;
#2380 = ORIENTED_EDGE ( 'NONE', *, *, #238, .T. ) ;
#2381 = FACE_OUTER_BOUND ( 'NONE', #9148, .T. ) ;
#2382 = CARTESIAN_POINT ( 'NONE',  ( -1.726999999999999400, -1.619499999999999500, 1.564999999999999700 ) ) ;
#2383 = ORIENTED_EDGE ( 'NONE', *, *, #9142, .T. ) ;
#2384 = ADVANCED_FACE ( 'NONE', ( #577 ), #9366, .T. ) ;
#2385 = CARTESIAN_POINT ( 'NONE',  ( 1.465238919369501200, 2.114025888465638200, 2.045000000000000400 ) ) ;
#2386 = DIRECTION ( 'NONE',  ( -0.0000000000000000000, -0.0000000000000000000, -1.000000000000000000 ) ) ;
#2387 = CARTESIAN_POINT ( 'NONE',  ( -1.183500000000000000, -2.027999999999999100, 0.1200000000000000900 ) ) ;
#2388 = ORIENTED_EDGE ( 'NONE', *, *, #1594, .T. ) ;
#2389 = CARTESIAN_POINT ( 'NONE',  ( 1.770000000000001600, 2.216949358009803600, 0.04805064199019547200 ) ) ;
#2390 = ORIENTED_EDGE ( 'NONE', *, *, #7082, .F. ) ;
#2391 = FACE_OUTER_BOUND ( 'NONE', #3943, .T. ) ;
#2392 = CARTESIAN_POINT ( 'NONE',  ( -0.9274999999999998800, 1.926500000000000300, 0.1200000000000000900 ) ) ;
#2393 = CARTESIAN_POINT ( 'NONE',  ( 1.498499999999999100, -1.823000000000000000, 1.639999999999999900 ) ) ;
#2394 = VERTEX_POINT ( 'NONE', #9114 ) ;
#2395 = AXIS2_PLACEMENT_3D ( 'NONE', #3547, #976, #6938 ) ;
#2396 = EDGE_CURVE ( 'NONE', #5373, #4070, #1240, .T. ) ;
#2397 = ORIENTED_EDGE ( 'NONE', *, *, #7602, .F. ) ;
#2398 = VERTEX_POINT ( 'NONE', #4752 ) ;
#2399 = CARTESIAN_POINT ( 'NONE',  ( 1.081000000000000400, 1.926500000000000300, 1.639999999999999900 ) ) ;
#2400 = DIRECTION ( 'NONE',  ( -0.0000000000000000000, -0.0000000000000000000, 1.000000000000000000 ) ) ;
#2401 = VECTOR ( 'NONE', #2416, 39.37007874015748100 ) ;
#2402 = CARTESIAN_POINT ( 'NONE',  ( -1.390500000000001000, 2.027999999999999100, 2.044999999999999500 ) ) ;
#2403 = DIRECTION ( 'NONE',  ( 0.0000000000000000000, 0.0000000000000000000, -1.000000000000000000 ) ) ;
#2404 = AXIS2_PLACEMENT_3D ( 'NONE', #10699, #4697, #437 ) ;
#2405 = CARTESIAN_POINT ( 'NONE',  ( 1.081000000000000400, -1.823000000000000000, 1.639999999999999900 ) ) ;
#2406 = AXIS2_PLACEMENT_3D ( 'NONE', #6224, #3564, #9539 ) ;
#2407 = EDGE_CURVE ( 'NONE', #9556, #4621, #3209, .T. ) ;
#2408 = LINE ( 'NONE', #7748, #9750 ) ;
#2409 = CARTESIAN_POINT ( 'NONE',  ( -1.751999999999999600, -1.619499999999999500, 1.639999999999999900 ) ) ;
#2410 = DIRECTION ( 'NONE',  ( 0.0000000000000000000, 0.0000000000000000000, 1.000000000000000000 ) ) ;
#2411 = LINE ( 'NONE', #3642, #5881 ) ;
#2412 = DIRECTION ( 'NONE',  ( -1.000000000000000000, 0.0000000000000000000, 0.0000000000000000000 ) ) ;
#2413 = VERTEX_POINT ( 'NONE', #6483 ) ;
#2414 = DIRECTION ( 'NONE',  ( -4.151904875222836800E-015, 1.000000000000000000, 0.0000000000000000000 ) ) ;
#2415 = LINE ( 'NONE', #2283, #2148 ) ;
#2416 = DIRECTION ( 'NONE',  ( -0.0000000000000000000, -0.0000000000000000000, 1.000000000000000000 ) ) ;
#2417 = AXIS2_PLACEMENT_3D ( 'NONE', #865, #4154, #799 ) ;
#2418 = CARTESIAN_POINT ( 'NONE',  ( -1.340000000000000500, 1.515499999999999600, 0.1200000000000000900 ) ) ;
#2419 = ADVANCED_FACE ( 'NONE', ( #8288 ), #7361, .F. ) ;
#2420 = CARTESIAN_POINT ( 'NONE',  ( -1.721949358009804000, 2.120848074029412900, 2.169999999999999900 ) ) ;
#2421 = DIRECTION ( 'NONE',  ( 0.0000000000000000000, 0.0000000000000000000, -1.000000000000000000 ) ) ;
#2422 = PERSON_AND_ORGANIZATION_ROLE ( 'classification_officer' ) ;
#2423 = DIRECTION ( 'NONE',  ( -1.000000000000000000, 0.0000000000000000000, 0.0000000000000000000 ) ) ;
#2424 = CARTESIAN_POINT ( 'NONE',  ( 1.498499999999999100, 1.772999999999999900, 1.630000000000000100 ) ) ;
#2425 = AXIS2_PLACEMENT_3D ( 'NONE', #9886, #2258, #3032 ) ;
#2426 = FACE_OUTER_BOUND ( 'NONE', #1899, .T. ) ;
#2427 = CIRCLE ( 'NONE', #9170, 0.04805064199019536800 ) ;
#2428 = CARTESIAN_POINT ( 'NONE',  ( 1.726999999999999400, 1.619499999999999500, 1.540000000000000000 ) ) ;
#2429 = DIRECTION ( 'NONE',  ( -0.0000000000000000000, -0.0000000000000000000, -1.000000000000000000 ) ) ;
#2430 = ADVANCED_FACE ( 'NONE', ( #6287 ), #1885, .T. ) ;
#2431 = DIRECTION ( 'NONE',  ( 1.000000000000000000, 0.0000000000000000000, 0.0000000000000000000 ) ) ;
#2432 = CIRCLE ( 'NONE', #10827, 0.1535000000000002800 ) ;
#2433 = DIRECTION ( 'NONE',  ( -0.0000000000000000000, -0.0000000000000000000, -1.000000000000000000 ) ) ;
#2434 = VECTOR ( 'NONE', #10549, 39.37007874015748100 ) ;
#2435 = EDGE_CURVE ( 'NONE', #5558, #1983, #4280, .T. ) ;
#2436 = CARTESIAN_POINT ( 'NONE',  ( -1.081000000000000400, -1.926500000000000300, 1.639999999999999900 ) ) ;
#2437 = VERTEX_POINT ( 'NONE', #5760 ) ;
#2438 = DIRECTION ( 'NONE',  ( 0.0000000000000000000, 0.0000000000000000000, 1.000000000000000000 ) ) ;
#2439 = DIRECTION ( 'NONE',  ( 1.000000000000000000, 0.0000000000000000000, 0.0000000000000000000 ) ) ;
#2440 = ORIENTED_EDGE ( 'NONE', *, *, #4386, .F. ) ;
#2441 = FACE_OUTER_BOUND ( 'NONE', #2035, .T. ) ;
#2442 = VERTEX_POINT ( 'NONE', #3255 ) ;
#2443 = LINE ( 'NONE', #8622, #191 ) ;
#2444 = ORIENTED_EDGE ( 'NONE', *, *, #4525, .F. ) ;
#2445 = VERTEX_POINT ( 'NONE', #1609 ) ;
#2446 =( LENGTH_UNIT ( ) NAMED_UNIT ( * ) SI_UNIT ( $, .METRE. ) );
#2447 = VERTEX_POINT ( 'NONE', #10087 ) ;
#2448 = AXIS2_PLACEMENT_3D ( 'NONE', #8484, #8846, #4326 ) ;
#2449 = EDGE_CURVE ( 'NONE', #1964, #3662, #8555, .T. ) ;
#2450 = EDGE_CURVE ( 'NONE', #2652, #5178, #848, .T. ) ;
#2451 = CARTESIAN_POINT ( 'NONE',  ( -1.398500000000000300, 1.515499999999999600, 0.3700000000000001100 ) ) ;
#2452 = EDGE_CURVE ( 'NONE', #4622, #1260, #10002, .T. ) ;
#2453 = DIRECTION ( 'NONE',  ( -0.0000000000000000000, -0.0000000000000000000, -1.000000000000000000 ) ) ;
#2454 = ORIENTED_EDGE ( 'NONE', *, *, #5227, .F. ) ;
#2455 = DIRECTION ( 'NONE',  ( 0.0000000000000000000, 0.0000000000000000000, 1.000000000000000000 ) ) ;
#2456 = VECTOR ( 'NONE', #6050, 39.37007874015748100 ) ;
#2457 = DIRECTION ( 'NONE',  ( 0.0000000000000000000, 0.0000000000000000000, 1.000000000000000000 ) ) ;
#2458 = VECTOR ( 'NONE', #3381, 39.37007874015748100 ) ;
#2459 = ORIENTED_EDGE ( 'NONE', *, *, #3948, .T. ) ;
#2460 = CARTESIAN_POINT ( 'NONE',  ( -1.726999999999999600, 1.619499999999999500, 1.564999999999999700 ) ) ;
#2461 = VERTEX_POINT ( 'NONE', #10990 ) ;
#2462 = ORIENTED_EDGE ( 'NONE', *, *, #1418, .T. ) ;
#2463 = CARTESIAN_POINT ( 'NONE',  ( -1.490127586519911700, -2.150917452428458400, 2.037126280028226200 ) ) ;
#2464 = LINE ( 'NONE', #4351, #6202 ) ;
#2465 = DIRECTION ( 'NONE',  ( 0.0000000000000000000, 0.0000000000000000000, 1.000000000000000000 ) ) ;
#2466 = AXIS2_PLACEMENT_3D ( 'NONE', #5737, #699, #4958 ) ;
#2467 = CYLINDRICAL_SURFACE ( 'NONE', #6063, 0.1575000000000004500 ) ;
#2468 = VERTEX_POINT ( 'NONE', #10132 ) ;
#2469 = AXIS2_PLACEMENT_3D ( 'NONE', #9240, #3116, #2300 ) ;
#2470 = PLANE ( 'NONE',  #6577 ) ;
#2471 = EDGE_CURVE ( 'NONE', #2375, #9386, #10866, .T. ) ;
#2472 = CARTESIAN_POINT ( 'NONE',  ( -1.538000000000000500, -2.027999999999999600, 1.580000000000000100 ) ) ;
#2473 = LINE ( 'NONE', #4428, #3918 ) ;
#2474 = CARTESIAN_POINT ( 'NONE',  ( -1.350500000000000300, -2.027999999999999600, -0.3943848084544492900 ) ) ;
#2475 = ORIENTED_EDGE ( 'NONE', *, *, #2579, .T. ) ;
#2476 = ADVANCED_FACE ( 'NONE', ( #1125 ), #979, .F. ) ;
#2477 = VERTEX_POINT ( 'NONE', #830 ) ;
#2478 = CARTESIAN_POINT ( 'NONE',  ( -1.651999999999999500, 1.619499999999999500, 0.1200000000000000900 ) ) ;
#2479 = EDGE_LOOP ( 'NONE', ( #6857, #2738, #3247, #5958 ) ) ;
#2480 = CARTESIAN_POINT ( 'NONE',  ( -1.625848074029413200, 2.120848074029412900, 2.169999999999999900 ) ) ;
#2481 = VERTEX_POINT ( 'NONE', #1675 ) ;
#2482 = CIRCLE ( 'NONE', #9526, 0.1074999999999993300 ) ;
#2483 = ORIENTED_EDGE ( 'NONE', *, *, #3407, .F. ) ;
#2485 = CARTESIAN_POINT ( 'NONE',  ( 1.486333219184712700, -2.157489489435602300, 2.029684651533864700 ) ) ;
#2484 = CARTESIAN_POINT ( 'NONE',  ( -1.685499999999999800, -2.027999999999999100, 2.044999999999999500 ) ) ;
#2486 = LINE ( 'NONE', #10133, #1819 ) ;
#2487 = ORIENTED_EDGE ( 'NONE', *, *, #10412, .T. ) ;
#2488 = EDGE_CURVE ( 'NONE', #8330, #9953, #10684, .T. ) ;
#2489 = DIRECTION ( 'NONE',  ( 0.0000000000000000000, 0.0000000000000000000, -1.000000000000000000 ) ) ;
#2490 = ORIENTED_EDGE ( 'NONE', *, *, #4787, .T. ) ;
#2491 = ORIENTED_EDGE ( 'NONE', *, *, #6919, .F. ) ;
#2492 = ORIENTED_EDGE ( 'NONE', *, *, #10862, .T. ) ;
#2493 = DIRECTION ( 'NONE',  ( -1.000000000000000000, 0.0000000000000000000, 0.0000000000000000000 ) ) ;
#2494 = CYLINDRICAL_SURFACE ( 'NONE', #6328, 0.1035000000000005500 ) ;
#2495 = DIRECTION ( 'NONE',  ( -1.000000000000000000, 0.0000000000000000000, 0.0000000000000000000 ) ) ;
#2496 = CIRCLE ( 'NONE', #8140, 0.2535000000000004500 ) ;
#2497 = DIRECTION ( 'NONE',  ( 0.0000000000000000000, 0.0000000000000000000, -1.000000000000000000 ) ) ;
#2498 = CARTESIAN_POINT ( 'NONE',  ( 0.7070000000000014100, 2.146999999999998900, 0.1200000000000000900 ) ) ;
#2499 = VERTEX_POINT ( 'NONE', #10920 ) ;
#2500 = CARTESIAN_POINT ( 'NONE',  ( -1.618275329115057100, -1.928959051378408500, 2.040035489790283500 ) ) ;
#2501 = CARTESIAN_POINT ( 'NONE',  ( -0.7070000000000014100, 2.246999999999998600, 1.639999999999999900 ) ) ;
#2502 = DIRECTION ( 'NONE',  ( -1.000000000000000000, 0.0000000000000000000, 0.0000000000000000000 ) ) ;
#2503 = ORIENTED_EDGE ( 'NONE', *, *, #8238, .F. ) ;
#2504 = ORIENTED_EDGE ( 'NONE', *, *, #3210, .T. ) ;
#2505 = VERTEX_POINT ( 'NONE', #7617 ) ;
#2506 = ORIENTED_EDGE ( 'NONE', *, *, #5572, .T. ) ;
#2507 = LINE ( 'NONE', #9438, #3563 ) ;
#2508 = ADVANCED_FACE ( 'NONE', ( #6016 ), #1369, .T. ) ;
#2509 = FACE_OUTER_BOUND ( 'NONE', #4506, .T. ) ;
#2510 = EDGE_CURVE ( 'NONE', #1047, #1858, #5480, .T. ) ;
#2511 = DIRECTION ( 'NONE',  ( -0.0000000000000000000, -0.0000000000000000000, 1.000000000000000000 ) ) ;
#2512 = DIRECTION ( 'NONE',  ( 1.000000000000000000, 0.0000000000000000000, 0.0000000000000000000 ) ) ;
#2513 = EDGE_LOOP ( 'NONE', ( #8754, #5641, #2756, #9918 ) ) ;
#2514 = EDGE_CURVE ( 'NONE', #8128, #2709, #2813, .T. ) ;
#2515 = CARTESIAN_POINT ( 'NONE',  ( 1.498499999999999100, 1.772999999999999900, 2.050000000000000300 ) ) ;
#2516 = CARTESIAN_POINT ( 'NONE',  ( 1.380499999999999400, -2.028000000000001400, 2.159999999999999700 ) ) ;
#2517 = ORIENTED_EDGE ( 'NONE', *, *, #3649, .T. ) ;
#2518 = ORIENTED_EDGE ( 'NONE', *, *, #288, .F. ) ;
#2519 = CARTESIAN_POINT ( 'NONE',  ( 1.497500000000000300, 1.515499999999999600, 0.3700000000000001100 ) ) ;
#2520 = ORIENTED_EDGE ( 'NONE', *, *, #7119, .F. ) ;
#2521 = CIRCLE ( 'NONE', #273, 0.1474999999999994600 ) ;
#2522 = CARTESIAN_POINT ( 'NONE',  ( -0.7070000000000014100, 2.246999999999998600, 1.605000000000000000 ) ) ;
#2523 = VERTEX_POINT ( 'NONE', #4448 ) ;
#2524 = VECTOR ( 'NONE', #10140, 39.37007874015748100 ) ;
#2525 = CARTESIAN_POINT ( 'NONE',  ( 0.9274999999999999900, 1.926500000000000300, 2.050000000000000300 ) ) ;
#2526 = EDGE_LOOP ( 'NONE', ( #5115, #8072, #244, #9785 ) ) ;
#2527 = CARTESIAN_POINT ( 'NONE',  ( 1.081000000000000400, -1.890999999999999800, 0.1200000000000000900 ) ) ;
#2528 = EDGE_CURVE ( 'NONE', #1307, #4037, #10550, .T. ) ;
#2529 = EDGE_CURVE ( 'NONE', #7319, #9714, #7104, .T. ) ;
#2530 = CARTESIAN_POINT ( 'NONE',  ( -1.498499999999999100, 1.847999999999999900, 1.564999999999999700 ) ) ;
#2531 = AXIS2_PLACEMENT_3D ( 'NONE', #5502, #7977, #424 ) ;
#2532 = EDGE_CURVE ( 'NONE', #3817, #8132, #10975, .T. ) ;
#2533 = EDGE_LOOP ( 'NONE', ( #8364, #9428, #8226, #9688 ) ) ;
#2534 = LINE ( 'NONE', #10546, #10261 ) ;
#2535 = PLANE ( 'NONE',  #9264 ) ;
#2536 = DIRECTION ( 'NONE',  ( -1.000000000000000000, 0.0000000000000000000, 0.0000000000000000000 ) ) ;
#2537 = VERTEX_POINT ( 'NONE', #7650 ) ;
#2538 = CARTESIAN_POINT ( 'NONE',  ( -1.498499999999999100, -1.619499999999999500, 2.050000000000000300 ) ) ;
#2539 = DIRECTION ( 'NONE',  ( -1.000000000000000000, 0.0000000000000000000, 0.0000000000000000000 ) ) ;
#2540 = AXIS2_PLACEMENT_3D ( 'NONE', #10958, #9272, #4187 ) ;
#2541 = LINE ( 'NONE', #10808, #9998 ) ;
#2542 = EDGE_CURVE ( 'NONE', #1568, #5541, #6161, .T. ) ;
#2543 = DIRECTION ( 'NONE',  ( -1.000000000000000000, 0.0000000000000000000, 0.0000000000000000000 ) ) ;
#2544 = DIRECTION ( 'NONE',  ( 0.0000000000000000000, 0.0000000000000000000, 1.000000000000000000 ) ) ;
#2545 = FACE_BOUND ( 'NONE', #9969, .T. ) ;
#2546 = ORIENTED_EDGE ( 'NONE', *, *, #10889, .F. ) ;
#2547 = VECTOR ( 'NONE', #5308, 39.37007874015748100 ) ;
#2548 = CARTESIAN_POINT ( 'NONE',  ( 0.7070000000000014100, -1.926500000000000300, 2.050000000000000300 ) ) ;
#2549 = AXIS2_PLACEMENT_3D ( 'NONE', #10809, #9845, #5618 ) ;
#2550 = AXIS2_PLACEMENT_3D ( 'NONE', #7904, #5510, #4578 ) ;
#2551 = EDGE_CURVE ( 'NONE', #8847, #5513, #1640, .T. ) ;
#2552 = CARTESIAN_POINT ( 'NONE',  ( -1.081000000000000400, -1.823000000000000000, 1.639999999999999900 ) ) ;
#2553 = CARTESIAN_POINT ( 'NONE',  ( 0.7070000000000014100, 2.196999999999999200, 1.630000000000000100 ) ) ;
#2554 = LINE ( 'NONE', #6291, #10157 ) ;
#2555 = PERSON_AND_ORGANIZATION ( #5159, #4153 ) ;
#2556 = CARTESIAN_POINT ( 'NONE',  ( -1.459259842519685700, 2.027999999999999600, 1.919999999999999700 ) ) ;
#2557 = ADVANCED_FACE ( 'NONE', ( #1496 ), #9884, .T. ) ;
#2558 = CARTESIAN_POINT ( 'NONE',  ( 1.502508932639995400, 2.129472331882377400, 2.044999999999999500 ) ) ;
#2559 = DIRECTION ( 'NONE',  ( 0.0000000000000000000, 0.0000000000000000000, -1.000000000000000000 ) ) ;
#2560 = DIRECTION ( 'NONE',  ( -0.0000000000000000000, -0.0000000000000000000, -1.000000000000000000 ) ) ;
#2561 = CIRCLE ( 'NONE', #6414, 0.1575000000000004500 ) ;
#2562 = AXIS2_PLACEMENT_3D ( 'NONE', #915, #6862, #5092 ) ;
#2563 = FACE_OUTER_BOUND ( 'NONE', #2716, .T. ) ;
#2564 = DIRECTION ( 'NONE',  ( 0.0000000000000000000, 0.0000000000000000000, -1.000000000000000000 ) ) ;
#2565 = DIRECTION ( 'NONE',  ( -1.000000000000000000, 0.0000000000000000000, 0.0000000000000000000 ) ) ;
#2566 = DIRECTION ( 'NONE',  ( 1.000000000000000000, 0.0000000000000000000, 0.0000000000000000000 ) ) ;
#2567 = VERTEX_POINT ( 'NONE', #7008 ) ;
#2568 = DIRECTION ( 'NONE',  ( -1.000000000000000000, 1.272782003896287900E-015, 0.0000000000000000000 ) ) ;
#2569 = CYLINDRICAL_SURFACE ( 'NONE', #8259, 0.02499999999999987000 ) ;
#2570 = ORIENTED_EDGE ( 'NONE', *, *, #1930, .T. ) ;
#2571 = TOROIDAL_SURFACE ( 'NONE', #5738, 0.2285000000000004500, 0.02500000000000000100 ) ;
#2572 = VERTEX_POINT ( 'NONE', #8783 ) ;
#2573 = ORIENTED_EDGE ( 'NONE', *, *, #1383, .F. ) ;
#2574 = DIRECTION ( 'NONE',  ( -1.000000000000000000, 0.0000000000000000000, 0.0000000000000000000 ) ) ;
#2575 = ORIENTED_EDGE ( 'NONE', *, *, #3646, .F. ) ;
#2576 = DIRECTION ( 'NONE',  ( -1.000000000000000000, 0.0000000000000000000, 0.0000000000000000000 ) ) ;
#2577 = DIRECTION ( 'NONE',  ( -1.000000000000000000, 0.0000000000000000000, 0.0000000000000000000 ) ) ;
#2578 = EDGE_CURVE ( 'NONE', #352, #5390, #7618, .T. ) ;
#2579 = EDGE_CURVE ( 'NONE', #11057, #4654, #3911, .T. ) ;
#2580 = ORIENTED_EDGE ( 'NONE', *, *, #7764, .F. ) ;
#2581 = ORIENTED_EDGE ( 'NONE', *, *, #9054, .F. ) ;
#2582 = VECTOR ( 'NONE', #8524, 39.37007874015748100 ) ;
#2583 = AXIS2_PLACEMENT_3D ( 'NONE', #5222, #143, #1763 ) ;
#2584 = DIRECTION ( 'NONE',  ( 0.5000000000000024400, 0.8660254037844371500, 0.0000000000000000000 ) ) ;
#2585 = ORIENTED_EDGE ( 'NONE', *, *, #234, .F. ) ;
#2586 = FACE_OUTER_BOUND ( 'NONE', #3438, .T. ) ;
#2587 = ORIENTED_EDGE ( 'NONE', *, *, #7448, .T. ) ;
#2588 = DIRECTION ( 'NONE',  ( 1.000000000000000000, 0.0000000000000000000, 0.0000000000000000000 ) ) ;
#2589 = ORIENTED_EDGE ( 'NONE', *, *, #3113, .T. ) ;
#2590 = VERTEX_POINT ( 'NONE', #1106 ) ;
#2591 = DIRECTION ( 'NONE',  ( -1.000000000000000000, 0.0000000000000000000, 0.0000000000000000000 ) ) ;
#2592 = DIRECTION ( 'NONE',  ( 0.0000000000000000000, -1.000000000000000000, 0.0000000000000000000 ) ) ;
#2593 = VECTOR ( 'NONE', #3621, 39.37007874015748100 ) ;
#2594 = EDGE_LOOP ( 'NONE', ( #4610, #7291, #7129, #217 ) ) ;
#2595 = LINE ( 'NONE', #569, #4321 ) ;
#2596 = CARTESIAN_POINT ( 'NONE',  ( -0.7070000000000014100, 1.926500000000000300, 2.050000000000000300 ) ) ;
#2597 = FACE_OUTER_BOUND ( 'NONE', #5306, .T. ) ;
#2598 = ORIENTED_EDGE ( 'NONE', *, *, #3225, .T. ) ;
#2599 = AXIS2_PLACEMENT_3D ( 'NONE', #7525, #4989, #697 ) ;
#2600 = CARTESIAN_POINT ( 'NONE',  ( 1.398500000000000300, 1.515499999999999600, 0.3700000000000001100 ) ) ;
#2601 = EDGE_CURVE ( 'NONE', #5914, #2128, #9633, .T. ) ;
#2602 = DIRECTION ( 'NONE',  ( -1.000000000000000000, 0.0000000000000000000, 0.0000000000000000000 ) ) ;
#2603 = ORIENTED_EDGE ( 'NONE', *, *, #4426, .T. ) ;
#2604 = EDGE_CURVE ( 'NONE', #2725, #7245, #7491, .T. ) ;
#2605 = DIRECTION ( 'NONE',  ( -0.0000000000000000000, -0.0000000000000000000, 1.000000000000000000 ) ) ;
#2607 = DIRECTION ( 'NONE',  ( -0.0000000000000000000, -0.0000000000000000000, 1.000000000000000000 ) ) ;
#2606 = DIRECTION ( 'NONE',  ( -0.0000000000000000000, -0.0000000000000000000, 1.000000000000000000 ) ) ;
#2608 = CARTESIAN_POINT ( 'NONE',  ( -1.538000000000000500, -2.027999999999999100, 2.044999999999999500 ) ) ;
#2609 = CARTESIAN_POINT ( 'NONE',  ( -1.447610603195934200, -2.144559027730144100, 2.010322595159089100 ) ) ;
#2610 = DIRECTION ( 'NONE',  ( -1.000000000000000000, 0.0000000000000000000, 0.0000000000000000000 ) ) ;
#2611 = ORIENTED_EDGE ( 'NONE', *, *, #2290, .T. ) ;
#2612 = LINE ( 'NONE', #2702, #10730 ) ;
#2613 = DIRECTION ( 'NONE',  ( 0.8660254037844372600, -0.5000000000000024400, 0.0000000000000000000 ) ) ;
#2614 = LINE ( 'NONE', #1161, #358 ) ;
#2615 = ORIENTED_EDGE ( 'NONE', *, *, #1249, .F. ) ;
#2616 = CIRCLE ( 'NONE', #2636, 0.2285000000000003100 ) ;
#2617 = ADVANCED_FACE ( 'NONE', ( #4413 ), #5422, .F. ) ;
#2618 = ORIENTED_EDGE ( 'NONE', *, *, #1457, .T. ) ;
#2619 = CARTESIAN_POINT ( 'NONE',  ( -1.625848074029412800, -2.216949358009806700, 0.04805064199019536800 ) ) ;
#2620 = CARTESIAN_POINT ( 'NONE',  ( 1.081000000000000400, -1.926500000000000300, 1.605000000000000000 ) ) ;
#2621 = EDGE_LOOP ( 'NONE', ( #7585, #2221 ) ) ;
#2622 = AXIS2_PLACEMENT_3D ( 'NONE', #2273, #4685, #8241 ) ;
#2623 = EDGE_LOOP ( 'NONE', ( #7954, #7055, #232, #1801, #5571, #10409, #7146, #1862 ) ) ;
#2624 = AXIS2_PLACEMENT_3D ( 'NONE', #4495, #10459, #5347 ) ;
#2625 = DIRECTION ( 'NONE',  ( -0.0000000000000000000, -0.0000000000000000000, 1.000000000000000000 ) ) ;
#2626 = VERTEX_POINT ( 'NONE', #299 ) ;
#2627 = TOROIDAL_SURFACE ( 'NONE', #4175, 0.1074999999999994000, 0.04000000000000000100 ) ;
#2628 = CARTESIAN_POINT ( 'NONE',  ( -1.081000000000000400, 1.926500000000000300, 1.564999999999999700 ) ) ;
#2629 = VECTOR ( 'NONE', #9381, 39.37007874015748100 ) ;
#2630 = ORIENTED_EDGE ( 'NONE', *, *, #8794, .F. ) ;
#2631 = EDGE_LOOP ( 'NONE', ( #904, #4873, #9576, #7923 ) ) ;
#2632 = ORIENTED_EDGE ( 'NONE', *, *, #583, .T. ) ;
#2633 = EDGE_LOOP ( 'NONE', ( #8131, #5501 ) ) ;
#2634 = CIRCLE ( 'NONE', #7260, 0.2035000000000004300 ) ;
#2635 = DIRECTION ( 'NONE',  ( 0.0000000000000000000, 0.0000000000000000000, -1.000000000000000000 ) ) ;
#2636 = AXIS2_PLACEMENT_3D ( 'NONE', #7112, #10449, #5343 ) ;
#2637 = FACE_BOUND ( 'NONE', #9947, .T. ) ;
#2638 = EDGE_CURVE ( 'NONE', #75, #5721, #570, .T. ) ;
#2639 = ORIENTED_EDGE ( 'NONE', *, *, #9458, .T. ) ;
#2640 = ORIENTED_EDGE ( 'NONE', *, *, #380, .T. ) ;
#2641 = CARTESIAN_POINT ( 'NONE',  ( 1.498499999999999100, -1.823000000000000000, 1.580000000000000100 ) ) ;
#2642 = ORIENTED_EDGE ( 'NONE', *, *, #3647, .T. ) ;
#2643 = AXIS2_PLACEMENT_3D ( 'NONE', #3213, #9260, #5009 ) ;
#2644 = ORIENTED_EDGE ( 'NONE', *, *, #2529, .T. ) ;
#2645 = TOROIDAL_SURFACE ( 'NONE', #7677, 0.09610128398039072300, 0.04805064199019536800 ) ;
#2646 = DIRECTION ( 'NONE',  ( -0.0000000000000000000, -0.0000000000000000000, -1.000000000000000000 ) ) ;
#2647 = EDGE_LOOP ( 'NONE', ( #10729, #10049, #1187, #9206 ) ) ;
#2648 = CARTESIAN_POINT ( 'NONE',  ( 1.497499999999999800, -1.515499999999999600, 0.1200000000000000900 ) ) ;
#2649 = VECTOR ( 'NONE', #10820, 39.37007874015748100 ) ;
#2650 = DIRECTION ( 'NONE',  ( 0.0000000000000000000, 0.0000000000000000000, -1.000000000000000000 ) ) ;
#2651 = CARTESIAN_POINT ( 'NONE',  ( 1.701999999999999500, 1.619499999999999500, 1.630000000000000100 ) ) ;
#2652 = VERTEX_POINT ( 'NONE', #443 ) ;
#2653 = EDGE_CURVE ( 'NONE', #7375, #8893, #2007, .T. ) ;
#2654 = ORIENTED_EDGE ( 'NONE', *, *, #1502, .T. ) ;
#2655 = EDGE_CURVE ( 'NONE', #7900, #3549, #4806, .T. ) ;
#2656 = DIRECTION ( 'NONE',  ( -0.0000000000000000000, -0.0000000000000000000, -1.000000000000000000 ) ) ;
#2657 = ORIENTED_EDGE ( 'NONE', *, *, #326, .F. ) ;
#2658 = CIRCLE ( 'NONE', #4471, 0.2035000000000004300 ) ;
#2659 = CARTESIAN_POINT ( 'NONE',  ( -0.9774999999999999200, 1.926500000000000300, 1.639999999999999900 ) ) ;
#2660 = CARTESIAN_POINT ( 'NONE',  ( 1.482251619347311900, 2.164559027730145000, 2.004999999999999400 ) ) ;
#2661 = ORIENTED_EDGE ( 'NONE', *, *, #7045, .F. ) ;
#2662 = CARTESIAN_POINT ( 'NONE',  ( 1.625848074029415400, -2.265000000000001000, 1.580000000000000100 ) ) ;
#2663 = CARTESIAN_POINT ( 'NONE',  ( 1.616740157480315100, 2.027999999999999100, 1.919999999999999700 ) ) ;
#2664 = ORIENTED_EDGE ( 'NONE', *, *, #6882, .F. ) ;
#2665 = DIRECTION ( 'NONE',  ( 0.0000000000000000000, 0.0000000000000000000, -1.000000000000000000 ) ) ;
#2666 = VECTOR ( 'NONE', #10686, 39.37007874015748100 ) ;
#2667 = AXIS2_PLACEMENT_3D ( 'NONE', #9890, #3039, #3917 ) ;
#2668 = EDGE_CURVE ( 'NONE', #10714, #5914, #9756, .T. ) ;
#2669 = EDGE_CURVE ( 'NONE', #6036, #1380, #2147, .T. ) ;
#2670 = ADVANCED_FACE ( 'NONE', ( #10151 ), #6423, .T. ) ;
#2671 = CC_DESIGN_PERSON_AND_ORGANIZATION_ASSIGNMENT ( #2555, #295, ( #329 ) ) ;
#2672 = EDGE_CURVE ( 'NONE', #5452, #9668, #9077, .T. ) ;
#2673 = CYLINDRICAL_SURFACE ( 'NONE', #6266, 0.1035000000000005500 ) ;
#2674 = CARTESIAN_POINT ( 'NONE',  ( 1.045499999999999900, 1.926500000000000300, 1.580000000000000100 ) ) ;
#2675 = MANIFOLD_SOLID_BREP ( 'Fillet6', #9995 ) ;
#2676 = CARTESIAN_POINT ( 'NONE',  ( -1.538000000000000500, -2.027999999999999600, 0.1200000000000000900 ) ) ;
#2677 = CARTESIAN_POINT ( 'NONE',  ( 1.616740157480315100, -2.027999999999999600, 1.267500000000000100 ) ) ;
#2678 = CARTESIAN_POINT ( 'NONE',  ( -1.701999999999999500, 1.619499999999999500, 1.639999999999999900 ) ) ;
#2679 = AXIS2_PLACEMENT_3D ( 'NONE', #8605, #3767, #1638 ) ;
#2680 = ADVANCED_FACE ( 'NONE', ( #6827 ), #433, .T. ) ;
#2681 = AXIS2_PLACEMENT_3D ( 'NONE', #9932, #3355, #3155 ) ;
#2682 = VECTOR ( 'NONE', #9631, 39.37007874015748100 ) ;
#2683 = EDGE_CURVE ( 'NONE', #1269, #1, #3343, .T. ) ;
#2684 = ORIENTED_EDGE ( 'NONE', *, *, #8579, .T. ) ;
#2685 = CIRCLE ( 'NONE', #2323, 0.2704999999999985200 ) ;
#2686 = CARTESIAN_POINT ( 'NONE',  ( 1.498499999999999100, -1.772999999999999900, 0.1200000000000000900 ) ) ;
#2687 = DIRECTION ( 'NONE',  ( -1.000000000000000000, 0.0000000000000000000, 0.0000000000000000000 ) ) ;
#2688 = CARTESIAN_POINT ( 'NONE',  ( 1.081000000000000400, 1.823000000000000000, 1.630000000000000100 ) ) ;
#2689 = VECTOR ( 'NONE', #645, 39.37007874015748100 ) ;
#2690 = DIRECTION ( 'NONE',  ( 1.000000000000000000, 0.0000000000000000000, 0.0000000000000000000 ) ) ;
#2691 = CIRCLE ( 'NONE', #5172, 0.3204999999999985100 ) ;
#2692 = AXIS2_PLACEMENT_3D ( 'NONE', #10030, #7506, #5003 ) ;
#2693 = AXIS2_PLACEMENT_3D ( 'NONE', #3799, #4670, #10635 ) ;
#2694 = DIRECTION ( 'NONE',  ( -0.0000000000000000000, -0.0000000000000000000, 1.000000000000000000 ) ) ;
#2695 = CARTESIAN_POINT ( 'NONE',  ( 1.625848074029415400, 2.264999999999998800, 2.121949358009804300 ) ) ;
#2696 = CIRCLE ( 'NONE', #7553, 0.03550000000000048300 ) ;
#2697 = FACE_OUTER_BOUND ( 'NONE', #7552, .T. ) ;
#2698 = EDGE_LOOP ( 'NONE', ( #9397, #10780, #2249, #6064 ) ) ;
#2699 = DIRECTION ( 'NONE',  ( -0.0000000000000000000, -0.0000000000000000000, 1.000000000000000000 ) ) ;
#2700 = ORIENTED_EDGE ( 'NONE', *, *, #2407, .F. ) ;
#2701 = DIRECTION ( 'NONE',  ( 1.000000000000000000, 0.0000000000000000000, 0.0000000000000000000 ) ) ;
#2702 = CARTESIAN_POINT ( 'NONE',  ( -1.498499999999999100, 1.873000000000000000, 1.639999999999999900 ) ) ;
#2703 = AXIS2_PLACEMENT_3D ( 'NONE', #5153, #784, #5078 ) ;
#2704 = ORIENTED_EDGE ( 'NONE', *, *, #9588, .F. ) ;
#2705 = CARTESIAN_POINT ( 'NONE',  ( -1.459259842519685700, -2.027999999999999600, 1.919999999999999700 ) ) ;
#2706 = CYLINDRICAL_SURFACE ( 'NONE', #9614, 0.02499999999999987000 ) ;
#2707 = VECTOR ( 'NONE', #1796, 39.37007874015748100 ) ;
#2708 = EDGE_CURVE ( 'NONE', #9780, #11057, #1116, .T. ) ;
#2709 = VERTEX_POINT ( 'NONE', #2723 ) ;
#2710 = DIRECTION ( 'NONE',  ( -1.000000000000000000, 0.0000000000000000000, 0.0000000000000000000 ) ) ;
#2711 = ORIENTED_EDGE ( 'NONE', *, *, #5442, .F. ) ;
#2712 = CARTESIAN_POINT ( 'NONE',  ( 0.7070000000000014100, 2.146999999999998900, 1.630000000000000100 ) ) ;
#2713 = EDGE_CURVE ( 'NONE', #466, #2709, #2947, .T. ) ;
#2714 = VERTEX_POINT ( 'NONE', #2660 ) ;
#2715 = ADVANCED_FACE ( 'NONE', ( #1875 ), #7873, .F. ) ;
#2716 = EDGE_LOOP ( 'NONE', ( #2506, #7312, #1811, #1583, #4040, #8926 ) ) ;
#2717 = ORIENTED_EDGE ( 'NONE', *, *, #10594, .T. ) ;
#2718 = LINE ( 'NONE', #753, #8862 ) ;
#2719 = CARTESIAN_POINT ( 'NONE',  ( -1.769999999999998900, -2.120848074029416000, 2.121949358009804300 ) ) ;
#2720 = CIRCLE ( 'NONE', #2944, 0.05350000000000053300 ) ;
#2721 = ORIENTED_EDGE ( 'NONE', *, *, #716, .T. ) ;
#2722 = CARTESIAN_POINT ( 'NONE',  ( 1.081000000000000400, 1.926500000000000300, 1.630000000000000100 ) ) ;
#2723 = CARTESIAN_POINT ( 'NONE',  ( -1.027499999999999900, -1.926500000000000300, 1.639999999999999900 ) ) ;
#2724 = CARTESIAN_POINT ( 'NONE',  ( 1.081000000000000400, 1.823000000000000000, 1.639999999999999900 ) ) ;
#2725 = VERTEX_POINT ( 'NONE', #208 ) ;
#2726 = DIRECTION ( 'NONE',  ( 0.0000000000000000000, 0.0000000000000000000, 1.000000000000000000 ) ) ;
#2727 = EDGE_CURVE ( 'NONE', #2447, #11038, #294, .T. ) ;
#2728 = EDGE_CURVE ( 'NONE', #747, #9676, #9356, .T. ) ;
#2729 = AXIS2_PLACEMENT_3D ( 'NONE', #6800, #8539, #3419 ) ;
#2730 = CARTESIAN_POINT ( 'NONE',  ( 1.081000000000000400, -1.823000000000000000, 1.639999999999999900 ) ) ;
#2731 = ORIENTED_EDGE ( 'NONE', *, *, #1184, .F. ) ;
#2732 = FACE_OUTER_BOUND ( 'NONE', #146, .T. ) ;
#2733 = CIRCLE ( 'NONE', #1302, 0.009999999999999892700 ) ;
#2734 = ADVANCED_FACE ( 'NONE', ( #5217 ), #5199, .F. ) ;
#2735 = VERTEX_POINT ( 'NONE', #1004 ) ;
#2736 = CARTESIAN_POINT ( 'NONE',  ( 1.081000000000000400, 1.926500000000000300, 1.564999999999999700 ) ) ;
#2737 = CIRCLE ( 'NONE', #8063, 0.05350000000000053300 ) ;
#2738 = ORIENTED_EDGE ( 'NONE', *, *, #922, .F. ) ;
#2739 = DIRECTION ( 'NONE',  ( -1.000000000000000000, 0.0000000000000000000, 0.0000000000000000000 ) ) ;
#2740 = ORIENTED_EDGE ( 'NONE', *, *, #5570, .F. ) ;
#2741 = ORIENTED_EDGE ( 'NONE', *, *, #2942, .F. ) ;
#2742 = ORIENTED_EDGE ( 'NONE', *, *, #2250, .T. ) ;
#2743 = FACE_OUTER_BOUND ( 'NONE', #677, .T. ) ;
#2744 = AXIS2_PLACEMENT_3D ( 'NONE', #5431, #9830, #6290 ) ;
#2745 = ORIENTED_EDGE ( 'NONE', *, *, #9924, .F. ) ;
#2746 = AXIS2_PLACEMENT_3D ( 'NONE', #10020, #4926, #10894 ) ;
#2747 = DIRECTION ( 'NONE',  ( -1.000000000000000000, 0.0000000000000000000, 0.0000000000000000000 ) ) ;
#2748 = EDGE_CURVE ( 'NONE', #8653, #9399, #10418, .T. ) ;
#2749 = LINE ( 'NONE', #984, #8360 ) ;
#2750 = DIRECTION ( 'NONE',  ( -0.0000000000000000000, -0.0000000000000000000, -1.000000000000000000 ) ) ;
#2751 = ORIENTED_EDGE ( 'NONE', *, *, #7978, .T. ) ;
#2752 = CARTESIAN_POINT ( 'NONE',  ( -1.455462238198014200, -2.130959596984054900, 2.037079749950507800 ) ) ;
#2753 = CARTESIAN_POINT ( 'NONE',  ( -1.027499999999999900, 1.926500000000000300, 1.564999999999999700 ) ) ;
#2754 = CARTESIAN_POINT ( 'NONE',  ( -1.498499999999999100, 1.619499999999999500, 1.564999999999999700 ) ) ;
#2755 = ORIENTED_EDGE ( 'NONE', *, *, #10434, .F. ) ;
#2756 = ORIENTED_EDGE ( 'NONE', *, *, #10946, .T. ) ;
#2757 = VERTEX_POINT ( 'NONE', #246 ) ;
#2758 = VECTOR ( 'NONE', #2584, 39.37007874015748100 ) ;
#2759 = FACE_OUTER_BOUND ( 'NONE', #10388, .T. ) ;
#2760 = DIRECTION ( 'NONE',  ( -0.0000000000000000000, -0.0000000000000000000, 1.000000000000000000 ) ) ;
#2761 = VERTEX_POINT ( 'NONE', #6132 ) ;
#2762 = AXIS2_PLACEMENT_3D ( 'NONE', #4164, #4923, #11001 ) ;
#2763 = AXIS2_PLACEMENT_3D ( 'NONE', #7061, #8705, #9507 ) ;
#2764 = DIRECTION ( 'NONE',  ( 1.000000000000000000, 0.0000000000000000000, 0.0000000000000000000 ) ) ;
#2765 = EDGE_CURVE ( 'NONE', #9579, #3271, #10964, .T. ) ;
#2766 = DIRECTION ( 'NONE',  ( -0.0000000000000000000, -0.0000000000000000000, 1.000000000000000000 ) ) ;
#2767 = ORIENTED_EDGE ( 'NONE', *, *, #4956, .T. ) ;
#2768 = ORIENTED_EDGE ( 'NONE', *, *, #2529, .F. ) ;
#2769 = EDGE_LOOP ( 'NONE', ( #8179, #6579, #3278, #8457 ) ) ;
#2770 = CARTESIAN_POINT ( 'NONE',  ( -0.7070000000000014100, 2.196999999999998700, 1.540000000000000000 ) ) ;
#2771 = VERTEX_POINT ( 'NONE', #1869 ) ;
#2772 = TOROIDAL_SURFACE ( 'NONE', #9472, 0.09610128398039072300, 0.04805064199019536800 ) ;
#2773 = CYLINDRICAL_SURFACE ( 'NONE', #428, 0.1035000000000005500 ) ;
#2774 = ORIENTED_EDGE ( 'NONE', *, *, #3336, .F. ) ;
#2775 = DIRECTION ( 'NONE',  ( -0.0000000000000000000, -0.0000000000000000000, -1.000000000000000000 ) ) ;
#2776 = ADVANCED_FACE ( 'NONE', ( #4674 ), #9875, .F. ) ;
#2777 = AXIS2_PLACEMENT_3D ( 'NONE', #3589, #1995, #7961 ) ;
#2778 = VERTEX_POINT ( 'NONE', #10291 ) ;
#2779 = DIRECTION ( 'NONE',  ( -0.0000000000000000000, -0.0000000000000000000, -1.000000000000000000 ) ) ;
#2780 = FACE_BOUND ( 'NONE', #1690, .T. ) ;
#2781 = DIRECTION ( 'NONE',  ( 0.0000000000000000000, 0.0000000000000000000, 1.000000000000000000 ) ) ;
#2782 = ORIENTED_EDGE ( 'NONE', *, *, #1230, .F. ) ;
#2783 = LINE ( 'NONE', #5890, #5197 ) ;
#2784 = ORIENTED_EDGE ( 'NONE', *, *, #3063, .F. ) ;
#2785 = DIRECTION ( 'NONE',  ( -0.0000000000000000000, -0.0000000000000000000, 1.000000000000000000 ) ) ;
#2786 = AXIS2_PLACEMENT_3D ( 'NONE', #10064, #7353, #4062 ) ;
#2787 = PLANE ( 'NONE',  #4473 ) ;
#2788 = CARTESIAN_POINT ( 'NONE',  ( -1.027499999999999900, 1.926500000000000300, 1.639999999999999900 ) ) ;
#2789 = ORIENTED_EDGE ( 'NONE', *, *, #9727, .T. ) ;
#2790 = CARTESIAN_POINT ( 'NONE',  ( -1.081000000000000400, 1.823000000000000000, 1.630000000000000100 ) ) ;
#2791 = PLANE ( 'NONE',  #9308 ) ;
#2792 = FACE_OUTER_BOUND ( 'NONE', #1912, .T. ) ;
#2793 = ADVANCED_FACE ( 'NONE', ( #8810 ), #8682, .T. ) ;
#2794 = CARTESIAN_POINT ( 'NONE',  ( 1.498499999999999100, -1.619499999999999500, 1.580000000000000100 ) ) ;
#2795 = EDGE_CURVE ( 'NONE', #4037, #5660, #162, .T. ) ;
#2796 = CARTESIAN_POINT ( 'NONE',  ( 1.380499999999999400, -2.028000000000001400, 1.919999999999999700 ) ) ;
#2797 = AXIS2_PLACEMENT_3D ( 'NONE', #169, #3495, #7724 ) ;
#2798 = DIRECTION ( 'NONE',  ( -0.5000000000000023300, 0.8660254037844371500, 0.0000000000000000000 ) ) ;
#2799 = CARTESIAN_POINT ( 'NONE',  ( 1.081000000000000400, -1.890999999999999800, -0.3943848084544492900 ) ) ;
#2800 = DIRECTION ( 'NONE',  ( 1.000000000000000000, 0.0000000000000000000, 0.0000000000000000000 ) ) ;
#2801 = LINE ( 'NONE', #1538, #561 ) ;
#2802 = DIRECTION ( 'NONE',  ( -0.0000000000000000000, -0.0000000000000000000, 1.000000000000000000 ) ) ;
#2803 = VECTOR ( 'NONE', #356, 39.37007874015748100 ) ;
#2804 = DIRECTION ( 'NONE',  ( -1.000000000000000000, 0.0000000000000000000, 0.0000000000000000000 ) ) ;
#2805 = AXIS2_PLACEMENT_3D ( 'NONE', #7815, #6177, #8748 ) ;
#2806 = VERTEX_POINT ( 'NONE', #8621 ) ;
#2807 = LINE ( 'NONE', #4485, #2547 ) ;
#2808 = DIRECTION ( 'NONE',  ( -1.000000000000000000, 0.0000000000000000000, 0.0000000000000000000 ) ) ;
#2809 = EDGE_CURVE ( 'NONE', #9567, #2897, #7096, .T. ) ;
#2810 = DIRECTION ( 'NONE',  ( -1.000000000000000000, 0.0000000000000000000, 0.0000000000000000000 ) ) ;
#2811 = CARTESIAN_POINT ( 'NONE',  ( -1.081000000000000400, -1.926500000000000300, 1.630000000000000100 ) ) ;
#2812 = ADVANCED_FACE ( 'NONE', ( #10677 ), #836, .F. ) ;
#2813 = CIRCLE ( 'NONE', #9207, 0.3204999999999985100 ) ;
#2814 = DATE_AND_TIME ( #10824, #2019 ) ;
#2816 = DIRECTION ( 'NONE',  ( -0.0000000000000000000, -0.0000000000000000000, 1.000000000000000000 ) ) ;
#2815 = CARTESIAN_POINT ( 'NONE',  ( -0.7070000000000014100, 2.221999999999998600, 1.564999999999999700 ) ) ;
#2817 = DIRECTION ( 'NONE',  ( 0.0000000000000000000, 1.000000000000000000, 0.0000000000000000000 ) ) ;
#2818 = DIRECTION ( 'NONE',  ( -0.0000000000000000000, -0.0000000000000000000, -1.000000000000000000 ) ) ;
#2819 = CARTESIAN_POINT ( 'NONE',  ( 1.651999999999999500, -1.619499999999999500, 0.1200000000000000900 ) ) ;
#2820 = AXIS2_PLACEMENT_3D ( 'NONE', #10948, #7541, #4893 ) ;
#2821 = AXIS2_PLACEMENT_3D ( 'NONE', #7056, #10355, #5237 ) ;
#2822 = EDGE_CURVE ( 'NONE', #9328, #8742, #1629, .T. ) ;
#2823 = ADVANCED_FACE ( 'NONE', ( #10814 ), #7613, .F. ) ;
#2824 = VECTOR ( 'NONE', #231, 39.37007874015748100 ) ;
#2825 = DIRECTION ( 'NONE',  ( 0.0000000000000000000, 0.0000000000000000000, 1.000000000000000000 ) ) ;
#2826 = FACE_OUTER_BOUND ( 'NONE', #7680, .T. ) ;
#2827 = ORIENTED_EDGE ( 'NONE', *, *, #3923, .F. ) ;
#2828 = DIRECTION ( 'NONE',  ( 1.000000000000000000, 3.704200669375285700E-015, 0.0000000000000000000 ) ) ;
#2829 = CARTESIAN_POINT ( 'NONE',  ( 0.7070000000000014100, -1.926500000000000300, 1.639999999999999900 ) ) ;
#2830 = LINE ( 'NONE', #5796, #8706 ) ;
#2831 = AXIS2_PLACEMENT_3D ( 'NONE', #5540, #2188, #10536 ) ;
#2832 = ORIENTED_EDGE ( 'NONE', *, *, #2638, .F. ) ;
#2833 = VECTOR ( 'NONE', #896, 39.37007874015748100 ) ;
#2834 = ORIENTED_EDGE ( 'NONE', *, *, #8805, .T. ) ;
#2835 = EDGE_CURVE ( 'NONE', #4980, #7157, #7352, .T. ) ;
#2836 = ORIENTED_EDGE ( 'NONE', *, *, #2653, .T. ) ;
#2837 = VERTEX_POINT ( 'NONE', #1941 ) ;
#2838 = ADVANCED_FACE ( 'NONE', ( #6156 ), #3863, .T. ) ;
#2839 = DIRECTION ( 'NONE',  ( 1.000000000000000000, 1.931999995519277300E-016, 0.0000000000000000000 ) ) ;
#2840 = DIRECTION ( 'NONE',  ( 0.0000000000000000000, 0.0000000000000000000, 1.000000000000000000 ) ) ;
#2841 = DIRECTION ( 'NONE',  ( -1.000000000000000000, 0.0000000000000000000, 0.0000000000000000000 ) ) ;
#2842 = CARTESIAN_POINT ( 'NONE',  ( 1.573491067360004900, 1.926527668117621100, 2.044999999999999500 ) ) ;
#2843 = VERTEX_POINT ( 'NONE', #8767 ) ;
#2844 = LINE ( 'NONE', #3159, #5644 ) ;
#2845 = LINE ( 'NONE', #5392, #1155 ) ;
#2846 = ORIENTED_EDGE ( 'NONE', *, *, #7214, .T. ) ;
#2847 = ORIENTED_EDGE ( 'NONE', *, *, #234, .T. ) ;
#2848 = CARTESIAN_POINT ( 'NONE',  ( -1.538000000000000500, -2.027999999999999600, 1.919999999999999700 ) ) ;
#2850 = DIRECTION ( 'NONE',  ( 1.000000000000000000, 0.0000000000000000000, 0.0000000000000000000 ) ) ;
#2849 = DIRECTION ( 'NONE',  ( 0.0000000000000000000, 0.0000000000000000000, 1.000000000000000000 ) ) ;
#2851 = EDGE_CURVE ( 'NONE', #8636, #2843, #5340, .T. ) ;
#2853 = DIRECTION ( 'NONE',  ( -0.0000000000000000000, -0.0000000000000000000, -1.000000000000000000 ) ) ;
#2852 = VECTOR ( 'NONE', #9319, 39.37007874015748100 ) ;
#2854 = EDGE_LOOP ( 'NONE', ( #10627, #8081 ) ) ;
#2855 = FACE_OUTER_BOUND ( 'NONE', #345, .T. ) ;
#2856 = EDGE_CURVE ( 'NONE', #7425, #7157, #9623, .T. ) ;
#2857 = FACE_OUTER_BOUND ( 'NONE', #11008, .T. ) ;
#2858 = VERTEX_POINT ( 'NONE', #1158 ) ;
#2859 = ORIENTED_EDGE ( 'NONE', *, *, #4363, .F. ) ;
#2860 = DIRECTION ( 'NONE',  ( 0.0000000000000000000, 0.0000000000000000000, 1.000000000000000000 ) ) ;
#2861 = EDGE_LOOP ( 'NONE', ( #2985, #66, #6801, #514 ) ) ;
#2862 = ORIENTED_EDGE ( 'NONE', *, *, #11021, .T. ) ;
#2863 = DIRECTION ( 'NONE',  ( -0.5000000000000024400, -0.8660254037844371500, 0.0000000000000000000 ) ) ;
#2864 = DIRECTION ( 'NONE',  ( -1.000000000000000000, 0.0000000000000000000, 0.0000000000000000000 ) ) ;
#2865 = VERTEX_POINT ( 'NONE', #10577 ) ;
#2866 = ORIENTED_EDGE ( 'NONE', *, *, #9799, .F. ) ;
#2867 = CARTESIAN_POINT ( 'NONE',  ( 1.685499999999999800, -2.027999999999999100, 2.004999999999999400 ) ) ;
#2868 = EDGE_LOOP ( 'NONE', ( #1066, #3801, #10939, #898 ) ) ;
#2869 = CARTESIAN_POINT ( 'NONE',  ( 1.081000000000000400, -1.890999999999999800, 1.580000000000000100 ) ) ;
#2870 = FACE_OUTER_BOUND ( 'NONE', #10037, .T. ) ;
#2871 = CIRCLE ( 'NONE', #524, 0.1535000000000004100 ) ;
#2872 = EDGE_LOOP ( 'NONE', ( #1209, #9600, #1414, #10995 ) ) ;
#2873 = CARTESIAN_POINT ( 'NONE',  ( 1.498499999999999100, 1.772999999999999900, 0.1200000000000000900 ) ) ;
#2874 = AXIS2_PLACEMENT_3D ( 'NONE', #8424, #701, #3231 ) ;
#2875 = CIRCLE ( 'NONE', #5564, 0.07874015748031476500 ) ;
#2876 = EDGE_CURVE ( 'NONE', #1851, #4837, #4951, .T. ) ;
#2877 = EDGE_CURVE ( 'NONE', #4991, #1590, #2411, .T. ) ;
#2878 = AXIS2_PLACEMENT_3D ( 'NONE', #430, #1361, #8206 ) ;
#2879 = ORIENTED_EDGE ( 'NONE', *, *, #6537, .F. ) ;
#2880 = EDGE_CURVE ( 'NONE', #9780, #11057, #8950, .T. ) ;
#2881 = ORIENTED_EDGE ( 'NONE', *, *, #2095, .F. ) ;
#2882 = EDGE_LOOP ( 'NONE', ( #100, #2320, #6083, #182, #5010 ) ) ;
#2883 = EDGE_LOOP ( 'NONE', ( #10733, #2120, #279, #9338, #4372, #535 ) ) ;
#2884 = CARTESIAN_POINT ( 'NONE',  ( -0.7070000000000014100, 1.926500000000000300, 1.630000000000000100 ) ) ;
#2885 = VECTOR ( 'NONE', #2124, 39.37007874015748100 ) ;
#2886 = CARTESIAN_POINT ( 'NONE',  ( 1.721949358009806200, -2.120848074029415100, 2.169999999999999900 ) ) ;
#2887 = ADVANCED_FACE ( 'NONE', ( #3066 ), #7221, .F. ) ;
#2888 = FACE_OUTER_BOUND ( 'NONE', #9859, .T. ) ;
#2889 = DIRECTION ( 'NONE',  ( -0.0000000000000000000, -0.0000000000000000000, -1.000000000000000000 ) ) ;
#2890 = VERTEX_POINT ( 'NONE', #7102 ) ;
#2891 = ORIENTED_EDGE ( 'NONE', *, *, #1374, .F. ) ;
#2892 = AXIS2_PLACEMENT_3D ( 'NONE', #2936, #8152, #7160 ) ;
#2893 = ORIENTED_EDGE ( 'NONE', *, *, #3997, .T. ) ;
#2894 = AXIS2_PLACEMENT_3D ( 'NONE', #2941, #1319, #8910 ) ;
#2895 = DIRECTION ( 'NONE',  ( 1.000000000000000000, 0.0000000000000000000, 0.0000000000000000000 ) ) ;
#2896 = EDGE_CURVE ( 'NONE', #9801, #4123, #3602, .T. ) ;
#2897 = VERTEX_POINT ( 'NONE', #8836 ) ;
#2898 = CIRCLE ( 'NONE', #1558, 0.2704999999999984600 ) ;
#2899 = DIRECTION ( 'NONE',  ( -1.000000000000000000, 0.0000000000000000000, 0.0000000000000000000 ) ) ;
#2900 = DIRECTION ( 'NONE',  ( -0.0000000000000000000, -0.0000000000000000000, -1.000000000000000000 ) ) ;
#2901 = CIRCLE ( 'NONE', #9766, 0.05350000000000053300 ) ;
#2902 = DIRECTION ( 'NONE',  ( -0.0000000000000000000, -0.0000000000000000000, -1.000000000000000000 ) ) ;
#2903 = CARTESIAN_POINT ( 'NONE',  ( 0.7070000000000014100, 2.146999999999998900, 0.1200000000000000900 ) ) ;
#2904 = ORIENTED_EDGE ( 'NONE', *, *, #10099, .T. ) ;
#2905 = ORIENTED_EDGE ( 'NONE', *, *, #1626, .T. ) ;
#2906 = ORIENTED_EDGE ( 'NONE', *, *, #9324, .T. ) ;
#2907 = ORIENTED_EDGE ( 'NONE', *, *, #6382, .T. ) ;
#2908 = DIRECTION ( 'NONE',  ( -1.000000000000000000, 0.0000000000000000000, 0.0000000000000000000 ) ) ;
#2909 = ORIENTED_EDGE ( 'NONE', *, *, #571, .T. ) ;
#2910 = VECTOR ( 'NONE', #2817, 39.37007874015748100 ) ;
#2911 = CARTESIAN_POINT ( 'NONE',  ( 0.7070000000000014100, 2.146999999999998900, 0.1200000000000000900 ) ) ;
#2912 = AXIS2_PLACEMENT_3D ( 'NONE', #9092, #4843, #2165 ) ;
#2913 = ORIENTED_EDGE ( 'NONE', *, *, #10665, .F. ) ;
#2914 = FACE_OUTER_BOUND ( 'NONE', #8908, .T. ) ;
#2915 = AXIS2_PLACEMENT_3D ( 'NONE', #8965, #9728, #9831 ) ;
#2916 = CARTESIAN_POINT ( 'NONE',  ( -1.538000000000000500, -2.027999999999999100, 2.004999999999999400 ) ) ;
#2917 = EDGE_CURVE ( 'NONE', #5395, #10966, #2279, .T. ) ;
#2918 = ORIENTED_EDGE ( 'NONE', *, *, #10503, .F. ) ;
#2919 = CARTESIAN_POINT ( 'NONE',  ( -1.447610603195933500, 2.144559027730145000, 2.004999999999999400 ) ) ;
#2920 = DIRECTION ( 'NONE',  ( -1.224646799147353200E-016, 1.000000000000000000, 0.0000000000000000000 ) ) ;
#2921 = CARTESIAN_POINT ( 'NONE',  ( -1.538000000000000500, -2.027999999999999600, 1.580000000000000100 ) ) ;
#2922 = ORIENTED_EDGE ( 'NONE', *, *, #4177, .F. ) ;
#2923 = ORIENTED_EDGE ( 'NONE', *, *, #3790, .T. ) ;
#2924 = LINE ( 'NONE', #8537, #2121 ) ;
#2925 = DIRECTION ( 'NONE',  ( -0.0000000000000000000, -0.0000000000000000000, 1.000000000000000000 ) ) ;
#2926 = DIRECTION ( 'NONE',  ( 1.000000000000000000, 0.0000000000000000000, -0.0000000000000000000 ) ) ;
#2927 = VERTEX_POINT ( 'NONE', #316 ) ;
#2928 = CARTESIAN_POINT ( 'NONE',  ( -1.482784982789620000, 2.163635215149166700, 2.015547868860738200 ) ) ;
#2929 = AXIS2_PLACEMENT_3D ( 'NONE', #4739, #1401, #1368 ) ;
#2930 = CARTESIAN_POINT ( 'NONE',  ( 1.538000000000000500, -2.027999999999999100, 2.044999999999999500 ) ) ;
#2931 = ORIENTED_EDGE ( 'NONE', *, *, #3228, .F. ) ;
#2932 = ADVANCED_FACE ( 'NONE', ( #23 ), #3720, .F. ) ;
#2933 = DIRECTION ( 'NONE',  ( 0.0000000000000000000, 0.0000000000000000000, -1.000000000000000000 ) ) ;
#2934 = VECTOR ( 'NONE', #1251, 39.37007874015748100 ) ;
#2935 = DIRECTION ( 'NONE',  ( -0.0000000000000000000, -0.0000000000000000000, -1.000000000000000000 ) ) ;
#2937 = DIRECTION ( 'NONE',  ( 0.0000000000000000000, 0.0000000000000000000, -1.000000000000000000 ) ) ;
#2936 = CARTESIAN_POINT ( 'NONE',  ( -1.340000000000000500, 1.515499999999999600, 0.3700000000000001100 ) ) ;
#2938 = CARTESIAN_POINT ( 'NONE',  ( 0.9774999999999999200, 1.926500000000000300, 1.639999999999999900 ) ) ;
#2939 = CIRCLE ( 'NONE', #8403, 0.2704999999999984600 ) ;
#2940 = ADVANCED_FACE ( 'NONE', ( #6556, #10537, #2545, #4269, #6701 ), #9740, .F. ) ;
#2941 = CARTESIAN_POINT ( 'NONE',  ( -1.081000000000000400, 1.926500000000000300, 1.630000000000000100 ) ) ;
#2942 = EDGE_CURVE ( 'NONE', #6007, #5373, #6006, .T. ) ;
#2943 = EDGE_CURVE ( 'NONE', #2505, #4118, #8282, .T. ) ;
#2944 = AXIS2_PLACEMENT_3D ( 'NONE', #6001, #9248, #7632 ) ;
#2945 = PLANE ( 'NONE',  #10761 ) ;
#2946 = CARTESIAN_POINT ( 'NONE',  ( 1.183500000000000000, -2.027999999999999100, 0.0000000000000000000 ) ) ;
#2947 = LINE ( 'NONE', #9599, #6970 ) ;
#2948 = FACE_OUTER_BOUND ( 'NONE', #9926, .T. ) ;
#2949 = AXIS2_PLACEMENT_3D ( 'NONE', #4265, #947, #6093 ) ;
#2950 = AXIS2_PLACEMENT_3D ( 'NONE', #2187, #3001, #7227 ) ;
#2951 = CARTESIAN_POINT ( 'NONE',  ( -1.484836854275143800, 2.160081269485638200, 2.025280118416169700 ) ) ;
#2952 = LINE ( 'NONE', #6705, #6299 ) ;
#2953 = EDGE_CURVE ( 'NONE', #5402, #1026, #6279, .T. ) ;
#2954 = LINE ( 'NONE', #5813, #4966 ) ;
#2955 = DIRECTION ( 'NONE',  ( -1.000000000000000000, 0.0000000000000000000, 0.0000000000000000000 ) ) ;
#2956 = CARTESIAN_POINT ( 'NONE',  ( -1.538000000000000500, -2.027999999999999100, 2.004999999999999400 ) ) ;
#2958 = CARTESIAN_POINT ( 'NONE',  ( -0.7070000000000014100, 1.926500000000000300, -0.3943848084544492900 ) ) ;
#2957 = DIRECTION ( 'NONE',  ( -0.0000000000000000000, -0.0000000000000000000, 1.000000000000000000 ) ) ;
#2959 = FACE_OUTER_BOUND ( 'NONE', #8150, .T. ) ;
#2960 = CIRCLE ( 'NONE', #6235, 0.04805064199019536800 ) ;
#2961 = ORIENTED_EDGE ( 'NONE', *, *, #6688, .F. ) ;
#2962 = AXIS2_PLACEMENT_3D ( 'NONE', #7248, #2136, #8103 ) ;
#2963 = VERTEX_POINT ( 'NONE', #5551 ) ;
#2964 = AXIS2_PLACEMENT_3D ( 'NONE', #2144, #6521, #10675 ) ;
#2965 = EDGE_CURVE ( 'NONE', #3271, #1002, #3665, .T. ) ;
#2966 = DIRECTION ( 'NONE',  ( -0.0000000000000000000, -0.0000000000000000000, 1.000000000000000000 ) ) ;
#2967 = EDGE_LOOP ( 'NONE', ( #4759, #10035, #9280, #6887 ) ) ;
#2968 = DIRECTION ( 'NONE',  ( -0.0000000000000000000, -0.0000000000000000000, -1.000000000000000000 ) ) ;
#2969 = FACE_OUTER_BOUND ( 'NONE', #8258, .T. ) ;
#2970 = TOROIDAL_SURFACE ( 'NONE', #692, 0.09610128398039072300, 0.04805064199019536800 ) ;
#2971 = ORIENTED_EDGE ( 'NONE', *, *, #7422, .F. ) ;
#2972 = DIRECTION ( 'NONE',  ( -1.000000000000000000, 0.0000000000000000000, 0.0000000000000000000 ) ) ;
#2973 = ORIENTED_EDGE ( 'NONE', *, *, #8023, .F. ) ;
#2974 = ADVANCED_FACE ( 'NONE', ( #2870 ), #8356, .T. ) ;
#2975 = CARTESIAN_POINT ( 'NONE',  ( 1.645499999999999700, 2.027999999999999100, 2.044999999999999500 ) ) ;
#2976 = VERTEX_POINT ( 'NONE', #550 ) ;
#2977 = DIRECTION ( 'NONE',  ( -1.000000000000000000, 0.0000000000000000000, 0.0000000000000000000 ) ) ;
#2978 = DIRECTION ( 'NONE',  ( 0.0000000000000000000, 0.0000000000000000000, 1.000000000000000000 ) ) ;
#2979 = AXIS2_PLACEMENT_3D ( 'NONE', #9238, #4981, #1716 ) ;
#2980 = ORIENTED_EDGE ( 'NONE', *, *, #9821, .F. ) ;
#2981 = EDGE_LOOP ( 'NONE', ( #1044, #7638, #9309, #10631 ) ) ;
#2982 = TOROIDAL_SURFACE ( 'NONE', #704, 0.1074999999999994000, 0.04000000000000000100 ) ;
#2983 = ORIENTED_EDGE ( 'NONE', *, *, #5262, .F. ) ;
#2984 = LINE ( 'NONE', #2393, #9670 ) ;
#2985 = ORIENTED_EDGE ( 'NONE', *, *, #4669, .F. ) ;
#2986 = CARTESIAN_POINT ( 'NONE',  ( 1.613410759851399800, 1.937384732500002000, 2.043974741639081200 ) ) ;
#2987 = DIRECTION ( 'NONE',  ( -0.0000000000000000000, -0.0000000000000000000, 1.000000000000000000 ) ) ;
#2988 = AXIS2_PLACEMENT_3D ( 'NONE', #5940, #6814, #6670 ) ;
#2989 = DIRECTION ( 'NONE',  ( 1.000000000000000000, 0.0000000000000000000, 0.0000000000000000000 ) ) ;
#2990 = ADVANCED_FACE ( 'NONE', ( #9293 ), #467, .T. ) ;
#2991 = DIRECTION ( 'NONE',  ( 1.000000000000000000, 0.0000000000000000000, 0.0000000000000000000 ) ) ;
#2992 = ORIENTED_EDGE ( 'NONE', *, *, #9656, .T. ) ;
#2993 = FACE_OUTER_BOUND ( 'NONE', #5253, .T. ) ;
#2994 = DIRECTION ( 'NONE',  ( 0.0000000000000000000, 0.0000000000000000000, 1.000000000000000000 ) ) ;
#2995 = TOROIDAL_SURFACE ( 'NONE', #10632, 0.07850000000000047200, 0.02500000000000000100 ) ;
#2996 = ORIENTED_EDGE ( 'NONE', *, *, #1536, .T. ) ;
#2997 = DIRECTION ( 'NONE',  ( 0.0000000000000000000, -1.000000000000000000, 0.0000000000000000000 ) ) ;
#2998 = LINE ( 'NONE', #8514, #9282 ) ;
#2999 = DIRECTION ( 'NONE',  ( 0.0000000000000000000, 0.0000000000000000000, 1.000000000000000000 ) ) ;
#3000 = ORIENTED_EDGE ( 'NONE', *, *, #2877, .F. ) ;
#3001 = DIRECTION ( 'NONE',  ( 0.0000000000000000000, 0.0000000000000000000, -1.000000000000000000 ) ) ;
#3002 = EDGE_CURVE ( 'NONE', #2714, #7030, #7289, .T. ) ;
#3003 = ORIENTED_EDGE ( 'NONE', *, *, #10801, .T. ) ;
#3004 = ORIENTED_EDGE ( 'NONE', *, *, #6616, .T. ) ;
#3005 = ORIENTED_EDGE ( 'NONE', *, *, #3462, .T. ) ;
#3006 = FACE_OUTER_BOUND ( 'NONE', #8717, .T. ) ;
#3007 = CARTESIAN_POINT ( 'NONE',  ( 1.498499999999999100, -1.823000000000000000, 1.540000000000000000 ) ) ;
#3008 = ORIENTED_EDGE ( 'NONE', *, *, #7332, .T. ) ;
#3009 = DIRECTION ( 'NONE',  ( 0.0000000000000000000, 0.0000000000000000000, 1.000000000000000000 ) ) ;
#3010 = CIRCLE ( 'NONE', #1501, 0.1441519259705861500 ) ;
#3011 = DIRECTION ( 'NONE',  ( -1.000000000000000000, 0.0000000000000000000, 0.0000000000000000000 ) ) ;
#3012 = ORIENTED_EDGE ( 'NONE', *, *, #10150, .T. ) ;
#3013 = CARTESIAN_POINT ( 'NONE',  ( 0.7070000000000014100, -1.926500000000000300, 1.630000000000000100 ) ) ;
#3014 = ORIENTED_EDGE ( 'NONE', *, *, #1626, .F. ) ;
#3015 = CARTESIAN_POINT ( 'NONE',  ( 0.7070000000000014100, -2.246999999999998600, 1.540000000000000000 ) ) ;
#3016 = EDGE_LOOP ( 'NONE', ( #6586, #5529, #3441, #454 ) ) ;
#3017 = DIRECTION ( 'NONE',  ( -0.0000000000000000000, -0.0000000000000000000, 1.000000000000000000 ) ) ;
#3018 = CARTESIAN_POINT ( 'NONE',  ( 1.497499999999999800, -1.515499999999999600, 0.3700000000000001100 ) ) ;
#3019 = AXIS2_PLACEMENT_3D ( 'NONE', #3371, #4302, #3476 ) ;
#3020 = EDGE_CURVE ( 'NONE', #10476, #1179, #7810, .T. ) ;
#3021 = CIRCLE ( 'NONE', #7611, 0.009999999999999892700 ) ;
#3022 = EDGE_CURVE ( 'NONE', #5810, #6240, #3541, .T. ) ;
#3023 = EDGE_CURVE ( 'NONE', #394, #11020, #634, .T. ) ;
#3024 = VECTOR ( 'NONE', #2853, 39.37007874015748100 ) ;
#3025 = ORIENTED_EDGE ( 'NONE', *, *, #1798, .F. ) ;
#3026 = CARTESIAN_POINT ( 'NONE',  ( -0.7070000000000014100, -2.146999999999998900, 0.1200000000000000900 ) ) ;
#3027 = VERTEX_POINT ( 'NONE', #8093 ) ;
#3028 = ORIENTED_EDGE ( 'NONE', *, *, #10174, .T. ) ;
#3029 = EDGE_LOOP ( 'NONE', ( #4180, #7707, #5424, #11046 ) ) ;
#3030 = ORIENTED_EDGE ( 'NONE', *, *, #3873, .T. ) ;
#3031 = FACE_OUTER_BOUND ( 'NONE', #408, .T. ) ;
#3032 = DIRECTION ( 'NONE',  ( -1.000000000000000000, -3.086833891146059900E-016, 0.0000000000000000000 ) ) ;
#3033 = FACE_OUTER_BOUND ( 'NONE', #793, .T. ) ;
#3034 = ADVANCED_FACE ( 'NONE', ( #6490 ), #4840, .F. ) ;
#3035 = ORIENTED_EDGE ( 'NONE', *, *, #5262, .T. ) ;
#3036 = AXIS2_PLACEMENT_3D ( 'NONE', #1618, #3162, #8345 ) ;
#3037 = CARTESIAN_POINT ( 'NONE',  ( 1.538000000000000500, 2.027999999999999600, 1.267500000000000100 ) ) ;
#3038 = AXIS2_PLACEMENT_3D ( 'NONE', #7493, #5734, #3979 ) ;
#3039 = DIRECTION ( 'NONE',  ( 0.0000000000000000000, 0.0000000000000000000, 1.000000000000000000 ) ) ;
#3040 = EDGE_CURVE ( 'NONE', #10744, #9056, #1693, .T. ) ;
#3042 = CARTESIAN_POINT ( 'NONE',  ( -1.538000000000000500, 2.027999999999999600, 2.159999999999999700 ) ) ;
#3041 = DIRECTION ( 'NONE',  ( 0.0000000000000000000, 0.0000000000000000000, -1.000000000000000000 ) ) ;
#3043 = CARTESIAN_POINT ( 'NONE',  ( 0.7070000000000014100, 1.926500000000000300, 0.1200000000000000900 ) ) ;
#3044 = ORIENTED_EDGE ( 'NONE', *, *, #3590, .T. ) ;
#3045 = CIRCLE ( 'NONE', #1967, 0.1474999999999994600 ) ;
#3046 = DIRECTION ( 'NONE',  ( -0.0000000000000000000, -0.0000000000000000000, -1.000000000000000000 ) ) ;
#3047 = ORIENTED_EDGE ( 'NONE', *, *, #983, .F. ) ;
#3048 = FACE_OUTER_BOUND ( 'NONE', #7014, .T. ) ;
#3049 = ORIENTED_EDGE ( 'NONE', *, *, #5739, .F. ) ;
#3050 = ADVANCED_FACE ( 'NONE', ( #3006 ), #3860, .T. ) ;
#3051 = CARTESIAN_POINT ( 'NONE',  ( 1.393102622522006500, 2.146999999999999400, -0.3943848084544492900 ) ) ;
#3052 = CARTESIAN_POINT ( 'NONE',  ( 1.726999999999999400, -1.619499999999999500, 1.540000000000000000 ) ) ;
#3053 = AXIS2_PLACEMENT_3D ( 'NONE', #5709, #1474, #587 ) ;
#3054 = VERTEX_POINT ( 'NONE', #1327 ) ;
#3055 = ORIENTED_EDGE ( 'NONE', *, *, #3845, .F. ) ;
#3056 = EDGE_CURVE ( 'NONE', #4592, #7789, #6760, .T. ) ;
#3057 = CARTESIAN_POINT ( 'NONE',  ( -1.498499999999999100, -1.772999999999999900, 0.1200000000000000900 ) ) ;
#3058 = CARTESIAN_POINT ( 'NONE',  ( -1.370500000000000100, -2.027999999999999600, 2.159999999999999700 ) ) ;
#3059 = VECTOR ( 'NONE', #1253, 39.37007874015748100 ) ;
#3060 = CARTESIAN_POINT ( 'NONE',  ( 1.701999999999999500, -1.619499999999999500, 1.630000000000000100 ) ) ;
#3061 = CYLINDRICAL_SURFACE ( 'NONE', #8963, 0.02499999999999987000 ) ;
#3062 = DIRECTION ( 'NONE',  ( 1.000000000000000000, 0.0000000000000000000, 0.0000000000000000000 ) ) ;
#3063 = EDGE_CURVE ( 'NONE', #1151, #499, #7673, .T. ) ;
#3064 = CARTESIAN_POINT ( 'NONE',  ( -1.721949358009804000, 2.264999999999998800, 2.121949358009804300 ) ) ;
#3065 = EDGE_CURVE ( 'NONE', #7672, #10259, #5407, .T. ) ;
#3066 = FACE_OUTER_BOUND ( 'NONE', #9151, .T. ) ;
#3067 = CIRCLE ( 'NONE', #6174, 0.2035000000000004300 ) ;
#3069 = DIRECTION ( 'NONE',  ( -0.0000000000000000000, -0.0000000000000000000, 1.000000000000000000 ) ) ;
#3068 = DIRECTION ( 'NONE',  ( 0.5000000000000023300, -0.8660254037844371500, 0.0000000000000000000 ) ) ;
#3070 = DIRECTION ( 'NONE',  ( 0.0000000000000000000, 1.000000000000000000, 0.0000000000000000000 ) ) ;
#3071 = FACE_OUTER_BOUND ( 'NONE', #6596, .T. ) ;
#3072 = CARTESIAN_POINT ( 'NONE',  ( 1.593215017210380300, -1.892364784850831600, 2.015547868860737300 ) ) ;
#3073 = AXIS2_PLACEMENT_3D ( 'NONE', #6866, #2646, #959 ) ;
#3074 = DIRECTION ( 'NONE',  ( -1.000000000000000000, 0.0000000000000000000, 0.0000000000000000000 ) ) ;
#3075 = SHAPE_DEFINITION_REPRESENTATION ( #2157, #10053 ) ;
#3076 = EDGE_CURVE ( 'NONE', #9801, #5679, #10480, .T. ) ;
#3077 = EDGE_CURVE ( 'NONE', #7988, #4576, #5544, .T. ) ;
#3078 = CARTESIAN_POINT ( 'NONE',  ( 1.081000000000000400, 1.873000000000000000, 1.639999999999999900 ) ) ;
#3079 = AXIS2_PLACEMENT_3D ( 'NONE', #7351, #4803, #585 ) ;
#3080 = EDGE_CURVE ( 'NONE', #7175, #1804, #1942, .T. ) ;
#3081 = ADVANCED_FACE ( 'NONE', ( #226 ), #9558, .F. ) ;
#3082 = DIRECTION ( 'NONE',  ( 0.0000000000000000000, 0.0000000000000000000, 1.000000000000000000 ) ) ;
#3083 = CARTESIAN_POINT ( 'NONE',  ( -1.498499999999999100, 1.619499999999999500, 1.630000000000000100 ) ) ;
#3084 = CARTESIAN_POINT ( 'NONE',  ( -1.591163145724856500, 1.895918730514359400, 2.025280118416168800 ) ) ;
#3085 = FACE_OUTER_BOUND ( 'NONE', #7469, .T. ) ;
#3086 = CIRCLE ( 'NONE', #6165, 0.2204999999999984500 ) ;
#3087 = EDGE_LOOP ( 'NONE', ( #8637, #1906, #8612, #4617 ) ) ;
#3088 = CARTESIAN_POINT ( 'NONE',  ( -1.593748380652688600, -1.891440972269853100, 2.004999999999999400 ) ) ;
#3089 = DIRECTION ( 'NONE',  ( 0.0000000000000000000, 0.0000000000000000000, -1.000000000000000000 ) ) ;
#3090 = AXIS2_PLACEMENT_3D ( 'NONE', #8809, #1913, #4523 ) ;
#3091 = AXIS2_PLACEMENT_3D ( 'NONE', #6982, #6150, #8647 ) ;
#3092 = DIRECTION ( 'NONE',  ( 1.000000000000000000, 3.704200669375285700E-015, 0.0000000000000000000 ) ) ;
#3093 = ADVANCED_FACE ( 'NONE', ( #7034 ), #9814, .F. ) ;
#3094 = EDGE_CURVE ( 'NONE', #6446, #5276, #9419, .T. ) ;
#3095 = DIRECTION ( 'NONE',  ( -0.0000000000000000000, -0.0000000000000000000, 1.000000000000000000 ) ) ;
#3096 = FACE_OUTER_BOUND ( 'NONE', #3622, .T. ) ;
#3097 = DIRECTION ( 'NONE',  ( 1.000000000000000000, 0.0000000000000000000, 0.0000000000000000000 ) ) ;
#3098 = VERTEX_POINT ( 'NONE', #1470 ) ;
#3099 = VECTOR ( 'NONE', #6134, 39.37007874015748100 ) ;
#3100 = ORIENTED_EDGE ( 'NONE', *, *, #10547, .T. ) ;
#3101 = ORIENTED_EDGE ( 'NONE', *, *, #10723, .F. ) ;
#3102 = ORIENTED_EDGE ( 'NONE', *, *, #3629, .F. ) ;
#3103 = CARTESIAN_POINT ( 'NONE',  ( 1.625848074029415400, 2.120848074029412900, 1.605000000000000000 ) ) ;
#3104 = CARTESIAN_POINT ( 'NONE',  ( -1.751999999999999600, -1.619499999999999500, 1.540000000000000000 ) ) ;
#3105 = DIRECTION ( 'NONE',  ( -0.0000000000000000000, -0.0000000000000000000, 1.000000000000000000 ) ) ;
#3106 = DIRECTION ( 'NONE',  ( -0.0000000000000000000, -0.0000000000000000000, -1.000000000000000000 ) ) ;
#3107 = ORIENTED_EDGE ( 'NONE', *, *, #3214, .T. ) ;
#3108 = VECTOR ( 'NONE', #8693, 39.37007874015748100 ) ;
#3109 = AXIS2_PLACEMENT_3D ( 'NONE', #1028, #478, #1341 ) ;
#3110 = CYLINDRICAL_SURFACE ( 'NONE', #6442, 0.1535000000000005500 ) ;
#3111 = ORIENTED_EDGE ( 'NONE', *, *, #9012, .T. ) ;
#3112 = AXIS2_PLACEMENT_3D ( 'NONE', #8076, #7264, #2032 ) ;
#3113 = EDGE_CURVE ( 'NONE', #9426, #8776, #11028, .T. ) ;
#3114 = DIRECTION ( 'NONE',  ( -1.000000000000000000, 0.0000000000000000000, 0.0000000000000000000 ) ) ;
#3115 = DIRECTION ( 'NONE',  ( -0.0000000000000000000, -0.0000000000000000000, -1.000000000000000000 ) ) ;
#3116 = DIRECTION ( 'NONE',  ( -0.0000000000000000000, -0.0000000000000000000, 1.000000000000000000 ) ) ;
#3117 = CARTESIAN_POINT ( 'NONE',  ( -1.340000000000000500, 1.515499999999999600, 0.3700000000000001100 ) ) ;
#3118 = CARTESIAN_POINT ( 'NONE',  ( -0.7070000000000014100, 1.926500000000000300, 1.540000000000000000 ) ) ;
#3119 = VECTOR ( 'NONE', #9534, 39.37007874015748100 ) ;
#3120 = ORIENTED_EDGE ( 'NONE', *, *, #10862, .F. ) ;
#3121 = FACE_OUTER_BOUND ( 'NONE', #9004, .T. ) ;
#3122 = DIRECTION ( 'NONE',  ( 0.0000000000000000000, 0.0000000000000000000, 1.000000000000000000 ) ) ;
#3123 = VECTOR ( 'NONE', #9876, 39.37007874015748100 ) ;
#3124 = EDGE_LOOP ( 'NONE', ( #1323, #4704, #5441, #5150 ) ) ;
#3125 = DIRECTION ( 'NONE',  ( -1.000000000000000000, -0.0000000000000000000, -0.0000000000000000000 ) ) ;
#3126 = CARTESIAN_POINT ( 'NONE',  ( -1.573491067360004900, 1.926527668117621100, 2.044999999999999500 ) ) ;
#3127 = VERTEX_POINT ( 'NONE', #2420 ) ;
#3128 = ORIENTED_EDGE ( 'NONE', *, *, #8835, .T. ) ;
#3129 = ORIENTED_EDGE ( 'NONE', *, *, #4651, .T. ) ;
#3130 = ORIENTED_EDGE ( 'NONE', *, *, #5168, .F. ) ;
#3131 = CARTESIAN_POINT ( 'NONE',  ( 1.726999999999999400, -1.619499999999999500, 1.540000000000000000 ) ) ;
#3132 = CYLINDRICAL_SURFACE ( 'NONE', #3073, 0.1474999999999994600 ) ;
#3133 = CARTESIAN_POINT ( 'NONE',  ( -1.685499999999999800, -2.027999999999999100, 1.919999999999999700 ) ) ;
#3134 = VECTOR ( 'NONE', #1563, 39.37007874015748100 ) ;
#3135 = ORIENTED_EDGE ( 'NONE', *, *, #4525, .T. ) ;
#3136 = PLANE ( 'NONE',  #10557 ) ;
#3137 = CARTESIAN_POINT ( 'NONE',  ( -0.7070000000000014100, -2.196999999999998700, 1.580000000000000100 ) ) ;
#3138 = CIRCLE ( 'NONE', #2703, 0.1035000000000005500 ) ;
#3139 = ORIENTED_EDGE ( 'NONE', *, *, #2809, .F. ) ;
#3140 = ADVANCED_FACE ( 'NONE', ( #4736 ), #8393, .F. ) ;
#3141 = DIRECTION ( 'NONE',  ( 1.000000000000000000, 0.0000000000000000000, 0.0000000000000000000 ) ) ;
#3142 = VERTEX_POINT ( 'NONE', #6716 ) ;
#3143 = CARTESIAN_POINT ( 'NONE',  ( 1.027499999999999900, 1.926500000000000300, 1.540000000000000000 ) ) ;
#3144 = ORIENTED_EDGE ( 'NONE', *, *, #6860, .F. ) ;
#3145 = CARTESIAN_POINT ( 'NONE',  ( -1.277250000000000400, 2.027999999999999100, 0.0000000000000000000 ) ) ;
#3146 = VERTEX_POINT ( 'NONE', #9174 ) ;
#3147 = LINE ( 'NONE', #9164, #11041 ) ;
#3148 = DIRECTION ( 'NONE',  ( 1.000000000000000000, -0.0000000000000000000, 0.0000000000000000000 ) ) ;
#3149 = CIRCLE ( 'NONE', #800, 0.1535000000000002800 ) ;
#3150 = EDGE_CURVE ( 'NONE', #3974, #4611, #2482, .T. ) ;
#3151 = EDGE_CURVE ( 'NONE', #10648, #7635, #4476, .T. ) ;
#3152 = DIRECTION ( 'NONE',  ( -0.0000000000000000000, -0.0000000000000000000, -1.000000000000000000 ) ) ;
#3153 = AXIS2_PLACEMENT_3D ( 'NONE', #777, #6839, #2539 ) ;
#3154 = ORIENTED_EDGE ( 'NONE', *, *, #10286, .T. ) ;
#3155 = DIRECTION ( 'NONE',  ( -1.000000000000000000, 0.0000000000000000000, 0.0000000000000000000 ) ) ;
#3156 = ORIENTED_EDGE ( 'NONE', *, *, #445, .T. ) ;
#3157 = EDGE_LOOP ( 'NONE', ( #9220, #3005, #8119, #1211 ) ) ;
#3158 = ADVANCED_FACE ( 'NONE', ( #10741 ), #1420, .T. ) ;
#3159 = CARTESIAN_POINT ( 'NONE',  ( -1.081000000000000400, 1.848000000000000100, 1.540000000000000000 ) ) ;
#3160 = ORIENTED_EDGE ( 'NONE', *, *, #4749, .F. ) ;
#3161 = CYLINDRICAL_SURFACE ( 'NONE', #47, 0.05350000000000053300 ) ;
#3162 = DIRECTION ( 'NONE',  ( 0.0000000000000000000, 0.0000000000000000000, 1.000000000000000000 ) ) ;
#3163 = CIRCLE ( 'NONE', #4189, 0.02499999999999987000 ) ;
#3164 = CARTESIAN_POINT ( 'NONE',  ( -1.498499999999999100, 1.823000000000000000, 1.630000000000000100 ) ) ;
#3165 = DIRECTION ( 'NONE',  ( 0.0000000000000000000, -0.0000000000000000000, -1.000000000000000000 ) ) ;
#3166 = ORIENTED_EDGE ( 'NONE', *, *, #5147, .T. ) ;
#3167 = DIRECTION ( 'NONE',  ( 0.0000000000000000000, -0.0000000000000000000, -1.000000000000000000 ) ) ;
#3168 = CARTESIAN_POINT ( 'NONE',  ( -1.625848074029412800, -2.265000000000002300, 1.580000000000000100 ) ) ;
#3169 = CARTESIAN_POINT ( 'NONE',  ( -1.482251619347311900, -2.164559027730145000, 2.004999999999999400 ) ) ;
#3170 = ORIENTED_EDGE ( 'NONE', *, *, #9171, .T. ) ;
#3171 = AXIS2_PLACEMENT_3D ( 'NONE', #7301, #9111, #3877 ) ;
#3172 = ORIENTED_EDGE ( 'NONE', *, *, #1230, .T. ) ;
#3173 = EDGE_CURVE ( 'NONE', #6057, #636, #10209, .T. ) ;
#3174 = EDGE_CURVE ( 'NONE', #1099, #2128, #2214, .T. ) ;
#3175 = VERTEX_POINT ( 'NONE', #7467 ) ;
#3176 = VECTOR ( 'NONE', #8540, 39.37007874015748100 ) ;
#3177 = ORIENTED_EDGE ( 'NONE', *, *, #1770, .T. ) ;
#3178 = VECTOR ( 'NONE', #7870, 39.37007874015748100 ) ;
#3179 = DIRECTION ( 'NONE',  ( 0.0000000000000000000, 1.000000000000000000, 0.0000000000000000000 ) ) ;
#3180 = EDGE_LOOP ( 'NONE', ( #239, #10523, #3953, #7287 ) ) ;
#3181 = CARTESIAN_POINT ( 'NONE',  ( -1.498499999999999100, 1.772999999999999900, 0.1200000000000000900 ) ) ;
#3182 = CARTESIAN_POINT ( 'NONE',  ( -1.081000000000000400, 1.926500000000000300, 1.564999999999999700 ) ) ;
#3183 = CARTESIAN_POINT ( 'NONE',  ( -0.7070000000000014100, 1.926500000000000300, 1.580000000000000100 ) ) ;
#3184 = ORIENTED_EDGE ( 'NONE', *, *, #1736, .F. ) ;
#3185 = AXIS2_PLACEMENT_3D ( 'NONE', #4799, #9169, #3311 ) ;
#3186 = DIRECTION ( 'NONE',  ( 1.000000000000000000, 0.0000000000000000000, 0.0000000000000000000 ) ) ;
#3187 = ORIENTED_EDGE ( 'NONE', *, *, #1611, .T. ) ;
#3188 = CIRCLE ( 'NONE', #8269, 0.009999999999999892700 ) ;
#3189 = AXIS2_PLACEMENT_3D ( 'NONE', #957, #5094, #5132 ) ;
#3190 = ORIENTED_EDGE ( 'NONE', *, *, #1053, .T. ) ;
#3191 = CARTESIAN_POINT ( 'NONE',  ( 1.628389396804066600, -1.911440972269853500, 2.004999999999999400 ) ) ;
#3192 = EDGE_LOOP ( 'NONE', ( #8854, #10473 ) ) ;
#3193 = ORIENTED_EDGE ( 'NONE', *, *, #1719, .F. ) ;
#3194 = CIRCLE ( 'NONE', #6475, 0.07850000000000040300 ) ;
#3195 = CARTESIAN_POINT ( 'NONE',  ( -1.339999999999999900, -1.515499999999999600, 0.3700000000000001100 ) ) ;
#3196 = AXIS2_PLACEMENT_3D ( 'NONE', #1210, #7847, #2841 ) ;
#3197 = EDGE_CURVE ( 'NONE', #9953, #8330, #3276, .T. ) ;
#3198 = CARTESIAN_POINT ( 'NONE',  ( 1.450194394532882600, -2.140083769858391900, 2.025274302822597200 ) ) ;
#3199 = ADVANCED_FACE ( 'NONE', ( #5017 ), #6217, .T. ) ;
#3200 = CARTESIAN_POINT ( 'NONE',  ( 1.616740157480315100, 2.027999999999999100, 2.169999999999999900 ) ) ;
#3201 = DIRECTION ( 'NONE',  ( -0.0000000000000000000, -0.0000000000000000000, -1.000000000000000000 ) ) ;
#3202 = CARTESIAN_POINT ( 'NONE',  ( -1.583643170655250300, 1.908943709406568400, 2.040029703447726800 ) ) ;
#3203 = FACE_OUTER_BOUND ( 'NONE', #6082, .T. ) ;
#3204 = AXIS2_PLACEMENT_3D ( 'NONE', #6612, #10899, #9133 ) ;
#3205 = CARTESIAN_POINT ( 'NONE',  ( -1.499881317591913900, -2.134023494648385800, 2.045000000000000400 ) ) ;
#3206 = DIRECTION ( 'NONE',  ( 0.0000000000000000000, -1.000000000000000000, 0.0000000000000000000 ) ) ;
#3207 = DIRECTION ( 'NONE',  ( 0.0000000000000000000, -0.0000000000000000000, 1.000000000000000000 ) ) ;
#3208 = ADVANCED_FACE ( 'NONE', ( #10084 ), #7947, .F. ) ;
#3209 = CIRCLE ( 'NONE', #6563, 0.1535000000000004100 ) ;
#3210 = EDGE_CURVE ( 'NONE', #4517, #1681, #3398, .T. ) ;
#3211 = CARTESIAN_POINT ( 'NONE',  ( -1.081000000000000400, -1.823000000000000000, 1.564999999999999700 ) ) ;
#3212 = TOROIDAL_SURFACE ( 'NONE', #6697, 0.2285000000000004500, 0.02500000000000000100 ) ;
#3213 = CARTESIAN_POINT ( 'NONE',  ( 1.081000000000000400, -1.926500000000000300, 1.540000000000000000 ) ) ;
#3214 = EDGE_CURVE ( 'NONE', #8333, #4839, #5671, .T. ) ;
#3215 = DIRECTION ( 'NONE',  ( -1.000000000000000000, 0.0000000000000000000, 0.0000000000000000000 ) ) ;
#3217 = DIRECTION ( 'NONE',  ( 0.0000000000000000000, 0.0000000000000000000, -1.000000000000000000 ) ) ;
#3216 = DIRECTION ( 'NONE',  ( -0.8660254037844372600, -0.5000000000000024400, 0.0000000000000000000 ) ) ;
#3218 = FACE_OUTER_BOUND ( 'NONE', #7593, .T. ) ;
#3219 = VECTOR ( 'NONE', #6268, 39.37007874015748100 ) ;
#3220 = CARTESIAN_POINT ( 'NONE',  ( -1.081000000000000400, -1.823000000000000000, 1.630000000000000100 ) ) ;
#3221 = DIRECTION ( 'NONE',  ( 1.000000000000000000, 0.0000000000000000000, 0.0000000000000000000 ) ) ;
#3222 = AXIS2_PLACEMENT_3D ( 'NONE', #7118, #3765, #379 ) ;
#3223 = CARTESIAN_POINT ( 'NONE',  ( -1.409987305317013300, 1.890999999999998200, -0.3943848084544492900 ) ) ;
#3224 = EDGE_CURVE ( 'NONE', #8708, #2445, #8082, .T. ) ;
#3225 = EDGE_CURVE ( 'NONE', #2976, #5679, #1048, .T. ) ;
#3226 = DIRECTION ( 'NONE',  ( 0.0000000000000000000, 0.0000000000000000000, -1.000000000000000000 ) ) ;
#3227 = LINE ( 'NONE', #7966, #8168 ) ;
#3228 = EDGE_CURVE ( 'NONE', #5200, #3418, #7557, .T. ) ;
#3229 = VECTOR ( 'NONE', #2131, 39.37007874015748100 ) ;
#3230 = ORIENTED_EDGE ( 'NONE', *, *, #2488, .F. ) ;
#3231 = DIRECTION ( 'NONE',  ( 0.0000000000000000000, 0.0000000000000000000, -1.000000000000000000 ) ) ;
#3232 = CARTESIAN_POINT ( 'NONE',  ( -0.7070000000000014100, -1.926500000000000300, 1.630000000000000100 ) ) ;
#3233 = ORIENTED_EDGE ( 'NONE', *, *, #4866, .T. ) ;
#3234 = CARTESIAN_POINT ( 'NONE',  ( -1.593748380652692200, 1.891440972269847100, 2.010319632494771200 ) ) ;
#3235 = EDGE_LOOP ( 'NONE', ( #2618, #7530, #8970, #3961 ) ) ;
#3236 = FACE_OUTER_BOUND ( 'NONE', #10326, .T. ) ;
#3237 = VECTOR ( 'NONE', #824, 39.37007874015748100 ) ;
#3238 = ORIENTED_EDGE ( 'NONE', *, *, #7603, .T. ) ;
#3239 = DIRECTION ( 'NONE',  ( 1.000000000000000000, 0.0000000000000000000, 0.0000000000000000000 ) ) ;
#3240 = AXIS2_PLACEMENT_3D ( 'NONE', #427, #10474, #6270 ) ;
#3241 = EDGE_LOOP ( 'NONE', ( #4390, #7706, #102, #6622 ) ) ;
#3242 = AXIS2_PLACEMENT_3D ( 'NONE', #10188, #10230, #5161 ) ;
#3243 = CARTESIAN_POINT ( 'NONE',  ( -1.498499999999999100, 1.619499999999999500, 1.580000000000000100 ) ) ;
#3244 = EDGE_CURVE ( 'NONE', #1681, #10368, #1177, .T. ) ;
#3245 = CARTESIAN_POINT ( 'NONE',  ( 1.651999999999999500, -1.619499999999999500, 2.050000000000000300 ) ) ;
#3246 = CARTESIAN_POINT ( 'NONE',  ( -0.7070000000000014100, -1.926500000000000300, 1.564999999999999700 ) ) ;
#3247 = ORIENTED_EDGE ( 'NONE', *, *, #6459, .T. ) ;
#3248 = ORIENTED_EDGE ( 'NONE', *, *, #5602, .T. ) ;
#3249 = ADVANCED_FACE ( 'NONE', ( #2743 ), #3132, .T. ) ;
#3250 = CYLINDRICAL_SURFACE ( 'NONE', #1261, 0.1575000000000004500 ) ;
#3251 = DIRECTION ( 'NONE',  ( -0.0000000000000000000, 0.0000000000000000000, 1.000000000000000000 ) ) ;
#3252 = ORIENTED_EDGE ( 'NONE', *, *, #4084, .F. ) ;
#3253 = ORIENTED_EDGE ( 'NONE', *, *, #7504, .F. ) ;
#3255 = CARTESIAN_POINT ( 'NONE',  ( -1.380499999999999800, -2.027999999999999600, 2.159999999999999700 ) ) ;
#3254 = DIRECTION ( 'NONE',  ( 1.000000000000000000, 0.0000000000000000000, 0.0000000000000000000 ) ) ;
#3256 = ORIENTED_EDGE ( 'NONE', *, *, #2450, .F. ) ;
#3257 = DIRECTION ( 'NONE',  ( 0.0000000000000000000, 0.0000000000000000000, -1.000000000000000000 ) ) ;
#3258 = AXIS2_PLACEMENT_3D ( 'NONE', #5898, #1661, #5077 ) ;
#3259 = AXIS2_PLACEMENT_3D ( 'NONE', #10334, #5221, #9449 ) ;
#3260 = ORIENTED_EDGE ( 'NONE', *, *, #4798, .F. ) ;
#3261 = LINE ( 'NONE', #1684, #7793 ) ;
#3262 = CARTESIAN_POINT ( 'NONE',  ( -1.651999999999999500, -1.619499999999999500, 2.050000000000000300 ) ) ;
#3263 = LINE ( 'NONE', #2770, #9805 ) ;
#3264 = ORIENTED_EDGE ( 'NONE', *, *, #2835, .F. ) ;
#3265 = ADVANCED_FACE ( 'NONE', ( #503 ), #5140, .F. ) ;
#3266 = CARTESIAN_POINT ( 'NONE',  ( 1.467867916488617000, 2.109472331882376500, 2.044999999999999500 ) ) ;
#3267 = DIRECTION ( 'NONE',  ( -1.000000000000000000, 0.0000000000000000000, 0.0000000000000000000 ) ) ;
#3268 = CIRCLE ( 'NONE', #9066, 0.3384999999999984700 ) ;
#3269 = DIRECTION ( 'NONE',  ( 0.0000000000000000000, -0.0000000000000000000, -1.000000000000000000 ) ) ;
#3270 = VERTEX_POINT ( 'NONE', #5068 ) ;
#3271 = VERTEX_POINT ( 'NONE', #5213 ) ;
#3272 = CARTESIAN_POINT ( 'NONE',  ( 1.695500000000000900, 2.027999999999999100, 2.159999999999999700 ) ) ;
#3273 = DIRECTION ( 'NONE',  ( -1.000000000000000000, 0.0000000000000000000, 0.0000000000000000000 ) ) ;
#3274 = VERTEX_POINT ( 'NONE', #4275 ) ;
#3275 = ORIENTED_EDGE ( 'NONE', *, *, #2668, .T. ) ;
#3276 = CIRCLE ( 'NONE', #2091, 0.1574999999999998900 ) ;
#3277 = DIRECTION ( 'NONE',  ( -1.000000000000000000, 0.0000000000000000000, 0.0000000000000000000 ) ) ;
#3278 = ORIENTED_EDGE ( 'NONE', *, *, #5901, .F. ) ;
#3279 = AXIS2_PLACEMENT_3D ( 'NONE', #6730, #10220, #6005 ) ;
#3280 = CIRCLE ( 'NONE', #2777, 0.09610128398039066700 ) ;
#3281 = VERTEX_POINT ( 'NONE', #7627 ) ;
#3282 = EDGE_CURVE ( 'NONE', #632, #6398, #2344, .T. ) ;
#3283 = CARTESIAN_POINT ( 'NONE',  ( -1.482784982789620000, -2.163635215149166700, 2.015547868860738200 ) ) ;
#3284 = DIRECTION ( 'NONE',  ( 0.0000000000000000000, 0.0000000000000000000, 1.000000000000000000 ) ) ;
#3285 = ORIENTED_EDGE ( 'NONE', *, *, #7655, .F. ) ;
#3286 = EDGE_CURVE ( 'NONE', #1858, #9496, #5002, .T. ) ;
#3287 = ORIENTED_EDGE ( 'NONE', *, *, #11042, .T. ) ;
#3288 = PLANE ( 'NONE',  #1997 ) ;
#3289 = CIRCLE ( 'NONE', #5189, 0.1575000000000004500 ) ;
#3290 = DIRECTION ( 'NONE',  ( -0.0000000000000000000, -0.0000000000000000000, 1.000000000000000000 ) ) ;
#3291 = VECTOR ( 'NONE', #3675, 39.37007874015748100 ) ;
#3292 = ORIENTED_EDGE ( 'NONE', *, *, #5887, .T. ) ;
#3293 = PLANE ( 'NONE',  #3737 ) ;
#3294 = DIRECTION ( 'NONE',  ( -1.000000000000000000, 0.0000000000000000000, 0.0000000000000000000 ) ) ;
#3295 = ORIENTED_EDGE ( 'NONE', *, *, #9355, .F. ) ;
#3296 = ORIENTED_EDGE ( 'NONE', *, *, #9948, .T. ) ;
#3297 = ORIENTED_EDGE ( 'NONE', *, *, #9603, .T. ) ;
#3298 = DIRECTION ( 'NONE',  ( 1.000000000000000000, 0.0000000000000000000, 0.0000000000000000000 ) ) ;
#3299 = DIRECTION ( 'NONE',  ( -1.000000000000000000, 0.0000000000000000000, -0.0000000000000000000 ) ) ;
#3300 = ORIENTED_EDGE ( 'NONE', *, *, #7240, .F. ) ;
#3301 = EDGE_CURVE ( 'NONE', #9739, #869, #2464, .T. ) ;
#3302 = LINE ( 'NONE', #1492, #4230 ) ;
#3303 = EDGE_CURVE ( 'NONE', #6398, #7153, #4597, .T. ) ;
#3304 = CARTESIAN_POINT ( 'NONE',  ( -1.081000000000000400, 1.926500000000000300, 1.605000000000000000 ) ) ;
#3305 = AXIS2_PLACEMENT_3D ( 'NONE', #9437, #3482, #10278 ) ;
#3306 = ORIENTED_EDGE ( 'NONE', *, *, #1798, .T. ) ;
#3307 = FACE_OUTER_BOUND ( 'NONE', #81, .T. ) ;
#3308 = DIRECTION ( 'NONE',  ( 0.0000000000000000000, 1.000000000000000000, 0.0000000000000000000 ) ) ;
#3309 = ORIENTED_EDGE ( 'NONE', *, *, #4583, .T. ) ;
#3310 = CARTESIAN_POINT ( 'NONE',  ( 1.183500000000000000, -2.027999999999999100, 0.1200000000000000900 ) ) ;
#3311 = DIRECTION ( 'NONE',  ( 1.000000000000000000, 0.0000000000000000000, 0.0000000000000000000 ) ) ;
#3312 = VERTEX_POINT ( 'NONE', #3348 ) ;
#3313 = FACE_BOUND ( 'NONE', #6661, .T. ) ;
#3314 = DIRECTION ( 'NONE',  ( -0.0000000000000000000, -0.0000000000000000000, -1.000000000000000000 ) ) ;
#3315 = ADVANCED_FACE ( 'NONE', ( #6348 ), #8606, .T. ) ;
#3316 = CARTESIAN_POINT ( 'NONE',  ( -1.538000000000000500, 2.027999999999999100, 2.044999999999999500 ) ) ;
#3317 = DIRECTION ( 'NONE',  ( 1.000000000000000000, 0.0000000000000000000, 0.0000000000000000000 ) ) ;
#3318 = EDGE_LOOP ( 'NONE', ( #2859, #3536, #5014, #7683 ) ) ;
#3319 = CYLINDRICAL_SURFACE ( 'NONE', #5474, 0.04805064199019536800 ) ;
#3320 = DIRECTION ( 'NONE',  ( 1.000000000000000000, 0.0000000000000000000, 0.0000000000000000000 ) ) ;
#3321 = CARTESIAN_POINT ( 'NONE',  ( -0.7070000000000014100, -2.146999999999998900, 2.050000000000000300 ) ) ;
#3322 = ORIENTED_EDGE ( 'NONE', *, *, #70, .T. ) ;
#3323 = AXIS2_PLACEMENT_3D ( 'NONE', #9155, #10712, #3068 ) ;
#3324 = AXIS2_PLACEMENT_3D ( 'NONE', #88, #8680, #5215 ) ;
#3325 = EDGE_CURVE ( 'NONE', #4215, #1165, #7155, .T. ) ;
#3326 = EDGE_LOOP ( 'NONE', ( #6368, #3322, #4906, #4910 ) ) ;
#3327 = DIRECTION ( 'NONE',  ( -1.000000000000000000, 0.0000000000000000000, 0.0000000000000000000 ) ) ;
#3328 = CARTESIAN_POINT ( 'NONE',  ( -1.183500000000000000, 2.027999999999999100, 0.1200000000000000900 ) ) ;
#3329 = FACE_OUTER_BOUND ( 'NONE', #6216, .T. ) ;
#3330 = CARTESIAN_POINT ( 'NONE',  ( -1.081000000000000400, 1.926500000000000300, 2.050000000000000300 ) ) ;
#3331 = CARTESIAN_POINT ( 'NONE',  ( -0.7070000000000014100, 2.246999999999998600, 1.605000000000000000 ) ) ;
#3332 = CARTESIAN_POINT ( 'NONE',  ( 1.498499999999999100, 1.873000000000000000, 1.639999999999999900 ) ) ;
#3333 = AXIS2_PLACEMENT_3D ( 'NONE', #10844, #5740, #664 ) ;
#3334 = DIRECTION ( 'NONE',  ( 0.0000000000000000000, 0.0000000000000000000, 1.000000000000000000 ) ) ;
#3335 = AXIS2_PLACEMENT_3D ( 'NONE', #8386, #3267, #4129 ) ;
#3336 = EDGE_CURVE ( 'NONE', #3270, #6954, #1679, .T. ) ;
#3337 = DIRECTION ( 'NONE',  ( -0.0000000000000000000, -0.0000000000000000000, 1.000000000000000000 ) ) ;
#3338 = CYLINDRICAL_SURFACE ( 'NONE', #2041, 0.3204999999999984500 ) ;
#3340 = CARTESIAN_POINT ( 'NONE',  ( 1.482251619347308500, -2.164559027730151200, 2.010319632494771200 ) ) ;
#3339 = CARTESIAN_POINT ( 'NONE',  ( 0.7070000000000014100, -1.926500000000000300, -0.3943848084544492900 ) ) ;
#3341 = ADVANCED_FACE ( 'NONE', ( #4461 ), #6948, .T. ) ;
#3342 = PLANE ( 'NONE',  #8845 ) ;
#3343 = LINE ( 'NONE', #6159, #4142 ) ;
#3344 = ORIENTED_EDGE ( 'NONE', *, *, #5686, .F. ) ;
#3345 = DIRECTION ( 'NONE',  ( -0.0000000000000000000, -0.0000000000000000000, -1.000000000000000000 ) ) ;
#3346 = CIRCLE ( 'NONE', #9402, 0.2204999999999985000 ) ;
#3347 = DIRECTION ( 'NONE',  ( -1.000000000000000000, 0.0000000000000000000, 0.0000000000000000000 ) ) ;
#3348 = CARTESIAN_POINT ( 'NONE',  ( 1.498499999999999100, -1.847999999999999900, 1.540000000000000000 ) ) ;
#3349 = CARTESIAN_POINT ( 'NONE',  ( -1.625805605467117100, -1.915916230141605300, 2.025274302822596800 ) ) ;
#3350 = CARTESIAN_POINT ( 'NONE',  ( 1.498499999999999100, 1.619499999999999500, 1.630000000000000100 ) ) ;
#3351 = CIRCLE ( 'NONE', #2540, 0.03550000000000048300 ) ;
#3352 = DIRECTION ( 'NONE',  ( -0.0000000000000000000, -0.0000000000000000000, 1.000000000000000000 ) ) ;
#3353 = DIRECTION ( 'NONE',  ( 0.0000000000000000000, 0.0000000000000000000, 1.000000000000000000 ) ) ;
#3354 = CIRCLE ( 'NONE', #7751, 0.07874015748031476500 ) ;
#3355 = DIRECTION ( 'NONE',  ( 0.0000000000000000000, 0.0000000000000000000, -1.000000000000000000 ) ) ;
#3356 = LINE ( 'NONE', #2354, #9235 ) ;
#3357 = EDGE_CURVE ( 'NONE', #4892, #1877, #8609, .T. ) ;
#3358 = AXIS2_PLACEMENT_3D ( 'NONE', #5155, #6088, #1005 ) ;
#3359 = DIRECTION ( 'NONE',  ( -0.0000000000000000000, -0.0000000000000000000, -1.000000000000000000 ) ) ;
#3360 = ORIENTED_EDGE ( 'NONE', *, *, #4231, .T. ) ;
#3361 = DIRECTION ( 'NONE',  ( -0.0000000000000000000, -0.0000000000000000000, 1.000000000000000000 ) ) ;
#3362 = CIRCLE ( 'NONE', #4027, 0.1474999999999994600 ) ;
#3363 = ORIENTED_EDGE ( 'NONE', *, *, #10077, .F. ) ;
#3364 = LINE ( 'NONE', #9601, #3628 ) ;
#3365 = ORIENTED_EDGE ( 'NONE', *, *, #1882, .T. ) ;
#3366 = EDGE_LOOP ( 'NONE', ( #10753, #1070 ) ) ;
#3367 = CARTESIAN_POINT ( 'NONE',  ( -1.081000000000000400, -1.873000000000000000, 1.639999999999999900 ) ) ;
#3368 = EDGE_LOOP ( 'NONE', ( #9271, #9691, #2581, #7690 ) ) ;
#3369 = AXIS2_PLACEMENT_3D ( 'NONE', #7364, #5684, #6555 ) ;
#3370 = EDGE_CURVE ( 'NONE', #1696, #8842, #4870, .T. ) ;
#3371 = CARTESIAN_POINT ( 'NONE',  ( -1.498499999999999100, 1.619499999999999500, 1.630000000000000100 ) ) ;
#3372 = EDGE_CURVE ( 'NONE', #6632, #5500, #3261, .T. ) ;
#3373 = CARTESIAN_POINT ( 'NONE',  ( 0.9638306835251589900, -2.146999999999998900, -0.3943848084544492900 ) ) ;
#3374 = VERTEX_POINT ( 'NONE', #6024 ) ;
#3375 = ORIENTED_EDGE ( 'NONE', *, *, #3717, .F. ) ;
#3376 = LINE ( 'NONE', #1800, #1916 ) ;
#3377 = DIRECTION ( 'NONE',  ( -1.000000000000000000, 0.0000000000000000000, 0.0000000000000000000 ) ) ;
#3378 = DIRECTION ( 'NONE',  ( -0.0000000000000000000, -0.0000000000000000000, -1.000000000000000000 ) ) ;
#3379 = TOROIDAL_SURFACE ( 'NONE', #7941, 0.09610128398039072300, 0.04805064199019536800 ) ;
#3380 = ORIENTED_EDGE ( 'NONE', *, *, #765, .T. ) ;
#3381 = DIRECTION ( 'NONE',  ( -0.0000000000000000000, -0.0000000000000000000, 1.000000000000000000 ) ) ;
#3382 = ADVANCED_FACE ( 'NONE', ( #3782 ), #8338, .F. ) ;
#3383 = VECTOR ( 'NONE', #8065, 39.37007874015748100 ) ;
#3384 = EDGE_LOOP ( 'NONE', ( #1952, #6351, #4102, #7165, #5669, #4988 ) ) ;
#3385 = CARTESIAN_POINT ( 'NONE',  ( 0.7070000000000014100, -2.196999999999998700, 1.630000000000000100 ) ) ;
#3386 = VECTOR ( 'NONE', #1409, 39.37007874015748100 ) ;
#3387 = CARTESIAN_POINT ( 'NONE',  ( -1.769999999999998900, -2.120848074029416000, 1.580000000000000100 ) ) ;
#3388 = AXIS2_PLACEMENT_3D ( 'NONE', #1595, #9137, #6547 ) ;
#3389 = CIRCLE ( 'NONE', #2786, 0.1535000000000004100 ) ;
#3390 = VERTEX_POINT ( 'NONE', #11043 ) ;
#3391 = AXIS2_PLACEMENT_3D ( 'NONE', #5532, #1270, #4530 ) ;
#3392 = EDGE_CURVE ( 'NONE', #7911, #192, #8730, .T. ) ;
#3393 = ORIENTED_EDGE ( 'NONE', *, *, #165, .T. ) ;
#3394 = ORIENTED_EDGE ( 'NONE', *, *, #952, .T. ) ;
#3395 = DIRECTION ( 'NONE',  ( -1.000000000000000000, 0.0000000000000000000, 0.0000000000000000000 ) ) ;
#3396 = ORIENTED_EDGE ( 'NONE', *, *, #2265, .F. ) ;
#3397 = ORIENTED_EDGE ( 'NONE', *, *, #459, .F. ) ;
#3398 = LINE ( 'NONE', #14, #3796 ) ;
#3399 = FACE_OUTER_BOUND ( 'NONE', #8588, .T. ) ;
#3400 = ORIENTED_EDGE ( 'NONE', *, *, #3448, .T. ) ;
#3402 = CARTESIAN_POINT ( 'NONE',  ( 0.7070000000000014100, 2.146999999999998900, 2.050000000000000300 ) ) ;
#3401 = CARTESIAN_POINT ( 'NONE',  ( -0.7070000000000014100, 1.926500000000000300, 1.639999999999999900 ) ) ;
#3403 = FACE_OUTER_BOUND ( 'NONE', #7563, .T. ) ;
#3404 = CARTESIAN_POINT ( 'NONE',  ( 1.081000000000000400, -1.926500000000000300, 1.564999999999999700 ) ) ;
#3405 = EDGE_LOOP ( 'NONE', ( #6211, #8099, #2784, #6999 ) ) ;
#3406 = AXIS2_PLACEMENT_3D ( 'NONE', #10280, #7671, #89 ) ;
#3407 = EDGE_CURVE ( 'NONE', #7059, #8375, #1802, .T. ) ;
#3408 = DIRECTION ( 'NONE',  ( 0.0000000000000000000, 0.0000000000000000000, -1.000000000000000000 ) ) ;
#3409 = ORIENTED_EDGE ( 'NONE', *, *, #9456, .F. ) ;
#3410 = ORIENTED_EDGE ( 'NONE', *, *, #3282, .F. ) ;
#3411 = ORIENTED_EDGE ( 'NONE', *, *, #10503, .T. ) ;
#3412 = DIRECTION ( 'NONE',  ( 1.000000000000000000, 0.0000000000000000000, 0.0000000000000000000 ) ) ;
#3413 = VECTOR ( 'NONE', #9212, 39.37007874015748100 ) ;
#3414 = DIRECTION ( 'NONE',  ( 1.000000000000000000, 0.0000000000000000000, 0.0000000000000000000 ) ) ;
#3415 = LINE ( 'NONE', #10876, #7434 ) ;
#3416 = CARTESIAN_POINT ( 'NONE',  ( 0.9274999999999999900, 1.926500000000000300, 0.1200000000000000900 ) ) ;
#3417 = DIRECTION ( 'NONE',  ( 1.000000000000000000, 0.0000000000000000000, 0.0000000000000000000 ) ) ;
#3418 = VERTEX_POINT ( 'NONE', #1723 ) ;
#3419 = DIRECTION ( 'NONE',  ( 1.000000000000000000, 0.0000000000000000000, 0.0000000000000000000 ) ) ;
#3420 = DIRECTION ( 'NONE',  ( -1.000000000000000000, -0.0000000000000000000, -0.0000000000000000000 ) ) ;
#3421 = CARTESIAN_POINT ( 'NONE',  ( -1.339999999999999900, -1.515499999999999600, 0.3700000000000001100 ) ) ;
#3422 = ORIENTED_EDGE ( 'NONE', *, *, #420, .T. ) ;
#3423 = ORIENTED_EDGE ( 'NONE', *, *, #3151, .F. ) ;
#3424 = ORIENTED_EDGE ( 'NONE', *, *, #10364, .F. ) ;
#3425 = VECTOR ( 'NONE', #3682, 39.37007874015748100 ) ;
#3426 = DIRECTION ( 'NONE',  ( -1.000000000000000000, -0.0000000000000000000, -0.0000000000000000000 ) ) ;
#3427 = FACE_OUTER_BOUND ( 'NONE', #3764, .T. ) ;
#3428 = EDGE_CURVE ( 'NONE', #8782, #7255, #5804, .T. ) ;
#3429 = CARTESIAN_POINT ( 'NONE',  ( 1.538000000000000500, 2.027999999999999100, 2.044999999999999500 ) ) ;
#3430 = VERTEX_POINT ( 'NONE', #8562 ) ;
#3431 = EDGE_CURVE ( 'NONE', #5246, #10714, #215, .T. ) ;
#3432 = CARTESIAN_POINT ( 'NONE',  ( -1.538000000000000500, -2.027999999999999100, 2.044999999999999500 ) ) ;
#3433 = DIRECTION ( 'NONE',  ( 0.0000000000000000000, 0.0000000000000000000, 1.000000000000000000 ) ) ;
#3434 = VERTEX_POINT ( 'NONE', #5995 ) ;
#3435 = EDGE_LOOP ( 'NONE', ( #5729, #319 ) ) ;
#3436 = ORIENTED_EDGE ( 'NONE', *, *, #8739, .F. ) ;
#3437 = VECTOR ( 'NONE', #5101, 39.37007874015748100 ) ;
#3438 = EDGE_LOOP ( 'NONE', ( #3896, #3400, #2517, #1922 ) ) ;
#3439 = VECTOR ( 'NONE', #6696, 39.37007874015748100 ) ;
#3440 = CARTESIAN_POINT ( 'NONE',  ( 1.625848074029415400, 2.264999999999998800, 1.614999999999999800 ) ) ;
#3441 = ORIENTED_EDGE ( 'NONE', *, *, #4940, .F. ) ;
#3442 = DIRECTION ( 'NONE',  ( -0.0000000000000000000, -0.0000000000000000000, -1.000000000000000000 ) ) ;
#3443 = AXIS2_PLACEMENT_3D ( 'NONE', #1360, #2242, #10773 ) ;
#3444 = EDGE_CURVE ( 'NONE', #4174, #10881, #10466, .T. ) ;
#3445 = EDGE_CURVE ( 'NONE', #8469, #9388, #10597, .T. ) ;
#3446 = ADVANCED_FACE ( 'NONE', ( #1553 ), #4198, .F. ) ;
#3447 = AXIS2_PLACEMENT_3D ( 'NONE', #10893, #1471, #3167 ) ;
#3448 = EDGE_CURVE ( 'NONE', #6214, #9550, #357, .T. ) ;
#3449 = VERTEX_POINT ( 'NONE', #156 ) ;
#3450 = DIRECTION ( 'NONE',  ( 0.0000000000000000000, 0.0000000000000000000, -1.000000000000000000 ) ) ;
#3451 = LINE ( 'NONE', #4838, #9608 ) ;
#3452 = CARTESIAN_POINT ( 'NONE',  ( -1.081000000000000400, 1.926500000000000300, 1.540000000000000000 ) ) ;
#3453 = DIRECTION ( 'NONE',  ( 1.000000000000000000, 0.0000000000000000000, 0.0000000000000000000 ) ) ;
#3455 = DIRECTION ( 'NONE',  ( -1.000000000000000000, 0.0000000000000000000, 0.0000000000000000000 ) ) ;
#3454 = CARTESIAN_POINT ( 'NONE',  ( 1.457724670884943000, 2.127040948621590200, 2.040035489790283500 ) ) ;
#3456 = ORIENTED_EDGE ( 'NONE', *, *, #7222, .T. ) ;
#3457 = CARTESIAN_POINT ( 'NONE',  ( -1.081000000000000400, -1.926500000000000300, 1.630000000000000100 ) ) ;
#3458 = DIRECTION ( 'NONE',  ( 0.0000000000000000000, -1.000000000000000000, 0.0000000000000000000 ) ) ;
#3459 = AXIS2_PLACEMENT_3D ( 'NONE', #5471, #4677, #1243 ) ;
#3460 = CIRCLE ( 'NONE', #6121, 0.05350000000000053300 ) ;
#3461 = AXIS2_PLACEMENT_3D ( 'NONE', #10768, #579, #6535 ) ;
#3462 = EDGE_CURVE ( 'NONE', #2567, #8067, #6474, .T. ) ;
#3463 = DIRECTION ( 'NONE',  ( -1.000000000000000000, 0.0000000000000000000, 0.0000000000000000000 ) ) ;
#3464 = DIRECTION ( 'NONE',  ( -1.000000000000000000, 0.0000000000000000000, 0.0000000000000000000 ) ) ;
#3465 = DIRECTION ( 'NONE',  ( -0.0000000000000000000, -0.0000000000000000000, -1.000000000000000000 ) ) ;
#3466 = LINE ( 'NONE', #2014, #7217 ) ;
#3467 = CARTESIAN_POINT ( 'NONE',  ( -1.498499999999999100, 1.873000000000000000, 1.564999999999999700 ) ) ;
#3468 = CARTESIAN_POINT ( 'NONE',  ( 1.081000000000000400, 1.926500000000000300, 1.580000000000000100 ) ) ;
#3469 = AXIS2_PLACEMENT_3D ( 'NONE', #9893, #4790, #2186 ) ;
#3470 = CARTESIAN_POINT ( 'NONE',  ( -1.538000000000000500, 2.027999999999999100, 2.044999999999999500 ) ) ;
#3471 = PLANE ( 'NONE',  #6916 ) ;
#3472 = VECTOR ( 'NONE', #1455, 39.37007874015748100 ) ;
#3473 = CYLINDRICAL_SURFACE ( 'NONE', #8181, 0.07874015748031476500 ) ;
#3474 = CARTESIAN_POINT ( 'NONE',  ( -1.498499999999999100, 1.619499999999999500, 1.639999999999999900 ) ) ;
#3475 = DIRECTION ( 'NONE',  ( -0.0000000000000000000, -0.0000000000000000000, 1.000000000000000000 ) ) ;
#3476 = DIRECTION ( 'NONE',  ( -1.000000000000000000, 0.0000000000000000000, 0.0000000000000000000 ) ) ;
#3477 = CYLINDRICAL_SURFACE ( 'NONE', #9268, 0.07874015748031476500 ) ;
#3478 = AXIS2_PLACEMENT_3D ( 'NONE', #438, #9035, #482 ) ;
#3479 = FACE_BOUND ( 'NONE', #9730, .T. ) ;
#3480 = CARTESIAN_POINT ( 'NONE',  ( -1.447610603195933500, 2.144559027730145000, 2.044999999999999500 ) ) ;
#3481 = DIRECTION ( 'NONE',  ( 1.000000000000000000, 0.0000000000000000000, 0.0000000000000000000 ) ) ;
#3482 = DIRECTION ( 'NONE',  ( -0.0000000000000000000, -0.0000000000000000000, 1.000000000000000000 ) ) ;
#3483 = PLANE ( 'NONE',  #4811 ) ;
#3484 = ORIENTED_EDGE ( 'NONE', *, *, #6616, .F. ) ;
#3485 = CARTESIAN_POINT ( 'NONE',  ( -1.625848074029413200, 2.216949358009803600, 0.04805064199019547200 ) ) ;
#3486 = PLANE ( 'NONE',  #3925 ) ;
#3487 = ADVANCED_FACE ( 'NONE', ( #4193 ), #6070, .T. ) ;
#3488 = VECTOR ( 'NONE', #9725, 39.37007874015748100 ) ;
#3489 = DIRECTION ( 'NONE',  ( -0.0000000000000000000, -0.0000000000000000000, -1.000000000000000000 ) ) ;
#3490 = LINE ( 'NONE', #5362, #6035 ) ;
#3491 = ORIENTED_EDGE ( 'NONE', *, *, #4784, .T. ) ;
#3492 = DIRECTION ( 'NONE',  ( -1.000000000000000000, 0.0000000000000000000, 0.0000000000000000000 ) ) ;
#3493 = DIRECTION ( 'NONE',  ( 0.0000000000000000000, 0.0000000000000000000, 1.000000000000000000 ) ) ;
#3494 = EDGE_LOOP ( 'NONE', ( #4772, #7807 ) ) ;
#3495 = DIRECTION ( 'NONE',  ( -0.0000000000000000000, -0.0000000000000000000, 1.000000000000000000 ) ) ;
#3496 = CARTESIAN_POINT ( 'NONE',  ( -1.081000000000000400, 1.926500000000000300, 0.1200000000000000900 ) ) ;
#3497 = EDGE_CURVE ( 'NONE', #4621, #1091, #5265, .T. ) ;
#3498 = EDGE_CURVE ( 'NONE', #8653, #6095, #2612, .T. ) ;
#3499 = VERTEX_POINT ( 'NONE', #3595 ) ;
#3500 = CIRCLE ( 'NONE', #6613, 0.02499999999999987000 ) ;
#3501 = AXIS2_PLACEMENT_3D ( 'NONE', #7864, #161, #10430 ) ;
#3502 = VECTOR ( 'NONE', #2431, 39.37007874015748100 ) ;
#3503 = ORIENTED_EDGE ( 'NONE', *, *, #9017, .T. ) ;
#3504 = CARTESIAN_POINT ( 'NONE',  ( -0.7070000000000014100, -2.196999999999999200, 1.630000000000000100 ) ) ;
#3505 = ORIENTED_EDGE ( 'NONE', *, *, #7825, .F. ) ;
#3506 = ADVANCED_FACE ( 'NONE', ( #2732 ), #8205, .T. ) ;
#3507 = CARTESIAN_POINT ( 'NONE',  ( -1.769999999999998000, -2.216949358009806300, 2.121949358009804300 ) ) ;
#3508 = PLANE ( 'NONE',  #5124 ) ;
#3509 = ORIENTED_EDGE ( 'NONE', *, *, #557, .T. ) ;
#3510 = ORIENTED_EDGE ( 'NONE', *, *, #10448, .F. ) ;
#3511 = CIRCLE ( 'NONE', #8885, 0.09375000000000033300 ) ;
#3512 = CARTESIAN_POINT ( 'NONE',  ( 0.9274999999999998800, -1.926500000000000300, 1.630000000000000100 ) ) ;
#3513 = LINE ( 'NONE', #4725, #3123 ) ;
#3514 = EDGE_LOOP ( 'NONE', ( #2336, #7302, #752, #4096 ) ) ;
#3515 = AXIS2_PLACEMENT_3D ( 'NONE', #6028, #2606, #8342 ) ;
#3516 = AXIS2_PLACEMENT_3D ( 'NONE', #650, #4947, #3299 ) ;
#3517 = CARTESIAN_POINT ( 'NONE',  ( -1.616740157480315100, 2.027999999999999600, 1.919999999999999700 ) ) ;
#3518 = ORIENTED_EDGE ( 'NONE', *, *, #10688, .F. ) ;
#3519 = EDGE_CURVE ( 'NONE', #8781, #3817, #6619, .T. ) ;
#3520 = DIRECTION ( 'NONE',  ( 1.000000000000000000, -1.272782003896287900E-015, 0.0000000000000000000 ) ) ;
#3522 = DIRECTION ( 'NONE',  ( 0.0000000000000000000, 0.0000000000000000000, 1.000000000000000000 ) ) ;
#3521 = CARTESIAN_POINT ( 'NONE',  ( 1.451711894396823900, 2.137455382993567200, 2.029722078445377300 ) ) ;
#3523 = DIRECTION ( 'NONE',  ( 1.000000000000000000, 0.0000000000000000000, 0.0000000000000000000 ) ) ;
#3524 = DIRECTION ( 'NONE',  ( 0.0000000000000000000, 0.0000000000000000000, -1.000000000000000000 ) ) ;
#3525 = ORIENTED_EDGE ( 'NONE', *, *, #6968, .T. ) ;
#3526 = VECTOR ( 'NONE', #4417, 39.37007874015748100 ) ;
#3527 = DIRECTION ( 'NONE',  ( -0.0000000000000000000, -0.0000000000000000000, 1.000000000000000000 ) ) ;
#3528 = CIRCLE ( 'NONE', #155, 0.1035000000000005500 ) ;
#3529 = ORIENTED_EDGE ( 'NONE', *, *, #620, .T. ) ;
#3530 = CYLINDRICAL_SURFACE ( 'NONE', #10358, 0.3204999999999985100 ) ;
#3531 = ORIENTED_EDGE ( 'NONE', *, *, #4765, .T. ) ;
#3532 = DIRECTION ( 'NONE',  ( 0.0000000000000000000, 0.0000000000000000000, 1.000000000000000000 ) ) ;
#3533 = CARTESIAN_POINT ( 'NONE',  ( -1.538000000000000500, 2.027999999999999600, 1.580000000000000100 ) ) ;
#3534 = VERTEX_POINT ( 'NONE', #10460 ) ;
#3535 = AXIS2_PLACEMENT_3D ( 'NONE', #7328, #2987, #1367 ) ;
#3536 = ORIENTED_EDGE ( 'NONE', *, *, #7332, .F. ) ;
#3537 = AXIS2_PLACEMENT_3D ( 'NONE', #5697, #5807, #616 ) ;
#3538 = EDGE_CURVE ( 'NONE', #8056, #10930, #8995, .T. ) ;
#3539 = ORIENTED_EDGE ( 'NONE', *, *, #4231, .F. ) ;
#3540 = CARTESIAN_POINT ( 'NONE',  ( 1.721949358009806200, 2.264999999999998800, 0.0000000000000000000 ) ) ;
#3541 = CIRCLE ( 'NONE', #8385, 0.1574999999999998900 ) ;
#3542 = CARTESIAN_POINT ( 'NONE',  ( 1.651999999999999500, 1.619499999999999500, 1.630000000000000100 ) ) ;
#3543 = ORIENTED_EDGE ( 'NONE', *, *, #4865, .F. ) ;
#3544 = CARTESIAN_POINT ( 'NONE',  ( 1.625848074029415400, -2.255000000000000800, 1.614999999999999800 ) ) ;
#3545 = VECTOR ( 'NONE', #1413, 39.37007874015748100 ) ;
#3546 = ORIENTED_EDGE ( 'NONE', *, *, #5168, .T. ) ;
#3547 = CARTESIAN_POINT ( 'NONE',  ( -1.538000000000000500, -2.027999999999999600, 2.159999999999999700 ) ) ;
#3548 = EDGE_LOOP ( 'NONE', ( #10638, #5045, #7143, #6450 ) ) ;
#3549 = VERTEX_POINT ( 'NONE', #3517 ) ;
#3550 = DIRECTION ( 'NONE',  ( 0.0000000000000000000, 0.0000000000000000000, -1.000000000000000000 ) ) ;
#3551 = ORIENTED_EDGE ( 'NONE', *, *, #1200, .T. ) ;
#3552 = LINE ( 'NONE', #7169, #3425 ) ;
#3553 = ADVANCED_FACE ( 'NONE', ( #2068 ), #9138, .T. ) ;
#3554 = APPROVAL_PERSON_ORGANIZATION ( #6517, #177, #10021 ) ;
#3555 = CARTESIAN_POINT ( 'NONE',  ( -0.7070000000000014100, 2.246999999999998600, 1.540000000000000000 ) ) ;
#3556 = VERTEX_POINT ( 'NONE', #3561 ) ;
#3557 = EDGE_LOOP ( 'NONE', ( #1608, #3393, #7001, #3697, #5041, #10071, #3238, #2906, #6525, #1826, #9136, #6874, #6340, #9851, #6929, #7329, #7583, #8642, #660, #4074 ) ) ;
#3558 = ORIENTED_EDGE ( 'NONE', *, *, #4731, .F. ) ;
#3559 = VERTEX_POINT ( 'NONE', #2674 ) ;
#3560 = AXIS2_PLACEMENT_3D ( 'NONE', #6704, #5050, #5904 ) ;
#3561 = CARTESIAN_POINT ( 'NONE',  ( 1.277250000000000400, 2.027999999999999100, 0.1200000000000000900 ) ) ;
#3562 = ORIENTED_EDGE ( 'NONE', *, *, #1073, .T. ) ;
#3563 = VECTOR ( 'NONE', #4608, 39.37007874015748100 ) ;
#3564 = DIRECTION ( 'NONE',  ( -0.0000000000000000000, -0.0000000000000000000, 1.000000000000000000 ) ) ;
#3565 = ORIENTED_EDGE ( 'NONE', *, *, #3728, .T. ) ;
#3566 = PLANE ( 'NONE',  #1625 ) ;
#3567 = CYLINDRICAL_SURFACE ( 'NONE', #3614, 0.1875000000000001100 ) ;
#3568 = CARTESIAN_POINT ( 'NONE',  ( -1.482251619347311900, 2.164559027730145000, 2.004999999999999400 ) ) ;
#3569 = ORIENTED_EDGE ( 'NONE', *, *, #10164, .F. ) ;
#3570 = ADVANCED_FACE ( 'NONE', ( #4067 ), #10342, .F. ) ;
#3571 = CARTESIAN_POINT ( 'NONE',  ( 1.459259842519684500, -2.028000000000001400, 2.169999999999999900 ) ) ;
#3572 = ORIENTED_EDGE ( 'NONE', *, *, #2093, .F. ) ;
#3573 = EDGE_CURVE ( 'NONE', #6189, #5990, #487, .T. ) ;
#3574 = FACE_OUTER_BOUND ( 'NONE', #5061, .T. ) ;
#3575 = CARTESIAN_POINT ( 'NONE',  ( -1.651999999999999500, 1.619499999999999500, 2.050000000000000300 ) ) ;
#3576 = CARTESIAN_POINT ( 'NONE',  ( 1.081000000000000400, 1.823000000000000000, 1.630000000000000100 ) ) ;
#3577 = ORIENTED_EDGE ( 'NONE', *, *, #8956, .T. ) ;
#3578 = CIRCLE ( 'NONE', #3333, 0.04000000000000011900 ) ;
#3579 = CARTESIAN_POINT ( 'NONE',  ( 0.9774999999999999200, -1.926500000000000300, 1.630000000000000100 ) ) ;
#3580 = DIRECTION ( 'NONE',  ( -0.0000000000000000000, -1.000000000000000000, -0.0000000000000000000 ) ) ;
#3581 = ORIENTED_EDGE ( 'NONE', *, *, #2672, .T. ) ;
#3582 = EDGE_LOOP ( 'NONE', ( #2755, #314, #7183, #7723 ) ) ;
#3583 = DIRECTION ( 'NONE',  ( 0.0000000000000000000, 0.0000000000000000000, 1.000000000000000000 ) ) ;
#3584 = FACE_OUTER_BOUND ( 'NONE', #7590, .T. ) ;
#3585 = DIRECTION ( 'NONE',  ( 0.0000000000000000000, -0.0000000000000000000, -1.000000000000000000 ) ) ;
#3586 = AXIS2_PLACEMENT_3D ( 'NONE', #6112, #4391, #7090 ) ;
#3587 = EDGE_CURVE ( 'NONE', #3640, #647, #4332, .T. ) ;
#3588 = EDGE_CURVE ( 'NONE', #2193, #8335, #10878, .T. ) ;
#3589 = CARTESIAN_POINT ( 'NONE',  ( 1.625848074029415400, -2.120848074029415100, 2.169999999999999900 ) ) ;
#3590 = EDGE_CURVE ( 'NONE', #2963, #376, #6891, .T. ) ;
#3591 = DIRECTION ( 'NONE',  ( -0.0000000000000000000, -0.0000000000000000000, 1.000000000000000000 ) ) ;
#3592 = ADVANCED_FACE ( 'NONE', ( #1287 ), #8466, .F. ) ;
#3593 = ORIENTED_EDGE ( 'NONE', *, *, #4401, .F. ) ;
#3594 = FACE_OUTER_BOUND ( 'NONE', #1328, .T. ) ;
#3595 = CARTESIAN_POINT ( 'NONE',  ( 0.9274999999999998800, -1.926500000000000300, 1.630000000000000100 ) ) ;
#3597 = CARTESIAN_POINT ( 'NONE',  ( -1.498499999999999100, 1.772999999999999900, 2.050000000000000300 ) ) ;
#3596 = DIRECTION ( 'NONE',  ( 0.0000000000000000000, 0.0000000000000000000, 1.000000000000000000 ) ) ;
#3598 = CARTESIAN_POINT ( 'NONE',  ( -1.465238919369501200, -2.114025888465638200, 2.045000000000000400 ) ) ;
#3599 = CARTESIAN_POINT ( 'NONE',  ( 0.7070000000000014100, 2.196999999999998700, 1.630000000000000100 ) ) ;
#3600 = AXIS2_PLACEMENT_3D ( 'NONE', #10100, #10004, #1100 ) ;
#3601 = AXIS2_PLACEMENT_3D ( 'NONE', #1467, #5852, #10884 ) ;
#3602 = LINE ( 'NONE', #2087, #2682 ) ;
#3603 = EDGE_CURVE ( 'NONE', #5200, #3312, #2202, .T. ) ;
#3604 = EDGE_LOOP ( 'NONE', ( #11066, #3344, #6243, #10539 ) ) ;
#3605 = CIRCLE ( 'NONE', #8610, 0.2954999999999984900 ) ;
#3606 = ADVANCED_FACE ( 'NONE', ( #10069 ), #9277, .F. ) ;
#3607 = CARTESIAN_POINT ( 'NONE',  ( -0.7070000000000014100, 1.926500000000000300, 1.564999999999999700 ) ) ;
#3608 = CARTESIAN_POINT ( 'NONE',  ( -1.081000000000000400, -1.823000000000000000, 1.639999999999999900 ) ) ;
#3609 = DIRECTION ( 'NONE',  ( 0.0000000000000000000, 0.0000000000000000000, -1.000000000000000000 ) ) ;
#3610 = CARTESIAN_POINT ( 'NONE',  ( -1.081000000000000400, 1.926500000000000300, -0.3943848084544492900 ) ) ;
#3611 = VECTOR ( 'NONE', #5609, 39.37007874015748100 ) ;
#3612 = CARTESIAN_POINT ( 'NONE',  ( 0.7070000000000014100, 2.146999999999998900, 1.630000000000000100 ) ) ;
#3613 = VECTOR ( 'NONE', #4007, 39.37007874015748100 ) ;
#3614 = AXIS2_PLACEMENT_3D ( 'NONE', #7236, #8949, #6962 ) ;
#3615 = EDGE_CURVE ( 'NONE', #5841, #2442, #758, .T. ) ;
#3616 = ADVANCED_FACE ( 'NONE', ( #2993 ), #1928, .T. ) ;
#3617 = DIRECTION ( 'NONE',  ( 1.000000000000000000, 0.0000000000000000000, 0.0000000000000000000 ) ) ;
#3618 = LINE ( 'NONE', #10642, #7508 ) ;
#3619 = CYLINDRICAL_SURFACE ( 'NONE', #1203, 0.3204999999999984500 ) ;
#3620 = CARTESIAN_POINT ( 'NONE',  ( 1.701999999999999500, -1.619499999999999500, 1.540000000000000000 ) ) ;
#3621 = DIRECTION ( 'NONE',  ( -0.0000000000000000000, -0.0000000000000000000, -1.000000000000000000 ) ) ;
#3622 = EDGE_LOOP ( 'NONE', ( #9254, #2661, #3558, #10571 ) ) ;
#3623 = PLANE ( 'NONE',  #2624 ) ;
#3625 = CARTESIAN_POINT ( 'NONE',  ( -0.9774999999999999200, -1.926500000000000300, 1.639999999999999900 ) ) ;
#3624 = DIRECTION ( 'NONE',  ( 1.000000000000000000, 0.0000000000000000000, 0.0000000000000000000 ) ) ;
#3626 = FACE_OUTER_BOUND ( 'NONE', #5936, .T. ) ;
#3627 = ORIENTED_EDGE ( 'NONE', *, *, #3750, .F. ) ;
#3628 = VECTOR ( 'NONE', #6044, 39.37007874015748100 ) ;
#3629 = EDGE_CURVE ( 'NONE', #1970, #4839, #1033, .T. ) ;
#3630 = ORIENTED_EDGE ( 'NONE', *, *, #1879, .F. ) ;
#3631 = DIRECTION ( 'NONE',  ( 1.000000000000000000, -4.151904875222836800E-015, 0.0000000000000000000 ) ) ;
#3632 = ORIENTED_EDGE ( 'NONE', *, *, #8037, .F. ) ;
#3633 = EDGE_CURVE ( 'NONE', #7285, #3374, #6747, .T. ) ;
#3634 = ORIENTED_EDGE ( 'NONE', *, *, #2145, .F. ) ;
#3635 = CARTESIAN_POINT ( 'NONE',  ( 1.538000000000000500, 2.027999999999999100, 2.044999999999999500 ) ) ;
#3636 = ORIENTED_EDGE ( 'NONE', *, *, #7136, .T. ) ;
#3637 = LINE ( 'NONE', #3051, #6191 ) ;
#3638 = ORIENTED_EDGE ( 'NONE', *, *, #8407, .T. ) ;
#3639 = FACE_OUTER_BOUND ( 'NONE', #2076, .T. ) ;
#3640 = VERTEX_POINT ( 'NONE', #7220 ) ;
#3641 = CARTESIAN_POINT ( 'NONE',  ( -1.498499999999999100, -1.772999999999999900, 1.630000000000000100 ) ) ;
#3642 = CARTESIAN_POINT ( 'NONE',  ( 0.7070000000000014100, 2.221999999999998600, 1.540000000000000000 ) ) ;
#3643 = DIRECTION ( 'NONE',  ( -1.000000000000000000, 0.0000000000000000000, 0.0000000000000000000 ) ) ;
#3644 = DIRECTION ( 'NONE',  ( 0.0000000000000000000, 1.000000000000000000, 0.0000000000000000000 ) ) ;
#3645 = AXIS2_PLACEMENT_3D ( 'NONE', #8947, #2276, #6452 ) ;
#3646 = EDGE_CURVE ( 'NONE', #2761, #9067, #11013, .T. ) ;
#3647 = EDGE_CURVE ( 'NONE', #3763, #2477, #3652, .T. ) ;
#3648 = AXIS2_PLACEMENT_3D ( 'NONE', #1316, #3852, #3887 ) ;
#3649 = EDGE_CURVE ( 'NONE', #9550, #1530, #624, .T. ) ;
#3650 = CYLINDRICAL_SURFACE ( 'NONE', #5420, 0.03550000000000048300 ) ;
#3651 = ORIENTED_EDGE ( 'NONE', *, *, #9368, .T. ) ;
#3652 = LINE ( 'NONE', #6434, #749 ) ;
#3653 = FACE_OUTER_BOUND ( 'NONE', #7451, .T. ) ;
#3654 = ORIENTED_EDGE ( 'NONE', *, *, #1217, .F. ) ;
#3655 = CARTESIAN_POINT ( 'NONE',  ( 1.081000000000000400, -1.823000000000000000, 1.630000000000000100 ) ) ;
#3656 = CARTESIAN_POINT ( 'NONE',  ( -1.498499999999999100, 1.619499999999999500, 1.639999999999999900 ) ) ;
#3657 = CARTESIAN_POINT ( 'NONE',  ( -1.538000000000000500, -2.027999999999999600, 1.605000000000000000 ) ) ;
#3658 = ADVANCED_FACE ( 'NONE', ( #2855 ), #10867, .T. ) ;
#3659 = ORIENTED_EDGE ( 'NONE', *, *, #3498, .F. ) ;
#3660 = CARTESIAN_POINT ( 'NONE',  ( 1.593748380652688900, 1.891440972269852400, 2.004999999999999400 ) ) ;
#3661 = CARTESIAN_POINT ( 'NONE',  ( -0.9638306835251589900, -2.146999999999998900, 0.1200000000000000900 ) ) ;
#3662 = VERTEX_POINT ( 'NONE', #419 ) ;
#3663 = ORIENTED_EDGE ( 'NONE', *, *, #3174, .F. ) ;
#3664 = ORIENTED_EDGE ( 'NONE', *, *, #4290, .T. ) ;
#3665 = LINE ( 'NONE', #5655, #5278 ) ;
#3666 = AXIS2_PLACEMENT_3D ( 'NONE', #493, #5575, #1350 ) ;
#3667 = LINE ( 'NONE', #5379, #8859 ) ;
#3668 = VERTEX_POINT ( 'NONE', #2113 ) ;
#3669 = CARTESIAN_POINT ( 'NONE',  ( 0.9775000000000000400, 1.926500000000000300, 1.630000000000000100 ) ) ;
#3670 = EDGE_CURVE ( 'NONE', #9717, #4371, #1543, .T. ) ;
#3671 = VECTOR ( 'NONE', #10858, 39.37007874015748100 ) ;
#3673 = DIRECTION ( 'NONE',  ( -1.000000000000000000, 0.0000000000000000000, 0.0000000000000000000 ) ) ;
#3672 = CARTESIAN_POINT ( 'NONE',  ( 1.081000000000000400, -1.926500000000000300, 0.1200000000000000900 ) ) ;
#3674 = ORIENTED_EDGE ( 'NONE', *, *, #2248, .F. ) ;
#3675 = DIRECTION ( 'NONE',  ( -0.0000000000000000000, -0.0000000000000000000, -1.000000000000000000 ) ) ;
#3676 = ORIENTED_EDGE ( 'NONE', *, *, #5387, .F. ) ;
#3677 = ORIENTED_EDGE ( 'NONE', *, *, #8954, .F. ) ;
#3678 = ADVANCED_FACE ( 'NONE', ( #10058 ), #9408, .F. ) ;
#3679 = EDGE_LOOP ( 'NONE', ( #10697, #7394, #10945, #5467 ) ) ;
#3680 = PLANE ( 'NONE',  #5025 ) ;
#3681 = FACE_OUTER_BOUND ( 'NONE', #5754, .T. ) ;
#3682 = DIRECTION ( 'NONE',  ( -1.000000000000000000, -3.086833891146059900E-016, -0.0000000000000000000 ) ) ;
#3683 = LINE ( 'NONE', #8752, #6777 ) ;
#3684 = ORIENTED_EDGE ( 'NONE', *, *, #716, .F. ) ;
#3685 = AXIS2_PLACEMENT_3D ( 'NONE', #1820, #157, #126 ) ;
#3686 = AXIS2_PLACEMENT_3D ( 'NONE', #10756, #5688, #574 ) ;
#3687 = DIRECTION ( 'NONE',  ( 1.000000000000000000, 0.0000000000000000000, 0.0000000000000000000 ) ) ;
#3688 = EDGE_CURVE ( 'NONE', #4057, #9291, #7144, .T. ) ;
#3689 = DIRECTION ( 'NONE',  ( -0.0000000000000000000, -0.0000000000000000000, -1.000000000000000000 ) ) ;
#3690 = ORIENTED_EDGE ( 'NONE', *, *, #5989, .T. ) ;
#3691 = EDGE_LOOP ( 'NONE', ( #3909, #2397, #5427, #3287 ) ) ;
#3692 = DIRECTION ( 'NONE',  ( -0.0000000000000000000, -0.0000000000000000000, 1.000000000000000000 ) ) ;
#3693 = VERTEX_POINT ( 'NONE', #5428 ) ;
#3694 = TOROIDAL_SURFACE ( 'NONE', #2681, 0.2954999999999984900, 0.02500000000000000100 ) ;
#3695 = FACE_BOUND ( 'NONE', #1511, .T. ) ;
#3696 = ORIENTED_EDGE ( 'NONE', *, *, #8388, .T. ) ;
#3697 = ORIENTED_EDGE ( 'NONE', *, *, #1879, .T. ) ;
#3698 = AXIS2_PLACEMENT_3D ( 'NONE', #2811, #8785, #1173 ) ;
#3699 = VERTEX_POINT ( 'NONE', #7158 ) ;
#3700 = FACE_BOUND ( 'NONE', #4465, .T. ) ;
#3701 = CARTESIAN_POINT ( 'NONE',  ( 1.651999999999999500, 1.619499999999999500, 2.050000000000000300 ) ) ;
#3702 = ORIENTED_EDGE ( 'NONE', *, *, #7726, .F. ) ;
#3703 = VECTOR ( 'NONE', #4141, 39.37007874015748100 ) ;
#3704 = ADVANCED_FACE ( 'NONE', ( #8057 ), #4857, .F. ) ;
#3705 = ORIENTED_EDGE ( 'NONE', *, *, #1383, .T. ) ;
#3706 = CARTESIAN_POINT ( 'NONE',  ( 0.9274999999999998800, -1.926500000000000300, 0.1200000000000000900 ) ) ;
#3707 = CARTESIAN_POINT ( 'NONE',  ( 1.498499999999999100, 1.619499999999999500, 0.1200000000000000900 ) ) ;
#3708 = DIRECTION ( 'NONE',  ( -0.0000000000000000000, -0.0000000000000000000, 1.000000000000000000 ) ) ;
#3709 = CARTESIAN_POINT ( 'NONE',  ( -1.027499999999999900, -1.926500000000000300, 1.564999999999999700 ) ) ;
#3710 = ORIENTED_EDGE ( 'NONE', *, *, #9146, .T. ) ;
#3711 = CARTESIAN_POINT ( 'NONE',  ( -1.538000000000000500, -2.027999999999999600, 1.267500000000000100 ) ) ;
#3712 = CARTESIAN_POINT ( 'NONE',  ( 1.467867916488617000, 2.109472331882376500, 2.044999999999999500 ) ) ;
#3713 = VECTOR ( 'NONE', #207, 39.37007874015748100 ) ;
#3714 = ADVANCED_FACE ( 'NONE', ( #346 ), #8328, .F. ) ;
#3715 = DIRECTION ( 'NONE',  ( 1.000000000000000000, 0.0000000000000000000, 0.0000000000000000000 ) ) ;
#3716 = EDGE_CURVE ( 'NONE', #6240, #5810, #6058, .T. ) ;
#3717 = EDGE_CURVE ( 'NONE', #7030, #5410, #2595, .T. ) ;
#3718 = AXIS2_PLACEMENT_3D ( 'NONE', #787, #1630, #4285 ) ;
#3719 = DIRECTION ( 'NONE',  ( -0.0000000000000000000, -0.0000000000000000000, -1.000000000000000000 ) ) ;
#3720 = PLANE ( 'NONE',  #8271 ) ;
#3721 = CARTESIAN_POINT ( 'NONE',  ( -0.9775000000000000400, -1.926500000000000300, 1.630000000000000100 ) ) ;
#3722 = LINE ( 'NONE', #9699, #291 ) ;
#3723 = DIRECTION ( 'NONE',  ( -0.0000000000000000000, -0.0000000000000000000, -1.000000000000000000 ) ) ;
#3724 = AXIS2_PLACEMENT_3D ( 'NONE', #905, #6969, #2665 ) ;
#3725 = VECTOR ( 'NONE', #3327, 39.37007874015748100 ) ;
#3726 = EDGE_CURVE ( 'NONE', #2865, #3430, #6880, .T. ) ;
#3727 = CARTESIAN_POINT ( 'NONE',  ( -1.498499999999999100, 1.823000000000000000, 1.540000000000000000 ) ) ;
#3728 = EDGE_CURVE ( 'NONE', #5846, #5798, #10583, .T. ) ;
#3729 = DIRECTION ( 'NONE',  ( -1.000000000000000000, 0.0000000000000000000, 0.0000000000000000000 ) ) ;
#3730 = CARTESIAN_POINT ( 'NONE',  ( -1.467867916488617000, 2.109472331882376500, 2.044999999999999500 ) ) ;
#3731 = DIRECTION ( 'NONE',  ( 1.000000000000000000, -1.852100334687642800E-015, 0.0000000000000000000 ) ) ;
#3732 = CIRCLE ( 'NONE', #7316, 0.05849999999999993400 ) ;
#3734 = DIRECTION ( 'NONE',  ( 1.000000000000000000, 0.0000000000000000000, 0.0000000000000000000 ) ) ;
#3733 = DIRECTION ( 'NONE',  ( 0.0000000000000000000, 1.000000000000000000, 0.0000000000000000000 ) ) ;
#3735 = DIRECTION ( 'NONE',  ( -1.000000000000000000, -1.931999995519276800E-016, 0.0000000000000000000 ) ) ;
#3736 = AXIS2_PLACEMENT_3D ( 'NONE', #4015, #3226, #8276 ) ;
#3737 = AXIS2_PLACEMENT_3D ( 'NONE', #2478, #6674, #3251 ) ;
#3738 = DIRECTION ( 'NONE',  ( -0.0000000000000000000, -0.0000000000000000000, -1.000000000000000000 ) ) ;
#3739 = CYLINDRICAL_SURFACE ( 'NONE', #4535, 0.2035000000000004300 ) ;
#3740 = LINE ( 'NONE', #1584, #7897 ) ;
#3741 = CARTESIAN_POINT ( 'NONE',  ( 1.705499999999999100, -2.028000000000001400, 2.169999999999999900 ) ) ;
#3742 = ORIENTED_EDGE ( 'NONE', *, *, #6728, .F. ) ;
#3743 = DIRECTION ( 'NONE',  ( 1.000000000000000000, 0.0000000000000000000, 0.0000000000000000000 ) ) ;
#3744 = ADVANCED_FACE ( 'NONE', ( #3121 ), #4819, .F. ) ;
#3745 = DIRECTION ( 'NONE',  ( -1.000000000000000000, 0.0000000000000000000, 0.0000000000000000000 ) ) ;
#3746 = CARTESIAN_POINT ( 'NONE',  ( -0.7070000000000014100, 2.146999999999998900, 1.630000000000000100 ) ) ;
#3747 = FACE_OUTER_BOUND ( 'NONE', #1434, .T. ) ;
#3748 = AXIS2_PLACEMENT_3D ( 'NONE', #1975, #193, #7928 ) ;
#3749 = LINE ( 'NONE', #5335, #5772 ) ;
#3750 = EDGE_CURVE ( 'NONE', #3640, #7040, #7658, .T. ) ;
#3751 = ORIENTED_EDGE ( 'NONE', *, *, #5083, .F. ) ;
#3752 = EDGE_LOOP ( 'NONE', ( #10229, #775, #631, #6465 ) ) ;
#3753 = DIRECTION ( 'NONE',  ( -0.0000000000000000000, -0.0000000000000000000, 1.000000000000000000 ) ) ;
#3754 = DIRECTION ( 'NONE',  ( -0.0000000000000000000, 0.0000000000000000000, -1.000000000000000000 ) ) ;
#3755 = AXIS2_PLACEMENT_3D ( 'NONE', #9040, #5678, #6553 ) ;
#3756 = CARTESIAN_POINT ( 'NONE',  ( 1.498499999999999100, -1.823000000000000000, 1.630000000000000100 ) ) ;
#3757 = ADVANCED_FACE ( 'NONE', ( #9533 ), #3250, .T. ) ;
#3758 = ORIENTED_EDGE ( 'NONE', *, *, #7518, .F. ) ;
#3759 = ORIENTED_EDGE ( 'NONE', *, *, #8517, .F. ) ;
#3760 = FACE_OUTER_BOUND ( 'NONE', #10719, .T. ) ;
#3761 = CARTESIAN_POINT ( 'NONE',  ( -0.7070000000000014100, 1.926500000000000300, 1.630000000000000100 ) ) ;
#3762 = VECTOR ( 'NONE', #3095, 39.37007874015748100 ) ;
#3763 = VERTEX_POINT ( 'NONE', #6480 ) ;
#3764 = EDGE_LOOP ( 'NONE', ( #7399, #2324, #10710, #2210 ) ) ;
#3765 = DIRECTION ( 'NONE',  ( 0.0000000000000000000, 0.0000000000000000000, -1.000000000000000000 ) ) ;
#3766 = EDGE_CURVE ( 'NONE', #7630, #485, #10197, .T. ) ;
#3767 = DIRECTION ( 'NONE',  ( 0.0000000000000000000, 0.0000000000000000000, 1.000000000000000000 ) ) ;
#3768 = PLANE ( 'NONE',  #10173 ) ;
#3769 = EDGE_CURVE ( 'NONE', #636, #6629, #473, .T. ) ;
#3770 = EDGE_LOOP ( 'NONE', ( #9325, #9834, #5177, #1838 ) ) ;
#3771 = CARTESIAN_POINT ( 'NONE',  ( -1.339999999999999900, -1.515499999999999600, 0.3700000000000001100 ) ) ;
#3772 = ORIENTED_EDGE ( 'NONE', *, *, #5405, .T. ) ;
#3773 = VECTOR ( 'NONE', #10532, 39.37007874015748100 ) ;
#3774 = CYLINDRICAL_SURFACE ( 'NONE', #9071, 0.04805064199019547200 ) ;
#3775 = ORIENTED_EDGE ( 'NONE', *, *, #2302, .T. ) ;
#3776 = ORIENTED_EDGE ( 'NONE', *, *, #8559, .F. ) ;
#3777 = DIRECTION ( 'NONE',  ( 1.000000000000000000, 0.0000000000000000000, 0.0000000000000000000 ) ) ;
#3778 = CARTESIAN_POINT ( 'NONE',  ( -1.498499999999999100, -1.823000000000000000, 1.630000000000000100 ) ) ;
#3779 = CARTESIAN_POINT ( 'NONE',  ( 1.701999999999999500, 1.619499999999999500, 1.639999999999999900 ) ) ;
#3780 = ORIENTED_EDGE ( 'NONE', *, *, #4550, .T. ) ;
#3781 = DIRECTION ( 'NONE',  ( 1.000000000000000000, 0.0000000000000000000, 0.0000000000000000000 ) ) ;
#3782 = FACE_OUTER_BOUND ( 'NONE', #7730, .T. ) ;
#3783 = CARTESIAN_POINT ( 'NONE',  ( 1.651999999999999500, -1.619499999999999500, 1.630000000000000100 ) ) ;
#3784 = LINE ( 'NONE', #5832, #3134 ) ;
#3785 = ORIENTED_EDGE ( 'NONE', *, *, #5044, .T. ) ;
#3786 = CARTESIAN_POINT ( 'NONE',  ( -1.498499999999999100, 1.772999999999999900, 0.1200000000000000900 ) ) ;
#3787 = AXIS2_PLACEMENT_3D ( 'NONE', #5535, #7199, #2002 ) ;
#3788 = CIRCLE ( 'NONE', #2140, 0.1875000000000001100 ) ;
#3789 = EDGE_CURVE ( 'NONE', #2128, #5777, #1019, .T. ) ;
#3790 = EDGE_CURVE ( 'NONE', #7644, #7929, #5791, .T. ) ;
#3791 = ORIENTED_EDGE ( 'NONE', *, *, #1054, .F. ) ;
#3792 = EDGE_CURVE ( 'NONE', #7771, #9936, #9793, .T. ) ;
#3793 = ORIENTED_EDGE ( 'NONE', *, *, #9906, .T. ) ;
#3794 = ORIENTED_EDGE ( 'NONE', *, *, #4865, .T. ) ;
#3795 = ORIENTED_EDGE ( 'NONE', *, *, #9906, .F. ) ;
#3796 = VECTOR ( 'NONE', #10251, 39.37007874015748100 ) ;
#3797 = CIRCLE ( 'NONE', #8125, 0.09375000000000033300 ) ;
#3798 = CIRCLE ( 'NONE', #5701, 0.02499999999999987000 ) ;
#3799 = CARTESIAN_POINT ( 'NONE',  ( 1.538000000000000500, -2.027999999999999600, -0.3943848084544492900 ) ) ;
#3800 = CARTESIAN_POINT ( 'NONE',  ( 1.081000000000000400, 1.926500000000000300, 1.564999999999999700 ) ) ;
#3801 = ORIENTED_EDGE ( 'NONE', *, *, #6536, .T. ) ;
#3802 = ADVANCED_FACE ( 'NONE', ( #1166 ), #7930, .T. ) ;
#3803 = ORIENTED_EDGE ( 'NONE', *, *, #7891, .T. ) ;
#3804 = AXIS2_PLACEMENT_3D ( 'NONE', #1153, #4616, #7100 ) ;
#3805 = DIRECTION ( 'NONE',  ( -0.0000000000000000000, -0.0000000000000000000, -1.000000000000000000 ) ) ;
#3806 = VERTEX_POINT ( 'NONE', #9152 ) ;
#3807 = AXIS2_PLACEMENT_3D ( 'NONE', #96, #6961, #1086 ) ;
#3808 = DIRECTION ( 'NONE',  ( 1.000000000000000000, 0.0000000000000000000, 0.0000000000000000000 ) ) ;
#3809 = EDGE_CURVE ( 'NONE', #3374, #8032, #7784, .T. ) ;
#3810 = ORIENTED_EDGE ( 'NONE', *, *, #5226, .T. ) ;
#3811 = CIRCLE ( 'NONE', #4028, 0.1035000000000004100 ) ;
#3812 = DIRECTION ( 'NONE',  ( 0.0000000000000000000, -1.000000000000000000, 0.0000000000000000000 ) ) ;
#3813 = LINE ( 'NONE', #10759, #1582 ) ;
#3814 = DIRECTION ( 'NONE',  ( 0.0000000000000000000, 0.0000000000000000000, 1.000000000000000000 ) ) ;
#3815 = ORIENTED_EDGE ( 'NONE', *, *, #8775, .F. ) ;
#3816 = DIRECTION ( 'NONE',  ( -0.0000000000000000000, -0.0000000000000000000, -1.000000000000000000 ) ) ;
#3817 = VERTEX_POINT ( 'NONE', #9971 ) ;
#3818 = ORIENTED_EDGE ( 'NONE', *, *, #10569, .T. ) ;
#3819 = ORIENTED_EDGE ( 'NONE', *, *, #8243, .F. ) ;
#3820 = ADVANCED_FACE ( 'NONE', ( #7531 ), #8148, .F. ) ;
#3821 = VERTEX_POINT ( 'NONE', #4943 ) ;
#3822 = CIRCLE ( 'NONE', #7189, 0.009999999999999892700 ) ;
#3823 = AXIS2_PLACEMENT_3D ( 'NONE', #5149, #8467, #1734 ) ;
#3824 = EDGE_LOOP ( 'NONE', ( #2199, #10200, #2039, #9931 ) ) ;
#3825 = CIRCLE ( 'NONE', #5548, 0.1575000000000004500 ) ;
#3826 = CARTESIAN_POINT ( 'NONE',  ( 1.695500000000000900, 2.027999999999999100, 1.919999999999999700 ) ) ;
#3827 = DIRECTION ( 'NONE',  ( 1.000000000000000000, 0.0000000000000000000, 0.0000000000000000000 ) ) ;
#3828 = EDGE_LOOP ( 'NONE', ( #5107, #4712, #8117, #1194 ) ) ;
#3829 = CARTESIAN_POINT ( 'NONE',  ( -1.027499999999999900, 1.926500000000000300, 1.605000000000000000 ) ) ;
#3830 = DIRECTION ( 'NONE',  ( 1.000000000000000000, 0.0000000000000000000, 0.0000000000000000000 ) ) ;
#3831 = DIRECTION ( 'NONE',  ( 1.000000000000000000, 0.0000000000000000000, 0.0000000000000000000 ) ) ;
#3832 = ORIENTED_EDGE ( 'NONE', *, *, #5889, .F. ) ;
#3833 = LINE ( 'NONE', #9508, #4775 ) ;
#3834 = ORIENTED_EDGE ( 'NONE', *, *, #558, .T. ) ;
#3835 = LINE ( 'NONE', #6798, #6945 ) ;
#3836 = CARTESIAN_POINT ( 'NONE',  ( 1.628389396804066600, 1.911440972269853500, 2.010322595159088200 ) ) ;
#3837 = CARTESIAN_POINT ( 'NONE',  ( 1.726999999999999400, 1.619499999999999500, 1.564999999999999700 ) ) ;
#3838 = ORIENTED_EDGE ( 'NONE', *, *, #7460, .T. ) ;
#3839 = AXIS2_PLACEMENT_3D ( 'NONE', #8287, #681, #9999 ) ;
#3840 = CARTESIAN_POINT ( 'NONE',  ( -1.450194394532882600, 2.140083769858391900, 2.025274302822597200 ) ) ;
#3841 = ORIENTED_EDGE ( 'NONE', *, *, #2096, .F. ) ;
#3842 = EDGE_CURVE ( 'NONE', #2927, #3127, #9129, .T. ) ;
#3843 = DIRECTION ( 'NONE',  ( -0.0000000000000000000, -0.0000000000000000000, 1.000000000000000000 ) ) ;
#3844 = LINE ( 'NONE', #2162, #553 ) ;
#3845 = EDGE_CURVE ( 'NONE', #7900, #1978, #76, .T. ) ;
#3846 = CARTESIAN_POINT ( 'NONE',  ( -1.538000000000000500, -2.027999999999999600, 1.267500000000000100 ) ) ;
#3848 = DIRECTION ( 'NONE',  ( 1.000000000000000000, 0.0000000000000000000, 0.0000000000000000000 ) ) ;
#3847 = CARTESIAN_POINT ( 'NONE',  ( 1.045499999999999900, -1.926500000000000300, 0.1200000000000000900 ) ) ;
#3849 = DIRECTION ( 'NONE',  ( -1.000000000000000000, 0.0000000000000000000, 0.0000000000000000000 ) ) ;
#3850 = PLANE ( 'NONE',  #10624 ) ;
#3851 = VERTEX_POINT ( 'NONE', #2525 ) ;
#3852 = DIRECTION ( 'NONE',  ( -0.0000000000000000000, -0.0000000000000000000, -1.000000000000000000 ) ) ;
#3853 = FACE_OUTER_BOUND ( 'NONE', #220, .T. ) ;
#3854 = DIRECTION ( 'NONE',  ( 1.000000000000000000, 0.0000000000000000000, 0.0000000000000000000 ) ) ;
#3855 = EDGE_CURVE ( 'NONE', #8055, #8372, #10328, .T. ) ;
#3856 = EDGE_CURVE ( 'NONE', #1427, #10582, #4056, .T. ) ;
#3857 = AXIS2_PLACEMENT_3D ( 'NONE', #2079, #8083, #1224 ) ;
#3858 = DIRECTION ( 'NONE',  ( 0.0000000000000000000, 0.0000000000000000000, 1.000000000000000000 ) ) ;
#3859 = ADVANCED_FACE ( 'NONE', ( #4589 ), #8412, .F. ) ;
#3860 = PLANE ( 'NONE',  #8236 ) ;
#3861 = CARTESIAN_POINT ( 'NONE',  ( -1.498499999999999100, 1.823000000000000000, 1.639999999999999900 ) ) ;
#3862 = PLANE ( 'NONE',  #8831 ) ;
#3863 = TOROIDAL_SURFACE ( 'NONE', #2550, 0.2954999999999984900, 0.02500000000000000100 ) ;
#3864 = CARTESIAN_POINT ( 'NONE',  ( -1.538000000000000500, -2.027999999999999100, 2.004999999999999400 ) ) ;
#3865 = CIRCLE ( 'NONE', #9189, 0.3204999999999985100 ) ;
#3866 = CARTESIAN_POINT ( 'NONE',  ( -1.589666780815287300, -1.898510510564396200, 2.029684651533864200 ) ) ;
#3867 = DIRECTION ( 'NONE',  ( -0.0000000000000000000, -0.0000000000000000000, -1.000000000000000000 ) ) ;
#3868 = CARTESIAN_POINT ( 'NONE',  ( -1.459259842519685700, 2.027999999999999600, 1.267500000000000100 ) ) ;
#3869 = AXIS2_PLACEMENT_3D ( 'NONE', #8352, #1507, #4804 ) ;
#3870 = CARTESIAN_POINT ( 'NONE',  ( -1.498499999999999100, -1.619499999999999500, 0.1200000000000000900 ) ) ;
#3871 = ADVANCED_FACE ( 'NONE', ( #5932 ), #5656, .T. ) ;
#3872 = FACE_OUTER_BOUND ( 'NONE', #8189, .T. ) ;
#3873 = EDGE_CURVE ( 'NONE', #2735, #8780, #1792, .T. ) ;
#3874 = LINE ( 'NONE', #3007, #8960 ) ;
#3875 = DIRECTION ( 'NONE',  ( -0.0000000000000000000, -0.0000000000000000000, 1.000000000000000000 ) ) ;
#3876 = DIRECTION ( 'NONE',  ( 0.0000000000000000000, 0.0000000000000000000, -1.000000000000000000 ) ) ;
#3877 = DIRECTION ( 'NONE',  ( 0.0000000000000000000, -0.0000000000000000000, 1.000000000000000000 ) ) ;
#3879 = DIRECTION ( 'NONE',  ( -0.0000000000000000000, -0.0000000000000000000, -1.000000000000000000 ) ) ;
#3878 = CARTESIAN_POINT ( 'NONE',  ( 1.459259842519684500, -2.028000000000001400, 1.605000000000000000 ) ) ;
#3880 = VECTOR ( 'NONE', #1139, 39.37007874015748100 ) ;
#3881 = DIRECTION ( 'NONE',  ( 0.0000000000000000000, 0.0000000000000000000, 1.000000000000000000 ) ) ;
#3882 = VECTOR ( 'NONE', #5408, 39.37007874015748100 ) ;
#3883 = AXIS2_PLACEMENT_3D ( 'NONE', #6835, #1726, #5996 ) ;
#3884 = ORIENTED_EDGE ( 'NONE', *, *, #5022, .T. ) ;
#3885 = AXIS2_PLACEMENT_3D ( 'NONE', #1920, #7088, #7888 ) ;
#3886 = EDGE_CURVE ( 'NONE', #6225, #2481, #3511, .T. ) ;
#3887 = DIRECTION ( 'NONE',  ( 1.000000000000000000, 0.0000000000000000000, 0.0000000000000000000 ) ) ;
#3888 = CARTESIAN_POINT ( 'NONE',  ( -1.498499999999999100, 1.772999999999999900, 1.630000000000000100 ) ) ;
#3889 = CARTESIAN_POINT ( 'NONE',  ( -1.498499999999999100, -1.873000000000000000, 1.605000000000000000 ) ) ;
#3890 = DIRECTION ( 'NONE',  ( 0.0000000000000000000, 0.0000000000000000000, 1.000000000000000000 ) ) ;
#3891 = CYLINDRICAL_SURFACE ( 'NONE', #271, 0.3204999999999986200 ) ;
#3892 = ORIENTED_EDGE ( 'NONE', *, *, #6831, .T. ) ;
#3893 = LINE ( 'NONE', #3542, #1657 ) ;
#3894 = ORIENTED_EDGE ( 'NONE', *, *, #6195, .F. ) ;
#3895 = DIRECTION ( 'NONE',  ( -0.0000000000000000000, -0.0000000000000000000, -1.000000000000000000 ) ) ;
#3896 = ORIENTED_EDGE ( 'NONE', *, *, #2342, .T. ) ;
#3897 = DIRECTION ( 'NONE',  ( -0.0000000000000000000, -0.0000000000000000000, 1.000000000000000000 ) ) ;
#3898 = MECHANICAL_CONTEXT ( 'NONE', #9371, 'mechanical' ) ;
#3899 = DIRECTION ( 'NONE',  ( -1.000000000000000000, -0.0000000000000000000, -0.0000000000000000000 ) ) ;
#3900 = VERTEX_POINT ( 'NONE', #5060 ) ;
#3901 = AXIS2_PLACEMENT_3D ( 'NONE', #1526, #9897, #1493 ) ;
#3902 = EDGE_LOOP ( 'NONE', ( #1296, #5398, #6584, #1966 ) ) ;
#3903 = ORIENTED_EDGE ( 'NONE', *, *, #3022, .F. ) ;
#3904 = FACE_OUTER_BOUND ( 'NONE', #8909, .T. ) ;
#3905 = FACE_OUTER_BOUND ( 'NONE', #4514, .T. ) ;
#3906 = ORIENTED_EDGE ( 'NONE', *, *, #1129, .F. ) ;
#3907 = CARTESIAN_POINT ( 'NONE',  ( -1.578751680338436900, -1.917416019160021600, 2.043987979976839700 ) ) ;
#3908 = CIRCLE ( 'NONE', #8561, 0.02499999999999987000 ) ;
#3909 = ORIENTED_EDGE ( 'NONE', *, *, #2056, .T. ) ;
#3910 = ADVANCED_FACE ( 'NONE', ( #9927 ), #11026, .T. ) ;
#3911 = B_SPLINE_CURVE_WITH_KNOTS ( 'NONE', 3,
 ( #2842, #5345, #1914, #8527, #4490, #10452, #1136, #7917, #9377, #3660 ),
 .UNSPECIFIED., .F., .F.,
 ( 4, 2, 2, 2, 4 ),
 ( 0.001609983470110019000, 0.002009559951696708600, 0.002409136433283398400, 0.002808712914870088200, 0.003208289396456777600 ),
 .UNSPECIFIED. ) ;
#3912 = VECTOR ( 'NONE', #3455, 39.37007874015748100 ) ;
#3913 = CARTESIAN_POINT ( 'NONE',  ( 1.081000000000000400, 1.873000000000000000, 1.564999999999999700 ) ) ;
#3914 = FACE_OUTER_BOUND ( 'NONE', #9320, .T. ) ;
#3915 = ORIENTED_EDGE ( 'NONE', *, *, #1758, .T. ) ;
#3916 = ORIENTED_EDGE ( 'NONE', *, *, #10324, .T. ) ;
#3917 = DIRECTION ( 'NONE',  ( 1.000000000000000000, 0.0000000000000000000, 0.0000000000000000000 ) ) ;
#3918 = VECTOR ( 'NONE', #4948, 39.37007874015748100 ) ;
#3920 = CARTESIAN_POINT ( 'NONE',  ( -1.498499999999999100, -1.619499999999999500, 1.639999999999999900 ) ) ;
#3919 = CARTESIAN_POINT ( 'NONE',  ( 1.447610603195933500, -2.144559027730145000, 2.004999999999999400 ) ) ;
#3921 = ORIENTED_EDGE ( 'NONE', *, *, #3431, .F. ) ;
#3922 = CARTESIAN_POINT ( 'NONE',  ( -1.625848074029412800, -2.120848074029416000, 2.121949358009804300 ) ) ;
#3923 = EDGE_CURVE ( 'NONE', #9311, #4494, #6606, .T. ) ;
#3924 = DIRECTION ( 'NONE',  ( 0.0000000000000000000, -1.000000000000000000, 0.0000000000000000000 ) ) ;
#3925 = AXIS2_PLACEMENT_3D ( 'NONE', #3568, #2613, #195 ) ;
#3926 = ORIENTED_EDGE ( 'NONE', *, *, #2942, .T. ) ;
#3927 = VERTEX_POINT ( 'NONE', #5907 ) ;
#3928 = EDGE_LOOP ( 'NONE', ( #3841, #2390 ) ) ;
#3929 = VECTOR ( 'NONE', #879, 39.37007874015748100 ) ;
#3930 = DIRECTION ( 'NONE',  ( -0.0000000000000000000, -0.0000000000000000000, -1.000000000000000000 ) ) ;
#3931 = VECTOR ( 'NONE', #3875, 39.37007874015748100 ) ;
#3932 = ORIENTED_EDGE ( 'NONE', *, *, #8519, .T. ) ;
#3933 = ADVANCED_FACE ( 'NONE', ( #9263 ), #2982, .T. ) ;
#3934 = CARTESIAN_POINT ( 'NONE',  ( 1.585872413480089000, -1.905082547571540500, 2.037126280028226200 ) ) ;
#3935 = VECTOR ( 'NONE', #10348, 39.37007874015748100 ) ;
#3936 = DIRECTION ( 'NONE',  ( -0.0000000000000000000, -0.0000000000000000000, -1.000000000000000000 ) ) ;
#3937 = ORIENTED_EDGE ( 'NONE', *, *, #9799, .T. ) ;
#3938 = CARTESIAN_POINT ( 'NONE',  ( 1.081000000000000400, -1.772999999999999900, 2.050000000000000300 ) ) ;
#3939 = CARTESIAN_POINT ( 'NONE',  ( -1.701999999999999500, -1.619499999999999500, 1.564999999999999700 ) ) ;
#3940 = ORIENTED_EDGE ( 'NONE', *, *, #2025, .F. ) ;
#3941 = DIRECTION ( 'NONE',  ( -0.5000000000000023300, 0.8660254037844371500, 0.0000000000000000000 ) ) ;
#3942 = CARTESIAN_POINT ( 'NONE',  ( -1.538000000000000500, 2.027999999999999100, 2.004999999999999400 ) ) ;
#3943 = EDGE_LOOP ( 'NONE', ( #3230, #6930, #7942, #4773 ) ) ;
#3944 = DIRECTION ( 'NONE',  ( 0.0000000000000000000, -0.0000000000000000000, -1.000000000000000000 ) ) ;
#3945 = ORIENTED_EDGE ( 'NONE', *, *, #4016, .T. ) ;
#3946 = CARTESIAN_POINT ( 'NONE',  ( -1.721949358009803300, -2.120848074029416000, 2.169999999999999900 ) ) ;
#3947 = LINE ( 'NONE', #2348, #10490 ) ;
#3948 = EDGE_CURVE ( 'NONE', #2590, #1185, #4994, .T. ) ;
#3949 = EDGE_CURVE ( 'NONE', #3127, #9522, #7267, .T. ) ;
#3950 = VECTOR ( 'NONE', #10651, 39.37007874015748100 ) ;
#3951 = ORIENTED_EDGE ( 'NONE', *, *, #4890, .F. ) ;
#3952 = DIRECTION ( 'NONE',  ( 0.0000000000000000000, -0.0000000000000000000, 1.000000000000000000 ) ) ;
#3953 = ORIENTED_EDGE ( 'NONE', *, *, #4177, .T. ) ;
#3954 = ORIENTED_EDGE ( 'NONE', *, *, #6651, .F. ) ;
#3955 = DIRECTION ( 'NONE',  ( -0.0000000000000000000, 1.000000000000000000, 0.0000000000000000000 ) ) ;
#3956 = PLANE ( 'NONE',  #4513 ) ;
#3957 = EDGE_LOOP ( 'NONE', ( #3818, #1992, #4111, #6724 ) ) ;
#3958 = CIRCLE ( 'NONE', #5043, 0.1441519259705861500 ) ;
#3959 = CARTESIAN_POINT ( 'NONE',  ( -1.281500000000000500, 1.515499999999999600, 0.3700000000000001100 ) ) ;
#3960 = FACE_BOUND ( 'NONE', #10608, .T. ) ;
#3961 = ORIENTED_EDGE ( 'NONE', *, *, #9166, .F. ) ;
#3962 = AXIS2_PLACEMENT_3D ( 'NONE', #9407, #9340, #10118 ) ;
#3963 = CARTESIAN_POINT ( 'NONE',  ( 1.498499999999999100, -1.619499999999999500, 1.564999999999999700 ) ) ;
#3964 = AXIS2_PLACEMENT_3D ( 'NONE', #5492, #2933, #7219 ) ;
#3965 = EDGE_CURVE ( 'NONE', #1380, #1260, #5128, .T. ) ;
#3966 = ORIENTED_EDGE ( 'NONE', *, *, #8201, .T. ) ;
#3967 = ORIENTED_EDGE ( 'NONE', *, *, #275, .F. ) ;
#3969 = DIRECTION ( 'NONE',  ( -0.0000000000000000000, -0.0000000000000000000, 1.000000000000000000 ) ) ;
#3968 = PLANE ( 'NONE',  #5188 ) ;
#3970 = DIRECTION ( 'NONE',  ( -1.000000000000000000, 0.0000000000000000000, 0.0000000000000000000 ) ) ;
#3971 = ORIENTED_EDGE ( 'NONE', *, *, #1733, .T. ) ;
#3972 = TOROIDAL_SURFACE ( 'NONE', #6977, 0.09610128398039072300, 0.04805064199019536800 ) ;
#3973 = DIRECTION ( 'NONE',  ( 0.0000000000000000000, 0.0000000000000000000, -1.000000000000000000 ) ) ;
#3974 = VERTEX_POINT ( 'NONE', #5087 ) ;
#3975 = CIRCLE ( 'NONE', #9902, 0.09375000000000033300 ) ;
#3976 = DIRECTION ( 'NONE',  ( -0.0000000000000000000, -0.0000000000000000000, 1.000000000000000000 ) ) ;
#3977 = ORIENTED_EDGE ( 'NONE', *, *, #10801, .F. ) ;
#3978 = DIRECTION ( 'NONE',  ( 1.000000000000000000, -0.0000000000000000000, -0.0000000000000000000 ) ) ;
#3979 = DIRECTION ( 'NONE',  ( -1.000000000000000000, 0.0000000000000000000, 0.0000000000000000000 ) ) ;
#3980 = AXIS2_PLACEMENT_3D ( 'NONE', #10834, #3924, #3973 ) ;
#3981 = VERTEX_POINT ( 'NONE', #5229 ) ;
#3982 = EDGE_CURVE ( 'NONE', #3534, #9936, #2718, .T. ) ;
#3983 = DIRECTION ( 'NONE',  ( -0.0000000000000000000, -0.0000000000000000000, -1.000000000000000000 ) ) ;
#3984 = ADVANCED_FACE ( 'NONE', ( #7011 ), #71, .T. ) ;
#3985 = CARTESIAN_POINT ( 'NONE',  ( 1.537999999999999400, -2.028000000000001400, 1.919999999999999700 ) ) ;
#3986 = CARTESIAN_POINT ( 'NONE',  ( -1.498499999999999100, 1.873000000000000000, 1.639999999999999900 ) ) ;
#3987 = FACE_OUTER_BOUND ( 'NONE', #1856, .T. ) ;
#3988 = DIRECTION ( 'NONE',  ( 0.0000000000000000000, 0.0000000000000000000, 1.000000000000000000 ) ) ;
#3989 = CARTESIAN_POINT ( 'NONE',  ( -1.578751680338436900, 1.917416019160021600, 2.043987979976839700 ) ) ;
#3990 = ORIENTED_EDGE ( 'NONE', *, *, #5536, .F. ) ;
#3991 = CARTESIAN_POINT ( 'NONE',  ( 0.9274999999999999900, 1.926500000000000300, 1.630000000000000100 ) ) ;
#3992 = DIRECTION ( 'NONE',  ( 1.000000000000000000, 0.0000000000000000000, 0.0000000000000000000 ) ) ;
#3993 = CIRCLE ( 'NONE', #3240, 0.02499999999999987000 ) ;
#3994 = ADVANCED_FACE ( 'NONE', ( #1405 ), #6322, .T. ) ;
#3995 = CARTESIAN_POINT ( 'NONE',  ( 1.390500000000001000, -2.027999999999999100, 1.919999999999999700 ) ) ;
#3996 =( CONVERSION_BASED_UNIT ( 'INCH', #10158 ) LENGTH_UNIT ( ) NAMED_UNIT ( #37 ) );
#3997 = EDGE_CURVE ( 'NONE', #8516, #1307, #3376, .T. ) ;
#3998 = DIRECTION ( 'NONE',  ( 0.0000000000000000000, 0.0000000000000000000, 1.000000000000000000 ) ) ;
#3999 = EDGE_CURVE ( 'NONE', #7285, #455, #10717, .T. ) ;
#4000 = CARTESIAN_POINT ( 'NONE',  ( -1.277250000000000400, -2.027999999999999100, 0.0000000000000000000 ) ) ;
#4001 = VECTOR ( 'NONE', #3897, 39.37007874015748100 ) ;
#4002 = FACE_OUTER_BOUND ( 'NONE', #2647, .T. ) ;
#4004 = CARTESIAN_POINT ( 'NONE',  ( 1.751999999999999600, -1.619499999999999500, 1.639999999999999900 ) ) ;
#4003 = DIRECTION ( 'NONE',  ( -0.0000000000000000000, -0.0000000000000000000, 1.000000000000000000 ) ) ;
#4005 = CARTESIAN_POINT ( 'NONE',  ( -1.538000000000000500, -2.027999999999999600, 1.267500000000000100 ) ) ;
#4006 = CARTESIAN_POINT ( 'NONE',  ( -0.7070000000000014100, -2.196999999999999200, 1.639999999999999900 ) ) ;
#4007 = DIRECTION ( 'NONE',  ( -0.0000000000000000000, -0.0000000000000000000, 1.000000000000000000 ) ) ;
#4008 = CIRCLE ( 'NONE', #1575, 0.2204999999999985000 ) ;
#4009 = CARTESIAN_POINT ( 'NONE',  ( 1.770000000000001600, 2.264999999999998800, 2.121949358009804300 ) ) ;
#4010 = AXIS2_PLACEMENT_3D ( 'NONE', #4532, #7058, #1923 ) ;
#4011 = ORIENTED_EDGE ( 'NONE', *, *, #9731, .T. ) ;
#4012 = LINE ( 'NONE', #1615, #8823 ) ;
#4013 = EDGE_CURVE ( 'NONE', #1804, #2477, #8719, .T. ) ;
#4014 = EDGE_CURVE ( 'NONE', #31, #2234, #4713, .T. ) ;
#4015 = CARTESIAN_POINT ( 'NONE',  ( 0.7070000000000014100, 1.926500000000000300, 1.564999999999999700 ) ) ;
#4016 = EDGE_CURVE ( 'NONE', #5395, #75, #6463, .T. ) ;
#4017 = CARTESIAN_POINT ( 'NONE',  ( 1.498499999999999100, 1.847999999999999900, 1.540000000000000000 ) ) ;
#4018 = DIRECTION ( 'NONE',  ( -1.000000000000000000, 0.0000000000000000000, 0.0000000000000000000 ) ) ;
#4019 = DIRECTION ( 'NONE',  ( 0.0000000000000000000, -1.000000000000000000, 0.0000000000000000000 ) ) ;
#4020 = DIRECTION ( 'NONE',  ( 0.0000000000000000000, 0.0000000000000000000, -1.000000000000000000 ) ) ;
#4021 = DIRECTION ( 'NONE',  ( -1.000000000000000000, -1.931999995519276800E-016, 0.0000000000000000000 ) ) ;
#4022 = CIRCLE ( 'NONE', #5112, 0.1575000000000004500 ) ;
#4023 = VECTOR ( 'NONE', #7532, 39.37007874015748100 ) ;
#4024 = ORIENTED_EDGE ( 'NONE', *, *, #10244, .F. ) ;
#4025 = CARTESIAN_POINT ( 'NONE',  ( 1.498499999999999100, -1.823000000000000000, 1.564999999999999700 ) ) ;
#4026 = CARTESIAN_POINT ( 'NONE',  ( 1.537999999999999400, -2.028000000000001400, 2.169999999999999900 ) ) ;
#4027 = AXIS2_PLACEMENT_3D ( 'NONE', #688, #5759, #6637 ) ;
#4028 = AXIS2_PLACEMENT_3D ( 'NONE', #6280, #3723, #7957 ) ;
#4029 = DIRECTION ( 'NONE',  ( -1.000000000000000000, 0.0000000000000000000, 0.0000000000000000000 ) ) ;
#4030 = EDGE_CURVE ( 'NONE', #5680, #2310, #1528, .T. ) ;
#4031 = PLANE ( 'NONE',  #108 ) ;
#4032 = LINE ( 'NONE', #446, #1257 ) ;
#4033 = ORIENTED_EDGE ( 'NONE', *, *, #8993, .F. ) ;
#4034 = CIRCLE ( 'NONE', #255, 0.2535000000000004500 ) ;
#4035 = ORIENTED_EDGE ( 'NONE', *, *, #2713, .F. ) ;
#4036 = ADVANCED_FACE ( 'NONE', ( #1396 ), #9394, .T. ) ;
#4037 = VERTEX_POINT ( 'NONE', #9376 ) ;
#4038 = CARTESIAN_POINT ( 'NONE',  ( -1.081000000000000400, -1.926500000000000300, 1.540000000000000000 ) ) ;
#4039 = DIRECTION ( 'NONE',  ( 0.0000000000000000000, 1.000000000000000000, 0.0000000000000000000 ) ) ;
#4040 = ORIENTED_EDGE ( 'NONE', *, *, #10723, .T. ) ;
#4041 = ORIENTED_EDGE ( 'NONE', *, *, #5739, .T. ) ;
#4042 = VECTOR ( 'NONE', #543, 39.37007874015748100 ) ;
#4043 = AXIS2_PLACEMENT_3D ( 'NONE', #3083, #8281, #9807 ) ;
#4044 = VECTOR ( 'NONE', #2040, 39.37007874015748100 ) ;
#4045 = ORIENTED_EDGE ( 'NONE', *, *, #5313, .T. ) ;
#4046 = AXIS2_PLACEMENT_3D ( 'NONE', #9080, #8153, #7404 ) ;
#4047 = CARTESIAN_POINT ( 'NONE',  ( 1.390500000000001000, 2.027999999999999100, 2.044999999999999500 ) ) ;
#4048 = EDGE_LOOP ( 'NONE', ( #766, #9685, #6653, #4607 ) ) ;
#4049 = ADVANCED_FACE ( 'NONE', ( #10573, #8192 ), #9493, .T. ) ;
#4050 = DIRECTION ( 'NONE',  ( 0.0000000000000000000, 0.0000000000000000000, 1.000000000000000000 ) ) ;
#4051 = CARTESIAN_POINT ( 'NONE',  ( 1.081000000000000400, -1.926500000000000300, 1.580000000000000100 ) ) ;
#4052 = CARTESIAN_POINT ( 'NONE',  ( 1.482251619347311900, -2.164559027730145000, 2.004999999999999400 ) ) ;
#4053 = CARTESIAN_POINT ( 'NONE',  ( 1.447610603195934200, -2.144559027730144100, 2.010322595159089100 ) ) ;
#4054 = CIRCLE ( 'NONE', #10426, 0.1574999999999998900 ) ;
#4055 = ORIENTED_EDGE ( 'NONE', *, *, #10869, .T. ) ;
#4056 = CIRCLE ( 'NONE', #2246, 0.02499999999999987000 ) ;
#4057 = VERTEX_POINT ( 'NONE', #862 ) ;
#4058 = LINE ( 'NONE', #4690, #2335 ) ;
#4059 = ORIENTED_EDGE ( 'NONE', *, *, #5022, .F. ) ;
#4060 = VERTEX_POINT ( 'NONE', #7649 ) ;
#4061 = DIRECTION ( 'NONE',  ( -1.000000000000000000, 0.0000000000000000000, 0.0000000000000000000 ) ) ;
#4062 = DIRECTION ( 'NONE',  ( -1.000000000000000000, 0.0000000000000000000, 0.0000000000000000000 ) ) ;
#4063 = ORIENTED_EDGE ( 'NONE', *, *, #9891, .F. ) ;
#4064 = AXIS2_PLACEMENT_3D ( 'NONE', #7999, #1267, #4701 ) ;
#4065 = ORIENTED_EDGE ( 'NONE', *, *, #2301, .T. ) ;
#4066 = DIRECTION ( 'NONE',  ( 1.000000000000000000, 0.0000000000000000000, 0.0000000000000000000 ) ) ;
#4067 = FACE_OUTER_BOUND ( 'NONE', #6762, .T. ) ;
#4068 = CARTESIAN_POINT ( 'NONE',  ( 0.7070000000000014100, -2.196999999999998700, 1.639999999999999900 ) ) ;
#4069 = TOROIDAL_SURFACE ( 'NONE', #7997, 0.2954999999999986000, 0.02500000000000000100 ) ;
#4070 = VERTEX_POINT ( 'NONE', #3504 ) ;
#4071 = DIRECTION ( 'NONE',  ( -0.0000000000000000000, -0.0000000000000000000, 1.000000000000000000 ) ) ;
#4072 = CIRCLE ( 'NONE', #3839, 0.05849999999999993400 ) ;
#4073 = ORIENTED_EDGE ( 'NONE', *, *, #2449, .F. ) ;
#4074 = ORIENTED_EDGE ( 'NONE', *, *, #3303, .T. ) ;
#4075 = DIRECTION ( 'NONE',  ( -1.000000000000000000, 0.0000000000000000000, 0.0000000000000000000 ) ) ;
#4076 = VERTEX_POINT ( 'NONE', #10231 ) ;
#4077 = ORIENTED_EDGE ( 'NONE', *, *, #9306, .F. ) ;
#4078 = VECTOR ( 'NONE', #10656, 39.37007874015748100 ) ;
#4080 = CARTESIAN_POINT ( 'NONE',  ( 1.625805605467117100, -1.915916230141605500, 2.025274302822597200 ) ) ;
#4079 = DIRECTION ( 'NONE',  ( 0.5000000000000023300, -0.8660254037844371500, 0.0000000000000000000 ) ) ;
#4081 = DIRECTION ( 'NONE',  ( -0.0000000000000000000, -0.0000000000000000000, -1.000000000000000000 ) ) ;
#4082 = CIRCLE ( 'NONE', #7991, 0.1474999999999994600 ) ;
#4083 = EDGE_CURVE ( 'NONE', #1794, #8601, #4847, .T. ) ;
#4084 = EDGE_CURVE ( 'NONE', #6057, #3668, #203, .T. ) ;
#4085 = PLANE ( 'NONE',  #6053 ) ;
#4086 = AXIS2_PLACEMENT_3D ( 'NONE', #6119, #236, #7779 ) ;
#4087 = ORIENTED_EDGE ( 'NONE', *, *, #3372, .T. ) ;
#4088 = DIRECTION ( 'NONE',  ( -0.0000000000000000000, -0.0000000000000000000, -1.000000000000000000 ) ) ;
#4089 = VERTEX_POINT ( 'NONE', #3440 ) ;
#4090 = ORIENTED_EDGE ( 'NONE', *, *, #9731, .F. ) ;
#4091 = CARTESIAN_POINT ( 'NONE',  ( 1.081000000000000400, 1.772999999999999900, 0.1200000000000000900 ) ) ;
#4092 = ORIENTED_EDGE ( 'NONE', *, *, #11061, .F. ) ;
#4093 = VECTOR ( 'NONE', #3017, 39.37007874015748100 ) ;
#4094 = CARTESIAN_POINT ( 'NONE',  ( 1.459259842519685700, 2.027999999999999600, 1.267500000000000100 ) ) ;
#4095 = ADVANCED_FACE ( 'NONE', ( #8987 ), #10296, .T. ) ;
#4096 = ORIENTED_EDGE ( 'NONE', *, *, #5311, .T. ) ;
#4097 = DIRECTION ( 'NONE',  ( 0.0000000000000000000, 0.0000000000000000000, -1.000000000000000000 ) ) ;
#4098 = CARTESIAN_POINT ( 'NONE',  ( 1.027499999999999900, 1.926500000000000300, 1.639999999999999900 ) ) ;
#4099 = CARTESIAN_POINT ( 'NONE',  ( -0.7070000000000014100, -2.246999999999999000, 1.639999999999999900 ) ) ;
#4100 = EDGE_LOOP ( 'NONE', ( #6782, #9410, #9160, #3569 ) ) ;
#4101 = AXIS2_PLACEMENT_3D ( 'NONE', #926, #4952, #7772 ) ;
#4102 = ORIENTED_EDGE ( 'NONE', *, *, #3792, .T. ) ;
#4103 = AXIS2_PLACEMENT_3D ( 'NONE', #4791, #3881, #3849 ) ;
#4104 = EDGE_CURVE ( 'NONE', #2761, #8447, #10186, .T. ) ;
#4105 = ORIENTED_EDGE ( 'NONE', *, *, #6831, .F. ) ;
#4106 = CIRCLE ( 'NONE', #9818, 0.2035000000000004300 ) ;
#4107 = ORIENTED_EDGE ( 'NONE', *, *, #7880, .F. ) ;
#4108 = CIRCLE ( 'NONE', #10925, 0.2535000000000004500 ) ;
#4109 = DIRECTION ( 'NONE',  ( 1.000000000000000000, 0.0000000000000000000, 0.0000000000000000000 ) ) ;
#4110 = CARTESIAN_POINT ( 'NONE',  ( 1.447610603195933500, -2.144559027730145000, 2.004999999999999400 ) ) ;
#4111 = ORIENTED_EDGE ( 'NONE', *, *, #2943, .F. ) ;
#4112 = ADVANCED_FACE ( 'NONE', ( #1154 ), #7039, .T. ) ;
#4113 = DIRECTION ( 'NONE',  ( -0.0000000000000000000, -0.0000000000000000000, -1.000000000000000000 ) ) ;
#4114 = EDGE_LOOP ( 'NONE', ( #6443, #7935, #4916, #5598 ) ) ;
#4115 = CIRCLE ( 'NONE', #7538, 0.07874015748031476500 ) ;
#4116 = AXIS2_PLACEMENT_3D ( 'NONE', #3026, #2215, #9919 ) ;
#4117 = CARTESIAN_POINT ( 'NONE',  ( -0.9638306835251589900, 2.146999999999998900, 1.580000000000000100 ) ) ;
#4118 = VERTEX_POINT ( 'NONE', #9566 ) ;
#4119 = LINE ( 'NONE', #84, #8924 ) ;
#4120 = AXIS2_PLACEMENT_3D ( 'NONE', #4918, #6686, #7526 ) ;
#4121 = EDGE_CURVE ( 'NONE', #1963, #783, #8318, .T. ) ;
#4122 = DIRECTION ( 'NONE',  ( 1.206113904487533100E-016, -1.000000000000000000, 0.0000000000000000000 ) ) ;
#4123 = VERTEX_POINT ( 'NONE', #1873 ) ;
#4124 = CARTESIAN_POINT ( 'NONE',  ( 1.618275329115057100, -1.928959051378408700, 2.040035489790283500 ) ) ;
#4125 = DIRECTION ( 'NONE',  ( 1.000000000000000000, 0.0000000000000000000, 0.0000000000000000000 ) ) ;
#4126 = ORIENTED_EDGE ( 'NONE', *, *, #4158, .T. ) ;
#4127 = DIRECTION ( 'NONE',  ( 0.0000000000000000000, 0.0000000000000000000, 1.000000000000000000 ) ) ;
#4128 = FACE_OUTER_BOUND ( 'NONE', #8195, .T. ) ;
#4129 = DIRECTION ( 'NONE',  ( 0.0000000000000000000, 0.0000000000000000000, 1.000000000000000000 ) ) ;
#4130 = APPROVAL_STATUS ( 'not_yet_approved' ) ;
#4131 = AXIS2_PLACEMENT_3D ( 'NONE', #6118, #2902, #4678 ) ;
#4132 = CARTESIAN_POINT ( 'NONE',  ( 1.465238919369501200, -2.114025888465638200, 2.045000000000000400 ) ) ;
#4133 = PLANE ( 'NONE',  #3447 ) ;
#4134 = DIRECTION ( 'NONE',  ( 0.0000000000000000000, 1.000000000000000000, 0.0000000000000000000 ) ) ;
#4135 = VERTEX_POINT ( 'NONE', #6139 ) ;
#4136 = DIRECTION ( 'NONE',  ( 1.000000000000000000, 0.0000000000000000000, -0.0000000000000000000 ) ) ;
#4137 = DIRECTION ( 'NONE',  ( 0.0000000000000000000, 0.0000000000000000000, -1.000000000000000000 ) ) ;
#4138 = ORIENTED_EDGE ( 'NONE', *, *, #3965, .T. ) ;
#4139 = LINE ( 'NONE', #9369, #1489 ) ;
#4140 = AXIS2_PLACEMENT_3D ( 'NONE', #10264, #7725, #6849 ) ;
#4141 = DIRECTION ( 'NONE',  ( 1.000000000000000000, 3.086833891146059900E-016, -0.0000000000000000000 ) ) ;
#4142 = VECTOR ( 'NONE', #1123, 39.37007874015748100 ) ;
#4143 = ORIENTED_EDGE ( 'NONE', *, *, #5801, .T. ) ;
#4144 = CIRCLE ( 'NONE', #1965, 0.2704999999999984600 ) ;
#4145 = CARTESIAN_POINT ( 'NONE',  ( 1.081000000000000400, -1.823000000000000000, 1.630000000000000100 ) ) ;
#4146 = EDGE_CURVE ( 'NONE', #4387, #7952, #4310, .T. ) ;
#4147 = ADVANCED_FACE ( 'NONE', ( #3760 ), #5921, .T. ) ;
#4148 = B_SPLINE_CURVE_WITH_KNOTS ( 'NONE', 3,
 ( #773, #10144, #6837, #3349, #8455, #1651, #2500, #9333, #4203, #5967 ),
 .UNSPECIFIED., .F., .F.,
 ( 4, 2, 2, 2, 4 ),
 ( 1.971563028680248100E-007, 0.0004000189154631235800, 0.0007998406746233792000, 0.001199662433783634700, 0.001599484192943890200 ),
 .UNSPECIFIED. ) ;
#4149 = CARTESIAN_POINT ( 'NONE',  ( -1.538000000000000500, 2.027999999999999600, 2.159999999999999700 ) ) ;
#4150 = DIRECTION ( 'NONE',  ( 0.0000000000000000000, 0.0000000000000000000, -1.000000000000000000 ) ) ;
#4151 = CARTESIAN_POINT ( 'NONE',  ( 1.613410759851399800, -1.937384732500002000, 2.043974741639081200 ) ) ;
#4152 = CIRCLE ( 'NONE', #3686, 0.1535000000000002800 ) ;
#4153 = ORGANIZATION ( 'UNSPECIFIED', 'UNSPECIFIED', '' ) ;
#4154 = DIRECTION ( 'NONE',  ( -0.0000000000000000000, -0.0000000000000000000, 1.000000000000000000 ) ) ;
#4155 = DIRECTION ( 'NONE',  ( 1.000000000000000000, 0.0000000000000000000, 0.0000000000000000000 ) ) ;
#4156 = AXIS2_PLACEMENT_3D ( 'NONE', #1859, #1884, #2747 ) ;
#4157 = DIRECTION ( 'NONE',  ( -0.0000000000000000000, -0.0000000000000000000, -1.000000000000000000 ) ) ;
#4158 = EDGE_CURVE ( 'NONE', #7911, #3270, #3637, .T. ) ;
#4159 = EDGE_CURVE ( 'NONE', #4171, #4496, #333, .T. ) ;
#4160 = DIRECTION ( 'NONE',  ( 0.0000000000000000000, -1.000000000000000000, 0.0000000000000000000 ) ) ;
#4161 = LINE ( 'NONE', #7258, #2689 ) ;
#4162 = EDGE_CURVE ( 'NONE', #9466, #2447, #7919, .T. ) ;
#4163 = FACE_OUTER_BOUND ( 'NONE', #10257, .T. ) ;
#4164 = CARTESIAN_POINT ( 'NONE',  ( -1.538000000000000500, 2.027999999999999600, -0.3943848084544492900 ) ) ;
#4165 = DIRECTION ( 'NONE',  ( 1.000000000000000000, 0.0000000000000000000, 0.0000000000000000000 ) ) ;
#4166 = ORIENTED_EDGE ( 'NONE', *, *, #7880, .T. ) ;
#4167 = LINE ( 'NONE', #2073, #1655 ) ;
#4168 = EDGE_LOOP ( 'NONE', ( #7838, #4482, #10585, #7856 ) ) ;
#4169 = CYLINDRICAL_SURFACE ( 'NONE', #2233, 0.2704999999999984600 ) ;
#4170 = ORIENTED_EDGE ( 'NONE', *, *, #7637, .F. ) ;
#4171 = VERTEX_POINT ( 'NONE', #9009 ) ;
#4172 = DIRECTION ( 'NONE',  ( -0.0000000000000000000, -0.0000000000000000000, -1.000000000000000000 ) ) ;
#4173 = AXIS2_PLACEMENT_3D ( 'NONE', #7209, #2125, #5445 ) ;
#4174 = VERTEX_POINT ( 'NONE', #3888 ) ;
#4175 = AXIS2_PLACEMENT_3D ( 'NONE', #1579, #9088, #1498 ) ;
#4176 = DIRECTION ( 'NONE',  ( -1.000000000000000000, 0.0000000000000000000, 0.0000000000000000000 ) ) ;
#4177 = EDGE_CURVE ( 'NONE', #10714, #1099, #10454, .T. ) ;
#4178 = DIRECTION ( 'NONE',  ( -0.0000000000000000000, -0.0000000000000000000, 1.000000000000000000 ) ) ;
#4179 = EDGE_LOOP ( 'NONE', ( #196, #7909, #887, #6658 ) ) ;
#4180 = ORIENTED_EDGE ( 'NONE', *, *, #1313, .F. ) ;
#4181 = FACE_OUTER_BOUND ( 'NONE', #10125, .T. ) ;
#4182 = DIRECTION ( 'NONE',  ( 0.0000000000000000000, 0.0000000000000000000, 1.000000000000000000 ) ) ;
#4183 = VECTOR ( 'NONE', #8651, 39.37007874015748100 ) ;
#4184 = ORIENTED_EDGE ( 'NONE', *, *, #6233, .T. ) ;
#4185 = DIRECTION ( 'NONE',  ( -1.000000000000000000, 0.0000000000000000000, 0.0000000000000000000 ) ) ;
#4186 = CIRCLE ( 'NONE', #8534, 0.009999999999999892700 ) ;
#4188 = CARTESIAN_POINT ( 'NONE',  ( 1.538000000000000500, 2.027999999999999100, 2.169999999999999900 ) ) ;
#4187 = DIRECTION ( 'NONE',  ( -1.000000000000000000, 0.0000000000000000000, 0.0000000000000000000 ) ) ;
#4189 = AXIS2_PLACEMENT_3D ( 'NONE', #2460, #10897, #5040 ) ;
#4190 = EDGE_CURVE ( 'NONE', #5784, #2461, #1450, .T. ) ;
#4191 = FACE_OUTER_BOUND ( 'NONE', #9127, .T. ) ;
#4192 = EDGE_LOOP ( 'NONE', ( #8896, #3795, #4184, #1451 ) ) ;
#4193 = FACE_OUTER_BOUND ( 'NONE', #4519, .T. ) ;
#4194 = CARTESIAN_POINT ( 'NONE',  ( -1.447610603195933500, -2.144559027730145000, 2.004999999999999400 ) ) ;
#4195 = FACE_OUTER_BOUND ( 'NONE', #1138, .T. ) ;
#4196 = VERTEX_POINT ( 'NONE', #5616 ) ;
#4197 = FACE_OUTER_BOUND ( 'NONE', #1174, .T. ) ;
#4198 = PLANE ( 'NONE',  #6534 ) ;
#4199 = ORIENTED_EDGE ( 'NONE', *, *, #5368, .T. ) ;
#4200 = DIRECTION ( 'NONE',  ( 0.0000000000000000000, 0.0000000000000000000, 1.000000000000000000 ) ) ;
#4201 = DIRECTION ( 'NONE',  ( -1.000000000000000000, 0.0000000000000000000, 0.0000000000000000000 ) ) ;
#4202 = ORIENTED_EDGE ( 'NONE', *, *, #7299, .F. ) ;
#4203 = CARTESIAN_POINT ( 'NONE',  ( -1.610761080630499300, -1.941974111534360300, 2.045000000000000400 ) ) ;
#4204 = VERTEX_POINT ( 'NONE', #1424 ) ;
#4205 = CARTESIAN_POINT ( 'NONE',  ( -1.498499999999999100, 1.772999999999999900, 1.630000000000000100 ) ) ;
#4206 = VERTEX_POINT ( 'NONE', #10767 ) ;
#4207 = VECTOR ( 'NONE', #10105, 39.37007874015748100 ) ;
#4208 = DIRECTION ( 'NONE',  ( 0.0000000000000000000, 0.0000000000000000000, -1.000000000000000000 ) ) ;
#4209 = ORIENTED_EDGE ( 'NONE', *, *, #3997, .F. ) ;
#4210 = CIRCLE ( 'NONE', #9285, 0.04805064199019547200 ) ;
#4211 = VERTEX_POINT ( 'NONE', #10720 ) ;
#4212 = EDGE_CURVE ( 'NONE', #9442, #8094, #1668, .T. ) ;
#4213 = CARTESIAN_POINT ( 'NONE',  ( -1.625805605467117100, 1.915916230141605300, 2.025274302822596800 ) ) ;
#4214 = CARTESIAN_POINT ( 'NONE',  ( 1.538000000000000500, -2.027999999999999600, 1.580000000000000100 ) ) ;
#4215 = VERTEX_POINT ( 'NONE', #578 ) ;
#4216 = EDGE_CURVE ( 'NONE', #1398, #5979, #2844, .T. ) ;
#4217 = ORIENTED_EDGE ( 'NONE', *, *, #4828, .T. ) ;
#4218 = CARTESIAN_POINT ( 'NONE',  ( -1.081000000000000400, 1.772999999999999900, 2.050000000000000300 ) ) ;
#4219 = ORIENTED_EDGE ( 'NONE', *, *, #1612, .F. ) ;
#4220 = DIRECTION ( 'NONE',  ( -0.0000000000000000000, -0.0000000000000000000, 1.000000000000000000 ) ) ;
#4221 = CIRCLE ( 'NONE', #9110, 0.1675000000000003400 ) ;
#4222 = VECTOR ( 'NONE', #3152, 39.37007874015748100 ) ;
#4223 = ORIENTED_EDGE ( 'NONE', *, *, #386, .T. ) ;
#4224 = CARTESIAN_POINT ( 'NONE',  ( 1.081000000000000400, -1.823000000000000000, 1.630000000000000100 ) ) ;
#4225 = CARTESIAN_POINT ( 'NONE',  ( -1.538000000000000500, -2.027999999999999100, 1.919999999999999700 ) ) ;
#4226 = EDGE_LOOP ( 'NONE', ( #5415, #5568, #6236, #2615 ) ) ;
#4227 = ORIENTED_EDGE ( 'NONE', *, *, #10800, .F. ) ;
#4228 = ORIENTED_EDGE ( 'NONE', *, *, #8922, .F. ) ;
#4229 = EDGE_CURVE ( 'NONE', #8599, #8786, #9916, .T. ) ;
#4230 = VECTOR ( 'NONE', #4081, 39.37007874015748100 ) ;
#4231 = EDGE_CURVE ( 'NONE', #2735, #3098, #10852, .T. ) ;
#4232 = CARTESIAN_POINT ( 'NONE',  ( -1.498499999999999100, -1.619499999999999500, 1.630000000000000100 ) ) ;
#4233 = ADVANCED_FACE ( 'NONE', ( #6047 ), #7645, .T. ) ;
#4234 = AXIS2_PLACEMENT_3D ( 'NONE', #1432, #8948, #6654 ) ;
#4235 = EDGE_CURVE ( 'NONE', #2858, #7988, #6735, .T. ) ;
#4236 = LINE ( 'NONE', #4314, #8370 ) ;
#4237 = DIRECTION ( 'NONE',  ( 0.0000000000000000000, 0.0000000000000000000, -1.000000000000000000 ) ) ;
#4238 = ORIENTED_EDGE ( 'NONE', *, *, #8677, .T. ) ;
#4239 = CARTESIAN_POINT ( 'NONE',  ( 1.770000000000001600, 2.120848074029412900, 1.580000000000000100 ) ) ;
#4240 = ORIENTED_EDGE ( 'NONE', *, *, #617, .F. ) ;
#4241 = CARTESIAN_POINT ( 'NONE',  ( -0.9274999999999998800, 1.926500000000000300, 2.050000000000000300 ) ) ;
#4242 = ORIENTED_EDGE ( 'NONE', *, *, #7539, .T. ) ;
#4243 = ORIENTED_EDGE ( 'NONE', *, *, #831, .F. ) ;
#4244 = VECTOR ( 'NONE', #6573, 39.37007874015748100 ) ;
#4245 = DIRECTION ( 'NONE',  ( -1.000000000000000000, 0.0000000000000000000, 0.0000000000000000000 ) ) ;
#4246 = DIRECTION ( 'NONE',  ( -1.000000000000000000, 0.0000000000000000000, 0.0000000000000000000 ) ) ;
#4247 = ORIENTED_EDGE ( 'NONE', *, *, #4435, .F. ) ;
#4248 = FACE_OUTER_BOUND ( 'NONE', #1176, .T. ) ;
#4249 = CARTESIAN_POINT ( 'NONE',  ( 1.498499999999999100, -1.772999999999999900, 0.1200000000000000900 ) ) ;
#4250 = ORIENTED_EDGE ( 'NONE', *, *, #10472, .T. ) ;
#4251 = AXIS2_PLACEMENT_3D ( 'NONE', #8856, #4605, #6435 ) ;
#4252 = AXIS2_PLACEMENT_3D ( 'NONE', #8164, #3899, #10731 ) ;
#4253 = EDGE_CURVE ( 'NONE', #2626, #8464, #10315, .T. ) ;
#4254 = ORIENTED_EDGE ( 'NONE', *, *, #4681, .T. ) ;
#4255 = ORIENTED_EDGE ( 'NONE', *, *, #823, .T. ) ;
#4256 = CARTESIAN_POINT ( 'NONE',  ( -1.628389396804066600, 1.911440972269853500, 2.010322595159088200 ) ) ;
#4257 = VECTOR ( 'NONE', #465, 39.37007874015748100 ) ;
#4258 = DIRECTION ( 'NONE',  ( 0.0000000000000000000, 0.0000000000000000000, -1.000000000000000000 ) ) ;
#4259 = CARTESIAN_POINT ( 'NONE',  ( -1.281500000000000500, 1.515499999999999600, 0.1200000000000000900 ) ) ;
#4260 = AXIS2_PLACEMENT_3D ( 'NONE', #3837, #10629, #3089 ) ;
#4261 = CARTESIAN_POINT ( 'NONE',  ( -1.538000000000000500, 2.027999999999999600, 1.580000000000000100 ) ) ;
#4262 = ORIENTED_EDGE ( 'NONE', *, *, #5586, .F. ) ;
#4263 = AXIS2_PLACEMENT_3D ( 'NONE', #221, #3, #9678 ) ;
#4264 = EDGE_CURVE ( 'NONE', #6069, #1978, #5378, .T. ) ;
#4265 = CARTESIAN_POINT ( 'NONE',  ( -1.498499999999999100, -1.619499999999999500, 1.564999999999999700 ) ) ;
#4266 = CIRCLE ( 'NONE', #4968, 0.1575000000000004500 ) ;
#4267 = DIRECTION ( 'NONE',  ( -0.5000000000000023300, -0.8660254037844371500, 0.0000000000000000000 ) ) ;
#4268 = CARTESIAN_POINT ( 'NONE',  ( -1.616740157480315100, -2.027999999999999600, 1.267500000000000100 ) ) ;
#4269 = FACE_BOUND ( 'NONE', #7408, .T. ) ;
#4270 = CARTESIAN_POINT ( 'NONE',  ( 1.726999999999999400, 1.619499999999999500, 1.564999999999999700 ) ) ;
#4271 = FACE_OUTER_BOUND ( 'NONE', #8255, .T. ) ;
#4272 = CARTESIAN_POINT ( 'NONE',  ( 1.081000000000000400, 1.926500000000000300, 1.639999999999999900 ) ) ;
#4273 = AXIS2_PLACEMENT_3D ( 'NONE', #9613, #2781, #1020 ) ;
#4274 = DIRECTION ( 'NONE',  ( -0.5000000000000024400, -0.8660254037844371500, 0.0000000000000000000 ) ) ;
#4275 = CARTESIAN_POINT ( 'NONE',  ( -0.7070000000000014100, 2.196999999999998700, 1.639999999999999900 ) ) ;
#4276 = DIRECTION ( 'NONE',  ( -0.0000000000000000000, -1.000000000000000000, -0.0000000000000000000 ) ) ;
#4277 = CARTESIAN_POINT ( 'NONE',  ( 0.9638306835251589900, 2.146999999999998900, 0.1200000000000000900 ) ) ;
#4278 = DIRECTION ( 'NONE',  ( 0.0000000000000000000, 0.0000000000000000000, -1.000000000000000000 ) ) ;
#4279 = DIRECTION ( 'NONE',  ( -0.0000000000000000000, -0.0000000000000000000, -1.000000000000000000 ) ) ;
#4280 = CIRCLE ( 'NONE', #4619, 0.2035000000000004300 ) ;
#4281 = COORDINATED_UNIVERSAL_TIME_OFFSET ( 6, 0, .BEHIND. ) ;
#4282 = ADVANCED_FACE ( 'NONE', ( #3904 ), #2318, .F. ) ;
#4283 = DIRECTION ( 'NONE',  ( 1.000000000000000000, 0.0000000000000000000, 0.0000000000000000000 ) ) ;
#4284 = DIRECTION ( 'NONE',  ( 0.0000000000000000000, 0.0000000000000000000, 1.000000000000000000 ) ) ;
#4285 = DIRECTION ( 'NONE',  ( -1.000000000000000000, 0.0000000000000000000, 0.0000000000000000000 ) ) ;
#4286 = CIRCLE ( 'NONE', #2763, 0.05849999999999993400 ) ;
#4287 = CARTESIAN_POINT ( 'NONE',  ( -1.081000000000000400, 1.926500000000000300, 1.639999999999999900 ) ) ;
#4288 = FACE_OUTER_BOUND ( 'NONE', #6511, .T. ) ;
#4289 = EDGE_CURVE ( 'NONE', #9116, #3693, #2190, .T. ) ;
#4290 = EDGE_CURVE ( 'NONE', #1704, #4376, #8049, .T. ) ;
#4291 = B_SPLINE_CURVE_WITH_KNOTS ( 'NONE', 3,
 ( #5035, #4053, #10935, #3198, #7528, #10890, #4879, #621, #4132, #10104 ),
 .UNSPECIFIED., .F., .F.,
 ( 4, 2, 2, 2, 4 ),
 ( 1.971563028758743200E-007, 0.0004000189154631293300, 0.0007998406746233827800, 0.001199662433783636400, 0.001599484192943889800 ),
 .UNSPECIFIED. ) ;
#4292 = AXIS2_PLACEMENT_3D ( 'NONE', #2472, #6847, #11062 ) ;
#4293 = VERTEX_POINT ( 'NONE', #6645 ) ;
#4294 = CARTESIAN_POINT ( 'NONE',  ( 1.183500000000000000, -2.027999999999999100, 0.0000000000000000000 ) ) ;
#4295 = VECTOR ( 'NONE', #4641, 39.37007874015748100 ) ;
#4296 = ORIENTED_EDGE ( 'NONE', *, *, #5587, .T. ) ;
#4297 = CIRCLE ( 'NONE', #7728, 0.1035000000000005500 ) ;
#4298 = CIRCLE ( 'NONE', #10262, 0.07874015748031476500 ) ;
#4299 = ORIENTED_EDGE ( 'NONE', *, *, #9082, .T. ) ;
#4300 = ORIENTED_EDGE ( 'NONE', *, *, #7539, .F. ) ;
#4301 = EDGE_CURVE ( 'NONE', #8573, #1590, #5782, .T. ) ;
#4302 = DIRECTION ( 'NONE',  ( -0.0000000000000000000, -0.0000000000000000000, 1.000000000000000000 ) ) ;
#4303 = AXIS2_PLACEMENT_3D ( 'NONE', #2382, #3308, #4127 ) ;
#4304 = EDGE_CURVE ( 'NONE', #388, #9780, #5011, .T. ) ;
#4305 = PLANE ( 'NONE',  #10605 ) ;
#4306 = ORIENTED_EDGE ( 'NONE', *, *, #6967, .T. ) ;
#4307 = ORIENTED_EDGE ( 'NONE', *, *, #7652, .T. ) ;
#4309 = DIRECTION ( 'NONE',  ( -0.0000000000000000000, -0.0000000000000000000, 1.000000000000000000 ) ) ;
#4308 = CARTESIAN_POINT ( 'NONE',  ( -1.769999999999999400, 2.120848074029412900, 1.614999999999999800 ) ) ;
#4310 = LINE ( 'NONE', #4009, #5116 ) ;
#4311 = CARTESIAN_POINT ( 'NONE',  ( -1.457724670884943000, -2.127040948621590200, 2.040035489790283500 ) ) ;
#4312 = CIRCLE ( 'NONE', #4086, 0.05849999999999993400 ) ;
#4313 = VERTEX_POINT ( 'NONE', #4091 ) ;
#4314 = CARTESIAN_POINT ( 'NONE',  ( -1.027499999999999900, -1.926500000000000300, 1.639999999999999900 ) ) ;
#4315 = DIRECTION ( 'NONE',  ( 0.0000000000000000000, 0.0000000000000000000, 1.000000000000000000 ) ) ;
#4316 = VERTEX_POINT ( 'NONE', #10096 ) ;
#4317 = DIRECTION ( 'NONE',  ( -0.0000000000000000000, -0.0000000000000000000, 1.000000000000000000 ) ) ;
#4318 = CIRCLE ( 'NONE', #9637, 0.07874015748031476500 ) ;
#4319 = EDGE_LOOP ( 'NONE', ( #10356, #4987, #9786, #2504 ) ) ;
#4320 = CARTESIAN_POINT ( 'NONE',  ( -1.538000000000000500, -2.027999999999999600, 1.580000000000000100 ) ) ;
#4321 = VECTOR ( 'NONE', #9043, 39.37007874015748100 ) ;
#4322 = AXIS2_PLACEMENT_3D ( 'NONE', #9516, #6037, #7829 ) ;
#4323 = ORIENTED_EDGE ( 'NONE', *, *, #3065, .F. ) ;
#4324 = VECTOR ( 'NONE', #671, 39.37007874015748100 ) ;
#4325 = ORIENTED_EDGE ( 'NONE', *, *, #5083, .T. ) ;
#4326 = DIRECTION ( 'NONE',  ( -1.000000000000000000, 0.0000000000000000000, 0.0000000000000000000 ) ) ;
#4327 = CARTESIAN_POINT ( 'NONE',  ( 1.625848074029415400, -2.120848074029415100, 2.121949358009804300 ) ) ;
#4328 = CARTESIAN_POINT ( 'NONE',  ( -1.651999999999999500, 1.619499999999999500, 0.1200000000000000900 ) ) ;
#4329 = VERTEX_POINT ( 'NONE', #4308 ) ;
#4330 = DIRECTION ( 'NONE',  ( 0.0000000000000000000, 0.0000000000000000000, 1.000000000000000000 ) ) ;
#4331 = ORIENTED_EDGE ( 'NONE', *, *, #406, .T. ) ;
#4332 = CIRCLE ( 'NONE', #4010, 0.1441519259705861500 ) ;
#4333 = VECTOR ( 'NONE', #11019, 39.37007874015748100 ) ;
#4334 = VERTEX_POINT ( 'NONE', #10277 ) ;
#4335 = CARTESIAN_POINT ( 'NONE',  ( 1.616740157480315100, 2.027999999999999100, 1.605000000000000000 ) ) ;
#4336 = CIRCLE ( 'NONE', #6949, 0.02499999999999987000 ) ;
#4337 = DIRECTION ( 'NONE',  ( 1.000000000000000000, 0.0000000000000000000, 0.0000000000000000000 ) ) ;
#4338 = ADVANCED_FACE ( 'NONE', ( #4181 ), #10965, .T. ) ;
#4339 = ORIENTED_EDGE ( 'NONE', *, *, #10227, .T. ) ;
#4340 = EDGE_CURVE ( 'NONE', #7325, #8986, #609, .T. ) ;
#4341 = CARTESIAN_POINT ( 'NONE',  ( 1.486333219184712700, 2.157489489435602300, 2.029684651533864700 ) ) ;
#4342 = ORIENTED_EDGE ( 'NONE', *, *, #1333, .F. ) ;
#4343 = EDGE_LOOP ( 'NONE', ( #3187, #9607, #6353, #3505 ) ) ;
#4344 = ORIENTED_EDGE ( 'NONE', *, *, #10533, .F. ) ;
#4345 = DIRECTION ( 'NONE',  ( 0.0000000000000000000, 0.0000000000000000000, 1.000000000000000000 ) ) ;
#4346 = CYLINDRICAL_SURFACE ( 'NONE', #3601, 0.1535000000000004100 ) ;
#4347 = AXIS2_PLACEMENT_3D ( 'NONE', #7363, #7333, #528 ) ;
#4348 = DIRECTION ( 'NONE',  ( -1.000000000000000000, -1.272782003896287900E-015, 0.0000000000000000000 ) ) ;
#4349 = VECTOR ( 'NONE', #756, 39.37007874015748100 ) ;
#4350 = CARTESIAN_POINT ( 'NONE',  ( 1.538000000000000500, -2.027999999999999100, 2.004999999999999400 ) ) ;
#4351 = CARTESIAN_POINT ( 'NONE',  ( -1.701999999999999500, 1.619499999999999500, 1.630000000000000100 ) ) ;
#4352 = ORIENTED_EDGE ( 'NONE', *, *, #8389, .F. ) ;
#4353 = CARTESIAN_POINT ( 'NONE',  ( 1.447610603195933500, 2.144559027730145000, 2.004999999999999400 ) ) ;
#4354 = CARTESIAN_POINT ( 'NONE',  ( -0.7070000000000014100, 2.246999999999998600, 1.639999999999999900 ) ) ;
#4355 = DIRECTION ( 'NONE',  ( -1.000000000000000000, 0.0000000000000000000, 0.0000000000000000000 ) ) ;
#4356 = EDGE_LOOP ( 'NONE', ( #2296, #258, #472, #889 ) ) ;
#4357 = EDGE_LOOP ( 'NONE', ( #1197, #5906 ) ) ;
#4358 = ADVANCED_FACE ( 'NONE', ( #7131 ), #8454, .F. ) ;
#4359 = EDGE_CURVE ( 'NONE', #2890, #10369, #4450, .T. ) ;
#4360 = EDGE_LOOP ( 'NONE', ( #1944, #10194, #5987, #2827 ) ) ;
#4361 = VECTOR ( 'NONE', #5418, 39.37007874015748100 ) ;
#4362 = VECTOR ( 'NONE', #6504, 39.37007874015748100 ) ;
#4363 = EDGE_CURVE ( 'NONE', #10898, #10641, #1783, .T. ) ;
#4364 = DIRECTION ( 'NONE',  ( 0.0000000000000000000, 1.000000000000000000, 0.0000000000000000000 ) ) ;
#4365 = DIRECTION ( 'NONE',  ( -1.000000000000000000, 0.0000000000000000000, 0.0000000000000000000 ) ) ;
#4366 = ORIENTED_EDGE ( 'NONE', *, *, #1477, .F. ) ;
#4367 = CARTESIAN_POINT ( 'NONE',  ( -1.459259842519685700, -2.027999999999999600, 2.169999999999999900 ) ) ;
#4368 = DIRECTION ( 'NONE',  ( -0.0000000000000000000, -0.0000000000000000000, 1.000000000000000000 ) ) ;
#4369 = ORIENTED_EDGE ( 'NONE', *, *, #7108, .T. ) ;
#4370 = DIRECTION ( 'NONE',  ( 0.0000000000000000000, 0.0000000000000000000, 1.000000000000000000 ) ) ;
#4371 = VERTEX_POINT ( 'NONE', #9476 ) ;
#4372 = ORIENTED_EDGE ( 'NONE', *, *, #9345, .T. ) ;
#4373 =( NAMED_UNIT ( * ) PLANE_ANGLE_UNIT ( ) SI_UNIT ( $, .RADIAN. ) );
#4374 = ORIENTED_EDGE ( 'NONE', *, *, #9657, .F. ) ;
#4375 = VECTOR ( 'NONE', #9002, 39.37007874015748100 ) ;
#4376 = VERTEX_POINT ( 'NONE', #2705 ) ;
#4377 = CIRCLE ( 'NONE', #8200, 0.1074999999999993300 ) ;
#4378 = CARTESIAN_POINT ( 'NONE',  ( -1.340000000000000500, 1.515499999999999600, 0.3700000000000001100 ) ) ;
#4379 = ORIENTED_EDGE ( 'NONE', *, *, #10226, .T. ) ;
#4380 = AXIS2_PLACEMENT_3D ( 'NONE', #5606, #1348, #10828 ) ;
#4381 = DIRECTION ( 'NONE',  ( -0.0000000000000000000, -0.0000000000000000000, -1.000000000000000000 ) ) ;
#4382 = EDGE_CURVE ( 'NONE', #3559, #2123, #880, .T. ) ;
#4383 = EDGE_CURVE ( 'NONE', #5839, #4991, #6594, .T. ) ;
#4384 = DIRECTION ( 'NONE',  ( -1.000000000000000000, 0.0000000000000000000, 0.0000000000000000000 ) ) ;
#4385 = EDGE_LOOP ( 'NONE', ( #3690, #5850, #2078, #7717 ) ) ;
#4386 = EDGE_CURVE ( 'NONE', #5051, #5016, #2049, .T. ) ;
#4387 = VERTEX_POINT ( 'NONE', #8791 ) ;
#4388 = EDGE_LOOP ( 'NONE', ( #8500, #3794, #3651, #7 ) ) ;
#4389 = CYLINDRICAL_SURFACE ( 'NONE', #2762, 0.1875000000000001100 ) ;
#4390 = ORIENTED_EDGE ( 'NONE', *, *, #7344, .F. ) ;
#4391 = DIRECTION ( 'NONE',  ( -1.000000000000000000, 0.0000000000000000000, 0.0000000000000000000 ) ) ;
#4393 = CARTESIAN_POINT ( 'NONE',  ( -1.498499999999999100, 1.619499999999999500, 1.639999999999999900 ) ) ;
#4392 = DIRECTION ( 'NONE',  ( -0.0000000000000000000, 1.000000000000000000, 0.0000000000000000000 ) ) ;
#4394 = CARTESIAN_POINT ( 'NONE',  ( -1.467867916488617000, -2.109472331882376500, 2.044999999999999500 ) ) ;
#4395 = ORIENTED_EDGE ( 'NONE', *, *, #1948, .F. ) ;
#4396 = ORIENTED_EDGE ( 'NONE', *, *, #8407, .F. ) ;
#4397 = DIRECTION ( 'NONE',  ( -4.151904875222836800E-015, -1.000000000000000000, 0.0000000000000000000 ) ) ;
#4398 = AXIS2_PLACEMENT_3D ( 'NONE', #1660, #5931, #7580 ) ;
#4399 = CIRCLE ( 'NONE', #7066, 0.1574999999999998900 ) ;
#4400 = AXIS2_PLACEMENT_3D ( 'NONE', #5762, #7560, #689 ) ;
#4401 = EDGE_CURVE ( 'NONE', #4496, #7425, #8849, .T. ) ;
#4402 = ADVANCED_FACE ( 'NONE', ( #9520 ), #8704, .T. ) ;
#4403 = CARTESIAN_POINT ( 'NONE',  ( 1.027499999999999900, -1.926500000000000300, 1.639999999999999900 ) ) ;
#4404 = CARTESIAN_POINT ( 'NONE',  ( -1.498499999999999100, 1.848000000000000100, 1.564999999999999700 ) ) ;
#4405 = CARTESIAN_POINT ( 'NONE',  ( 1.751999999999999600, 1.619499999999999500, 1.564999999999999700 ) ) ;
#4406 = ORIENTED_EDGE ( 'NONE', *, *, #7448, .F. ) ;
#4407 = CARTESIAN_POINT ( 'NONE',  ( 1.498499999999999100, 1.772999999999999900, 0.1200000000000000900 ) ) ;
#4408 = FACE_OUTER_BOUND ( 'NONE', #10658, .T. ) ;
#4409 = DIRECTION ( 'NONE',  ( 0.0000000000000000000, 0.0000000000000000000, -1.000000000000000000 ) ) ;
#4410 = AXIS2_PLACEMENT_3D ( 'NONE', #10856, #9225, #7477 ) ;
#4411 = AXIS2_PLACEMENT_3D ( 'NONE', #2958, #1219, #6371 ) ;
#4412 = ADVANCED_FACE ( 'NONE', ( #4574 ), #7634, .T. ) ;
#4413 = FACE_OUTER_BOUND ( 'NONE', #1083, .T. ) ;
#4414 = VECTOR ( 'NONE', #9068, 39.37007874015748100 ) ;
#4415 = CARTESIAN_POINT ( 'NONE',  ( -1.081000000000000400, -1.926500000000000300, 1.540000000000000000 ) ) ;
#4416 = CARTESIAN_POINT ( 'NONE',  ( 1.484836854275143800, 2.160081269485638200, 2.025280118416169700 ) ) ;
#4417 = DIRECTION ( 'NONE',  ( -0.0000000000000000000, -0.0000000000000000000, 1.000000000000000000 ) ) ;
#4418 = LINE ( 'NONE', #4818, #7624 ) ;
#4419 = AXIS2_PLACEMENT_3D ( 'NONE', #9411, #5980, #8547 ) ;
#4421 = CARTESIAN_POINT ( 'NONE',  ( -1.695500000000000900, -2.027999999999999600, 1.919999999999999700 ) ) ;
#4420 = DIRECTION ( 'NONE',  ( -1.000000000000000000, 0.0000000000000000000, 0.0000000000000000000 ) ) ;
#4422 = CARTESIAN_POINT ( 'NONE',  ( -1.339999999999999900, -1.515499999999999600, 0.3700000000000001100 ) ) ;
#4423 = EDGE_CURVE ( 'NONE', #6520, #9392, #1904, .T. ) ;
#4424 = CARTESIAN_POINT ( 'NONE',  ( -1.081000000000000400, 1.823000000000000000, 1.564999999999999700 ) ) ;
#4425 = DIRECTION ( 'NONE',  ( -1.000000000000000000, 0.0000000000000000000, 0.0000000000000000000 ) ) ;
#4426 = EDGE_CURVE ( 'NONE', #3817, #8123, #7906, .T. ) ;
#4427 = VECTOR ( 'NONE', #3805, 39.37007874015748100 ) ;
#4428 = CARTESIAN_POINT ( 'NONE',  ( 0.7070000000000014100, 2.196999999999998700, 1.630000000000000100 ) ) ;
#4429 = FACE_OUTER_BOUND ( 'NONE', #1666, .T. ) ;
#4430 = CARTESIAN_POINT ( 'NONE',  ( 1.380499999999999800, 2.027999999999999100, 1.919999999999999700 ) ) ;
#4431 = ORIENTED_EDGE ( 'NONE', *, *, #4569, .T. ) ;
#4432 = CARTESIAN_POINT ( 'NONE',  ( 1.081000000000000400, 1.926500000000000300, 1.540000000000000000 ) ) ;
#4433 = ADVANCED_FACE ( 'NONE', ( #2969 ), #738, .T. ) ;
#4434 = DIRECTION ( 'NONE',  ( -0.0000000000000000000, -0.0000000000000000000, 1.000000000000000000 ) ) ;
#4435 = EDGE_CURVE ( 'NONE', #7409, #7474, #6855, .T. ) ;
#4436 = EDGE_CURVE ( 'NONE', #4991, #7635, #3500, .T. ) ;
#4437 = FACE_OUTER_BOUND ( 'NONE', #8052, .T. ) ;
#4438 = AXIS2_PLACEMENT_3D ( 'NONE', #7412, #3930, #8196 ) ;
#4439 = ORIENTED_EDGE ( 'NONE', *, *, #9745, .T. ) ;
#4440 = FACE_OUTER_BOUND ( 'NONE', #3087, .T. ) ;
#4441 = ORIENTED_EDGE ( 'NONE', *, *, #4798, .T. ) ;
#4442 = DIRECTION ( 'NONE',  ( -1.000000000000000000, 0.0000000000000000000, 0.0000000000000000000 ) ) ;
#4443 = ORIENTED_EDGE ( 'NONE', *, *, #1512, .T. ) ;
#4444 = ORIENTED_EDGE ( 'NONE', *, *, #1969, .T. ) ;
#4445 = DIRECTION ( 'NONE',  ( -0.0000000000000000000, -0.0000000000000000000, -1.000000000000000000 ) ) ;
#4446 = CARTESIAN_POINT ( 'NONE',  ( 1.538000000000000500, 2.027999999999999600, -0.3943848084544492900 ) ) ;
#4447 = ADVANCED_FACE ( 'NONE', ( #4561 ), #2706, .T. ) ;
#4448 = CARTESIAN_POINT ( 'NONE',  ( 0.9774999999999999200, 1.926500000000000300, 1.630000000000000100 ) ) ;
#4449 = ORIENTED_EDGE ( 'NONE', *, *, #8429, .F. ) ;
#4450 = CIRCLE ( 'NONE', #8532, 0.1675000000000003400 ) ;
#4451 = DIRECTION ( 'NONE',  ( 1.000000000000000000, 1.931999995519277300E-016, 0.0000000000000000000 ) ) ;
#4452 = ORIENTED_EDGE ( 'NONE', *, *, #6980, .F. ) ;
#4453 = AXIS2_PLACEMENT_3D ( 'NONE', #8026, #4445, #2020 ) ;
#4454 = DIRECTION ( 'NONE',  ( -1.000000000000000000, 0.0000000000000000000, 0.0000000000000000000 ) ) ;
#4455 = EDGE_CURVE ( 'NONE', #9953, #1568, #6179, .T. ) ;
#4457 = DIRECTION ( 'NONE',  ( 0.0000000000000000000, -0.0000000000000000000, -1.000000000000000000 ) ) ;
#4456 = CARTESIAN_POINT ( 'NONE',  ( -1.625848074029412800, -2.120848074029416000, 1.614999999999999800 ) ) ;
#4458 = CARTESIAN_POINT ( 'NONE',  ( -1.451711894396823900, -2.137455382993567200, 2.029722078445377300 ) ) ;
#4459 = CARTESIAN_POINT ( 'NONE',  ( 0.7070000000000014100, -1.926500000000000300, 1.540000000000000000 ) ) ;
#4460 = EDGE_LOOP ( 'NONE', ( #1844, #10319, #8793, #185 ) ) ;
#4461 = FACE_OUTER_BOUND ( 'NONE', #6610, .T. ) ;
#4462 = DIRECTION ( 'NONE',  ( -1.000000000000000000, 0.0000000000000000000, 0.0000000000000000000 ) ) ;
#4463 = TOROIDAL_SURFACE ( 'NONE', #5074, 0.07850000000000047200, 0.02500000000000000100 ) ;
#4464 = ADVANCED_FACE ( 'NONE', ( #10702 ), #10175, .T. ) ;
#4465 = EDGE_LOOP ( 'NONE', ( #5595, #9853, #9994, #6635, #1278, #2904, #2570, #3309, #2459, #2721, #10414, #350, #2767, #9276, #3937, #6667, #914, #6675, #4444, #693 ) ) ;
#4466 = CIRCLE ( 'NONE', #6795, 0.2035000000000004300 ) ;
#4467 = ORIENTED_EDGE ( 'NONE', *, *, #7461, .F. ) ;
#4468 = CARTESIAN_POINT ( 'NONE',  ( 1.081000000000000400, 1.890999999999999800, -0.3943848084544492900 ) ) ;
#4469 = DIRECTION ( 'NONE',  ( 0.0000000000000000000, 0.0000000000000000000, 1.000000000000000000 ) ) ;
#4470 = ORIENTED_EDGE ( 'NONE', *, *, #404, .T. ) ;
#4471 = AXIS2_PLACEMENT_3D ( 'NONE', #8451, #2497, #3347 ) ;
#4472 = EDGE_LOOP ( 'NONE', ( #3154, #2308, #6184, #4509 ) ) ;
#4473 = AXIS2_PLACEMENT_3D ( 'NONE', #6149, #1861, #4457 ) ;
#4474 = EDGE_CURVE ( 'NONE', #1659, #2890, #7121, .T. ) ;
#4475 = ORIENTED_EDGE ( 'NONE', *, *, #6151, .F. ) ;
#4476 = CIRCLE ( 'NONE', #1740, 0.2704999999999985200 ) ;
#4477 = DIRECTION ( 'NONE',  ( 0.0000000000000000000, 1.000000000000000000, 0.0000000000000000000 ) ) ;
#4478 = EDGE_LOOP ( 'NONE', ( #2642, #1927, #8631, #2220 ) ) ;
#4479 = DIRECTION ( 'NONE',  ( -1.000000000000000000, 0.0000000000000000000, 0.0000000000000000000 ) ) ;
#4480 = LOCAL_TIME ( 17, 53, 27.00000000000000000, #5690 ) ;
#4481 = ORIENTED_EDGE ( 'NONE', *, *, #2953, .T. ) ;
#4482 = ORIENTED_EDGE ( 'NONE', *, *, #8387, .F. ) ;
#4483 = EDGE_LOOP ( 'NONE', ( #1730, #5695, #10871, #7087 ) ) ;
#4484 = ORIENTED_EDGE ( 'NONE', *, *, #5952, .F. ) ;
#4485 = CARTESIAN_POINT ( 'NONE',  ( -1.651999999999999500, 1.619499999999999500, 2.050000000000000300 ) ) ;
#4486 = DIRECTION ( 'NONE',  ( -1.000000000000000000, 0.0000000000000000000, 0.0000000000000000000 ) ) ;
#4487 = CYLINDRICAL_SURFACE ( 'NONE', #8613, 0.05350000000000053300 ) ;
#4488 = CARTESIAN_POINT ( 'NONE',  ( -0.7070000000000014100, -2.146999999999998900, 2.050000000000000300 ) ) ;
#4489 = CIRCLE ( 'NONE', #4131, 0.1035000000000004100 ) ;
#4490 = CARTESIAN_POINT ( 'NONE',  ( 1.585872413480089000, 1.905082547571540500, 2.037126280028226200 ) ) ;
#4491 = CARTESIAN_POINT ( 'NONE',  ( -1.498499999999999100, 1.873000000000000000, 1.540000000000000000 ) ) ;
#4492 = ORIENTED_EDGE ( 'NONE', *, *, #764, .F. ) ;
#4493 = EDGE_LOOP ( 'NONE', ( #8942, #6642, #7953, #365 ) ) ;
#4494 = VERTEX_POINT ( 'NONE', #3878 ) ;
#4495 = CARTESIAN_POINT ( 'NONE',  ( -0.7070000000000014100, -2.196999999999998700, 1.630000000000000100 ) ) ;
#4496 = VERTEX_POINT ( 'NONE', #3847 ) ;
#4497 = AXIS2_PLACEMENT_3D ( 'NONE', #3183, #8176, #1515 ) ;
#4498 = ORIENTED_EDGE ( 'NONE', *, *, #9744, .T. ) ;
#4499 = CIRCLE ( 'NONE', #1816, 0.02499999999999987000 ) ;
#4500 = CARTESIAN_POINT ( 'NONE',  ( -1.081000000000000400, 1.823000000000000000, 1.540000000000000000 ) ) ;
#4501 = CARTESIAN_POINT ( 'NONE',  ( -1.277250000000000400, -2.027999999999999100, 0.1200000000000000900 ) ) ;
#4502 = VECTOR ( 'NONE', #10063, 39.37007874015748100 ) ;
#4503 = DIRECTION ( 'NONE',  ( -1.000000000000000000, 0.0000000000000000000, 0.0000000000000000000 ) ) ;
#4504 = EDGE_LOOP ( 'NONE', ( #5127, #5876, #5883, #3409, #7300, #1672, #5118, #742, #2353, #644, #5475, #9992, #4323, #6489, #10497, #9415, #2216, #2259, #3397, #3758 ) ) ;
#4505 = ORIENTED_EDGE ( 'NONE', *, *, #3225, .F. ) ;
#4506 = EDGE_LOOP ( 'NONE', ( #1433, #6904, #8646, #1188 ) ) ;
#4507 = ADVANCED_FACE ( 'NONE', ( #3626 ), #4700, .F. ) ;
#4508 = DIRECTION ( 'NONE',  ( 0.0000000000000000000, 0.0000000000000000000, 1.000000000000000000 ) ) ;
#4509 = ORIENTED_EDGE ( 'NONE', *, *, #8167, .F. ) ;
#4510 = EDGE_CURVE ( 'NONE', #3271, #6773, #188, .T. ) ;
#4511 = LINE ( 'NONE', #7497, #4244 ) ;
#4512 = DIRECTION ( 'NONE',  ( -0.0000000000000000000, -0.0000000000000000000, 1.000000000000000000 ) ) ;
#4513 = AXIS2_PLACEMENT_3D ( 'NONE', #2329, #1445, #7441 ) ;
#4514 = EDGE_LOOP ( 'NONE', ( #6108, #8400, #8977, #8213 ) ) ;
#4515 = CIRCLE ( 'NONE', #2962, 0.1535000000000004100 ) ;
#4516 = CARTESIAN_POINT ( 'NONE',  ( -1.498499999999999100, -1.619499999999999500, 1.580000000000000100 ) ) ;
#4517 = VERTEX_POINT ( 'NONE', #1972 ) ;
#4518 = CARTESIAN_POINT ( 'NONE',  ( 0.9274999999999998800, -1.926500000000000300, 0.1200000000000000900 ) ) ;
#4519 = EDGE_LOOP ( 'NONE', ( #7968, #11002, #3436, #9841 ) ) ;
#4520 = ORIENTED_EDGE ( 'NONE', *, *, #4382, .T. ) ;
#4521 = CIRCLE ( 'NONE', #9050, 0.1575000000000004500 ) ;
#4522 = ADVANCED_FACE ( 'NONE', ( #5366 ), #3891, .T. ) ;
#4523 = DIRECTION ( 'NONE',  ( 1.000000000000000000, 0.0000000000000000000, 0.0000000000000000000 ) ) ;
#4524 = DIRECTION ( 'NONE',  ( -0.0000000000000000000, -0.0000000000000000000, -1.000000000000000000 ) ) ;
#4525 = EDGE_CURVE ( 'NONE', #7319, #3851, #9645, .T. ) ;
#4526 = CARTESIAN_POINT ( 'NONE',  ( -1.498499999999999100, 1.619499999999999500, 1.630000000000000100 ) ) ;
#4527 = EDGE_CURVE ( 'NONE', #2234, #31, #4982, .T. ) ;
#4528 = CARTESIAN_POINT ( 'NONE',  ( 0.7070000000000014100, -1.926500000000000300, 1.639999999999999900 ) ) ;
#4529 = VERTEX_POINT ( 'NONE', #10534 ) ;
#4530 = DIRECTION ( 'NONE',  ( 1.000000000000000000, 0.0000000000000000000, 0.0000000000000000000 ) ) ;
#4531 = CYLINDRICAL_SURFACE ( 'NONE', #4903, 0.1474999999999994600 ) ;
#4532 = CARTESIAN_POINT ( 'NONE',  ( -1.625848074029412800, -2.120848074029416000, 1.614999999999999800 ) ) ;
#4533 = CARTESIAN_POINT ( 'NONE',  ( 1.538000000000000500, 2.027999999999999100, 2.044999999999999500 ) ) ;
#4534 = AXIS2_PLACEMENT_3D ( 'NONE', #10807, #9672, #8957 ) ;
#4535 = AXIS2_PLACEMENT_3D ( 'NONE', #6554, #10708, #5605 ) ;
#4536 = VECTOR ( 'NONE', #1987, 39.37007874015748100 ) ;
#4537 = CARTESIAN_POINT ( 'NONE',  ( 1.081000000000000400, -1.823000000000000000, 1.630000000000000100 ) ) ;
#4538 = EDGE_CURVE ( 'NONE', #4622, #6036, #8441, .T. ) ;
#4539 = EDGE_LOOP ( 'NONE', ( #8597, #4366 ) ) ;
#4540 = LINE ( 'NONE', #1001, #6965 ) ;
#4541 = DIRECTION ( 'NONE',  ( 1.000000000000000000, 0.0000000000000000000, 0.0000000000000000000 ) ) ;
#4542 = DIRECTION ( 'NONE',  ( 0.0000000000000000000, 0.0000000000000000000, 1.000000000000000000 ) ) ;
#4543 = DIRECTION ( 'NONE',  ( 1.000000000000000000, 0.0000000000000000000, 0.0000000000000000000 ) ) ;
#4544 = ADVANCED_FACE ( 'NONE', ( #3096 ), #7251, .T. ) ;
#4545 = DIRECTION ( 'NONE',  ( 1.000000000000000000, 0.0000000000000000000, 0.0000000000000000000 ) ) ;
#4546 = CARTESIAN_POINT ( 'NONE',  ( -1.081000000000000400, 1.926500000000000300, 0.1200000000000000900 ) ) ;
#4547 = CIRCLE ( 'NONE', #5203, 0.1535000000000004100 ) ;
#4548 = CALENDAR_DATE ( 2021, 9, 7 ) ;
#4549 = AXIS2_PLACEMENT_3D ( 'NONE', #4, #6680, #5091 ) ;
#4550 = EDGE_CURVE ( 'NONE', #6116, #8128, #1266, .T. ) ;
#4551 = CARTESIAN_POINT ( 'NONE',  ( -1.538000000000000500, -2.027999999999999100, 2.004999999999999400 ) ) ;
#4552 = CARTESIAN_POINT ( 'NONE',  ( 1.751999999999999600, 1.619499999999999500, 1.639999999999999900 ) ) ;
#4553 = CARTESIAN_POINT ( 'NONE',  ( -0.7070000000000014100, 1.926500000000000300, 1.630000000000000100 ) ) ;
#4554 = ADVANCED_FACE ( 'NONE', ( #8975 ), #318, .T. ) ;
#4555 = LINE ( 'NONE', #4421, #7113 ) ;
#4556 = TOROIDAL_SURFACE ( 'NONE', #2161, 0.1675000000000003400, 0.01000000000000000000 ) ;
#4557 = CARTESIAN_POINT ( 'NONE',  ( -0.7070000000000014100, 1.926500000000000300, 1.639999999999999900 ) ) ;
#4558 = ORIENTED_EDGE ( 'NONE', *, *, #10123, .T. ) ;
#4559 = CARTESIAN_POINT ( 'NONE',  ( -1.281500000000000500, 1.515499999999999600, 0.3700000000000001100 ) ) ;
#4560 = DIRECTION ( 'NONE',  ( -0.5000000000000024400, 0.8660254037844371500, -0.0000000000000000000 ) ) ;
#4561 = FACE_OUTER_BOUND ( 'NONE', #9033, .T. ) ;
#4562 = CARTESIAN_POINT ( 'NONE',  ( -1.769999999999999400, 2.264999999999998800, 0.04805064199019547200 ) ) ;
#4563 = EDGE_LOOP ( 'NONE', ( #675, #2046, #2334, #4498 ) ) ;
#4564 = LINE ( 'NONE', #7103, #10842 ) ;
#4565 = EDGE_CURVE ( 'NONE', #7952, #4089, #4167, .T. ) ;
#4566 = ORIENTED_EDGE ( 'NONE', *, *, #6518, .T. ) ;
#4567 = ORIENTED_EDGE ( 'NONE', *, *, #4190, .F. ) ;
#4568 = DIRECTION ( 'NONE',  ( 1.000000000000000000, -0.0000000000000000000, 0.0000000000000000000 ) ) ;
#4569 = EDGE_CURVE ( 'NONE', #7929, #6219, #461, .T. ) ;
#4570 = ORIENTED_EDGE ( 'NONE', *, *, #10533, .T. ) ;
#4571 = CARTESIAN_POINT ( 'NONE',  ( -1.538000000000000500, 2.027999999999999600, 2.159999999999999700 ) ) ;
#4572 = EDGE_LOOP ( 'NONE', ( #7284, #794 ) ) ;
#4573 = DIRECTION ( 'NONE',  ( 1.000000000000000000, 0.0000000000000000000, 0.0000000000000000000 ) ) ;
#4574 = FACE_OUTER_BOUND ( 'NONE', #10306, .T. ) ;
#4575 = LINE ( 'NONE', #10321, #8988 ) ;
#4576 = VERTEX_POINT ( 'NONE', #7263 ) ;
#4577 = DIRECTION ( 'NONE',  ( 1.000000000000000000, 0.0000000000000000000, 0.0000000000000000000 ) ) ;
#4578 = DIRECTION ( 'NONE',  ( -1.000000000000000000, 0.0000000000000000000, 0.0000000000000000000 ) ) ;
#4579 = CARTESIAN_POINT ( 'NONE',  ( -0.7070000000000014100, -2.146999999999998900, 0.1200000000000000900 ) ) ;
#4580 = ORIENTED_EDGE ( 'NONE', *, *, #275, .T. ) ;
#4581 = CARTESIAN_POINT ( 'NONE',  ( -0.7070000000000014100, 1.926500000000000300, 1.630000000000000100 ) ) ;
#4582 = AXIS2_PLACEMENT_3D ( 'NONE', #4673, #340, #10562 ) ;
#4583 = EDGE_CURVE ( 'NONE', #680, #2590, #1140, .T. ) ;
#4584 = EDGE_CURVE ( 'NONE', #7298, #5178, #866, .T. ) ;
#4585 = AXIS2_PLACEMENT_3D ( 'NONE', #2608, #7668, #11047 ) ;
#4586 = EDGE_CURVE ( 'NONE', #3693, #2976, #8175, .T. ) ;
#4587 = CIRCLE ( 'NONE', #10781, 0.1535000000000004100 ) ;
#4588 = ORIENTED_EDGE ( 'NONE', *, *, #10434, .T. ) ;
#4589 = FACE_OUTER_BOUND ( 'NONE', #2061, .T. ) ;
#4590 = ORIENTED_EDGE ( 'NONE', *, *, #691, .T. ) ;
#4591 = LINE ( 'NONE', #6242, #1793 ) ;
#4592 = VERTEX_POINT ( 'NONE', #8228 ) ;
#4593 = ORIENTED_EDGE ( 'NONE', *, *, #7727, .F. ) ;
#4594 = DIRECTION ( 'NONE',  ( 1.000000000000000000, 0.0000000000000000000, 0.0000000000000000000 ) ) ;
#4595 = EDGE_LOOP ( 'NONE', ( #9541, #4624, #10401, #4481 ) ) ;
#4596 = ADVANCED_FACE ( 'NONE', ( #2441 ), #2227, .F. ) ;
#4597 = CIRCLE ( 'NONE', #9378, 0.2204999999999985000 ) ;
#4598 = CARTESIAN_POINT ( 'NONE',  ( -1.081000000000000400, -1.772999999999999900, 1.630000000000000100 ) ) ;
#4599 = VECTOR ( 'NONE', #5411, 39.37007874015748100 ) ;
#4600 = VERTEX_POINT ( 'NONE', #10829 ) ;
#4601 = AXIS2_PLACEMENT_3D ( 'NONE', #4051, #1617, #659 ) ;
#4602 = DIRECTION ( 'NONE',  ( 1.000000000000000000, 0.0000000000000000000, 0.0000000000000000000 ) ) ;
#4603 = EDGE_CURVE ( 'NONE', #6617, #6632, #1385, .T. ) ;
#4604 = LINE ( 'NONE', #11016, #5677 ) ;
#4606 = CARTESIAN_POINT ( 'NONE',  ( -0.7070000000000014100, -1.926500000000000300, 1.630000000000000100 ) ) ;
#4605 = DIRECTION ( 'NONE',  ( -0.0000000000000000000, -0.0000000000000000000, -1.000000000000000000 ) ) ;
#4607 = ORIENTED_EDGE ( 'NONE', *, *, #7483, .T. ) ;
#4608 = DIRECTION ( 'NONE',  ( -0.0000000000000000000, -0.0000000000000000000, -1.000000000000000000 ) ) ;
#4609 = CARTESIAN_POINT ( 'NONE',  ( -1.081000000000000400, 1.823000000000000000, 1.639999999999999900 ) ) ;
#4610 = ORIENTED_EDGE ( 'NONE', *, *, #8575, .F. ) ;
#4611 = VERTEX_POINT ( 'NONE', #6588 ) ;
#4612 = VERTEX_POINT ( 'NONE', #10872 ) ;
#4613 = VECTOR ( 'NONE', #3345, 39.37007874015748100 ) ;
#4614 = ADVANCED_FACE ( 'NONE', ( #9383 ), #4820, .F. ) ;
#4615 = CYLINDRICAL_SURFACE ( 'NONE', #6276, 0.07874015748031476500 ) ;
#4616 = DIRECTION ( 'NONE',  ( 0.0000000000000000000, 0.0000000000000000000, 1.000000000000000000 ) ) ;
#4617 = ORIENTED_EDGE ( 'NONE', *, *, #2877, .T. ) ;
#4618 = AXIS2_PLACEMENT_3D ( 'NONE', #5778, #4963, #3320 ) ;
#4619 = AXIS2_PLACEMENT_3D ( 'NONE', #9352, #3217, #755 ) ;
#4620 = DIRECTION ( 'NONE',  ( 1.000000000000000000, 0.0000000000000000000, 0.0000000000000000000 ) ) ;
#4621 = VERTEX_POINT ( 'NONE', #8293 ) ;
#4622 = VERTEX_POINT ( 'NONE', #3191 ) ;
#4623 = DIRECTION ( 'NONE',  ( 0.0000000000000000000, -0.0000000000000000000, 1.000000000000000000 ) ) ;
#4624 = ORIENTED_EDGE ( 'NONE', *, *, #6590, .F. ) ;
#4625 = CIRCLE ( 'NONE', #10121, 0.3384999999999984700 ) ;
#4626 = CIRCLE ( 'NONE', #9204, 0.2704999999999985200 ) ;
#4627 = EDGE_LOOP ( 'NONE', ( #542, #5416, #8367, #3654 ) ) ;
#4628 = DIRECTION ( 'NONE',  ( -0.0000000000000000000, -0.0000000000000000000, -1.000000000000000000 ) ) ;
#4629 = DIRECTION ( 'NONE',  ( -0.0000000000000000000, -0.0000000000000000000, -1.000000000000000000 ) ) ;
#4630 = VERTEX_POINT ( 'NONE', #9974 ) ;
#4631 = ORIENTED_EDGE ( 'NONE', *, *, #6164, .T. ) ;
#4632 = CARTESIAN_POINT ( 'NONE',  ( -1.482251619347311900, 2.164559027730145000, 2.004999999999999400 ) ) ;
#4633 = AXIS2_PLACEMENT_3D ( 'NONE', #5525, #10672, #562 ) ;
#4634 = ORIENTED_EDGE ( 'NONE', *, *, #2532, .T. ) ;
#4635 = DIRECTION ( 'NONE',  ( -1.000000000000000000, 0.0000000000000000000, 0.0000000000000000000 ) ) ;
#4636 = FACE_BOUND ( 'NONE', #4504, .T. ) ;
#4637 = CARTESIAN_POINT ( 'NONE',  ( -1.625848074029412800, -2.255000000000002100, 1.605000000000000000 ) ) ;
#4638 = ORIENTED_EDGE ( 'NONE', *, *, #7171, .F. ) ;
#4639 = CYLINDRICAL_SURFACE ( 'NONE', #4410, 0.2704999999999985200 ) ;
#4640 = VERTEX_POINT ( 'NONE', #9200 ) ;
#4641 = DIRECTION ( 'NONE',  ( 0.0000000000000000000, 0.0000000000000000000, -1.000000000000000000 ) ) ;
#4642 = DIRECTION ( 'NONE',  ( -0.0000000000000000000, -0.0000000000000000000, -1.000000000000000000 ) ) ;
#4643 = CARTESIAN_POINT ( 'NONE',  ( -1.616740157480315100, 2.027999999999999600, 1.267500000000000100 ) ) ;
#4644 = DIRECTION ( 'NONE',  ( 0.0000000000000000000, -0.0000000000000000000, -1.000000000000000000 ) ) ;
#4645 = EDGE_LOOP ( 'NONE', ( #3120, #6956, #4884, #5425, #6582 ) ) ;
#4646 = DIRECTION ( 'NONE',  ( -1.000000000000000000, 0.0000000000000000000, 0.0000000000000000000 ) ) ;
#4647 = EDGE_LOOP ( 'NONE', ( #3233, #3572, #10196, #6971 ) ) ;
#4648 = CIRCLE ( 'NONE', #3535, 0.1035000000000005500 ) ;
#4649 = ORIENTED_EDGE ( 'NONE', *, *, #4083, .F. ) ;
#4650 = CARTESIAN_POINT ( 'NONE',  ( 1.625848074029415400, 2.216949358009803600, 0.0000000000000000000 ) ) ;
#4651 = EDGE_CURVE ( 'NONE', #5410, #6099, #3362, .T. ) ;
#4652 = EDGE_CURVE ( 'NONE', #3549, #6069, #5630, .T. ) ;
#4653 = CARTESIAN_POINT ( 'NONE',  ( -1.538000000000000500, 2.027999999999999100, 2.004999999999999400 ) ) ;
#4654 = VERTEX_POINT ( 'NONE', #4789 ) ;
#4655 = CARTESIAN_POINT ( 'NONE',  ( -1.616740157480315100, 2.027999999999999600, 1.605000000000000000 ) ) ;
#4656 = ADVANCED_FACE ( 'NONE', ( #9102 ), #4861, .F. ) ;
#4657 = CARTESIAN_POINT ( 'NONE',  ( -1.538000000000000500, -2.027999999999999100, 2.044999999999999500 ) ) ;
#4658 = FACE_OUTER_BOUND ( 'NONE', #6193, .T. ) ;
#4659 = CARTESIAN_POINT ( 'NONE',  ( -1.498499999999999100, 1.847999999999999900, 1.564999999999999700 ) ) ;
#4660 = CARTESIAN_POINT ( 'NONE',  ( 0.7070000000000014100, -2.196999999999998700, 1.564999999999999700 ) ) ;
#4661 = ORIENTED_EDGE ( 'NONE', *, *, #1836, .T. ) ;
#4662 = DIRECTION ( 'NONE',  ( -1.000000000000000000, 0.0000000000000000000, 0.0000000000000000000 ) ) ;
#4663 = AXIS2_PLACEMENT_3D ( 'NONE', #3672, #9643, #3624 ) ;
#4664 = ORIENTED_EDGE ( 'NONE', *, *, #1742, .F. ) ;
#4665 = CYLINDRICAL_SURFACE ( 'NONE', #4322, 0.1535000000000004100 ) ;
#4666 = AXIS2_PLACEMENT_3D ( 'NONE', #9976, #10008, #4864 ) ;
#4667 = CARTESIAN_POINT ( 'NONE',  ( -1.482251619347308500, 2.164559027730151200, 2.010319632494771200 ) ) ;
#4668 = ADVANCED_FACE ( 'NONE', ( #4437 ), #3968, .T. ) ;
#4669 = EDGE_CURVE ( 'NONE', #5264, #4517, #4834, .T. ) ;
#4670 = DIRECTION ( 'NONE',  ( -0.0000000000000000000, -0.0000000000000000000, 1.000000000000000000 ) ) ;
#4671 = CARTESIAN_POINT ( 'NONE',  ( 1.538000000000000500, 2.027999999999999100, 2.004999999999999400 ) ) ;
#4672 = DIRECTION ( 'NONE',  ( 1.000000000000000000, 3.086833891146059900E-016, 0.0000000000000000000 ) ) ;
#4673 = CARTESIAN_POINT ( 'NONE',  ( -1.538000000000000500, -2.027999999999999600, 2.159999999999999700 ) ) ;
#4674 = FACE_OUTER_BOUND ( 'NONE', #7965, .T. ) ;
#4675 = ORIENTED_EDGE ( 'NONE', *, *, #536, .F. ) ;
#4676 = APPROVAL_PERSON_ORGANIZATION ( #580, #1334, #10777 ) ;
#4677 = DIRECTION ( 'NONE',  ( -0.0000000000000000000, -0.0000000000000000000, -1.000000000000000000 ) ) ;
#4678 = DIRECTION ( 'NONE',  ( 1.000000000000000000, 0.0000000000000000000, 0.0000000000000000000 ) ) ;
#4679 = AXIS2_PLACEMENT_3D ( 'NONE', #10477, #3719, #2828 ) ;
#4680 = AXIS2_PLACEMENT_3D ( 'NONE', #4270, #920, #2559 ) ;
#4681 = EDGE_CURVE ( 'NONE', #1587, #8667, #7374, .T. ) ;
#4682 = VECTOR ( 'NONE', #6981, 39.37007874015748100 ) ;
#4683 = DIRECTION ( 'NONE',  ( -0.0000000000000000000, -0.0000000000000000000, -1.000000000000000000 ) ) ;
#4684 = LINE ( 'NONE', #3220, #6709 ) ;
#4685 = DIRECTION ( 'NONE',  ( -0.0000000000000000000, -0.0000000000000000000, -1.000000000000000000 ) ) ;
#4686 = DIRECTION ( 'NONE',  ( -0.0000000000000000000, -0.0000000000000000000, -1.000000000000000000 ) ) ;
#4687 = DIRECTION ( 'NONE',  ( 0.0000000000000000000, 0.0000000000000000000, -1.000000000000000000 ) ) ;
#4688 = DIRECTION ( 'NONE',  ( 0.0000000000000000000, 0.0000000000000000000, -1.000000000000000000 ) ) ;
#4689 = DIRECTION ( 'NONE',  ( -1.224646799147353200E-016, 1.000000000000000000, 0.0000000000000000000 ) ) ;
#4690 = CARTESIAN_POINT ( 'NONE',  ( 1.081000000000000400, 1.823000000000000000, 1.540000000000000000 ) ) ;
#4691 = LINE ( 'NONE', #2031, #4295 ) ;
#4692 = AXIS2_PLACEMENT_3D ( 'NONE', #3771, #7163, #2038 ) ;
#4693 = FACE_OUTER_BOUND ( 'NONE', #3691, .T. ) ;
#4694 = VERTEX_POINT ( 'NONE', #649 ) ;
#4695 = ORIENTED_EDGE ( 'NONE', *, *, #6673, .T. ) ;
#4696 = CARTESIAN_POINT ( 'NONE',  ( 1.625805605467117100, 1.915916230141605300, 2.025274302822596800 ) ) ;
#4697 = DIRECTION ( 'NONE',  ( 0.0000000000000000000, 0.0000000000000000000, 1.000000000000000000 ) ) ;
#4698 = AXIS2_PLACEMENT_3D ( 'NONE', #1483, #10748, #10825 ) ;
#4699 = DIRECTION ( 'NONE',  ( -1.000000000000000000, 0.0000000000000000000, 0.0000000000000000000 ) ) ;
#4700 = CYLINDRICAL_SURFACE ( 'NONE', #4251, 0.1035000000000004100 ) ;
#4701 = DIRECTION ( 'NONE',  ( -0.0000000000000000000, 0.0000000000000000000, -1.000000000000000000 ) ) ;
#4702 = ORIENTED_EDGE ( 'NONE', *, *, #7651, .T. ) ;
#4703 = LINE ( 'NONE', #5869, #9521 ) ;
#4704 = ORIENTED_EDGE ( 'NONE', *, *, #4584, .T. ) ;
#4705 = ORIENTED_EDGE ( 'NONE', *, *, #5364, .F. ) ;
#4706 = ADVANCED_FACE ( 'NONE', ( #10045 ), #2569, .T. ) ;
#4707 = EDGE_LOOP ( 'NONE', ( #10345, #2632, #5562, #1788, #8351, #4379, #8659, #1147 ) ) ;
#4708 = DIRECTION ( 'NONE',  ( 0.0000000000000000000, 0.0000000000000000000, -1.000000000000000000 ) ) ;
#4709 = CARTESIAN_POINT ( 'NONE',  ( 1.537999999999999400, -2.028000000000001400, 1.605000000000000000 ) ) ;
#4710 = EDGE_CURVE ( 'NONE', #5051, #2047, #2830, .T. ) ;
#4711 = DIRECTION ( 'NONE',  ( 1.000000000000000000, 0.0000000000000000000, 0.0000000000000000000 ) ) ;
#4712 = ORIENTED_EDGE ( 'NONE', *, *, #1459, .T. ) ;
#4713 = CIRCLE ( 'NONE', #8673, 0.1575000000000004500 ) ;
#4714 = FACE_OUTER_BOUND ( 'NONE', #2178, .T. ) ;
#4715 = ORIENTED_EDGE ( 'NONE', *, *, #4729, .F. ) ;
#4716 = CARTESIAN_POINT ( 'NONE',  ( 0.7070000000000014100, -1.926500000000000300, 1.630000000000000100 ) ) ;
#4717 = ADVANCED_FACE ( 'NONE', ( #3236 ), #595, .T. ) ;
#4718 = CARTESIAN_POINT ( 'NONE',  ( -1.027499999999999900, 1.926500000000000300, 1.639999999999999900 ) ) ;
#4719 = DIRECTION ( 'NONE',  ( -0.0000000000000000000, -0.0000000000000000000, 1.000000000000000000 ) ) ;
#4720 = CARTESIAN_POINT ( 'NONE',  ( 0.7070000000000014100, -2.246999999999998600, 1.639999999999999900 ) ) ;
#4721 = EDGE_LOOP ( 'NONE', ( #11052, #502, #5120, #4223 ) ) ;
#4722 = LINE ( 'NONE', #2527, #7396 ) ;
#4723 = FACE_OUTER_BOUND ( 'NONE', #8580, .T. ) ;
#4724 = ORIENTED_EDGE ( 'NONE', *, *, #4359, .F. ) ;
#4725 = CARTESIAN_POINT ( 'NONE',  ( 1.027499999999999900, -1.926500000000000300, 1.540000000000000000 ) ) ;
#4726 = AXIS2_PLACEMENT_3D ( 'NONE', #10142, #5036, #810 ) ;
#4727 = VECTOR ( 'NONE', #2808, 39.37007874015748100 ) ;
#4728 = EDGE_CURVE ( 'NONE', #5016, #8576, #9251, .T. ) ;
#4729 = EDGE_CURVE ( 'NONE', #122, #3449, #9901, .T. ) ;
#4730 = ORIENTED_EDGE ( 'NONE', *, *, #10150, .F. ) ;
#4731 = EDGE_CURVE ( 'NONE', #5682, #4293, #6998, .T. ) ;
#4732 = VERTEX_POINT ( 'NONE', #6740 ) ;
#4733 = ORIENTED_EDGE ( 'NONE', *, *, #5951, .F. ) ;
#4734 = ORIENTED_EDGE ( 'NONE', *, *, #6176, .T. ) ;
#4735 = CARTESIAN_POINT ( 'NONE',  ( -1.593215017210380300, -1.892364784850831600, 2.015547868860737300 ) ) ;
#4736 = FACE_OUTER_BOUND ( 'NONE', #3514, .T. ) ;
#4737 = CARTESIAN_POINT ( 'NONE',  ( -1.081000000000000400, 1.926500000000000300, 0.1200000000000000900 ) ) ;
#4738 = ORIENTED_EDGE ( 'NONE', *, *, #8822, .T. ) ;
#4739 = CARTESIAN_POINT ( 'NONE',  ( -1.081000000000000400, -1.926500000000000300, 1.564999999999999700 ) ) ;
#4740 = CIRCLE ( 'NONE', #3196, 0.2035000000000004300 ) ;
#4741 = DIRECTION ( 'NONE',  ( -0.0000000000000000000, -0.0000000000000000000, 1.000000000000000000 ) ) ;
#4742 = ORIENTED_EDGE ( 'NONE', *, *, #8023, .T. ) ;
#4743 = EDGE_LOOP ( 'NONE', ( #9008, #5634 ) ) ;
#4744 = AXIS2_PLACEMENT_3D ( 'NONE', #2620, #10977, #5866 ) ;
#4745 = EDGE_LOOP ( 'NONE', ( #5438, #6863 ) ) ;
#4746 = AXIS2_PLACEMENT_3D ( 'NONE', #9157, #4039, #5845 ) ;
#4747 = CARTESIAN_POINT ( 'NONE',  ( 1.183500000000000000, -2.027999999999999100, 0.1200000000000000900 ) ) ;
#4748 = ORIENTED_EDGE ( 'NONE', *, *, #6313, .T. ) ;
#4749 = EDGE_CURVE ( 'NONE', #7140, #6599, #6445, .T. ) ;
#4750 = CYLINDRICAL_SURFACE ( 'NONE', #1702, 0.1441519259705861500 ) ;
#4752 = CARTESIAN_POINT ( 'NONE',  ( -1.651999999999999500, -1.619499999999999500, 1.630000000000000100 ) ) ;
#4751 = CARTESIAN_POINT ( 'NONE',  ( -1.498499999999999100, -1.619499999999999500, 1.630000000000000100 ) ) ;
#4753 = CARTESIAN_POINT ( 'NONE',  ( 1.760000000000001800, -2.120848074029415100, 1.614999999999999800 ) ) ;
#4754 = FACE_OUTER_BOUND ( 'NONE', #2861, .T. ) ;
#4755 = ORIENTED_EDGE ( 'NONE', *, *, #3002, .T. ) ;
#4756 = DIRECTION ( 'NONE',  ( -1.000000000000000000, 0.0000000000000000000, 0.0000000000000000000 ) ) ;
#4757 = EDGE_LOOP ( 'NONE', ( #3518, #10317, #11023, #9840 ) ) ;
#4758 = VERTEX_POINT ( 'NONE', #795 ) ;
#4759 = ORIENTED_EDGE ( 'NONE', *, *, #4162, .T. ) ;
#4760 = CARTESIAN_POINT ( 'NONE',  ( 0.7070000000000014100, -1.926500000000000300, 0.1200000000000000900 ) ) ;
#4761 = VERTEX_POINT ( 'NONE', #1674 ) ;
#4762 = VECTOR ( 'NONE', #9202, 39.37007874015748100 ) ;
#4763 = CARTESIAN_POINT ( 'NONE',  ( 1.081000000000000400, -1.847999999999999900, 1.540000000000000000 ) ) ;
#4764 = LINE ( 'NONE', #4205, #10914 ) ;
#4765 = EDGE_CURVE ( 'NONE', #10259, #352, #2024, .T. ) ;
#4766 = CARTESIAN_POINT ( 'NONE',  ( -1.339999999999999900, -1.515499999999999600, 0.1200000000000000900 ) ) ;
#4767 = ADVANCED_FACE ( 'NONE', ( #8959 ), #5243, .T. ) ;
#4768 = DIRECTION ( 'NONE',  ( -1.000000000000000000, 0.0000000000000000000, 0.0000000000000000000 ) ) ;
#4769 = VERTEX_POINT ( 'NONE', #2409 ) ;
#4770 = DIRECTION ( 'NONE',  ( -1.000000000000000000, 0.0000000000000000000, 0.0000000000000000000 ) ) ;
#4771 = DIRECTION ( 'NONE',  ( 0.0000000000000000000, 0.0000000000000000000, 1.000000000000000000 ) ) ;
#4772 = ORIENTED_EDGE ( 'NONE', *, *, #6897, .F. ) ;
#4773 = ORIENTED_EDGE ( 'NONE', *, *, #4455, .F. ) ;
#4774 = ORIENTED_EDGE ( 'NONE', *, *, #3615, .T. ) ;
#4775 = VECTOR ( 'NONE', #10399, 39.37007874015748100 ) ;
#4776 = ORIENTED_EDGE ( 'NONE', *, *, #3080, .T. ) ;
#4777 = VECTOR ( 'NONE', #9286, 39.37007874015748100 ) ;
#4778 = CARTESIAN_POINT ( 'NONE',  ( 1.618275329115057100, 1.928959051378408500, 2.040035489790283500 ) ) ;
#4779 = CARTESIAN_POINT ( 'NONE',  ( 1.089749999999999800, -2.027999999999999100, 0.1200000000000000900 ) ) ;
#4780 = ORIENTED_EDGE ( 'NONE', *, *, #8439, .F. ) ;
#4781 = CARTESIAN_POINT ( 'NONE',  ( 0.7070000000000014100, -1.926500000000000300, 1.580000000000000100 ) ) ;
#4782 = ADVANCED_FACE ( 'NONE', ( #2426 ), #8548, .T. ) ;
#4783 = ORIENTED_EDGE ( 'NONE', *, *, #9711, .T. ) ;
#4784 = EDGE_CURVE ( 'NONE', #4529, #6599, #5349, .T. ) ;
#4785 = CARTESIAN_POINT ( 'NONE',  ( 1.459259842519685700, 2.027999999999999100, 1.605000000000000000 ) ) ;
#4786 = CIRCLE ( 'NONE', #5110, 0.04000000000000011900 ) ;
#4787 = EDGE_CURVE ( 'NONE', #7975, #8620, #907, .T. ) ;
#4788 = DIRECTION ( 'NONE',  ( 0.0000000000000000000, 0.0000000000000000000, -1.000000000000000000 ) ) ;
#4790 = DIRECTION ( 'NONE',  ( -0.0000000000000000000, -0.0000000000000000000, -1.000000000000000000 ) ) ;
#4789 = CARTESIAN_POINT ( 'NONE',  ( 1.593748380652688900, 1.891440972269852400, 2.004999999999999400 ) ) ;
#4791 = CARTESIAN_POINT ( 'NONE',  ( -1.625848074029412800, -2.120848074029416000, 2.169999999999999900 ) ) ;
#4792 = CARTESIAN_POINT ( 'NONE',  ( 1.498499999999999100, 1.619499999999999500, 1.540000000000000000 ) ) ;
#4793 = VECTOR ( 'NONE', #7752, 39.37007874015748100 ) ;
#4794 = DIRECTION ( 'NONE',  ( -0.0000000000000000000, -0.0000000000000000000, 1.000000000000000000 ) ) ;
#4795 = AXIS2_PLACEMENT_3D ( 'NONE', #4272, #874, #2602 ) ;
#4796 = CARTESIAN_POINT ( 'NONE',  ( 0.7070000000000014100, -2.146999999999998900, 2.050000000000000300 ) ) ;
#4797 = EDGE_CURVE ( 'NONE', #7702, #684, #7411, .T. ) ;
#4798 = EDGE_CURVE ( 'NONE', #7425, #5280, #4722, .T. ) ;
#4799 = CARTESIAN_POINT ( 'NONE',  ( 0.7070000000000014100, 1.926500000000000300, 1.630000000000000100 ) ) ;
#4800 = EDGE_CURVE ( 'NONE', #7157, #2338, #3351, .T. ) ;
#4801 = CARTESIAN_POINT ( 'NONE',  ( -0.7070000000000014100, 2.196999999999998700, 1.540000000000000000 ) ) ;
#4802 = CARTESIAN_POINT ( 'NONE',  ( 1.538000000000000500, 2.027999999999999100, 1.919999999999999700 ) ) ;
#4803 = DIRECTION ( 'NONE',  ( -0.0000000000000000000, -0.0000000000000000000, -1.000000000000000000 ) ) ;
#4804 = DIRECTION ( 'NONE',  ( -1.000000000000000000, 0.0000000000000000000, -0.0000000000000000000 ) ) ;
#4805 = DIRECTION ( 'NONE',  ( 0.0000000000000000000, -1.000000000000000000, 0.0000000000000000000 ) ) ;
#4806 = CIRCLE ( 'NONE', #5612, 0.07874015748031476500 ) ;
#4807 = DIRECTION ( 'NONE',  ( 1.000000000000000000, 0.0000000000000000000, 0.0000000000000000000 ) ) ;
#4808 = FACE_OUTER_BOUND ( 'NONE', #5526, .T. ) ;
#4809 = CARTESIAN_POINT ( 'NONE',  ( 1.701999999999999500, -1.619499999999999500, 1.580000000000000100 ) ) ;
#4810 = AXIS2_PLACEMENT_3D ( 'NONE', #6015, #9464, #5121 ) ;
#4811 = AXIS2_PLACEMENT_3D ( 'NONE', #42, #961, #992 ) ;
#4812 = DIRECTION ( 'NONE',  ( 1.000000000000000000, 0.0000000000000000000, 0.0000000000000000000 ) ) ;
#4813 = VECTOR ( 'NONE', #6212, 39.37007874015748100 ) ;
#4814 = EDGE_CURVE ( 'NONE', #743, #394, #1746, .T. ) ;
#4815 = CARTESIAN_POINT ( 'NONE',  ( -0.7070000000000014100, 2.146999999999998900, 2.050000000000000300 ) ) ;
#4816 = APPROVAL_PERSON_ORGANIZATION ( #9367, #7242, #9610 ) ;
#4817 = ADVANCED_FACE ( 'NONE', ( #9683 ), #8684, .T. ) ;
#4818 = CARTESIAN_POINT ( 'NONE',  ( 1.751999999999999600, 1.619499999999999500, 1.605000000000000000 ) ) ;
#4819 = PLANE ( 'NONE',  #3171 ) ;
#4821 = DIRECTION ( 'NONE',  ( 0.0000000000000000000, 0.0000000000000000000, -1.000000000000000000 ) ) ;
#4820 = PLANE ( 'NONE',  #3323 ) ;
#4822 = VECTOR ( 'NONE', #8645, 39.37007874015748100 ) ;
#4823 = DIRECTION ( 'NONE',  ( -0.0000000000000000000, 1.000000000000000000, 0.0000000000000000000 ) ) ;
#4824 = LINE ( 'NONE', #6339, #1766 ) ;
#4825 = AXIS2_PLACEMENT_3D ( 'NONE', #1325, #3895, #2972 ) ;
#4826 = EDGE_LOOP ( 'NONE', ( #4011, #1338, #3363, #5542 ) ) ;
#4827 = AXIS2_PLACEMENT_3D ( 'NONE', #7138, #7946, #7987 ) ;
#4828 = EDGE_CURVE ( 'NONE', #882, #656, #2685, .T. ) ;
#4829 = CARTESIAN_POINT ( 'NONE',  ( 0.9775000000000000400, 1.926500000000000300, 1.580000000000000100 ) ) ;
#4830 = ADVANCED_FACE ( 'NONE', ( #5342 ), #7695, .T. ) ;
#4831 = CARTESIAN_POINT ( 'NONE',  ( 1.589666780815287300, -1.898510510564396200, 2.029684651533864200 ) ) ;
#4832 = CARTESIAN_POINT ( 'NONE',  ( 1.027499999999999900, 1.926500000000000300, 1.564999999999999700 ) ) ;
#4833 = CARTESIAN_POINT ( 'NONE',  ( 1.027499999999999900, 1.926500000000000300, 1.639999999999999900 ) ) ;
#4834 = LINE ( 'NONE', #10755, #10991 ) ;
#4835 = ORIENTED_EDGE ( 'NONE', *, *, #5461, .F. ) ;
#4836 = FACE_BOUND ( 'NONE', #5317, .T. ) ;
#4837 = VERTEX_POINT ( 'NONE', #4335 ) ;
#4838 = CARTESIAN_POINT ( 'NONE',  ( 1.081000000000000400, -1.823000000000000000, 1.630000000000000100 ) ) ;
#4839 = VERTEX_POINT ( 'NONE', #1805 ) ;
#4840 = PLANE ( 'NONE',  #3443 ) ;
#4841 = DIRECTION ( 'NONE',  ( 1.000000000000000000, 0.0000000000000000000, 0.0000000000000000000 ) ) ;
#4842 = ORIENTED_EDGE ( 'NONE', *, *, #5227, .T. ) ;
#4843 = DIRECTION ( 'NONE',  ( 0.0000000000000000000, 0.0000000000000000000, -1.000000000000000000 ) ) ;
#4844 = AXIS2_PLACEMENT_3D ( 'NONE', #1063, #7053, #181 ) ;
#4845 = ORIENTED_EDGE ( 'NONE', *, *, #212, .T. ) ;
#4846 = ORIENTED_EDGE ( 'NONE', *, *, #9237, .T. ) ;
#4847 = LINE ( 'NONE', #6014, #2582 ) ;
#4848 = CYLINDRICAL_SURFACE ( 'NONE', #7588, 0.1575000000000004500 ) ;
#4849 = ORIENTED_EDGE ( 'NONE', *, *, #9864, .F. ) ;
#4850 = DIRECTION ( 'NONE',  ( 1.000000000000000000, 0.0000000000000000000, -0.0000000000000000000 ) ) ;
#4851 = DIRECTION ( 'NONE',  ( 1.000000000000000000, 0.0000000000000000000, 0.0000000000000000000 ) ) ;
#4852 = DIRECTION ( 'NONE',  ( -0.0000000000000000000, -0.0000000000000000000, -1.000000000000000000 ) ) ;
#4853 = DIRECTION ( 'NONE',  ( 0.0000000000000000000, 0.0000000000000000000, -1.000000000000000000 ) ) ;
#4854 = DIRECTION ( 'NONE',  ( 0.0000000000000000000, 0.0000000000000000000, 1.000000000000000000 ) ) ;
#4855 = LINE ( 'NONE', #3367, #2593 ) ;
#4856 = ORIENTED_EDGE ( 'NONE', *, *, #5801, .F. ) ;
#4857 = CYLINDRICAL_SURFACE ( 'NONE', #6402, 0.09375000000000033300 ) ;
#4858 = DIRECTION ( 'NONE',  ( -0.0000000000000000000, -0.0000000000000000000, 1.000000000000000000 ) ) ;
#4859 = CIRCLE ( 'NONE', #7768, 0.1535000000000005500 ) ;
#4860 = ORIENTED_EDGE ( 'NONE', *, *, #6310, .F. ) ;
#4862 = CARTESIAN_POINT ( 'NONE',  ( 1.398499999999999900, -1.515499999999999600, 0.3700000000000001100 ) ) ;
#4861 = PLANE ( 'NONE',  #10974 ) ;
#4863 = ORIENTED_EDGE ( 'NONE', *, *, #107, .F. ) ;
#4864 = DIRECTION ( 'NONE',  ( 1.000000000000000000, 0.0000000000000000000, 0.0000000000000000000 ) ) ;
#4865 = EDGE_CURVE ( 'NONE', #743, #685, #7355, .T. ) ;
#4866 = EDGE_CURVE ( 'NONE', #2445, #3640, #572, .T. ) ;
#4867 = CARTESIAN_POINT ( 'NONE',  ( 1.081000000000000400, 1.847999999999999900, 1.564999999999999700 ) ) ;
#4868 = AXIS2_PLACEMENT_3D ( 'NONE', #10438, #290, #1989 ) ;
#4869 = EDGE_LOOP ( 'NONE', ( #5056, #2891, #4878, #5856 ) ) ;
#4870 = CIRCLE ( 'NONE', #4795, 0.05350000000000053300 ) ;
#4871 = CARTESIAN_POINT ( 'NONE',  ( 1.081000000000000400, 1.926500000000000300, 2.050000000000000300 ) ) ;
#4872 = CIRCLE ( 'NONE', #9857, 0.1675000000000003400 ) ;
#4873 = ORIENTED_EDGE ( 'NONE', *, *, #6764, .T. ) ;
#4874 = CARTESIAN_POINT ( 'NONE',  ( -1.081000000000000400, 1.926500000000000300, 0.1200000000000000900 ) ) ;
#4875 = CARTESIAN_POINT ( 'NONE',  ( 1.182500000000000600, 1.515499999999999600, 0.3700000000000001100 ) ) ;
#4876 = VECTOR ( 'NONE', #1263, 39.37007874015748100 ) ;
#4877 = CARTESIAN_POINT ( 'NONE',  ( 1.770000000000001600, 2.264999999999998800, 2.169999999999999900 ) ) ;
#4878 = ORIENTED_EDGE ( 'NONE', *, *, #2056, .F. ) ;
#4879 = CARTESIAN_POINT ( 'NONE',  ( 1.457724670884943000, -2.127040948621590200, 2.040035489790283500 ) ) ;
#4880 = ADVANCED_FACE ( 'NONE', ( #6830 ), #6426, .T. ) ;
#4881 = ORIENTED_EDGE ( 'NONE', *, *, #4584, .F. ) ;
#4882 = DIRECTION ( 'NONE',  ( -0.0000000000000000000, -0.0000000000000000000, 1.000000000000000000 ) ) ;
#4883 = DIRECTION ( 'NONE',  ( -0.0000000000000000000, -0.0000000000000000000, -1.000000000000000000 ) ) ;
#4884 = ORIENTED_EDGE ( 'NONE', *, *, #6104, .F. ) ;
#4885 = DIRECTION ( 'NONE',  ( -1.000000000000000000, 0.0000000000000000000, 0.0000000000000000000 ) ) ;
#4886 = ORIENTED_EDGE ( 'NONE', *, *, #10667, .T. ) ;
#4887 = AXIS2_PLACEMENT_3D ( 'NONE', #4874, #9057, #658 ) ;
#4888 = FACE_OUTER_BOUND ( 'NONE', #8337, .T. ) ;
#4889 = EDGE_CURVE ( 'NONE', #10436, #4758, #5081, .T. ) ;
#4890 = EDGE_CURVE ( 'NONE', #251, #4329, #296, .T. ) ;
#4891 = CYLINDRICAL_SURFACE ( 'NONE', #10270, 0.02499999999999987000 ) ;
#4892 = VERTEX_POINT ( 'NONE', #5205 ) ;
#4893 = DIRECTION ( 'NONE',  ( 1.000000000000000000, 0.0000000000000000000, 0.0000000000000000000 ) ) ;
#4894 = EDGE_LOOP ( 'NONE', ( #7853, #7575, #5561, #10484 ) ) ;
#4895 = ORIENTED_EDGE ( 'NONE', *, *, #6269, .T. ) ;
#4896 = PLANE ( 'NONE',  #1589 ) ;
#4897 = ADVANCED_FACE ( 'NONE', ( #4808 ), #3471, .F. ) ;
#4898 = VERTEX_POINT ( 'NONE', #5230 ) ;
#4899 = CIRCLE ( 'NONE', #3807, 0.009999999999999892700 ) ;
#4900 = CARTESIAN_POINT ( 'NONE',  ( -1.081000000000000400, -1.926500000000000300, 1.540000000000000000 ) ) ;
#4901 = FACE_OUTER_BOUND ( 'NONE', #10740, .T. ) ;
#4902 = EDGE_LOOP ( 'NONE', ( #1087, #201, #9682, #1550 ) ) ;
#4903 = AXIS2_PLACEMENT_3D ( 'NONE', #9014, #10657, #3011 ) ;
#4904 = AXIS2_PLACEMENT_3D ( 'NONE', #826, #4182, #1634 ) ;
#4905 = ORIENTED_EDGE ( 'NONE', *, *, #6102, .F. ) ;
#4906 = ORIENTED_EDGE ( 'NONE', *, *, #10843, .T. ) ;
#4908 = CARTESIAN_POINT ( 'NONE',  ( -0.7070000000000014100, 2.246999999999998600, 1.564999999999999700 ) ) ;
#4907 = DIRECTION ( 'NONE',  ( -0.0000000000000000000, -0.0000000000000000000, -1.000000000000000000 ) ) ;
#4909 = CARTESIAN_POINT ( 'NONE',  ( 0.9774999999999999200, 1.926500000000000300, 1.564999999999999700 ) ) ;
#4910 = ORIENTED_EDGE ( 'NONE', *, *, #9236, .F. ) ;
#4911 = CIRCLE ( 'NONE', #6551, 0.2035000000000004300 ) ;
#4912 = CARTESIAN_POINT ( 'NONE',  ( 1.538000000000000500, -2.027999999999999100, 2.004999999999999400 ) ) ;
#4913 = ORIENTED_EDGE ( 'NONE', *, *, #3587, .F. ) ;
#4914 = LINE ( 'NONE', #3387, #3178 ) ;
#4915 = DIRECTION ( 'NONE',  ( -1.000000000000000000, 0.0000000000000000000, -0.0000000000000000000 ) ) ;
#4916 = ORIENTED_EDGE ( 'NONE', *, *, #3357, .F. ) ;
#4917 = CARTESIAN_POINT ( 'NONE',  ( -1.538000000000000500, -2.027999999999999600, 1.919999999999999700 ) ) ;
#4918 = CARTESIAN_POINT ( 'NONE',  ( 0.7070000000000014100, 1.926500000000000300, 1.639999999999999900 ) ) ;
#4919 = DIRECTION ( 'NONE',  ( -0.0000000000000000000, -0.0000000000000000000, -1.000000000000000000 ) ) ;
#4920 = AXIS2_PLACEMENT_3D ( 'NONE', #3404, #2635, #6940 ) ;
#4921 = ORIENTED_EDGE ( 'NONE', *, *, #7171, .T. ) ;
#4922 = EDGE_CURVE ( 'NONE', #1590, #10582, #3605, .T. ) ;
#4923 = DIRECTION ( 'NONE',  ( -0.0000000000000000000, -0.0000000000000000000, 1.000000000000000000 ) ) ;
#4924 = CARTESIAN_POINT ( 'NONE',  ( -1.651999999999999500, -1.619499999999999500, 0.1200000000000000900 ) ) ;
#4925 = ORIENTED_EDGE ( 'NONE', *, *, #2896, .T. ) ;
#4926 = DIRECTION ( 'NONE',  ( 0.0000000000000000000, 0.0000000000000000000, 1.000000000000000000 ) ) ;
#4927 = LINE ( 'NONE', #3164, #10941 ) ;
#4928 = PLANE ( 'NONE',  #5338 ) ;
#4929 = DIRECTION ( 'NONE',  ( -0.0000000000000000000, -0.0000000000000000000, -1.000000000000000000 ) ) ;
#4930 = EDGE_LOOP ( 'NONE', ( #8994, #812 ) ) ;
#4931 = AXIS2_PLACEMENT_3D ( 'NONE', #4900, #6626, #3062 ) ;
#4932 = ORIENTED_EDGE ( 'NONE', *, *, #2727, .F. ) ;
#4933 = CARTESIAN_POINT ( 'NONE',  ( 1.625848074029415400, -2.265000000000001000, 1.614999999999999800 ) ) ;
#4934 = DIRECTION ( 'NONE',  ( -0.0000000000000000000, -0.0000000000000000000, -1.000000000000000000 ) ) ;
#4935 = VECTOR ( 'NONE', #4919, 39.37007874015748100 ) ;
#4936 = DIRECTION ( 'NONE',  ( 0.0000000000000000000, 0.0000000000000000000, -1.000000000000000000 ) ) ;
#4937 = EDGE_CURVE ( 'NONE', #2234, #7702, #8421, .T. ) ;
#4938 = CARTESIAN_POINT ( 'NONE',  ( 1.770000000000001600, -2.120848074029413800, 1.580000000000000100 ) ) ;
#4939 = CARTESIAN_POINT ( 'NONE',  ( -1.538000000000000500, 2.027999999999999600, 1.919999999999999700 ) ) ;
#4940 = EDGE_CURVE ( 'NONE', #9522, #7040, #6157, .T. ) ;
#4941 = ADVANCED_FACE ( 'NONE', ( #981 ), #9758, .T. ) ;
#4942 = ORIENTED_EDGE ( 'NONE', *, *, #2158, .T. ) ;
#4943 = CARTESIAN_POINT ( 'NONE',  ( -1.281500000000000100, -1.515499999999999600, 0.1200000000000000900 ) ) ;
#4944 = ORIENTED_EDGE ( 'NONE', *, *, #9385, .F. ) ;
#4945 = LINE ( 'NONE', #6665, #1234 ) ;
#4946 = DIRECTION ( 'NONE',  ( -0.0000000000000000000, -0.0000000000000000000, 1.000000000000000000 ) ) ;
#4947 = DIRECTION ( 'NONE',  ( 0.0000000000000000000, 0.0000000000000000000, -1.000000000000000000 ) ) ;
#4948 = DIRECTION ( 'NONE',  ( -1.000000000000000000, 0.0000000000000000000, 0.0000000000000000000 ) ) ;
#4949 = CARTESIAN_POINT ( 'NONE',  ( 1.573491067360004900, 1.926527668117621100, 2.044999999999999500 ) ) ;
#4950 = ADVANCED_FACE ( 'NONE', ( #9878 ), #713, .T. ) ;
#4951 = CIRCLE ( 'NONE', #6711, 0.07874015748031476500 ) ;
#4952 = DIRECTION ( 'NONE',  ( 0.0000000000000000000, 0.0000000000000000000, 1.000000000000000000 ) ) ;
#4953 = AXIS2_PLACEMENT_3D ( 'NONE', #8350, #10057, #9215 ) ;
#4954 = DIRECTION ( 'NONE',  ( -1.000000000000000000, 0.0000000000000000000, 0.0000000000000000000 ) ) ;
#4955 = LINE ( 'NONE', #7327, #1242 ) ;
#4956 = EDGE_CURVE ( 'NONE', #909, #10378, #3865, .T. ) ;
#4957 = EDGE_CURVE ( 'NONE', #9388, #7140, #1365, .T. ) ;
#4958 = DIRECTION ( 'NONE',  ( 0.0000000000000000000, 0.0000000000000000000, 1.000000000000000000 ) ) ;
#4959 =( GEOMETRIC_REPRESENTATION_CONTEXT ( 3 ) GLOBAL_UNCERTAINTY_ASSIGNED_CONTEXT ( ( #5135 ) ) GLOBAL_UNIT_ASSIGNED_CONTEXT ( ( #3996, #4373, #7837 ) ) REPRESENTATION_CONTEXT ( 'NONE', 'WORKASPACE' ) );
#4960 = EDGE_CURVE ( 'NONE', #2394, #7325, #7745, .T. ) ;
#4961 = DIRECTION ( 'NONE',  ( -0.0000000000000000000, -0.0000000000000000000, -1.000000000000000000 ) ) ;
#4962 = DIRECTION ( 'NONE',  ( 1.000000000000000000, 0.0000000000000000000, 0.0000000000000000000 ) ) ;
#4963 = DIRECTION ( 'NONE',  ( -0.0000000000000000000, -0.0000000000000000000, -1.000000000000000000 ) ) ;
#4964 = CARTESIAN_POINT ( 'NONE',  ( -1.593748380652688900, 1.891440972269852400, 2.004999999999999400 ) ) ;
#4965 = LINE ( 'NONE', #3597, #440 ) ;
#4966 = VECTOR ( 'NONE', #4019, 39.37007874015748100 ) ;
#4967 = CARTESIAN_POINT ( 'NONE',  ( -1.705500000000000700, -2.027999999999999600, 2.159999999999999700 ) ) ;
#4968 = AXIS2_PLACEMENT_3D ( 'NONE', #312, #1193, #7271 ) ;
#4969 = AXIS2_PLACEMENT_3D ( 'NONE', #3656, #3359, #3395 ) ;
#4970 = EDGE_CURVE ( 'NONE', #1441, #466, #1631, .T. ) ;
#4971 = CYLINDRICAL_SURFACE ( 'NONE', #2821, 0.05350000000000053300 ) ;
#4972 = LINE ( 'NONE', #4579, #2434 ) ;
#4973 = EDGE_LOOP ( 'NONE', ( #9455, #7280, #11050, #6092 ) ) ;
#4974 = CARTESIAN_POINT ( 'NONE',  ( 0.7070000000000014100, -2.196999999999998700, 1.639999999999999900 ) ) ;
#4975 = ORIENTED_EDGE ( 'NONE', *, *, #8592, .F. ) ;
#4976 = DIRECTION ( 'NONE',  ( 0.0000000000000000000, 1.000000000000000000, 0.0000000000000000000 ) ) ;
#4978 = DIRECTION ( 'NONE',  ( -1.000000000000000000, 0.0000000000000000000, 0.0000000000000000000 ) ) ;
#4977 = DIRECTION ( 'NONE',  ( -0.0000000000000000000, -0.0000000000000000000, 1.000000000000000000 ) ) ;
#4979 = CARTESIAN_POINT ( 'NONE',  ( 1.695500000000000900, 2.027999999999999100, 1.919999999999999700 ) ) ;
#4980 = VERTEX_POINT ( 'NONE', #7147 ) ;
#4981 = DIRECTION ( 'NONE',  ( 0.0000000000000000000, 0.0000000000000000000, 1.000000000000000000 ) ) ;
#4982 = CIRCLE ( 'NONE', #2892, 0.1575000000000004500 ) ;
#4983 = AXIS2_PLACEMENT_3D ( 'NONE', #3533, #8721, #5256 ) ;
#4984 = FACE_OUTER_BOUND ( 'NONE', #1662, .T. ) ;
#4985 = ORIENTED_EDGE ( 'NONE', *, *, #8240, .F. ) ;
#4986 = AXIS2_PLACEMENT_3D ( 'NONE', #7086, #5273, #2810 ) ;
#4987 = ORIENTED_EDGE ( 'NONE', *, *, #6728, .T. ) ;
#4988 = ORIENTED_EDGE ( 'NONE', *, *, #6834, .T. ) ;
#4989 = DIRECTION ( 'NONE',  ( -0.0000000000000000000, -0.0000000000000000000, -1.000000000000000000 ) ) ;
#4990 = CARTESIAN_POINT ( 'NONE',  ( 1.498499999999999100, -1.823000000000000000, 1.639999999999999900 ) ) ;
#4991 = VERTEX_POINT ( 'NONE', #10554 ) ;
#4992 = ADVANCED_FACE ( 'NONE', ( #7494 ), #163, .T. ) ;
#4993 = DIRECTION ( 'NONE',  ( -1.000000000000000000, 0.0000000000000000000, 0.0000000000000000000 ) ) ;
#4994 = LINE ( 'NONE', #5794, #9669 ) ;
#4995 = CARTESIAN_POINT ( 'NONE',  ( -0.7070000000000014100, 1.926500000000000300, 1.580000000000000100 ) ) ;
#4996 = LINE ( 'NONE', #1034, #751 ) ;
#4997 = ORIENTED_EDGE ( 'NONE', *, *, #4235, .F. ) ;
#4998 = DIRECTION ( 'NONE',  ( -1.000000000000000000, 0.0000000000000000000, 0.0000000000000000000 ) ) ;
#4999 = AXIS2_PLACEMENT_3D ( 'NONE', #11060, #4284, #7612 ) ;
#5000 = EDGE_CURVE ( 'NONE', #1704, #5990, #1878, .T. ) ;
#5001 = ORIENTED_EDGE ( 'NONE', *, *, #7445, .F. ) ;
#5002 = LINE ( 'NONE', #9435, #9803 ) ;
#5003 = DIRECTION ( 'NONE',  ( 1.000000000000000000, 0.0000000000000000000, 0.0000000000000000000 ) ) ;
#5004 = EDGE_CURVE ( 'NONE', #5400, #10881, #2807, .T. ) ;
#5005 = VECTOR ( 'NONE', #1632, 39.37007874015748100 ) ;
#5006 = ORIENTED_EDGE ( 'NONE', *, *, #8316, .T. ) ;
#5007 = DIRECTION ( 'NONE',  ( 0.0000000000000000000, -0.0000000000000000000, 1.000000000000000000 ) ) ;
#5008 = LINE ( 'NONE', #10031, #3671 ) ;
#5009 = DIRECTION ( 'NONE',  ( -1.000000000000000000, 0.0000000000000000000, 0.0000000000000000000 ) ) ;
#5010 = ORIENTED_EDGE ( 'NONE', *, *, #8088, .T. ) ;
#5011 = B_SPLINE_CURVE_WITH_KNOTS ( 'NONE', 3,
 ( #1821, #6684, #7492, #10931, #3521, #10360, #3454, #8644, #2385, #3266 ),
 .UNSPECIFIED., .F., .F.,
 ( 4, 2, 2, 2, 4 ),
 ( 1.971563028758743200E-007, 0.0004000189154631293300, 0.0007998406746233827800, 0.001199662433783636400, 0.001599484192943889800 ),
 .UNSPECIFIED. ) ;
#5012 = ORIENTED_EDGE ( 'NONE', *, *, #1719, .T. ) ;
#5013 = CARTESIAN_POINT ( 'NONE',  ( -1.625848074029412800, -2.120848074029416000, 2.121949358009804300 ) ) ;
#5014 = ORIENTED_EDGE ( 'NONE', *, *, #2022, .F. ) ;
#5015 = DIRECTION ( 'NONE',  ( 0.0000000000000000000, 0.0000000000000000000, 1.000000000000000000 ) ) ;
#5016 = VERTEX_POINT ( 'NONE', #1956 ) ;
#5017 = FACE_OUTER_BOUND ( 'NONE', #8923, .T. ) ;
#5018 = EDGE_LOOP ( 'NONE', ( #6819, #6073, #8718, #7597 ) ) ;
#5020 = CARTESIAN_POINT ( 'NONE',  ( 1.627855763071127900, -1.912365253007936000, 2.015548118773191200 ) ) ;
#5019 = DIRECTION ( 'NONE',  ( 1.000000000000000000, 0.0000000000000000000, 0.0000000000000000000 ) ) ;
#5021 = FACE_OUTER_BOUND ( 'NONE', #10841, .T. ) ;
#5022 = EDGE_CURVE ( 'NONE', #10517, #10476, #4144, .T. ) ;
#5023 = EDGE_CURVE ( 'NONE', #10369, #2890, #435, .T. ) ;
#5024 = CARTESIAN_POINT ( 'NONE',  ( 1.685499999999999800, -2.027999999999999100, 1.919999999999999700 ) ) ;
#5025 = AXIS2_PLACEMENT_3D ( 'NONE', #4537, #9653, #10508 ) ;
#5026 = ORIENTED_EDGE ( 'NONE', *, *, #7993, .T. ) ;
#5027 = DIRECTION ( 'NONE',  ( 0.0000000000000000000, 0.0000000000000000000, 1.000000000000000000 ) ) ;
#5028 = ORIENTED_EDGE ( 'NONE', *, *, #823, .F. ) ;
#5029 = VERTEX_POINT ( 'NONE', #6206 ) ;
#5030 = ORIENTED_EDGE ( 'NONE', *, *, #6252, .T. ) ;
#5031 = DIRECTION ( 'NONE',  ( -0.0000000000000000000, -0.0000000000000000000, 1.000000000000000000 ) ) ;
#5032 = CIRCLE ( 'NONE', #7068, 0.2535000000000004500 ) ;
#5033 = DIRECTION ( 'NONE',  ( -0.5000000000000023300, -0.8660254037844371500, 0.0000000000000000000 ) ) ;
#5034 = FACE_OUTER_BOUND ( 'NONE', #9790, .T. ) ;
#5035 = CARTESIAN_POINT ( 'NONE',  ( 1.447610603195933500, -2.144559027730145000, 2.004999999999999400 ) ) ;
#5036 = DIRECTION ( 'NONE',  ( -1.000000000000000000, 0.0000000000000000000, 0.0000000000000000000 ) ) ;
#5037 = ORIENTED_EDGE ( 'NONE', *, *, #3197, .T. ) ;
#5038 = DIRECTION ( 'NONE',  ( -0.0000000000000000000, -0.0000000000000000000, 1.000000000000000000 ) ) ;
#5039 = CARTESIAN_POINT ( 'NONE',  ( 1.751999999999999600, 1.619499999999999500, 1.639999999999999900 ) ) ;
#5040 = DIRECTION ( 'NONE',  ( 0.0000000000000000000, 0.0000000000000000000, -1.000000000000000000 ) ) ;
#5041 = ORIENTED_EDGE ( 'NONE', *, *, #1250, .T. ) ;
#5042 = ORIENTED_EDGE ( 'NONE', *, *, #1636, .T. ) ;
#5043 = AXIS2_PLACEMENT_3D ( 'NONE', #9729, #1113, #7062 ) ;
#5044 = EDGE_CURVE ( 'NONE', #7548, #7255, #3346, .T. ) ;
#5045 = ORIENTED_EDGE ( 'NONE', *, *, #5663, .T. ) ;
#5046 = TOROIDAL_SURFACE ( 'NONE', #6614, 0.1074999999999994000, 0.04000000000000000100 ) ;
#5047 = FACE_OUTER_BOUND ( 'NONE', #8411, .T. ) ;
#5048 = CARTESIAN_POINT ( 'NONE',  ( -1.538000000000000500, -2.027999999999999600, -0.3943848084544492900 ) ) ;
#5049 = ORIENTED_EDGE ( 'NONE', *, *, #8808, .F. ) ;
#5050 = DIRECTION ( 'NONE',  ( -0.0000000000000000000, -0.0000000000000000000, 1.000000000000000000 ) ) ;
#5051 = VERTEX_POINT ( 'NONE', #7996 ) ;
#5052 = FACE_BOUND ( 'NONE', #5817, .T. ) ;
#5053 = ADVANCED_FACE ( 'NONE', ( #10419 ), #7956, .T. ) ;
#5054 = AXIS2_PLACEMENT_3D ( 'NONE', #8581, #1093, #2764 ) ;
#5055 = CARTESIAN_POINT ( 'NONE',  ( -1.701999999999999500, 1.619499999999999500, 1.639999999999999900 ) ) ;
#5056 = ORIENTED_EDGE ( 'NONE', *, *, #10244, .T. ) ;
#5057 = CYLINDRICAL_SURFACE ( 'NONE', #8686, 0.02499999999999987000 ) ;
#5058 = AXIS2_PLACEMENT_3D ( 'NONE', #10462, #2816, #3673 ) ;
#5059 = EDGE_CURVE ( 'NONE', #10930, #8620, #8151, .T. ) ;
#5060 = CARTESIAN_POINT ( 'NONE',  ( 1.409987305317013300, 1.890999999999998500, 0.1200000000000000900 ) ) ;
#5061 = EDGE_LOOP ( 'NONE', ( #1842, #4905, #4780, #2490 ) ) ;
#5062 = CARTESIAN_POINT ( 'NONE',  ( -1.081000000000000400, -1.823000000000000000, 1.540000000000000000 ) ) ;
#5063 = DIRECTION ( 'NONE',  ( -0.0000000000000000000, -0.0000000000000000000, -1.000000000000000000 ) ) ;
#5064 = VERTEX_POINT ( 'NONE', #3655 ) ;
#5065 = DIRECTION ( 'NONE',  ( -1.000000000000000000, 0.0000000000000000000, 0.0000000000000000000 ) ) ;
#5066 = LINE ( 'NONE', #4094, #7083 ) ;
#5067 = AXIS2_PLACEMENT_3D ( 'NONE', #7766, #3408, #7701 ) ;
#5068 = CARTESIAN_POINT ( 'NONE',  ( 1.393102622522006500, 2.146999999999999400, 1.580000000000000100 ) ) ;
#5069 = CARTESIAN_POINT ( 'NONE',  ( -1.081000000000000400, 1.926500000000000300, 0.1200000000000000900 ) ) ;
#5070 = DIRECTION ( 'NONE',  ( 0.0000000000000000000, 0.0000000000000000000, 1.000000000000000000 ) ) ;
#5071 = DIRECTION ( 'NONE',  ( -0.0000000000000000000, -0.0000000000000000000, -1.000000000000000000 ) ) ;
#5072 = DIRECTION ( 'NONE',  ( -1.000000000000000000, 0.0000000000000000000, 0.0000000000000000000 ) ) ;
#5073 = CYLINDRICAL_SURFACE ( 'NONE', #1700, 0.05350000000000053300 ) ;
#5074 = AXIS2_PLACEMENT_3D ( 'NONE', #5983, #9519, #6135 ) ;
#5075 = ADVANCED_FACE ( 'NONE', ( #7224 ), #6972, .F. ) ;
#5076 = CARTESIAN_POINT ( 'NONE',  ( 1.498499999999999100, -1.823000000000000000, 1.630000000000000100 ) ) ;
#5077 = DIRECTION ( 'NONE',  ( 0.0000000000000000000, -0.0000000000000000000, 1.000000000000000000 ) ) ;
#5078 = DIRECTION ( 'NONE',  ( -1.000000000000000000, 0.0000000000000000000, 0.0000000000000000000 ) ) ;
#5079 = VECTOR ( 'NONE', #9779, 39.37007874015748100 ) ;
#5080 = CARTESIAN_POINT ( 'NONE',  ( 1.770000000000001600, 2.120848074029411600, 1.614999999999999800 ) ) ;
#5081 = CIRCLE ( 'NONE', #1399, 0.3204999999999984500 ) ;
#5082 = CARTESIAN_POINT ( 'NONE',  ( -1.538000000000000500, -2.027999999999999600, 2.169999999999999900 ) ) ;
#5083 = EDGE_CURVE ( 'NONE', #2372, #4991, #10153, .T. ) ;
#5084 = B_SPLINE_CURVE_WITH_KNOTS ( 'NONE', 3,
 ( #10149, #4256, #8465, #4213, #20, #5978, #890, #10407, #1089, #1831 ),
 .UNSPECIFIED., .F., .F.,
 ( 4, 2, 2, 2, 4 ),
 ( 1.971563028680248100E-007, 0.0004000189154631235800, 0.0007998406746233792000, 0.001199662433783634700, 0.001599484192943890200 ),
 .UNSPECIFIED. ) ;
#5085 = AXIS2_PLACEMENT_3D ( 'NONE', #3182, #4853, #6624 ) ;
#5086 = DIRECTION ( 'NONE',  ( -1.000000000000000000, 0.0000000000000000000, 0.0000000000000000000 ) ) ;
#5087 = CARTESIAN_POINT ( 'NONE',  ( -1.430500000000001000, 2.027999999999999100, 2.044999999999999500 ) ) ;
#5088 = DIRECTION ( 'NONE',  ( -1.000000000000000000, 0.0000000000000000000, 0.0000000000000000000 ) ) ;
#5089 = VECTOR ( 'NONE', #5376, 39.37007874015748100 ) ;
#5090 = COORDINATED_UNIVERSAL_TIME_OFFSET ( 6, 0, .BEHIND. ) ;
#5091 = DIRECTION ( 'NONE',  ( 1.000000000000000000, 0.0000000000000000000, 0.0000000000000000000 ) ) ;
#5092 = DIRECTION ( 'NONE',  ( 1.000000000000000000, 0.0000000000000000000, 0.0000000000000000000 ) ) ;
#5093 = AXIS2_PLACEMENT_3D ( 'NONE', #2480, #9198, #10956 ) ;
#5094 = DIRECTION ( 'NONE',  ( 0.0000000000000000000, 0.0000000000000000000, 1.000000000000000000 ) ) ;
#5095 = EDGE_CURVE ( 'NONE', #4204, #5823, #5872, .T. ) ;
#5096 = CIRCLE ( 'NONE', #10410, 0.1441519259705861500 ) ;
#5097 = EDGE_CURVE ( 'NONE', #8599, #2442, #6703, .T. ) ;
#5098 = LINE ( 'NONE', #9950, #1135 ) ;
#5099 = CARTESIAN_POINT ( 'NONE',  ( 0.7070000000000014100, 1.926500000000000300, 1.639999999999999900 ) ) ;
#5100 = DIRECTION ( 'NONE',  ( -0.0000000000000000000, -0.0000000000000000000, 1.000000000000000000 ) ) ;
#5101 = DIRECTION ( 'NONE',  ( 0.0000000000000000000, -1.000000000000000000, 0.0000000000000000000 ) ) ;
#5102 = ORIENTED_EDGE ( 'NONE', *, *, #5901, .T. ) ;
#5103 = VECTOR ( 'NONE', #10563, 39.37007874015748100 ) ;
#5104 = EDGE_LOOP ( 'NONE', ( #7125, #7323, #3044, #1950 ) ) ;
#5105 = FACE_OUTER_BOUND ( 'NONE', #3235, .T. ) ;
#5106 = ORIENTED_EDGE ( 'NONE', *, *, #6154, .T. ) ;
#5107 = ORIENTED_EDGE ( 'NONE', *, *, #2096, .T. ) ;
#5108 = DIRECTION ( 'NONE',  ( -0.0000000000000000000, -0.0000000000000000000, 1.000000000000000000 ) ) ;
#5109 = DIRECTION ( 'NONE',  ( -0.0000000000000000000, -0.0000000000000000000, -1.000000000000000000 ) ) ;
#5110 = AXIS2_PLACEMENT_3D ( 'NONE', #7721, #7787, #3609 ) ;
#5111 = ORIENTED_EDGE ( 'NONE', *, *, #5735, .F. ) ;
#5112 = AXIS2_PLACEMENT_3D ( 'NONE', #9826, #3998, #8147 ) ;
#5113 = EDGE_CURVE ( 'NONE', #9348, #6915, #6734, .T. ) ;
#5114 = DIRECTION ( 'NONE',  ( -1.000000000000000000, 0.0000000000000000000, 0.0000000000000000000 ) ) ;
#5115 = ORIENTED_EDGE ( 'NONE', *, *, #5516, .F. ) ;
#5116 = VECTOR ( 'NONE', #3978, 39.37007874015748100 ) ;
#5117 = VECTOR ( 'NONE', #10467, 39.37007874015748100 ) ;
#5118 = ORIENTED_EDGE ( 'NONE', *, *, #2071, .F. ) ;
#5119 = DIRECTION ( 'NONE',  ( 0.0000000000000000000, 0.0000000000000000000, 1.000000000000000000 ) ) ;
#5120 = ORIENTED_EDGE ( 'NONE', *, *, #1502, .F. ) ;
#5121 = DIRECTION ( 'NONE',  ( 0.0000000000000000000, 0.0000000000000000000, 1.000000000000000000 ) ) ;
#5122 = DIRECTION ( 'NONE',  ( 0.0000000000000000000, 0.0000000000000000000, 1.000000000000000000 ) ) ;
#5123 = ADVANCED_FACE ( 'NONE', ( #5482 ), #1340, .F. ) ;
#5124 = AXIS2_PLACEMENT_3D ( 'NONE', #1743, #1850, #5122 ) ;
#5125 = EDGE_CURVE ( 'NONE', #4196, #4761, #4955, .T. ) ;
#5126 = VECTOR ( 'NONE', #1448, 39.37007874015748100 ) ;
#5127 = ORIENTED_EDGE ( 'NONE', *, *, #2822, .F. ) ;
#5128 = CIRCLE ( 'NONE', #556, 0.1074999999999993300 ) ;
#5129 = DIRECTION ( 'NONE',  ( -1.000000000000000000, 0.0000000000000000000, 0.0000000000000000000 ) ) ;
#5130 = TOROIDAL_SURFACE ( 'NONE', #9715, 0.1074999999999994000, 0.04000000000000000100 ) ;
#5131 = ORIENTED_EDGE ( 'NONE', *, *, #2025, .T. ) ;
#5132 = DIRECTION ( 'NONE',  ( 1.000000000000000000, 0.0000000000000000000, -0.0000000000000000000 ) ) ;
#5133 = CARTESIAN_POINT ( 'NONE',  ( 0.9638306835251589900, 2.146999999999998900, 0.1200000000000000900 ) ) ;
#5134 = ORIENTED_EDGE ( 'NONE', *, *, #5725, .T. ) ;
#5135 = UNCERTAINTY_MEASURE_WITH_UNIT (LENGTH_MEASURE( 1.000000000000000100E-005 ), #3996, 'distance_accuracy_value', 'NONE');
#5136 = VERTEX_POINT ( 'NONE', #2213 ) ;
#5137 = CARTESIAN_POINT ( 'NONE',  ( 1.498499999999999100, -1.619499999999999500, 1.639999999999999900 ) ) ;
#5138 = ORIENTED_EDGE ( 'NONE', *, *, #8593, .F. ) ;
#5139 = ORIENTED_EDGE ( 'NONE', *, *, #8953, .F. ) ;
#5140 = CYLINDRICAL_SURFACE ( 'NONE', #173, 0.09375000000000033300 ) ;
#5141 = CARTESIAN_POINT ( 'NONE',  ( 1.340000000000000500, 1.515499999999999600, 0.3700000000000001100 ) ) ;
#5142 = VECTOR ( 'NONE', #7079, 39.37007874015748100 ) ;
#5143 = ORIENTED_EDGE ( 'NONE', *, *, #10159, .F. ) ;
#5144 = DATE_AND_TIME ( #11032, #4480 ) ;
#5145 = EDGE_LOOP ( 'NONE', ( #6615, #8379, #3915, #3940 ) ) ;
#5146 = CARTESIAN_POINT ( 'NONE',  ( -1.498499999999999100, -1.823000000000000000, 1.639999999999999900 ) ) ;
#5147 = EDGE_CURVE ( 'NONE', #10353, #9738, #10679, .T. ) ;
#5148 = CARTESIAN_POINT ( 'NONE',  ( -1.484836854275143800, -2.160081269485638200, 2.025280118416169700 ) ) ;
#5149 = CARTESIAN_POINT ( 'NONE',  ( 1.538000000000000500, -2.027999999999999100, 2.004999999999999400 ) ) ;
#5150 = ORIENTED_EDGE ( 'NONE', *, *, #765, .F. ) ;
#5151 = EDGE_CURVE ( 'NONE', #8743, #3146, #7615, .T. ) ;
#5152 = ORIENTED_EDGE ( 'NONE', *, *, #403, .T. ) ;
#5153 = CARTESIAN_POINT ( 'NONE',  ( 1.081000000000000400, -1.926500000000000300, 1.564999999999999700 ) ) ;
#5154 = ORIENTED_EDGE ( 'NONE', *, *, #2231, .F. ) ;
#5155 = CARTESIAN_POINT ( 'NONE',  ( -1.538000000000000500, -2.027999999999999100, 1.919999999999999700 ) ) ;
#5156 = LINE ( 'NONE', #1721, #369 ) ;
#5157 = DIRECTION ( 'NONE',  ( 1.000000000000000000, 0.0000000000000000000, 0.0000000000000000000 ) ) ;
#5158 = VECTOR ( 'NONE', #10402, 39.37007874015748100 ) ;
#5159 = PERSON ( 'UNSPECIFIED', 'UNSPECIFIED', 'UNSPECIFIED', ('UNSPECIFIED'), ('UNSPECIFIED'), ('UNSPECIFIED') ) ;
#5160 = ORIENTED_EDGE ( 'NONE', *, *, #11021, .F. ) ;
#5161 = DIRECTION ( 'NONE',  ( -1.000000000000000000, 0.0000000000000000000, 0.0000000000000000000 ) ) ;
#5162 = DIRECTION ( 'NONE',  ( 0.0000000000000000000, 0.0000000000000000000, 1.000000000000000000 ) ) ;
#5163 = ORIENTED_EDGE ( 'NONE', *, *, #9924, .T. ) ;
#5164 = ORIENTED_EDGE ( 'NONE', *, *, #10412, .F. ) ;
#5165 = DIRECTION ( 'NONE',  ( -1.000000000000000000, 0.0000000000000000000, 0.0000000000000000000 ) ) ;
#5166 = AXIS2_PLACEMENT_3D ( 'NONE', #2848, #9726, #4602 ) ;
#5167 = ORIENTED_EDGE ( 'NONE', *, *, #10382, .T. ) ;
#5168 = EDGE_CURVE ( 'NONE', #3927, #11037, #1117, .T. ) ;
#5169 = TOROIDAL_SURFACE ( 'NONE', #9343, 0.2954999999999984900, 0.02500000000000000100 ) ;
#5170 = EDGE_CURVE ( 'NONE', #5500, #7375, #3067, .T. ) ;
#5171 = DIRECTION ( 'NONE',  ( 0.0000000000000000000, 0.0000000000000000000, 1.000000000000000000 ) ) ;
#5172 = AXIS2_PLACEMENT_3D ( 'NONE', #5214, #7230, #8799 ) ;
#5173 = EDGE_CURVE ( 'NONE', #8335, #2193, #9624, .T. ) ;
#5174 = CIRCLE ( 'NONE', #8050, 0.1535000000000004100 ) ;
#5175 = CARTESIAN_POINT ( 'NONE',  ( -1.625848074029413200, 2.216949358009803600, 0.0000000000000000000 ) ) ;
#5176 = VERTEX_POINT ( 'NONE', #2135 ) ;
#5177 = ORIENTED_EDGE ( 'NONE', *, *, #4083, .T. ) ;
#5178 = VERTEX_POINT ( 'NONE', #8925 ) ;
#5179 = EDGE_LOOP ( 'NONE', ( #9042, #9903, #10764, #1182 ) ) ;
#5180 = VECTOR ( 'NONE', #1887, 39.37007874015748100 ) ;
#5182 = DIRECTION ( 'NONE',  ( -1.000000000000000000, -1.931999995519277300E-016, 0.0000000000000000000 ) ) ;
#5181 = CARTESIAN_POINT ( 'NONE',  ( -0.7070000000000014100, 1.926500000000000300, 0.1200000000000000900 ) ) ;
#5183 = CARTESIAN_POINT ( 'NONE',  ( 1.339999999999999900, -1.515499999999999600, 0.3700000000000001100 ) ) ;
#5184 = EDGE_LOOP ( 'NONE', ( #3156, #9261, #10857, #3954 ) ) ;
#5185 = CARTESIAN_POINT ( 'NONE',  ( -1.538000000000000500, -2.027999999999999600, 1.267500000000000100 ) ) ;
#5186 = CIRCLE ( 'NONE', #2692, 0.2704999999999985200 ) ;
#5187 = ORIENTED_EDGE ( 'NONE', *, *, #2851, .F. ) ;
#5188 = AXIS2_PLACEMENT_3D ( 'NONE', #3919, #7403, #9892 ) ;
#5189 = AXIS2_PLACEMENT_3D ( 'NONE', #6390, #6516, #3141 ) ;
#5190 = EDGE_CURVE ( 'NONE', #5234, #1269, #7097, .T. ) ;
#5191 = ADVANCED_FACE ( 'NONE', ( #5608 ), #10029, .T. ) ;
#5192 = DIRECTION ( 'NONE',  ( -1.000000000000000000, -0.0000000000000000000, -0.0000000000000000000 ) ) ;
#5193 = EDGE_LOOP ( 'NONE', ( #10912, #7334 ) ) ;
#5194 = DIRECTION ( 'NONE',  ( 0.0000000000000000000, -0.0000000000000000000, 1.000000000000000000 ) ) ;
#5195 = CARTESIAN_POINT ( 'NONE',  ( 1.498499999999999100, 1.873000000000000000, 1.639999999999999900 ) ) ;
#5196 = ORIENTED_EDGE ( 'NONE', *, *, #2795, .T. ) ;
#5197 = VECTOR ( 'NONE', #7740, 39.37007874015748100 ) ;
#5198 = DIRECTION ( 'NONE',  ( -0.0000000000000000000, -0.0000000000000000000, -1.000000000000000000 ) ) ;
#5199 = PLANE ( 'NONE',  #6138 ) ;
#5200 = VERTEX_POINT ( 'NONE', #4025 ) ;
#5201 = AXIS2_PLACEMENT_3D ( 'NONE', #9626, #6081, #2977 ) ;
#5202 = ORIENTED_EDGE ( 'NONE', *, *, #4652, .F. ) ;
#5203 = AXIS2_PLACEMENT_3D ( 'NONE', #6331, #2150, #450 ) ;
#5204 = TOROIDAL_SURFACE ( 'NONE', #10674, 0.07850000000000047200, 0.02500000000000000100 ) ;
#5205 = CARTESIAN_POINT ( 'NONE',  ( 0.9774999999999999200, -1.926500000000000300, 1.564999999999999700 ) ) ;
#5206 = DIRECTION ( 'NONE',  ( -0.0000000000000000000, -0.0000000000000000000, -1.000000000000000000 ) ) ;
#5207 = ORIENTED_EDGE ( 'NONE', *, *, #9368, .F. ) ;
#5208 = CARTESIAN_POINT ( 'NONE',  ( -1.759999999999999300, 2.120848074029412400, 1.605000000000000000 ) ) ;
#5209 = TOROIDAL_SURFACE ( 'NONE', #7821, 0.2954999999999986000, 0.02500000000000000100 ) ;
#5210 = DIRECTION ( 'NONE',  ( -0.0000000000000000000, -1.000000000000000000, -0.0000000000000000000 ) ) ;
#5211 = AXIS2_PLACEMENT_3D ( 'NONE', #4557, #5528, #10527 ) ;
#5212 = DIRECTION ( 'NONE',  ( -0.0000000000000000000, -0.0000000000000000000, -1.000000000000000000 ) ) ;
#5213 = CARTESIAN_POINT ( 'NONE',  ( -0.9274999999999999900, -1.926500000000000300, 2.050000000000000300 ) ) ;
#5214 = CARTESIAN_POINT ( 'NONE',  ( -0.7070000000000014100, -1.926500000000000300, 1.564999999999999700 ) ) ;
#5215 = DIRECTION ( 'NONE',  ( 1.000000000000000000, 0.0000000000000000000, -0.0000000000000000000 ) ) ;
#5216 = CARTESIAN_POINT ( 'NONE',  ( -1.089749999999999800, 2.027999999999999100, 0.0000000000000000000 ) ) ;
#5217 = FACE_OUTER_BOUND ( 'NONE', #7041, .T. ) ;
#5218 = CIRCLE ( 'NONE', #2820, 0.1474999999999994600 ) ;
#5219 = DIRECTION ( 'NONE',  ( 1.000000000000000000, 0.0000000000000000000, 0.0000000000000000000 ) ) ;
#5220 = DIRECTION ( 'NONE',  ( 0.0000000000000000000, 0.0000000000000000000, 1.000000000000000000 ) ) ;
#5221 = DIRECTION ( 'NONE',  ( 0.0000000000000000000, 0.0000000000000000000, 1.000000000000000000 ) ) ;
#5222 = CARTESIAN_POINT ( 'NONE',  ( 1.081000000000000400, 1.926500000000000300, 1.630000000000000100 ) ) ;
#5223 = TOROIDAL_SURFACE ( 'NONE', #5260, 0.1074999999999994000, 0.04000000000000000100 ) ;
#5224 = DIRECTION ( 'NONE',  ( 0.0000000000000000000, 0.0000000000000000000, 1.000000000000000000 ) ) ;
#5225 = FACE_OUTER_BOUND ( 'NONE', #4493, .T. ) ;
#5226 = EDGE_CURVE ( 'NONE', #6036, #9386, #5218, .T. ) ;
#5227 = EDGE_CURVE ( 'NONE', #10493, #8781, #9359, .T. ) ;
#5228 = AXIS2_PLACEMENT_3D ( 'NONE', #9101, #564, #5719 ) ;
#5229 = CARTESIAN_POINT ( 'NONE',  ( 1.081000000000000400, 1.772999999999999900, 1.630000000000000100 ) ) ;
#5230 = CARTESIAN_POINT ( 'NONE',  ( 1.498499999999999100, 1.772999999999999900, 1.630000000000000100 ) ) ;
#5231 = ADVANCED_FACE ( 'NONE', ( #5756 ), #3473, .F. ) ;
#5232 = VECTOR ( 'NONE', #9862, 39.37007874015748100 ) ;
#5233 = CIRCLE ( 'NONE', #10963, 0.1074999999999993300 ) ;
#5234 = VERTEX_POINT ( 'NONE', #6618 ) ;
#5235 = CARTESIAN_POINT ( 'NONE',  ( 1.081000000000000400, 1.926500000000000300, -0.3943848084544492900 ) ) ;
#5236 = VERTEX_POINT ( 'NONE', #633 ) ;
#5237 = DIRECTION ( 'NONE',  ( 1.000000000000000000, 0.0000000000000000000, 0.0000000000000000000 ) ) ;
#5238 = AXIS2_PLACEMENT_3D ( 'NONE', #1472, #1545, #3122 ) ;
#5239 = EDGE_CURVE ( 'NONE', #5275, #5682, #8952, .T. ) ;
#5240 = ORIENTED_EDGE ( 'NONE', *, *, #8224, .F. ) ;
#5242 = CARTESIAN_POINT ( 'NONE',  ( 1.701999999999999500, -1.619499999999999500, 1.639999999999999900 ) ) ;
#5241 = DIRECTION ( 'NONE',  ( -0.0000000000000000000, -0.0000000000000000000, 1.000000000000000000 ) ) ;
#5243 = CYLINDRICAL_SURFACE ( 'NONE', #846, 0.2535000000000004500 ) ;
#5244 = ORIENTED_EDGE ( 'NONE', *, *, #10988, .F. ) ;
#5245 = VECTOR ( 'NONE', #853, 39.37007874015748100 ) ;
#5246 = VERTEX_POINT ( 'NONE', #7505 ) ;
#5247 = CARTESIAN_POINT ( 'NONE',  ( -1.081000000000000400, 1.926500000000000300, 0.1200000000000000900 ) ) ;
#5248 = ORIENTED_EDGE ( 'NONE', *, *, #458, .T. ) ;
#5249 = DIRECTION ( 'NONE',  ( -0.0000000000000000000, -0.0000000000000000000, -1.000000000000000000 ) ) ;
#5250 = ORIENTED_EDGE ( 'NONE', *, *, #459, .T. ) ;
#5251 = ADVANCED_FACE ( 'NONE', ( #2948 ), #5824, .F. ) ;
#5252 = DIRECTION ( 'NONE',  ( 1.000000000000000000, 0.0000000000000000000, 0.0000000000000000000 ) ) ;
#5253 = EDGE_LOOP ( 'NONE', ( #9737, #3793, #3951, #3456 ) ) ;
#5254 = CARTESIAN_POINT ( 'NONE',  ( 1.498499999999999100, 1.823000000000000000, 1.630000000000000100 ) ) ;
#5255 = VECTOR ( 'NONE', #1522, 39.37007874015748100 ) ;
#5256 = DIRECTION ( 'NONE',  ( 1.000000000000000000, 0.0000000000000000000, 0.0000000000000000000 ) ) ;
#5257 = AXIS2_PLACEMENT_3D ( 'NONE', #5099, #2564, #9391 ) ;
#5258 = VECTOR ( 'NONE', #5454, 39.37007874015748100 ) ;
#5259 = ORIENTED_EDGE ( 'NONE', *, *, #4538, .F. ) ;
#5260 = AXIS2_PLACEMENT_3D ( 'NONE', #9583, #3522, #158 ) ;
#5261 = CARTESIAN_POINT ( 'NONE',  ( -1.027499999999999900, 1.926500000000000300, 1.540000000000000000 ) ) ;
#5262 = EDGE_CURVE ( 'NONE', #249, #2235, #2415, .T. ) ;
#5263 = DIRECTION ( 'NONE',  ( -0.0000000000000000000, -0.0000000000000000000, -1.000000000000000000 ) ) ;
#5264 = VERTEX_POINT ( 'NONE', #4933 ) ;
#5265 = LINE ( 'NONE', #274, #8069 ) ;
#5266 = VECTOR ( 'NONE', #2433, 39.37007874015748100 ) ;
#5267 = VERTEX_POINT ( 'NONE', #592 ) ;
#5268 = CARTESIAN_POINT ( 'NONE',  ( 0.7070000000000014100, -1.926500000000000300, 1.630000000000000100 ) ) ;
#5269 = CIRCLE ( 'NONE', #2055, 0.2704999999999985200 ) ;
#5270 = DIRECTION ( 'NONE',  ( -0.0000000000000000000, -0.0000000000000000000, -1.000000000000000000 ) ) ;
#5271 = EDGE_LOOP ( 'NONE', ( #1685, #10835, #2238, #9292 ) ) ;
#5272 = AXIS2_PLACEMENT_3D ( 'NONE', #423, #8041, #7229 ) ;
#5273 = DIRECTION ( 'NONE',  ( -0.0000000000000000000, -0.0000000000000000000, -1.000000000000000000 ) ) ;
#5274 = ORIENTED_EDGE ( 'NONE', *, *, #4235, .T. ) ;
#5275 = VERTEX_POINT ( 'NONE', #2428 ) ;
#5276 = VERTEX_POINT ( 'NONE', #3991 ) ;
#5277 = ADVANCED_FACE ( 'NONE', ( #3203 ), #2673, .F. ) ;
#5278 = VECTOR ( 'NONE', #9910, 39.37007874015748100 ) ;
#5279 = DIRECTION ( 'NONE',  ( 0.0000000000000000000, 0.0000000000000000000, -1.000000000000000000 ) ) ;
#5280 = VERTEX_POINT ( 'NONE', #679 ) ;
#5281 = AXIS2_PLACEMENT_3D ( 'NONE', #2548, #4409, #7756 ) ;
#5282 = DIRECTION ( 'NONE',  ( -0.0000000000000000000, -0.0000000000000000000, -1.000000000000000000 ) ) ;
#5283 = FACE_OUTER_BOUND ( 'NONE', #3405, .T. ) ;
#5284 = DIRECTION ( 'NONE',  ( -1.000000000000000000, 0.0000000000000000000, 0.0000000000000000000 ) ) ;
#5285 = ORIENTED_EDGE ( 'NONE', *, *, #4749, .T. ) ;
#5286 = DIRECTION ( 'NONE',  ( 0.0000000000000000000, 0.0000000000000000000, 1.000000000000000000 ) ) ;
#5287 = CARTESIAN_POINT ( 'NONE',  ( -1.081000000000000400, -1.926500000000000300, 1.580000000000000100 ) ) ;
#5288 = ORIENTED_EDGE ( 'NONE', *, *, #3286, .T. ) ;
#5289 = ORIENTED_EDGE ( 'NONE', *, *, #5587, .F. ) ;
#5290 = CIRCLE ( 'NONE', #9190, 0.04805064199019536800 ) ;
#5291 = ADVANCED_FACE ( 'NONE', ( #10817 ), #3212, .T. ) ;
#5292 = DIRECTION ( 'NONE',  ( 0.0000000000000000000, 0.0000000000000000000, 1.000000000000000000 ) ) ;
#5293 = CIRCLE ( 'NONE', #519, 0.05350000000000053300 ) ;
#5294 = EDGE_CURVE ( 'NONE', #352, #10353, #7488, .T. ) ;
#5295 = DIRECTION ( 'NONE',  ( -0.0000000000000000000, -0.0000000000000000000, -1.000000000000000000 ) ) ;
#5296 = ORIENTED_EDGE ( 'NONE', *, *, #4423, .F. ) ;
#5297 = DIRECTION ( 'NONE',  ( 1.000000000000000000, 0.0000000000000000000, 0.0000000000000000000 ) ) ;
#5298 = ORIENTED_EDGE ( 'NONE', *, *, #9928, .T. ) ;
#5299 = CARTESIAN_POINT ( 'NONE',  ( 1.625848074029415400, 2.120848074029412900, 2.169999999999999900 ) ) ;
#5300 = EDGE_LOOP ( 'NONE', ( #7523, #10703, #5803, #10375 ) ) ;
#5301 = PLANE ( 'NONE',  #7218 ) ;
#5302 = ORIENTED_EDGE ( 'NONE', *, *, #4728, .F. ) ;
#5303 = FACE_OUTER_BOUND ( 'NONE', #9175, .T. ) ;
#5304 = FACE_OUTER_BOUND ( 'NONE', #7266, .T. ) ;
#5305 = DIRECTION ( 'NONE',  ( -0.0000000000000000000, -0.0000000000000000000, -1.000000000000000000 ) ) ;
#5306 = EDGE_LOOP ( 'NONE', ( #2866, #1456, #3659, #10851 ) ) ;
#5307 = ADVANCED_FACE ( 'NONE', ( #3594, #10147 ), #9224, .T. ) ;
#5308 = DIRECTION ( 'NONE',  ( -0.0000000000000000000, -0.0000000000000000000, -1.000000000000000000 ) ) ;
#5309 = AXIS2_PLACEMENT_3D ( 'NONE', #9768, #10616, #6500 ) ;
#5310 = EDGE_CURVE ( 'NONE', #3449, #9388, #27, .T. ) ;
#5311 = EDGE_CURVE ( 'NONE', #10458, #1551, #6009, .T. ) ;
#5312 = ORIENTED_EDGE ( 'NONE', *, *, #2305, .T. ) ;
#5313 = EDGE_CURVE ( 'NONE', #10215, #9865, #4945, .T. ) ;
#5314 = ORIENTED_EDGE ( 'NONE', *, *, #10160, .T. ) ;
#5315 = VECTOR ( 'NONE', #4841, 39.37007874015748100 ) ;
#5316 = CARTESIAN_POINT ( 'NONE',  ( 1.340000000000000500, 1.515499999999999600, 0.1200000000000000900 ) ) ;
#5317 = EDGE_LOOP ( 'NONE', ( #1797, #9824 ) ) ;
#5318 = CIRCLE ( 'NONE', #2404, 0.1574999999999998900 ) ;
#5319 = ORIENTED_EDGE ( 'NONE', *, *, #3726, .F. ) ;
#5320 = CARTESIAN_POINT ( 'NONE',  ( -1.695500000000000900, 2.027999999999999600, 2.159999999999999700 ) ) ;
#5321 = DIRECTION ( 'NONE',  ( 0.0000000000000000000, 0.0000000000000000000, -1.000000000000000000 ) ) ;
#5322 = ORIENTED_EDGE ( 'NONE', *, *, #2604, .T. ) ;
#5323 = ORIENTED_EDGE ( 'NONE', *, *, #6689, .F. ) ;
#5324 = DIRECTION ( 'NONE',  ( 0.0000000000000000000, 0.0000000000000000000, -1.000000000000000000 ) ) ;
#5325 = DIRECTION ( 'NONE',  ( 0.0000000000000000000, 0.0000000000000000000, 1.000000000000000000 ) ) ;
#5326 = AXIS2_PLACEMENT_3D ( 'NONE', #4320, #5194, #97 ) ;
#5327 = FACE_OUTER_BOUND ( 'NONE', #3384, .T. ) ;
#5328 = AXIS2_PLACEMENT_3D ( 'NONE', #11068, #6851, #5374 ) ;
#5329 = EDGE_CURVE ( 'NONE', #1441, #5267, #4139, .T. ) ;
#5330 = DIRECTION ( 'NONE',  ( 1.000000000000000000, 0.0000000000000000000, 0.0000000000000000000 ) ) ;
#5331 = CARTESIAN_POINT ( 'NONE',  ( 0.7070000000000014100, 1.926500000000000300, 1.564999999999999700 ) ) ;
#5332 = ORIENTED_EDGE ( 'NONE', *, *, #141, .F. ) ;
#5333 = ADVANCED_FACE ( 'NONE', ( #8552 ), #6146, .T. ) ;
#5334 = DIRECTION ( 'NONE',  ( 4.151904875222836800E-015, -1.000000000000000000, 0.0000000000000000000 ) ) ;
#5335 = CARTESIAN_POINT ( 'NONE',  ( -0.9638306835251589900, 2.146999999999998900, 0.1200000000000000900 ) ) ;
#5336 = CIRCLE ( 'NONE', #2466, 0.02499999999999987000 ) ;
#5337 = DIRECTION ( 'NONE',  ( 0.0000000000000000000, 0.0000000000000000000, 1.000000000000000000 ) ) ;
#5338 = AXIS2_PLACEMENT_3D ( 'NONE', #10145, #6758, #4136 ) ;
#5339 = EDGE_CURVE ( 'NONE', #4694, #5500, #2010, .T. ) ;
#5340 = LINE ( 'NONE', #9665, #1363 ) ;
#5341 = CARTESIAN_POINT ( 'NONE',  ( 1.705500000000000700, 2.027999999999999100, 2.159999999999999700 ) ) ;
#5342 = FACE_OUTER_BOUND ( 'NONE', #10511, .T. ) ;
#5343 = DIRECTION ( 'NONE',  ( -1.000000000000000000, 0.0000000000000000000, 0.0000000000000000000 ) ) ;
#5344 = ADVANCED_FACE ( 'NONE', ( #4002 ), #8284, .T. ) ;
#5345 = CARTESIAN_POINT ( 'NONE',  ( 1.576118682408086600, 1.921976505351611400, 2.045000000000000400 ) ) ;
#5346 = CARTESIAN_POINT ( 'NONE',  ( 0.7070000000000014100, 2.196999999999999200, 1.580000000000000100 ) ) ;
#5347 = DIRECTION ( 'NONE',  ( 0.0000000000000000000, -0.0000000000000000000, 1.000000000000000000 ) ) ;
#5348 = CARTESIAN_POINT ( 'NONE',  ( 1.340000000000000500, 1.515499999999999600, 0.1200000000000000900 ) ) ;
#5349 = CIRCLE ( 'NONE', #6326, 0.1474999999999994600 ) ;
#5350 = CIRCLE ( 'NONE', #8442, 0.2204999999999985000 ) ;
#5351 = DIRECTION ( 'NONE',  ( 0.0000000000000000000, 0.0000000000000000000, -1.000000000000000000 ) ) ;
#5352 = EDGE_CURVE ( 'NONE', #8583, #9774, #6418, .T. ) ;
#5353 = CARTESIAN_POINT ( 'NONE',  ( 1.498499999999999100, 1.619499999999999500, 1.639999999999999900 ) ) ;
#5354 = EDGE_CURVE ( 'NONE', #5439, #1870, #6694, .T. ) ;
#5355 = ADVANCED_FACE ( 'NONE', ( #1356 ), #10671, .T. ) ;
#5356 = FACE_OUTER_BOUND ( 'NONE', #9332, .T. ) ;
#5357 = DIRECTION ( 'NONE',  ( -0.0000000000000000000, -0.0000000000000000000, 1.000000000000000000 ) ) ;
#5358 = FACE_OUTER_BOUND ( 'NONE', #10586, .T. ) ;
#5359 = DIRECTION ( 'NONE',  ( -0.0000000000000000000, -0.0000000000000000000, -1.000000000000000000 ) ) ;
#5360 = ORIENTED_EDGE ( 'NONE', *, *, #6896, .F. ) ;
#5361 = DIRECTION ( 'NONE',  ( -1.000000000000000000, -0.0000000000000000000, -0.0000000000000000000 ) ) ;
#5362 = CARTESIAN_POINT ( 'NONE',  ( 1.498499999999999100, -1.823000000000000000, 1.630000000000000100 ) ) ;
#5363 = AXIS2_PLACEMENT_3D ( 'NONE', #9473, #6793, #9360 ) ;
#5364 = EDGE_CURVE ( 'NONE', #3098, #8491, #8413, .T. ) ;
#5365 = EDGE_CURVE ( 'NONE', #4758, #4206, #10006, .T. ) ;
#5366 = FACE_OUTER_BOUND ( 'NONE', #9312, .T. ) ;
#5367 = AXIS2_PLACEMENT_3D ( 'NONE', #7468, #8310, #6572 ) ;
#5368 = EDGE_CURVE ( 'NONE', #8094, #783, #1624, .T. ) ;
#5369 = VERTEX_POINT ( 'NONE', #9298 ) ;
#5370 = LINE ( 'NONE', #6964, #7376 ) ;
#5371 = ORIENTED_EDGE ( 'NONE', *, *, #326, .T. ) ;
#5372 = ORIENTED_EDGE ( 'NONE', *, *, #2159, .F. ) ;
#5373 = VERTEX_POINT ( 'NONE', #3385 ) ;
#5374 = DIRECTION ( 'NONE',  ( 1.000000000000000000, 0.0000000000000000000, 0.0000000000000000000 ) ) ;
#5375 = DIRECTION ( 'NONE',  ( -0.0000000000000000000, -0.0000000000000000000, 1.000000000000000000 ) ) ;
#5376 = DIRECTION ( 'NONE',  ( -0.0000000000000000000, -0.0000000000000000000, 1.000000000000000000 ) ) ;
#5377 = ORIENTED_EDGE ( 'NONE', *, *, #7621, .F. ) ;
#5378 = CIRCLE ( 'NONE', #3515, 0.07874015748031476500 ) ;
#5379 = CARTESIAN_POINT ( 'NONE',  ( 0.7070000000000014100, 2.196999999999998700, 1.540000000000000000 ) ) ;
#5380 = VECTOR ( 'NONE', #6185, 39.37007874015748100 ) ;
#5381 = ORIENTED_EDGE ( 'NONE', *, *, #4301, .F. ) ;
#5382 = ADVANCED_FACE ( 'NONE', ( #705 ), #1749, .F. ) ;
#5383 = AXIS2_PLACEMENT_3D ( 'NONE', #5417, #7883, #1169 ) ;
#5384 = CARTESIAN_POINT ( 'NONE',  ( -0.7070000000000014100, 2.146999999999998900, 2.050000000000000300 ) ) ;
#5385 = AXIS2_PLACEMENT_3D ( 'NONE', #233, #5351, #306 ) ;
#5386 = CARTESIAN_POINT ( 'NONE',  ( -1.498499999999999100, 1.619499999999999500, 0.1200000000000000900 ) ) ;
#5387 = EDGE_CURVE ( 'NONE', #3817, #5674, #5084, .T. ) ;
#5388 = CARTESIAN_POINT ( 'NONE',  ( 1.625848074029415400, -2.120848074029415100, 1.614999999999999800 ) ) ;
#5389 = TOROIDAL_SURFACE ( 'NONE', #736, 0.1074999999999994000, 0.04000000000000000100 ) ;
#5390 = VERTEX_POINT ( 'NONE', #1120 ) ;
#5391 = VECTOR ( 'NONE', #6523, 39.37007874015748100 ) ;
#5392 = CARTESIAN_POINT ( 'NONE',  ( 0.9638306835251589900, 2.146999999999998900, 1.580000000000000100 ) ) ;
#5393 = CIRCLE ( 'NONE', #7576, 0.1875000000000001100 ) ;
#5394 = ORIENTED_EDGE ( 'NONE', *, *, #10722, .F. ) ;
#5395 = VERTEX_POINT ( 'NONE', #10180 ) ;
#5396 = CARTESIAN_POINT ( 'NONE',  ( -1.482251619347311900, -2.164559027730145000, 2.004999999999999400 ) ) ;
#5397 = ADVANCED_FACE ( 'NONE', ( #3853 ), #10415, .F. ) ;
#5398 = ORIENTED_EDGE ( 'NONE', *, *, #8222, .F. ) ;
#5399 = CARTESIAN_POINT ( 'NONE',  ( 1.482251619347311900, -2.164559027730145000, 2.004999999999999400 ) ) ;
#5400 = VERTEX_POINT ( 'NONE', #3575 ) ;
#5401 = AXIS2_PLACEMENT_3D ( 'NONE', #5672, #10670, #3992 ) ;
#5402 = VERTEX_POINT ( 'NONE', #3608 ) ;
#5403 = AXIS2_PLACEMENT_3D ( 'NONE', #8038, #9759, #3848 ) ;
#5404 = CARTESIAN_POINT ( 'NONE',  ( -1.538000000000000500, 2.027999999999999100, 2.004999999999999400 ) ) ;
#5405 = EDGE_CURVE ( 'NONE', #7841, #3027, #5877, .T. ) ;
#5406 = ORIENTED_EDGE ( 'NONE', *, *, #10010, .F. ) ;
#5407 = CIRCLE ( 'NONE', #8951, 0.1035000000000005500 ) ;
#5408 = DIRECTION ( 'NONE',  ( -0.0000000000000000000, -0.0000000000000000000, -1.000000000000000000 ) ) ;
#5409 = FACE_OUTER_BOUND ( 'NONE', #6137, .T. ) ;
#5410 = VERTEX_POINT ( 'NONE', #1897 ) ;
#5411 = DIRECTION ( 'NONE',  ( -1.000000000000000000, 0.0000000000000000000, 0.0000000000000000000 ) ) ;
#5412 = CYLINDRICAL_SURFACE ( 'NONE', #7916, 0.2204999999999984500 ) ;
#5413 = EDGE_LOOP ( 'NONE', ( #10330, #8770, #9934, #5202 ) ) ;
#5414 = ORIENTED_EDGE ( 'NONE', *, *, #9727, .F. ) ;
#5415 = ORIENTED_EDGE ( 'NONE', *, *, #9881, .F. ) ;
#5416 = ORIENTED_EDGE ( 'NONE', *, *, #10889, .T. ) ;
#5417 = CARTESIAN_POINT ( 'NONE',  ( 1.498499999999999100, 1.619499999999999500, 1.564999999999999700 ) ) ;
#5418 = DIRECTION ( 'NONE',  ( -0.5000000000000024400, -0.8660254037844371500, 0.0000000000000000000 ) ) ;
#5419 = VECTOR ( 'NONE', #5330, 39.37007874015748100 ) ;
#5420 = AXIS2_PLACEMENT_3D ( 'NONE', #5235, #6213, #7852 ) ;
#5421 = LINE ( 'NONE', #9732, #10492 ) ;
#5422 = PLANE ( 'NONE',  #69 ) ;
#5423 = CARTESIAN_POINT ( 'NONE',  ( -1.451711894396823900, 2.137455382993567200, 2.029722078445377300 ) ) ;
#5424 = ORIENTED_EDGE ( 'NONE', *, *, #8371, .F. ) ;
#5425 = ORIENTED_EDGE ( 'NONE', *, *, #4426, .F. ) ;
#5426 = CARTESIAN_POINT ( 'NONE',  ( 1.770000000000001600, -2.216949358009805900, 0.04805064199019547200 ) ) ;
#5427 = ORIENTED_EDGE ( 'NONE', *, *, #8689, .F. ) ;
#5428 = CARTESIAN_POINT ( 'NONE',  ( -1.002499999999999900, -1.926500000000000300, 1.540000000000000000 ) ) ;
#5429 = ORIENTED_EDGE ( 'NONE', *, *, #6702, .F. ) ;
#5430 = FACE_OUTER_BOUND ( 'NONE', #4168, .T. ) ;
#5432 = DIRECTION ( 'NONE',  ( 0.0000000000000000000, 0.0000000000000000000, 1.000000000000000000 ) ) ;
#5431 = CARTESIAN_POINT ( 'NONE',  ( 0.7070000000000014100, 1.926500000000000300, 2.050000000000000300 ) ) ;
#5433 = LINE ( 'NONE', #10734, #4362 ) ;
#5434 = CARTESIAN_POINT ( 'NONE',  ( -1.081000000000000400, -1.823000000000000000, 1.630000000000000100 ) ) ;
#5435 = CARTESIAN_POINT ( 'NONE',  ( -1.498499999999999100, 1.823000000000000000, 1.639999999999999900 ) ) ;
#5436 = ORIENTED_EDGE ( 'NONE', *, *, #8736, .F. ) ;
#5437 = DIRECTION ( 'NONE',  ( -0.0000000000000000000, -0.0000000000000000000, -1.000000000000000000 ) ) ;
#5438 = ORIENTED_EDGE ( 'NONE', *, *, #3769, .F. ) ;
#5439 = VERTEX_POINT ( 'NONE', #4430 ) ;
#5440 = DIRECTION ( 'NONE',  ( 1.000000000000000000, 0.0000000000000000000, 0.0000000000000000000 ) ) ;
#5441 = ORIENTED_EDGE ( 'NONE', *, *, #819, .T. ) ;
#5442 = EDGE_CURVE ( 'NONE', #3281, #5400, #4540, .T. ) ;
#5443 = LINE ( 'NONE', #11006, #3176 ) ;
#5444 = EDGE_CURVE ( 'NONE', #1427, #8573, #7737, .T. ) ;
#5445 = DIRECTION ( 'NONE',  ( 1.000000000000000000, 0.0000000000000000000, 0.0000000000000000000 ) ) ;
#5446 = AXIS2_PLACEMENT_3D ( 'NONE', #1146, #7974, #9651 ) ;
#5447 = EDGE_LOOP ( 'NONE', ( #4126, #10056, #646, #1614 ) ) ;
#5448 = VECTOR ( 'NONE', #5295, 39.37007874015748100 ) ;
#5449 = DIRECTION ( 'NONE',  ( 0.0000000000000000000, 0.0000000000000000000, 1.000000000000000000 ) ) ;
#5450 = ADVANCED_FACE ( 'NONE', ( #7875 ), #8142, .T. ) ;
#5451 = DIRECTION ( 'NONE',  ( -1.000000000000000000, -1.931999995519277300E-016, 0.0000000000000000000 ) ) ;
#5452 = VERTEX_POINT ( 'NONE', #6989 ) ;
#5453 = DIRECTION ( 'NONE',  ( -1.000000000000000000, 0.0000000000000000000, 0.0000000000000000000 ) ) ;
#5454 = DIRECTION ( 'NONE',  ( -0.0000000000000000000, -0.0000000000000000000, 1.000000000000000000 ) ) ;
#5455 = VERTEX_POINT ( 'NONE', #8657 ) ;
#5456 = ORIENTED_EDGE ( 'NONE', *, *, #3174, .T. ) ;
#5457 = CIRCLE ( 'NONE', #10984, 0.1575000000000004500 ) ;
#5458 = DIRECTION ( 'NONE',  ( -0.0000000000000000000, -0.0000000000000000000, 1.000000000000000000 ) ) ;
#5459 = ORIENTED_EDGE ( 'NONE', *, *, #10705, .T. ) ;
#5460 = AXIS2_PLACEMENT_3D ( 'NONE', #4533, #3596, #10499 ) ;
#5461 = EDGE_CURVE ( 'NONE', #5236, #7841, #10273, .T. ) ;
#5462 = ADVANCED_FACE ( 'NONE', ( #154 ), #136, .F. ) ;
#5463 = EDGE_CURVE ( 'NONE', #9109, #1398, #6557, .T. ) ;
#5464 = CARTESIAN_POINT ( 'NONE',  ( -1.721949358009803800, 2.264999999999998300, 0.0000000000000000000 ) ) ;
#5465 = DIRECTION ( 'NONE',  ( -0.0000000000000000000, -0.0000000000000000000, -1.000000000000000000 ) ) ;
#5466 = ORIENTED_EDGE ( 'NONE', *, *, #3789, .T. ) ;
#5467 = ORIENTED_EDGE ( 'NONE', *, *, #6415, .T. ) ;
#5468 = DIRECTION ( 'NONE',  ( 1.000000000000000000, 0.0000000000000000000, 0.0000000000000000000 ) ) ;
#5469 = CIRCLE ( 'NONE', #3600, 0.02499999999999987000 ) ;
#5470 = DIRECTION ( 'NONE',  ( -0.0000000000000000000, -0.0000000000000000000, 1.000000000000000000 ) ) ;
#5471 = CARTESIAN_POINT ( 'NONE',  ( 1.538000000000000500, -2.027999999999999100, 2.004999999999999400 ) ) ;
#5472 = CARTESIAN_POINT ( 'NONE',  ( -1.089749999999999800, 2.027999999999999100, 0.1200000000000000900 ) ) ;
#5473 = CARTESIAN_POINT ( 'NONE',  ( -1.759999999999999300, 2.120848074029412900, 1.614999999999999800 ) ) ;
#5474 = AXIS2_PLACEMENT_3D ( 'NONE', #2389, #6864, #4200 ) ;
#5475 = ORIENTED_EDGE ( 'NONE', *, *, #5294, .F. ) ;
#5476 = CIRCLE ( 'NONE', #5326, 0.1875000000000001100 ) ;
#5477 = PLANE ( 'NONE',  #139 ) ;
#5478 = DIRECTION ( 'NONE',  ( -0.0000000000000000000, -0.0000000000000000000, -1.000000000000000000 ) ) ;
#5479 = DIRECTION ( 'NONE',  ( 1.000000000000000000, -1.272782003896287900E-015, 0.0000000000000000000 ) ) ;
#5480 = CIRCLE ( 'NONE', #10339, 0.3204999999999984500 ) ;
#5481 = ORIENTED_EDGE ( 'NONE', *, *, #9370, .T. ) ;
#5482 = FACE_OUTER_BOUND ( 'NONE', #8247, .T. ) ;
#5483 = AXIS2_PLACEMENT_3D ( 'NONE', #9791, #8007, #2152 ) ;
#5484 = EDGE_CURVE ( 'NONE', #5920, #5965, #2282, .T. ) ;
#5485 = CARTESIAN_POINT ( 'NONE',  ( -1.380499999999999800, 2.027999999999999600, 2.159999999999999700 ) ) ;
#5486 = AXIS2_PLACEMENT_3D ( 'NONE', #2287, #5631, #9858 ) ;
#5487 = DIRECTION ( 'NONE',  ( -0.0000000000000000000, -0.0000000000000000000, -1.000000000000000000 ) ) ;
#5488 = CIRCLE ( 'NONE', #5683, 0.3204999999999985100 ) ;
#5489 = CIRCLE ( 'NONE', #6745, 0.2704999999999985200 ) ;
#5490 = DIRECTION ( 'NONE',  ( 1.000000000000000000, -0.0000000000000000000, -0.0000000000000000000 ) ) ;
#5491 = ADVANCED_FACE ( 'NONE', ( #4271 ), #5209, .T. ) ;
#5492 = CARTESIAN_POINT ( 'NONE',  ( -1.498499999999999100, -1.619499999999999500, 1.564999999999999700 ) ) ;
#5493 = EDGE_CURVE ( 'NONE', #7072, #7710, #5476, .T. ) ;
#5495 = CARTESIAN_POINT ( 'NONE',  ( 1.721949358009806200, 2.120848074029412900, 2.121949358009804300 ) ) ;
#5494 = DIRECTION ( 'NONE',  ( -0.0000000000000000000, -0.0000000000000000000, 1.000000000000000000 ) ) ;
#5496 = FACE_OUTER_BOUND ( 'NONE', #8879, .T. ) ;
#5497 = DIRECTION ( 'NONE',  ( -0.0000000000000000000, 1.000000000000000000, 0.0000000000000000000 ) ) ;
#5498 = CYLINDRICAL_SURFACE ( 'NONE', #1613, 0.07874015748031476500 ) ;
#5499 = EDGE_CURVE ( 'NONE', #8055, #3981, #2408, .T. ) ;
#5500 = VERTEX_POINT ( 'NONE', #6127 ) ;
#5501 = ORIENTED_EDGE ( 'NONE', *, *, #3573, .T. ) ;
#5502 = CARTESIAN_POINT ( 'NONE',  ( 1.538000000000000500, 2.027999999999999600, 1.580000000000000100 ) ) ;
#5503 = ADVANCED_FACE ( 'NONE', ( #4408 ), #4665, .F. ) ;
#5504 = EDGE_LOOP ( 'NONE', ( #10716, #3810, #7665, #5371, #263, #6107 ) ) ;
#5505 = ORIENTED_EDGE ( 'NONE', *, *, #1035, .F. ) ;
#5506 = CARTESIAN_POINT ( 'NONE',  ( -1.045499999999999900, -1.926500000000000300, 1.580000000000000100 ) ) ;
#5507 = VECTOR ( 'NONE', #6558, 39.37007874015748100 ) ;
#5508 = FACE_OUTER_BOUND ( 'NONE', #5271, .T. ) ;
#5509 = ORIENTED_EDGE ( 'NONE', *, *, #5113, .T. ) ;
#5510 = DIRECTION ( 'NONE',  ( 0.0000000000000000000, 0.0000000000000000000, -1.000000000000000000 ) ) ;
#5511 = DIRECTION ( 'NONE',  ( -1.000000000000000000, 0.0000000000000000000, 0.0000000000000000000 ) ) ;
#5512 = DIRECTION ( 'NONE',  ( 0.0000000000000000000, 0.0000000000000000000, 1.000000000000000000 ) ) ;
#5513 = VERTEX_POINT ( 'NONE', #10543 ) ;
#5514 = AXIS2_PLACEMENT_3D ( 'NONE', #2146, #2935, #5573 ) ;
#5515 = EDGE_CURVE ( 'NONE', #9774, #2806, #3466, .T. ) ;
#5516 = EDGE_CURVE ( 'NONE', #5810, #9953, #8943, .T. ) ;
#5517 = EDGE_CURVE ( 'NONE', #8881, #9328, #2939, .T. ) ;
#5518 = EDGE_LOOP ( 'NONE', ( #9537, #10240, #2587, #8302 ) ) ;
#5519 = ORIENTED_EDGE ( 'NONE', *, *, #9250, .F. ) ;
#5520 = VECTOR ( 'NONE', #448, 39.37007874015748100 ) ;
#5521 = ORIENTED_EDGE ( 'NONE', *, *, #7602, .T. ) ;
#5522 = FACE_OUTER_BOUND ( 'NONE', #4100, .T. ) ;
#5523 = ORIENTED_EDGE ( 'NONE', *, *, #5044, .F. ) ;
#5524 = ORIENTED_EDGE ( 'NONE', *, *, #4212, .T. ) ;
#5525 = CARTESIAN_POINT ( 'NONE',  ( -0.7070000000000014100, 1.926500000000000300, 1.639999999999999900 ) ) ;
#5526 = EDGE_LOOP ( 'NONE', ( #2573, #9044, #8898, #7029 ) ) ;
#5527 = DIRECTION ( 'NONE',  ( 0.0000000000000000000, -1.000000000000000000, 0.0000000000000000000 ) ) ;
#5528 = DIRECTION ( 'NONE',  ( 0.0000000000000000000, 0.0000000000000000000, -1.000000000000000000 ) ) ;
#5529 = ORIENTED_EDGE ( 'NONE', *, *, #1280, .F. ) ;
#5530 = VECTOR ( 'NONE', #4348, 39.37007874015748100 ) ;
#5531 = AXIS2_PLACEMENT_3D ( 'NONE', #2387, #6927, #245 ) ;
#5532 = CARTESIAN_POINT ( 'NONE',  ( -1.625848074029412800, -2.120848074029416000, 0.0000000000000000000 ) ) ;
#5533 = CIRCLE ( 'NONE', #11010, 0.03550000000000048300 ) ;
#5534 = ORIENTED_EDGE ( 'NONE', *, *, #7726, .T. ) ;
#5535 = CARTESIAN_POINT ( 'NONE',  ( 1.498499999999999100, -1.847999999999999900, 1.564999999999999700 ) ) ;
#5536 = EDGE_CURVE ( 'NONE', #8881, #6007, #8011, .T. ) ;
#5537 = CYLINDRICAL_SURFACE ( 'NONE', #8641, 0.1875000000000001100 ) ;
#5538 = DIRECTION ( 'NONE',  ( 0.0000000000000000000, 0.0000000000000000000, 1.000000000000000000 ) ) ;
#5539 = EDGE_LOOP ( 'NONE', ( #7010, #797, #6725, #3014 ) ) ;
#5540 = CARTESIAN_POINT ( 'NONE',  ( 1.538000000000000500, 2.027999999999999100, 1.919999999999999700 ) ) ;
#5541 = VERTEX_POINT ( 'NONE', #3741 ) ;
#5542 = ORIENTED_EDGE ( 'NONE', *, *, #3303, .F. ) ;
#5543 = ORIENTED_EDGE ( 'NONE', *, *, #8579, .F. ) ;
#5544 = LINE ( 'NONE', #6692, #776 ) ;
#5545 = ORIENTED_EDGE ( 'NONE', *, *, #2510, .T. ) ;
#5546 = LINE ( 'NONE', #8671, #8625 ) ;
#5547 = ORIENTED_EDGE ( 'NONE', *, *, #6781, .F. ) ;
#5548 = AXIS2_PLACEMENT_3D ( 'NONE', #8685, #1122, #7898 ) ;
#5549 = AXIS2_PLACEMENT_3D ( 'NONE', #6086, #6196, #7722 ) ;
#5550 = ADVANCED_FACE ( 'NONE', ( #425 ), #2138, .T. ) ;
#5551 = CARTESIAN_POINT ( 'NONE',  ( -1.089749999999999800, -2.027999999999999100, 0.0000000000000000000 ) ) ;
#5552 = EDGE_LOOP ( 'NONE', ( #6182, #2996 ) ) ;
#5553 = DIRECTION ( 'NONE',  ( 0.0000000000000000000, -1.000000000000000000, 0.0000000000000000000 ) ) ;
#5554 = EDGE_LOOP ( 'NONE', ( #7861, #3411, #7685, #5154 ) ) ;
#5555 = CARTESIAN_POINT ( 'NONE',  ( -1.573491067360004900, -1.926527668117621100, 2.044999999999999500 ) ) ;
#5556 = LINE ( 'NONE', #3571, #5975 ) ;
#5557 = LINE ( 'NONE', #2790, #3291 ) ;
#5558 = VERTEX_POINT ( 'NONE', #3778 ) ;
#5559 = CARTESIAN_POINT ( 'NONE',  ( 1.610761080630499300, 1.941974111534360300, 2.045000000000000400 ) ) ;
#5560 = CARTESIAN_POINT ( 'NONE',  ( 1.459259842519685700, -2.027999999999999600, 1.580000000000000100 ) ) ;
#5561 = ORIENTED_EDGE ( 'NONE', *, *, #8025, .F. ) ;
#5562 = ORIENTED_EDGE ( 'NONE', *, *, #849, .T. ) ;
#5563 = ADVANCED_FACE ( 'NONE', ( #10957 ), #8813, .F. ) ;
#5564 = AXIS2_PLACEMENT_3D ( 'NONE', #3657, #7148, #8844 ) ;
#5565 = ORIENTED_EDGE ( 'NONE', *, *, #9345, .F. ) ;
#5566 = LINE ( 'NONE', #8901, #6662 ) ;
#5567 = CARTESIAN_POINT ( 'NONE',  ( -0.9274999999999998800, 1.926500000000000300, 2.050000000000000300 ) ) ;
#5568 = ORIENTED_EDGE ( 'NONE', *, *, #3056, .T. ) ;
#5569 = LINE ( 'NONE', #4405, #7985 ) ;
#5570 = EDGE_CURVE ( 'NONE', #3418, #5717, #3993, .T. ) ;
#5571 = ORIENTED_EDGE ( 'NONE', *, *, #8536, .T. ) ;
#5572 = EDGE_CURVE ( 'NONE', #8464, #8636, #6002, .T. ) ;
#5573 = DIRECTION ( 'NONE',  ( -1.000000000000000000, 0.0000000000000000000, 0.0000000000000000000 ) ) ;
#5574 = ORIENTED_EDGE ( 'NONE', *, *, #1094, .T. ) ;
#5575 = DIRECTION ( 'NONE',  ( -0.0000000000000000000, -0.0000000000000000000, -1.000000000000000000 ) ) ;
#5576 = CARTESIAN_POINT ( 'NONE',  ( 1.277250000000000400, -2.027999999999999100, 0.1200000000000000900 ) ) ;
#5577 = ORIENTED_EDGE ( 'NONE', *, *, #3633, .F. ) ;
#5578 = FACE_OUTER_BOUND ( 'NONE', #1168, .T. ) ;
#5579 = CARTESIAN_POINT ( 'NONE',  ( 0.7070000000000014100, -2.146999999999998900, 2.050000000000000300 ) ) ;
#5580 = EDGE_LOOP ( 'NONE', ( #7767, #6356, #8921, #225 ) ) ;
#5581 = FACE_BOUND ( 'NONE', #4357, .T. ) ;
#5582 = DIRECTION ( 'NONE',  ( -1.000000000000000000, -1.272782003896287900E-015, 0.0000000000000000000 ) ) ;
#5583 = VERTEX_POINT ( 'NONE', #7234 ) ;
#5584 = DIRECTION ( 'NONE',  ( 1.000000000000000000, 0.0000000000000000000, 0.0000000000000000000 ) ) ;
#5585 = CARTESIAN_POINT ( 'NONE',  ( 1.651999999999999500, -1.619499999999999500, 1.630000000000000100 ) ) ;
#5586 = EDGE_CURVE ( 'NONE', #1151, #9453, #3722, .T. ) ;
#5587 = EDGE_CURVE ( 'NONE', #7672, #9524, #9070, .T. ) ;
#5588 = AXIS2_PLACEMENT_3D ( 'NONE', #5648, #10805, #2297 ) ;
#5589 = ORIENTED_EDGE ( 'NONE', *, *, #9565, .F. ) ;
#5590 = DIRECTION ( 'NONE',  ( 1.000000000000000000, 0.0000000000000000000, 0.0000000000000000000 ) ) ;
#5591 = DIRECTION ( 'NONE',  ( 1.000000000000000000, 0.0000000000000000000, 0.0000000000000000000 ) ) ;
#5592 = CARTESIAN_POINT ( 'NONE',  ( 1.751999999999999600, 1.619499999999999500, 1.540000000000000000 ) ) ;
#5593 = LINE ( 'NONE', #3938, #7599 ) ;
#5594 = DIRECTION ( 'NONE',  ( -1.000000000000000000, 0.0000000000000000000, 0.0000000000000000000 ) ) ;
#5595 = ORIENTED_EDGE ( 'NONE', *, *, #4363, .T. ) ;
#5596 = CARTESIAN_POINT ( 'NONE',  ( 1.620537761801986300, 1.925040403015942900, 2.037079749950507800 ) ) ;
#5597 = AXIS2_PLACEMENT_3D ( 'NONE', #6167, #10489, #2839 ) ;
#5598 = ORIENTED_EDGE ( 'NONE', *, *, #8316, .F. ) ;
#5599 = LOCAL_TIME ( 17, 53, 27.00000000000000000, #10967 ) ;
#5600 = AXIS2_PLACEMENT_3D ( 'NONE', #8751, #1183, #2004 ) ;
#5601 = CARTESIAN_POINT ( 'NONE',  ( -1.492356829344749600, 2.147056290593429000, 2.040029703447726400 ) ) ;
#5602 = EDGE_CURVE ( 'NONE', #632, #6660, #6683, .T. ) ;
#5603 = CARTESIAN_POINT ( 'NONE',  ( -0.7070000000000014100, -2.221999999999999100, 1.564999999999999700 ) ) ;
#5604 = ADVANCED_FACE ( 'NONE', ( #5731 ), #7609, .T. ) ;
#5605 = DIRECTION ( 'NONE',  ( 1.000000000000000000, 0.0000000000000000000, 0.0000000000000000000 ) ) ;
#5606 = CARTESIAN_POINT ( 'NONE',  ( -0.7070000000000014100, -2.221999999999998600, 1.564999999999999700 ) ) ;
#5607 = VECTOR ( 'NONE', #8064, 39.37007874015748100 ) ;
#5608 = FACE_OUTER_BOUND ( 'NONE', #4179, .T. ) ;
#5609 = DIRECTION ( 'NONE',  ( -1.000000000000000000, -1.931999995519277300E-016, 0.0000000000000000000 ) ) ;
#5610 = CARTESIAN_POINT ( 'NONE',  ( -1.498499999999999100, -1.873000000000000000, 1.639999999999999900 ) ) ;
#5611 = AXIS2_PLACEMENT_3D ( 'NONE', #972, #1003, #167 ) ;
#5612 = AXIS2_PLACEMENT_3D ( 'NONE', #2066, #8930, #4594 ) ;
#5613 = EDGE_CURVE ( 'NONE', #2314, #1587, #148, .T. ) ;
#5614 = ADVANCED_FACE ( 'NONE', ( #4658 ), #8802, .T. ) ;
#5615 = TOROIDAL_SURFACE ( 'NONE', #7490, 0.2285000000000004500, 0.02500000000000000100 ) ;
#5616 = CARTESIAN_POINT ( 'NONE',  ( 1.498499999999999100, -1.873000000000000000, 1.639999999999999900 ) ) ;
#5617 = CYLINDRICAL_SURFACE ( 'NONE', #4303, 0.02499999999999987000 ) ;
#5618 = DIRECTION ( 'NONE',  ( -1.000000000000000000, 0.0000000000000000000, 0.0000000000000000000 ) ) ;
#5619 = DIRECTION ( 'NONE',  ( 0.0000000000000000000, 0.0000000000000000000, 1.000000000000000000 ) ) ;
#5620 = CARTESIAN_POINT ( 'NONE',  ( 1.498499999999999100, -1.823000000000000000, 1.540000000000000000 ) ) ;
#5621 = VECTOR ( 'NONE', #863, 39.37007874015748100 ) ;
#5622 = AXIS2_PLACEMENT_3D ( 'NONE', #3870, #8888, #2989 ) ;
#5623 = LINE ( 'NONE', #1619, #9896 ) ;
#5624 = ORIENTED_EDGE ( 'NONE', *, *, #3842, .F. ) ;
#5625 = CARTESIAN_POINT ( 'NONE',  ( -1.380499999999999800, -2.027999999999999600, 1.919999999999999700 ) ) ;
#5626 = CARTESIAN_POINT ( 'NONE',  ( 0.9774999999999999200, 1.926500000000000300, 1.639999999999999900 ) ) ;
#5627 = AXIS2_PLACEMENT_3D ( 'NONE', #4287, #1051, #26 ) ;
#5628 = DIRECTION ( 'NONE',  ( 0.0000000000000000000, 0.0000000000000000000, -1.000000000000000000 ) ) ;
#5629 = CARTESIAN_POINT ( 'NONE',  ( 1.770000000000001600, 2.264999999999998800, 1.580000000000000100 ) ) ;
#5630 = LINE ( 'NONE', #10797, #7774 ) ;
#5631 = DIRECTION ( 'NONE',  ( 0.0000000000000000000, 0.0000000000000000000, 1.000000000000000000 ) ) ;
#5632 = VERTEX_POINT ( 'NONE', #5506 ) ;
#5633 = CYLINDRICAL_SURFACE ( 'NONE', #1669, 0.02499999999999987000 ) ;
#5634 = ORIENTED_EDGE ( 'NONE', *, *, #7805, .T. ) ;
#5635 = ORIENTED_EDGE ( 'NONE', *, *, #2195, .T. ) ;
#5636 = CARTESIAN_POINT ( 'NONE',  ( 1.770000000000001600, -2.120848074029415100, 1.614999999999999800 ) ) ;
#5637 = ORIENTED_EDGE ( 'NONE', *, *, #2159, .T. ) ;
#5638 = CARTESIAN_POINT ( 'NONE',  ( 1.770000000000001600, -2.120848074029415100, 1.580000000000000100 ) ) ;
#5639 = CARTESIAN_POINT ( 'NONE',  ( -1.538000000000000500, 2.027999999999999100, 2.004999999999999400 ) ) ;
#5640 = EDGE_CURVE ( 'NONE', #8786, #8599, #4266, .T. ) ;
#5641 = ORIENTED_EDGE ( 'NONE', *, *, #1925, .T. ) ;
#5642 = CARTESIAN_POINT ( 'NONE',  ( 1.390500000000001000, 2.027999999999999100, 2.004999999999999400 ) ) ;
#5643 = VERTEX_POINT ( 'NONE', #9660 ) ;
#5644 = VECTOR ( 'NONE', #2271, 39.37007874015748100 ) ;
#5645 = AXIS2_PLACEMENT_3D ( 'NONE', #7754, #10292, #1839 ) ;
#5646 = FACE_OUTER_BOUND ( 'NONE', #1064, .T. ) ;
#5647 = ORIENTED_EDGE ( 'NONE', *, *, #3573, .F. ) ;
#5648 = CARTESIAN_POINT ( 'NONE',  ( -1.538000000000000500, 2.027999999999999100, 2.044999999999999500 ) ) ;
#5649 = ORIENTED_EDGE ( 'NONE', *, *, #7315, .F. ) ;
#5650 = CARTESIAN_POINT ( 'NONE',  ( 1.081000000000000400, -1.926500000000000300, 1.540000000000000000 ) ) ;
#5651 = DIRECTION ( 'NONE',  ( 1.000000000000000000, 0.0000000000000000000, 0.0000000000000000000 ) ) ;
#5652 = LINE ( 'NONE', #8031, #3383 ) ;
#5653 = ORIENTED_EDGE ( 'NONE', *, *, #6742, .T. ) ;
#5654 = ADVANCED_FACE ( 'NONE', ( #8002 ), #964, .T. ) ;
#5655 = CARTESIAN_POINT ( 'NONE',  ( -0.9274999999999999900, -1.926500000000000300, 2.050000000000000300 ) ) ;
#5656 = TOROIDAL_SURFACE ( 'NONE', #8734, 0.2954999999999984900, 0.02500000000000000100 ) ;
#5657 = CARTESIAN_POINT ( 'NONE',  ( -0.7070000000000014100, 2.146999999999998900, 1.630000000000000100 ) ) ;
#5658 = CARTESIAN_POINT ( 'NONE',  ( 1.537999999999999400, -2.028000000000001400, 2.169999999999999900 ) ) ;
#5659 = TOROIDAL_SURFACE ( 'NONE', #3153, 0.1675000000000003400, 0.01000000000000000000 ) ;
#5660 = VERTEX_POINT ( 'NONE', #1468 ) ;
#5661 = DIRECTION ( 'NONE',  ( 0.0000000000000000000, -1.000000000000000000, 0.0000000000000000000 ) ) ;
#5662 = AXIS2_PLACEMENT_3D ( 'NONE', #1782, #9434, #1533 ) ;
#5663 = EDGE_CURVE ( 'NONE', #8852, #5863, #9482, .T. ) ;
#5664 = CC_DESIGN_DATE_AND_TIME_ASSIGNMENT ( #2814, #8499, ( #329 ) ) ;
#5665 = EDGE_LOOP ( 'NONE', ( #10337, #2317, #7405, #124 ) ) ;
#5666 = EDGE_CURVE ( 'NONE', #6036, #7771, #696, .T. ) ;
#5667 = ORIENTED_EDGE ( 'NONE', *, *, #2376, .T. ) ;
#5668 = ORIENTED_EDGE ( 'NONE', *, *, #1332, .F. ) ;
#5669 = ORIENTED_EDGE ( 'NONE', *, *, #6384, .T. ) ;
#5670 = CARTESIAN_POINT ( 'NONE',  ( -1.538000000000000500, -2.027999999999999600, -0.3943848084544492900 ) ) ;
#5671 = LINE ( 'NONE', #8538, #10354 ) ;
#5672 = CARTESIAN_POINT ( 'NONE',  ( -1.538000000000000500, 2.027999999999999100, 2.044999999999999500 ) ) ;
#5673 = CIRCLE ( 'NONE', #4497, 0.3384999999999984700 ) ;
#5674 = VERTEX_POINT ( 'NONE', #7419 ) ;
#5675 = DIRECTION ( 'NONE',  ( 1.000000000000000000, 0.0000000000000000000, 0.0000000000000000000 ) ) ;
#5676 = ADVANCED_FACE ( 'NONE', ( #18 ), #5204, .T. ) ;
#5677 = VECTOR ( 'NONE', #7642, 39.37007874015748100 ) ;
#5678 = DIRECTION ( 'NONE',  ( -0.0000000000000000000, -0.0000000000000000000, 1.000000000000000000 ) ) ;
#5679 = VERTEX_POINT ( 'NONE', #9843 ) ;
#5680 = VERTEX_POINT ( 'NONE', #2160 ) ;
#5681 = AXIS2_PLACEMENT_3D ( 'NONE', #1868, #7026, #5219 ) ;
#5682 = VERTEX_POINT ( 'NONE', #3052 ) ;
#5683 = AXIS2_PLACEMENT_3D ( 'NONE', #10154, #7551, #9265 ) ;
#5684 = DIRECTION ( 'NONE',  ( 0.0000000000000000000, 0.0000000000000000000, -1.000000000000000000 ) ) ;
#5685 = ORIENTED_EDGE ( 'NONE', *, *, #252, .F. ) ;
#5686 = EDGE_CURVE ( 'NONE', #8252, #4640, #4399, .T. ) ;
#5687 = TOROIDAL_SURFACE ( 'NONE', #8546, 0.09610128398039072300, 0.04805064199019536800 ) ;
#5688 = DIRECTION ( 'NONE',  ( -0.0000000000000000000, -0.0000000000000000000, -1.000000000000000000 ) ) ;
#5689 = DIRECTION ( 'NONE',  ( -1.000000000000000000, 0.0000000000000000000, 0.0000000000000000000 ) ) ;
#5690 = COORDINATED_UNIVERSAL_TIME_OFFSET ( 6, 0, .BEHIND. ) ;
#5691 = DIRECTION ( 'NONE',  ( 0.0000000000000000000, 0.0000000000000000000, 1.000000000000000000 ) ) ;
#5692 = EDGE_LOOP ( 'NONE', ( #3248, #9724, #4090, #3410 ) ) ;
#5693 = DIRECTION ( 'NONE',  ( -1.272782003896287900E-015, 1.000000000000000000, 0.0000000000000000000 ) ) ;
#5694 = ORIENTED_EDGE ( 'NONE', *, *, #9604, .T. ) ;
#5695 = ORIENTED_EDGE ( 'NONE', *, *, #900, .T. ) ;
#5696 = CARTESIAN_POINT ( 'NONE',  ( 1.573491067360004900, -1.926527668117621100, 2.044999999999999500 ) ) ;
#5697 = CARTESIAN_POINT ( 'NONE',  ( -1.538000000000000500, -2.027999999999999600, 1.919999999999999700 ) ) ;
#5698 = VERTEX_POINT ( 'NONE', #3078 ) ;
#5699 = LINE ( 'NONE', #1895, #7443 ) ;
#5700 = CARTESIAN_POINT ( 'NONE',  ( -1.081000000000000400, -1.926500000000000300, 1.605000000000000000 ) ) ;
#5701 = AXIS2_PLACEMENT_3D ( 'NONE', #10043, #10962, #2410 ) ;
#5702 = CIRCLE ( 'NONE', #4618, 0.05849999999999993400 ) ;
#5703 = EDGE_CURVE ( 'NONE', #5830, #10898, #3460, .T. ) ;
#5704 = CARTESIAN_POINT ( 'NONE',  ( -1.459259842519685700, -2.027999999999999600, 1.605000000000000000 ) ) ;
#5705 = DIRECTION ( 'NONE',  ( 4.151904875222836800E-015, 1.000000000000000000, 0.0000000000000000000 ) ) ;
#5706 = VERTEX_POINT ( 'NONE', #1322 ) ;
#5707 = CARTESIAN_POINT ( 'NONE',  ( -1.538000000000000500, -2.027999999999999100, 2.044999999999999500 ) ) ;
#5708 = CARTESIAN_POINT ( 'NONE',  ( -1.081000000000000400, -1.926500000000000300, 2.050000000000000300 ) ) ;
#5709 = CARTESIAN_POINT ( 'NONE',  ( -1.498499999999999100, 1.619499999999999500, 1.564999999999999700 ) ) ;
#5710 = CARTESIAN_POINT ( 'NONE',  ( -1.498499999999999100, 1.619499999999999500, 1.540000000000000000 ) ) ;
#5711 = VERTEX_POINT ( 'NONE', #4833 ) ;
#5712 = ORIENTED_EDGE ( 'NONE', *, *, #8389, .T. ) ;
#5713 = LINE ( 'NONE', #8502, #9978 ) ;
#5714 = VERTEX_POINT ( 'NONE', #1357 ) ;
#5715 = LINE ( 'NONE', #10329, #6664 ) ;
#5716 = DIRECTION ( 'NONE',  ( -1.000000000000000000, 0.0000000000000000000, 0.0000000000000000000 ) ) ;
#5717 = VERTEX_POINT ( 'NONE', #4763 ) ;
#5718 = CARTESIAN_POINT ( 'NONE',  ( -1.081000000000000400, -1.890999999999999800, 1.580000000000000100 ) ) ;
#5719 = DIRECTION ( 'NONE',  ( -1.000000000000000000, 0.0000000000000000000, 0.0000000000000000000 ) ) ;
#5720 = DIRECTION ( 'NONE',  ( -1.000000000000000000, 0.0000000000000000000, 0.0000000000000000000 ) ) ;
#5721 = VERTEX_POINT ( 'NONE', #581 ) ;
#5722 = EDGE_CURVE ( 'NONE', #8742, #4070, #2541, .T. ) ;
#5723 = ADVANCED_FACE ( 'NONE', ( #6274 ), #3338, .F. ) ;
#5724 = LINE ( 'NONE', #6237, #3059 ) ;
#5725 = EDGE_CURVE ( 'NONE', #10362, #10493, #7479, .T. ) ;
#5726 = CARTESIAN_POINT ( 'NONE',  ( 1.770000000000001600, 2.264999999999998800, 0.04805064199019547200 ) ) ;
#5727 = PLANE ( 'NONE',  #3516 ) ;
#5728 = CARTESIAN_POINT ( 'NONE',  ( 1.625848074029415400, 2.254999999999998600, 1.605000000000000000 ) ) ;
#5729 = ORIENTED_EDGE ( 'NONE', *, *, #2876, .T. ) ;
#5730 = ORIENTED_EDGE ( 'NONE', *, *, #1249, .T. ) ;
#5731 = FACE_OUTER_BOUND ( 'NONE', #3902, .T. ) ;
#5732 = ADVANCED_FACE ( 'NONE', ( #2001 ), #4531, .T. ) ;
#5733 = AXIS2_PLACEMENT_3D ( 'NONE', #5386, #8640, #1180 ) ;
#5734 = DIRECTION ( 'NONE',  ( 0.0000000000000000000, 0.0000000000000000000, 1.000000000000000000 ) ) ;
#5735 = EDGE_CURVE ( 'NONE', #962, #1659, #1110, .T. ) ;
#5736 = EDGE_CURVE ( 'NONE', #5276, #6660, #1481, .T. ) ;
#5737 = CARTESIAN_POINT ( 'NONE',  ( 1.002499999999999900, 1.926500000000000300, 1.564999999999999700 ) ) ;
#5738 = AXIS2_PLACEMENT_3D ( 'NONE', #8248, #4688, #8163 ) ;
#5739 = EDGE_CURVE ( 'NONE', #3418, #6369, #1232, .T. ) ;
#5740 = DIRECTION ( 'NONE',  ( 0.0000000000000000000, -1.000000000000000000, 0.0000000000000000000 ) ) ;
#5741 = CARTESIAN_POINT ( 'NONE',  ( 1.277250000000000400, -2.027999999999999100, 0.0000000000000000000 ) ) ;
#5742 = DIRECTION ( 'NONE',  ( 1.000000000000000000, 0.0000000000000000000, 0.0000000000000000000 ) ) ;
#5743 = CARTESIAN_POINT ( 'NONE',  ( -1.608132083511383300, -1.946527668117621600, 2.044999999999999500 ) ) ;
#5744 = PLANE ( 'NONE',  #8415 ) ;
#5745 = DIRECTION ( 'NONE',  ( -0.0000000000000000000, -0.0000000000000000000, 1.000000000000000000 ) ) ;
#5746 = VECTOR ( 'NONE', #2511, 39.37007874015748100 ) ;
#5747 = DIRECTION ( 'NONE',  ( 0.0000000000000000000, 0.0000000000000000000, 1.000000000000000000 ) ) ;
#5748 = DIRECTION ( 'NONE',  ( -1.000000000000000000, 0.0000000000000000000, 0.0000000000000000000 ) ) ;
#5749 = AXIS2_PLACEMENT_3D ( 'NONE', #4751, #1376, #1410 ) ;
#5750 = AXIS2_PLACEMENT_3D ( 'NONE', #1994, #10555, #9673 ) ;
#5751 = CARTESIAN_POINT ( 'NONE',  ( 0.9638306835251589900, -2.146999999999998900, 1.580000000000000100 ) ) ;
#5752 = CIRCLE ( 'NONE', #429, 0.1535000000000004100 ) ;
#5753 = EDGE_CURVE ( 'NONE', #7979, #743, #10806, .T. ) ;
#5754 = EDGE_LOOP ( 'NONE', ( #7206, #8446, #8264, #8197 ) ) ;
#5755 = CARTESIAN_POINT ( 'NONE',  ( -1.701999999999999500, -1.619499999999999500, 1.540000000000000000 ) ) ;
#5756 = FACE_OUTER_BOUND ( 'NONE', #5826, .T. ) ;
#5757 = PLANE ( 'NONE',  #6633 ) ;
#5758 = DIRECTION ( 'NONE',  ( -1.000000000000000000, 0.0000000000000000000, 0.0000000000000000000 ) ) ;
#5760 = CARTESIAN_POINT ( 'NONE',  ( -1.498499999999999100, -1.823000000000000000, 1.639999999999999900 ) ) ;
#5759 = DIRECTION ( 'NONE',  ( 0.0000000000000000000, 0.0000000000000000000, 1.000000000000000000 ) ) ;
#5761 = CYLINDRICAL_SURFACE ( 'NONE', #1834, 0.2704999999999985200 ) ;
#5762 = CARTESIAN_POINT ( 'NONE',  ( -0.7070000000000014100, -1.926500000000000300, 1.630000000000000100 ) ) ;
#5763 = CYLINDRICAL_SURFACE ( 'NONE', #10725, 0.1535000000000005500 ) ;
#5764 = DIRECTION ( 'NONE',  ( -0.0000000000000000000, -0.0000000000000000000, -1.000000000000000000 ) ) ;
#5765 = AXIS2_PLACEMENT_3D ( 'NONE', #10288, #4469, #3830 ) ;
#5766 = EDGE_LOOP ( 'NONE', ( #9029, #9977, #3702, #7848 ) ) ;
#5767 = AXIS2_PLACEMENT_3D ( 'NONE', #10535, #2117, #8118 ) ;
#5768 = CARTESIAN_POINT ( 'NONE',  ( 1.183500000000000000, 2.027999999999999100, 0.1200000000000000900 ) ) ;
#5769 = DIRECTION ( 'NONE',  ( 0.0000000000000000000, 0.0000000000000000000, 1.000000000000000000 ) ) ;
#5770 = CARTESIAN_POINT ( 'NONE',  ( 1.625848074029415400, -2.120848074029415100, 1.605000000000000000 ) ) ;
#5771 = CIRCLE ( 'NONE', #1486, 0.1441519259705861500 ) ;
#5772 = VECTOR ( 'NONE', #5479, 39.37007874015748100 ) ;
#5773 = DIRECTION ( 'NONE',  ( 1.000000000000000000, 0.0000000000000000000, 0.0000000000000000000 ) ) ;
#5774 = ORIENTED_EDGE ( 'NONE', *, *, #10951, .F. ) ;
#5775 = ADVANCED_FACE ( 'NONE', ( #8934 ), #7348, .T. ) ;
#5776 = CARTESIAN_POINT ( 'NONE',  ( 0.7070000000000014100, 1.926500000000000300, -0.3943848084544492900 ) ) ;
#5777 = VERTEX_POINT ( 'NONE', #4990 ) ;
#5778 = CARTESIAN_POINT ( 'NONE',  ( 1.339999999999999900, -1.515499999999999600, 0.1200000000000000900 ) ) ;
#5779 = DIRECTION ( 'NONE',  ( -1.000000000000000000, 0.0000000000000000000, 0.0000000000000000000 ) ) ;
#5780 = AXIS2_PLACEMENT_3D ( 'NONE', #2930, #2141, #7194 ) ;
#5781 = ORIENTED_EDGE ( 'NONE', *, *, #3855, .F. ) ;
#5782 = CIRCLE ( 'NONE', #5662, 0.02499999999999987000 ) ;
#5783 = CYLINDRICAL_SURFACE ( 'NONE', #5802, 0.1535000000000002800 ) ;
#5784 = VERTEX_POINT ( 'NONE', #9283 ) ;
#5785 = DIRECTION ( 'NONE',  ( 1.000000000000000000, 0.0000000000000000000, 0.0000000000000000000 ) ) ;
#5786 = PLANE ( 'NONE',  #7080 ) ;
#5787 = ORIENTED_EDGE ( 'NONE', *, *, #2435, .T. ) ;
#5788 = ADVANCED_FACE ( 'NONE', ( #6959 ), #5073, .T. ) ;
#5789 = CARTESIAN_POINT ( 'NONE',  ( 1.498499999999999100, 1.619499999999999500, 1.630000000000000100 ) ) ;
#5790 = ORIENTED_EDGE ( 'NONE', *, *, #7119, .T. ) ;
#5791 = CIRCLE ( 'NONE', #7735, 0.1341519259705859800 ) ;
#5792 = LINE ( 'NONE', #9365, #1680 ) ;
#5793 = ORIENTED_EDGE ( 'NONE', *, *, #6536, .F. ) ;
#5794 = CARTESIAN_POINT ( 'NONE',  ( 1.081000000000000400, 1.873000000000000000, 1.605000000000000000 ) ) ;
#5795 = ORIENTED_EDGE ( 'NONE', *, *, #3228, .T. ) ;
#5797 = CARTESIAN_POINT ( 'NONE',  ( 1.502508932639995400, -2.129472331882377400, 2.044999999999999500 ) ) ;
#5796 = CARTESIAN_POINT ( 'NONE',  ( -1.751999999999999600, 1.619499999999999500, 1.540000000000000000 ) ) ;
#5798 = VERTEX_POINT ( 'NONE', #545 ) ;
#5799 = CARTESIAN_POINT ( 'NONE',  ( -1.081000000000000400, -1.847999999999999900, 1.564999999999999700 ) ) ;
#5800 = EDGE_CURVE ( 'NONE', #2306, #1469, #417, .T. ) ;
#5801 = EDGE_CURVE ( 'NONE', #10259, #8750, #9742, .T. ) ;
#5802 = AXIS2_PLACEMENT_3D ( 'NONE', #10222, #9412, #5939 ) ;
#5803 = ORIENTED_EDGE ( 'NONE', *, *, #7464, .F. ) ;
#5804 = LINE ( 'NONE', #4241, #8874 ) ;
#5805 = CIRCLE ( 'NONE', #2988, 0.05350000000000053300 ) ;
#5806 = EDGE_LOOP ( 'NONE', ( #9390, #2236, #3529, #956 ) ) ;
#5807 = DIRECTION ( 'NONE',  ( -0.0000000000000000000, -0.0000000000000000000, 1.000000000000000000 ) ) ;
#5808 = LINE ( 'NONE', #638, #9144 ) ;
#5809 = CARTESIAN_POINT ( 'NONE',  ( 0.7070000000000014100, -2.196999999999998700, 1.639999999999999900 ) ) ;
#5810 = VERTEX_POINT ( 'NONE', #10838 ) ;
#5811 = CARTESIAN_POINT ( 'NONE',  ( -1.183500000000000000, -2.027999999999999100, 0.0000000000000000000 ) ) ;
#5812 = ORIENTED_EDGE ( 'NONE', *, *, #1683, .T. ) ;
#5813 = CARTESIAN_POINT ( 'NONE',  ( 1.651999999999999500, 1.619499999999999500, 2.050000000000000300 ) ) ;
#5814 = DIRECTION ( 'NONE',  ( 0.0000000000000000000, 0.0000000000000000000, 1.000000000000000000 ) ) ;
#5815 = ORIENTED_EDGE ( 'NONE', *, *, #8371, .T. ) ;
#5816 = DIRECTION ( 'NONE',  ( -0.0000000000000000000, -0.0000000000000000000, -1.000000000000000000 ) ) ;
#5817 = EDGE_LOOP ( 'NONE', ( #9323, #8626 ) ) ;
#5818 = VECTOR ( 'NONE', #7495, 39.37007874015748100 ) ;
#5819 = ORIENTED_EDGE ( 'NONE', *, *, #2114, .F. ) ;
#5820 = AXIS2_PLACEMENT_3D ( 'NONE', #5799, #2339, #8296 ) ;
#5821 = EDGE_CURVE ( 'NONE', #10582, #743, #5336, .T. ) ;
#5822 = FACE_OUTER_BOUND ( 'NONE', #6017, .T. ) ;
#5823 = VERTEX_POINT ( 'NONE', #5853 ) ;
#5824 = PLANE ( 'NONE',  #9341 ) ;
#5825 = DIRECTION ( 'NONE',  ( 0.0000000000000000000, -1.000000000000000000, 0.0000000000000000000 ) ) ;
#5826 = EDGE_LOOP ( 'NONE', ( #3894, #9339, #7545, #1096 ) ) ;
#5827 = ORIENTED_EDGE ( 'NONE', *, *, #8299, .F. ) ;
#5828 = CARTESIAN_POINT ( 'NONE',  ( 1.081000000000000400, 1.823000000000000000, 1.639999999999999900 ) ) ;
#5829 = DIRECTION ( 'NONE',  ( -0.0000000000000000000, -0.0000000000000000000, -1.000000000000000000 ) ) ;
#5830 = VERTEX_POINT ( 'NONE', #10139 ) ;
#5831 = LINE ( 'NONE', #285, #382 ) ;
#5832 = CARTESIAN_POINT ( 'NONE',  ( 0.7070000000000014100, 2.246999999999998600, 1.540000000000000000 ) ) ;
#5833 = CIRCLE ( 'NONE', #5855, 0.02499999999999987000 ) ;
#5834 = ADVANCED_FACE ( 'NONE', ( #8542 ), #3061, .T. ) ;
#5835 = ORIENTED_EDGE ( 'NONE', *, *, #7962, .F. ) ;
#5836 = AXIS2_PLACEMENT_3D ( 'NONE', #8092, #8161, #10727 ) ;
#5837 = AXIS2_PLACEMENT_3D ( 'NONE', #1273, #5432, #10646 ) ;
#5838 = EDGE_CURVE ( 'NONE', #455, #8032, #8274, .T. ) ;
#5839 = VERTEX_POINT ( 'NONE', #6602 ) ;
#5840 = ORIENTED_EDGE ( 'NONE', *, *, #8387, .T. ) ;
#5841 = VERTEX_POINT ( 'NONE', #10933 ) ;
#5842 = EDGE_LOOP ( 'NONE', ( #119, #10606 ) ) ;
#5844 = CARTESIAN_POINT ( 'NONE',  ( -1.759999999999998700, -2.120848074029415100, 1.614999999999999800 ) ) ;
#5843 = DIRECTION ( 'NONE',  ( 1.000000000000000000, 0.0000000000000000000, 0.0000000000000000000 ) ) ;
#5845 = DIRECTION ( 'NONE',  ( 0.0000000000000000000, -0.0000000000000000000, 1.000000000000000000 ) ) ;
#5846 = VERTEX_POINT ( 'NONE', #1500 ) ;
#5847 = LINE ( 'NONE', #10875, #4762 ) ;
#5848 = VERTEX_POINT ( 'NONE', #7462 ) ;
#5849 = COORDINATED_UNIVERSAL_TIME_OFFSET ( 6, 0, .BEHIND. ) ;
#5850 = ORIENTED_EDGE ( 'NONE', *, *, #5515, .T. ) ;
#5851 = ADVANCED_FACE ( 'NONE', ( #9867 ), #1643, .F. ) ;
#5852 = DIRECTION ( 'NONE',  ( -0.0000000000000000000, -0.0000000000000000000, -1.000000000000000000 ) ) ;
#5853 = CARTESIAN_POINT ( 'NONE',  ( 1.608132083511383300, 1.946527668117621600, 2.044999999999999500 ) ) ;
#5854 = ORIENTED_EDGE ( 'NONE', *, *, #8980, .T. ) ;
#5855 = AXIS2_PLACEMENT_3D ( 'NONE', #8300, #6486, #1460 ) ;
#5856 = ORIENTED_EDGE ( 'NONE', *, *, #8443, .T. ) ;
#5857 = FACE_OUTER_BOUND ( 'NONE', #5447, .T. ) ;
#5858 = DIRECTION ( 'NONE',  ( -0.0000000000000000000, -0.0000000000000000000, -1.000000000000000000 ) ) ;
#5859 = CARTESIAN_POINT ( 'NONE',  ( -1.081000000000000400, 1.823000000000000000, 1.630000000000000100 ) ) ;
#5860 = DIRECTION ( 'NONE',  ( 0.0000000000000000000, 1.000000000000000000, 0.0000000000000000000 ) ) ;
#5861 = ORIENTED_EDGE ( 'NONE', *, *, #6074, .T. ) ;
#5862 = LINE ( 'NONE', #1300, #1984 ) ;
#5863 = VERTEX_POINT ( 'NONE', #2451 ) ;
#5864 = AXIS2_PLACEMENT_3D ( 'NONE', #4581, #7237, #471 ) ;
#5865 = ORIENTED_EDGE ( 'NONE', *, *, #3150, .F. ) ;
#5866 = DIRECTION ( 'NONE',  ( -1.000000000000000000, 0.0000000000000000000, 0.0000000000000000000 ) ) ;
#5867 = FACE_OUTER_BOUND ( 'NONE', #2343, .T. ) ;
#5868 = CARTESIAN_POINT ( 'NONE',  ( 1.538000000000000500, 2.027999999999999100, 1.919999999999999700 ) ) ;
#5869 = CARTESIAN_POINT ( 'NONE',  ( 1.081000000000000400, 1.823000000000000000, 1.630000000000000100 ) ) ;
#5870 = CARTESIAN_POINT ( 'NONE',  ( 0.9274999999999998800, -1.926500000000000300, 2.050000000000000300 ) ) ;
#5871 = EDGE_CURVE ( 'NONE', #4761, #4206, #2801, .T. ) ;
#5872 = B_SPLINE_CURVE_WITH_KNOTS ( 'NONE', 3,
 ( #10587, #3836, #410, #4696, #9748, #5596, #4778, #2986, #5559, #2170 ),
 .UNSPECIFIED., .F., .F.,
 ( 4, 2, 2, 2, 4 ),
 ( 1.971563028680248100E-007, 0.0004000189154631235800, 0.0007998406746233792000, 0.001199662433783634700, 0.001599484192943890200 ),
 .UNSPECIFIED. ) ;
#5873 = AXIS2_PLACEMENT_3D ( 'NONE', #5141, #886, #45 ) ;
#5874 = PLANE ( 'NONE',  #4904 ) ;
#5875 = CARTESIAN_POINT ( 'NONE',  ( 1.183500000000000000, 2.027999999999999100, 0.0000000000000000000 ) ) ;
#5876 = ORIENTED_EDGE ( 'NONE', *, *, #5517, .F. ) ;
#5877 = LINE ( 'NONE', #4468, #9221 ) ;
#5878 = CARTESIAN_POINT ( 'NONE',  ( 1.499881317591913900, -2.134023494648385800, 2.045000000000000400 ) ) ;
#5879 = DIRECTION ( 'NONE',  ( 0.0000000000000000000, 0.0000000000000000000, 1.000000000000000000 ) ) ;
#5880 = CARTESIAN_POINT ( 'NONE',  ( -1.498499999999999100, 1.823000000000000000, 1.639999999999999900 ) ) ;
#5881 = VECTOR ( 'NONE', #4545, 39.37007874015748100 ) ;
#5882 = AXIS2_PLACEMENT_3D ( 'NONE', #5964, #927, #4246 ) ;
#5883 = ORIENTED_EDGE ( 'NONE', *, *, #9124, .F. ) ;
#5884 = DIRECTION ( 'NONE',  ( -1.000000000000000000, -0.0000000000000000000, -0.0000000000000000000 ) ) ;
#5885 = VECTOR ( 'NONE', #3550, 39.37007874015748100 ) ;
#5886 = EDGE_CURVE ( 'NONE', #9328, #5373, #10266, .T. ) ;
#5887 = EDGE_CURVE ( 'NONE', #5246, #6366, #5469, .T. ) ;
#5888 = PLANE ( 'NONE',  #4534 ) ;
#5889 = EDGE_CURVE ( 'NONE', #1530, #1196, #1738, .T. ) ;
#5890 = CARTESIAN_POINT ( 'NONE',  ( 0.9274999999999999900, 1.926500000000000300, 2.050000000000000300 ) ) ;
#5891 = ADVANCED_FACE ( 'NONE', ( #10530 ), #5888, .T. ) ;
#5892 = CARTESIAN_POINT ( 'NONE',  ( 0.7070000000000014100, 2.246999999999998600, 1.639999999999999900 ) ) ;
#5893 = CARTESIAN_POINT ( 'NONE',  ( -1.498499999999999100, -1.823000000000000000, 1.630000000000000100 ) ) ;
#5894 = DIRECTION ( 'NONE',  ( 0.0000000000000000000, 0.0000000000000000000, -1.000000000000000000 ) ) ;
#5895 = CIRCLE ( 'NONE', #1769, 0.1574999999999998900 ) ;
#5896 = VECTOR ( 'NONE', #9278, 39.37007874015748100 ) ;
#5897 = DIRECTION ( 'NONE',  ( 1.000000000000000000, 0.0000000000000000000, 0.0000000000000000000 ) ) ;
#5898 = CARTESIAN_POINT ( 'NONE',  ( -1.498499999999999100, 1.772999999999999900, 2.050000000000000300 ) ) ;
#5899 = AXIS2_PLACEMENT_3D ( 'NONE', #6130, #10290, #6042 ) ;
#5900 = AXIS2_PLACEMENT_3D ( 'NONE', #1957, #6780, #6207 ) ;
#5901 = EDGE_CURVE ( 'NONE', #376, #485, #9615, .T. ) ;
#5902 = CARTESIAN_POINT ( 'NONE',  ( 1.695499999999999100, -2.028000000000001400, 1.919999999999999700 ) ) ;
#5903 = VECTOR ( 'NONE', #4454, 39.37007874015748100 ) ;
#5904 = DIRECTION ( 'NONE',  ( -1.000000000000000000, 0.0000000000000000000, 0.0000000000000000000 ) ) ;
#5905 = CIRCLE ( 'NONE', #8807, 0.02499999999999987000 ) ;
#5906 = ORIENTED_EDGE ( 'NONE', *, *, #11044, .F. ) ;
#5907 = CARTESIAN_POINT ( 'NONE',  ( -1.701999999999999500, 1.619499999999999500, 1.639999999999999900 ) ) ;
#5908 = DIRECTION ( 'NONE',  ( 1.000000000000000000, 0.0000000000000000000, -0.0000000000000000000 ) ) ;
#5909 = ADVANCED_FACE ( 'NONE', ( #828 ), #7089, .T. ) ;
#5910 = VECTOR ( 'NONE', #5494, 39.37007874015748100 ) ;
#5911 = AXIS2_PLACEMENT_3D ( 'NONE', #5048, #6158, #1090 ) ;
#5912 = ORIENTED_EDGE ( 'NONE', *, *, #106, .T. ) ;
#5913 = LINE ( 'NONE', #5080, #8978 ) ;
#5914 = VERTEX_POINT ( 'NONE', #1900 ) ;
#5915 = EDGE_CURVE ( 'NONE', #4171, #8212, #9350, .T. ) ;
#5916 = ORIENTED_EDGE ( 'NONE', *, *, #7243, .T. ) ;
#5917 = DIRECTION ( 'NONE',  ( -0.0000000000000000000, 1.000000000000000000, -0.0000000000000000000 ) ) ;
#5918 = ORIENTED_EDGE ( 'NONE', *, *, #1335, .T. ) ;
#5919 = CARTESIAN_POINT ( 'NONE',  ( -1.769999999999999400, 2.264999999999998800, 1.580000000000000100 ) ) ;
#5920 = VERTEX_POINT ( 'NONE', #9555 ) ;
#5921 = CYLINDRICAL_SURFACE ( 'NONE', #4887, 0.1535000000000004100 ) ;
#5922 = DIRECTION ( 'NONE',  ( 0.0000000000000000000, 0.0000000000000000000, 1.000000000000000000 ) ) ;
#5923 = DIRECTION ( 'NONE',  ( -1.000000000000000000, 0.0000000000000000000, 0.0000000000000000000 ) ) ;
#5924 = ORIENTED_EDGE ( 'NONE', *, *, #1186, .F. ) ;
#5925 = FACE_OUTER_BOUND ( 'NONE', #5692, .T. ) ;
#5926 = ORIENTED_EDGE ( 'NONE', *, *, #5753, .T. ) ;
#5927 = CARTESIAN_POINT ( 'NONE',  ( -1.339999999999999900, -1.515499999999999600, 0.3700000000000001100 ) ) ;
#5928 = EDGE_CURVE ( 'NONE', #3981, #10079, #2269, .T. ) ;
#5929 = CIRCLE ( 'NONE', #1237, 0.1574999999999998900 ) ;
#5930 = VERTEX_POINT ( 'NONE', #2659 ) ;
#5931 = DIRECTION ( 'NONE',  ( -0.0000000000000000000, -0.0000000000000000000, 1.000000000000000000 ) ) ;
#5932 = FACE_OUTER_BOUND ( 'NONE', #6317, .T. ) ;
#5933 = CARTESIAN_POINT ( 'NONE',  ( 1.002499999999999900, -1.926500000000000300, 1.564999999999999700 ) ) ;
#5934 = EDGE_CURVE ( 'NONE', #10582, #8067, #3194, .T. ) ;
#5935 = LINE ( 'NONE', #7537, #7932 ) ;
#5936 = EDGE_LOOP ( 'NONE', ( #8341, #11012, #6885, #771 ) ) ;
#5937 = ORIENTED_EDGE ( 'NONE', *, *, #1948, .T. ) ;
#5938 = CARTESIAN_POINT ( 'NONE',  ( -1.538000000000000500, -2.027999999999999100, 2.044999999999999500 ) ) ;
#5939 = DIRECTION ( 'NONE',  ( 1.000000000000000000, 0.0000000000000000000, 0.0000000000000000000 ) ) ;
#5940 = CARTESIAN_POINT ( 'NONE',  ( 1.081000000000000400, -1.926500000000000300, 1.639999999999999900 ) ) ;
#5941 = ORIENTED_EDGE ( 'NONE', *, *, #1280, .T. ) ;
#5942 = ORIENTED_EDGE ( 'NONE', *, *, #9269, .T. ) ;
#5943 = ORIENTED_EDGE ( 'NONE', *, *, #4586, .T. ) ;
#5944 = DIRECTION ( 'NONE',  ( 0.0000000000000000000, 0.0000000000000000000, 1.000000000000000000 ) ) ;
#5945 = ORIENTED_EDGE ( 'NONE', *, *, #7069, .F. ) ;
#5946 = VECTOR ( 'NONE', #717, 39.37007874015748100 ) ;
#5947 = VECTOR ( 'NONE', #8290, 39.37007874015748100 ) ;
#5948 = ORIENTED_EDGE ( 'NONE', *, *, #254, .F. ) ;
#5949 = CARTESIAN_POINT ( 'NONE',  ( -0.7070000000000014100, -1.926500000000000300, 1.639999999999999900 ) ) ;
#5950 = FACE_OUTER_BOUND ( 'NONE', #1057, .T. ) ;
#5951 = EDGE_CURVE ( 'NONE', #7030, #10443, #4786, .T. ) ;
#5952 = EDGE_CURVE ( 'NONE', #5264, #1824, #8668, .T. ) ;
#5953 = DIRECTION ( 'NONE',  ( 0.0000000000000000000, 0.0000000000000000000, 1.000000000000000000 ) ) ;
#5954 = AXIS2_PLACEMENT_3D ( 'NONE', #3861, #6544, #6422 ) ;
#5955 = VERTEX_POINT ( 'NONE', #9518 ) ;
#5956 = EDGE_CURVE ( 'NONE', #656, #9262, #9342, .T. ) ;
#5957 = EDGE_LOOP ( 'NONE', ( #5298, #9162, #7475, #4077 ) ) ;
#5958 = ORIENTED_EDGE ( 'NONE', *, *, #6897, .T. ) ;
#5959 = ORIENTED_EDGE ( 'NONE', *, *, #6673, .F. ) ;
#5960 = FACE_OUTER_BOUND ( 'NONE', #9812, .T. ) ;
#5961 = CARTESIAN_POINT ( 'NONE',  ( -1.538000000000000500, -2.027999999999999100, 2.004999999999999400 ) ) ;
#5962 = FACE_OUTER_BOUND ( 'NONE', #9288, .T. ) ;
#5963 = DIRECTION ( 'NONE',  ( 0.0000000000000000000, 0.0000000000000000000, 1.000000000000000000 ) ) ;
#5964 = CARTESIAN_POINT ( 'NONE',  ( -1.625848074029412800, -2.120848074029416000, 1.605000000000000000 ) ) ;
#5965 = VERTEX_POINT ( 'NONE', #2688 ) ;
#5966 = DIRECTION ( 'NONE',  ( -1.000000000000000000, 0.0000000000000000000, 0.0000000000000000000 ) ) ;
#5967 = CARTESIAN_POINT ( 'NONE',  ( -1.608132083511383300, -1.946527668117621600, 2.044999999999999500 ) ) ;
#5968 = DIRECTION ( 'NONE',  ( -0.0000000000000000000, -0.0000000000000000000, -1.000000000000000000 ) ) ;
#5969 = EDGE_LOOP ( 'NONE', ( #2351, #8215, #7115, #10509 ) ) ;
#5970 = AXIS2_PLACEMENT_3D ( 'NONE', #2099, #477, #9030 ) ;
#5971 = ORIENTED_EDGE ( 'NONE', *, *, #9983, .T. ) ;
#5972 = AXIS2_PLACEMENT_3D ( 'NONE', #9689, #7971, #8858 ) ;
#5973 = EDGE_CURVE ( 'NONE', #7389, #1275, #6410, .T. ) ;
#5974 = ORIENTED_EDGE ( 'NONE', *, *, #10099, .F. ) ;
#5975 = VECTOR ( 'NONE', #3489, 39.37007874015748100 ) ;
#5976 = ADVANCED_FACE ( 'NONE', ( #2132 ), #1616, .T. ) ;
#5977 = FACE_BOUND ( 'NONE', #3494, .T. ) ;
#5978 = CARTESIAN_POINT ( 'NONE',  ( -1.620537761801986300, 1.925040403015942900, 2.037079749950507800 ) ) ;
#5979 = VERTEX_POINT ( 'NONE', #9489 ) ;
#5980 = DIRECTION ( 'NONE',  ( -0.0000000000000000000, -0.0000000000000000000, -1.000000000000000000 ) ) ;
#5981 = DIRECTION ( 'NONE',  ( -1.000000000000000000, 0.0000000000000000000, 0.0000000000000000000 ) ) ;
#5982 = ORIENTED_EDGE ( 'NONE', *, *, #6123, .F. ) ;
#5983 = CARTESIAN_POINT ( 'NONE',  ( 1.081000000000000400, 1.926500000000000300, 1.564999999999999700 ) ) ;
#5984 = ORIENTED_EDGE ( 'NONE', *, *, #2668, .F. ) ;
#5985 = FACE_OUTER_BOUND ( 'NONE', #4360, .T. ) ;
#5986 = AXIS2_PLACEMENT_3D ( 'NONE', #7423, #6690, #8392 ) ;
#5987 = ORIENTED_EDGE ( 'NONE', *, *, #1035, .T. ) ;
#5988 = FACE_OUTER_BOUND ( 'NONE', #1790, .T. ) ;
#5989 = EDGE_CURVE ( 'NONE', #6663, #9774, #6811, .T. ) ;
#5990 = VERTEX_POINT ( 'NONE', #101 ) ;
#5991 = DIRECTION ( 'NONE',  ( -0.0000000000000000000, -0.0000000000000000000, -1.000000000000000000 ) ) ;
#5992 = VERTEX_POINT ( 'NONE', #1046 ) ;
#5993 = CARTESIAN_POINT ( 'NONE',  ( -1.081000000000000400, 1.926500000000000300, 1.630000000000000100 ) ) ;
#5994 = VECTOR ( 'NONE', #510, 39.37007874015748100 ) ;
#5995 = CARTESIAN_POINT ( 'NONE',  ( -1.393102622522006500, 2.146999999999999400, 0.1200000000000000900 ) ) ;
#5996 = DIRECTION ( 'NONE',  ( 0.0000000000000000000, 0.0000000000000000000, -1.000000000000000000 ) ) ;
#5997 = DIRECTION ( 'NONE',  ( -0.0000000000000000000, -0.0000000000000000000, 1.000000000000000000 ) ) ;
#5998 = DIRECTION ( 'NONE',  ( 0.0000000000000000000, 0.0000000000000000000, -1.000000000000000000 ) ) ;
#5999 = CARTESIAN_POINT ( 'NONE',  ( 0.9774999999999999200, 1.926500000000000300, 1.639999999999999900 ) ) ;
#6000 = CARTESIAN_POINT ( 'NONE',  ( 0.7070000000000014100, 2.146999999999998900, 2.050000000000000300 ) ) ;
#6001 = CARTESIAN_POINT ( 'NONE',  ( -1.081000000000000400, 1.926500000000000300, 1.639999999999999900 ) ) ;
#6002 = LINE ( 'NONE', #7130, #9209 ) ;
#6003 = DIRECTION ( 'NONE',  ( -0.0000000000000000000, -0.0000000000000000000, -1.000000000000000000 ) ) ;
#6004 = CARTESIAN_POINT ( 'NONE',  ( 1.701999999999999500, 1.619499999999999500, 1.630000000000000100 ) ) ;
#6005 = DIRECTION ( 'NONE',  ( 0.0000000000000000000, 0.0000000000000000000, 1.000000000000000000 ) ) ;
#6006 = CIRCLE ( 'NONE', #7797, 0.2704999999999984600 ) ;
#6007 = VERTEX_POINT ( 'NONE', #3579 ) ;
#6008 = CARTESIAN_POINT ( 'NONE',  ( 1.721949358009806200, -2.120848074029415100, 0.04805064199019536800 ) ) ;
#6009 = LINE ( 'NONE', #708, #10540 ) ;
#6010 = EDGE_CURVE ( 'NONE', #8780, #8491, #5457, .T. ) ;
#6011 = EDGE_CURVE ( 'NONE', #4376, #6189, #1223, .T. ) ;
#6012 = AXIS2_PLACEMENT_3D ( 'NONE', #6393, #7277, #9804 ) ;
#6013 = CARTESIAN_POINT ( 'NONE',  ( 0.7070000000000014100, -2.196999999999998700, 1.630000000000000100 ) ) ;
#6014 = CARTESIAN_POINT ( 'NONE',  ( -1.459259842519685700, -2.027999999999999600, 1.267500000000000100 ) ) ;
#6015 = CARTESIAN_POINT ( 'NONE',  ( -1.759999999999998700, -2.120848074029416000, 1.614999999999999800 ) ) ;
#6016 = FACE_OUTER_BOUND ( 'NONE', #8399, .T. ) ;
#6017 = EDGE_LOOP ( 'NONE', ( #4638, #10312 ) ) ;
#6018 = CIRCLE ( 'NONE', #10303, 0.1535000000000004100 ) ;
#6019 = DIRECTION ( 'NONE',  ( 1.000000000000000000, 0.0000000000000000000, 0.0000000000000000000 ) ) ;
#6020 = ADVANCED_FACE ( 'NONE', ( #10524 ), #7865, .T. ) ;
#6021 = DIRECTION ( 'NONE',  ( 0.0000000000000000000, 0.0000000000000000000, 1.000000000000000000 ) ) ;
#6022 = AXIS2_PLACEMENT_3D ( 'NONE', #4917, #2298, #8275 ) ;
#6023 = EDGE_CURVE ( 'NONE', #6915, #894, #10950, .T. ) ;
#6024 = CARTESIAN_POINT ( 'NONE',  ( -1.277250000000000400, 2.027999999999999100, 0.0000000000000000000 ) ) ;
#6025 = FACE_OUTER_BOUND ( 'NONE', #3016, .T. ) ;
#6026 = EDGE_CURVE ( 'NONE', #8573, #2372, #6545, .T. ) ;
#6027 = FACE_OUTER_BOUND ( 'NONE', #9227, .T. ) ;
#6029 = CARTESIAN_POINT ( 'NONE',  ( -1.625848074029412800, -2.216949358009806700, 2.121949358009804300 ) ) ;
#6028 = CARTESIAN_POINT ( 'NONE',  ( -1.538000000000000500, 2.027999999999999600, 1.605000000000000000 ) ) ;
#6030 = DIRECTION ( 'NONE',  ( -1.000000000000000000, 0.0000000000000000000, 0.0000000000000000000 ) ) ;
#6031 = ORIENTED_EDGE ( 'NONE', *, *, #7214, .F. ) ;
#6032 = CARTESIAN_POINT ( 'NONE',  ( 1.538000000000000500, 2.027999999999999100, 1.919999999999999700 ) ) ;
#6033 = VECTOR ( 'NONE', #6259, 39.37007874015748100 ) ;
#6034 = CARTESIAN_POINT ( 'NONE',  ( 1.651999999999999500, 1.619499999999999500, 1.630000000000000100 ) ) ;
#6035 = VECTOR ( 'NONE', #6197, 39.37007874015748100 ) ;
#6036 = VERTEX_POINT ( 'NONE', #2867 ) ;
#6037 = DIRECTION ( 'NONE',  ( -0.0000000000000000000, -0.0000000000000000000, -1.000000000000000000 ) ) ;
#6038 = CARTESIAN_POINT ( 'NONE',  ( 1.459259842519685700, 2.027999999999999600, 1.580000000000000100 ) ) ;
#6039 = AXIS2_PLACEMENT_3D ( 'NONE', #7349, #3983, #2130 ) ;
#6040 = EDGE_LOOP ( 'NONE', ( #10179, #1336, #3632, #10083 ) ) ;
#6041 = AXIS2_PLACEMENT_3D ( 'NONE', #8674, #5279, #1069 ) ;
#6042 = DIRECTION ( 'NONE',  ( 0.0000000000000000000, 0.0000000000000000000, -1.000000000000000000 ) ) ;
#6043 = DIRECTION ( 'NONE',  ( -1.000000000000000000, 1.272782003896287900E-015, 0.0000000000000000000 ) ) ;
#6044 = DIRECTION ( 'NONE',  ( 0.0000000000000000000, -1.000000000000000000, 0.0000000000000000000 ) ) ;
#6045 = DIRECTION ( 'NONE',  ( 1.000000000000000000, 0.0000000000000000000, 0.0000000000000000000 ) ) ;
#6046 = ORIENTED_EDGE ( 'NONE', *, *, #4289, .T. ) ;
#6047 = FACE_OUTER_BOUND ( 'NONE', #9479, .T. ) ;
#6048 = LINE ( 'NONE', #8324, #1389 ) ;
#6049 = ORIENTED_EDGE ( 'NONE', *, *, #8663, .F. ) ;
#6050 = DIRECTION ( 'NONE',  ( -0.0000000000000000000, -0.0000000000000000000, -1.000000000000000000 ) ) ;
#6051 = ORIENTED_EDGE ( 'NONE', *, *, #861, .F. ) ;
#6052 = DIRECTION ( 'NONE',  ( 1.000000000000000000, 3.086833891146059900E-016, -0.0000000000000000000 ) ) ;
#6053 = AXIS2_PLACEMENT_3D ( 'NONE', #722, #5879, #5908 ) ;
#6054 = EDGE_CURVE ( 'NONE', #4204, #4654, #10, .T. ) ;
#6055 = ORIENTED_EDGE ( 'NONE', *, *, #2578, .T. ) ;
#6056 = FACE_OUTER_BOUND ( 'NONE', #367, .T. ) ;
#6057 = VERTEX_POINT ( 'NONE', #354 ) ;
#6058 = CIRCLE ( 'NONE', #2667, 0.1574999999999998900 ) ;
#6059 = CARTESIAN_POINT ( 'NONE',  ( -1.538000000000000500, 2.027999999999999600, 1.919999999999999700 ) ) ;
#6060 = LINE ( 'NONE', #7431, #4324 ) ;
#6061 = VERTEX_POINT ( 'NONE', #3641 ) ;
#6062 = CARTESIAN_POINT ( 'NONE',  ( 1.538000000000000500, 2.027999999999999100, 1.605000000000000000 ) ) ;
#6063 = AXIS2_PLACEMENT_3D ( 'NONE', #4939, #3290, #10981 ) ;
#6064 = ORIENTED_EDGE ( 'NONE', *, *, #6460, .T. ) ;
#6065 = CARTESIAN_POINT ( 'NONE',  ( 1.498499999999999100, -1.873000000000000000, 1.639999999999999900 ) ) ;
#6066 = CARTESIAN_POINT ( 'NONE',  ( 1.498499999999999100, -1.823000000000000000, 1.564999999999999700 ) ) ;
#6067 = CARTESIAN_POINT ( 'NONE',  ( 1.081000000000000400, -1.926500000000000300, 2.050000000000000300 ) ) ;
#6068 = DIRECTION ( 'NONE',  ( -1.000000000000000000, 0.0000000000000000000, 0.0000000000000000000 ) ) ;
#6069 = VERTEX_POINT ( 'NONE', #4655 ) ;
#6070 = TOROIDAL_SURFACE ( 'NONE', #8020, 0.1074999999999994000, 0.04000000000000000100 ) ;
#6071 = DIRECTION ( 'NONE',  ( -1.000000000000000000, 0.0000000000000000000, 0.0000000000000000000 ) ) ;
#6072 = FACE_OUTER_BOUND ( 'NONE', #5300, .T. ) ;
#6073 = ORIENTED_EDGE ( 'NONE', *, *, #7601, .T. ) ;
#6074 = EDGE_CURVE ( 'NONE', #3098, #2735, #4521, .T. ) ;
#6075 = CIRCLE ( 'NONE', #7502, 0.1074999999999993300 ) ;
#6076 = ADVANCED_FACE ( 'NONE', ( #10404 ), #2263, .F. ) ;
#6077 = ORIENTED_EDGE ( 'NONE', *, *, #8348, .T. ) ;
#6078 = DIRECTION ( 'NONE',  ( 0.0000000000000000000, -1.000000000000000000, -0.0000000000000000000 ) ) ;
#6079 = EDGE_CURVE ( 'NONE', #5965, #8056, #8797, .T. ) ;
#6080 = CARTESIAN_POINT ( 'NONE',  ( 1.651999999999999500, 1.619499999999999500, 2.050000000000000300 ) ) ;
#6081 = DIRECTION ( 'NONE',  ( -0.0000000000000000000, -0.0000000000000000000, 1.000000000000000000 ) ) ;
#6082 = EDGE_LOOP ( 'NONE', ( #4339, #7195, #5959, #3696 ) ) ;
#6083 = ORIENTED_EDGE ( 'NONE', *, *, #5461, .T. ) ;
#6084 = DIRECTION ( 'NONE',  ( 0.0000000000000000000, 0.0000000000000000000, 1.000000000000000000 ) ) ;
#6085 = EDGE_LOOP ( 'NONE', ( #1438, #1431, #4558, #10590 ) ) ;
#6086 = CARTESIAN_POINT ( 'NONE',  ( -1.081000000000000400, -1.926500000000000300, 1.630000000000000100 ) ) ;
#6087 = VECTOR ( 'NONE', #1430, 39.37007874015748100 ) ;
#6088 = DIRECTION ( 'NONE',  ( 0.0000000000000000000, 0.0000000000000000000, 1.000000000000000000 ) ) ;
#6089 = TOROIDAL_SURFACE ( 'NONE', #995, 0.1674999999999998200, 0.01000000000000000000 ) ;
#6090 = CARTESIAN_POINT ( 'NONE',  ( -0.7070000000000014100, 2.246999999999998600, 1.639999999999999900 ) ) ;
#6091 = LINE ( 'NONE', #575, #3545 ) ;
#6092 = ORIENTED_EDGE ( 'NONE', *, *, #8889, .T. ) ;
#6093 = DIRECTION ( 'NONE',  ( -1.000000000000000000, 0.0000000000000000000, 0.0000000000000000000 ) ) ;
#6094 = EDGE_LOOP ( 'NONE', ( #1747, #5139, #6336, #6643 ) ) ;
#6095 = VERTEX_POINT ( 'NONE', #10615 ) ;
#6096 = ADVANCED_FACE ( 'NONE', ( #2792 ), #2945, .T. ) ;
#6097 = DIRECTION ( 'NONE',  ( 0.0000000000000000000, -1.000000000000000000, 0.0000000000000000000 ) ) ;
#6098 = AXIS2_PLACEMENT_3D ( 'NONE', #3846, #9828, #3808 ) ;
#6099 = VERTEX_POINT ( 'NONE', #1195 ) ;
#6100 = EDGE_CURVE ( 'NONE', #6903, #2778, #1993, .T. ) ;
#6101 = VECTOR ( 'NONE', #7729, 39.37007874015748100 ) ;
#6102 = EDGE_CURVE ( 'NONE', #10517, #1462, #5724, .T. ) ;
#6103 = AXIS2_PLACEMENT_3D ( 'NONE', #723, #6682, #24 ) ;
#6104 = EDGE_CURVE ( 'NONE', #8123, #8132, #10795, .T. ) ;
#6105 = FACE_OUTER_BOUND ( 'NONE', #4572, .T. ) ;
#6106 = DIRECTION ( 'NONE',  ( -0.0000000000000000000, -0.0000000000000000000, 1.000000000000000000 ) ) ;
#6107 = ORIENTED_EDGE ( 'NONE', *, *, #10289, .T. ) ;
#6108 = ORIENTED_EDGE ( 'NONE', *, *, #252, .T. ) ;
#6109 = ORIENTED_EDGE ( 'NONE', *, *, #8570, .T. ) ;
#6110 = DIRECTION ( 'NONE',  ( -0.0000000000000000000, -0.0000000000000000000, 1.000000000000000000 ) ) ;
#6111 = ORIENTED_EDGE ( 'NONE', *, *, #6382, .F. ) ;
#6112 = CARTESIAN_POINT ( 'NONE',  ( 1.081000000000000400, 1.848000000000000100, 1.564999999999999700 ) ) ;
#6113 = ORIENTED_EDGE ( 'NONE', *, *, #6102, .T. ) ;
#6114 = FACE_OUTER_BOUND ( 'NONE', #2357, .T. ) ;
#6115 = DIRECTION ( 'NONE',  ( 0.0000000000000000000, 0.0000000000000000000, -1.000000000000000000 ) ) ;
#6116 = VERTEX_POINT ( 'NONE', #9767 ) ;
#6117 = CIRCLE ( 'NONE', #2340, 0.02499999999999987000 ) ;
#6118 = CARTESIAN_POINT ( 'NONE',  ( 1.081000000000000400, 1.926500000000000300, 1.580000000000000100 ) ) ;
#6119 = CARTESIAN_POINT ( 'NONE',  ( -1.339999999999999900, -1.515499999999999600, 0.3700000000000001100 ) ) ;
#6120 = ORIENTED_EDGE ( 'NONE', *, *, #3670, .T. ) ;
#6121 = AXIS2_PLACEMENT_3D ( 'NONE', #5700, #8945, #10771 ) ;
#6122 = AXIS2_PLACEMENT_3D ( 'NONE', #1247, #7208, #2081 ) ;
#6123 = EDGE_CURVE ( 'NONE', #8067, #6366, #2534, .T. ) ;
#6124 = DIRECTION ( 'NONE',  ( -1.000000000000000000, 0.0000000000000000000, 0.0000000000000000000 ) ) ;
#6125 = ORIENTED_EDGE ( 'NONE', *, *, #4104, .F. ) ;
#6126 = TOROIDAL_SURFACE ( 'NONE', #8107, 0.07850000000000047200, 0.02500000000000000100 ) ;
#6127 = CARTESIAN_POINT ( 'NONE',  ( 1.701999999999999500, 1.619499999999999500, 1.580000000000000100 ) ) ;
#6128 = ORIENTED_EDGE ( 'NONE', *, *, #6846, .F. ) ;
#6129 = CIRCLE ( 'NONE', #7750, 0.1535000000000004100 ) ;
#6130 = CARTESIAN_POINT ( 'NONE',  ( -0.7070000000000014100, -1.848000000000000100, 1.564999999999999700 ) ) ;
#6131 = ADVANCED_FACE ( 'NONE', ( #4128 ), #7944, .T. ) ;
#6132 = CARTESIAN_POINT ( 'NONE',  ( 1.616740157480315100, 2.027999999999999600, 1.267500000000000100 ) ) ;
#6133 = ORIENTED_EDGE ( 'NONE', *, *, #2142, .F. ) ;
#6134 = DIRECTION ( 'NONE',  ( -0.0000000000000000000, -1.000000000000000000, -0.0000000000000000000 ) ) ;
#6135 = DIRECTION ( 'NONE',  ( -1.000000000000000000, 0.0000000000000000000, 0.0000000000000000000 ) ) ;
#6136 = AXIS2_PLACEMENT_3D ( 'NONE', #7429, #2278, #8250 ) ;
#6137 = EDGE_LOOP ( 'NONE', ( #6462, #5918, #7453, #7980 ) ) ;
#6138 = AXIS2_PLACEMENT_3D ( 'NONE', #10437, #5334, #1095 ) ;
#6139 = CARTESIAN_POINT ( 'NONE',  ( -1.027499999999999900, 1.926500000000000300, 1.639999999999999900 ) ) ;
#6140 = TOROIDAL_SURFACE ( 'NONE', #6991, 0.09610128398039072300, 0.04805064199019536800 ) ;
#6141 = CARTESIAN_POINT ( 'NONE',  ( 1.081000000000000400, 1.926500000000000300, 2.050000000000000300 ) ) ;
#6142 = DIRECTION ( 'NONE',  ( -1.000000000000000000, 0.0000000000000000000, 0.0000000000000000000 ) ) ;
#6143 = ADVANCED_FACE ( 'NONE', ( #3329 ), #6140, .T. ) ;
#6144 = ORIENTED_EDGE ( 'NONE', *, *, #5329, .F. ) ;
#6145 = EDGE_LOOP ( 'NONE', ( #10922, #9421, #4774, #8452 ) ) ;
#6146 = CYLINDRICAL_SURFACE ( 'NONE', #6843, 0.1875000000000001100 ) ;
#6147 = AXIS2_PLACEMENT_3D ( 'NONE', #5938, #8470, #9258 ) ;
#6149 = CARTESIAN_POINT ( 'NONE',  ( 1.498499999999999100, -1.823000000000000000, 1.639999999999999900 ) ) ;
#6148 = CARTESIAN_POINT ( 'NONE',  ( -0.7070000000000014100, -1.926500000000000300, 1.605000000000000000 ) ) ;
#6150 = DIRECTION ( 'NONE',  ( 0.0000000000000000000, 0.0000000000000000000, 1.000000000000000000 ) ) ;
#6151 = EDGE_CURVE ( 'NONE', #5863, #9693, #3844, .T. ) ;
#6152 = CARTESIAN_POINT ( 'NONE',  ( -1.081000000000000400, 1.926500000000000300, 1.564999999999999700 ) ) ;
#6153 = CARTESIAN_POINT ( 'NONE',  ( 1.409987305317013300, -1.890999999999998200, -0.3943848084544492900 ) ) ;
#6154 = EDGE_CURVE ( 'NONE', #1145, #8128, #8138, .T. ) ;
#6155 = ADVANCED_FACE ( 'NONE', ( #822 ), #9063, .T. ) ;
#6156 = FACE_OUTER_BOUND ( 'NONE', #9587, .T. ) ;
#6157 = CIRCLE ( 'NONE', #1623, 0.04805064199019547200 ) ;
#6158 = DIRECTION ( 'NONE',  ( -0.0000000000000000000, -0.0000000000000000000, 1.000000000000000000 ) ) ;
#6159 = CARTESIAN_POINT ( 'NONE',  ( 1.498499999999999100, 1.823000000000000000, 1.639999999999999900 ) ) ;
#6160 = DIRECTION ( 'NONE',  ( -1.000000000000000000, 0.0000000000000000000, 0.0000000000000000000 ) ) ;
#6161 = CIRCLE ( 'NONE', #4986, 0.1674999999999997900 ) ;
#6162 = CIRCLE ( 'NONE', #405, 0.2535000000000004500 ) ;
#6163 = EDGE_CURVE ( 'NONE', #711, #10596, #8531, .T. ) ;
#6164 = EDGE_CURVE ( 'NONE', #142, #2067, #1101, .T. ) ;
#6165 = AXIS2_PLACEMENT_3D ( 'NONE', #10252, #5038, #9395 ) ;
#6166 = DIRECTION ( 'NONE',  ( 0.0000000000000000000, 0.0000000000000000000, -1.000000000000000000 ) ) ;
#6167 = CARTESIAN_POINT ( 'NONE',  ( 0.7070000000000014100, -2.196999999999998700, 1.639999999999999900 ) ) ;
#6168 = DIRECTION ( 'NONE',  ( -0.0000000000000000000, -0.0000000000000000000, 1.000000000000000000 ) ) ;
#6169 = LINE ( 'NONE', #2182, #1378 ) ;
#6170 = VECTOR ( 'NONE', #468, 39.37007874015748100 ) ;
#6171 = CARTESIAN_POINT ( 'NONE',  ( -1.701999999999999500, -1.619499999999999500, 1.639999999999999900 ) ) ;
#6172 = ORIENTED_EDGE ( 'NONE', *, *, #4565, .F. ) ;
#6173 = ADVANCED_FACE ( 'NONE', ( #3987 ), #9990, .T. ) ;
#6174 = AXIS2_PLACEMENT_3D ( 'NONE', #10628, #6400, #7247 ) ;
#6175 = CARTESIAN_POINT ( 'NONE',  ( -1.089749999999999800, -2.027999999999999100, 0.0000000000000000000 ) ) ;
#6176 = EDGE_CURVE ( 'NONE', #8491, #8780, #9863, .T. ) ;
#6178 = DIRECTION ( 'NONE',  ( -0.0000000000000000000, -0.0000000000000000000, 1.000000000000000000 ) ) ;
#6177 = DIRECTION ( 'NONE',  ( -0.0000000000000000000, -0.0000000000000000000, -1.000000000000000000 ) ) ;
#6179 = CIRCLE ( 'NONE', #10589, 0.009999999999999892700 ) ;
#6180 = DIRECTION ( 'NONE',  ( -1.000000000000000000, 0.0000000000000000000, 0.0000000000000000000 ) ) ;
#6181 = VECTOR ( 'NONE', #10860, 39.37007874015748100 ) ;
#6182 = ORIENTED_EDGE ( 'NONE', *, *, #9879, .T. ) ;
#6183 = CARTESIAN_POINT ( 'NONE',  ( -1.497500000000000900, 1.515499999999999600, 0.3700000000000001100 ) ) ;
#6184 = ORIENTED_EDGE ( 'NONE', *, *, #1986, .T. ) ;
#6185 = DIRECTION ( 'NONE',  ( 1.000000000000000000, 0.0000000000000000000, 0.0000000000000000000 ) ) ;
#6186 = ORIENTED_EDGE ( 'NONE', *, *, #10961, .T. ) ;
#6187 = ADVANCED_FACE ( 'NONE', ( #5867 ), #9907, .F. ) ;
#6188 = DIRECTION ( 'NONE',  ( 1.000000000000000000, 0.0000000000000000000, 0.0000000000000000000 ) ) ;
#6189 = VERTEX_POINT ( 'NONE', #5704 ) ;
#6190 = ORIENTED_EDGE ( 'NONE', *, *, #2376, .F. ) ;
#6191 = VECTOR ( 'NONE', #4794, 39.37007874015748100 ) ;
#6192 = FACE_OUTER_BOUND ( 'NONE', #1714, .T. ) ;
#6193 = EDGE_LOOP ( 'NONE', ( #2454, #9973, #1786, #1014 ) ) ;
#6194 = AXIS2_PLACEMENT_3D ( 'NONE', #10830, #3069, #9046 ) ;
#6195 = EDGE_CURVE ( 'NONE', #9056, #10744, #1473, .T. ) ;
#6196 = DIRECTION ( 'NONE',  ( -0.0000000000000000000, -0.0000000000000000000, -1.000000000000000000 ) ) ;
#6197 = DIRECTION ( 'NONE',  ( -0.0000000000000000000, -0.0000000000000000000, -1.000000000000000000 ) ) ;
#6198 = ORIENTED_EDGE ( 'NONE', *, *, #7313, .F. ) ;
#6199 = DIRECTION ( 'NONE',  ( 0.0000000000000000000, -0.0000000000000000000, 1.000000000000000000 ) ) ;
#6200 = LINE ( 'NONE', #3555, #344 ) ;
#6201 = ORIENTED_EDGE ( 'NONE', *, *, #9458, .F. ) ;
#6202 = VECTOR ( 'NONE', #10314, 39.37007874015748100 ) ;
#6203 = CYLINDRICAL_SURFACE ( 'NONE', #7433, 0.02499999999999987000 ) ;
#6204 = ADVANCED_FACE ( 'NONE', ( #3584 ), #584, .T. ) ;
#6205 = ORIENTED_EDGE ( 'NONE', *, *, #5339, .F. ) ;
#6206 = CARTESIAN_POINT ( 'NONE',  ( 1.625848074029415400, -2.265000000000001000, 0.04805064199019547200 ) ) ;
#6207 = DIRECTION ( 'NONE',  ( 0.0000000000000000000, 0.0000000000000000000, -1.000000000000000000 ) ) ;
#6208 = LINE ( 'NONE', #6065, #4727 ) ;
#6209 = ORIENTED_EDGE ( 'NONE', *, *, #3370, .T. ) ;
#6210 = DIRECTION ( 'NONE',  ( 0.0000000000000000000, -1.000000000000000000, 0.0000000000000000000 ) ) ;
#6211 = ORIENTED_EDGE ( 'NONE', *, *, #7799, .T. ) ;
#6212 = DIRECTION ( 'NONE',  ( -0.0000000000000000000, -0.0000000000000000000, -1.000000000000000000 ) ) ;
#6213 = DIRECTION ( 'NONE',  ( -0.0000000000000000000, -0.0000000000000000000, 1.000000000000000000 ) ) ;
#6214 = VERTEX_POINT ( 'NONE', #6389 ) ;
#6215 = ORIENTED_EDGE ( 'NONE', *, *, #4253, .F. ) ;
#6216 = EDGE_LOOP ( 'NONE', ( #3028, #3144, #6246, #2169 ) ) ;
#6217 = TOROIDAL_SURFACE ( 'NONE', #10883, 0.1675000000000003400, 0.01000000000000000000 ) ;
#6218 = CARTESIAN_POINT ( 'NONE',  ( -1.616740157480315100, -2.027999999999999600, 1.919999999999999700 ) ) ;
#6219 = VERTEX_POINT ( 'NONE', #6421 ) ;
#6220 = AXIS2_PLACEMENT_3D ( 'NONE', #1841, #10336, #5114 ) ;
#6221 = DIRECTION ( 'NONE',  ( 1.000000000000000000, 0.0000000000000000000, 0.0000000000000000000 ) ) ;
#6222 = CYLINDRICAL_SURFACE ( 'NONE', #1105, 0.05849999999999993400 ) ;
#6224 = CARTESIAN_POINT ( 'NONE',  ( -1.183500000000000000, 2.027999999999999100, 0.0000000000000000000 ) ) ;
#6223 = DIRECTION ( 'NONE',  ( 0.0000000000000000000, 1.000000000000000000, 0.0000000000000000000 ) ) ;
#6225 = VERTEX_POINT ( 'NONE', #6542 ) ;
#6226 = DIRECTION ( 'NONE',  ( 0.0000000000000000000, 0.0000000000000000000, -1.000000000000000000 ) ) ;
#6227 = ORIENTED_EDGE ( 'NONE', *, *, #8939, .T. ) ;
#6228 = ORIENTED_EDGE ( 'NONE', *, *, #6310, .T. ) ;
#6229 = ORIENTED_EDGE ( 'NONE', *, *, #602, .T. ) ;
#6230 = CIRCLE ( 'NONE', #2112, 0.2035000000000004300 ) ;
#6231 = DIRECTION ( 'NONE',  ( 0.0000000000000000000, -1.000000000000000000, 0.0000000000000000000 ) ) ;
#6232 = CIRCLE ( 'NONE', #5272, 0.3204999999999984500 ) ;
#6233 = EDGE_CURVE ( 'NONE', #10902, #9827, #3188, .T. ) ;
#6234 = DIRECTION ( 'NONE',  ( 0.0000000000000000000, 0.0000000000000000000, -1.000000000000000000 ) ) ;
#6235 = AXIS2_PLACEMENT_3D ( 'NONE', #6008, #7788, #7874 ) ;
#6236 = ORIENTED_EDGE ( 'NONE', *, *, #6723, .T. ) ;
#6237 = CARTESIAN_POINT ( 'NONE',  ( -0.7070000000000014100, 2.196999999999998700, 1.630000000000000100 ) ) ;
#6238 = ADVANCED_FACE ( 'NONE', ( #6267 ), #9059, .T. ) ;
#6239 = CARTESIAN_POINT ( 'NONE',  ( 0.7070000000000014100, -2.196999999999998700, 1.639999999999999900 ) ) ;
#6240 = VERTEX_POINT ( 'NONE', #2241 ) ;
#6241 = ORIENTED_EDGE ( 'NONE', *, *, #2653, .F. ) ;
#6242 = CARTESIAN_POINT ( 'NONE',  ( -1.498499999999999100, -1.823000000000000000, 1.540000000000000000 ) ) ;
#6243 = ORIENTED_EDGE ( 'NONE', *, *, #9605, .T. ) ;
#6244 = FACE_OUTER_BOUND ( 'NONE', #2225, .T. ) ;
#6245 = FACE_BOUND ( 'NONE', #7786, .T. ) ;
#6246 = ORIENTED_EDGE ( 'NONE', *, *, #34, .F. ) ;
#6247 = ORIENTED_EDGE ( 'NONE', *, *, #5151, .T. ) ;
#6248 = AXIS2_PLACEMENT_3D ( 'NONE', #10692, #10619, #431 ) ;
#6249 = DIRECTION ( 'NONE',  ( 0.0000000000000000000, 0.0000000000000000000, 1.000000000000000000 ) ) ;
#6250 = ADVANCED_FACE ( 'NONE', ( #7720 ), #10137, .F. ) ;
#6251 = SECURITY_CLASSIFICATION ( '', '', #8249 ) ;
#6252 = EDGE_CURVE ( 'NONE', #5064, #7945, #3451, .T. ) ;
#6253 = ORIENTED_EDGE ( 'NONE', *, *, #4527, .F. ) ;
#6254 = DIRECTION ( 'NONE',  ( 0.0000000000000000000, 0.0000000000000000000, -1.000000000000000000 ) ) ;
#6255 = LINE ( 'NONE', #586, #1458 ) ;
#6256 = EDGE_LOOP ( 'NONE', ( #8683, #5436, #3047, #3906 ) ) ;
#6257 = CIRCLE ( 'NONE', #64, 0.1535000000000004100 ) ;
#6258 = ORIENTED_EDGE ( 'NONE', *, *, #9675, .T. ) ;
#6259 = DIRECTION ( 'NONE',  ( 1.000000000000000000, 0.0000000000000000000, 0.0000000000000000000 ) ) ;
#6260 = DIRECTION ( 'NONE',  ( 0.0000000000000000000, 1.000000000000000000, 0.0000000000000000000 ) ) ;
#6261 = DIRECTION ( 'NONE',  ( -1.000000000000000000, -0.0000000000000000000, -0.0000000000000000000 ) ) ;
#6262 = DIRECTION ( 'NONE',  ( -0.0000000000000000000, -0.0000000000000000000, -1.000000000000000000 ) ) ;
#6263 = EDGE_LOOP ( 'NONE', ( #2380, #2119, #9905, #9023 ) ) ;
#6264 = CARTESIAN_POINT ( 'NONE',  ( -1.498499999999999100, 1.619499999999999500, 1.540000000000000000 ) ) ;
#6265 = CARTESIAN_POINT ( 'NONE',  ( -1.538000000000000500, 2.027999999999999100, 2.044999999999999500 ) ) ;
#6266 = AXIS2_PLACEMENT_3D ( 'NONE', #2399, #8286, #6695 ) ;
#6267 = FACE_OUTER_BOUND ( 'NONE', #7438, .T. ) ;
#6268 = DIRECTION ( 'NONE',  ( -0.5000000000000024400, 0.8660254037844371500, 0.0000000000000000000 ) ) ;
#6269 = EDGE_CURVE ( 'NONE', #6757, #2499, #4291, .T. ) ;
#6270 = DIRECTION ( 'NONE',  ( 0.0000000000000000000, 0.0000000000000000000, 1.000000000000000000 ) ) ;
#6271 = ORIENTED_EDGE ( 'NONE', *, *, #10594, .F. ) ;
#6272 = DIRECTION ( 'NONE',  ( -0.0000000000000000000, -0.0000000000000000000, 1.000000000000000000 ) ) ;
#6273 = CARTESIAN_POINT ( 'NONE',  ( -0.9638306835251589900, -2.146999999999998900, 1.580000000000000100 ) ) ;
#6274 = FACE_OUTER_BOUND ( 'NONE', #7204, .T. ) ;
#6275 = CARTESIAN_POINT ( 'NONE',  ( -1.398499999999999900, -1.515499999999999600, 0.3700000000000001100 ) ) ;
#6276 = AXIS2_PLACEMENT_3D ( 'NONE', #7801, #5206, #7006 ) ;
#6277 = EDGE_CURVE ( 'NONE', #2067, #5706, #5593, .T. ) ;
#6278 = DIRECTION ( 'NONE',  ( 0.0000000000000000000, 0.0000000000000000000, -1.000000000000000000 ) ) ;
#6279 = LINE ( 'NONE', #8982, #9007 ) ;
#6280 = CARTESIAN_POINT ( 'NONE',  ( -1.081000000000000400, -1.926500000000000300, 1.580000000000000100 ) ) ;
#6281 = VECTOR ( 'NONE', #10216, 39.37007874015748100 ) ;
#6282 = PLANE ( 'NONE',  #6649 ) ;
#6283 = DIRECTION ( 'NONE',  ( 0.0000000000000000000, 0.0000000000000000000, -1.000000000000000000 ) ) ;
#6284 = CARTESIAN_POINT ( 'NONE',  ( -1.465238919369501200, 2.114025888465638200, 2.045000000000000400 ) ) ;
#6285 = ADVANCED_FACE ( 'NONE', ( #1347 ), #1866, .F. ) ;
#6286 = DIRECTION ( 'NONE',  ( 0.0000000000000000000, 0.0000000000000000000, 1.000000000000000000 ) ) ;
#6287 = FACE_OUTER_BOUND ( 'NONE', #4647, .T. ) ;
#6288 = ORIENTED_EDGE ( 'NONE', *, *, #5989, .F. ) ;
#6289 = FACE_OUTER_BOUND ( 'NONE', #1656, .T. ) ;
#6291 = CARTESIAN_POINT ( 'NONE',  ( 1.482251619347311900, 2.164559027730145000, 2.044999999999999500 ) ) ;
#6290 = DIRECTION ( 'NONE',  ( -1.000000000000000000, 0.0000000000000000000, 0.0000000000000000000 ) ) ;
#6292 = CARTESIAN_POINT ( 'NONE',  ( -1.769999999999999400, 2.120848074029412900, 0.04805064199019547200 ) ) ;
#6293 = EDGE_CURVE ( 'NONE', #9067, #6861, #5066, .T. ) ;
#6294 = DIRECTION ( 'NONE',  ( 0.5000000000000024400, 0.8660254037844371500, 0.0000000000000000000 ) ) ;
#6295 = CARTESIAN_POINT ( 'NONE',  ( -1.409987305317013300, 1.890999999999998200, 1.580000000000000100 ) ) ;
#6296 = EDGE_CURVE ( 'NONE', #9693, #9058, #9734, .T. ) ;
#6297 = CARTESIAN_POINT ( 'NONE',  ( 1.701999999999999500, 1.619499999999999500, 1.564999999999999700 ) ) ;
#6298 = ADVANCED_FACE ( 'NONE', ( #5327 ), #7470, .T. ) ;
#6299 = VECTOR ( 'NONE', #3186, 39.37007874015748100 ) ;
#6300 = CARTESIAN_POINT ( 'NONE',  ( 1.625848074029415400, 2.264999999999998800, 1.580000000000000100 ) ) ;
#6301 = CYLINDRICAL_SURFACE ( 'NONE', #5367, 0.07874015748031476500 ) ;
#6302 = DIRECTION ( 'NONE',  ( 1.000000000000000000, 1.272782003896287900E-015, 0.0000000000000000000 ) ) ;
#6303 = VERTEX_POINT ( 'NONE', #10016 ) ;
#6304 = DIRECTION ( 'NONE',  ( -0.0000000000000000000, -0.0000000000000000000, -1.000000000000000000 ) ) ;
#6305 = DIRECTION ( 'NONE',  ( 1.000000000000000000, 0.0000000000000000000, -0.0000000000000000000 ) ) ;
#6306 = PLANE ( 'NONE',  #7331 ) ;
#6307 = CARTESIAN_POINT ( 'NONE',  ( 0.7070000000000014100, 1.926500000000000300, 2.050000000000000300 ) ) ;
#6308 = AXIS2_PLACEMENT_3D ( 'NONE', #491, #6286, #8935 ) ;
#6309 = EDGE_CURVE ( 'NONE', #5369, #9524, #4927, .T. ) ;
#6310 = EDGE_CURVE ( 'NONE', #9291, #4371, #11070, .T. ) ;
#6311 = LINE ( 'NONE', #5208, #176 ) ;
#6312 = AXIS2_PLACEMENT_3D ( 'NONE', #8865, #3738, #9761 ) ;
#6313 = EDGE_CURVE ( 'NONE', #1395, #5136, #7205, .T. ) ;
#6314 = ORIENTED_EDGE ( 'NONE', *, *, #8462, .F. ) ;
#6315 = VECTOR ( 'NONE', #551, 39.37007874015748100 ) ;
#6316 = ORIENTED_EDGE ( 'NONE', *, *, #2471, .F. ) ;
#6317 = EDGE_LOOP ( 'NONE', ( #8113, #8046, #339, #5381 ) ) ;
#6318 = DIRECTION ( 'NONE',  ( 1.000000000000000000, 0.0000000000000000000, 0.0000000000000000000 ) ) ;
#6319 = DIRECTION ( 'NONE',  ( -1.000000000000000000, 0.0000000000000000000, 0.0000000000000000000 ) ) ;
#6320 = CARTESIAN_POINT ( 'NONE',  ( 1.701999999999999500, 1.619499999999999500, 1.564999999999999700 ) ) ;
#6321 = ORIENTED_EDGE ( 'NONE', *, *, #3633, .T. ) ;
#6322 = TOROIDAL_SURFACE ( 'NONE', #2395, 0.1675000000000003400, 0.01000000000000000000 ) ;
#6323 = DIRECTION ( 'NONE',  ( 0.0000000000000000000, 0.0000000000000000000, -1.000000000000000000 ) ) ;
#6324 = VECTOR ( 'NONE', #5072, 39.37007874015748100 ) ;
#6325 = EDGE_LOOP ( 'NONE', ( #4881, #1692, #3380, #7943 ) ) ;
#6326 = AXIS2_PLACEMENT_3D ( 'NONE', #10919, #7514, #1712 ) ;
#6327 = ORIENTED_EDGE ( 'NONE', *, *, #10367, .T. ) ;
#6328 = AXIS2_PLACEMENT_3D ( 'NONE', #353, #5357, #3715 ) ;
#6329 = EDGE_CURVE ( 'NONE', #6773, #10386, #8124, .T. ) ;
#6331 = CARTESIAN_POINT ( 'NONE',  ( 1.498499999999999100, -1.619499999999999500, 1.630000000000000100 ) ) ;
#6330 = DIRECTION ( 'NONE',  ( -0.0000000000000000000, -0.0000000000000000000, 1.000000000000000000 ) ) ;
#6332 = CARTESIAN_POINT ( 'NONE',  ( 1.498499999999999100, -1.772999999999999900, 1.630000000000000100 ) ) ;
#6333 = CYLINDRICAL_SURFACE ( 'NONE', #8702, 0.2704999999999985200 ) ;
#6334 = ORIENTED_EDGE ( 'NONE', *, *, #5736, .T. ) ;
#6335 = VECTOR ( 'NONE', #8999, 39.37007874015748100 ) ;
#6336 = ORIENTED_EDGE ( 'NONE', *, *, #899, .F. ) ;
#6337 = FACE_OUTER_BOUND ( 'NONE', #2533, .T. ) ;
#6338 = ORIENTED_EDGE ( 'NONE', *, *, #2265, .T. ) ;
#6339 = CARTESIAN_POINT ( 'NONE',  ( 0.7070000000000014100, -2.246999999999998600, 1.564999999999999700 ) ) ;
#6340 = ORIENTED_EDGE ( 'NONE', *, *, #2407, .T. ) ;
#6341 = CARTESIAN_POINT ( 'NONE',  ( -0.7070000000000014100, -2.196999999999998700, 1.580000000000000100 ) ) ;
#6342 = DIRECTION ( 'NONE',  ( 1.000000000000000000, 0.0000000000000000000, 0.0000000000000000000 ) ) ;
#6343 = AXIS2_PLACEMENT_3D ( 'NONE', #4188, #10156, #4978 ) ;
#6344 = CARTESIAN_POINT ( 'NONE',  ( -0.9774999999999999200, -1.926500000000000300, 1.639999999999999900 ) ) ;
#6345 = ORIENTED_EDGE ( 'NONE', *, *, #48, .F. ) ;
#6346 = ADVANCED_FACE ( 'NONE', ( #8787 ), #4389, .T. ) ;
#6347 = DIRECTION ( 'NONE',  ( -0.0000000000000000000, -0.0000000000000000000, 1.000000000000000000 ) ) ;
#6348 = FACE_OUTER_BOUND ( 'NONE', #1977, .T. ) ;
#6349 = CARTESIAN_POINT ( 'NONE',  ( -1.701999999999999500, -1.619499999999999500, 1.639999999999999900 ) ) ;
#6350 = CYLINDRICAL_SURFACE ( 'NONE', #10065, 0.2035000000000004300 ) ;
#6351 = ORIENTED_EDGE ( 'NONE', *, *, #5666, .T. ) ;
#6352 = VECTOR ( 'NONE', #6623, 39.37007874015748100 ) ;
#6353 = ORIENTED_EDGE ( 'NONE', *, *, #10746, .F. ) ;
#6354 = ORIENTED_EDGE ( 'NONE', *, *, #10887, .T. ) ;
#6355 = VERTEX_POINT ( 'NONE', #1503 ) ;
#6356 = ORIENTED_EDGE ( 'NONE', *, *, #5368, .F. ) ;
#6357 = CARTESIAN_POINT ( 'NONE',  ( -1.576118682408086600, -1.921976505351611400, 2.045000000000000400 ) ) ;
#6358 = CIRCLE ( 'NONE', #1892, 0.009999999999999892700 ) ;
#6359 = CARTESIAN_POINT ( 'NONE',  ( -1.499881317591913900, 2.134023494648385800, 2.045000000000000400 ) ) ;
#6360 = ADVANCED_FACE ( 'NONE', ( #2391 ), #10128, .T. ) ;
#6361 = AXIS2_PLACEMENT_3D ( 'NONE', #10559, #5465, #7294 ) ;
#6362 = LINE ( 'NONE', #8557, #2629 ) ;
#6363 = CARTESIAN_POINT ( 'NONE',  ( 1.081000000000000400, 1.873000000000000000, 1.540000000000000000 ) ) ;
#6364 = VERTEX_POINT ( 'NONE', #2309 ) ;
#6365 = EDGE_CURVE ( 'NONE', #10493, #3974, #3578, .T. ) ;
#6366 = VERTEX_POINT ( 'NONE', #4017 ) ;
#6367 = DIRECTION ( 'NONE',  ( -0.0000000000000000000, -0.0000000000000000000, 1.000000000000000000 ) ) ;
#6368 = ORIENTED_EDGE ( 'NONE', *, *, #9677, .T. ) ;
#6369 = VERTEX_POINT ( 'NONE', #9125 ) ;
#6370 = CIRCLE ( 'NONE', #5328, 0.1035000000000005500 ) ;
#6371 = DIRECTION ( 'NONE',  ( 1.000000000000000000, 0.0000000000000000000, 0.0000000000000000000 ) ) ;
#6372 = FACE_BOUND ( 'NONE', #9988, .T. ) ;
#6373 = CARTESIAN_POINT ( 'NONE',  ( -1.538000000000000500, 2.027999999999999600, 2.169999999999999900 ) ) ;
#6374 = ORIENTED_EDGE ( 'NONE', *, *, #4301, .T. ) ;
#6375 = CARTESIAN_POINT ( 'NONE',  ( -1.380499999999999800, 2.027999999999999600, 1.919999999999999700 ) ) ;
#6376 = EDGE_LOOP ( 'NONE', ( #6755, #11015, #9523, #2208 ) ) ;
#6377 = ORIENTED_EDGE ( 'NONE', *, *, #10009, .T. ) ;
#6378 = ORIENTED_EDGE ( 'NONE', *, *, #7239, .T. ) ;
#6379 = ORIENTED_EDGE ( 'NONE', *, *, #5735, .T. ) ;
#6380 = CARTESIAN_POINT ( 'NONE',  ( 1.498499999999999100, 1.823000000000000000, 1.639999999999999900 ) ) ;
#6381 = ORIENTED_EDGE ( 'NONE', *, *, #5515, .F. ) ;
#6382 = EDGE_CURVE ( 'NONE', #4654, #7662, #7591, .T. ) ;
#6383 = VECTOR ( 'NONE', #1244, 39.37007874015748100 ) ;
#6384 = EDGE_CURVE ( 'NONE', #3534, #2461, #6399, .T. ) ;
#6385 = CARTESIAN_POINT ( 'NONE',  ( 0.9774999999999999200, -1.926500000000000300, 1.639999999999999900 ) ) ;
#6386 = AXIS2_PLACEMENT_3D ( 'NONE', #1082, #1865, #7819 ) ;
#6387 = EDGE_LOOP ( 'NONE', ( #7437, #6829 ) ) ;
#6388 = CYLINDRICAL_SURFACE ( 'NONE', #5911, 0.1875000000000001100 ) ;
#6389 = CARTESIAN_POINT ( 'NONE',  ( 1.770000000000001600, -2.120848074029415100, 0.04805064199019547200 ) ) ;
#6390 = CARTESIAN_POINT ( 'NONE',  ( -1.538000000000000500, 2.027999999999999600, 1.919999999999999700 ) ) ;
#6391 = DIRECTION ( 'NONE',  ( -1.000000000000000000, 0.0000000000000000000, 0.0000000000000000000 ) ) ;
#6392 = ORIENTED_EDGE ( 'NONE', *, *, #7993, .F. ) ;
#6393 = CARTESIAN_POINT ( 'NONE',  ( -1.625848074029413200, 2.120848074029412900, 0.0000000000000000000 ) ) ;
#6394 = DIRECTION ( 'NONE',  ( 0.0000000000000000000, 0.0000000000000000000, 1.000000000000000000 ) ) ;
#6395 = CARTESIAN_POINT ( 'NONE',  ( 1.701999999999999500, -1.619499999999999500, 1.639999999999999900 ) ) ;
#6396 = ORIENTED_EDGE ( 'NONE', *, *, #10485, .T. ) ;
#6397 = ORIENTED_EDGE ( 'NONE', *, *, #536, .T. ) ;
#6398 = VERTEX_POINT ( 'NONE', #2352 ) ;
#6399 = CIRCLE ( 'NONE', #286, 0.1474999999999994600 ) ;
#6400 = DIRECTION ( 'NONE',  ( 0.0000000000000000000, 0.0000000000000000000, 1.000000000000000000 ) ) ;
#6401 = ORIENTED_EDGE ( 'NONE', *, *, #9082, .F. ) ;
#6402 = AXIS2_PLACEMENT_3D ( 'NONE', #8073, #10643, #7261 ) ;
#6403 = AXIS2_PLACEMENT_3D ( 'NONE', #7452, #8268, #10041 ) ;
#6404 = DIRECTION ( 'NONE',  ( -0.0000000000000000000, -0.0000000000000000000, 1.000000000000000000 ) ) ;
#6405 = EDGE_CURVE ( 'NONE', #10353, #337, #268, .T. ) ;
#6406 = ORIENTED_EDGE ( 'NONE', *, *, #6026, .F. ) ;
#6407 = VERTEX_POINT ( 'NONE', #841 ) ;
#6408 = ADVANCED_FACE ( 'NONE', ( #6803 ), #8660, .T. ) ;
#6409 = DIRECTION ( 'NONE',  ( -0.0000000000000000000, -0.0000000000000000000, -1.000000000000000000 ) ) ;
#6410 = LINE ( 'NONE', #5261, #1735 ) ;
#6412 = CARTESIAN_POINT ( 'NONE',  ( -1.502508932639995400, 2.129472331882377400, 2.044999999999999500 ) ) ;
#6411 = CARTESIAN_POINT ( 'NONE',  ( 1.760000000000001800, -2.120848074029415100, 1.605000000000000000 ) ) ;
#6413 = CARTESIAN_POINT ( 'NONE',  ( -1.277250000000000400, -2.027999999999999100, 0.0000000000000000000 ) ) ;
#6414 = AXIS2_PLACEMENT_3D ( 'NONE', #342, #5538, #2899 ) ;
#6415 = EDGE_CURVE ( 'NONE', #5267, #4123, #2924, .T. ) ;
#6416 = CARTESIAN_POINT ( 'NONE',  ( -1.651999999999999500, 1.619499999999999500, 1.630000000000000100 ) ) ;
#6417 = EDGE_LOOP ( 'NONE', ( #6492, #7922, #4228, #4649 ) ) ;
#6418 = CIRCLE ( 'NONE', #10826, 0.1535000000000005500 ) ;
#6419 = ADVANCED_FACE ( 'NONE', ( #6531 ), #3319, .T. ) ;
#6420 = CARTESIAN_POINT ( 'NONE',  ( 1.339999999999999900, -1.515499999999999600, 0.3700000000000001100 ) ) ;
#6421 = CARTESIAN_POINT ( 'NONE',  ( 1.760000000000001800, -2.120848074029415100, 1.605000000000000000 ) ) ;
#6422 = DIRECTION ( 'NONE',  ( 0.0000000000000000000, -0.0000000000000000000, 1.000000000000000000 ) ) ;
#6423 = TOROIDAL_SURFACE ( 'NONE', #1985, 0.1341519259705860900, 0.01000000000000000000 ) ;
#6424 = DIRECTION ( 'NONE',  ( 1.000000000000000000, 0.0000000000000000000, 0.0000000000000000000 ) ) ;
#6425 = EDGE_LOOP ( 'NONE', ( #3562, #10481, #878, #1911 ) ) ;
#6426 = CYLINDRICAL_SURFACE ( 'NONE', #6549, 0.04805064199019547200 ) ;
#6427 = CARTESIAN_POINT ( 'NONE',  ( -1.583643170655250300, -1.908943709406568400, 2.040029703447726800 ) ) ;
#6428 = PLANE ( 'NONE',  #1833 ) ;
#6429 = AXIS2_PLACEMENT_3D ( 'NONE', #6307, #210, #7876 ) ;
#6430 = CARTESIAN_POINT ( 'NONE',  ( -1.393102622522006500, 2.146999999999999400, -0.3943848084544492900 ) ) ;
#6431 = LINE ( 'NONE', #8294, #3472 ) ;
#6432 = FACE_OUTER_BOUND ( 'NONE', #7246, .T. ) ;
#6433 = CARTESIAN_POINT ( 'NONE',  ( -1.448144236928872600, 2.143634746992061100, 2.015548118773191200 ) ) ;
#6434 = CARTESIAN_POINT ( 'NONE',  ( -1.081000000000000400, 1.823000000000000000, 1.580000000000000100 ) ) ;
#6436 = DIRECTION ( 'NONE',  ( -1.000000000000000000, -3.086833891146059900E-016, 0.0000000000000000000 ) ) ;
#6435 = DIRECTION ( 'NONE',  ( -1.000000000000000000, 0.0000000000000000000, 0.0000000000000000000 ) ) ;
#6437 = VECTOR ( 'NONE', #4858, 39.37007874015748100 ) ;
#6438 = DIRECTION ( 'NONE',  ( 1.000000000000000000, 0.0000000000000000000, 0.0000000000000000000 ) ) ;
#6439 = CIRCLE ( 'NONE', #10803, 0.09610128398039066700 ) ;
#6440 = EDGE_CURVE ( 'NONE', #4611, #9478, #10391, .T. ) ;
#6441 = DIRECTION ( 'NONE',  ( -1.000000000000000000, 0.0000000000000000000, 0.0000000000000000000 ) ) ;
#6442 = AXIS2_PLACEMENT_3D ( 'NONE', #9481, #8569, #4355 ) ;
#6443 = ORIENTED_EDGE ( 'NONE', *, *, #5570, .T. ) ;
#6444 = DIRECTION ( 'NONE',  ( -1.000000000000000000, 0.0000000000000000000, 0.0000000000000000000 ) ) ;
#6445 = LINE ( 'NONE', #2484, #5621 ) ;
#6446 = VERTEX_POINT ( 'NONE', #3416 ) ;
#6447 = CYLINDRICAL_SURFACE ( 'NONE', #3718, 0.1535000000000004100 ) ;
#6448 = ORIENTED_EDGE ( 'NONE', *, *, #5170, .T. ) ;
#6449 = CARTESIAN_POINT ( 'NONE',  ( -0.7070000000000014100, 2.246999999999998600, 1.540000000000000000 ) ) ;
#6450 = ORIENTED_EDGE ( 'NONE', *, *, #6296, .T. ) ;
#6451 = ADVANCED_FACE ( 'NONE', ( #4248 ), #955, .T. ) ;
#6452 = DIRECTION ( 'NONE',  ( 1.000000000000000000, 0.0000000000000000000, 0.0000000000000000000 ) ) ;
#6453 = DIRECTION ( 'NONE',  ( -0.5000000000000024400, 0.8660254037844371500, 0.0000000000000000000 ) ) ;
#6454 = ORIENTED_EDGE ( 'NONE', *, *, #380, .F. ) ;
#6455 = CARTESIAN_POINT ( 'NONE',  ( 1.498499999999999100, -1.848000000000000100, 1.564999999999999700 ) ) ;
#6456 = DIRECTION ( 'NONE',  ( 0.0000000000000000000, 0.0000000000000000000, 1.000000000000000000 ) ) ;
#6457 = AXIS2_PLACEMENT_3D ( 'NONE', #3707, #8003, #2895 ) ;
#6458 = EDGE_CURVE ( 'NONE', #3851, #10079, #2783, .T. ) ;
#6459 = EDGE_CURVE ( 'NONE', #7309, #3806, #2254, .T. ) ;
#6460 = EDGE_CURVE ( 'NONE', #8372, #4898, #4119, .T. ) ;
#6461 = VERTEX_POINT ( 'NONE', #9475 ) ;
#6462 = ORIENTED_EDGE ( 'NONE', *, *, #982, .F. ) ;
#6463 = CIRCLE ( 'NONE', #3724, 0.04805064199019536800 ) ;
#6464 = FACE_OUTER_BOUND ( 'NONE', #10916, .T. ) ;
#6465 = ORIENTED_EDGE ( 'NONE', *, *, #8953, .T. ) ;
#6466 = DIRECTION ( 'NONE',  ( -1.000000000000000000, 0.0000000000000000000, 0.0000000000000000000 ) ) ;
#6467 = CARTESIAN_POINT ( 'NONE',  ( 0.7070000000000014100, 2.146999999999998900, 1.630000000000000100 ) ) ;
#6468 = FACE_OUTER_BOUND ( 'NONE', #4743, .T. ) ;
#6469 = ORIENTED_EDGE ( 'NONE', *, *, #1384, .T. ) ;
#6470 = CARTESIAN_POINT ( 'NONE',  ( -0.7070000000000014100, -2.246999999999999000, 1.639999999999999900 ) ) ;
#6471 = ADVANCED_FACE ( 'NONE', ( #1339 ), #4305, .T. ) ;
#6472 = CARTESIAN_POINT ( 'NONE',  ( -1.695500000000000900, -2.027999999999999600, 1.919999999999999700 ) ) ;
#6473 = ORIENTED_EDGE ( 'NONE', *, *, #4159, .F. ) ;
#6474 = CIRCLE ( 'NONE', #3586, 0.02499999999999987000 ) ;
#6475 = AXIS2_PLACEMENT_3D ( 'NONE', #4432, #1762, #1835 ) ;
#6476 = DIRECTION ( 'NONE',  ( -1.000000000000000000, 0.0000000000000000000, 0.0000000000000000000 ) ) ;
#6477 = VECTOR ( 'NONE', #8728, 39.37007874015748100 ) ;
#6478 = ORIENTED_EDGE ( 'NONE', *, *, #19, .T. ) ;
#6479 = AXIS2_PLACEMENT_3D ( 'NONE', #3607, #7099, #2908 ) ;
#6480 = CARTESIAN_POINT ( 'NONE',  ( -1.081000000000000400, 1.823000000000000000, 1.580000000000000100 ) ) ;
#6481 = EDGE_CURVE ( 'NONE', #1026, #137, #2658, .T. ) ;
#6483 = CARTESIAN_POINT ( 'NONE',  ( -1.350500000000000300, 2.027999999999999600, 0.1200000000000000900 ) ) ;
#6482 = DIRECTION ( 'NONE',  ( 0.0000000000000000000, -1.000000000000000000, 0.0000000000000000000 ) ) ;
#6484 = ORIENTED_EDGE ( 'NONE', *, *, #2856, .T. ) ;
#6485 = DIRECTION ( 'NONE',  ( 1.000000000000000000, 0.0000000000000000000, 0.0000000000000000000 ) ) ;
#6486 = DIRECTION ( 'NONE',  ( 1.000000000000000000, -0.0000000000000000000, 0.0000000000000000000 ) ) ;
#6487 = ORIENTED_EDGE ( 'NONE', *, *, #1520, .F. ) ;
#6488 = ORIENTED_EDGE ( 'NONE', *, *, #9735, .F. ) ;
#6489 = ORIENTED_EDGE ( 'NONE', *, *, #9784, .F. ) ;
#6490 = FACE_OUTER_BOUND ( 'NONE', #7154, .T. ) ;
#6491 = CARTESIAN_POINT ( 'NONE',  ( -1.538000000000000500, 2.027999999999999600, 1.580000000000000100 ) ) ;
#6492 = ORIENTED_EDGE ( 'NONE', *, *, #639, .T. ) ;
#6493 = CARTESIAN_POINT ( 'NONE',  ( -1.081000000000000400, -1.772999999999999900, 0.1200000000000000900 ) ) ;
#6494 = DIRECTION ( 'NONE',  ( -1.000000000000000000, 0.0000000000000000000, -0.0000000000000000000 ) ) ;
#6495 = FACE_OUTER_BOUND ( 'NONE', #6604, .T. ) ;
#6496 = DIRECTION ( 'NONE',  ( 0.0000000000000000000, 0.0000000000000000000, 1.000000000000000000 ) ) ;
#6497 = ORIENTED_EDGE ( 'NONE', *, *, #6702, .T. ) ;
#6498 = AXIS2_PLACEMENT_3D ( 'NONE', #6925, #10260, #2512 ) ;
#6499 = EDGE_CURVE ( 'NONE', #3390, #6061, #3835, .T. ) ;
#6500 = DIRECTION ( 'NONE',  ( -1.000000000000000000, 0.0000000000000000000, 0.0000000000000000000 ) ) ;
#6501 = ORIENTED_EDGE ( 'NONE', *, *, #6499, .T. ) ;
#6502 = CARTESIAN_POINT ( 'NONE',  ( -1.701999999999999500, -1.619499999999999500, 1.639999999999999900 ) ) ;
#6503 = ORIENTED_EDGE ( 'NONE', *, *, #3603, .T. ) ;
#6504 = DIRECTION ( 'NONE',  ( 0.0000000000000000000, 0.0000000000000000000, -1.000000000000000000 ) ) ;
#6505 = ORIENTED_EDGE ( 'NONE', *, *, #4264, .T. ) ;
#6506 = FACE_OUTER_BOUND ( 'NONE', #785, .T. ) ;
#6507 = CIRCLE ( 'NONE', #8347, 0.2954999999999984900 ) ;
#6508 = ORIENTED_EDGE ( 'NONE', *, *, #8089, .F. ) ;
#6509 = CARTESIAN_POINT ( 'NONE',  ( 0.7070000000000014100, 2.196999999999998700, 1.639999999999999900 ) ) ;
#6510 = ORIENTED_EDGE ( 'NONE', *, *, #6688, .T. ) ;
#6511 = EDGE_LOOP ( 'NONE', ( #10769, #10560, #127, #8317 ) ) ;
#6512 = CARTESIAN_POINT ( 'NONE',  ( -1.685499999999999800, 2.027999999999999100, 2.004999999999999400 ) ) ;
#6513 = DIRECTION ( 'NONE',  ( -0.0000000000000000000, -0.0000000000000000000, -1.000000000000000000 ) ) ;
#6514 = ORIENTED_EDGE ( 'NONE', *, *, #4797, .T. ) ;
#6515 = CIRCLE ( 'NONE', #10676, 0.09375000000000033300 ) ;
#6516 = DIRECTION ( 'NONE',  ( 0.0000000000000000000, 0.0000000000000000000, 1.000000000000000000 ) ) ;
#6517 = PERSON_AND_ORGANIZATION ( #5159, #4153 ) ;
#6518 = EDGE_CURVE ( 'NONE', #1870, #10596, #10653, .T. ) ;
#6519 = ADVANCED_FACE ( 'NONE', ( #8396 ), #2535, .F. ) ;
#6520 = VERTEX_POINT ( 'NONE', #10250 ) ;
#6521 = DIRECTION ( 'NONE',  ( 0.0000000000000000000, -1.000000000000000000, 0.0000000000000000000 ) ) ;
#6522 = EDGE_CURVE ( 'NONE', #5848, #4980, #9469, .T. ) ;
#6523 = DIRECTION ( 'NONE',  ( -0.0000000000000000000, -0.0000000000000000000, 1.000000000000000000 ) ) ;
#6524 = ORIENTED_EDGE ( 'NONE', *, *, #364, .F. ) ;
#6525 = ORIENTED_EDGE ( 'NONE', *, *, #10626, .T. ) ;
#6527 = PLANE ( 'NONE',  #10928 ) ;
#6526 = DIRECTION ( 'NONE',  ( -0.0000000000000000000, -0.0000000000000000000, 1.000000000000000000 ) ) ;
#6528 = ORIENTED_EDGE ( 'NONE', *, *, #9168, .T. ) ;
#6529 = VECTOR ( 'NONE', #6953, 39.37007874015748100 ) ;
#6530 = ORIENTED_EDGE ( 'NONE', *, *, #10227, .F. ) ;
#6531 = FACE_OUTER_BOUND ( 'NONE', #10207, .T. ) ;
#6532 = ORIENTED_EDGE ( 'NONE', *, *, #6743, .F. ) ;
#6533 = ADVANCED_FACE ( 'NONE', ( #7326 ), #9197, .F. ) ;
#6534 = AXIS2_PLACEMENT_3D ( 'NONE', #5919, #7664, #1750 ) ;
#6535 = DIRECTION ( 'NONE',  ( 1.000000000000000000, 0.0000000000000000000, 0.0000000000000000000 ) ) ;
#6536 = EDGE_CURVE ( 'NONE', #11038, #8333, #9334, .T. ) ;
#6537 = EDGE_CURVE ( 'NONE', #7153, #2858, #6129, .T. ) ;
#6538 = AXIS2_PLACEMENT_3D ( 'NONE', #541, #10683, #4756 ) ;
#6539 = EDGE_CURVE ( 'NONE', #5275, #2394, #1606, .T. ) ;
#6540 = ORIENTED_EDGE ( 'NONE', *, *, #2075, .F. ) ;
#6541 = ORIENTED_EDGE ( 'NONE', *, *, #7025, .F. ) ;
#6542 = CARTESIAN_POINT ( 'NONE',  ( 1.277250000000000400, 2.027999999999999100, 0.0000000000000000000 ) ) ;
#6543 = CARTESIAN_POINT ( 'NONE',  ( 1.081000000000000400, 1.890999999999999800, -0.3943848084544492900 ) ) ;
#6544 = DIRECTION ( 'NONE',  ( 0.0000000000000000000, 1.000000000000000000, 0.0000000000000000000 ) ) ;
#6545 = LINE ( 'NONE', #7101, #7995 ) ;
#6546 = DIRECTION ( 'NONE',  ( -0.0000000000000000000, -0.0000000000000000000, 1.000000000000000000 ) ) ;
#6547 = DIRECTION ( 'NONE',  ( -1.000000000000000000, 0.0000000000000000000, -0.0000000000000000000 ) ) ;
#6548 = DIRECTION ( 'NONE',  ( -1.000000000000000000, 0.0000000000000000000, 0.0000000000000000000 ) ) ;
#6549 = AXIS2_PLACEMENT_3D ( 'NONE', #3507, #113, #9494 ) ;
#6550 = VECTOR ( 'NONE', #2083, 39.37007874015748100 ) ;
#6551 = AXIS2_PLACEMENT_3D ( 'NONE', #8967, #9832, #6485 ) ;
#6552 = EDGE_CURVE ( 'NONE', #9524, #8750, #4648, .T. ) ;
#6553 = DIRECTION ( 'NONE',  ( 1.000000000000000000, 0.0000000000000000000, 0.0000000000000000000 ) ) ;
#6554 = CARTESIAN_POINT ( 'NONE',  ( 1.498499999999999100, 1.619499999999999500, 1.540000000000000000 ) ) ;
#6555 = DIRECTION ( 'NONE',  ( -1.000000000000000000, 0.0000000000000000000, 0.0000000000000000000 ) ) ;
#6556 = FACE_BOUND ( 'NONE', #5193, .T. ) ;
#6557 = CIRCLE ( 'NONE', #9692, 0.02499999999999987000 ) ;
#6559 = CARTESIAN_POINT ( 'NONE',  ( 1.045499999999999900, -1.926500000000000300, 1.580000000000000100 ) ) ;
#6558 = DIRECTION ( 'NONE',  ( -0.0000000000000000000, -0.0000000000000000000, -1.000000000000000000 ) ) ;
#6560 = CARTESIAN_POINT ( 'NONE',  ( 1.751999999999999600, 1.619499999999999500, 1.605000000000000000 ) ) ;
#6561 = CARTESIAN_POINT ( 'NONE',  ( -1.409987305317013300, -1.890999999999998200, 1.580000000000000100 ) ) ;
#6562 = AXIS2_PLACEMENT_3D ( 'NONE', #4766, #3858, #5590 ) ;
#6563 = AXIS2_PLACEMENT_3D ( 'NONE', #9201, #718, #2439 ) ;
#6564 = EDGE_CURVE ( 'NONE', #9478, #3974, #9052, .T. ) ;
#6565 = VECTOR ( 'NONE', #10873, 39.37007874015748100 ) ;
#6566 = DIRECTION ( 'NONE',  ( -0.0000000000000000000, -0.0000000000000000000, 1.000000000000000000 ) ) ;
#6567 = DIRECTION ( 'NONE',  ( -1.000000000000000000, 0.0000000000000000000, 0.0000000000000000000 ) ) ;
#6568 = CIRCLE ( 'NONE', #9800, 0.09375000000000033300 ) ;
#6569 = DIRECTION ( 'NONE',  ( 1.000000000000000000, 0.0000000000000000000, 0.0000000000000000000 ) ) ;
#6570 = ADVANCED_FACE ( 'NONE', ( #5581, #686 ), #2255, .T. ) ;
#6571 = DIRECTION ( 'NONE',  ( 0.0000000000000000000, 0.0000000000000000000, 1.000000000000000000 ) ) ;
#6572 = DIRECTION ( 'NONE',  ( 1.000000000000000000, 0.0000000000000000000, 0.0000000000000000000 ) ) ;
#6573 = DIRECTION ( 'NONE',  ( -0.0000000000000000000, -0.0000000000000000000, -1.000000000000000000 ) ) ;
#6574 = CARTESIAN_POINT ( 'NONE',  ( -1.081000000000000400, 1.890999999999999800, 1.580000000000000100 ) ) ;
#6575 = DIRECTION ( 'NONE',  ( 1.000000000000000000, 0.0000000000000000000, 0.0000000000000000000 ) ) ;
#6576 = CIRCLE ( 'NONE', #5837, 0.1441519259705861500 ) ;
#6577 = AXIS2_PLACEMENT_3D ( 'NONE', #3432, #2544, #6845 ) ;
#6578 = CIRCLE ( 'NONE', #6538, 0.2535000000000004500 ) ;
#6579 = ORIENTED_EDGE ( 'NONE', *, *, #3766, .T. ) ;
#6580 = ADVANCED_FACE ( 'NONE', ( #9854 ), #6428, .F. ) ;
#6581 = VECTOR ( 'NONE', #6110, 39.37007874015748100 ) ;
#6582 = ORIENTED_EDGE ( 'NONE', *, *, #5387, .T. ) ;
#6583 = LINE ( 'NONE', #10618, #6315 ) ;
#6584 = ORIENTED_EDGE ( 'NONE', *, *, #7799, .F. ) ;
#6585 = ORIENTED_EDGE ( 'NONE', *, *, #4304, .F. ) ;
#6586 = ORIENTED_EDGE ( 'NONE', *, *, #7692, .T. ) ;
#6587 = CARTESIAN_POINT ( 'NONE',  ( -1.340000000000000500, 1.515499999999999600, 0.3700000000000001100 ) ) ;
#6589 = DIRECTION ( 'NONE',  ( 0.0000000000000000000, 0.0000000000000000000, 1.000000000000000000 ) ) ;
#6588 = CARTESIAN_POINT ( 'NONE',  ( -1.467867916488617000, 2.109472331882376500, 2.044999999999999500 ) ) ;
#6590 = EDGE_CURVE ( 'NONE', #7558, #5558, #5862, .T. ) ;
#6591 = EDGE_CURVE ( 'NONE', #381, #2361, #5318, .T. ) ;
#6592 = DIRECTION ( 'NONE',  ( -1.000000000000000000, 0.0000000000000000000, 0.0000000000000000000 ) ) ;
#6593 = ORIENTED_EDGE ( 'NONE', *, *, #10649, .F. ) ;
#6594 = CIRCLE ( 'NONE', #10023, 0.2954999999999983800 ) ;
#6595 = AXIS2_PLACEMENT_3D ( 'NONE', #3421, #10256, #2502 ) ;
#6596 = EDGE_LOOP ( 'NONE', ( #9196, #3004, #10366, #52 ) ) ;
#6597 = CIRCLE ( 'NONE', #8665, 0.2035000000000004300 ) ;
#6598 = ORIENTED_EDGE ( 'NONE', *, *, #4527, .T. ) ;
#6599 = VERTEX_POINT ( 'NONE', #3133 ) ;
#6600 = CARTESIAN_POINT ( 'NONE',  ( 1.593748380652688900, -1.891440972269852400, 2.004999999999999400 ) ) ;
#6601 = DIRECTION ( 'NONE',  ( 0.0000000000000000000, 0.0000000000000000000, -1.000000000000000000 ) ) ;
#6602 = CARTESIAN_POINT ( 'NONE',  ( -1.002499999999999900, 1.926500000000000300, 1.540000000000000000 ) ) ;
#6603 = CYLINDRICAL_SURFACE ( 'NONE', #4931, 0.1035000000000005500 ) ;
#6604 = EDGE_LOOP ( 'NONE', ( #10106, #1084, #2247, #8223 ) ) ;
#6605 = CARTESIAN_POINT ( 'NONE',  ( 1.701999999999999500, 1.619499999999999500, 1.639999999999999900 ) ) ;
#6606 = CIRCLE ( 'NONE', #8314, 0.07874015748031476500 ) ;
#6607 = CARTESIAN_POINT ( 'NONE',  ( -1.002499999999999900, 1.926500000000000300, 1.564999999999999700 ) ) ;
#6608 = CARTESIAN_POINT ( 'NONE',  ( -1.721949358009803300, -2.120848074029416000, 0.0000000000000000000 ) ) ;
#6609 = LINE ( 'NONE', #6275, #10469 ) ;
#6610 = EDGE_LOOP ( 'NONE', ( #2922, #3275, #7031, #3663 ) ) ;
#6611 = CARTESIAN_POINT ( 'NONE',  ( -1.685499999999999800, -2.027999999999999100, 2.004999999999999400 ) ) ;
#6612 = CARTESIAN_POINT ( 'NONE',  ( -1.625848074029413200, 2.120848074029412900, 1.580000000000000100 ) ) ;
#6613 = AXIS2_PLACEMENT_3D ( 'NONE', #2815, #6261, #7970 ) ;
#6614 = AXIS2_PLACEMENT_3D ( 'NONE', #5639, #452, #6438 ) ;
#6615 = ORIENTED_EDGE ( 'NONE', *, *, #1882, .F. ) ;
#6616 = EDGE_CURVE ( 'NONE', #2314, #8355, #7854, .T. ) ;
#6617 = VERTEX_POINT ( 'NONE', #7358 ) ;
#6618 = CARTESIAN_POINT ( 'NONE',  ( 1.081000000000000400, 1.823000000000000000, 1.639999999999999900 ) ) ;
#6619 = CIRCLE ( 'NONE', #9163, 0.1474999999999994600 ) ;
#6620 = CARTESIAN_POINT ( 'NONE',  ( 1.625848074029415400, -2.265000000000001000, 1.614999999999999800 ) ) ;
#6621 = CIRCLE ( 'NONE', #958, 0.03550000000000048300 ) ;
#6622 = ORIENTED_EDGE ( 'NONE', *, *, #2965, .T. ) ;
#6623 = DIRECTION ( 'NONE',  ( -0.0000000000000000000, -0.0000000000000000000, -1.000000000000000000 ) ) ;
#6624 = DIRECTION ( 'NONE',  ( -1.000000000000000000, 0.0000000000000000000, 0.0000000000000000000 ) ) ;
#6625 = APPROVAL_DATE_TIME ( #5144, #177 ) ;
#6626 = DIRECTION ( 'NONE',  ( -0.0000000000000000000, -0.0000000000000000000, 1.000000000000000000 ) ) ;
#6627 = VERTEX_POINT ( 'NONE', #5560 ) ;
#6628 = ADVANCED_FACE ( 'NONE', ( #814 ), #9031, .F. ) ;
#6629 = VERTEX_POINT ( 'NONE', #4779 ) ;
#6630 = AXIS2_PLACEMENT_3D ( 'NONE', #7604, #6910, #4245 ) ;
#6631 = DIRECTION ( 'NONE',  ( -1.000000000000000000, 0.0000000000000000000, 0.0000000000000000000 ) ) ;
#6632 = VERTEX_POINT ( 'NONE', #4809 ) ;
#6633 = AXIS2_PLACEMENT_3D ( 'NONE', #8436, #7447, #7486 ) ;
#6634 = CARTESIAN_POINT ( 'NONE',  ( 1.081000000000000400, 1.772999999999999900, 2.050000000000000300 ) ) ;
#6635 = ORIENTED_EDGE ( 'NONE', *, *, #5365, .T. ) ;
#6636 = CIRCLE ( 'NONE', #1756, 0.2204999999999985000 ) ;
#6637 = DIRECTION ( 'NONE',  ( 1.000000000000000000, 0.0000000000000000000, 0.0000000000000000000 ) ) ;
#6638 = CIRCLE ( 'NONE', #363, 0.07874015748031476500 ) ;
#6639 = DIRECTION ( 'NONE',  ( -0.0000000000000000000, -0.0000000000000000000, -1.000000000000000000 ) ) ;
#6640 = ORIENTED_EDGE ( 'NONE', *, *, #1893, .F. ) ;
#6641 = CARTESIAN_POINT ( 'NONE',  ( -1.701999999999999500, -1.619499999999999500, 1.639999999999999900 ) ) ;
#6642 = ORIENTED_EDGE ( 'NONE', *, *, #6499, .F. ) ;
#6643 = ORIENTED_EDGE ( 'NONE', *, *, #5956, .T. ) ;
#6644 = ADVANCED_FACE ( 'NONE', ( #3048 ), #5057, .T. ) ;
#6645 = CARTESIAN_POINT ( 'NONE',  ( 1.751999999999999600, -1.619499999999999500, 1.564999999999999700 ) ) ;
#6646 = ORIENTED_EDGE ( 'NONE', *, *, #9565, .T. ) ;
#6647 = VECTOR ( 'NONE', #6922, 39.37007874015748100 ) ;
#6648 = DIRECTION ( 'NONE',  ( 0.0000000000000000000, 0.0000000000000000000, 1.000000000000000000 ) ) ;
#6649 = AXIS2_PLACEMENT_3D ( 'NONE', #3727, #1959, #8814 ) ;
#6650 = VECTOR ( 'NONE', #515, 39.37007874015748100 ) ;
#6651 = EDGE_CURVE ( 'NONE', #1091, #10111, #4515, .T. ) ;
#6652 = DIRECTION ( 'NONE',  ( 0.0000000000000000000, -1.000000000000000000, 0.0000000000000000000 ) ) ;
#6653 = ORIENTED_EDGE ( 'NONE', *, *, #2510, .F. ) ;
#6654 = DIRECTION ( 'NONE',  ( -1.000000000000000000, 0.0000000000000000000, 0.0000000000000000000 ) ) ;
#6655 = DIRECTION ( 'NONE',  ( 0.0000000000000000000, 0.0000000000000000000, -1.000000000000000000 ) ) ;
#6656 = DIRECTION ( 'NONE',  ( -0.0000000000000000000, -0.0000000000000000000, -1.000000000000000000 ) ) ;
#6657 = ORIENTED_EDGE ( 'NONE', *, *, #1163, .T. ) ;
#6658 = ORIENTED_EDGE ( 'NONE', *, *, #1119, .T. ) ;
#6659 = AXIS2_PLACEMENT_3D ( 'NONE', #7688, #10224, #5157 ) ;
#6660 = VERTEX_POINT ( 'NONE', #6467 ) ;
#6661 = EDGE_LOOP ( 'NONE', ( #6505, #1317 ) ) ;
#6662 = VECTOR ( 'NONE', #3735, 39.37007874015748100 ) ;
#6663 = VERTEX_POINT ( 'NONE', #10787 ) ;
#6664 = VECTOR ( 'NONE', #6990, 39.37007874015748100 ) ;
#6665 = CARTESIAN_POINT ( 'NONE',  ( -0.7070000000000014100, -2.196999999999998700, 1.630000000000000100 ) ) ;
#6666 = DIRECTION ( 'NONE',  ( -1.000000000000000000, 0.0000000000000000000, 0.0000000000000000000 ) ) ;
#6667 = ORIENTED_EDGE ( 'NONE', *, *, #7050, .T. ) ;
#6668 = EDGE_CURVE ( 'NONE', #6446, #632, #409, .T. ) ;
#6669 = DIRECTION ( 'NONE',  ( 0.0000000000000000000, -0.0000000000000000000, 1.000000000000000000 ) ) ;
#6670 = DIRECTION ( 'NONE',  ( -1.000000000000000000, 0.0000000000000000000, 0.0000000000000000000 ) ) ;
#6671 = DIRECTION ( 'NONE',  ( -0.0000000000000000000, -0.0000000000000000000, 1.000000000000000000 ) ) ;
#6672 = EDGE_LOOP ( 'NONE', ( #3932, #9357, #5319, #2580 ) ) ;
#6673 = EDGE_CURVE ( 'NONE', #337, #2523, #6676, .T. ) ;
#6674 = DIRECTION ( 'NONE',  ( -1.000000000000000000, 0.0000000000000000000, -0.0000000000000000000 ) ) ;
#6675 = ORIENTED_EDGE ( 'NONE', *, *, #7637, .T. ) ;
#6676 = LINE ( 'NONE', #5626, #1857 ) ;
#6677 = DIRECTION ( 'NONE',  ( -1.000000000000000000, 0.0000000000000000000, 0.0000000000000000000 ) ) ;
#6678 = ORIENTED_EDGE ( 'NONE', *, *, #7651, .F. ) ;
#6679 = CARTESIAN_POINT ( 'NONE',  ( 0.9774999999999999200, 1.926500000000000300, 1.540000000000000000 ) ) ;
#6680 = DIRECTION ( 'NONE',  ( 0.0000000000000000000, 0.0000000000000000000, 1.000000000000000000 ) ) ;
#6681 = ORIENTED_EDGE ( 'NONE', *, *, #983, .T. ) ;
#6682 = DIRECTION ( 'NONE',  ( 0.0000000000000000000, 0.0000000000000000000, 1.000000000000000000 ) ) ;
#6683 = LINE ( 'NONE', #2911, #6550 ) ;
#6684 = CARTESIAN_POINT ( 'NONE',  ( 1.447610603195934200, 2.144559027730144100, 2.010322595159089100 ) ) ;
#6685 = AXIS2_PLACEMENT_3D ( 'NONE', #5811, #10969, #8309 ) ;
#6686 = DIRECTION ( 'NONE',  ( 0.0000000000000000000, 0.0000000000000000000, -1.000000000000000000 ) ) ;
#6687 = EDGE_CURVE ( 'NONE', #1681, #647, #9844, .T. ) ;
#6688 = EDGE_CURVE ( 'NONE', #5841, #8795, #2109, .T. ) ;
#6689 = EDGE_CURVE ( 'NONE', #8620, #1462, #8648, .T. ) ;
#6690 = DIRECTION ( 'NONE',  ( 0.0000000000000000000, 0.0000000000000000000, 1.000000000000000000 ) ) ;
#6691 = ADVANCED_FACE ( 'NONE', ( #3033 ), #5786, .T. ) ;
#6692 = CARTESIAN_POINT ( 'NONE',  ( -1.081000000000000400, 1.772999999999999900, 1.630000000000000100 ) ) ;
#6693 = CARTESIAN_POINT ( 'NONE',  ( -0.9638306835251589900, 2.146999999999998900, 0.1200000000000000900 ) ) ;
#6694 = LINE ( 'NONE', #820, #5746 ) ;
#6695 = DIRECTION ( 'NONE',  ( -1.000000000000000000, 0.0000000000000000000, 0.0000000000000000000 ) ) ;
#6696 = DIRECTION ( 'NONE',  ( -0.0000000000000000000, -0.0000000000000000000, 1.000000000000000000 ) ) ;
#6697 = AXIS2_PLACEMENT_3D ( 'NONE', #10786, #2321, #9958 ) ;
#6698 = AXIS2_PLACEMENT_3D ( 'NONE', #1525, #8378, #7489 ) ;
#6699 = DIRECTION ( 'NONE',  ( 1.000000000000000000, 0.0000000000000000000, 0.0000000000000000000 ) ) ;
#6700 = ADVANCED_FACE ( 'NONE', ( #9185 ), #9723, .F. ) ;
#6701 = FACE_OUTER_BOUND ( 'NONE', #4707, .T. ) ;
#6702 = EDGE_CURVE ( 'NONE', #495, #1320, #6257, .T. ) ;
#6703 = LINE ( 'NONE', #5625, #7885 ) ;
#6704 = CARTESIAN_POINT ( 'NONE',  ( -1.081000000000000400, 1.926500000000000300, 1.639999999999999900 ) ) ;
#6705 = CARTESIAN_POINT ( 'NONE',  ( -1.081000000000000400, -1.873000000000000000, 1.605000000000000000 ) ) ;
#6707 = CARTESIAN_POINT ( 'NONE',  ( 1.624288105603176400, -1.918544617006430900, 2.029722078445377300 ) ) ;
#6706 = DIRECTION ( 'NONE',  ( -0.0000000000000000000, -0.0000000000000000000, 1.000000000000000000 ) ) ;
#6708 = VECTOR ( 'NONE', #10424, 39.37007874015748100 ) ;
#6709 = VECTOR ( 'NONE', #4088, 39.37007874015748100 ) ;
#6710 = AXIS2_PLACEMENT_3D ( 'NONE', #6455, #3125, #2206 ) ;
#6711 = AXIS2_PLACEMENT_3D ( 'NONE', #2052, #6347, #1286 ) ;
#6712 = DIRECTION ( 'NONE',  ( -1.000000000000000000, 0.0000000000000000000, 0.0000000000000000000 ) ) ;
#6713 = CIRCLE ( 'NONE', #2264, 0.1474999999999994600 ) ;
#6714 = LINE ( 'NONE', #3746, #7244 ) ;
#6715 = CARTESIAN_POINT ( 'NONE',  ( 1.701999999999999500, -1.619499999999999500, 1.639999999999999900 ) ) ;
#6716 = CARTESIAN_POINT ( 'NONE',  ( 1.498499999999999100, 1.823000000000000000, 1.639999999999999900 ) ) ;
#6717 = ORIENTED_EDGE ( 'NONE', *, *, #4866, .F. ) ;
#6718 = CARTESIAN_POINT ( 'NONE',  ( -1.081000000000000400, 1.823000000000000000, 1.630000000000000100 ) ) ;
#6719 = DIRECTION ( 'NONE',  ( -1.000000000000000000, 0.0000000000000000000, 0.0000000000000000000 ) ) ;
#6720 = VECTOR ( 'NONE', #3708, 39.37007874015748100 ) ;
#6721 = ORIENTED_EDGE ( 'NONE', *, *, #10160, .F. ) ;
#6722 = CYLINDRICAL_SURFACE ( 'NONE', #7174, 0.04805064199019536800 ) ;
#6723 = EDGE_CURVE ( 'NONE', #7789, #3927, #1324, .T. ) ;
#6724 = ORIENTED_EDGE ( 'NONE', *, *, #1250, .F. ) ;
#6725 = ORIENTED_EDGE ( 'NONE', *, *, #4728, .T. ) ;
#6726 = CARTESIAN_POINT ( 'NONE',  ( -1.492356829344749600, -2.147056290593429000, 2.040029703447726400 ) ) ;
#6727 = CARTESIAN_POINT ( 'NONE',  ( -1.538000000000000500, -2.027999999999999100, 2.004999999999999400 ) ) ;
#6728 = EDGE_CURVE ( 'NONE', #647, #5264, #1463, .T. ) ;
#6729 = ORIENTED_EDGE ( 'NONE', *, *, #9474, .T. ) ;
#6730 = CARTESIAN_POINT ( 'NONE',  ( 1.081000000000000400, -1.848000000000000100, 1.564999999999999700 ) ) ;
#6731 = CARTESIAN_POINT ( 'NONE',  ( -1.538000000000000500, -2.027999999999999600, 1.580000000000000100 ) ) ;
#6732 = ORIENTED_EDGE ( 'NONE', *, *, #8224, .T. ) ;
#6733 = ADVANCED_FACE ( 'NONE', ( #946 ), #4639, .T. ) ;
#6734 = B_SPLINE_CURVE_WITH_KNOTS ( 'NONE', 3,
 ( #8060, #6357, #3907, #6427, #559, #3866, #8216, #4735, #8173, #3088 ),
 .UNSPECIFIED., .F., .F.,
 ( 4, 2, 2, 2, 4 ),
 ( 0.001609983470110019000, 0.002009559951696708600, 0.002409136433283398400, 0.002808712914870088200, 0.003208289396456777600 ),
 .UNSPECIFIED. ) ;
#6735 = LINE ( 'NONE', #1751, #9661 ) ;
#6736 = CARTESIAN_POINT ( 'NONE',  ( 1.498499999999998800, -1.873000000000000000, 1.564999999999999700 ) ) ;
#6737 = CIRCLE ( 'NONE', #6386, 0.05350000000000053300 ) ;
#6738 = ORIENTED_EDGE ( 'NONE', *, *, #7402, .T. ) ;
#6739 = DIRECTION ( 'NONE',  ( 1.000000000000000000, 0.0000000000000000000, 0.0000000000000000000 ) ) ;
#6741 = CARTESIAN_POINT ( 'NONE',  ( 1.608132083511383300, -1.946527668117621600, 2.044999999999999500 ) ) ;
#6740 = CARTESIAN_POINT ( 'NONE',  ( 1.398500000000000300, 1.515499999999999600, 0.3700000000000001100 ) ) ;
#6742 = EDGE_CURVE ( 'NONE', #4612, #9262, #5186, .T. ) ;
#6743 = EDGE_CURVE ( 'NONE', #8032, #455, #3975, .T. ) ;
#6744 = DIRECTION ( 'NONE',  ( -0.0000000000000000000, -0.0000000000000000000, 1.000000000000000000 ) ) ;
#6745 = AXIS2_PLACEMENT_3D ( 'NONE', #1189, #2860, #8044 ) ;
#6746 = ORIENTED_EDGE ( 'NONE', *, *, #5147, .F. ) ;
#6747 = CIRCLE ( 'NONE', #6308, 0.09375000000000033300 ) ;
#6748 = DIRECTION ( 'NONE',  ( -0.0000000000000000000, -0.0000000000000000000, 1.000000000000000000 ) ) ;
#6749 = VECTOR ( 'NONE', #1737, 39.37007874015748100 ) ;
#6750 = ORIENTED_EDGE ( 'NONE', *, *, #9821, .T. ) ;
#6751 = CIRCLE ( 'NONE', #2562, 0.1474999999999994600 ) ;
#6752 = VERTEX_POINT ( 'NONE', #4068 ) ;
#6753 = DIRECTION ( 'NONE',  ( -0.0000000000000000000, -0.0000000000000000000, -1.000000000000000000 ) ) ;
#6754 = CARTESIAN_POINT ( 'NONE',  ( -1.538000000000000500, -2.027999999999999600, 2.159999999999999700 ) ) ;
#6755 = ORIENTED_EDGE ( 'NONE', *, *, #1758, .F. ) ;
#6756 = DIRECTION ( 'NONE',  ( -0.0000000000000000000, -0.0000000000000000000, 1.000000000000000000 ) ) ;
#6757 = VERTEX_POINT ( 'NONE', #4110 ) ;
#6758 = DIRECTION ( 'NONE',  ( 0.0000000000000000000, 0.0000000000000000000, 1.000000000000000000 ) ) ;
#6759 = VERTEX_POINT ( 'NONE', #10949 ) ;
#6760 = LINE ( 'NONE', #3939, #6087 ) ;
#6761 = PLANE ( 'NONE',  #11022 ) ;
#6762 = EDGE_LOOP ( 'NONE', ( #11034, #6484, #8361, #4449 ) ) ;
#6763 = AXIS2_PLACEMENT_3D ( 'NONE', #384, #2900, #7926 ) ;
#6764 = EDGE_CURVE ( 'NONE', #2413, #7379, #1729, .T. ) ;
#6765 = CYLINDRICAL_SURFACE ( 'NONE', #8697, 0.03550000000000048300 ) ;
#6766 = ADVANCED_FACE ( 'NONE', ( #2381 ), #10117, .T. ) ;
#6767 = ORIENTED_EDGE ( 'NONE', *, *, #10818, .T. ) ;
#6768 = DIRECTION ( 'NONE',  ( -0.0000000000000000000, -0.0000000000000000000, -1.000000000000000000 ) ) ;
#6769 = DIRECTION ( 'NONE',  ( 1.000000000000000000, 0.0000000000000000000, 0.0000000000000000000 ) ) ;
#6770 = ORIENTED_EDGE ( 'NONE', *, *, #6901, .F. ) ;
#6771 = EDGE_LOOP ( 'NONE', ( #7982, #2365, #10644, #62 ) ) ;
#6772 = DIRECTION ( 'NONE',  ( -0.0000000000000000000, -0.0000000000000000000, 1.000000000000000000 ) ) ;
#6773 = VERTEX_POINT ( 'NONE', #8578 ) ;
#6774 = DIRECTION ( 'NONE',  ( -0.0000000000000000000, -0.0000000000000000000, -1.000000000000000000 ) ) ;
#6775 = FACE_OUTER_BOUND ( 'NONE', #9105, .T. ) ;
#6776 = DIRECTION ( 'NONE',  ( -1.000000000000000000, 0.0000000000000000000, 0.0000000000000000000 ) ) ;
#6777 = VECTOR ( 'NONE', #7124, 39.37007874015748100 ) ;
#6778 = ORIENTED_EDGE ( 'NONE', *, *, #10960, .T. ) ;
#6779 = AXIS2_PLACEMENT_3D ( 'NONE', #5404, #6304, #4577 ) ;
#6780 = DIRECTION ( 'NONE',  ( 0.0000000000000000000, -1.000000000000000000, 0.0000000000000000000 ) ) ;
#6781 = EDGE_CURVE ( 'NONE', #5541, #1568, #129, .T. ) ;
#6782 = ORIENTED_EDGE ( 'NONE', *, *, #2288, .T. ) ;
#6783 = ORIENTED_EDGE ( 'NONE', *, *, #7190, .F. ) ;
#6785 = CARTESIAN_POINT ( 'NONE',  ( 1.484836854275143800, -2.160081269485638200, 2.025280118416169700 ) ) ;
#6784 = DIRECTION ( 'NONE',  ( -1.000000000000000000, 0.0000000000000000000, 0.0000000000000000000 ) ) ;
#6786 = VERTEX_POINT ( 'NONE', #5195 ) ;
#6787 = FACE_OUTER_BOUND ( 'NONE', #8550, .T. ) ;
#6788 = FACE_OUTER_BOUND ( 'NONE', #2623, .T. ) ;
#6789 = DIRECTION ( 'NONE',  ( -1.000000000000000000, 0.0000000000000000000, 0.0000000000000000000 ) ) ;
#6790 = ORIENTED_EDGE ( 'NONE', *, *, #10886, .T. ) ;
#6791 = CARTESIAN_POINT ( 'NONE',  ( -1.081000000000000400, 1.926500000000000300, 1.630000000000000100 ) ) ;
#6792 = VERTEX_POINT ( 'NONE', #970 ) ;
#6793 = DIRECTION ( 'NONE',  ( -1.000000000000000000, 0.0000000000000000000, -0.0000000000000000000 ) ) ;
#6794 = ORIENTED_EDGE ( 'NONE', *, *, #10102, .T. ) ;
#6795 = AXIS2_PLACEMENT_3D ( 'NONE', #3474, #3450, #5129 ) ;
#6796 = ORIENTED_EDGE ( 'NONE', *, *, #4146, .T. ) ;
#6797 = CIRCLE ( 'NONE', #6844, 0.2535000000000004500 ) ;
#6798 = CARTESIAN_POINT ( 'NONE',  ( -1.498499999999999100, -1.772999999999999900, 2.050000000000000300 ) ) ;
#6799 = CARTESIAN_POINT ( 'NONE',  ( -0.7070000000000014100, 1.926500000000000300, 0.1200000000000000900 ) ) ;
#6800 = CARTESIAN_POINT ( 'NONE',  ( 1.538000000000000500, 2.027999999999999100, 2.004999999999999400 ) ) ;
#6801 = ORIENTED_EDGE ( 'NONE', *, *, #1733, .F. ) ;
#6802 = CARTESIAN_POINT ( 'NONE',  ( -1.081000000000000400, -1.926500000000000300, 1.564999999999999700 ) ) ;
#6803 = FACE_OUTER_BOUND ( 'NONE', #10212, .T. ) ;
#6804 = CARTESIAN_POINT ( 'NONE',  ( -0.9274999999999998800, 1.926500000000000300, 1.630000000000000100 ) ) ;
#6805 = DIRECTION ( 'NONE',  ( 1.000000000000000000, 0.0000000000000000000, 0.0000000000000000000 ) ) ;
#6806 = ORIENTED_EDGE ( 'NONE', *, *, #10976, .F. ) ;
#6807 = AXIS2_PLACEMENT_3D ( 'NONE', #3350, #10109, #8459 ) ;
#6808 = ORIENTED_EDGE ( 'NONE', *, *, #2145, .T. ) ;
#6809 = CARTESIAN_POINT ( 'NONE',  ( 1.081000000000000400, -1.926500000000000300, 1.630000000000000100 ) ) ;
#6810 = DIRECTION ( 'NONE',  ( 0.0000000000000000000, 0.0000000000000000000, 1.000000000000000000 ) ) ;
#6811 = LINE ( 'NONE', #9597, #10662 ) ;
#6812 = CARTESIAN_POINT ( 'NONE',  ( 1.398500000000000300, 1.515499999999999600, 0.1200000000000000900 ) ) ;
#6813 = DIRECTION ( 'NONE',  ( 1.000000000000000000, 0.0000000000000000000, 0.0000000000000000000 ) ) ;
#6814 = DIRECTION ( 'NONE',  ( -0.0000000000000000000, -0.0000000000000000000, 1.000000000000000000 ) ) ;
#6815 = EDGE_CURVE ( 'NONE', #5390, #9738, #397, .T. ) ;
#6816 = B_SPLINE_CURVE_WITH_KNOTS ( 'NONE', 3,
 ( #2558, #8489, #9, #7734, #7659, #4341, #4416, #1137, #8700, #8635 ),
 .UNSPECIFIED., .F., .F.,
 ( 4, 2, 2, 2, 4 ),
 ( 0.001609983470110012300, 0.002009559951696699500, 0.002409136433283386700, 0.002808712914870074300, 0.003208289396456761500 ),
 .UNSPECIFIED. ) ;
#6817 = AXIS2_PLACEMENT_3D ( 'NONE', #1049, #4370, #974 ) ;
#6818 = CARTESIAN_POINT ( 'NONE',  ( 1.498499999999999100, -1.619499999999999500, 1.564999999999999700 ) ) ;
#6819 = ORIENTED_EDGE ( 'NONE', *, *, #2943, .T. ) ;
#6820 = DIRECTION ( 'NONE',  ( -1.000000000000000000, 0.0000000000000000000, 0.0000000000000000000 ) ) ;
#6821 = VECTOR ( 'NONE', #7527, 39.37007874015748100 ) ;
#6823 = CARTESIAN_POINT ( 'NONE',  ( 1.537999999999999400, -2.028000000000001400, 2.159999999999999700 ) ) ;
#6822 = DIRECTION ( 'NONE',  ( 1.000000000000000000, 0.0000000000000000000, 0.0000000000000000000 ) ) ;
#6824 = DIRECTION ( 'NONE',  ( -1.000000000000000000, 0.0000000000000000000, 0.0000000000000000000 ) ) ;
#6825 = ADVANCED_FACE ( 'NONE', ( #2914 ), #8617, .F. ) ;
#6826 = DIRECTION ( 'NONE',  ( -0.0000000000000000000, -0.0000000000000000000, -1.000000000000000000 ) ) ;
#6827 = FACE_OUTER_BOUND ( 'NONE', #1220, .T. ) ;
#6828 = AXIS2_PLACEMENT_3D ( 'NONE', #2676, #1578, #3221 ) ;
#6829 = ORIENTED_EDGE ( 'NONE', *, *, #900, .F. ) ;
#6830 = FACE_OUTER_BOUND ( 'NONE', #2872, .T. ) ;
#6831 = EDGE_CURVE ( 'NONE', #3662, #2437, #9982, .T. ) ;
#6832 = DIRECTION ( 'NONE',  ( -0.0000000000000000000, -0.0000000000000000000, 1.000000000000000000 ) ) ;
#6833 = CC_DESIGN_DATE_AND_TIME_ASSIGNMENT ( #8902, #9217, ( #6251 ) ) ;
#6834 = EDGE_CURVE ( 'NONE', #2461, #4622, #10515, .T. ) ;
#6835 = CARTESIAN_POINT ( 'NONE',  ( 1.726999999999999400, 1.619499999999999500, 1.564999999999999700 ) ) ;
#6836 = CARTESIAN_POINT ( 'NONE',  ( -1.498499999999999100, -1.848000000000000100, 1.540000000000000000 ) ) ;
#6837 = CARTESIAN_POINT ( 'NONE',  ( -1.627855763071127900, -1.912365253007936900, 2.015548118773191200 ) ) ;
#6838 = CARTESIAN_POINT ( 'NONE',  ( 1.498499999999999100, 1.873000000000000000, 1.564999999999999700 ) ) ;
#6839 = DIRECTION ( 'NONE',  ( -0.0000000000000000000, -0.0000000000000000000, -1.000000000000000000 ) ) ;
#6840 = CIRCLE ( 'NONE', #2341, 0.2704999999999985200 ) ;
#6841 = PERSON_AND_ORGANIZATION ( #5159, #4153 ) ;
#6842 = CARTESIAN_POINT ( 'NONE',  ( -1.486333219184712700, -2.157489489435602300, 2.029684651533864700 ) ) ;
#6843 = AXIS2_PLACEMENT_3D ( 'NONE', #5670, #5108, #7681 ) ;
#6844 = AXIS2_PLACEMENT_3D ( 'NONE', #7663, #1642, #7622 ) ;
#6845 = DIRECTION ( 'NONE',  ( -1.000000000000000000, 0.0000000000000000000, 0.0000000000000000000 ) ) ;
#6846 = EDGE_CURVE ( 'NONE', #1590, #7979, #7579, .T. ) ;
#6847 = DIRECTION ( 'NONE',  ( -0.0000000000000000000, -0.0000000000000000000, -1.000000000000000000 ) ) ;
#6848 = LINE ( 'NONE', #9644, #1510 ) ;
#6849 = DIRECTION ( 'NONE',  ( 1.000000000000000000, 0.0000000000000000000, 0.0000000000000000000 ) ) ;
#6850 = LINE ( 'NONE', #10538, #3219 ) ;
#6851 = DIRECTION ( 'NONE',  ( -0.0000000000000000000, -0.0000000000000000000, -1.000000000000000000 ) ) ;
#6852 = ORIENTED_EDGE ( 'NONE', *, *, #6723, .F. ) ;
#6853 = DIRECTION ( 'NONE',  ( 1.000000000000000000, 0.0000000000000000000, 0.0000000000000000000 ) ) ;
#6854 = DIRECTION ( 'NONE',  ( -0.0000000000000000000, -0.0000000000000000000, 1.000000000000000000 ) ) ;
#6855 = LINE ( 'NONE', #4500, #6720 ) ;
#6856 = AXIS2_PLACEMENT_3D ( 'NONE', #6264, #1353, #4711 ) ;
#6857 = ORIENTED_EDGE ( 'NONE', *, *, #8939, .F. ) ;
#6858 = CIRCLE ( 'NONE', #313, 0.02499999999999987000 ) ;
#6859 = ORIENTED_EDGE ( 'NONE', *, *, #4957, .T. ) ;
#6860 = EDGE_CURVE ( 'NONE', #5029, #6214, #8382, .T. ) ;
#6861 = VERTEX_POINT ( 'NONE', #6038 ) ;
#6862 = DIRECTION ( 'NONE',  ( -0.0000000000000000000, -0.0000000000000000000, -1.000000000000000000 ) ) ;
#6863 = ORIENTED_EDGE ( 'NONE', *, *, #1478, .F. ) ;
#6864 = DIRECTION ( 'NONE',  ( -1.000000000000000000, 0.0000000000000000000, 0.0000000000000000000 ) ) ;
#6865 = ORIENTED_EDGE ( 'NONE', *, *, #3498, .T. ) ;
#6866 = CARTESIAN_POINT ( 'NONE',  ( -1.538000000000000500, 2.027999999999999100, 2.044999999999999500 ) ) ;
#6867 = VECTOR ( 'NONE', #6566, 39.37007874015748100 ) ;
#6868 = CARTESIAN_POINT ( 'NONE',  ( -1.002499999999999900, 1.926500000000000300, 1.564999999999999700 ) ) ;
#6869 = DIRECTION ( 'NONE',  ( 0.0000000000000000000, 0.0000000000000000000, -1.000000000000000000 ) ) ;
#6870 = ORIENTED_EDGE ( 'NONE', *, *, #165, .F. ) ;
#6871 = VECTOR ( 'NONE', #2403, 39.37007874015748100 ) ;
#6872 = ORIENTED_EDGE ( 'NONE', *, *, #10520, .T. ) ;
#6873 = DIRECTION ( 'NONE',  ( 0.0000000000000000000, 0.0000000000000000000, 1.000000000000000000 ) ) ;
#6874 = ORIENTED_EDGE ( 'NONE', *, *, #8759, .T. ) ;
#6875 = ADVANCED_FACE ( 'NONE', ( #7457 ), #678, .T. ) ;
#6876 = DIRECTION ( 'NONE',  ( 0.0000000000000000000, 0.0000000000000000000, -1.000000000000000000 ) ) ;
#6877 = EDGE_CURVE ( 'NONE', #8636, #5583, #8915, .T. ) ;
#6878 = CIRCLE ( 'NONE', #3698, 0.1035000000000004100 ) ;
#6879 = VERTEX_POINT ( 'NONE', #21 ) ;
#6880 = CIRCLE ( 'NONE', #4380, 0.02499999999999987000 ) ;
#6881 = CARTESIAN_POINT ( 'NONE',  ( -1.593748380652688600, -1.891440972269853100, 2.004999999999999400 ) ) ;
#6882 = EDGE_CURVE ( 'NONE', #10443, #1667, #4377, .T. ) ;
#6883 = ORIENTED_EDGE ( 'NONE', *, *, #6163, .F. ) ;
#6884 = VECTOR ( 'NONE', #2166, 39.37007874015748100 ) ;
#6885 = ORIENTED_EDGE ( 'NONE', *, *, #8664, .F. ) ;
#6886 = DIRECTION ( 'NONE',  ( -1.000000000000000000, -0.0000000000000000000, -0.0000000000000000000 ) ) ;
#6887 = ORIENTED_EDGE ( 'NONE', *, *, #7603, .F. ) ;
#6888 = B_SPLINE_CURVE_WITH_KNOTS ( 'NONE', 3,
 ( #3126, #8211, #3989, #3202, #629, #9954, #3084, #1475, #3234, #4964 ),
 .UNSPECIFIED., .F., .F.,
 ( 4, 2, 2, 2, 4 ),
 ( 0.001609983470110019000, 0.002009559951696708600, 0.002409136433283398400, 0.002808712914870088200, 0.003208289396456777600 ),
 .UNSPECIFIED. ) ;
#6889 = DIRECTION ( 'NONE',  ( 0.0000000000000000000, 0.0000000000000000000, -1.000000000000000000 ) ) ;
#6890 = ORIENTED_EDGE ( 'NONE', *, *, #5725, .F. ) ;
#6891 = LINE ( 'NONE', #6175, #3526 ) ;
#6892 = LINE ( 'NONE', #2519, #5005 ) ;
#6893 = ORIENTED_EDGE ( 'NONE', *, *, #8429, .T. ) ;
#6894 = DIRECTION ( 'NONE',  ( -1.000000000000000000, 0.0000000000000000000, 0.0000000000000000000 ) ) ;
#6895 = LINE ( 'NONE', #5718, #10213 ) ;
#6896 = EDGE_CURVE ( 'NONE', #1877, #10005, #801, .T. ) ;
#6897 = EDGE_CURVE ( 'NONE', #3806, #6627, #9461, .T. ) ;
#6898 = CARTESIAN_POINT ( 'NONE',  ( 0.7070000000000014100, 2.196999999999998700, 1.564999999999999700 ) ) ;
#6899 = AXIS2_PLACEMENT_3D ( 'NONE', #4792, #7307, #576 ) ;
#6900 = EDGE_LOOP ( 'NONE', ( #10116, #1853, #7465, #1808 ) ) ;
#6901 = EDGE_CURVE ( 'NONE', #8449, #112, #8256, .T. ) ;
#6902 = CARTESIAN_POINT ( 'NONE',  ( 1.770000000000001600, 2.264999999999998800, 1.580000000000000100 ) ) ;
#6903 = VERTEX_POINT ( 'NONE', #9447 ) ;
#6904 = ORIENTED_EDGE ( 'NONE', *, *, #9943, .F. ) ;
#6905 = ORIENTED_EDGE ( 'NONE', *, *, #3769, .T. ) ;
#6906 = DIRECTION ( 'NONE',  ( -1.000000000000000000, -4.151904875222836800E-015, 0.0000000000000000000 ) ) ;
#6907 = CYLINDRICAL_SURFACE ( 'NONE', #3335, 0.02499999999999987000 ) ;
#6908 = CARTESIAN_POINT ( 'NONE',  ( 1.498499999999999100, 1.619499999999999500, 1.564999999999999700 ) ) ;
#6909 = TOROIDAL_SURFACE ( 'NONE', #4920, 0.07850000000000047200, 0.02500000000000000100 ) ;
#6910 = DIRECTION ( 'NONE',  ( 0.0000000000000000000, 0.0000000000000000000, -1.000000000000000000 ) ) ;
#6911 = DIRECTION ( 'NONE',  ( 1.000000000000000000, 0.0000000000000000000, 0.0000000000000000000 ) ) ;
#6912 = ORIENTED_EDGE ( 'NONE', *, *, #8154, .F. ) ;
#6913 = CARTESIAN_POINT ( 'NONE',  ( -0.7070000000000014100, -2.246999999999999000, 1.605000000000000000 ) ) ;
#6914 = CARTESIAN_POINT ( 'NONE',  ( -1.462589240148601100, -2.118615267499996500, 2.043974741639081200 ) ) ;
#6915 = VERTEX_POINT ( 'NONE', #6881 ) ;
#6916 = AXIS2_PLACEMENT_3D ( 'NONE', #149, #6097, #3585 ) ;
#6917 = ORIENTED_EDGE ( 'NONE', *, *, #2728, .T. ) ;
#6918 = AXIS2_PLACEMENT_3D ( 'NONE', #10446, #4524, #7691 ) ;
#6919 = EDGE_CURVE ( 'NONE', #5395, #8449, #4914, .T. ) ;
#6920 = ORIENTED_EDGE ( 'NONE', *, *, #10709, .F. ) ;
#6921 = FACE_OUTER_BOUND ( 'NONE', #7054, .T. ) ;
#6922 = DIRECTION ( 'NONE',  ( -0.0000000000000000000, -0.0000000000000000000, 1.000000000000000000 ) ) ;
#6923 = LINE ( 'NONE', #2501, #10238 ) ;
#6924 = DIRECTION ( 'NONE',  ( -1.000000000000000000, 0.0000000000000000000, 0.0000000000000000000 ) ) ;
#6925 = CARTESIAN_POINT ( 'NONE',  ( 1.625848074029415400, -2.120848074029415100, 0.04805064199019547200 ) ) ;
#6926 = ORIENTED_EDGE ( 'NONE', *, *, #5365, .F. ) ;
#6927 = DIRECTION ( 'NONE',  ( -0.0000000000000000000, -0.0000000000000000000, -1.000000000000000000 ) ) ;
#6928 = CARTESIAN_POINT ( 'NONE',  ( -0.7070000000000014100, -1.926500000000000300, 2.050000000000000300 ) ) ;
#6929 = ORIENTED_EDGE ( 'NONE', *, *, #6651, .T. ) ;
#6930 = ORIENTED_EDGE ( 'NONE', *, *, #33, .T. ) ;
#6931 = CARTESIAN_POINT ( 'NONE',  ( -0.9774999999999999200, -1.926500000000000300, 1.564999999999999700 ) ) ;
#6932 = ORIENTED_EDGE ( 'NONE', *, *, #9150, .F. ) ;
#6933 = CIRCLE ( 'NONE', #10591, 0.07874015748031476500 ) ;
#6934 = AXIS2_PLACEMENT_3D ( 'NONE', #10972, #6656, #1548 ) ;
#6935 = ORIENTED_EDGE ( 'NONE', *, *, #618, .T. ) ;
#6936 = VECTOR ( 'NONE', #2322, 39.37007874015748100 ) ;
#6937 = AXIS2_PLACEMENT_3D ( 'NONE', #264, #7052, #1713 ) ;
#6938 = DIRECTION ( 'NONE',  ( -1.000000000000000000, 0.0000000000000000000, 0.0000000000000000000 ) ) ;
#6939 = ORIENTED_EDGE ( 'NONE', *, *, #8980, .F. ) ;
#6940 = DIRECTION ( 'NONE',  ( -1.000000000000000000, 0.0000000000000000000, 0.0000000000000000000 ) ) ;
#6941 = ADVANCED_FACE ( 'NONE', ( #5988 ), #6388, .T. ) ;
#6942 = VERTEX_POINT ( 'NONE', #166 ) ;
#6943 = DIRECTION ( 'NONE',  ( -0.0000000000000000000, -0.0000000000000000000, -1.000000000000000000 ) ) ;
#6944 = ORIENTED_EDGE ( 'NONE', *, *, #6384, .F. ) ;
#6945 = VECTOR ( 'NONE', #6753, 39.37007874015748100 ) ;
#6946 = ORIENTED_EDGE ( 'NONE', *, *, #404, .F. ) ;
#6947 = CARTESIAN_POINT ( 'NONE',  ( -1.081000000000000400, 1.873000000000000000, 1.639999999999999900 ) ) ;
#6948 = PLANE ( 'NONE',  #5363 ) ;
#6949 = AXIS2_PLACEMENT_3D ( 'NONE', #261, #6210, #10526 ) ;
#6950 = DIRECTION ( 'NONE',  ( 0.0000000000000000000, 0.0000000000000000000, -1.000000000000000000 ) ) ;
#6951 = CARTESIAN_POINT ( 'NONE',  ( -1.002499999999999900, -1.926500000000000300, 1.564999999999999700 ) ) ;
#6952 = CARTESIAN_POINT ( 'NONE',  ( 1.045499999999999900, 1.926500000000000300, -0.3943848084544492900 ) ) ;
#6953 = DIRECTION ( 'NONE',  ( -0.0000000000000000000, -0.0000000000000000000, -1.000000000000000000 ) ) ;
#6954 = VERTEX_POINT ( 'NONE', #1898 ) ;
#6955 = EDGE_CURVE ( 'NONE', #5439, #711, #3825, .T. ) ;
#6956 = ORIENTED_EDGE ( 'NONE', *, *, #8089, .T. ) ;
#6957 = DIRECTION ( 'NONE',  ( -0.0000000000000000000, -0.0000000000000000000, 1.000000000000000000 ) ) ;
#6958 = CARTESIAN_POINT ( 'NONE',  ( 1.538000000000000500, 2.027999999999999600, 1.267500000000000100 ) ) ;
#6959 = FACE_OUTER_BOUND ( 'NONE', #3368, .T. ) ;
#6960 = ADVANCED_FACE ( 'NONE', ( #10927 ), #10435, .F. ) ;
#6961 = DIRECTION ( 'NONE',  ( -1.000000000000000000, -0.0000000000000000000, -0.0000000000000000000 ) ) ;
#6962 = DIRECTION ( 'NONE',  ( 1.000000000000000000, 0.0000000000000000000, 0.0000000000000000000 ) ) ;
#6963 = DIRECTION ( 'NONE',  ( -0.0000000000000000000, -0.0000000000000000000, 1.000000000000000000 ) ) ;
#6964 = CARTESIAN_POINT ( 'NONE',  ( 1.447610603195933500, 2.144559027730145000, 2.004999999999999400 ) ) ;
#6965 = VECTOR ( 'NONE', #4364, 39.37007874015748100 ) ;
#6966 = DIRECTION ( 'NONE',  ( 1.000000000000000000, 0.0000000000000000000, 0.0000000000000000000 ) ) ;
#6967 = EDGE_CURVE ( 'NONE', #2332, #4196, #4108, .T. ) ;
#6968 = EDGE_CURVE ( 'NONE', #747, #9311, #5715, .T. ) ;
#6969 = DIRECTION ( 'NONE',  ( -0.0000000000000000000, -1.000000000000000000, -0.0000000000000000000 ) ) ;
#6970 = VECTOR ( 'NONE', #4368, 39.37007874015748100 ) ;
#6971 = ORIENTED_EDGE ( 'NONE', *, *, #1636, .F. ) ;
#6972 = CYLINDRICAL_SURFACE ( 'NONE', #415, 0.07874015748031476500 ) ;
#6973 = CARTESIAN_POINT ( 'NONE',  ( 1.770000000000001600, -2.265000000000001000, 1.580000000000000100 ) ) ;
#6974 = PLANE ( 'NONE',  #4844 ) ;
#6975 = AXIS2_PLACEMENT_3D ( 'NONE', #6951, #4392, #5769 ) ;
#6976 = DIRECTION ( 'NONE',  ( -1.000000000000000000, 0.0000000000000000000, 0.0000000000000000000 ) ) ;
#6977 = AXIS2_PLACEMENT_3D ( 'NONE', #1585, #5070, #7533 ) ;
#6978 = DIRECTION ( 'NONE',  ( 0.0000000000000000000, 0.0000000000000000000, 1.000000000000000000 ) ) ;
#6979 = FACE_OUTER_BOUND ( 'NONE', #5957, .T. ) ;
#6980 = EDGE_CURVE ( 'NONE', #1915, #4060, #7842, .T. ) ;
#6981 = DIRECTION ( 'NONE',  ( 1.000000000000000000, 0.0000000000000000000, 0.0000000000000000000 ) ) ;
#6982 = CARTESIAN_POINT ( 'NONE',  ( -1.498499999999999100, 1.619499999999999500, 0.1200000000000000900 ) ) ;
#6983 = DIRECTION ( 'NONE',  ( 1.000000000000000000, 0.0000000000000000000, 0.0000000000000000000 ) ) ;
#6984 = ADVANCED_FACE ( 'NONE', ( #1593 ), #1845, .F. ) ;
#6985 = CYLINDRICAL_SURFACE ( 'NONE', #8906, 0.04805064199019547200 ) ;
#6986 = DIRECTION ( 'NONE',  ( -1.000000000000000000, 0.0000000000000000000, 0.0000000000000000000 ) ) ;
#6987 = CYLINDRICAL_SURFACE ( 'NONE', #9084, 0.1535000000000004100 ) ;
#6988 = ORIENTED_EDGE ( 'NONE', *, *, #5023, .T. ) ;
#6989 = CARTESIAN_POINT ( 'NONE',  ( 0.7070000000000014100, 2.246999999999998600, 1.639999999999999900 ) ) ;
#6990 = DIRECTION ( 'NONE',  ( -0.0000000000000000000, -0.0000000000000000000, -1.000000000000000000 ) ) ;
#6991 = AXIS2_PLACEMENT_3D ( 'NONE', #9629, #5449, #4620 ) ;
#6992 = EDGE_LOOP ( 'NONE', ( #6046, #5943, #237, #10760 ) ) ;
#6993 = CARTESIAN_POINT ( 'NONE',  ( 1.625848074029415400, -2.120848074029415100, 1.614999999999999800 ) ) ;
#6994 = EDGE_CURVE ( 'NONE', #1398, #5992, #6117, .T. ) ;
#6995 = DIRECTION ( 'NONE',  ( -1.000000000000000000, 0.0000000000000000000, 0.0000000000000000000 ) ) ;
#6996 = CARTESIAN_POINT ( 'NONE',  ( -0.7070000000000014100, -2.196999999999998700, 1.630000000000000100 ) ) ;
#6997 = DIRECTION ( 'NONE',  ( -0.0000000000000000000, -0.0000000000000000000, 1.000000000000000000 ) ) ;
#6998 = CIRCLE ( 'NONE', #7330, 0.02499999999999987000 ) ;
#6999 = ORIENTED_EDGE ( 'NONE', *, *, #9037, .F. ) ;
#7000 = CYLINDRICAL_SURFACE ( 'NONE', #1121, 0.1575000000000004500 ) ;
#7001 = ORIENTED_EDGE ( 'NONE', *, *, #288, .T. ) ;
#7002 = ORIENTED_EDGE ( 'NONE', *, *, #310, .F. ) ;
#7003 = EDGE_LOOP ( 'NONE', ( #4730, #9336, #1908, #6247 ) ) ;
#7004 = ADVANCED_FACE ( 'NONE', ( #10639 ), #7074, .T. ) ;
#7005 = DIRECTION ( 'NONE',  ( 0.0000000000000000000, -1.000000000000000000, 0.0000000000000000000 ) ) ;
#7006 = DIRECTION ( 'NONE',  ( -1.000000000000000000, 0.0000000000000000000, 0.0000000000000000000 ) ) ;
#7007 = AXIS2_PLACEMENT_3D ( 'NONE', #1221, #8903, #8121 ) ;
#7008 = CARTESIAN_POINT ( 'NONE',  ( 1.081000000000000400, 1.873000000000000000, 1.564999999999999700 ) ) ;
#7009 = ORIENTED_EDGE ( 'NONE', *, *, #10367, .F. ) ;
#7010 = ORIENTED_EDGE ( 'NONE', *, *, #3076, .F. ) ;
#7011 = FACE_OUTER_BOUND ( 'NONE', #7984, .T. ) ;
#7012 = DIRECTION ( 'NONE',  ( -1.000000000000000000, 0.0000000000000000000, 0.0000000000000000000 ) ) ;
#7013 = LINE ( 'NONE', #2424, #6324 ) ;
#7014 = EDGE_LOOP ( 'NONE', ( #1580, #2598, #3916, #4063 ) ) ;
#7015 = DIRECTION ( 'NONE',  ( 1.000000000000000000, 0.0000000000000000000, 0.0000000000000000000 ) ) ;
#7016 = DIRECTION ( 'NONE',  ( -0.0000000000000000000, -1.000000000000000000, -0.0000000000000000000 ) ) ;
#7017 = DIRECTION ( 'NONE',  ( -0.0000000000000000000, -0.0000000000000000000, -1.000000000000000000 ) ) ;
#7018 = ORIENTED_EDGE ( 'NONE', *, *, #2713, .T. ) ;
#7019 = VECTOR ( 'NONE', #5470, 39.37007874015748100 ) ;
#7020 = CARTESIAN_POINT ( 'NONE',  ( 0.7070000000000014100, 2.246999999999998600, 1.605000000000000000 ) ) ;
#7021 = VECTOR ( 'NONE', #2690, 39.37007874015748100 ) ;
#7022 = ORIENTED_EDGE ( 'NONE', *, *, #1504, .F. ) ;
#7023 = EDGE_LOOP ( 'NONE', ( #5912, #9441, #6345, #9535 ) ) ;
#7024 = CARTESIAN_POINT ( 'NONE',  ( -0.9274999999999999900, -1.926500000000000300, 0.1200000000000000900 ) ) ;
#7025 = EDGE_CURVE ( 'NONE', #7379, #9877, #8114, .T. ) ;
#7026 = DIRECTION ( 'NONE',  ( 0.0000000000000000000, 0.0000000000000000000, 1.000000000000000000 ) ) ;
#7027 = AXIS2_PLACEMENT_3D ( 'NONE', #7714, #4315, #7743 ) ;
#7028 = CARTESIAN_POINT ( 'NONE',  ( -1.538000000000000500, 2.027999999999999600, 1.267500000000000100 ) ) ;
#7029 = ORIENTED_EDGE ( 'NONE', *, *, #10148, .T. ) ;
#7030 = VERTEX_POINT ( 'NONE', #204 ) ;
#7031 = ORIENTED_EDGE ( 'NONE', *, *, #2601, .T. ) ;
#7032 = ADVANCED_FACE ( 'NONE', ( #10255 ), #3567, .T. ) ;
#7033 = DIRECTION ( 'NONE',  ( 1.000000000000000000, 0.0000000000000000000, 0.0000000000000000000 ) ) ;
#7034 = FACE_OUTER_BOUND ( 'NONE', #2769, .T. ) ;
#7035 = VERTEX_POINT ( 'NONE', #1043 ) ;
#7036 = CARTESIAN_POINT ( 'NONE',  ( -1.538000000000000500, -2.027999999999999100, 2.004999999999999400 ) ) ;
#7037 = FACE_OUTER_BOUND ( 'NONE', #2526, .T. ) ;
#7038 = EDGE_LOOP ( 'NONE', ( #10453, #6917 ) ) ;
#7039 = PLANE ( 'NONE',  #10816 ) ;
#7040 = VERTEX_POINT ( 'NONE', #2719 ) ;
#7041 = EDGE_LOOP ( 'NONE', ( #11029, #10383, #2847, #5240 ) ) ;
#7042 = ORIENTED_EDGE ( 'NONE', *, *, #3286, .F. ) ;
#7043 = DIRECTION ( 'NONE',  ( 1.000000000000000000, 0.0000000000000000000, 0.0000000000000000000 ) ) ;
#7044 = AXIS2_PLACEMENT_3D ( 'NONE', #4378, #10340, #1846 ) ;
#7045 = EDGE_CURVE ( 'NONE', #4293, #2394, #5569, .T. ) ;
#7046 = VECTOR ( 'NONE', #2863, 39.37007874015748100 ) ;
#7047 = EDGE_CURVE ( 'NONE', #5965, #8893, #7196, .T. ) ;
#7048 = ADVANCED_FACE ( 'NONE', ( #3307 ), #1330, .F. ) ;
#7049 = CC_DESIGN_SECURITY_CLASSIFICATION ( #6251, ( #10450 ) ) ;
#7050 = EDGE_CURVE ( 'NONE', #9399, #2468, #1080, .T. ) ;
#7051 = CIRCLE ( 'NONE', #2831, 0.1474999999999994600 ) ;
#7052 = DIRECTION ( 'NONE',  ( 0.0000000000000000000, 0.0000000000000000000, 1.000000000000000000 ) ) ;
#7053 = DIRECTION ( 'NONE',  ( 1.931999995519277300E-016, -1.000000000000000000, 0.0000000000000000000 ) ) ;
#7054 = EDGE_LOOP ( 'NONE', ( #2100, #10749, #6944, #2657, #4895 ) ) ;
#7055 = ORIENTED_EDGE ( 'NONE', *, *, #6901, .T. ) ;
#7056 = CARTESIAN_POINT ( 'NONE',  ( 1.081000000000000400, 1.926500000000000300, 1.540000000000000000 ) ) ;
#7057 = ORIENTED_EDGE ( 'NONE', *, *, #6405, .T. ) ;
#7058 = DIRECTION ( 'NONE',  ( -0.0000000000000000000, -0.0000000000000000000, 1.000000000000000000 ) ) ;
#7059 = VERTEX_POINT ( 'NONE', #7281 ) ;
#7060 = LINE ( 'NONE', #9358, #9512 ) ;
#7061 = CARTESIAN_POINT ( 'NONE',  ( 1.340000000000000500, 1.515499999999999600, 0.3700000000000001100 ) ) ;
#7062 = DIRECTION ( 'NONE',  ( -1.000000000000000000, 0.0000000000000000000, 0.0000000000000000000 ) ) ;
#7063 = VECTOR ( 'NONE', #44, 39.37007874015748100 ) ;
#7064 = CARTESIAN_POINT ( 'NONE',  ( 1.081000000000000400, -1.772999999999999900, 1.630000000000000100 ) ) ;
#7065 = VERTEX_POINT ( 'NONE', #6574 ) ;
#7066 = AXIS2_PLACEMENT_3D ( 'NONE', #6420, #10724, #5651 ) ;
#7067 = ADVANCED_FACE ( 'NONE', ( #5304 ), #3862, .T. ) ;
#7068 = AXIS2_PLACEMENT_3D ( 'NONE', #6818, #8586, #2804 ) ;
#7069 = EDGE_CURVE ( 'NONE', #3312, #9426, #385, .T. ) ;
#7070 = ORIENTED_EDGE ( 'NONE', *, *, #1504, .T. ) ;
#7071 = CARTESIAN_POINT ( 'NONE',  ( 1.538000000000000500, -2.027999999999999100, 2.004999999999999400 ) ) ;
#7072 = VERTEX_POINT ( 'NONE', #9848 ) ;
#7073 = VECTOR ( 'NONE', #843, 39.37007874015748100 ) ;
#7074 = PLANE ( 'NONE',  #8976 ) ;
#7075 = ORIENTED_EDGE ( 'NONE', *, *, #9124, .T. ) ;
#7076 = PERSON_AND_ORGANIZATION ( #5159, #4153 ) ;
#7077 = CARTESIAN_POINT ( 'NONE',  ( 1.081000000000000400, 1.926500000000000300, 1.639999999999999900 ) ) ;
#7078 = ORIENTED_EDGE ( 'NONE', *, *, #6458, .T. ) ;
#7079 = DIRECTION ( 'NONE',  ( -0.0000000000000000000, -0.0000000000000000000, -1.000000000000000000 ) ) ;
#7080 = AXIS2_PLACEMENT_3D ( 'NONE', #7436, #3206, #1480 ) ;
#7081 = EDGE_LOOP ( 'NONE', ( #6215, #5854, #5565, #6190 ) ) ;
#7082 = EDGE_CURVE ( 'NONE', #4732, #78, #7700, .T. ) ;
#7083 = VECTOR ( 'NONE', #7569, 39.37007874015748100 ) ;
#7084 = DIRECTION ( 'NONE',  ( 0.0000000000000000000, 0.0000000000000000000, 1.000000000000000000 ) ) ;
#7085 = DIRECTION ( 'NONE',  ( 1.000000000000000000, 0.0000000000000000000, 0.0000000000000000000 ) ) ;
#7086 = CARTESIAN_POINT ( 'NONE',  ( 1.537999999999999400, -2.028000000000001400, 2.169999999999999900 ) ) ;
#7087 = ORIENTED_EDGE ( 'NONE', *, *, #174, .T. ) ;
#7088 = DIRECTION ( 'NONE',  ( -0.0000000000000000000, -0.0000000000000000000, 1.000000000000000000 ) ) ;
#7089 = CYLINDRICAL_SURFACE ( 'NONE', #5899, 0.02499999999999987000 ) ;
#7090 = DIRECTION ( 'NONE',  ( 0.0000000000000000000, 0.0000000000000000000, 1.000000000000000000 ) ) ;
#7091 = DIRECTION ( 'NONE',  ( -0.0000000000000000000, -0.0000000000000000000, -1.000000000000000000 ) ) ;
#7092 = EDGE_CURVE ( 'NONE', #6759, #1398, #1449, .T. ) ;
#7093 = DIRECTION ( 'NONE',  ( 0.0000000000000000000, 0.0000000000000000000, -1.000000000000000000 ) ) ;
#7094 = DIRECTION ( 'NONE',  ( 0.0000000000000000000, 0.0000000000000000000, 1.000000000000000000 ) ) ;
#7095 = EDGE_CURVE ( 'NONE', #9453, #7710, #7444, .T. ) ;
#7096 = CIRCLE ( 'NONE', #10191, 0.2035000000000004300 ) ;
#7097 = LINE ( 'NONE', #10669, #9078 ) ;
#7098 = ADVANCED_FACE ( 'NONE', ( #4901 ), #9132, .F. ) ;
#7099 = DIRECTION ( 'NONE',  ( -0.0000000000000000000, -0.0000000000000000000, 1.000000000000000000 ) ) ;
#7100 = DIRECTION ( 'NONE',  ( 1.000000000000000000, 0.0000000000000000000, 0.0000000000000000000 ) ) ;
#7101 = CARTESIAN_POINT ( 'NONE',  ( -0.7070000000000014100, 2.246999999999998600, 1.564999999999999700 ) ) ;
#7102 = CARTESIAN_POINT ( 'NONE',  ( -1.705500000000000700, 2.027999999999999600, 2.169999999999999900 ) ) ;
#7103 = CARTESIAN_POINT ( 'NONE',  ( -0.9774999999999999200, 1.926500000000000300, 1.540000000000000000 ) ) ;
#7104 = LINE ( 'NONE', #3402, #4813 ) ;
#7105 = DIRECTION ( 'NONE',  ( 1.000000000000000000, 0.0000000000000000000, -0.0000000000000000000 ) ) ;
#7106 = CYLINDRICAL_SURFACE ( 'NONE', #6899, 0.2535000000000004500 ) ;
#7107 = EDGE_CURVE ( 'NONE', #10744, #1851, #9967, .T. ) ;
#7108 = EDGE_CURVE ( 'NONE', #3668, #6057, #8244, .T. ) ;
#7109 = EDGE_CURVE ( 'NONE', #9109, #5051, #8774, .T. ) ;
#7110 = ADVANCED_FACE ( 'NONE', ( #7972 ), #1974, .T. ) ;
#7111 = DIRECTION ( 'NONE',  ( -1.000000000000000000, 0.0000000000000000000, 0.0000000000000000000 ) ) ;
#7112 = CARTESIAN_POINT ( 'NONE',  ( 1.498499999999999100, 1.619499999999999500, 1.540000000000000000 ) ) ;
#7113 = VECTOR ( 'NONE', #6178, 39.37007874015748100 ) ;
#7114 = FACE_OUTER_BOUND ( 'NONE', #7372, .T. ) ;
#7115 = ORIENTED_EDGE ( 'NONE', *, *, #654, .T. ) ;
#7116 = AXIS2_PLACEMENT_3D ( 'NONE', #9571, #6278, #1103 ) ;
#7117 = DIRECTION ( 'NONE',  ( 0.0000000000000000000, 1.000000000000000000, 0.0000000000000000000 ) ) ;
#7118 = CARTESIAN_POINT ( 'NONE',  ( -1.625848074029413200, 2.120848074029412900, 2.169999999999999900 ) ) ;
#7119 = EDGE_CURVE ( 'NONE', #6879, #390, #5433, .T. ) ;
#7120 = CARTESIAN_POINT ( 'NONE',  ( -0.7070000000000014100, 1.926500000000000300, 1.540000000000000000 ) ) ;
#7121 = CIRCLE ( 'NONE', #8033, 0.009999999999999892700 ) ;
#7122 = ORIENTED_EDGE ( 'NONE', *, *, #4436, .T. ) ;
#7123 = LINE ( 'NONE', #2724, #453 ) ;
#7124 = DIRECTION ( 'NONE',  ( -1.000000000000000000, 0.0000000000000000000, 0.0000000000000000000 ) ) ;
#7125 = ORIENTED_EDGE ( 'NONE', *, *, #3766, .F. ) ;
#7126 = ORIENTED_EDGE ( 'NONE', *, *, #1134, .F. ) ;
#7127 = CARTESIAN_POINT ( 'NONE',  ( -0.9774999999999999200, 1.926500000000000300, 1.580000000000000100 ) ) ;
#7128 = ORIENTED_EDGE ( 'NONE', *, *, #8808, .T. ) ;
#7129 = ORIENTED_EDGE ( 'NONE', *, *, #6743, .T. ) ;
#7130 = CARTESIAN_POINT ( 'NONE',  ( -0.9638306835251589900, -2.146999999999998900, 0.1200000000000000900 ) ) ;
#7131 = FACE_OUTER_BOUND ( 'NONE', #4826, .T. ) ;
#7132 = LINE ( 'NONE', #5435, #2050 ) ;
#7133 = EDGE_LOOP ( 'NONE', ( #11027, #1423, #10707, #8320 ) ) ;
#7134 = AXIS2_PLACEMENT_3D ( 'NONE', #3920, #3879, #5088 ) ;
#7135 = DIRECTION ( 'NONE',  ( -0.0000000000000000000, -0.0000000000000000000, -1.000000000000000000 ) ) ;
#7136 = EDGE_CURVE ( 'NONE', #5051, #6759, #3163, .T. ) ;
#7137 = ADVANCED_FACE ( 'NONE', ( #934 ), #9064, .T. ) ;
#7138 = CARTESIAN_POINT ( 'NONE',  ( -1.625848074029412800, -2.120848074029416000, 0.04805064199019547200 ) ) ;
#7139 = DIRECTION ( 'NONE',  ( -1.000000000000000000, -1.272782003896287900E-015, 0.0000000000000000000 ) ) ;
#7140 = VERTEX_POINT ( 'NONE', #6611 ) ;
#7141 = DIRECTION ( 'NONE',  ( 1.000000000000000000, 0.0000000000000000000, 0.0000000000000000000 ) ) ;
#7142 = FACE_OUTER_BOUND ( 'NONE', #6085, .T. ) ;
#7143 = ORIENTED_EDGE ( 'NONE', *, *, #6151, .T. ) ;
#7144 = LINE ( 'NONE', #9686, #3773 ) ;
#7145 = LINE ( 'NONE', #2873, #7398 ) ;
#7146 = ORIENTED_EDGE ( 'NONE', *, *, #1560, .T. ) ;
#7147 = CARTESIAN_POINT ( 'NONE',  ( 1.409987305317013300, -1.890999999999998200, 1.580000000000000100 ) ) ;
#7148 = DIRECTION ( 'NONE',  ( -0.0000000000000000000, -0.0000000000000000000, 1.000000000000000000 ) ) ;
#7149 = ADVANCED_FACE ( 'NONE', ( #7182, #5977, #10625, #9172, #9710, #6245, #6788, #9584, #2637, #6372 ), #4928, .T. ) ;
#7150 = VERTEX_POINT ( 'NONE', #9991 ) ;
#7151 = AXIS2_PLACEMENT_3D ( 'NONE', #8928, #525, #2174 ) ;
#7152 = DIRECTION ( 'NONE',  ( 0.0000000000000000000, -1.000000000000000000, 0.0000000000000000000 ) ) ;
#7153 = VERTEX_POINT ( 'NONE', #2392 ) ;
#7154 = EDGE_LOOP ( 'NONE', ( #941, #6767, #5167, #5106 ) ) ;
#7155 = CIRCLE ( 'NONE', #761, 0.1474999999999994600 ) ;
#7156 = CIRCLE ( 'NONE', #5281, 0.2204999999999984500 ) ;
#7157 = VERTEX_POINT ( 'NONE', #7608 ) ;
#7158 = CARTESIAN_POINT ( 'NONE',  ( 1.625848074029415400, -2.216949358009805900, 0.0000000000000000000 ) ) ;
#7159 = CIRCLE ( 'NONE', #4999, 0.1035000000000005500 ) ;
#7160 = DIRECTION ( 'NONE',  ( 1.000000000000000000, 0.0000000000000000000, 0.0000000000000000000 ) ) ;
#7161 = ORIENTED_EDGE ( 'NONE', *, *, #7692, .F. ) ;
#7162 = CARTESIAN_POINT ( 'NONE',  ( 1.651999999999999500, 1.619499999999999500, 0.1200000000000000900 ) ) ;
#7163 = DIRECTION ( 'NONE',  ( -0.0000000000000000000, -0.0000000000000000000, -1.000000000000000000 ) ) ;
#7164 = CARTESIAN_POINT ( 'NONE',  ( -1.498499999999999100, 1.873000000000000000, 1.605000000000000000 ) ) ;
#7165 = ORIENTED_EDGE ( 'NONE', *, *, #3982, .F. ) ;
#7166 = ORIENTED_EDGE ( 'NONE', *, *, #4016, .F. ) ;
#7167 = EDGE_LOOP ( 'NONE', ( #9719, #6532 ) ) ;
#7168 = LINE ( 'NONE', #457, #9955 ) ;
#7169 = CARTESIAN_POINT ( 'NONE',  ( 1.770000000000002900, -2.216949358009805400, 0.0000000000000000000 ) ) ;
#7170 = VECTOR ( 'NONE', #5375, 39.37007874015748100 ) ;
#7171 = EDGE_CURVE ( 'NONE', #8667, #8355, #5702, .T. ) ;
#7172 = EDGE_CURVE ( 'NONE', #5798, #390, #257, .T. ) ;
#7173 = CARTESIAN_POINT ( 'NONE',  ( -1.081000000000000400, 1.823000000000000000, 1.639999999999999900 ) ) ;
#7174 = AXIS2_PLACEMENT_3D ( 'NONE', #7582, #8471, #3433 ) ;
#7175 = VERTEX_POINT ( 'NONE', #6718 ) ;
#7176 = DIRECTION ( 'NONE',  ( 1.000000000000000000, 0.0000000000000000000, -0.0000000000000000000 ) ) ;
#7177 = ORIENTED_EDGE ( 'NONE', *, *, #1909, .F. ) ;
#7178 = DIRECTION ( 'NONE',  ( -0.0000000000000000000, -0.0000000000000000000, 1.000000000000000000 ) ) ;
#7179 = ORIENTED_EDGE ( 'NONE', *, *, #10519, .F. ) ;
#7180 = ORIENTED_EDGE ( 'NONE', *, *, #924, .F. ) ;
#7181 = LINE ( 'NONE', #7024, #6647 ) ;
#7182 = FACE_BOUND ( 'NONE', #1228, .T. ) ;
#7183 = ORIENTED_EDGE ( 'NONE', *, *, #4435, .T. ) ;
#7184 = DIRECTION ( 'NONE',  ( -0.0000000000000000000, -0.0000000000000000000, -1.000000000000000000 ) ) ;
#7185 = PLANE ( 'NONE',  #8757 ) ;
#7186 = ORIENTED_EDGE ( 'NONE', *, *, #2275, .T. ) ;
#7187 = AXIS2_PLACEMENT_3D ( 'NONE', #4456, #5321, #1112 ) ;
#7188 = ORIENTED_EDGE ( 'NONE', *, *, #10705, .F. ) ;
#7189 = AXIS2_PLACEMENT_3D ( 'NONE', #4753, #4823, #10088 ) ;
#7190 = EDGE_CURVE ( 'NONE', #4316, #1145, #7317, .T. ) ;
#7191 = ORIENTED_EDGE ( 'NONE', *, *, #8996, .F. ) ;
#7192 = DIRECTION ( 'NONE',  ( 1.000000000000000000, 0.0000000000000000000, 0.0000000000000000000 ) ) ;
#7193 = FACE_OUTER_BOUND ( 'NONE', #4645, .T. ) ;
#7194 = DIRECTION ( 'NONE',  ( 1.000000000000000000, 0.0000000000000000000, 0.0000000000000000000 ) ) ;
#7195 = ORIENTED_EDGE ( 'NONE', *, *, #9630, .F. ) ;
#7196 = LINE ( 'NONE', #3576, #5448 ) ;
#7197 = ADVANCED_FACE ( 'NONE', ( #10772 ), #2773, .F. ) ;
#7198 = ORIENTED_EDGE ( 'NONE', *, *, #5640, .T. ) ;
#7199 = DIRECTION ( 'NONE',  ( -1.000000000000000000, 0.0000000000000000000, 0.0000000000000000000 ) ) ;
#7200 = PLANE ( 'NONE',  #5403 ) ;
#7201 = CARTESIAN_POINT ( 'NONE',  ( -1.081000000000000400, -1.890999999999999800, 1.580000000000000100 ) ) ;
#7202 = ORIENTED_EDGE ( 'NONE', *, *, #1054, .T. ) ;
#7203 = AXIS2_PLACEMENT_3D ( 'NONE', #8834, #398, #3743 ) ;
#7204 = EDGE_LOOP ( 'NONE', ( #2913, #8604, #8253, #3581 ) ) ;
#7205 = CIRCLE ( 'NONE', #5986, 0.1574999999999998900 ) ;
#7206 = ORIENTED_EDGE ( 'NONE', *, *, #8478, .F. ) ;
#7207 = ADVANCED_FACE ( 'NONE', ( #5047, #3695, #8510, #3960, #11054 ), #5744, .F. ) ;
#7208 = DIRECTION ( 'NONE',  ( 0.0000000000000000000, -1.000000000000000000, 0.0000000000000000000 ) ) ;
#7209 = CARTESIAN_POINT ( 'NONE',  ( 1.625848074029415400, 2.120848074029412900, 0.04805064199019547200 ) ) ;
#7210 = ORIENTED_EDGE ( 'NONE', *, *, #571, .F. ) ;
#7211 = DIRECTION ( 'NONE',  ( -1.000000000000000000, 0.0000000000000000000, 0.0000000000000000000 ) ) ;
#7212 = VECTOR ( 'NONE', #4719, 39.37007874015748100 ) ;
#7213 = CARTESIAN_POINT ( 'NONE',  ( -1.498499999999999100, 1.873000000000000000, 1.605000000000000000 ) ) ;
#7214 = EDGE_CURVE ( 'NONE', #3430, #3693, #529, .T. ) ;
#7215 = PLANE ( 'NONE',  #9546 ) ;
#7216 = EDGE_LOOP ( 'NONE', ( #5861, #3360 ) ) ;
#7217 = VECTOR ( 'NONE', #10513, 39.37007874015748100 ) ;
#7218 = AXIS2_PLACEMENT_3D ( 'NONE', #8803, #2726, #7105 ) ;
#7219 = DIRECTION ( 'NONE',  ( -1.000000000000000000, 0.0000000000000000000, 0.0000000000000000000 ) ) ;
#7220 = CARTESIAN_POINT ( 'NONE',  ( -1.769999999999998900, -2.120848074029416000, 1.614999999999999800 ) ) ;
#7221 = CYLINDRICAL_SURFACE ( 'NONE', #9416, 0.09375000000000033300 ) ;
#7222 = EDGE_CURVE ( 'NONE', #251, #4387, #1830, .T. ) ;
#7223 = ORIENTED_EDGE ( 'NONE', *, *, #7172, .F. ) ;
#7224 = FACE_OUTER_BOUND ( 'NONE', #2479, .T. ) ;
#7226 = PLANE ( 'NONE',  #5767 ) ;
#7225 = DIRECTION ( 'NONE',  ( 0.0000000000000000000, -1.000000000000000000, 0.0000000000000000000 ) ) ;
#7227 = DIRECTION ( 'NONE',  ( -1.000000000000000000, 0.0000000000000000000, 0.0000000000000000000 ) ) ;
#7228 = EDGE_CURVE ( 'NONE', #9733, #2927, #2367, .T. ) ;
#7229 = DIRECTION ( 'NONE',  ( -1.000000000000000000, 0.0000000000000000000, 0.0000000000000000000 ) ) ;
#7230 = DIRECTION ( 'NONE',  ( -0.0000000000000000000, -0.0000000000000000000, 1.000000000000000000 ) ) ;
#7231 = VECTOR ( 'NONE', #10003, 39.37007874015748100 ) ;
#7232 = CARTESIAN_POINT ( 'NONE',  ( 0.7070000000000014100, -1.926500000000000300, 0.1200000000000000900 ) ) ;
#7233 = LINE ( 'NONE', #3200, #4023 ) ;
#7234 = CARTESIAN_POINT ( 'NONE',  ( -1.045499999999999900, -1.926500000000000300, 0.1200000000000000900 ) ) ;
#7235 = ADVANCED_FACE ( 'NONE', ( #3427 ), #1718, .T. ) ;
#7236 = CARTESIAN_POINT ( 'NONE',  ( -1.538000000000000500, 2.027999999999999600, -0.3943848084544492900 ) ) ;
#7237 = DIRECTION ( 'NONE',  ( 0.0000000000000000000, 0.0000000000000000000, 1.000000000000000000 ) ) ;
#7238 = AXIS2_PLACEMENT_3D ( 'NONE', #1392, #6571, #5591 ) ;
#7239 = EDGE_CURVE ( 'NONE', #7667, #909, #6923, .T. ) ;
#7240 = EDGE_CURVE ( 'NONE', #3390, #3281, #5174, .T. ) ;
#7241 = CIRCLE ( 'NONE', #3885, 0.2535000000000004500 ) ;
#7242 = APPROVAL ( #7770, 'UNSPECIFIED' ) ;
#7243 = EDGE_CURVE ( 'NONE', #1696, #10295, #663, .T. ) ;
#7244 = VECTOR ( 'NONE', #9873, 39.37007874015748100 ) ;
#7245 = VERTEX_POINT ( 'NONE', #8503 ) ;
#7246 = EDGE_LOOP ( 'NONE', ( #10091, #939, #6783, #6912, #1282, #6454, #757, #7449, #5589, #223, #808, #4202, #8183, #8042, #1847, #5244, #7179, #8474, #10470, #1015 ) ) ;
#7247 = DIRECTION ( 'NONE',  ( 1.000000000000000000, 0.0000000000000000000, 0.0000000000000000000 ) ) ;
#7248 = CARTESIAN_POINT ( 'NONE',  ( 1.498499999999999100, 1.619499999999999500, 0.1200000000000000900 ) ) ;
#7249 = DIRECTION ( 'NONE',  ( 0.0000000000000000000, 0.0000000000000000000, 1.000000000000000000 ) ) ;
#7250 = ADVANCED_FACE ( 'NONE', ( #9446 ), #1205, .F. ) ;
#7251 = CYLINDRICAL_SURFACE ( 'NONE', #10322, 0.02499999999999987000 ) ;
#7252 = CARTESIAN_POINT ( 'NONE',  ( -1.628389396804067200, -1.911440972269852700, 2.004999999999999400 ) ) ;
#7253 = EDGE_LOOP ( 'NONE', ( #132, #3775, #6808, #1227, #7070, #3705, #6497, #3012, #10475, #3170, #673, #9389, #10076, #3785, #9775, #90, #9713, #1932, #7845, #954 ) ) ;
#7254 = LINE ( 'NONE', #5902, #3237 ) ;
#7255 = VERTEX_POINT ( 'NONE', #6804 ) ;
#7256 = ORIENTED_EDGE ( 'NONE', *, *, #2728, .F. ) ;
#7257 = AXIS2_PLACEMENT_3D ( 'NONE', #8321, #1439, #8257 ) ;
#7258 = CARTESIAN_POINT ( 'NONE',  ( 0.7070000000000014100, -2.196999999999998700, 1.540000000000000000 ) ) ;
#7259 = ORIENTED_EDGE ( 'NONE', *, *, #1359, .F. ) ;
#7260 = AXIS2_PLACEMENT_3D ( 'NONE', #7913, #6889, #4486 ) ;
#7261 = DIRECTION ( 'NONE',  ( 1.000000000000000000, 0.0000000000000000000, 0.0000000000000000000 ) ) ;
#7262 = EDGE_CURVE ( 'NONE', #5930, #3274, #4626, .T. ) ;
#7264 = DIRECTION ( 'NONE',  ( -1.000000000000000000, 0.0000000000000000000, -0.0000000000000000000 ) ) ;
#7263 = CARTESIAN_POINT ( 'NONE',  ( -1.498499999999999100, 1.772999999999999900, 1.630000000000000100 ) ) ;
#7265 = CARTESIAN_POINT ( 'NONE',  ( 0.7070000000000014100, 1.926500000000000300, 1.639999999999999900 ) ) ;
#7266 = EDGE_LOOP ( 'NONE', ( #7705, #5795, #4041, #1067 ) ) ;
#7267 = LINE ( 'NONE', #7513, #1276 ) ;
#7268 = VECTOR ( 'NONE', #9073, 39.37007874015748100 ) ;
#7269 = ORIENTED_EDGE ( 'NONE', *, *, #6564, .T. ) ;
#7270 = DIRECTION ( 'NONE',  ( -1.000000000000000000, 0.0000000000000000000, 0.0000000000000000000 ) ) ;
#7271 = DIRECTION ( 'NONE',  ( 1.000000000000000000, 0.0000000000000000000, 0.0000000000000000000 ) ) ;
#7272 = AXIS2_PLACEMENT_3D ( 'NONE', #1362, #9024, #470 ) ;
#7273 = AXIS2_PLACEMENT_3D ( 'NONE', #3610, #2766, #8582 ) ;
#7274 = DIRECTION ( 'NONE',  ( 0.0000000000000000000, 0.0000000000000000000, 1.000000000000000000 ) ) ;
#7275 = ORIENTED_EDGE ( 'NONE', *, *, #6518, .F. ) ;
#7276 = VECTOR ( 'NONE', #6706, 39.37007874015748100 ) ;
#7277 = DIRECTION ( 'NONE',  ( -0.0000000000000000000, -0.0000000000000000000, -1.000000000000000000 ) ) ;
#7278 = DIRECTION ( 'NONE',  ( -1.000000000000000000, 0.0000000000000000000, 0.0000000000000000000 ) ) ;
#7279 = CIRCLE ( 'NONE', #3560, 0.1035000000000005500 ) ;
#7280 = ORIENTED_EDGE ( 'NONE', *, *, #389, .F. ) ;
#7281 = CARTESIAN_POINT ( 'NONE',  ( -1.498499999999999100, 1.772999999999999900, 2.050000000000000300 ) ) ;
#7282 = DIRECTION ( 'NONE',  ( -1.000000000000000000, 0.0000000000000000000, 0.0000000000000000000 ) ) ;
#7283 = CIRCLE ( 'NONE', #9993, 0.1535000000000005500 ) ;
#7284 = ORIENTED_EDGE ( 'NONE', *, *, #8806, .F. ) ;
#7285 = VERTEX_POINT ( 'NONE', #5216 ) ;
#7286 = ORIENTED_EDGE ( 'NONE', *, *, #3224, .T. ) ;
#7287 = ORIENTED_EDGE ( 'NONE', *, *, #10667, .F. ) ;
#7288 = DIRECTION ( 'NONE',  ( 0.0000000000000000000, 0.0000000000000000000, 1.000000000000000000 ) ) ;
#7289 = CIRCLE ( 'NONE', #3645, 0.1474999999999994600 ) ;
#7290 = CARTESIAN_POINT ( 'NONE',  ( -1.769999999999999400, 2.264999999999998800, 2.169999999999999900 ) ) ;
#7291 = ORIENTED_EDGE ( 'NONE', *, *, #3809, .T. ) ;
#7292 = CARTESIAN_POINT ( 'NONE',  ( 1.538000000000000500, 2.027999999999999600, 0.1200000000000000900 ) ) ;
#7293 = VECTOR ( 'NONE', #150, 39.37007874015748100 ) ;
#7294 = DIRECTION ( 'NONE',  ( -1.000000000000000000, 0.0000000000000000000, 0.0000000000000000000 ) ) ;
#7295 = ORIENTED_EDGE ( 'NONE', *, *, #10247, .T. ) ;
#7296 = EDGE_CURVE ( 'NONE', #2709, #5267, #2901, .T. ) ;
#7297 = ADVANCED_FACE ( 'NONE', ( #2097 ), #10502, .F. ) ;
#7298 = VERTEX_POINT ( 'NONE', #9400 ) ;
#7299 = EDGE_CURVE ( 'NONE', #1465, #10620, #9318, .T. ) ;
#7300 = ORIENTED_EDGE ( 'NONE', *, *, #8009, .F. ) ;
#7301 = CARTESIAN_POINT ( 'NONE',  ( -0.7070000000000014100, 2.146999999999998900, 2.050000000000000300 ) ) ;
#7302 = ORIENTED_EDGE ( 'NONE', *, *, #1537, .T. ) ;
#7303 = FACE_OUTER_BOUND ( 'NONE', #9153, .T. ) ;
#7304 = CARTESIAN_POINT ( 'NONE',  ( -1.625848074029413200, 2.120848074029412900, 0.04805064199019547200 ) ) ;
#7305 = CIRCLE ( 'NONE', #9499, 0.009999999999999892700 ) ;
#7306 = ORIENTED_EDGE ( 'NONE', *, *, #602, .F. ) ;
#7307 = DIRECTION ( 'NONE',  ( -0.0000000000000000000, -0.0000000000000000000, 1.000000000000000000 ) ) ;
#7308 = EDGE_LOOP ( 'NONE', ( #4296, #9145, #4024, #8437 ) ) ;
#7309 = VERTEX_POINT ( 'NONE', #2677 ) ;
#7310 = ADVANCED_FACE ( 'NONE', ( #2509 ), #9041, .T. ) ;
#7311 = CARTESIAN_POINT ( 'NONE',  ( 1.593748380652692200, -1.891440972269847100, 2.010319632494771200 ) ) ;
#7312 = ORIENTED_EDGE ( 'NONE', *, *, #6877, .T. ) ;
#7313 = EDGE_CURVE ( 'NONE', #10456, #4174, #4764, .T. ) ;
#7314 = FACE_OUTER_BOUND ( 'NONE', #4478, .T. ) ;
#7315 = EDGE_CURVE ( 'NONE', #5798, #8516, #8634, .T. ) ;
#7316 = AXIS2_PLACEMENT_3D ( 'NONE', #8273, #8127, #9055 ) ;
#7317 = CIRCLE ( 'NONE', #7840, 0.3204999999999984500 ) ;
#7318 = CARTESIAN_POINT ( 'NONE',  ( 1.498499999999999100, -1.772999999999999900, 2.050000000000000300 ) ) ;
#7319 = VERTEX_POINT ( 'NONE', #6000 ) ;
#7320 = DIRECTION ( 'NONE',  ( -1.000000000000000000, 0.0000000000000000000, 0.0000000000000000000 ) ) ;
#7321 = DIRECTION ( 'NONE',  ( 0.0000000000000000000, 1.000000000000000000, 0.0000000000000000000 ) ) ;
#7322 = DIRECTION ( 'NONE',  ( 1.000000000000000000, 0.0000000000000000000, 0.0000000000000000000 ) ) ;
#7323 = ORIENTED_EDGE ( 'NONE', *, *, #10451, .T. ) ;
#7324 = FACE_OUTER_BOUND ( 'NONE', #3241, .T. ) ;
#7325 = VERTEX_POINT ( 'NONE', #6838 ) ;
#7326 = FACE_OUTER_BOUND ( 'NONE', #9553, .T. ) ;
#7327 = CARTESIAN_POINT ( 'NONE',  ( 1.498499999999999100, -1.873000000000000000, 1.639999999999999900 ) ) ;
#7328 = CARTESIAN_POINT ( 'NONE',  ( -1.081000000000000400, 1.926500000000000300, 1.630000000000000100 ) ) ;
#7329 = ORIENTED_EDGE ( 'NONE', *, *, #9306, .T. ) ;
#7330 = AXIS2_PLACEMENT_3D ( 'NONE', #8377, #10989, #10131 ) ;
#7331 = AXIS2_PLACEMENT_3D ( 'NONE', #10578, #1393, #625 ) ;
#7332 = EDGE_CURVE ( 'NONE', #1915, #10898, #4236, .T. ) ;
#7333 = DIRECTION ( 'NONE',  ( -0.0000000000000000000, -0.0000000000000000000, -1.000000000000000000 ) ) ;
#7334 = ORIENTED_EDGE ( 'NONE', *, *, #6781, .T. ) ;
#7335 = CARTESIAN_POINT ( 'NONE',  ( 1.538000000000000500, 2.027999999999999100, 2.004999999999999400 ) ) ;
#7336 = APPROVAL_DATE_TIME ( #7731, #1334 ) ;
#7337 = DIRECTION ( 'NONE',  ( -1.000000000000000000, 0.0000000000000000000, 0.0000000000000000000 ) ) ;
#7338 = DIRECTION ( 'NONE',  ( 1.000000000000000000, 0.0000000000000000000, 0.0000000000000000000 ) ) ;
#7339 = DIRECTION ( 'NONE',  ( 0.0000000000000000000, 0.0000000000000000000, 1.000000000000000000 ) ) ;
#7340 = CARTESIAN_POINT ( 'NONE',  ( -1.498499999999999100, -1.619499999999999500, 1.605000000000000000 ) ) ;
#7341 = AXIS2_PLACEMENT_3D ( 'NONE', #7902, #1157, #8766 ) ;
#7342 = ORIENTED_EDGE ( 'NONE', *, *, #2288, .F. ) ;
#7343 = AXIS2_PLACEMENT_3D ( 'NONE', #10413, #168, #7033 ) ;
#7344 = EDGE_CURVE ( 'NONE', #10386, #1002, #3149, .T. ) ;
#7345 = DIRECTION ( 'NONE',  ( 1.000000000000000000, 0.0000000000000000000, 0.0000000000000000000 ) ) ;
#7346 = CALENDAR_DATE ( 2021, 9, 7 ) ;
#7347 = CARTESIAN_POINT ( 'NONE',  ( 1.578751680338436900, -1.917416019160021600, 2.043987979976839700 ) ) ;
#7348 = PLANE ( 'NONE',  #2111 ) ;
#7349 = CARTESIAN_POINT ( 'NONE',  ( 1.538000000000000500, 2.027999999999999100, 1.919999999999999700 ) ) ;
#7350 = ADVANCED_FACE ( 'NONE', ( #4754 ), #1312, .T. ) ;
#7351 = CARTESIAN_POINT ( 'NONE',  ( -1.183500000000000000, -2.027999999999999100, 0.0000000000000000000 ) ) ;
#7352 = LINE ( 'NONE', #2869, #9495 ) ;
#7353 = DIRECTION ( 'NONE',  ( 0.0000000000000000000, 0.0000000000000000000, -1.000000000000000000 ) ) ;
#7354 = VERTEX_POINT ( 'NONE', #9480 ) ;
#7355 = CIRCLE ( 'NONE', #1555, 0.1035000000000005500 ) ;
#7356 = AXIS2_PLACEMENT_3D ( 'NONE', #871, #118, #6021 ) ;
#7357 = DIRECTION ( 'NONE',  ( -1.000000000000000000, 0.0000000000000000000, 0.0000000000000000000 ) ) ;
#7358 = CARTESIAN_POINT ( 'NONE',  ( 1.701999999999999500, -1.619499999999999500, 1.630000000000000100 ) ) ;
#7359 = CARTESIAN_POINT ( 'NONE',  ( -0.7070000000000014100, -1.926500000000000300, 1.639999999999999900 ) ) ;
#7360 = ADVANCED_FACE ( 'NONE', ( #520 ), #10103, .T. ) ;
#7361 = CYLINDRICAL_SURFACE ( 'NONE', #7134, 0.2535000000000004500 ) ;
#7362 = LINE ( 'NONE', #8971, #8021 ) ;
#7363 = CARTESIAN_POINT ( 'NONE',  ( -1.339999999999999900, -1.515499999999999600, 0.1200000000000000900 ) ) ;
#7364 = CARTESIAN_POINT ( 'NONE',  ( -1.625848074029412800, -2.120848074029416000, 2.169999999999999900 ) ) ;
#7366 = CARTESIAN_POINT ( 'NONE',  ( -1.498499999999999100, 1.619499999999999500, 1.630000000000000100 ) ) ;
#7365 = DIRECTION ( 'NONE',  ( -0.0000000000000000000, -0.0000000000000000000, 1.000000000000000000 ) ) ;
#7367 = FACE_OUTER_BOUND ( 'NONE', #1141, .T. ) ;
#7368 = CYLINDRICAL_SURFACE ( 'NONE', #6312, 0.3204999999999985100 ) ;
#7369 = EDGE_CURVE ( 'NONE', #3312, #5717, #3683, .T. ) ;
#7370 = CARTESIAN_POINT ( 'NONE',  ( -1.182500000000000100, 1.515499999999999600, 0.1200000000000000900 ) ) ;
#7371 = AXIS2_PLACEMENT_3D ( 'NONE', #6349, #5453, #7948 ) ;
#7372 = EDGE_LOOP ( 'NONE', ( #3484, #8981, #4254, #4921 ) ) ;
#7373 = DIRECTION ( 'NONE',  ( -0.0000000000000000000, -0.0000000000000000000, 1.000000000000000000 ) ) ;
#7374 = LINE ( 'NONE', #533, #9781 ) ;
#7375 = VERTEX_POINT ( 'NONE', #7863 ) ;
#7376 = VECTOR ( 'NONE', #10335, 39.37007874015748100 ) ;
#7377 = ORIENTED_EDGE ( 'NONE', *, *, #3336, .T. ) ;
#7378 = DIRECTION ( 'NONE',  ( -1.000000000000000000, 0.0000000000000000000, 0.0000000000000000000 ) ) ;
#7379 = VERTEX_POINT ( 'NONE', #235 ) ;
#7380 = CARTESIAN_POINT ( 'NONE',  ( -1.081000000000000400, -1.890999999999999800, -0.3943848084544492900 ) ) ;
#7381 = CARTESIAN_POINT ( 'NONE',  ( -0.9774999999999999200, 1.926500000000000300, 1.630000000000000100 ) ) ;
#7382 = ORIENTED_EDGE ( 'NONE', *, *, #746, .F. ) ;
#7383 = AXIS2_PLACEMENT_3D ( 'NONE', #4747, #8185, #10711 ) ;
#7384 = EDGE_CURVE ( 'NONE', #499, #5632, #7568, .T. ) ;
#7385 = EDGE_CURVE ( 'NONE', #5784, #2499, #9305, .T. ) ;
#7386 = ORIENTED_EDGE ( 'NONE', *, *, #2795, .F. ) ;
#7387 = VECTOR ( 'NONE', #3115, 39.37007874015748100 ) ;
#7388 = CIRCLE ( 'NONE', #5446, 0.02499999999999987000 ) ;
#7389 = VERTEX_POINT ( 'NONE', #2753 ) ;
#7390 = CARTESIAN_POINT ( 'NONE',  ( 1.538000000000000500, 2.027999999999999100, 2.004999999999999400 ) ) ;
#7391 = CARTESIAN_POINT ( 'NONE',  ( -1.081000000000000400, 1.926500000000000300, 0.1200000000000000900 ) ) ;
#7392 = DIRECTION ( 'NONE',  ( -1.000000000000000000, 0.0000000000000000000, 0.0000000000000000000 ) ) ;
#7393 = CIRCLE ( 'NONE', #9295, 0.1035000000000005500 ) ;
#7394 = ORIENTED_EDGE ( 'NONE', *, *, #7727, .T. ) ;
#7395 = ADVANCED_FACE ( 'NONE', ( #6105 ), #1081, .T. ) ;
#7396 = VECTOR ( 'NONE', #10086, 39.37007874015748100 ) ;
#7397 = DIRECTION ( 'NONE',  ( 1.000000000000000000, 0.0000000000000000000, 0.0000000000000000000 ) ) ;
#7398 = VECTOR ( 'NONE', #2018, 39.37007874015748100 ) ;
#7399 = ORIENTED_EDGE ( 'NONE', *, *, #6100, .T. ) ;
#7400 = AXIS2_PLACEMENT_3D ( 'NONE', #272, #9502, #6976 ) ;
#7401 = DIRECTION ( 'NONE',  ( 0.0000000000000000000, 0.0000000000000000000, 1.000000000000000000 ) ) ;
#7402 = EDGE_CURVE ( 'NONE', #5798, #8232, #7828, .T. ) ;
#7404 = DIRECTION ( 'NONE',  ( -1.000000000000000000, 0.0000000000000000000, 0.0000000000000000000 ) ) ;
#7403 = DIRECTION ( 'NONE',  ( 0.8660254037844372600, -0.5000000000000024400, 0.0000000000000000000 ) ) ;
#7405 = ORIENTED_EDGE ( 'NONE', *, *, #6079, .F. ) ;
#7406 = CARTESIAN_POINT ( 'NONE',  ( 1.498499999999999100, 1.823000000000000000, 1.540000000000000000 ) ) ;
#7407 = CARTESIAN_POINT ( 'NONE',  ( -1.081000000000000400, -1.873000000000000000, 1.564999999999999700 ) ) ;
#7408 = EDGE_LOOP ( 'NONE', ( #9418, #7534 ) ) ;
#7409 = VERTEX_POINT ( 'NONE', #4424 ) ;
#7410 = ORIENTED_EDGE ( 'NONE', *, *, #1818, .F. ) ;
#7411 = CIRCLE ( 'NONE', #479, 0.1575000000000004500 ) ;
#7412 = CARTESIAN_POINT ( 'NONE',  ( -1.339999999999999900, -1.515499999999999600, 0.1200000000000000900 ) ) ;
#7413 = FACE_OUTER_BOUND ( 'NONE', #7936, .T. ) ;
#7414 = ORIENTED_EDGE ( 'NONE', *, *, #3999, .T. ) ;
#7415 = ADVANCED_FACE ( 'NONE', ( #2888 ), #9509, .T. ) ;
#7416 = DIRECTION ( 'NONE',  ( -1.000000000000000000, 0.0000000000000000000, 0.0000000000000000000 ) ) ;
#7417 = DIRECTION ( 'NONE',  ( -0.0000000000000000000, -0.0000000000000000000, -1.000000000000000000 ) ) ;
#7418 = FACE_OUTER_BOUND ( 'NONE', #3318, .T. ) ;
#7419 = CARTESIAN_POINT ( 'NONE',  ( -1.608132083511383300, 1.946527668117621600, 2.044999999999999500 ) ) ;
#7420 = EDGE_LOOP ( 'NONE', ( #4055, #951, #9568, #4475 ) ) ;
#7421 = AXIS2_PLACEMENT_3D ( 'NONE', #10682, #8155, #9690 ) ;
#7422 = EDGE_CURVE ( 'NONE', #7175, #3763, #5557, .T. ) ;
#7423 = CARTESIAN_POINT ( 'NONE',  ( 1.340000000000000500, 1.515499999999999600, 0.3700000000000001100 ) ) ;
#7424 = EDGE_CURVE ( 'NONE', #7389, #392, #5293, .T. ) ;
#7425 = VERTEX_POINT ( 'NONE', #160 ) ;
#7426 = DIRECTION ( 'NONE',  ( 0.0000000000000000000, 0.0000000000000000000, 1.000000000000000000 ) ) ;
#7427 = DIRECTION ( 'NONE',  ( 0.0000000000000000000, -1.000000000000000000, 0.0000000000000000000 ) ) ;
#7428 = EDGE_LOOP ( 'NONE', ( #4593, #321, #4505, #5534 ) ) ;
#7429 = CARTESIAN_POINT ( 'NONE',  ( -1.498499999999999100, 1.619499999999999500, 1.605000000000000000 ) ) ;
#7430 = ORIENTED_EDGE ( 'NONE', *, *, #3923, .T. ) ;
#7431 = CARTESIAN_POINT ( 'NONE',  ( -1.695500000000000900, 2.027999999999999600, 1.919999999999999700 ) ) ;
#7432 = LINE ( 'NONE', #2600, #4613 ) ;
#7433 = AXIS2_PLACEMENT_3D ( 'NONE', #1694, #7572, #4137 ) ;
#7434 = VECTOR ( 'NONE', #2295, 39.37007874015748100 ) ;
#7435 = ORIENTED_EDGE ( 'NONE', *, *, #3646, .T. ) ;
#7436 = CARTESIAN_POINT ( 'NONE',  ( 1.081000000000000400, 1.823000000000000000, 1.540000000000000000 ) ) ;
#7437 = ORIENTED_EDGE ( 'NONE', *, *, #3886, .F. ) ;
#7438 = EDGE_LOOP ( 'NONE', ( #3674, #6657, #8115 ) ) ;
#7439 = DIRECTION ( 'NONE',  ( -1.000000000000000000, 0.0000000000000000000, 0.0000000000000000000 ) ) ;
#7440 = EDGE_CURVE ( 'NONE', #8986, #366, #7689, .T. ) ;
#7441 = DIRECTION ( 'NONE',  ( 0.0000000000000000000, -0.0000000000000000000, -1.000000000000000000 ) ) ;
#7442 = ORIENTED_EDGE ( 'NONE', *, *, #924, .T. ) ;
#7443 = VECTOR ( 'NONE', #7747, 39.37007874015748100 ) ;
#7444 = LINE ( 'NONE', #628, #4093 ) ;
#7445 = EDGE_CURVE ( 'NONE', #1877, #1781, #6507, .T. ) ;
#7446 = EDGE_LOOP ( 'NONE', ( #3903, #10379, #5037, #7520 ) ) ;
#7447 = DIRECTION ( 'NONE',  ( 0.0000000000000000000, 1.000000000000000000, 0.0000000000000000000 ) ) ;
#7448 = EDGE_CURVE ( 'NONE', #31, #684, #11045, .T. ) ;
#7449 = ORIENTED_EDGE ( 'NONE', *, *, #7440, .F. ) ;
#7450 = EDGE_LOOP ( 'NONE', ( #11064, #7549, #10066, #1394 ) ) ;
#7451 = EDGE_LOOP ( 'NONE', ( #4695, #7210, #6746, #7057 ) ) ;
#7452 = CARTESIAN_POINT ( 'NONE',  ( -1.183500000000000000, -2.027999999999999100, 0.1200000000000000900 ) ) ;
#7453 = ORIENTED_EDGE ( 'NONE', *, *, #2449, .T. ) ;
#7454 = CIRCLE ( 'NONE', #8260, 0.02499999999999987000 ) ;
#7455 = DIRECTION ( 'NONE',  ( 1.000000000000000000, -5.556301004062928500E-015, 0.0000000000000000000 ) ) ;
#7456 = ORIENTED_EDGE ( 'NONE', *, *, #1371, .F. ) ;
#7457 = FACE_OUTER_BOUND ( 'NONE', #4388, .T. ) ;
#7458 = ORIENTED_EDGE ( 'NONE', *, *, #3647, .F. ) ;
#7459 = AXIS2_PLACEMENT_3D ( 'NONE', #5961, #2560, #923 ) ;
#7460 = EDGE_CURVE ( 'NONE', #4037, #9550, #10758, .T. ) ;
#7461 = EDGE_CURVE ( 'NONE', #8893, #10930, #4489, .T. ) ;
#7462 = CARTESIAN_POINT ( 'NONE',  ( 1.393102622522006500, -2.146999999999999400, 1.580000000000000100 ) ) ;
#7463 = AXIS2_PLACEMENT_3D ( 'NONE', #4995, #9989, #3317 ) ;
#7464 = EDGE_CURVE ( 'NONE', #1026, #5558, #1061, .T. ) ;
#7465 = ORIENTED_EDGE ( 'NONE', *, *, #2275, .F. ) ;
#7466 = ADVANCED_FACE ( 'NONE', ( #5962 ), #1708, .F. ) ;
#7467 = CARTESIAN_POINT ( 'NONE',  ( 1.625848074029415400, -2.265000000000001000, 1.580000000000000100 ) ) ;
#7468 = CARTESIAN_POINT ( 'NONE',  ( 1.538000000000000500, -2.027999999999999600, 1.267500000000000100 ) ) ;
#7469 = EDGE_LOOP ( 'NONE', ( #194, #7833, #7188, #99 ) ) ;
#7470 = CYLINDRICAL_SURFACE ( 'NONE', #7899, 0.1474999999999994600 ) ;
#7471 = CARTESIAN_POINT ( 'NONE',  ( 1.081000000000000400, -1.926500000000000300, 2.050000000000000300 ) ) ;
#7472 = ORIENTED_EDGE ( 'NONE', *, *, #7460, .F. ) ;
#7473 = MANIFOLD_SOLID_BREP ( 'Fillet1', #396 ) ;
#7474 = VERTEX_POINT ( 'NONE', #4609 ) ;
#7475 = ORIENTED_EDGE ( 'NONE', *, *, #1457, .F. ) ;
#7476 = DIRECTION ( 'NONE',  ( -1.000000000000000000, 0.0000000000000000000, 0.0000000000000000000 ) ) ;
#7477 = DIRECTION ( 'NONE',  ( -1.000000000000000000, 0.0000000000000000000, 0.0000000000000000000 ) ) ;
#7478 = AXIS2_PLACEMENT_3D ( 'NONE', #1523, #4003, #8187 ) ;
#7479 = CIRCLE ( 'NONE', #2622, 0.1474999999999994600 ) ;
#7480 = AXIS2_PLACEMENT_3D ( 'NONE', #7232, #8086, #3777 ) ;
#7481 = CARTESIAN_POINT ( 'NONE',  ( 1.339999999999999900, -1.515499999999999600, 0.3700000000000001100 ) ) ;
#7482 = ADVANCED_FACE ( 'NONE', ( #5034 ), #1960, .T. ) ;
#7483 = EDGE_CURVE ( 'NONE', #1047, #4758, #9833, .T. ) ;
#7484 = CARTESIAN_POINT ( 'NONE',  ( 1.498499999999999100, 1.772999999999999900, 0.1200000000000000900 ) ) ;
#7485 = CARTESIAN_POINT ( 'NONE',  ( 1.651999999999999500, -1.619499999999999500, 2.050000000000000300 ) ) ;
#7486 = DIRECTION ( 'NONE',  ( 0.0000000000000000000, -0.0000000000000000000, 1.000000000000000000 ) ) ;
#7487 = CARTESIAN_POINT ( 'NONE',  ( 1.002499999999999900, 1.926500000000000300, 1.564999999999999700 ) ) ;
#7488 = LINE ( 'NONE', #10903, #1871 ) ;
#7489 = DIRECTION ( 'NONE',  ( -1.000000000000000000, 0.0000000000000000000, 0.0000000000000000000 ) ) ;
#7490 = AXIS2_PLACEMENT_3D ( 'NONE', #2337, #4821, #8229 ) ;
#7491 = CIRCLE ( 'NONE', #1417, 0.05849999999999993400 ) ;
#7492 = CARTESIAN_POINT ( 'NONE',  ( 1.448144236928872600, 2.143634746992061100, 2.015548118773191200 ) ) ;
#7493 = CARTESIAN_POINT ( 'NONE',  ( 1.538000000000000500, 2.027999999999999100, 2.159999999999999700 ) ) ;
#7494 = FACE_OUTER_BOUND ( 'NONE', #6900, .T. ) ;
#7495 = DIRECTION ( 'NONE',  ( -1.000000000000000000, 0.0000000000000000000, 0.0000000000000000000 ) ) ;
#7496 = DIRECTION ( 'NONE',  ( -0.0000000000000000000, -0.0000000000000000000, 1.000000000000000000 ) ) ;
#7497 = CARTESIAN_POINT ( 'NONE',  ( -1.281500000000000100, -1.515499999999999600, 0.3700000000000001100 ) ) ;
#7498 = PERSON_AND_ORGANIZATION_ROLE ( 'design_supplier' ) ;
#7499 = DIRECTION ( 'NONE',  ( -0.0000000000000000000, -0.0000000000000000000, -1.000000000000000000 ) ) ;
#7500 = DIRECTION ( 'NONE',  ( -0.0000000000000000000, -0.0000000000000000000, -1.000000000000000000 ) ) ;
#7501 = LINE ( 'NONE', #277, #4822 ) ;
#7502 = AXIS2_PLACEMENT_3D ( 'NONE', #2064, #7249, #2139 ) ;
#7503 = CIRCLE ( 'NONE', #5588, 0.1074999999999993300 ) ;
#7504 = EDGE_CURVE ( 'NONE', #7967, #394, #790, .T. ) ;
#7505 = CARTESIAN_POINT ( 'NONE',  ( 1.498499999999999100, 1.823000000000000000, 1.564999999999999700 ) ) ;
#7506 = DIRECTION ( 'NONE',  ( 0.0000000000000000000, 0.0000000000000000000, 1.000000000000000000 ) ) ;
#7507 = DIRECTION ( 'NONE',  ( -1.000000000000000000, 0.0000000000000000000, 0.0000000000000000000 ) ) ;
#7508 = VECTOR ( 'NONE', #1373, 39.37007874015748100 ) ;
#7509 = CYLINDRICAL_SURFACE ( 'NONE', #2583, 0.1035000000000004100 ) ;
#7510 = VERTEX_POINT ( 'NONE', #5579 ) ;
#7511 = ADVANCED_FACE ( 'NONE', ( #8497 ), #3850, .T. ) ;
#7512 = ORIENTED_EDGE ( 'NONE', *, *, #5444, .T. ) ;
#7513 = CARTESIAN_POINT ( 'NONE',  ( -1.721949358009804000, 2.264999999999998800, 2.169999999999999900 ) ) ;
#7514 = DIRECTION ( 'NONE',  ( 0.0000000000000000000, 0.0000000000000000000, 1.000000000000000000 ) ) ;
#7515 = DESIGN_CONTEXT ( 'detailed design', #9866, 'design' ) ;
#7516 = CARTESIAN_POINT ( 'NONE',  ( 1.616740157480314000, -2.028000000000001400, 1.919999999999999700 ) ) ;
#7517 = EDGE_CURVE ( 'NONE', #8419, #4329, #7305, .T. ) ;
#7518 = EDGE_CURVE ( 'NONE', #8742, #6903, #8231, .T. ) ;
#7519 = FACE_OUTER_BOUND ( 'NONE', #6094, .T. ) ;
#7520 = ORIENTED_EDGE ( 'NONE', *, *, #10097, .F. ) ;
#7521 = EDGE_LOOP ( 'NONE', ( #5314, #6932, #10782, #9787 ) ) ;
#7522 = CARTESIAN_POINT ( 'NONE',  ( -0.9274999999999999900, -1.926500000000000300, 1.630000000000000100 ) ) ;
#7523 = ORIENTED_EDGE ( 'NONE', *, *, #8689, .T. ) ;
#7524 = ADVANCED_FACE ( 'NONE', ( #2759 ), #651, .T. ) ;
#7525 = CARTESIAN_POINT ( 'NONE',  ( -1.538000000000000500, -2.027999999999999600, 1.919999999999999700 ) ) ;
#7526 = DIRECTION ( 'NONE',  ( -1.000000000000000000, 0.0000000000000000000, 0.0000000000000000000 ) ) ;
#7527 = DIRECTION ( 'NONE',  ( -0.0000000000000000000, -0.0000000000000000000, -1.000000000000000000 ) ) ;
#7528 = CARTESIAN_POINT ( 'NONE',  ( 1.451711894396823900, -2.137455382993567200, 2.029722078445377300 ) ) ;
#7529 = ORIENTED_EDGE ( 'NONE', *, *, #10300, .T. ) ;
#7530 = ORIENTED_EDGE ( 'NONE', *, *, #1736, .T. ) ;
#7531 = FACE_OUTER_BOUND ( 'NONE', #872, .T. ) ;
#7532 = DIRECTION ( 'NONE',  ( -0.0000000000000000000, -0.0000000000000000000, -1.000000000000000000 ) ) ;
#7533 = DIRECTION ( 'NONE',  ( 1.000000000000000000, 0.0000000000000000000, 0.0000000000000000000 ) ) ;
#7534 = ORIENTED_EDGE ( 'NONE', *, *, #8299, .T. ) ;
#7535 = CYLINDRICAL_SURFACE ( 'NONE', #6595, 0.05849999999999993400 ) ;
#7536 = ORIENTED_EDGE ( 'NONE', *, *, #3023, .T. ) ;
#7537 = CARTESIAN_POINT ( 'NONE',  ( 1.081000000000000400, 1.873000000000000000, 1.639999999999999900 ) ) ;
#7538 = AXIS2_PLACEMENT_3D ( 'NONE', #10254, #1689, #5923 ) ;
#7539 = EDGE_CURVE ( 'NONE', #6099, #5410, #7051, .T. ) ;
#7540 = ORIENTED_EDGE ( 'NONE', *, *, #968, .T. ) ;
#7541 = DIRECTION ( 'NONE',  ( -0.0000000000000000000, -0.0000000000000000000, -1.000000000000000000 ) ) ;
#7542 = VECTOR ( 'NONE', #10357, 39.37007874015748100 ) ;
#7543 = CARTESIAN_POINT ( 'NONE',  ( -1.625848074029412800, -2.265000000000002300, 2.169999999999999900 ) ) ;
#7544 = CIRCLE ( 'NONE', #1654, 0.1474999999999994600 ) ;
#7545 = ORIENTED_EDGE ( 'NONE', *, *, #2876, .F. ) ;
#7546 = DIRECTION ( 'NONE',  ( -1.000000000000000000, 0.0000000000000000000, 0.0000000000000000000 ) ) ;
#7547 = CIRCLE ( 'NONE', #6147, 0.1074999999999993300 ) ;
#7548 = VERTEX_POINT ( 'NONE', #387 ) ;
#7549 = ORIENTED_EDGE ( 'NONE', *, *, #3301, .F. ) ;
#7550 = AXIS2_PLACEMENT_3D ( 'NONE', #4801, #9871, #8202 ) ;
#7551 = DIRECTION ( 'NONE',  ( 0.0000000000000000000, 0.0000000000000000000, -1.000000000000000000 ) ) ;
#7552 = EDGE_LOOP ( 'NONE', ( #1419, #791, #8771, #7783 ) ) ;
#7553 = AXIS2_PLACEMENT_3D ( 'NONE', #9471, #4345, #2701 ) ;
#7554 = EDGE_CURVE ( 'NONE', #5714, #10005, #6232, .T. ) ;
#7555 = DIRECTION ( 'NONE',  ( -0.0000000000000000000, 1.000000000000000000, 0.0000000000000000000 ) ) ;
#7556 = ORIENTED_EDGE ( 'NONE', *, *, #4423, .T. ) ;
#7557 = LINE ( 'NONE', #6066, #9937 ) ;
#7558 = VERTEX_POINT ( 'NONE', #5434 ) ;
#7559 = DIRECTION ( 'NONE',  ( 0.0000000000000000000, 0.0000000000000000000, -1.000000000000000000 ) ) ;
#7560 = DIRECTION ( 'NONE',  ( 0.0000000000000000000, 0.0000000000000000000, 1.000000000000000000 ) ) ;
#7561 = CIRCLE ( 'NONE', #2979, 0.1875000000000001100 ) ;
#7562 = DIRECTION ( 'NONE',  ( 1.000000000000000000, 0.0000000000000000000, 0.0000000000000000000 ) ) ;
#7563 = EDGE_LOOP ( 'NONE', ( #6051, #7275, #10888, #5827 ) ) ;
#7564 = ORIENTED_EDGE ( 'NONE', *, *, #7402, .F. ) ;
#7565 = EDGE_LOOP ( 'NONE', ( #4300, #9860 ) ) ;
#7566 = CYLINDRICAL_SURFACE ( 'NONE', #6918, 0.2535000000000004500 ) ;
#7567 = AXIS2_PLACEMENT_3D ( 'NONE', #7265, #8078, #6441 ) ;
#7568 = CIRCLE ( 'NONE', #11000, 0.03550000000000048300 ) ;
#7569 = DIRECTION ( 'NONE',  ( -0.0000000000000000000, -0.0000000000000000000, 1.000000000000000000 ) ) ;
#7570 = ADVANCED_FACE ( 'NONE', ( #9956 ), #243, .F. ) ;
#7571 = EDGE_LOOP ( 'NONE', ( #7295, #3107, #3102, #10848 ) ) ;
#7572 = DIRECTION ( 'NONE',  ( 1.000000000000000000, 0.0000000000000000000, 0.0000000000000000000 ) ) ;
#7573 = ORIENTED_EDGE ( 'NONE', *, *, #9095, .F. ) ;
#7574 = ORIENTED_EDGE ( 'NONE', *, *, #4290, .F. ) ;
#7575 = ORIENTED_EDGE ( 'NONE', *, *, #6011, .T. ) ;
#7576 = AXIS2_PLACEMENT_3D ( 'NONE', #8877, #2134, #6424 ) ;
#7577 = ORIENTED_EDGE ( 'NONE', *, *, #5934, .T. ) ;
#7578 = CIRCLE ( 'NONE', #6698, 0.05350000000000053300 ) ;
#7579 = CIRCLE ( 'NONE', #6, 0.02499999999999987000 ) ;
#7580 = DIRECTION ( 'NONE',  ( 1.000000000000000000, 0.0000000000000000000, 0.0000000000000000000 ) ) ;
#7581 = ORIENTED_EDGE ( 'NONE', *, *, #1202, .T. ) ;
#7582 = CARTESIAN_POINT ( 'NONE',  ( 1.721949358009806200, 2.264999999999998800, 0.04805064199019547200 ) ) ;
#7583 = ORIENTED_EDGE ( 'NONE', *, *, #9166, .T. ) ;
#7584 = DIRECTION ( 'NONE',  ( 1.000000000000000000, 0.0000000000000000000, 0.0000000000000000000 ) ) ;
#7585 = ORIENTED_EDGE ( 'NONE', *, *, #3716, .T. ) ;
#7586 = EDGE_CURVE ( 'NONE', #2499, #5784, #5421, .T. ) ;
#7587 = FACE_BOUND ( 'NONE', #3435, .T. ) ;
#7588 = AXIS2_PLACEMENT_3D ( 'NONE', #6032, #3527, #963 ) ;
#7589 = CARTESIAN_POINT ( 'NONE',  ( -1.081000000000000400, -1.823000000000000000, 1.564999999999999700 ) ) ;
#7590 = EDGE_LOOP ( 'NONE', ( #8237, #2058, #2684, #7670 ) ) ;
#7591 = CIRCLE ( 'NONE', #8475, 0.1474999999999994600 ) ;
#7592 = DIRECTION ( 'NONE',  ( -1.000000000000000000, 0.0000000000000000000, 0.0000000000000000000 ) ) ;
#7593 = EDGE_LOOP ( 'NONE', ( #11069, #5259, #1271, #9179 ) ) ;
#7595 = CARTESIAN_POINT ( 'NONE',  ( 1.490127586519911700, -2.150917452428458400, 2.037126280028226200 ) ) ;
#7594 = CARTESIAN_POINT ( 'NONE',  ( -1.340000000000000500, 1.515499999999999600, 0.1200000000000000900 ) ) ;
#7596 = ADVANCED_FACE ( 'NONE', ( #9028 ), #2230, .T. ) ;
#7597 = ORIENTED_EDGE ( 'NONE', *, *, #9527, .F. ) ;
#7598 = CARTESIAN_POINT ( 'NONE',  ( 1.393102622522006500, -2.146999999999999400, -0.3943848084544492900 ) ) ;
#7599 = VECTOR ( 'NONE', #2453, 39.37007874015748100 ) ;
#7600 = AXIS2_PLACEMENT_3D ( 'NONE', #4225, #5944, #10082 ) ;
#7601 = EDGE_CURVE ( 'NONE', #4118, #2447, #10372, .T. ) ;
#7602 = EDGE_CURVE ( 'NONE', #1983, #6303, #925, .T. ) ;
#7603 = EDGE_CURVE ( 'NONE', #9466, #1980, #7963, .T. ) ;
#7604 = CARTESIAN_POINT ( 'NONE',  ( 1.625848074029415400, -2.120848074029415100, 1.580000000000000100 ) ) ;
#7605 = DIRECTION ( 'NONE',  ( 1.000000000000000000, 0.0000000000000000000, 0.0000000000000000000 ) ) ;
#7606 = CARTESIAN_POINT ( 'NONE',  ( -0.9774999999999999200, 1.926500000000000300, 1.564999999999999700 ) ) ;
#7607 = DIRECTION ( 'NONE',  ( 0.0000000000000000000, -0.0000000000000000000, 1.000000000000000000 ) ) ;
#7608 = CARTESIAN_POINT ( 'NONE',  ( 1.081000000000000400, -1.890999999999999800, 1.580000000000000100 ) ) ;
#7609 = CYLINDRICAL_SURFACE ( 'NONE', #10468, 0.3384999999999984700 ) ;
#7610 = CARTESIAN_POINT ( 'NONE',  ( -1.482251619347311900, -2.164559027730145000, 2.004999999999999400 ) ) ;
#7611 = AXIS2_PLACEMENT_3D ( 'NONE', #5341, #858, #8521 ) ;
#7612 = DIRECTION ( 'NONE',  ( -1.000000000000000000, 0.0000000000000000000, 0.0000000000000000000 ) ) ;
#7613 = CYLINDRICAL_SURFACE ( 'NONE', #9628, 0.3204999999999984500 ) ;
#7614 = EDGE_CURVE ( 'NONE', #9386, #6757, #10225, .T. ) ;
#7615 = LINE ( 'NONE', #8141, #10014 ) ;
#7617 = CARTESIAN_POINT ( 'NONE',  ( -1.498499999999999100, -1.772999999999999900, 0.1200000000000000900 ) ) ;
#7616 = CARTESIAN_POINT ( 'NONE',  ( 1.498499999999999100, -1.619499999999999500, 1.540000000000000000 ) ) ;
#7618 = LINE ( 'NONE', #10422, #1757 ) ;
#7619 = FACE_OUTER_BOUND ( 'NONE', #1670, .T. ) ;
#7620 = AXIS2_PLACEMENT_3D ( 'NONE', #6727, #2465, #4851 ) ;
#7621 = EDGE_CURVE ( 'NONE', #8363, #1285, #9698, .T. ) ;
#7622 = DIRECTION ( 'NONE',  ( -1.000000000000000000, 0.0000000000000000000, 0.0000000000000000000 ) ) ;
#7623 = DIRECTION ( 'NONE',  ( 1.000000000000000000, 0.0000000000000000000, 0.0000000000000000000 ) ) ;
#7624 = VECTOR ( 'NONE', #2289, 39.37007874015748100 ) ;
#7625 = FACE_OUTER_BOUND ( 'NONE', #6417, .T. ) ;
#7626 = CARTESIAN_POINT ( 'NONE',  ( -1.081000000000000400, 1.926500000000000300, 0.1200000000000000900 ) ) ;
#7627 = CARTESIAN_POINT ( 'NONE',  ( -1.651999999999999500, -1.619499999999999500, 2.050000000000000300 ) ) ;
#7628 = CARTESIAN_POINT ( 'NONE',  ( -1.370500000000000100, 2.027999999999999600, 2.159999999999999700 ) ) ;
#7629 = CARTESIAN_POINT ( 'NONE',  ( -1.769999999999999400, 2.120848074029412900, 2.121949358009804300 ) ) ;
#7630 = VERTEX_POINT ( 'NONE', #6413 ) ;
#7631 = DIRECTION ( 'NONE',  ( -0.0000000000000000000, -0.0000000000000000000, 1.000000000000000000 ) ) ;
#7632 = DIRECTION ( 'NONE',  ( -1.000000000000000000, 0.0000000000000000000, 0.0000000000000000000 ) ) ;
#7633 = ADVANCED_FACE ( 'NONE', ( #8101 ), #9433, .T. ) ;
#7634 = TOROIDAL_SURFACE ( 'NONE', #1128, 0.1341519259705860900, 0.01000000000000000000 ) ;
#7635 = VERTEX_POINT ( 'NONE', #9159 ) ;
#7636 = VECTOR ( 'NONE', #5829, 39.37007874015748100 ) ;
#7637 = EDGE_CURVE ( 'NONE', #8701, #1285, #2496, .T. ) ;
#7638 = ORIENTED_EDGE ( 'NONE', *, *, #4603, .F. ) ;
#7639 = ORIENTED_EDGE ( 'NONE', *, *, #9744, .F. ) ;
#7640 = EDGE_CURVE ( 'NONE', #5674, #2253, #3415, .T. ) ;
#7641 = ORIENTED_EDGE ( 'NONE', *, *, #6176, .F. ) ;
#7642 = DIRECTION ( 'NONE',  ( 1.000000000000000000, 0.0000000000000000000, 0.0000000000000000000 ) ) ;
#7643 = DIRECTION ( 'NONE',  ( 0.0000000000000000000, 0.0000000000000000000, -1.000000000000000000 ) ) ;
#7644 = VERTEX_POINT ( 'NONE', #5728 ) ;
#7645 = CYLINDRICAL_SURFACE ( 'NONE', #9321, 0.05350000000000053300 ) ;
#7646 = ORIENTED_EDGE ( 'NONE', *, *, #9054, .T. ) ;
#7647 = VECTOR ( 'NONE', #594, 39.37007874015748100 ) ;
#7648 = ORIENTED_EDGE ( 'NONE', *, *, #6860, .T. ) ;
#7649 = CARTESIAN_POINT ( 'NONE',  ( -1.081000000000000400, -1.873000000000000000, 1.639999999999999900 ) ) ;
#7650 = CARTESIAN_POINT ( 'NONE',  ( -1.625848074029412800, -2.216949358009806700, 0.0000000000000000000 ) ) ;
#7651 = EDGE_CURVE ( 'NONE', #894, #4529, #3813, .T. ) ;
#7652 = EDGE_CURVE ( 'NONE', #6366, #7325, #5833, .T. ) ;
#7653 = CARTESIAN_POINT ( 'NONE',  ( -1.045499999999999900, -1.926500000000000300, -0.3943848084544492900 ) ) ;
#7654 = AXIS2_PLACEMENT_3D ( 'NONE', #5069, #5922, #8607 ) ;
#7655 = EDGE_CURVE ( 'NONE', #9496, #10641, #1192, .T. ) ;
#7656 = FACE_OUTER_BOUND ( 'NONE', #9284, .T. ) ;
#7657 = ORIENTED_EDGE ( 'NONE', *, *, #3670, .F. ) ;
#7658 = LINE ( 'NONE', #1487, #5391 ) ;
#7659 = CARTESIAN_POINT ( 'NONE',  ( 1.490127586519911700, 2.150917452428458400, 2.037126280028226200 ) ) ;
#7660 = CYLINDRICAL_SURFACE ( 'NONE', #6429, 0.2204999999999985000 ) ;
#7661 = ORIENTED_EDGE ( 'NONE', *, *, #2809, .T. ) ;
#7662 = VERTEX_POINT ( 'NONE', #5642 ) ;
#7663 = CARTESIAN_POINT ( 'NONE',  ( 1.498499999999999100, 1.619499999999999500, 1.639999999999999900 ) ) ;
#7664 = DIRECTION ( 'NONE',  ( 1.000000000000000000, 1.206113904487533100E-016, -0.0000000000000000000 ) ) ;
#7665 = ORIENTED_EDGE ( 'NONE', *, *, #7614, .T. ) ;
#7666 = DIRECTION ( 'NONE',  ( 1.000000000000000000, 0.0000000000000000000, 0.0000000000000000000 ) ) ;
#7667 = VERTEX_POINT ( 'NONE', #9003 ) ;
#7668 = DIRECTION ( 'NONE',  ( -0.0000000000000000000, -0.0000000000000000000, -1.000000000000000000 ) ) ;
#7669 = DIRECTION ( 'NONE',  ( 0.0000000000000000000, -1.000000000000000000, 0.0000000000000000000 ) ) ;
#7670 = ORIENTED_EDGE ( 'NONE', *, *, #10666, .F. ) ;
#7671 = DIRECTION ( 'NONE',  ( 0.0000000000000000000, 0.0000000000000000000, -1.000000000000000000 ) ) ;
#7672 = VERTEX_POINT ( 'NONE', #2232 ) ;
#7673 = LINE ( 'NONE', #7380, #4207 ) ;
#7674 = AXIS2_PLACEMENT_3D ( 'NONE', #8936, #2149, #3733 ) ;
#7675 = VECTOR ( 'NONE', #5490, 39.37007874015748100 ) ;
#7676 = VERTEX_POINT ( 'NONE', #4006 ) ;
#7677 = AXIS2_PLACEMENT_3D ( 'NONE', #3922, #2118, #9789 ) ;
#7678 = EDGE_CURVE ( 'NONE', #4621, #10332, #6091, .T. ) ;
#7679 = CIRCLE ( 'NONE', #9778, 0.3384999999999984700 ) ;
#7680 = EDGE_LOOP ( 'NONE', ( #2782, #3252, #8505, #6905 ) ) ;
#7681 = DIRECTION ( 'NONE',  ( 1.000000000000000000, 0.0000000000000000000, 0.0000000000000000000 ) ) ;
#7682 = ORIENTED_EDGE ( 'NONE', *, *, #2093, .T. ) ;
#7683 = ORIENTED_EDGE ( 'NONE', *, *, #7655, .T. ) ;
#7684 = CARTESIAN_POINT ( 'NONE',  ( -1.498499999999999100, -1.873000000000000000, 1.639999999999999900 ) ) ;
#7685 = ORIENTED_EDGE ( 'NONE', *, *, #8, .F. ) ;
#7686 = DIRECTION ( 'NONE',  ( 0.0000000000000000000, 0.0000000000000000000, -1.000000000000000000 ) ) ;
#7687 = CYLINDRICAL_SURFACE ( 'NONE', #3537, 0.1575000000000004500 ) ;
#7688 = CARTESIAN_POINT ( 'NONE',  ( -1.538000000000000500, 2.027999999999999600, 1.267500000000000100 ) ) ;
#7689 = CIRCLE ( 'NONE', #8558, 0.2535000000000004500 ) ;
#7690 = ORIENTED_EDGE ( 'NONE', *, *, #7878, .T. ) ;
#7691 = DIRECTION ( 'NONE',  ( -1.000000000000000000, 0.0000000000000000000, 0.0000000000000000000 ) ) ;
#7692 = EDGE_CURVE ( 'NONE', #3127, #251, #10359, .T. ) ;
#7693 = EDGE_LOOP ( 'NONE', ( #9595, #1388, #9984, #10877 ) ) ;
#7694 = ORIENTED_EDGE ( 'NONE', *, *, #10569, .F. ) ;
#7695 = PLANE ( 'NONE',  #1068 ) ;
#7696 = ORIENTED_EDGE ( 'NONE', *, *, #2880, .T. ) ;
#7697 = CIRCLE ( 'NONE', #9889, 0.04000000000000011900 ) ;
#7698 = CARTESIAN_POINT ( 'NONE',  ( 1.760000000000001300, 2.120848074029412900, 1.605000000000000000 ) ) ;
#7699 = ADVANCED_FACE ( 'NONE', ( #5822 ), #9083, .T. ) ;
#7700 = CIRCLE ( 'NONE', #7272, 0.05849999999999993400 ) ;
#7701 = DIRECTION ( 'NONE',  ( -1.000000000000000000, 0.0000000000000000000, 0.0000000000000000000 ) ) ;
#7702 = VERTEX_POINT ( 'NONE', #7370 ) ;
#7703 = ORIENTED_EDGE ( 'NONE', *, *, #7978, .F. ) ;
#7704 = DIRECTION ( 'NONE',  ( 1.000000000000000000, 0.0000000000000000000, 0.0000000000000000000 ) ) ;
#7705 = ORIENTED_EDGE ( 'NONE', *, *, #10946, .F. ) ;
#7706 = ORIENTED_EDGE ( 'NONE', *, *, #6329, .F. ) ;
#7707 = ORIENTED_EDGE ( 'NONE', *, *, #3428, .F. ) ;
#7708 = LINE ( 'NONE', #11048, #7073 ) ;
#7709 = DIRECTION ( 'NONE',  ( -1.000000000000000000, 0.0000000000000000000, 0.0000000000000000000 ) ) ;
#7710 = VERTEX_POINT ( 'NONE', #6561 ) ;
#7711 = DIRECTION ( 'NONE',  ( -1.000000000000000000, 0.0000000000000000000, 0.0000000000000000000 ) ) ;
#7712 = LOCAL_TIME ( 17, 53, 27.00000000000000000, #5849 ) ;
#7713 = DIRECTION ( 'NONE',  ( -1.000000000000000000, 0.0000000000000000000, 0.0000000000000000000 ) ) ;
#7714 = CARTESIAN_POINT ( 'NONE',  ( 1.498499999999999100, 1.619499999999999500, 1.630000000000000100 ) ) ;
#7715 = EDGE_LOOP ( 'NONE', ( #10235, #9106 ) ) ;
#7716 = DIRECTION ( 'NONE',  ( -1.000000000000000000, -1.931999995519276800E-016, 0.0000000000000000000 ) ) ;
#7717 = ORIENTED_EDGE ( 'NONE', *, *, #8759, .F. ) ;
#7718 = DIRECTION ( 'NONE',  ( -0.0000000000000000000, -0.0000000000000000000, -1.000000000000000000 ) ) ;
#7719 = DIRECTION ( 'NONE',  ( 0.0000000000000000000, -1.000000000000000000, 0.0000000000000000000 ) ) ;
#7720 = FACE_OUTER_BOUND ( 'NONE', #3548, .T. ) ;
#7721 = CARTESIAN_POINT ( 'NONE',  ( 1.645499999999999700, 2.027999999999999100, 2.004999999999999400 ) ) ;
#7722 = DIRECTION ( 'NONE',  ( 1.000000000000000000, 0.0000000000000000000, 0.0000000000000000000 ) ) ;
#7723 = ORIENTED_EDGE ( 'NONE', *, *, #9798, .F. ) ;
#7724 = DIRECTION ( 'NONE',  ( -1.000000000000000000, 0.0000000000000000000, 0.0000000000000000000 ) ) ;
#7725 = DIRECTION ( 'NONE',  ( 0.0000000000000000000, 0.0000000000000000000, 1.000000000000000000 ) ) ;
#7726 = EDGE_CURVE ( 'NONE', #2976, #1441, #3798, .T. ) ;
#7727 = EDGE_CURVE ( 'NONE', #9801, #1441, #10612, .T. ) ;
#7728 = AXIS2_PLACEMENT_3D ( 'NONE', #9769, #7178, #8016 ) ;
#7729 = DIRECTION ( 'NONE',  ( 1.000000000000000000, 3.086833891146059900E-016, 0.0000000000000000000 ) ) ;
#7730 = EDGE_LOOP ( 'NONE', ( #9427, #732, #10552, #5694 ) ) ;
#7731 = DATE_AND_TIME ( #7346, #5599 ) ;
#7732 = DIRECTION ( 'NONE',  ( -1.000000000000000000, 0.0000000000000000000, 0.0000000000000000000 ) ) ;
#7733 = DIRECTION ( 'NONE',  ( 0.0000000000000000000, 1.000000000000000000, 0.0000000000000000000 ) ) ;
#7734 = CARTESIAN_POINT ( 'NONE',  ( 1.492356829344749600, 2.147056290593429000, 2.040029703447726400 ) ) ;
#7735 = AXIS2_PLACEMENT_3D ( 'NONE', #3103, #9076, #5758 ) ;
#7736 = CARTESIAN_POINT ( 'NONE',  ( 1.770000000000001600, 2.264999999999998800, 1.580000000000000100 ) ) ;
#7737 = CIRCLE ( 'NONE', #8755, 0.3204999999999984500 ) ;
#7738 = AXIS2_PLACEMENT_3D ( 'NONE', #9234, #10799, #5689 ) ;
#7739 = EDGE_CURVE ( 'NONE', #6792, #249, #1304, .T. ) ;
#7740 = DIRECTION ( 'NONE',  ( -0.0000000000000000000, -0.0000000000000000000, -1.000000000000000000 ) ) ;
#7741 = DIRECTION ( 'NONE',  ( 1.000000000000000000, 0.0000000000000000000, 0.0000000000000000000 ) ) ;
#7742 = DIRECTION ( 'NONE',  ( 0.0000000000000000000, 0.0000000000000000000, -1.000000000000000000 ) ) ;
#7743 = DIRECTION ( 'NONE',  ( 1.000000000000000000, 0.0000000000000000000, 0.0000000000000000000 ) ) ;
#7744 = FACE_OUTER_BOUND ( 'NONE', #4319, .T. ) ;
#7745 = CIRCLE ( 'NONE', #5383, 0.2535000000000004500 ) ;
#7746 = ADVANCED_FACE ( 'NONE', ( #1946 ), #8890, .T. ) ;
#7747 = DIRECTION ( 'NONE',  ( -0.0000000000000000000, -0.0000000000000000000, 1.000000000000000000 ) ) ;
#7748 = CARTESIAN_POINT ( 'NONE',  ( 1.081000000000000400, 1.772999999999999900, 2.050000000000000300 ) ) ;
#7749 = DIRECTION ( 'NONE',  ( -1.000000000000000000, -0.0000000000000000000, -0.0000000000000000000 ) ) ;
#7750 = AXIS2_PLACEMENT_3D ( 'NONE', #4737, #3867, #9069 ) ;
#7751 = AXIS2_PLACEMENT_3D ( 'NONE', #6062, #3475, #1025 ) ;
#7752 = DIRECTION ( 'NONE',  ( -0.0000000000000000000, -0.0000000000000000000, 1.000000000000000000 ) ) ;
#7753 = DIRECTION ( 'NONE',  ( -1.000000000000000000, 0.0000000000000000000, 0.0000000000000000000 ) ) ;
#7754 = CARTESIAN_POINT ( 'NONE',  ( 1.498499999999999100, -1.619499999999999500, 1.540000000000000000 ) ) ;
#7755 = FACE_OUTER_BOUND ( 'NONE', #2594, .T. ) ;
#7756 = DIRECTION ( 'NONE',  ( -1.000000000000000000, 0.0000000000000000000, 0.0000000000000000000 ) ) ;
#7757 = CYLINDRICAL_SURFACE ( 'NONE', #4585, 0.1474999999999994600 ) ;
#7758 = ORIENTED_EDGE ( 'NONE', *, *, #9191, .F. ) ;
#7759 = ADVANCED_FACE ( 'NONE', ( #7037 ), #10747, .F. ) ;
#7760 = CARTESIAN_POINT ( 'NONE',  ( 1.498499999999999100, -1.823000000000000000, 1.630000000000000100 ) ) ;
#7761 = VECTOR ( 'NONE', #2785, 39.37007874015748100 ) ;
#7762 = AXIS2_PLACEMENT_3D ( 'NONE', #4232, #5953, #4125 ) ;
#7763 = LINE ( 'NONE', #5592, #3229 ) ;
#7764 = EDGE_CURVE ( 'NONE', #9375, #2865, #2486, .T. ) ;
#7765 = ORIENTED_EDGE ( 'NONE', *, *, #6460, .F. ) ;
#7766 = CARTESIAN_POINT ( 'NONE',  ( 0.7070000000000014100, 1.926500000000000300, 1.639999999999999900 ) ) ;
#7767 = ORIENTED_EDGE ( 'NONE', *, *, #4121, .T. ) ;
#7768 = AXIS2_PLACEMENT_3D ( 'NONE', #703, #7500, #4807 ) ;
#7769 = DIRECTION ( 'NONE',  ( 1.000000000000000000, 0.0000000000000000000, 0.0000000000000000000 ) ) ;
#7770 = APPROVAL_STATUS ( 'not_yet_approved' ) ;
#7771 = VERTEX_POINT ( 'NONE', #5024 ) ;
#7773 = DIRECTION ( 'NONE',  ( 0.0000000000000000000, 0.0000000000000000000, -1.000000000000000000 ) ) ;
#7772 = DIRECTION ( 'NONE',  ( -1.000000000000000000, 0.0000000000000000000, 0.0000000000000000000 ) ) ;
#7774 = VECTOR ( 'NONE', #10007, 39.37007874015748100 ) ;
#7775 = DIRECTION ( 'NONE',  ( 0.5000000000000024400, -0.8660254037844371500, 0.0000000000000000000 ) ) ;
#7776 = CARTESIAN_POINT ( 'NONE',  ( -1.450194394532882600, -2.140083769858391900, 2.025274302822597200 ) ) ;
#7777 = LINE ( 'NONE', #10182, #3502 ) ;
#7778 = EDGE_LOOP ( 'NONE', ( #3971, #5971, #10185, #8990 ) ) ;
#7779 = DIRECTION ( 'NONE',  ( 1.000000000000000000, 0.0000000000000000000, 0.0000000000000000000 ) ) ;
#7780 = ORIENTED_EDGE ( 'NONE', *, *, #8004, .T. ) ;
#7781 = EDGE_CURVE ( 'NONE', #4211, #2413, #7561, .T. ) ;
#7782 = EDGE_LOOP ( 'NONE', ( #7256, #3525, #7306, #5505 ) ) ;
#7783 = ORIENTED_EDGE ( 'NONE', *, *, #1094, .F. ) ;
#7784 = LINE ( 'NONE', #3145, #6335 ) ;
#7785 = CIRCLE ( 'NONE', #3204, 0.1441519259705861500 ) ;
#7786 = EDGE_LOOP ( 'NONE', ( #2630, #4219, #2585, #6541, #10622, #1305 ) ) ;
#7787 = DIRECTION ( 'NONE',  ( 0.0000000000000000000, -1.000000000000000000, 0.0000000000000000000 ) ) ;
#7788 = DIRECTION ( 'NONE',  ( 0.0000000000000000000, -1.000000000000000000, 0.0000000000000000000 ) ) ;
#7789 = VERTEX_POINT ( 'NONE', #9317 ) ;
#7790 = ORIENTED_EDGE ( 'NONE', *, *, #4922, .T. ) ;
#7791 = DIRECTION ( 'NONE',  ( -0.0000000000000000000, -0.0000000000000000000, -1.000000000000000000 ) ) ;
#7792 = ORIENTED_EDGE ( 'NONE', *, *, #7554, .T. ) ;
#7793 = VECTOR ( 'NONE', #8535, 39.37007874015748100 ) ;
#7794 = CIRCLE ( 'NONE', #9503, 0.1875000000000001100 ) ;
#7795 = ORIENTED_EDGE ( 'NONE', *, *, #3197, .F. ) ;
#7796 = DIRECTION ( 'NONE',  ( -0.0000000000000000000, -0.0000000000000000000, 1.000000000000000000 ) ) ;
#7797 = AXIS2_PLACEMENT_3D ( 'NONE', #3013, #4687, #10690 ) ;
#7798 = FACE_OUTER_BOUND ( 'NONE', #114, .T. ) ;
#7799 = EDGE_CURVE ( 'NONE', #5583, #5632, #1572, .T. ) ;
#7800 = EDGE_CURVE ( 'NONE', #10378, #2572, #230, .T. ) ;
#7801 = CARTESIAN_POINT ( 'NONE',  ( -1.538000000000000500, -2.027999999999999600, 2.169999999999999900 ) ) ;
#7802 = ADVANCED_FACE ( 'NONE', ( #779 ), #4085, .T. ) ;
#7803 = CC_DESIGN_APPROVAL ( #7242, ( #329 ) ) ;
#7804 = ORIENTED_EDGE ( 'NONE', *, *, #9745, .F. ) ;
#7805 = EDGE_CURVE ( 'NONE', #7354, #10765, #7814, .T. ) ;
#7806 = DIRECTION ( 'NONE',  ( -1.000000000000000000, 0.0000000000000000000, 0.0000000000000000000 ) ) ;
#7807 = ORIENTED_EDGE ( 'NONE', *, *, #212, .F. ) ;
#7808 = EDGE_LOOP ( 'NONE', ( #9188, #4702, #3491, #3160, #5812, #9591 ) ) ;
#7809 = ORIENTED_EDGE ( 'NONE', *, *, #9017, .F. ) ;
#7810 = LINE ( 'NONE', #511, #8745 ) ;
#7811 = DIRECTION ( 'NONE',  ( -1.206113904487533100E-016, 1.000000000000000000, 0.0000000000000000000 ) ) ;
#7812 = ORIENTED_EDGE ( 'NONE', *, *, #6539, .F. ) ;
#7813 = CARTESIAN_POINT ( 'NONE',  ( -1.538000000000000500, 2.027999999999999100, 2.004999999999999400 ) ) ;
#7814 = CIRCLE ( 'NONE', #4549, 0.1575000000000004500 ) ;
#7816 = DIRECTION ( 'NONE',  ( 0.0000000000000000000, 0.0000000000000000000, 1.000000000000000000 ) ) ;
#7815 = CARTESIAN_POINT ( 'NONE',  ( -1.538000000000000500, 2.027999999999999100, 2.004999999999999400 ) ) ;
#7817 = ORIENTED_EDGE ( 'NONE', *, *, #10226, .F. ) ;
#7818 = DIRECTION ( 'NONE',  ( -1.000000000000000000, 0.0000000000000000000, 0.0000000000000000000 ) ) ;
#7819 = DIRECTION ( 'NONE',  ( -1.000000000000000000, 0.0000000000000000000, 0.0000000000000000000 ) ) ;
#7820 = ORIENTED_EDGE ( 'NONE', *, *, #5190, .T. ) ;
#7821 = AXIS2_PLACEMENT_3D ( 'NONE', #10287, #9552, #1791 ) ;
#7822 = ORIENTED_EDGE ( 'NONE', *, *, #5871, .T. ) ;
#7823 = ADVANCED_FACE ( 'NONE', ( #5283 ), #6765, .F. ) ;
#7824 = AXIS2_PLACEMENT_3D ( 'NONE', #10285, #967, #134 ) ;
#7825 = EDGE_CURVE ( 'NONE', #192, #5236, #2082, .T. ) ;
#7826 = CIRCLE ( 'NONE', #197, 0.09375000000000033300 ) ;
#7827 = CARTESIAN_POINT ( 'NONE',  ( 0.7070000000000014100, -2.221999999999998600, 1.564999999999999700 ) ) ;
#7828 = LINE ( 'NONE', #1114, #5158 ) ;
#7829 = DIRECTION ( 'NONE',  ( -1.000000000000000000, 0.0000000000000000000, 0.0000000000000000000 ) ) ;
#7830 = ORIENTED_EDGE ( 'NONE', *, *, #3587, .T. ) ;
#7831 = DIRECTION ( 'NONE',  ( -0.0000000000000000000, -0.0000000000000000000, 1.000000000000000000 ) ) ;
#7832 = ORIENTED_EDGE ( 'NONE', *, *, #33, .F. ) ;
#7833 = ORIENTED_EDGE ( 'NONE', *, *, #2748, .F. ) ;
#7834 = CARTESIAN_POINT ( 'NONE',  ( -0.9775000000000000400, -1.926500000000000300, 1.580000000000000100 ) ) ;
#7835 = ORIENTED_EDGE ( 'NONE', *, *, #8154, .T. ) ;
#7836 = ORIENTED_EDGE ( 'NONE', *, *, #2342, .F. ) ;
#7837 =( NAMED_UNIT ( * ) SI_UNIT ( $, .STERADIAN. ) SOLID_ANGLE_UNIT ( ) );
#7838 = ORIENTED_EDGE ( 'NONE', *, *, #1930, .F. ) ;
#7839 = FACE_OUTER_BOUND ( 'NONE', #600, .T. ) ;
#7840 = AXIS2_PLACEMENT_3D ( 'NONE', #1586, #5894, #4885 ) ;
#7841 = VERTEX_POINT ( 'NONE', #833 ) ;
#7842 = CIRCLE ( 'NONE', #5201, 0.05350000000000053300 ) ;
#7843 = AXIS2_PLACEMENT_3D ( 'NONE', #1795, #1837, #7753 ) ;
#7844 = DIRECTION ( 'NONE',  ( 0.0000000000000000000, -0.0000000000000000000, -1.000000000000000000 ) ) ;
#7845 = ORIENTED_EDGE ( 'NONE', *, *, #1332, .T. ) ;
#7846 = DIRECTION ( 'NONE',  ( 1.000000000000000000, 0.0000000000000000000, 0.0000000000000000000 ) ) ;
#7847 = DIRECTION ( 'NONE',  ( 0.0000000000000000000, 0.0000000000000000000, -1.000000000000000000 ) ) ;
#7848 = ORIENTED_EDGE ( 'NONE', *, *, #4586, .F. ) ;
#7849 = ORIENTED_EDGE ( 'NONE', *, *, #9097, .F. ) ;
#7850 = DIRECTION ( 'NONE',  ( 0.0000000000000000000, 0.0000000000000000000, 1.000000000000000000 ) ) ;
#7851 = CIRCLE ( 'NONE', #10745, 0.02499999999999987000 ) ;
#7852 = DIRECTION ( 'NONE',  ( 1.000000000000000000, 0.0000000000000000000, 0.0000000000000000000 ) ) ;
#7853 = ORIENTED_EDGE ( 'NONE', *, *, #10726, .F. ) ;
#7854 = LINE ( 'NONE', #2171, #1092 ) ;
#7855 = ADVANCED_FACE ( 'NONE', ( #6495 ), #4891, .T. ) ;
#7856 = ORIENTED_EDGE ( 'NONE', *, *, #9837, .T. ) ;
#7857 = CARTESIAN_POINT ( 'NONE',  ( -1.081000000000000400, -1.772999999999999900, 2.050000000000000300 ) ) ;
#7858 = CARTESIAN_POINT ( 'NONE',  ( -1.538000000000000500, -2.027999999999999600, 1.605000000000000000 ) ) ;
#7859 = CARTESIAN_POINT ( 'NONE',  ( 1.498499999999999100, 1.619499999999999500, 1.639999999999999900 ) ) ;
#7860 = CARTESIAN_POINT ( 'NONE',  ( -1.447610603195933500, -2.144559027730145000, 2.004999999999999400 ) ) ;
#7861 = ORIENTED_EDGE ( 'NONE', *, *, #7424, .F. ) ;
#7862 = EDGE_CURVE ( 'NONE', #9676, #747, #6638, .T. ) ;
#7863 = CARTESIAN_POINT ( 'NONE',  ( 1.498499999999999100, 1.823000000000000000, 1.580000000000000100 ) ) ;
#7864 = CARTESIAN_POINT ( 'NONE',  ( 1.081000000000000400, 1.926500000000000300, 1.630000000000000100 ) ) ;
#7865 = CYLINDRICAL_SURFACE ( 'NONE', #5611, 0.1574999999999998900 ) ;
#7866 = EDGE_CURVE ( 'NONE', #2927, #4387, #4210, .T. ) ;
#7867 = ADVANCED_FACE ( 'NONE', ( #9562 ), #4615, .F. ) ;
#7868 = CARTESIAN_POINT ( 'NONE',  ( -1.459259842519685700, 2.027999999999999600, 1.267500000000000100 ) ) ;
#7869 = DIRECTION ( 'NONE',  ( -1.000000000000000000, 0.0000000000000000000, 0.0000000000000000000 ) ) ;
#7870 = DIRECTION ( 'NONE',  ( -0.0000000000000000000, -0.0000000000000000000, 1.000000000000000000 ) ) ;
#7871 = ORIENTED_EDGE ( 'NONE', *, *, #8549, .F. ) ;
#7872 = CARTESIAN_POINT ( 'NONE',  ( 0.9638306835251589900, -2.146999999999998900, -0.3943848084544492900 ) ) ;
#7873 = PLANE ( 'NONE',  #10545 ) ;
#7874 = DIRECTION ( 'NONE',  ( 0.0000000000000000000, 0.0000000000000000000, -1.000000000000000000 ) ) ;
#7875 = FACE_OUTER_BOUND ( 'NONE', #5504, .T. ) ;
#7876 = DIRECTION ( 'NONE',  ( -1.000000000000000000, 0.0000000000000000000, 0.0000000000000000000 ) ) ;
#7877 = EDGE_CURVE ( 'NONE', #112, #3175, #9011, .T. ) ;
#7878 = EDGE_CURVE ( 'NONE', #6095, #2572, #8087, .T. ) ;
#7879 = AXIS2_PLACEMENT_3D ( 'NONE', #4716, #456, #9838 ) ;
#7880 = EDGE_CURVE ( 'NONE', #10215, #882, #10901, .T. ) ;
#7881 = DIRECTION ( 'NONE',  ( 1.000000000000000000, -0.0000000000000000000, 0.0000000000000000000 ) ) ;
#7882 = ADVANCED_FACE ( 'NONE', ( #105 ), #3508, .F. ) ;
#7883 = DIRECTION ( 'NONE',  ( -0.0000000000000000000, -0.0000000000000000000, 1.000000000000000000 ) ) ;
#7884 = VECTOR ( 'NONE', #8891, 39.37007874015748100 ) ;
#7885 = VECTOR ( 'NONE', #3753, 39.37007874015748100 ) ;
#7886 = CARTESIAN_POINT ( 'NONE',  ( -1.482251619347311900, 2.164559027730145000, 2.004999999999999400 ) ) ;
#7887 = AXIS2_PLACEMENT_3D ( 'NONE', #3339, #11030, #6822 ) ;
#7888 = DIRECTION ( 'NONE',  ( -1.000000000000000000, 0.0000000000000000000, 0.0000000000000000000 ) ) ;
#7889 = AXIS2_PLACEMENT_3D ( 'NONE', #9847, #4689, #4770 ) ;
#7890 = CIRCLE ( 'NONE', #4046, 0.07874015748031476500 ) ;
#7891 = EDGE_CURVE ( 'NONE', #9739, #6792, #5546, .T. ) ;
#7892 = CARTESIAN_POINT ( 'NONE',  ( -0.7070000000000014100, 1.848000000000000100, 1.564999999999999700 ) ) ;
#7893 = CARTESIAN_POINT ( 'NONE',  ( -1.081000000000000400, 1.823000000000000000, 1.630000000000000100 ) ) ;
#7894 = CARTESIAN_POINT ( 'NONE',  ( -1.498499999999999100, -1.823000000000000000, 1.639999999999999900 ) ) ;
#7895 = FACE_OUTER_BOUND ( 'NONE', #6256, .T. ) ;
#7896 = CARTESIAN_POINT ( 'NONE',  ( 1.538000000000000500, 2.027999999999999100, 1.919999999999999700 ) ) ;
#7897 = VECTOR ( 'NONE', #10019, 39.37007874015748100 ) ;
#7898 = DIRECTION ( 'NONE',  ( 1.000000000000000000, 0.0000000000000000000, 0.0000000000000000000 ) ) ;
#7899 = AXIS2_PLACEMENT_3D ( 'NONE', #10968, #5858, #700 ) ;
#7900 = VERTEX_POINT ( 'NONE', #2556 ) ;
#7901 = AXIS2_PLACEMENT_3D ( 'NONE', #5844, #9273, #3298 ) ;
#7902 = CARTESIAN_POINT ( 'NONE',  ( 1.538000000000000500, -2.027999999999999600, 1.267500000000000100 ) ) ;
#7903 = EDGE_CURVE ( 'NONE', #10332, #1011, #2749, .T. ) ;
#7904 = CARTESIAN_POINT ( 'NONE',  ( 0.7070000000000014100, -1.926500000000000300, 1.564999999999999700 ) ) ;
#7905 = PLANE ( 'NONE',  #4868 ) ;
#7906 = CIRCLE ( 'NONE', #2805, 0.1474999999999994600 ) ;
#7907 = EDGE_LOOP ( 'NONE', ( #6640, #9846 ) ) ;
#7908 = LINE ( 'NONE', #11017, #7636 ) ;
#7909 = ORIENTED_EDGE ( 'NONE', *, *, #10136, .T. ) ;
#7910 = ORIENTED_EDGE ( 'NONE', *, *, #1478, .T. ) ;
#7911 = VERTEX_POINT ( 'NONE', #9423 ) ;
#7912 = DIRECTION ( 'NONE',  ( -1.000000000000000000, 0.0000000000000000000, 0.0000000000000000000 ) ) ;
#7913 = CARTESIAN_POINT ( 'NONE',  ( -1.498499999999999100, 1.619499999999999500, 1.564999999999999700 ) ) ;
#7914 = CARTESIAN_POINT ( 'NONE',  ( 0.9775000000000000400, 1.926500000000000300, 1.630000000000000100 ) ) ;
#7915 = ADVANCED_FACE ( 'NONE', ( #8485 ), #6222, .F. ) ;
#7916 = AXIS2_PLACEMENT_3D ( 'NONE', #1663, #895, #8432 ) ;
#7917 = CARTESIAN_POINT ( 'NONE',  ( 1.593215017210380300, 1.892364784850831600, 2.015547868860737300 ) ) ;
#7918 = ORIENTED_EDGE ( 'NONE', *, *, #310, .T. ) ;
#7919 = LINE ( 'NONE', #6493, #6867 ) ;
#7920 = CARTESIAN_POINT ( 'NONE',  ( -1.498499999999999100, 1.619499999999999500, 1.564999999999999700 ) ) ;
#7921 = LINE ( 'NONE', #4815, #7647 ) ;
#7922 = ORIENTED_EDGE ( 'NONE', *, *, #9379, .T. ) ;
#7923 = ORIENTED_EDGE ( 'NONE', *, *, #1349, .F. ) ;
#7924 = AXIS2_PLACEMENT_3D ( 'NONE', #1508, #4929, #5779 ) ;
#7925 = CARTESIAN_POINT ( 'NONE',  ( 0.7070000000000014100, -2.146999999999998900, 1.630000000000000100 ) ) ;
#7926 = DIRECTION ( 'NONE',  ( -1.000000000000000000, 0.0000000000000000000, 0.0000000000000000000 ) ) ;
#7928 = DIRECTION ( 'NONE',  ( 1.000000000000000000, 0.0000000000000000000, 0.0000000000000000000 ) ) ;
#7927 = CIRCLE ( 'NONE', #5780, 0.1074999999999993300 ) ;
#7929 = VERTEX_POINT ( 'NONE', #7698 ) ;
#7930 = CYLINDRICAL_SURFACE ( 'NONE', #3369, 0.1441519259705861500 ) ;
#7931 = DIRECTION ( 'NONE',  ( 1.000000000000000000, 1.272782003896287900E-015, 0.0000000000000000000 ) ) ;
#7932 = VECTOR ( 'NONE', #6805, 39.37007874015748100 ) ;
#7933 = ORIENTED_EDGE ( 'NONE', *, *, #7108, .F. ) ;
#7934 = ADVANCED_FACE ( 'NONE', ( #10089 ), #6909, .T. ) ;
#7935 = ORIENTED_EDGE ( 'NONE', *, *, #8964, .T. ) ;
#7936 = EDGE_LOOP ( 'NONE', ( #9165, #9589, #2444, #2644 ) ) ;
#7937 = DIRECTION ( 'NONE',  ( -0.5000000000000024400, 0.8660254037844371500, -0.0000000000000000000 ) ) ;
#7938 = EDGE_CURVE ( 'NONE', #8842, #6786, #6362, .T. ) ;
#7939 = EDGE_CURVE ( 'NONE', #392, #1551, #2360, .T. ) ;
#7940 = DIRECTION ( 'NONE',  ( 1.000000000000000000, 1.931999995519276800E-016, 0.0000000000000000000 ) ) ;
#7941 = AXIS2_PLACEMENT_3D ( 'NONE', #8398, #4279, #3277 ) ;
#7942 = ORIENTED_EDGE ( 'NONE', *, *, #2542, .F. ) ;
#7943 = ORIENTED_EDGE ( 'NONE', *, *, #2450, .T. ) ;
#7944 = PLANE ( 'NONE',  #7341 ) ;
#7945 = VERTEX_POINT ( 'NONE', #7760 ) ;
#7946 = DIRECTION ( 'NONE',  ( 0.0000000000000000000, 0.0000000000000000000, 1.000000000000000000 ) ) ;
#7947 = CYLINDRICAL_SURFACE ( 'NONE', #10664, 0.1575000000000004500 ) ;
#7948 = DIRECTION ( 'NONE',  ( 0.0000000000000000000, 0.0000000000000000000, 1.000000000000000000 ) ) ;
#7949 = FACE_OUTER_BOUND ( 'NONE', #2243, .T. ) ;
#7950 = ORIENTED_EDGE ( 'NONE', *, *, #3649, .F. ) ;
#7951 = CIRCLE ( 'NONE', #10944, 0.1535000000000004100 ) ;
#7952 = VERTEX_POINT ( 'NONE', #2695 ) ;
#7953 = ORIENTED_EDGE ( 'NONE', *, *, #1665, .F. ) ;
#7954 = ORIENTED_EDGE ( 'NONE', *, *, #8868, .T. ) ;
#7955 = ORIENTED_EDGE ( 'NONE', *, *, #5800, .F. ) ;
#7956 = PLANE ( 'NONE',  #5597 ) ;
#7957 = DIRECTION ( 'NONE',  ( 1.000000000000000000, 0.0000000000000000000, 0.0000000000000000000 ) ) ;
#7958 = AXIS2_PLACEMENT_3D ( 'NONE', #10155, #5015, #7592 ) ;
#7959 = CIRCLE ( 'NONE', #3461, 0.05849999999999993400 ) ;
#7960 = AXIS2_PLACEMENT_3D ( 'NONE', #4657, #5512, #7320 ) ;
#7961 = DIRECTION ( 'NONE',  ( -1.000000000000000000, 0.0000000000000000000, 0.0000000000000000000 ) ) ;
#7962 = EDGE_CURVE ( 'NONE', #9550, #5846, #3010, .T. ) ;
#7963 = CIRCLE ( 'NONE', #727, 0.1535000000000002800 ) ;
#7964 = ORIENTED_EDGE ( 'NONE', *, *, #22, .F. ) ;
#7965 = EDGE_LOOP ( 'NONE', ( #3503, #6732, #9315, #9194 ) ) ;
#7966 = CARTESIAN_POINT ( 'NONE',  ( -0.9638306835251589900, 2.146999999999998900, -0.3943848084544492900 ) ) ;
#7967 = VERTEX_POINT ( 'NONE', #1016 ) ;
#7968 = ORIENTED_EDGE ( 'NONE', *, *, #5226, .F. ) ;
#7969 = FACE_OUTER_BOUND ( 'NONE', #4385, .T. ) ;
#7970 = DIRECTION ( 'NONE',  ( 0.0000000000000000000, 0.0000000000000000000, 1.000000000000000000 ) ) ;
#7971 = DIRECTION ( 'NONE',  ( -0.0000000000000000000, -0.0000000000000000000, -1.000000000000000000 ) ) ;
#7972 = FACE_OUTER_BOUND ( 'NONE', #7450, .T. ) ;
#7973 = DIRECTION ( 'NONE',  ( -0.0000000000000000000, -0.0000000000000000000, -1.000000000000000000 ) ) ;
#7974 = DIRECTION ( 'NONE',  ( 0.0000000000000000000, 1.000000000000000000, 0.0000000000000000000 ) ) ;
#7975 = VERTEX_POINT ( 'NONE', #912 ) ;
#7976 = AXIS2_PLACEMENT_3D ( 'NONE', #3064, #8116, #1406 ) ;
#7977 = DIRECTION ( 'NONE',  ( -0.0000000000000000000, -0.0000000000000000000, -1.000000000000000000 ) ) ;
#7978 = EDGE_CURVE ( 'NONE', #1165, #4215, #4082, .T. ) ;
#7979 = VERTEX_POINT ( 'NONE', #6898 ) ;
#7980 = ORIENTED_EDGE ( 'NONE', *, *, #1947, .F. ) ;
#7981 = ADVANCED_FACE ( 'NONE', ( #5021 ), #1697, .F. ) ;
#7982 = ORIENTED_EDGE ( 'NONE', *, *, #8559, .T. ) ;
#7983 = CYLINDRICAL_SURFACE ( 'NONE', #8461, 0.07874015748031476500 ) ;
#7984 = EDGE_LOOP ( 'NONE', ( #2492, #8000 ) ) ;
#7985 = VECTOR ( 'NONE', #10408, 39.37007874015748100 ) ;
#7986 = DIRECTION ( 'NONE',  ( -0.0000000000000000000, -0.0000000000000000000, -1.000000000000000000 ) ) ;
#7987 = DIRECTION ( 'NONE',  ( 1.000000000000000000, 0.0000000000000000000, 0.0000000000000000000 ) ) ;
#7988 = VERTEX_POINT ( 'NONE', #297 ) ;
#7989 = DIRECTION ( 'NONE',  ( 0.0000000000000000000, 0.0000000000000000000, 1.000000000000000000 ) ) ;
#7990 = CARTESIAN_POINT ( 'NONE',  ( 0.9774999999999999200, -1.926500000000000300, 1.580000000000000100 ) ) ;
#7991 = AXIS2_PLACEMENT_3D ( 'NONE', #2023, #9635, #1235 ) ;
#7992 = VERTEX_POINT ( 'NONE', #2886 ) ;
#7993 = EDGE_CURVE ( 'NONE', #9579, #6364, #10483, .T. ) ;
#7994 = EDGE_CURVE ( 'NONE', #3900, #6954, #508, .T. ) ;
#7995 = VECTOR ( 'NONE', #5361, 39.37007874015748100 ) ;
#7996 = CARTESIAN_POINT ( 'NONE',  ( -1.751999999999999600, 1.619499999999999500, 1.564999999999999700 ) ) ;
#7997 = AXIS2_PLACEMENT_3D ( 'NONE', #3246, #1707, #8409 ) ;
#7998 = DIRECTION ( 'NONE',  ( 0.0000000000000000000, 0.0000000000000000000, 1.000000000000000000 ) ) ;
#7999 = CARTESIAN_POINT ( 'NONE',  ( -1.701999999999999500, 1.619499999999999500, 1.630000000000000100 ) ) ;
#8000 = ORIENTED_EDGE ( 'NONE', *, *, #7640, .T. ) ;
#8001 = CARTESIAN_POINT ( 'NONE',  ( 1.081000000000000400, 1.926500000000000300, 1.630000000000000100 ) ) ;
#8002 = FACE_OUTER_BOUND ( 'NONE', #6263, .T. ) ;
#8003 = DIRECTION ( 'NONE',  ( -0.0000000000000000000, -0.0000000000000000000, 1.000000000000000000 ) ) ;
#8004 = EDGE_CURVE ( 'NONE', #4576, #9006, #9296, .T. ) ;
#8005 = DIRECTION ( 'NONE',  ( -0.0000000000000000000, -0.0000000000000000000, 1.000000000000000000 ) ) ;
#8006 = EDGE_CURVE ( 'NONE', #6461, #7992, #3280, .T. ) ;
#8007 = DIRECTION ( 'NONE',  ( -0.0000000000000000000, -0.0000000000000000000, -1.000000000000000000 ) ) ;
#8008 = CARTESIAN_POINT ( 'NONE',  ( -1.498499999999999100, -1.873000000000000000, 1.564999999999999700 ) ) ;
#8009 = EDGE_CURVE ( 'NONE', #9291, #9442, #4740, .T. ) ;
#8010 = DIRECTION ( 'NONE',  ( -1.000000000000000000, 0.0000000000000000000, 0.0000000000000000000 ) ) ;
#8011 = LINE ( 'NONE', #6385, #9492 ) ;
#8012 = CARTESIAN_POINT ( 'NONE',  ( 0.7070000000000014100, -2.246999999999998600, 1.639999999999999900 ) ) ;
#8013 = DIRECTION ( 'NONE',  ( 0.0000000000000000000, 0.0000000000000000000, 1.000000000000000000 ) ) ;
#8014 = ADVANCED_FACE ( 'NONE', ( #2218 ), #6282, .T. ) ;
#8015 = CARTESIAN_POINT ( 'NONE',  ( -1.538000000000000500, 2.027999999999999100, 1.919999999999999700 ) ) ;
#8016 = DIRECTION ( 'NONE',  ( -1.000000000000000000, 0.0000000000000000000, 0.0000000000000000000 ) ) ;
#8017 = CARTESIAN_POINT ( 'NONE',  ( 1.498499999999999100, 1.823000000000000000, 1.630000000000000100 ) ) ;
#8018 = FACE_OUTER_BOUND ( 'NONE', #7038, .T. ) ;
#8019 = PLANE ( 'NONE',  #10850 ) ;
#8020 = AXIS2_PLACEMENT_3D ( 'NONE', #1027, #6978, #1968 ) ;
#8021 = VECTOR ( 'NONE', #8156, 39.37007874015748100 ) ;
#8022 = EDGE_CURVE ( 'NONE', #8750, #5390, #5269, .T. ) ;
#8023 = EDGE_CURVE ( 'NONE', #6366, #5275, #2616, .T. ) ;
#8024 = AXIS2_PLACEMENT_3D ( 'NONE', #6607, #9289, #2313 ) ;
#8025 = EDGE_CURVE ( 'NONE', #5990, #6189, #2875, .T. ) ;
#8026 = CARTESIAN_POINT ( 'NONE',  ( -0.7070000000000014100, -1.926500000000000300, 1.630000000000000100 ) ) ;
#8027 = CARTESIAN_POINT ( 'NONE',  ( 1.625848074029415400, 2.120848074029412900, 1.580000000000000100 ) ) ;
#8028 = ADVANCED_FACE ( 'NONE', ( #1052 ), #5537, .T. ) ;
#8029 = CYLINDRICAL_SURFACE ( 'NONE', #1279, 0.2535000000000004500 ) ;
#8030 = VECTOR ( 'NONE', #7496, 39.37007874015748100 ) ;
#8031 = CARTESIAN_POINT ( 'NONE',  ( 1.770000000000001600, -2.265000000000001000, 0.04805064199019547200 ) ) ;
#8032 = VERTEX_POINT ( 'NONE', #327 ) ;
#8033 = AXIS2_PLACEMENT_3D ( 'NONE', #2116, #383, #10680 ) ;
#8034 = CARTESIAN_POINT ( 'NONE',  ( 1.081000000000000400, -1.926500000000000300, 1.540000000000000000 ) ) ;
#8035 = AXIS2_PLACEMENT_3D ( 'NONE', #5770, #6601, #6567 ) ;
#8036 = CARTESIAN_POINT ( 'NONE',  ( 1.538000000000000500, 2.027999999999999600, 1.267500000000000100 ) ) ;
#8037 = EDGE_CURVE ( 'NONE', #6759, #7789, #4336, .T. ) ;
#8038 = CARTESIAN_POINT ( 'NONE',  ( 1.538000000000000500, -2.027999999999999100, 1.919999999999999700 ) ) ;
#8039 = FACE_OUTER_BOUND ( 'NONE', #2362, .T. ) ;
#8040 = VECTOR ( 'NONE', #7139, 39.37007874015748100 ) ;
#8041 = DIRECTION ( 'NONE',  ( -0.0000000000000000000, -0.0000000000000000000, 1.000000000000000000 ) ) ;
#8042 = ORIENTED_EDGE ( 'NONE', *, *, #9604, .F. ) ;
#8043 = ORIENTED_EDGE ( 'NONE', *, *, #5871, .F. ) ;
#8044 = DIRECTION ( 'NONE',  ( 1.000000000000000000, 0.0000000000000000000, 0.0000000000000000000 ) ) ;
#8045 = CARTESIAN_POINT ( 'NONE',  ( -1.498499999999999100, -1.823000000000000000, 1.630000000000000100 ) ) ;
#8046 = ORIENTED_EDGE ( 'NONE', *, *, #3856, .T. ) ;
#8047 = ORIENTED_EDGE ( 'NONE', *, *, #8022, .T. ) ;
#8048 = DIRECTION ( 'NONE',  ( 1.000000000000000000, 0.0000000000000000000, 0.0000000000000000000 ) ) ;
#8049 = CIRCLE ( 'NONE', #2599, 0.07874015748031476500 ) ;
#8050 = AXIS2_PLACEMENT_3D ( 'NONE', #2538, #9335, #1787 ) ;
#8051 = LINE ( 'NONE', #3211, #9783 ) ;
#8052 = EDGE_LOOP ( 'NONE', ( #1038, #8848, #9965, #4567 ) ) ;
#8053 = AXIS2_PLACEMENT_3D ( 'NONE', #7366, #6589, #1491 ) ;
#8054 = CARTESIAN_POINT ( 'NONE',  ( 1.340000000000000500, 1.515499999999999600, 0.3700000000000001100 ) ) ;
#8055 = VERTEX_POINT ( 'NONE', #1104 ) ;
#8056 = VERTEX_POINT ( 'NONE', #7914 ) ;
#8057 = FACE_OUTER_BOUND ( 'NONE', #476, .T. ) ;
#8058 = VECTOR ( 'NONE', #10815, 39.37007874015748100 ) ;
#8059 = EDGE_LOOP ( 'NONE', ( #355, #9487, #10181, #10351 ) ) ;
#8060 = CARTESIAN_POINT ( 'NONE',  ( -1.573491067360004900, -1.926527668117621100, 2.044999999999999500 ) ) ;
#8061 = CARTESIAN_POINT ( 'NONE',  ( -1.502508932639995400, 2.129472331882377400, 2.044999999999999500 ) ) ;
#8062 = ORIENTED_EDGE ( 'NONE', *, *, #4940, .T. ) ;
#8063 = AXIS2_PLACEMENT_3D ( 'NONE', #9883, #6404, #1303 ) ;
#8064 = DIRECTION ( 'NONE',  ( -0.0000000000000000000, -0.0000000000000000000, -1.000000000000000000 ) ) ;
#8065 = DIRECTION ( 'NONE',  ( 1.000000000000000000, 3.086833891146059900E-016, 0.0000000000000000000 ) ) ;
#8066 = EDGE_CURVE ( 'NONE', #122, #3449, #6075, .T. ) ;
#8067 = VERTEX_POINT ( 'NONE', #1130 ) ;
#8068 = ADVANCED_FACE ( 'NONE', ( #9687 ), #94, .T. ) ;
#8069 = VECTOR ( 'NONE', #6260, 39.37007874015748100 ) ;
#8070 = DIRECTION ( 'NONE',  ( 1.000000000000000000, 0.0000000000000000000, 0.0000000000000000000 ) ) ;
#8071 = CYLINDRICAL_SURFACE ( 'NONE', #6659, 0.07874015748031476500 ) ;
#8072 = ORIENTED_EDGE ( 'NONE', *, *, #3716, .F. ) ;
#8073 = CARTESIAN_POINT ( 'NONE',  ( -1.183500000000000000, 2.027999999999999100, 0.0000000000000000000 ) ) ;
#8074 = CYLINDRICAL_SURFACE ( 'NONE', #3478, 0.2204999999999985000 ) ;
#8076 = CARTESIAN_POINT ( 'NONE',  ( -1.081000000000000400, 1.848000000000000100, 1.564999999999999700 ) ) ;
#8075 = CARTESIAN_POINT ( 'NONE',  ( -0.7070000000000014100, -1.926500000000000300, 1.540000000000000000 ) ) ;
#8077 = ORIENTED_EDGE ( 'NONE', *, *, #3497, .F. ) ;
#8078 = DIRECTION ( 'NONE',  ( 0.0000000000000000000, 0.0000000000000000000, -1.000000000000000000 ) ) ;
#8079 = ORIENTED_EDGE ( 'NONE', *, *, #6010, .F. ) ;
#8080 = EDGE_LOOP ( 'NONE', ( #5049, #2388, #4925, #1404 ) ) ;
#8081 = ORIENTED_EDGE ( 'NONE', *, *, #5173, .F. ) ;
#8082 = CIRCLE ( 'NONE', #5882, 0.1341519259705859800 ) ;
#8083 = DIRECTION ( 'NONE',  ( -0.0000000000000000000, -0.0000000000000000000, -1.000000000000000000 ) ) ;
#8084 = ORIENTED_EDGE ( 'NONE', *, *, #3020, .F. ) ;
#8085 = ADVANCED_FACE ( 'NONE', ( #3403 ), #2072, .T. ) ;
#8086 = DIRECTION ( 'NONE',  ( -0.0000000000000000000, -0.0000000000000000000, 1.000000000000000000 ) ) ;
#8087 = LINE ( 'NONE', #8633, #7293 ) ;
#8088 = EDGE_CURVE ( 'NONE', #3900, #7911, #3788, .T. ) ;
#8089 = EDGE_CURVE ( 'NONE', #2253, #8132, #8584, .T. ) ;
#8090 = DIRECTION ( 'NONE',  ( 0.0000000000000000000, 0.0000000000000000000, -1.000000000000000000 ) ) ;
#8091 = CLOSED_SHELL ( 'NONE', ( #11011, #4522, #7981, #10325, #2557, #4596, #9511, #3140, #3382, #10640, #6187, #4817, #1559, #2617, #10882, #2200, #4767, #10952, #1343, #5976, #3034, #1648, #8815, #714, #5563, #4112, #7466, #8014, #1191, #6285, #6204, #1919, #6875, #6691, #1881, #3341, #5382, #7067, #1772, #10936, #7137, #4447, #6173, #7746, #9036, #4544, #1542, #8695, #3871, #2327, #6451, #769, #5834, #9536, #10387, #10095, #1085, #7934, #1444, #7482, #9086, #2838, #5676, #9921, #5344, #5654, #10479, #7855, #8669, #8962, #1102, #9718, #4706, #284, #5491, #10998, #5291, #5909, #8134, #4036, #6644 ) ) ;
#8092 = CARTESIAN_POINT ( 'NONE',  ( 1.538000000000000500, 2.027999999999999100, 2.044999999999999500 ) ) ;
#8093 = CARTESIAN_POINT ( 'NONE',  ( 1.081000000000000400, 1.890999999999999800, 1.580000000000000100 ) ) ;
#8094 = VERTEX_POINT ( 'NONE', #3756 ) ;
#8095 = CARTESIAN_POINT ( 'NONE',  ( 0.7070000000000014100, -2.246999999999998600, 1.605000000000000000 ) ) ;
#8096 = ORIENTED_EDGE ( 'NONE', *, *, #4386, .T. ) ;
#8097 = DIRECTION ( 'NONE',  ( 1.000000000000000000, 0.0000000000000000000, 0.0000000000000000000 ) ) ;
#8098 = CARTESIAN_POINT ( 'NONE',  ( 1.538000000000000500, -2.027999999999999100, 2.004999999999999400 ) ) ;
#8099 = ORIENTED_EDGE ( 'NONE', *, *, #7384, .F. ) ;
#8100 = FACE_OUTER_BOUND ( 'NONE', #6672, .T. ) ;
#8101 = FACE_OUTER_BOUND ( 'NONE', #224, .T. ) ;
#8102 = ORIENTED_EDGE ( 'NONE', *, *, #4960, .F. ) ;
#8103 = DIRECTION ( 'NONE',  ( -1.000000000000000000, 0.0000000000000000000, 0.0000000000000000000 ) ) ;
#8104 = ORIENTED_EDGE ( 'NONE', *, *, #7640, .F. ) ;
#8105 = AXIS2_PLACEMENT_3D ( 'NONE', #9462, #5263, #6820 ) ;
#8106 = ORIENTED_EDGE ( 'NONE', *, *, #8954, .T. ) ;
#8107 = AXIS2_PLACEMENT_3D ( 'NONE', #6802, #2421, #3273 ) ;
#8108 = CARTESIAN_POINT ( 'NONE',  ( -1.486333219184712700, 2.157489489435602300, 2.029684651533864700 ) ) ;
#8109 = ORIENTED_EDGE ( 'NONE', *, *, #6764, .F. ) ;
#8110 = EDGE_CURVE ( 'NONE', #1275, #1465, #8615, .T. ) ;
#8111 = ORIENTED_EDGE ( 'NONE', *, *, #3020, .T. ) ;
#8112 = VECTOR ( 'NONE', #10832, 39.37007874015748100 ) ;
#8113 = ORIENTED_EDGE ( 'NONE', *, *, #5444, .F. ) ;
#8114 = CIRCLE ( 'NONE', #4983, 0.1875000000000001100 ) ;
#8115 = ORIENTED_EDGE ( 'NONE', *, *, #6882, .T. ) ;
#8116 = DIRECTION ( 'NONE',  ( 1.206113904487533100E-016, -1.000000000000000000, 0.0000000000000000000 ) ) ;
#8117 = ORIENTED_EDGE ( 'NONE', *, *, #5173, .T. ) ;
#8118 = DIRECTION ( 'NONE',  ( -0.0000000000000000000, 0.0000000000000000000, 1.000000000000000000 ) ) ;
#8119 = ORIENTED_EDGE ( 'NONE', *, *, #5934, .F. ) ;
#8120 = CIRCLE ( 'NONE', #3091, 0.1535000000000004100 ) ;
#8121 = DIRECTION ( 'NONE',  ( -1.000000000000000000, 0.0000000000000000000, 0.0000000000000000000 ) ) ;
#8122 = AXIS2_PLACEMENT_3D ( 'NONE', #8402, #3284, #5716 ) ;
#8123 = VERTEX_POINT ( 'NONE', #6512 ) ;
#8124 = LINE ( 'NONE', #9214, #2524 ) ;
#8125 = AXIS2_PLACEMENT_3D ( 'NONE', #3310, #11040, #7704 ) ;
#8126 = EDGE_CURVE ( 'NONE', #10219, #6752, #641, .T. ) ;
#8127 = DIRECTION ( 'NONE',  ( 0.0000000000000000000, 0.0000000000000000000, 1.000000000000000000 ) ) ;
#8128 = VERTEX_POINT ( 'NONE', #6470 ) ;
#8129 = DIRECTION ( 'NONE',  ( 0.0000000000000000000, -0.0000000000000000000, -1.000000000000000000 ) ) ;
#8130 = CARTESIAN_POINT ( 'NONE',  ( 0.7070000000000014100, 1.926500000000000300, 1.639999999999999900 ) ) ;
#8131 = ORIENTED_EDGE ( 'NONE', *, *, #8025, .T. ) ;
#8132 = VERTEX_POINT ( 'NONE', #4632 ) ;
#8133 = DIRECTION ( 'NONE',  ( 0.0000000000000000000, -1.000000000000000000, 0.0000000000000000000 ) ) ;
#8134 = ADVANCED_FACE ( 'NONE', ( #1039 ), #9548, .T. ) ;
#8135 = DIRECTION ( 'NONE',  ( 1.000000000000000000, 0.0000000000000000000, 0.0000000000000000000 ) ) ;
#8136 = DIRECTION ( 'NONE',  ( 0.8660254037844372600, 0.5000000000000024400, 0.0000000000000000000 ) ) ;
#8137 = CARTESIAN_POINT ( 'NONE',  ( -1.447610603195933500, -2.144559027730145000, 2.004999999999999400 ) ) ;
#8138 = LINE ( 'NONE', #4720, #8266 ) ;
#8139 = DIRECTION ( 'NONE',  ( 0.0000000000000000000, -0.0000000000000000000, 1.000000000000000000 ) ) ;
#8140 = AXIS2_PLACEMENT_3D ( 'NONE', #7340, #10802, #8190 ) ;
#8141 = CARTESIAN_POINT ( 'NONE',  ( 1.651999999999999500, 1.619499999999999500, 2.050000000000000300 ) ) ;
#8142 = CYLINDRICAL_SURFACE ( 'NONE', #8545, 0.1474999999999994600 ) ;
#8143 = AXIS2_PLACEMENT_3D ( 'NONE', #1872, #9602, #4479 ) ;
#8144 = DIRECTION ( 'NONE',  ( 1.000000000000000000, 0.0000000000000000000, 0.0000000000000000000 ) ) ;
#8145 = ADVANCED_FACE ( 'NONE', ( #9942 ), #10347, .F. ) ;
#8146 = CARTESIAN_POINT ( 'NONE',  ( 1.339999999999999900, -1.515499999999999600, 0.3700000000000001100 ) ) ;
#8147 = DIRECTION ( 'NONE',  ( 1.000000000000000000, 0.0000000000000000000, 0.0000000000000000000 ) ) ;
#8148 = PLANE ( 'NONE',  #10241 ) ;
#8149 = VECTOR ( 'NONE', #8691, 39.37007874015748100 ) ;
#8150 = EDGE_LOOP ( 'NONE', ( #3292, #4742, #1840, #3921 ) ) ;
#8151 = CIRCLE ( 'NONE', #3090, 0.2704999999999985200 ) ;
#8153 = DIRECTION ( 'NONE',  ( 0.0000000000000000000, 0.0000000000000000000, 1.000000000000000000 ) ) ;
#8152 = DIRECTION ( 'NONE',  ( 0.0000000000000000000, 0.0000000000000000000, 1.000000000000000000 ) ) ;
#8154 = EDGE_CURVE ( 'NONE', #10918, #4316, #2737, .T. ) ;
#8155 = DIRECTION ( 'NONE',  ( 0.0000000000000000000, 0.0000000000000000000, -1.000000000000000000 ) ) ;
#8156 = DIRECTION ( 'NONE',  ( -1.000000000000000000, 0.0000000000000000000, 0.0000000000000000000 ) ) ;
#8157 = CIRCLE ( 'NONE', #3112, 0.02499999999999987000 ) ;
#8158 = DIRECTION ( 'NONE',  ( 1.000000000000000000, 0.0000000000000000000, 0.0000000000000000000 ) ) ;
#8159 = LINE ( 'NONE', #4047, #5896 ) ;
#8160 = CARTESIAN_POINT ( 'NONE',  ( 1.081000000000000400, -1.926500000000000300, 1.564999999999999700 ) ) ;
#8161 = DIRECTION ( 'NONE',  ( 0.0000000000000000000, 0.0000000000000000000, 1.000000000000000000 ) ) ;
#8162 = CARTESIAN_POINT ( 'NONE',  ( 1.760000000000001800, -2.120848074029415100, 1.614999999999999800 ) ) ;
#8163 = DIRECTION ( 'NONE',  ( -1.000000000000000000, 0.0000000000000000000, 0.0000000000000000000 ) ) ;
#8164 = CARTESIAN_POINT ( 'NONE',  ( 1.625848074029415400, -2.216949358009805900, 0.04805064199019536800 ) ) ;
#8165 = CARTESIAN_POINT ( 'NONE',  ( 1.616740157480314000, -2.028000000000001400, 1.605000000000000000 ) ) ;
#8166 = AXIS2_PLACEMENT_3D ( 'NONE', #4760, #9986, #8158 ) ;
#8167 = EDGE_CURVE ( 'NONE', #3434, #3054, #10885, .T. ) ;
#8168 = VECTOR ( 'NONE', #2262, 39.37007874015748100 ) ;
#8169 = AXIS2_PLACEMENT_3D ( 'NONE', #10996, #2489, #4915 ) ;
#8170 = EDGE_CURVE ( 'NONE', #2338, #8212, #7679, .T. ) ;
#8171 = CYLINDRICAL_SURFACE ( 'NONE', #3305, 0.09375000000000033300 ) ;
#8172 = VERTEX_POINT ( 'NONE', #8174 ) ;
#8173 = CARTESIAN_POINT ( 'NONE',  ( -1.593748380652692200, -1.891440972269847100, 2.010319632494771200 ) ) ;
#8174 = CARTESIAN_POINT ( 'NONE',  ( 1.081000000000000400, 1.772999999999999900, 1.630000000000000100 ) ) ;
#8175 = CIRCLE ( 'NONE', #10393, 0.07850000000000040300 ) ;
#8176 = DIRECTION ( 'NONE',  ( -0.0000000000000000000, -0.0000000000000000000, -1.000000000000000000 ) ) ;
#8177 = LINE ( 'NONE', #5755, #6181 ) ;
#8178 = ORIENTED_EDGE ( 'NONE', *, *, #6552, .T. ) ;
#8179 = ORIENTED_EDGE ( 'NONE', *, *, #746, .T. ) ;
#8180 = ADVANCED_FACE ( 'NONE', ( #1562 ), #8074, .F. ) ;
#8181 = AXIS2_PLACEMENT_3D ( 'NONE', #9996, #10855, #7476 ) ;
#8182 = DIRECTION ( 'NONE',  ( 1.000000000000000000, 0.0000000000000000000, 0.0000000000000000000 ) ) ;
#8183 = ORIENTED_EDGE ( 'NONE', *, *, #8110, .F. ) ;
#8184 = AXIS2_PLACEMENT_3D ( 'NONE', #3635, #4508, #4541 ) ;
#8185 = DIRECTION ( 'NONE',  ( 0.0000000000000000000, 0.0000000000000000000, 1.000000000000000000 ) ) ;
#8186 = EDGE_CURVE ( 'NONE', #5402, #7558, #5808, .T. ) ;
#8188 = CARTESIAN_POINT ( 'NONE',  ( 1.502508932639995400, -2.129472331882377400, 2.044999999999999500 ) ) ;
#8187 = DIRECTION ( 'NONE',  ( -1.000000000000000000, 0.0000000000000000000, 0.0000000000000000000 ) ) ;
#8189 = EDGE_LOOP ( 'NONE', ( #2211, #5028, #5945, #5143 ) ) ;
#8190 = DIRECTION ( 'NONE',  ( -1.000000000000000000, 0.0000000000000000000, 0.0000000000000000000 ) ) ;
#8191 = VERTEX_POINT ( 'NONE', #9100 ) ;
#8192 = FACE_BOUND ( 'NONE', #917, .T. ) ;
#8193 = ORIENTED_EDGE ( 'NONE', *, *, #9757, .T. ) ;
#8194 = TOROIDAL_SURFACE ( 'NONE', #1461, 0.2285000000000004500, 0.02500000000000000100 ) ;
#8195 = EDGE_LOOP ( 'NONE', ( #10505, #10905 ) ) ;
#8196 = DIRECTION ( 'NONE',  ( 1.000000000000000000, 0.0000000000000000000, 0.0000000000000000000 ) ) ;
#8197 = ORIENTED_EDGE ( 'NONE', *, *, #5095, .F. ) ;
#8198 = ADVANCED_FACE ( 'NONE', ( #7418 ), #3530, .F. ) ;
#8199 = CARTESIAN_POINT ( 'NONE',  ( 1.591163145724856500, -1.895918730514359400, 2.025280118416168800 ) ) ;
#8200 = AXIS2_PLACEMENT_3D ( 'NONE', #3429, #3493, #57 ) ;
#8201 = EDGE_CURVE ( 'NONE', #7662, #388, #1181, .T. ) ;
#8202 = DIRECTION ( 'NONE',  ( 0.0000000000000000000, -0.0000000000000000000, -1.000000000000000000 ) ) ;
#8203 = VECTOR ( 'NONE', #5917, 39.37007874015748100 ) ;
#8204 = EDGE_LOOP ( 'NONE', ( #10774, #2774, #1774, #643 ) ) ;
#8205 = TOROIDAL_SURFACE ( 'NONE', #4156, 0.1341519259705860900, 0.01000000000000000000 ) ;
#8206 = DIRECTION ( 'NONE',  ( -1.000000000000000000, 0.0000000000000000000, 0.0000000000000000000 ) ) ;
#8207 = DIRECTION ( 'NONE',  ( -1.000000000000000000, 0.0000000000000000000, 0.0000000000000000000 ) ) ;
#8208 = LINE ( 'NONE', #10580, #10199 ) ;
#8209 = ORIENTED_EDGE ( 'NONE', *, *, #9095, .T. ) ;
#8210 = CARTESIAN_POINT ( 'NONE',  ( 1.459259842519685700, 2.027999999999999100, 2.169999999999999900 ) ) ;
#8211 = CARTESIAN_POINT ( 'NONE',  ( -1.576118682408086600, 1.921976505351611400, 2.045000000000000400 ) ) ;
#8212 = VERTEX_POINT ( 'NONE', #5751 ) ;
#8213 = ORIENTED_EDGE ( 'NONE', *, *, #7228, .F. ) ;
#8214 = EDGE_LOOP ( 'NONE', ( #2256, #10248 ) ) ;
#8215 = ORIENTED_EDGE ( 'NONE', *, *, #7082, .T. ) ;
#8216 = CARTESIAN_POINT ( 'NONE',  ( -1.591163145724856500, -1.895918730514359400, 2.025280118416168800 ) ) ;
#8217 = VECTOR ( 'NONE', #10018, 39.37007874015748100 ) ;
#8218 = EDGE_LOOP ( 'NONE', ( #374, #10604 ) ) ;
#8219 = VECTOR ( 'NONE', #9979, 39.37007874015748100 ) ;
#8220 = DIRECTION ( 'NONE',  ( 0.0000000000000000000, 0.0000000000000000000, 1.000000000000000000 ) ) ;
#8221 = ORIENTED_EDGE ( 'NONE', *, *, #256, .F. ) ;
#8222 = EDGE_CURVE ( 'NONE', #5632, #2843, #3268, .T. ) ;
#8223 = ORIENTED_EDGE ( 'NONE', *, *, #4216, .T. ) ;
#8224 = EDGE_CURVE ( 'NONE', #2771, #7065, #5008, .T. ) ;
#8225 = ORIENTED_EDGE ( 'NONE', *, *, #786, .F. ) ;
#8226 = ORIENTED_EDGE ( 'NONE', *, *, #4710, .T. ) ;
#8227 = CIRCLE ( 'NONE', #3038, 0.1575000000000004500 ) ;
#8229 = DIRECTION ( 'NONE',  ( -1.000000000000000000, 0.0000000000000000000, 0.0000000000000000000 ) ) ;
#8228 = CARTESIAN_POINT ( 'NONE',  ( -1.701999999999999500, -1.619499999999999500, 1.564999999999999700 ) ) ;
#8230 = CARTESIAN_POINT ( 'NONE',  ( 1.760000000000001800, 2.120848074029412900, 1.614999999999999800 ) ) ;
#8231 = CIRCLE ( 'NONE', #7421, 0.2704999999999985200 ) ;
#8232 = VERTEX_POINT ( 'NONE', #2257 ) ;
#8233 = DIRECTION ( 'NONE',  ( -0.0000000000000000000, -0.0000000000000000000, 1.000000000000000000 ) ) ;
#8234 = VERTEX_POINT ( 'NONE', #9072 ) ;
#8235 = ORIENTED_EDGE ( 'NONE', *, *, #9355, .T. ) ;
#8236 = AXIS2_PLACEMENT_3D ( 'NONE', #6543, #5705, #10659 ) ;
#8237 = ORIENTED_EDGE ( 'NONE', *, *, #9146, .F. ) ;
#8238 = EDGE_CURVE ( 'NONE', #2477, #869, #9422, .T. ) ;
#8239 = FACE_OUTER_BOUND ( 'NONE', #4721, .T. ) ;
#8240 = EDGE_CURVE ( 'NONE', #10493, #4215, #9808, .T. ) ;
#8241 = DIRECTION ( 'NONE',  ( 1.000000000000000000, 9.260501673438213400E-015, 0.0000000000000000000 ) ) ;
#8242 = AXIS2_PLACEMENT_3D ( 'NONE', #8501, #5100, #7709 ) ;
#8243 = EDGE_CURVE ( 'NONE', #7710, #499, #6895, .T. ) ;
#8244 = CIRCLE ( 'NONE', #1226, 0.09375000000000033300 ) ;
#8245 = ADVANCED_FACE ( 'NONE', ( #1293 ), #763, .T. ) ;
#8246 = DIRECTION ( 'NONE',  ( -0.0000000000000000000, -0.0000000000000000000, 1.000000000000000000 ) ) ;
#8247 = EDGE_LOOP ( 'NONE', ( #4087, #6205, #58, #781 ) ) ;
#8248 = CARTESIAN_POINT ( 'NONE',  ( 1.498499999999999100, -1.619499999999999500, 1.564999999999999700 ) ) ;
#8249 = SECURITY_CLASSIFICATION_LEVEL ( 'unclassified' ) ;
#8250 = DIRECTION ( 'NONE',  ( -1.000000000000000000, 0.0000000000000000000, 0.0000000000000000000 ) ) ;
#8251 = ORIENTED_EDGE ( 'NONE', *, *, #4229, .F. ) ;
#8252 = VERTEX_POINT ( 'NONE', #10909 ) ;
#8253 = ORIENTED_EDGE ( 'NONE', *, *, #1402, .F. ) ;
#8254 = CIRCLE ( 'NONE', #1400, 0.05350000000000053300 ) ;
#8255 = EDGE_LOOP ( 'NONE', ( #2325, #2846, #10486, #4243 ) ) ;
#8256 = CIRCLE ( 'NONE', #5765, 0.1441519259705861500 ) ;
#8257 = DIRECTION ( 'NONE',  ( 1.000000000000000000, 0.0000000000000000000, 0.0000000000000000000 ) ) ;
#8258 = EDGE_LOOP ( 'NONE', ( #7202, #4913, #6717, #1024 ) ) ;
#8259 = AXIS2_PLACEMENT_3D ( 'NONE', #9113, #6482, #1490 ) ;
#8260 = AXIS2_PLACEMENT_3D ( 'NONE', #9290, #10170, #2457 ) ;
#8261 = CARTESIAN_POINT ( 'NONE',  ( 1.538000000000000500, 2.027999999999999100, 2.004999999999999400 ) ) ;
#8262 = ADVANCED_FACE ( 'NONE', ( #2349 ), #3136, .F. ) ;
#8263 = EDGE_CURVE ( 'NONE', #9300, #4118, #7951, .T. ) ;
#8264 = ORIENTED_EDGE ( 'NONE', *, *, #1163, .F. ) ;
#8265 = CARTESIAN_POINT ( 'NONE',  ( -1.498499999999999100, 1.823000000000000000, 1.630000000000000100 ) ) ;
#8266 = VECTOR ( 'NONE', #1284, 39.37007874015748100 ) ;
#8267 = DIRECTION ( 'NONE',  ( -0.0000000000000000000, -0.0000000000000000000, -1.000000000000000000 ) ) ;
#8268 = DIRECTION ( 'NONE',  ( -0.0000000000000000000, -0.0000000000000000000, -1.000000000000000000 ) ) ;
#8269 = AXIS2_PLACEMENT_3D ( 'NONE', #9018, #1428, #7274 ) ;
#8270 = ORIENTED_EDGE ( 'NONE', *, *, #3214, .F. ) ;
#8271 = AXIS2_PLACEMENT_3D ( 'NONE', #9702, #1231, #3745 ) ;
#8272 = EDGE_CURVE ( 'NONE', #8355, #8667, #4072, .T. ) ;
#8273 = CARTESIAN_POINT ( 'NONE',  ( -1.340000000000000500, 1.515499999999999600, 0.3700000000000001100 ) ) ;
#8274 = CIRCLE ( 'NONE', #3036, 0.09375000000000033300 ) ;
#8275 = DIRECTION ( 'NONE',  ( 1.000000000000000000, 0.0000000000000000000, 0.0000000000000000000 ) ) ;
#8276 = DIRECTION ( 'NONE',  ( -1.000000000000000000, 0.0000000000000000000, 0.0000000000000000000 ) ) ;
#8277 = DIRECTION ( 'NONE',  ( -1.000000000000000000, 0.0000000000000000000, 0.0000000000000000000 ) ) ;
#8278 = DIRECTION ( 'NONE',  ( 0.0000000000000000000, 0.0000000000000000000, 1.000000000000000000 ) ) ;
#8279 = CARTESIAN_POINT ( 'NONE',  ( -1.538000000000000500, -2.027999999999999600, 1.267500000000000100 ) ) ;
#8280 = DIRECTION ( 'NONE',  ( -0.0000000000000000000, -0.0000000000000000000, -1.000000000000000000 ) ) ;
#8281 = DIRECTION ( 'NONE',  ( -0.0000000000000000000, -0.0000000000000000000, -1.000000000000000000 ) ) ;
#8282 = LINE ( 'NONE', #3057, #4001 ) ;
#8283 = DIRECTION ( 'NONE',  ( -1.000000000000000000, 0.0000000000000000000, 0.0000000000000000000 ) ) ;
#8284 = CYLINDRICAL_SURFACE ( 'NONE', #9107, 0.02499999999999987000 ) ;
#8285 = AXIS2_PLACEMENT_3D ( 'NONE', #8261, #4852, #3092 ) ;
#8286 = DIRECTION ( 'NONE',  ( -0.0000000000000000000, -0.0000000000000000000, -1.000000000000000000 ) ) ;
#8287 = CARTESIAN_POINT ( 'NONE',  ( 1.339999999999999900, -1.515499999999999600, 0.1200000000000000900 ) ) ;
#8288 = FACE_OUTER_BOUND ( 'NONE', #9131, .T. ) ;
#8289 = ORIENTED_EDGE ( 'NONE', *, *, #7994, .F. ) ;
#8290 = DIRECTION ( 'NONE',  ( 1.206113904487533100E-016, -1.000000000000000000, 0.0000000000000000000 ) ) ;
#8291 = ADVANCED_FACE ( 'NONE', ( #10074 ), #4896, .T. ) ;
#8292 = DIRECTION ( 'NONE',  ( 1.000000000000000000, -0.0000000000000000000, -0.0000000000000000000 ) ) ;
#8294 = CARTESIAN_POINT ( 'NONE',  ( -1.393102622522006500, -2.146999999999999400, -0.3943848084544492900 ) ) ;
#8293 = CARTESIAN_POINT ( 'NONE',  ( 1.651999999999999500, -1.619499999999999500, 0.1200000000000000900 ) ) ;
#8295 = FACE_BOUND ( 'NONE', #3366, .T. ) ;
#8296 = DIRECTION ( 'NONE',  ( 0.0000000000000000000, 0.0000000000000000000, 1.000000000000000000 ) ) ;
#8297 = LINE ( 'NONE', #6952, #10027 ) ;
#8298 = EDGE_CURVE ( 'NONE', #2897, #1294, #4604, .T. ) ;
#8299 = EDGE_CURVE ( 'NONE', #2310, #5680, #8878, .T. ) ;
#8300 = CARTESIAN_POINT ( 'NONE',  ( 1.498499999999999100, 1.848000000000000100, 1.564999999999999700 ) ) ;
#8301 = AXIS2_PLACEMENT_3D ( 'NONE', #317, #9632, #3643 ) ;
#8302 = ORIENTED_EDGE ( 'NONE', *, *, #1893, .T. ) ;
#8303 = DIRECTION ( 'NONE',  ( -1.000000000000000000, 0.0000000000000000000, 0.0000000000000000000 ) ) ;
#8304 = ADVANCED_FACE ( 'NONE', ( #361 ), #5412, .F. ) ;
#8305 = DIRECTION ( 'NONE',  ( -0.0000000000000000000, -0.0000000000000000000, -1.000000000000000000 ) ) ;
#8306 = CIRCLE ( 'NONE', #3391, 0.09610128398039066700 ) ;
#8307 = LINE ( 'NONE', #3721, #3882 ) ;
#8308 = ORIENTED_EDGE ( 'NONE', *, *, #8186, .T. ) ;
#8309 = DIRECTION ( 'NONE',  ( 1.000000000000000000, 0.0000000000000000000, 0.0000000000000000000 ) ) ;
#8310 = DIRECTION ( 'NONE',  ( -0.0000000000000000000, -0.0000000000000000000, 1.000000000000000000 ) ) ;
#8311 = ORIENTED_EDGE ( 'NONE', *, *, #3873, .F. ) ;
#8312 = CARTESIAN_POINT ( 'NONE',  ( -0.7070000000000014100, -1.926500000000000300, 1.639999999999999900 ) ) ;
#8313 = DIRECTION ( 'NONE',  ( -1.000000000000000000, 0.0000000000000000000, 0.0000000000000000000 ) ) ;
#8314 = AXIS2_PLACEMENT_3D ( 'NONE', #8332, #3337, #3215 ) ;
#8315 = AXIS2_PLACEMENT_3D ( 'NONE', #3232, #4097, #10812 ) ;
#8316 = EDGE_CURVE ( 'NONE', #3418, #4892, #3138, .T. ) ;
#8317 = ORIENTED_EDGE ( 'NONE', *, *, #447, .T. ) ;
#8318 = LINE ( 'NONE', #2730, #11004 ) ;
#8319 = FACE_OUTER_BOUND ( 'NONE', #362, .T. ) ;
#8320 = ORIENTED_EDGE ( 'NONE', *, *, #10397, .T. ) ;
#8321 = CARTESIAN_POINT ( 'NONE',  ( -1.538000000000000500, 2.027999999999999100, 2.004999999999999400 ) ) ;
#8322 = DIRECTION ( 'NONE',  ( 0.0000000000000000000, 0.0000000000000000000, -1.000000000000000000 ) ) ;
#8323 = ORIENTED_EDGE ( 'NONE', *, *, #6440, .F. ) ;
#8324 = CARTESIAN_POINT ( 'NONE',  ( 1.498499999999999100, -1.873000000000000000, 1.639999999999999900 ) ) ;
#8325 = CARTESIAN_POINT ( 'NONE',  ( 1.498499999999999100, -1.873000000000000000, 1.605000000000000000 ) ) ;
#8326 = LINE ( 'NONE', #9575, #10195 ) ;
#8327 = ORIENTED_EDGE ( 'NONE', *, *, #5405, .F. ) ;
#8328 = CYLINDRICAL_SURFACE ( 'NONE', #6457, 0.1535000000000004100 ) ;
#8329 = CYLINDRICAL_SURFACE ( 'NONE', #8507, 0.2535000000000004500 ) ;
#8330 = VERTEX_POINT ( 'NONE', #8406 ) ;
#8331 = AXIS2_PLACEMENT_3D ( 'NONE', #183, #121, #7015 ) ;
#8332 = CARTESIAN_POINT ( 'NONE',  ( 1.537999999999999400, -2.028000000000001400, 1.605000000000000000 ) ) ;
#8333 = VERTEX_POINT ( 'NONE', #1703 ) ;
#8334 = CARTESIAN_POINT ( 'NONE',  ( 1.610761080630499300, -1.941974111534360300, 2.045000000000000400 ) ) ;
#8335 = VERTEX_POINT ( 'NONE', #6812 ) ;
#8336 = PLANE ( 'NONE',  #4400 ) ;
#8337 = EDGE_LOOP ( 'NONE', ( #9563, #1390, #6729, #7835 ) ) ;
#8338 = CYLINDRICAL_SURFACE ( 'NONE', #10518, 0.05350000000000053300 ) ;
#8339 = CARTESIAN_POINT ( 'NONE',  ( 1.081000000000000400, 1.823000000000000000, 1.639999999999999900 ) ) ;
#8340 = CYLINDRICAL_SURFACE ( 'NONE', #3755, 0.09375000000000033300 ) ;
#8341 = ORIENTED_EDGE ( 'NONE', *, *, #965, .T. ) ;
#8342 = DIRECTION ( 'NONE',  ( -1.000000000000000000, 0.0000000000000000000, 0.0000000000000000000 ) ) ;
#8343 = CARTESIAN_POINT ( 'NONE',  ( -1.081000000000000400, -1.873000000000000000, 1.564999999999999700 ) ) ;
#8344 = FACE_OUTER_BOUND ( 'NONE', #8218, .T. ) ;
#8345 = DIRECTION ( 'NONE',  ( 1.000000000000000000, 0.0000000000000000000, 0.0000000000000000000 ) ) ;
#8346 = EDGE_LOOP ( 'NONE', ( #9578, #1918, #667, #1488, #4492, #7809 ) ) ;
#8347 = AXIS2_PLACEMENT_3D ( 'NONE', #4459, #5324, #2710 ) ;
#8348 = EDGE_CURVE ( 'NONE', #5717, #7035, #911, .T. ) ;
#8349 = ADVANCED_FACE ( 'NONE', ( #7798 ), #492, .F. ) ;
#8350 = CARTESIAN_POINT ( 'NONE',  ( 1.498499999999999100, -1.619499999999999500, 0.1200000000000000900 ) ) ;
#8351 = ORIENTED_EDGE ( 'NONE', *, *, #9530, .T. ) ;
#8352 = CARTESIAN_POINT ( 'NONE',  ( 1.625848074029415400, -2.120848074029415100, 1.605000000000000000 ) ) ;
#8353 = EDGE_LOOP ( 'NONE', ( #5111, #8722, #4724, #10943 ) ) ;
#8354 = CARTESIAN_POINT ( 'NONE',  ( -1.769999999999999400, 2.216949358009803600, 2.169999999999999900 ) ) ;
#8355 = VERTEX_POINT ( 'NONE', #9344 ) ;
#8356 = CYLINDRICAL_SURFACE ( 'NONE', #8591, 0.009999999999999892700 ) ;
#8357 = CARTESIAN_POINT ( 'NONE',  ( -1.573491067360004900, 1.926527668117621100, 2.044999999999999500 ) ) ;
#8358 = FACE_OUTER_BOUND ( 'NONE', #10135, .T. ) ;
#8359 = AXIS2_PLACEMENT_3D ( 'NONE', #7471, #2280, #9913 ) ;
#8360 = VECTOR ( 'NONE', #7733, 39.37007874015748100 ) ;
#8361 = ORIENTED_EDGE ( 'NONE', *, *, #4800, .T. ) ;
#8362 = DIRECTION ( 'NONE',  ( 0.0000000000000000000, 0.0000000000000000000, -1.000000000000000000 ) ) ;
#8363 = VERTEX_POINT ( 'NONE', #7684 ) ;
#8364 = ORIENTED_EDGE ( 'NONE', *, *, #8649, .F. ) ;
#8365 = ADVANCED_FACE ( 'NONE', ( #5950 ), #2470, .T. ) ;
#8366 = CARTESIAN_POINT ( 'NONE',  ( -1.625848074029413200, 2.120848074029412900, 1.614999999999999800 ) ) ;
#8367 = ORIENTED_EDGE ( 'NONE', *, *, #9223, .F. ) ;
#8368 = LINE ( 'NONE', #8476, #6101 ) ;
#8369 = DIRECTION ( 'NONE',  ( -0.0000000000000000000, -0.0000000000000000000, -1.000000000000000000 ) ) ;
#8370 = VECTOR ( 'NONE', #5968, 39.37007874015748100 ) ;
#8371 = EDGE_CURVE ( 'NONE', #8375, #8782, #7283, .T. ) ;
#8372 = VERTEX_POINT ( 'NONE', #2515 ) ;
#8373 = ORIENTED_EDGE ( 'NONE', *, *, #4455, .T. ) ;
#8374 = ORIENTED_EDGE ( 'NONE', *, *, #9514, .F. ) ;
#8375 = VERTEX_POINT ( 'NONE', #4218 ) ;
#8376 = ORIENTED_EDGE ( 'NONE', *, *, #6687, .F. ) ;
#8377 = CARTESIAN_POINT ( 'NONE',  ( 1.726999999999999400, -1.619499999999999500, 1.564999999999999700 ) ) ;
#8378 = DIRECTION ( 'NONE',  ( 0.0000000000000000000, 0.0000000000000000000, -1.000000000000000000 ) ) ;
#8379 = ORIENTED_EDGE ( 'NONE', *, *, #7764, .T. ) ;
#8380 = CIRCLE ( 'NONE', #5385, 0.1341519259705859800 ) ;
#8381 = EDGE_LOOP ( 'NONE', ( #8477, #6598 ) ) ;
#8382 = CIRCLE ( 'NONE', #6498, 0.1441519259705861500 ) ;
#8383 = CARTESIAN_POINT ( 'NONE',  ( -1.498499999999999100, 1.619499999999999500, 1.639999999999999900 ) ) ;
#8384 = ORIENTED_EDGE ( 'NONE', *, *, #3077, .T. ) ;
#8385 = AXIS2_PLACEMENT_3D ( 'NONE', #3985, #3082, #8135 ) ;
#8386 = CARTESIAN_POINT ( 'NONE',  ( 1.498499999999999100, -1.847999999999999900, 1.564999999999999700 ) ) ;
#8387 = EDGE_CURVE ( 'NONE', #2332, #10617, #2998, .T. ) ;
#8388 = EDGE_CURVE ( 'NONE', #337, #5234, #7159, .T. ) ;
#8389 = EDGE_CURVE ( 'NONE', #5455, #4334, #7547, .T. ) ;
#8390 = EDGE_LOOP ( 'NONE', ( #247, #1315, #6288, #9952 ) ) ;
#8391 = FACE_OUTER_BOUND ( 'NONE', #8867, .T. ) ;
#8392 = DIRECTION ( 'NONE',  ( 1.000000000000000000, 0.0000000000000000000, 0.0000000000000000000 ) ) ;
#8393 = PLANE ( 'NONE',  #10298 ) ;
#8394 = CARTESIAN_POINT ( 'NONE',  ( -1.498499999999999100, -1.619499999999999500, 1.639999999999999900 ) ) ;
#8395 = ORIENTED_EDGE ( 'NONE', *, *, #3063, .T. ) ;
#8396 = FACE_OUTER_BOUND ( 'NONE', #68, .T. ) ;
#8397 = CARTESIAN_POINT ( 'NONE',  ( 1.770000000000001600, 2.264999999999998800, 0.0000000000000000000 ) ) ;
#8398 = CARTESIAN_POINT ( 'NONE',  ( 1.625848074029415400, 2.120848074029412900, 2.121949358009804300 ) ) ;
#8399 = EDGE_LOOP ( 'NONE', ( #10668, #6890, #4238, #5865 ) ) ;
#8400 = ORIENTED_EDGE ( 'NONE', *, *, #4146, .F. ) ;
#8401 = CARTESIAN_POINT ( 'NONE',  ( -1.502508932639995400, -2.129472331882377400, 2.044999999999999500 ) ) ;
#8402 = CARTESIAN_POINT ( 'NONE',  ( 0.7070000000000014100, 1.926500000000000300, 0.1200000000000000900 ) ) ;
#8403 = AXIS2_PLACEMENT_3D ( 'NONE', #2048, #6234, #2864 ) ;
#8404 = VECTOR ( 'NONE', #7135, 39.37007874015748100 ) ;
#8405 = AXIS2_PLACEMENT_3D ( 'NONE', #3468, #1127, #5086 ) ;
#8406 = CARTESIAN_POINT ( 'NONE',  ( 1.695499999999999100, -2.028000000000001400, 2.159999999999999700 ) ) ;
#8407 = EDGE_CURVE ( 'NONE', #2567, #5698, #1806, .T. ) ;
#8408 = CARTESIAN_POINT ( 'NONE',  ( -0.9775000000000000400, -1.926500000000000300, 1.630000000000000100 ) ) ;
#8409 = DIRECTION ( 'NONE',  ( -1.000000000000000000, 0.0000000000000000000, 0.0000000000000000000 ) ) ;
#8410 = ADVANCED_FACE ( 'NONE', ( #8344, #1426 ), #3288, .T. ) ;
#8411 = EDGE_LOOP ( 'NONE', ( #10112, #5012, #9839, #6327, #2893, #9297, #5196, #9912 ) ) ;
#8412 = PLANE ( 'NONE',  #7600 ) ;
#8413 = LINE ( 'NONE', #1627, #975 ) ;
#8414 = DIRECTION ( 'NONE',  ( 0.0000000000000000000, 0.0000000000000000000, 1.000000000000000000 ) ) ;
#8415 = AXIS2_PLACEMENT_3D ( 'NONE', #8397, #1622, #670 ) ;
#8416 = AXIS2_PLACEMENT_3D ( 'NONE', #6823, #7850, #2739 ) ;
#8417 = DIRECTION ( 'NONE',  ( 0.0000000000000000000, 1.000000000000000000, 0.0000000000000000000 ) ) ;
#8418 = VECTOR ( 'NONE', #5451, 39.37007874015748100 ) ;
#8419 = VERTEX_POINT ( 'NONE', #10978 ) ;
#8420 = CARTESIAN_POINT ( 'NONE',  ( -0.7070000000000014100, 2.246999999999998600, 1.639999999999999900 ) ) ;
#8421 = LINE ( 'NONE', #8670, #839 ) ;
#8422 = DIRECTION ( 'NONE',  ( -0.8660254037844372600, 0.5000000000000024400, 0.0000000000000000000 ) ) ;
#8423 = DIRECTION ( 'NONE',  ( -0.0000000000000000000, -0.0000000000000000000, 1.000000000000000000 ) ) ;
#8424 = CARTESIAN_POINT ( 'NONE',  ( -1.498499999999999100, -1.848000000000000100, 1.564999999999999700 ) ) ;
#8425 = CARTESIAN_POINT ( 'NONE',  ( 0.9274999999999998800, -1.926500000000000300, 2.050000000000000300 ) ) ;
#8426 = CARTESIAN_POINT ( 'NONE',  ( 1.081000000000000400, 1.873000000000000000, 1.639999999999999900 ) ) ;
#8427 = VECTOR ( 'NONE', #1524, 39.37007874015748100 ) ;
#8428 = CIRCLE ( 'NONE', #1386, 0.1875000000000001100 ) ;
#8429 = EDGE_CURVE ( 'NONE', #4496, #2338, #10735, .T. ) ;
#8430 = CARTESIAN_POINT ( 'NONE',  ( -0.7070000000000014100, 1.848000000000000100, 1.564999999999999700 ) ) ;
#8431 = EDGE_CURVE ( 'NONE', #8776, #10918, #6208, .T. ) ;
#8432 = DIRECTION ( 'NONE',  ( -1.000000000000000000, 0.0000000000000000000, 0.0000000000000000000 ) ) ;
#8433 = CARTESIAN_POINT ( 'NONE',  ( 1.770000000000001600, -2.120848074029415100, 2.121949358009804300 ) ) ;
#8434 = LINE ( 'NONE', #9075, #6437 ) ;
#8435 = FACE_OUTER_BOUND ( 'NONE', #1588, .T. ) ;
#8436 = CARTESIAN_POINT ( 'NONE',  ( 1.498499999999999100, 1.772999999999999900, 0.1200000000000000900 ) ) ;
#8437 = ORIENTED_EDGE ( 'NONE', *, *, #9784, .T. ) ;
#8438 = CARTESIAN_POINT ( 'NONE',  ( 1.482784982789620000, -2.163635215149166700, 2.015547868860738200 ) ) ;
#8439 = EDGE_CURVE ( 'NONE', #7975, #10517, #2473, .T. ) ;
#8440 = EDGE_CURVE ( 'NONE', #10620, #5711, #8735, .T. ) ;
#8441 = CIRCLE ( 'NONE', #3459, 0.1474999999999994600 ) ;
#8442 = AXIS2_PLACEMENT_3D ( 'NONE', #2153, #8233, #3114 ) ;
#8443 = EDGE_CURVE ( 'NONE', #9671, #7150, #4466, .T. ) ;
#8444 = ORIENTED_EDGE ( 'NONE', *, *, #5484, .T. ) ;
#8445 = LINE ( 'NONE', #9451, #3099 ) ;
#8446 = ORIENTED_EDGE ( 'NONE', *, *, #5951, .T. ) ;
#8447 = VERTEX_POINT ( 'NONE', #10272 ) ;
#8448 = PLANE ( 'NONE',  #9746 ) ;
#8449 = VERTEX_POINT ( 'NONE', #953 ) ;
#8450 = DIRECTION ( 'NONE',  ( -1.000000000000000000, 0.0000000000000000000, 0.0000000000000000000 ) ) ;
#8451 = CARTESIAN_POINT ( 'NONE',  ( -1.498499999999999100, -1.619499999999999500, 1.639999999999999900 ) ) ;
#8452 = ORIENTED_EDGE ( 'NONE', *, *, #5097, .F. ) ;
#8453 = ADVANCED_FACE ( 'NONE', ( #4197 ), #3342, .T. ) ;
#8454 = CYLINDRICAL_SURFACE ( 'NONE', #10447, 0.2204999999999985000 ) ;
#8455 = CARTESIAN_POINT ( 'NONE',  ( -1.624288105603176400, -1.918544617006430900, 2.029722078445376900 ) ) ;
#8456 = LINE ( 'NONE', #6153, #4183 ) ;
#8457 = ORIENTED_EDGE ( 'NONE', *, *, #3590, .F. ) ;
#8458 = DIRECTION ( 'NONE',  ( 0.0000000000000000000, 0.0000000000000000000, 1.000000000000000000 ) ) ;
#8459 = DIRECTION ( 'NONE',  ( 1.000000000000000000, 0.0000000000000000000, 0.0000000000000000000 ) ) ;
#8460 = AXIS2_PLACEMENT_3D ( 'NONE', #8526, #4977, #5843 ) ;
#8461 = AXIS2_PLACEMENT_3D ( 'NONE', #5658, #3201, #9216 ) ;
#8462 = EDGE_CURVE ( 'NONE', #1978, #6069, #218, .T. ) ;
#8463 = LINE ( 'NONE', #2330, #5947 ) ;
#8464 = VERTEX_POINT ( 'NONE', #77 ) ;
#8465 = CARTESIAN_POINT ( 'NONE',  ( -1.627855763071127900, 1.912365253007936900, 2.015548118773191200 ) ) ;
#8466 = CYLINDRICAL_SURFACE ( 'NONE', #5733, 0.1535000000000004100 ) ;
#8467 = DIRECTION ( 'NONE',  ( -0.0000000000000000000, -0.0000000000000000000, -1.000000000000000000 ) ) ;
#8468 = FACE_OUTER_BOUND ( 'NONE', #8059, .T. ) ;
#8469 = VERTEX_POINT ( 'NONE', #4194 ) ;
#8470 = DIRECTION ( 'NONE',  ( 0.0000000000000000000, 0.0000000000000000000, 1.000000000000000000 ) ) ;
#8471 = DIRECTION ( 'NONE',  ( 0.0000000000000000000, 1.000000000000000000, 0.0000000000000000000 ) ) ;
#8472 = FACE_OUTER_BOUND ( 'NONE', #9981, .T. ) ;
#8473 = ORIENTED_EDGE ( 'NONE', *, *, #1665, .T. ) ;
#8474 = ORIENTED_EDGE ( 'NONE', *, *, #10506, .F. ) ;
#8475 = AXIS2_PLACEMENT_3D ( 'NONE', #9361, #41, #7666 ) ;
#8476 = CARTESIAN_POINT ( 'NONE',  ( -1.769999999999998000, -2.216949358009806300, 2.169999999999999900 ) ) ;
#8477 = ORIENTED_EDGE ( 'NONE', *, *, #4014, .T. ) ;
#8478 = EDGE_CURVE ( 'NONE', #7030, #4204, #6751, .T. ) ;
#8479 = DIRECTION ( 'NONE',  ( 0.0000000000000000000, -0.0000000000000000000, 1.000000000000000000 ) ) ;
#8480 = ORIENTED_EDGE ( 'NONE', *, *, #8614, .T. ) ;
#8481 = VECTOR ( 'NONE', #1505, 39.37007874015748100 ) ;
#8482 = ORIENTED_EDGE ( 'NONE', *, *, #3325, .F. ) ;
#8484 = CARTESIAN_POINT ( 'NONE',  ( 1.538000000000000500, 2.027999999999999600, 1.267500000000000100 ) ) ;
#8483 = DIRECTION ( 'NONE',  ( 0.0000000000000000000, 0.0000000000000000000, 1.000000000000000000 ) ) ;
#8485 = FACE_OUTER_BOUND ( 'NONE', #7420, .T. ) ;
#8486 = DIRECTION ( 'NONE',  ( -0.0000000000000000000, -0.0000000000000000000, 1.000000000000000000 ) ) ;
#8487 = ADVANCED_FACE ( 'NONE', ( #8472 ), #10728, .F. ) ;
#8488 = EDGE_LOOP ( 'NONE', ( #2088, #3742, #3791, #7804 ) ) ;
#8489 = CARTESIAN_POINT ( 'NONE',  ( 1.499881317591913900, 2.134023494648385800, 2.045000000000000400 ) ) ;
#8490 = ORIENTED_EDGE ( 'NONE', *, *, #107, .T. ) ;
#8491 = VERTEX_POINT ( 'NONE', #10307 ) ;
#8492 = ORIENTED_EDGE ( 'NONE', *, *, #1741, .T. ) ;
#8493 = DIRECTION ( 'NONE',  ( 1.000000000000000000, 0.0000000000000000000, 0.0000000000000000000 ) ) ;
#8494 = LINE ( 'NONE', #6341, #5419 ) ;
#8495 = DIRECTION ( 'NONE',  ( -1.000000000000000000, 0.0000000000000000000, 0.0000000000000000000 ) ) ;
#8496 = AXIS2_PLACEMENT_3D ( 'NONE', #8027, #5628, #4699 ) ;
#8497 = FACE_OUTER_BOUND ( 'NONE', #1652, .T. ) ;
#8498 = DIRECTION ( 'NONE',  ( -1.272782003896287900E-015, -1.000000000000000000, 0.0000000000000000000 ) ) ;
#8499 = DATE_TIME_ROLE ( 'creation_date' ) ;
#8500 = ORIENTED_EDGE ( 'NONE', *, *, #4814, .F. ) ;
#8501 = CARTESIAN_POINT ( 'NONE',  ( 0.7070000000000014100, 1.926500000000000300, 1.605000000000000000 ) ) ;
#8502 = CARTESIAN_POINT ( 'NONE',  ( -1.751999999999999600, 1.619499999999999500, 1.639999999999999900 ) ) ;
#8503 = CARTESIAN_POINT ( 'NONE',  ( -1.398499999999999900, -1.515499999999999600, 0.3700000000000001100 ) ) ;
#8504 = CARTESIAN_POINT ( 'NONE',  ( 1.089749999999999800, 2.027999999999999100, 0.0000000000000000000 ) ) ;
#8505 = ORIENTED_EDGE ( 'NONE', *, *, #3173, .T. ) ;
#8506 = ORIENTED_EDGE ( 'NONE', *, *, #8440, .T. ) ;
#8507 = AXIS2_PLACEMENT_3D ( 'NONE', #5710, #5745, #6575 ) ;
#8508 = ORIENTED_EDGE ( 'NONE', *, *, #834, .F. ) ;
#8509 = CIRCLE ( 'NONE', #9616, 0.009999999999999892700 ) ;
#8510 = FACE_BOUND ( 'NONE', #10283, .T. ) ;
#8511 = CARTESIAN_POINT ( 'NONE',  ( -1.081000000000000400, -1.926500000000000300, 1.639999999999999900 ) ) ;
#8512 = DIRECTION ( 'NONE',  ( -1.000000000000000000, 0.0000000000000000000, 0.0000000000000000000 ) ) ;
#8513 = VERTEX_POINT ( 'NONE', #4268 ) ;
#8514 = CARTESIAN_POINT ( 'NONE',  ( 1.751999999999999600, -1.619499999999999500, 1.639999999999999900 ) ) ;
#8515 = ORIENTED_EDGE ( 'NONE', *, *, #5339, .T. ) ;
#8516 = VERTEX_POINT ( 'NONE', #5175 ) ;
#8517 = EDGE_CURVE ( 'NONE', #685, #5246, #1933, .T. ) ;
#8518 = CIRCLE ( 'NONE', #5238, 0.04805064199019547200 ) ;
#8519 = EDGE_CURVE ( 'NONE', #9375, #1781, #10464, .T. ) ;
#8520 = B_SPLINE_CURVE_WITH_KNOTS ( 'NONE', 3,
 ( #1107, #9823, #6433, #3840, #5423, #8850, #373, #9679, #6284, #3730 ),
 .UNSPECIFIED., .F., .F.,
 ( 4, 2, 2, 2, 4 ),
 ( 1.971563028758743200E-007, 0.0004000189154631293300, 0.0007998406746233827800, 0.001199662433783636400, 0.001599484192943889800 ),
 .UNSPECIFIED. ) ;
#8521 = DIRECTION ( 'NONE',  ( -1.000000000000000000, 0.0000000000000000000, 0.0000000000000000000 ) ) ;
#8522 = ORIENTED_EDGE ( 'NONE', *, *, #6074, .F. ) ;
#8523 = VECTOR ( 'NONE', #8362, 39.37007874015748100 ) ;
#8524 = DIRECTION ( 'NONE',  ( -0.0000000000000000000, -0.0000000000000000000, 1.000000000000000000 ) ) ;
#8525 = ORIENTED_EDGE ( 'NONE', *, *, #8009, .T. ) ;
#8527 = CARTESIAN_POINT ( 'NONE',  ( 1.583643170655250300, 1.908943709406568400, 2.040029703447726800 ) ) ;
#8526 = CARTESIAN_POINT ( 'NONE',  ( 0.7070000000000014100, 1.926500000000000300, 1.540000000000000000 ) ) ;
#8528 = CARTESIAN_POINT ( 'NONE',  ( -1.340000000000000500, 1.515499999999999600, 0.3700000000000001100 ) ) ;
#8529 = ORIENTED_EDGE ( 'NONE', *, *, #10448, .T. ) ;
#8530 = CARTESIAN_POINT ( 'NONE',  ( 1.081000000000000400, 1.823000000000000000, 1.564999999999999700 ) ) ;
#8531 = LINE ( 'NONE', #3826, #5994 ) ;
#8532 = AXIS2_PLACEMENT_3D ( 'NONE', #8678, #186, #1924 ) ;
#8533 = CARTESIAN_POINT ( 'NONE',  ( 0.9774999999999999200, -1.926500000000000300, 1.540000000000000000 ) ) ;
#8534 = AXIS2_PLACEMENT_3D ( 'NONE', #3058, #2920, #7278 ) ;
#8535 = DIRECTION ( 'NONE',  ( 0.0000000000000000000, 1.000000000000000000, 0.0000000000000000000 ) ) ;
#8536 = EDGE_CURVE ( 'NONE', #9930, #1530, #1403, .T. ) ;
#8537 = CARTESIAN_POINT ( 'NONE',  ( -1.081000000000000400, -1.873000000000000000, 1.639999999999999900 ) ) ;
#8538 = CARTESIAN_POINT ( 'NONE',  ( -0.7070000000000014100, -2.146999999999998900, 1.630000000000000100 ) ) ;
#8539 = DIRECTION ( 'NONE',  ( 0.0000000000000000000, 0.0000000000000000000, 1.000000000000000000 ) ) ;
#8540 = DIRECTION ( 'NONE',  ( -0.5000000000000024400, -0.8660254037844371500, 0.0000000000000000000 ) ) ;
#8541 = CARTESIAN_POINT ( 'NONE',  ( -1.625848074029412800, -2.120848074029416000, 1.580000000000000100 ) ) ;
#8542 = FACE_OUTER_BOUND ( 'NONE', #1355, .T. ) ;
#8543 = ADVANCED_FACE ( 'NONE', ( #1695 ), #1422, .F. ) ;
#8544 = DIRECTION ( 'NONE',  ( -0.0000000000000000000, -0.0000000000000000000, -1.000000000000000000 ) ) ;
#8545 = AXIS2_PLACEMENT_3D ( 'NONE', #8577, #1042, #3492 ) ;
#8546 = AXIS2_PLACEMENT_3D ( 'NONE', #9322, #9281, #2493 ) ;
#8547 = DIRECTION ( 'NONE',  ( -1.000000000000000000, 0.0000000000000000000, 0.0000000000000000000 ) ) ;
#8548 = CYLINDRICAL_SURFACE ( 'NONE', #7887, 0.3384999999999984700 ) ;
#8549 = EDGE_CURVE ( 'NONE', #3549, #7900, #4318, .T. ) ;
#8550 = EDGE_LOOP ( 'NONE', ( #804, #6334, #1032, #1863 ) ) ;
#8551 = DIRECTION ( 'NONE',  ( -0.0000000000000000000, 1.000000000000000000, -0.0000000000000000000 ) ) ;
#8552 = FACE_OUTER_BOUND ( 'NONE', #7081, .T. ) ;
#8553 = CARTESIAN_POINT ( 'NONE',  ( -1.089749999999999800, 2.027999999999999100, 0.0000000000000000000 ) ) ;
#8554 = DIRECTION ( 'NONE',  ( 0.0000000000000000000, 0.0000000000000000000, 1.000000000000000000 ) ) ;
#8555 = LINE ( 'NONE', #5062, #8427 ) ;
#8556 = CIRCLE ( 'NONE', #7879, 0.2204999999999985000 ) ;
#8557 = CARTESIAN_POINT ( 'NONE',  ( 1.081000000000000400, 1.873000000000000000, 1.639999999999999900 ) ) ;
#8558 = AXIS2_PLACEMENT_3D ( 'NONE', #5353, #10504, #2005 ) ;
#8559 = EDGE_CURVE ( 'NONE', #1667, #2714, #6816, .T. ) ;
#8560 = CARTESIAN_POINT ( 'NONE',  ( 1.081000000000000400, -1.926500000000000300, 1.630000000000000100 ) ) ;
#8561 = AXIS2_PLACEMENT_3D ( 'NONE', #5603, #642, #4854 ) ;
#8562 = CARTESIAN_POINT ( 'NONE',  ( -0.7070000000000014100, -2.221999999999998600, 1.540000000000000000 ) ) ;
#8563 = LINE ( 'NONE', #3143, #9894 ) ;
#8564 = FACE_OUTER_BOUND ( 'NONE', #10779, .T. ) ;
#8565 = DIRECTION ( 'NONE',  ( -0.0000000000000000000, -0.0000000000000000000, -1.000000000000000000 ) ) ;
#8567 = DIRECTION ( 'NONE',  ( -0.0000000000000000000, -0.0000000000000000000, -1.000000000000000000 ) ) ;
#8566 = CARTESIAN_POINT ( 'NONE',  ( -0.7070000000000014100, -1.926500000000000300, 2.050000000000000300 ) ) ;
#8568 = ORIENTED_EDGE ( 'NONE', *, *, #5821, .F. ) ;
#8569 = DIRECTION ( 'NONE',  ( -0.0000000000000000000, -0.0000000000000000000, -1.000000000000000000 ) ) ;
#8570 = EDGE_CURVE ( 'NONE', #4060, #5830, #4855, .T. ) ;
#8571 = TOROIDAL_SURFACE ( 'NONE', #9488, 0.1074999999999994000, 0.04000000000000000100 ) ;
#8572 = CARTESIAN_POINT ( 'NONE',  ( -0.9774999999999999200, -1.926500000000000300, 1.540000000000000000 ) ) ;
#8573 = VERTEX_POINT ( 'NONE', #266 ) ;
#8574 = LINE ( 'NONE', #400, #10982 ) ;
#8575 = EDGE_CURVE ( 'NONE', #3374, #7285, #10211, .T. ) ;
#8576 = VERTEX_POINT ( 'NONE', #11035 ) ;
#8577 = CARTESIAN_POINT ( 'NONE',  ( 1.538000000000000500, -2.027999999999999100, 2.044999999999999500 ) ) ;
#8578 = CARTESIAN_POINT ( 'NONE',  ( -1.081000000000000400, -1.772999999999999900, 2.050000000000000300 ) ) ;
#8579 = EDGE_CURVE ( 'NONE', #7979, #7967, #3667, .T. ) ;
#8580 = EDGE_LOOP ( 'NONE', ( #5974, #2745, #10392, #5840 ) ) ;
#8581 = CARTESIAN_POINT ( 'NONE',  ( 0.7070000000000014100, -1.926500000000000300, 1.540000000000000000 ) ) ;
#8582 = DIRECTION ( 'NONE',  ( 1.000000000000000000, 0.0000000000000000000, 0.0000000000000000000 ) ) ;
#8583 = VERTEX_POINT ( 'NONE', #3512 ) ;
#8584 = B_SPLINE_CURVE_WITH_KNOTS ( 'NONE', 3,
 ( #8061, #6359, #9751, #5601, #9777, #8108, #2951, #2928, #4667, #8991 ),
 .UNSPECIFIED., .F., .F.,
 ( 4, 2, 2, 2, 4 ),
 ( 0.001609983470110012300, 0.002009559951696699500, 0.002409136433283386700, 0.002808712914870074300, 0.003208289396456761500 ),
 .UNSPECIFIED. ) ;
#8585 = VECTOR ( 'NONE', #7016, 39.37007874015748100 ) ;
#8586 = DIRECTION ( 'NONE',  ( -0.0000000000000000000, -0.0000000000000000000, 1.000000000000000000 ) ) ;
#8587 = VECTOR ( 'NONE', #10210, 39.37007874015748100 ) ;
#8588 = EDGE_LOOP ( 'NONE', ( #6396, #8084, #4059, #6113 ) ) ;
#8589 = CARTESIAN_POINT ( 'NONE',  ( -1.340000000000000500, 1.515499999999999600, 0.3700000000000001100 ) ) ;
#8590 = ORIENTED_EDGE ( 'NONE', *, *, #9585, .T. ) ;
#8591 = AXIS2_PLACEMENT_3D ( 'NONE', #8162, #9020, #5619 ) ;
#8592 = EDGE_CURVE ( 'NONE', #2372, #1465, #6200, .T. ) ;
#8593 = EDGE_CURVE ( 'NONE', #5400, #7059, #4587, .T. ) ;
#8594 = ADVANCED_FACE ( 'NONE', ( #7656 ), #6974, .F. ) ;
#8595 = EDGE_CURVE ( 'NONE', #2757, #539, #5929, .T. ) ;
#8596 = FACE_OUTER_BOUND ( 'NONE', #1601, .T. ) ;
#8597 = ORIENTED_EDGE ( 'NONE', *, *, #6296, .F. ) ;
#8598 = VECTOR ( 'NONE', #2184, 39.37007874015748100 ) ;
#8599 = VERTEX_POINT ( 'NONE', #8672 ) ;
#8600 = LINE ( 'NONE', #735, #8058 ) ;
#8601 = VERTEX_POINT ( 'NONE', #300 ) ;
#8602 = CARTESIAN_POINT ( 'NONE',  ( 0.9638306835251589900, 2.146999999999998900, -0.3943848084544492900 ) ) ;
#8603 = DIRECTION ( 'NONE',  ( -0.0000000000000000000, -0.0000000000000000000, -1.000000000000000000 ) ) ;
#8604 = ORIENTED_EDGE ( 'NONE', *, *, #7243, .F. ) ;
#8606 = PLANE ( 'NONE',  #2448 ) ;
#8605 = CARTESIAN_POINT ( 'NONE',  ( 1.625848074029415400, 2.120848074029412900, 1.580000000000000100 ) ) ;
#8607 = DIRECTION ( 'NONE',  ( 1.000000000000000000, 0.0000000000000000000, -0.0000000000000000000 ) ) ;
#8608 = ORIENTED_EDGE ( 'NONE', *, *, #1683, .F. ) ;
#8609 = CIRCLE ( 'NONE', #1331, 0.02499999999999987000 ) ;
#8610 = AXIS2_PLACEMENT_3D ( 'NONE', #1771, #1739, #7732 ) ;
#8611 = LINE ( 'NONE', #4145, #1556 ) ;
#8612 = ORIENTED_EDGE ( 'NONE', *, *, #4436, .F. ) ;
#8613 = AXIS2_PLACEMENT_3D ( 'NONE', #5650, #7373, #10837 ) ;
#8614 = EDGE_CURVE ( 'NONE', #8782, #6355, #622, .T. ) ;
#8615 = CIRCLE ( 'NONE', #4633, 0.3204999999999985100 ) ;
#8616 = VERTEX_POINT ( 'NONE', #9639 ) ;
#8617 = PLANE ( 'NONE',  #3258 ) ;
#8618 = ORIENTED_EDGE ( 'NONE', *, *, #8575, .T. ) ;
#8619 = ORIENTED_EDGE ( 'NONE', *, *, #7299, .T. ) ;
#8620 = VERTEX_POINT ( 'NONE', #5346 ) ;
#8621 = CARTESIAN_POINT ( 'NONE',  ( 1.498499999999999100, -1.772999999999999900, 1.630000000000000100 ) ) ;
#8622 = CARTESIAN_POINT ( 'NONE',  ( 1.498499999999999100, -1.772999999999999900, 2.050000000000000300 ) ) ;
#8623 = CIRCLE ( 'NONE', #10908, 0.1535000000000004100 ) ;
#8624 = DIRECTION ( 'NONE',  ( 0.0000000000000000000, 0.0000000000000000000, 1.000000000000000000 ) ) ;
#8625 = VECTOR ( 'NONE', #2592, 39.37007874015748100 ) ;
#8626 = ORIENTED_EDGE ( 'NONE', *, *, #3792, .F. ) ;
#8627 = AXIS2_PLACEMENT_3D ( 'NONE', #8312, #7499, #4061 ) ;
#8628 = DIRECTION ( 'NONE',  ( 1.000000000000000000, 0.0000000000000000000, 0.0000000000000000000 ) ) ;
#8629 = ORIENTED_EDGE ( 'NONE', *, *, #7554, .F. ) ;
#8630 = ORIENTED_EDGE ( 'NONE', *, *, #7240, .T. ) ;
#8631 = ORIENTED_EDGE ( 'NONE', *, *, #3080, .F. ) ;
#8632 = TOROIDAL_SURFACE ( 'NONE', #11059, 0.1074999999999994000, 0.04000000000000000100 ) ;
#8633 = CARTESIAN_POINT ( 'NONE',  ( -1.081000000000000400, 1.873000000000000000, 1.639999999999999900 ) ) ;
#8634 = CIRCLE ( 'NONE', #2126, 0.04805064199019536800 ) ;
#8635 = CARTESIAN_POINT ( 'NONE',  ( 1.482251619347311900, 2.164559027730145000, 2.004999999999999400 ) ) ;
#8636 = VERTEX_POINT ( 'NONE', #3661 ) ;
#8637 = ORIENTED_EDGE ( 'NONE', *, *, #6846, .T. ) ;
#8638 = CARTESIAN_POINT ( 'NONE',  ( 1.281500000000000100, -1.515499999999999600, 0.3700000000000001100 ) ) ;
#8639 = ORIENTED_EDGE ( 'NONE', *, *, #1560, .F. ) ;
#8640 = DIRECTION ( 'NONE',  ( -0.0000000000000000000, -0.0000000000000000000, 1.000000000000000000 ) ) ;
#8641 = AXIS2_PLACEMENT_3D ( 'NONE', #4446, #6168, #10420 ) ;
#8642 = ORIENTED_EDGE ( 'NONE', *, *, #6668, .T. ) ;
#8643 = LINE ( 'NONE', #9760, #125 ) ;
#8645 = DIRECTION ( 'NONE',  ( -1.000000000000000000, 0.0000000000000000000, 0.0000000000000000000 ) ) ;
#8644 = CARTESIAN_POINT ( 'NONE',  ( 1.462589240148601100, 2.118615267499996500, 2.043974741639081200 ) ) ;
#8646 = ORIENTED_EDGE ( 'NONE', *, *, #2683, .F. ) ;
#8647 = DIRECTION ( 'NONE',  ( 1.000000000000000000, 0.0000000000000000000, 0.0000000000000000000 ) ) ;
#8648 = LINE ( 'NONE', #9299, #6936 ) ;
#8649 = EDGE_CURVE ( 'NONE', #9109, #10458, #9925, .T. ) ;
#8650 = DIRECTION ( 'NONE',  ( -1.000000000000000000, 0.0000000000000000000, 0.0000000000000000000 ) ) ;
#8651 = DIRECTION ( 'NONE',  ( -0.0000000000000000000, -0.0000000000000000000, 1.000000000000000000 ) ) ;
#8652 = ORIENTED_EDGE ( 'NONE', *, *, #8964, .F. ) ;
#8653 = VERTEX_POINT ( 'NONE', #8740 ) ;
#8654 = ADVANCED_FACE ( 'NONE', ( #4191 ), #3650, .F. ) ;
#8655 = CARTESIAN_POINT ( 'NONE',  ( 1.651999999999999500, 1.619499999999999500, 0.1200000000000000900 ) ) ;
#8656 = EDGE_LOOP ( 'NONE', ( #4299, #8590, #7694, #3630 ) ) ;
#8657 = CARTESIAN_POINT ( 'NONE',  ( -1.467867916488617000, -2.109472331882376500, 2.044999999999999500 ) ) ;
#8658 = DIRECTION ( 'NONE',  ( 0.0000000000000000000, 0.0000000000000000000, 1.000000000000000000 ) ) ;
#8659 = ORIENTED_EDGE ( 'NONE', *, *, #7228, .T. ) ;
#8660 = CYLINDRICAL_SURFACE ( 'NONE', #6630, 0.1441519259705861500 ) ;
#8661 = ORIENTED_EDGE ( 'NONE', *, *, #9944, .T. ) ;
#8662 = DIRECTION ( 'NONE',  ( -0.0000000000000000000, -0.0000000000000000000, -1.000000000000000000 ) ) ;
#8663 = EDGE_CURVE ( 'NONE', #10641, #10436, #8326, .T. ) ;
#8664 = EDGE_CURVE ( 'NONE', #2235, #10067, #6878, .T. ) ;
#8665 = AXIS2_PLACEMENT_3D ( 'NONE', #10973, #4208, #6719 ) ;
#8666 = ORIENTED_EDGE ( 'NONE', *, *, #6815, .F. ) ;
#8667 = VERTEX_POINT ( 'NONE', #10455 ) ;
#8668 = CIRCLE ( 'NONE', #9543, 0.1441519259705861500 ) ;
#8669 = ADVANCED_FACE ( 'NONE', ( #7949 ), #9405, .T. ) ;
#8670 = CARTESIAN_POINT ( 'NONE',  ( -1.182500000000000100, 1.515499999999999600, 0.3700000000000001100 ) ) ;
#8671 = CARTESIAN_POINT ( 'NONE',  ( -1.701999999999999500, 1.619499999999999500, 1.630000000000000100 ) ) ;
#8672 = CARTESIAN_POINT ( 'NONE',  ( -1.380499999999999800, -2.027999999999999600, 1.919999999999999700 ) ) ;
#8673 = AXIS2_PLACEMENT_3D ( 'NONE', #8589, #5162, #8628 ) ;
#8674 = CARTESIAN_POINT ( 'NONE',  ( -1.498499999999999100, -1.619499999999999500, 1.540000000000000000 ) ) ;
#8675 = VECTOR ( 'NONE', #8913, 39.37007874015748100 ) ;
#8676 = AXIS2_PLACEMENT_3D ( 'NONE', #5776, #552, #4962 ) ;
#8677 = EDGE_CURVE ( 'NONE', #10362, #4611, #8520, .T. ) ;
#8679 = DIRECTION ( 'NONE',  ( -1.000000000000000000, 0.0000000000000000000, 0.0000000000000000000 ) ) ;
#8678 = CARTESIAN_POINT ( 'NONE',  ( -1.538000000000000500, 2.027999999999999600, 2.169999999999999900 ) ) ;
#8680 = DIRECTION ( 'NONE',  ( 0.0000000000000000000, 0.0000000000000000000, 1.000000000000000000 ) ) ;
#8681 = DIRECTION ( 'NONE',  ( -0.0000000000000000000, -0.0000000000000000000, 1.000000000000000000 ) ) ;
#8682 = CYLINDRICAL_SURFACE ( 'NONE', #7843, 0.2704999999999985200 ) ;
#8683 = ORIENTED_EDGE ( 'NONE', *, *, #34, .T. ) ;
#8684 = CYLINDRICAL_SURFACE ( 'NONE', #8460, 0.3204999999999985100 ) ;
#8685 = CARTESIAN_POINT ( 'NONE',  ( 1.538000000000000500, 2.027999999999999100, 1.919999999999999700 ) ) ;
#8686 = AXIS2_PLACEMENT_3D ( 'NONE', #1440, #6548, #2284 ) ;
#8687 = AXIS2_PLACEMENT_3D ( 'NONE', #3963, #3876, #6476 ) ;
#8688 = DIRECTION ( 'NONE',  ( -1.000000000000000000, 0.0000000000000000000, 0.0000000000000000000 ) ) ;
#8689 = EDGE_CURVE ( 'NONE', #137, #1983, #1178, .T. ) ;
#8690 = ADVANCED_FACE ( 'NONE', ( #1164 ), #484, .F. ) ;
#8691 = DIRECTION ( 'NONE',  ( -0.0000000000000000000, -0.0000000000000000000, -1.000000000000000000 ) ) ;
#8692 = FACE_OUTER_BOUND ( 'NONE', #6425, .T. ) ;
#8693 = DIRECTION ( 'NONE',  ( -0.0000000000000000000, -0.0000000000000000000, 1.000000000000000000 ) ) ;
#8694 = DIRECTION ( 'NONE',  ( 1.000000000000000000, 0.0000000000000000000, 0.0000000000000000000 ) ) ;
#8695 = ADVANCED_FACE ( 'NONE', ( #2057 ), #10863, .T. ) ;
#8696 = VECTOR ( 'NONE', #10794, 39.37007874015748100 ) ;
#8697 = AXIS2_PLACEMENT_3D ( 'NONE', #10924, #6744, #9353 ) ;
#8698 = FACE_BOUND ( 'NONE', #1567, .T. ) ;
#8699 = CARTESIAN_POINT ( 'NONE',  ( -1.045499999999999900, 1.926500000000000300, -0.3943848084544492900 ) ) ;
#8700 = CARTESIAN_POINT ( 'NONE',  ( 1.482251619347308500, 2.164559027730151200, 2.010319632494771200 ) ) ;
#8701 = VERTEX_POINT ( 'NONE', #2107 ) ;
#8702 = AXIS2_PLACEMENT_3D ( 'NONE', #3761, #2889, #1238 ) ;
#8703 = CARTESIAN_POINT ( 'NONE',  ( 1.770000000000001600, 2.264999999999998800, 0.04805064199019547200 ) ) ;
#8705 = DIRECTION ( 'NONE',  ( 0.0000000000000000000, 0.0000000000000000000, 1.000000000000000000 ) ) ;
#8704 = PLANE ( 'NONE',  #5460 ) ;
#8706 = VECTOR ( 'NONE', #3361, 39.37007874015748100 ) ;
#8707 = CARTESIAN_POINT ( 'NONE',  ( 1.081000000000000400, -1.823000000000000000, 1.580000000000000100 ) ) ;
#8708 = VERTEX_POINT ( 'NONE', #4637 ) ;
#8709 = LINE ( 'NONE', #3331, #5245 ) ;
#8710 = ORIENTED_EDGE ( 'NONE', *, *, #5239, .T. ) ;
#8711 = EDGE_LOOP ( 'NONE', ( #1822, #7126, #906, #6469 ) ) ;
#8712 = CARTESIAN_POINT ( 'NONE',  ( 1.081000000000000400, 1.873000000000000000, 1.639999999999999900 ) ) ;
#8713 = ORIENTED_EDGE ( 'NONE', *, *, #5572, .F. ) ;
#8714 = ADVANCED_FACE ( 'NONE', ( #8596 ), #2331, .T. ) ;
#8715 = DIRECTION ( 'NONE',  ( 0.0000000000000000000, 0.0000000000000000000, 1.000000000000000000 ) ) ;
#8716 = EDGE_CURVE ( 'NONE', #4135, #7667, #9667, .T. ) ;
#8717 = EDGE_LOOP ( 'NONE', ( #3772, #4344, #8289, #6540 ) ) ;
#8718 = ORIENTED_EDGE ( 'NONE', *, *, #4162, .F. ) ;
#8719 = LINE ( 'NONE', #147, #2456 ) ;
#8720 = AXIS2_PLACEMENT_3D ( 'NONE', #10000, #1561, #712 ) ;
#8721 = DIRECTION ( 'NONE',  ( -0.0000000000000000000, -0.0000000000000000000, -1.000000000000000000 ) ) ;
#8722 = ORIENTED_EDGE ( 'NONE', *, *, #10688, .T. ) ;
#8723 = FACE_OUTER_BOUND ( 'NONE', #3029, .T. ) ;
#8724 = ORIENTED_EDGE ( 'NONE', *, *, #4121, .F. ) ;
#8725 = DIRECTION ( 'NONE',  ( 0.0000000000000000000, 0.0000000000000000000, -1.000000000000000000 ) ) ;
#8726 = APPLICATION_PROTOCOL_DEFINITION ( 'international standard', 'config_control_design', 1994, #9371 ) ;
#8727 = LINE ( 'NONE', #9770, #1921 ) ;
#8728 = DIRECTION ( 'NONE',  ( -1.000000000000000000, 0.0000000000000000000, 0.0000000000000000000 ) ) ;
#8729 = EDGE_LOOP ( 'NONE', ( #9749, #54, #4452, #3008 ) ) ;
#8730 = LINE ( 'NONE', #5133, #5530 ) ;
#8731 = FACE_OUTER_BOUND ( 'NONE', #8346, .T. ) ;
#8732 = ORIENTED_EDGE ( 'NONE', *, *, #8996, .T. ) ;
#8733 = DIRECTION ( 'NONE',  ( -1.000000000000000000, 0.0000000000000000000, 0.0000000000000000000 ) ) ;
#8734 = AXIS2_PLACEMENT_3D ( 'NONE', #1607, #4150, #3294 ) ;
#8735 = CIRCLE ( 'NONE', #5067, 0.3204999999999984500 ) ;
#8736 = EDGE_CURVE ( 'NONE', #10966, #5029, #5652, .T. ) ;
#8737 = CC_DESIGN_PERSON_AND_ORGANIZATION_ASSIGNMENT ( #6841, #960, ( #901 ) ) ;
#8738 = ORIENTED_EDGE ( 'NONE', *, *, #7095, .F. ) ;
#8739 = EDGE_CURVE ( 'NONE', #2375, #1380, #7927, .T. ) ;
#8740 = CARTESIAN_POINT ( 'NONE',  ( -1.498499999999999100, 1.873000000000000000, 1.639999999999999900 ) ) ;
#8741 = ORIENTED_EDGE ( 'NONE', *, *, #8775, .T. ) ;
#8742 = VERTEX_POINT ( 'NONE', #8892 ) ;
#8743 = VERTEX_POINT ( 'NONE', #3701 ) ;
#8744 = ADVANCED_FACE ( 'NONE', ( #3399 ), #6333, .T. ) ;
#8745 = VECTOR ( 'NONE', #9060, 39.37007874015748100 ) ;
#8746 = ORIENTED_EDGE ( 'NONE', *, *, #5442, .T. ) ;
#8747 = VECTOR ( 'NONE', #6052, 39.37007874015748100 ) ;
#8749 = CARTESIAN_POINT ( 'NONE',  ( 1.081000000000000400, 1.823000000000000000, 1.639999999999999900 ) ) ;
#8748 = DIRECTION ( 'NONE',  ( 1.000000000000000000, 1.852100334687642800E-015, 0.0000000000000000000 ) ) ;
#8750 = VERTEX_POINT ( 'NONE', #2177 ) ;
#8751 = CARTESIAN_POINT ( 'NONE',  ( -1.081000000000000400, -1.926500000000000300, 1.639999999999999900 ) ) ;
#8752 = CARTESIAN_POINT ( 'NONE',  ( 1.081000000000000400, -1.848000000000000100, 1.540000000000000000 ) ) ;
#8753 = DIRECTION ( 'NONE',  ( 1.000000000000000000, 0.0000000000000000000, 0.0000000000000000000 ) ) ;
#8754 = ORIENTED_EDGE ( 'NONE', *, *, #2601, .F. ) ;
#8755 = AXIS2_PLACEMENT_3D ( 'NONE', #5331, #10327, #2687 ) ;
#8756 = VERTEX_POINT ( 'NONE', #7252 ) ;
#8757 = AXIS2_PLACEMENT_3D ( 'NONE', #411, #2840, #2926 ) ;
#8758 = EDGE_LOOP ( 'NONE', ( #11051, #4395, #10127, #206 ) ) ;
#8759 = EDGE_CURVE ( 'NONE', #6663, #9556, #9126, .T. ) ;
#8760 = CIRCLE ( 'NONE', #6479, 0.3204999999999985100 ) ;
#8761 = ADVANCED_FACE ( 'NONE', ( #9939 ), #5389, .T. ) ;
#8762 = DIRECTION ( 'NONE',  ( 0.0000000000000000000, 0.0000000000000000000, -1.000000000000000000 ) ) ;
#8763 = VECTOR ( 'NONE', #1314, 39.37007874015748100 ) ;
#8764 = DIRECTION ( 'NONE',  ( 0.0000000000000000000, 0.0000000000000000000, -1.000000000000000000 ) ) ;
#8765 = ORIENTED_EDGE ( 'NONE', *, *, #8478, .T. ) ;
#8766 = DIRECTION ( 'NONE',  ( -1.000000000000000000, 0.0000000000000000000, 0.0000000000000000000 ) ) ;
#8767 = CARTESIAN_POINT ( 'NONE',  ( -0.9638306835251591000, -2.146999999999998900, 1.580000000000000100 ) ) ;
#8768 = ORIENTED_EDGE ( 'NONE', *, *, #4383, .T. ) ;
#8769 = ORIENTED_EDGE ( 'NONE', *, *, #3750, .T. ) ;
#8770 = ORIENTED_EDGE ( 'NONE', *, *, #3845, .T. ) ;
#8771 = ORIENTED_EDGE ( 'NONE', *, *, #8519, .F. ) ;
#8772 = CIRCLE ( 'NONE', #5972, 0.1035000000000005500 ) ;
#8773 = AXIS2_PLACEMENT_3D ( 'NONE', #10813, #4805, #3944 ) ;
#8774 = CIRCLE ( 'NONE', #3053, 0.2535000000000004500 ) ;
#8775 = EDGE_CURVE ( 'NONE', #6369, #10219, #7393, .T. ) ;
#8776 = VERTEX_POINT ( 'NONE', #8961 ) ;
#8777 = ADVANCED_FACE ( 'NONE', ( #7142 ), #10001, .F. ) ;
#8778 = CARTESIAN_POINT ( 'NONE',  ( 1.538000000000000500, -2.027999999999999600, 1.267500000000000100 ) ) ;
#8779 = DIRECTION ( 'NONE',  ( 1.000000000000000000, 0.0000000000000000000, 0.0000000000000000000 ) ) ;
#8780 = VERTEX_POINT ( 'NONE', #9782 ) ;
#8781 = VERTEX_POINT ( 'NONE', #10673 ) ;
#8782 = VERTEX_POINT ( 'NONE', #5567 ) ;
#8783 = CARTESIAN_POINT ( 'NONE',  ( -1.081000000000000400, 1.873000000000000000, 1.605000000000000000 ) ) ;
#8784 = LINE ( 'NONE', #10316, #6529 ) ;
#8785 = DIRECTION ( 'NONE',  ( -0.0000000000000000000, -0.0000000000000000000, -1.000000000000000000 ) ) ;
#8786 = VERTEX_POINT ( 'NONE', #6472 ) ;
#8787 = FACE_OUTER_BOUND ( 'NONE', #8914, .T. ) ;
#8788 = ORIENTED_EDGE ( 'NONE', *, *, #9150, .T. ) ;
#8789 = CARTESIAN_POINT ( 'NONE',  ( 1.498499999999999100, 1.619499999999999500, 1.630000000000000100 ) ) ;
#8790 = DIRECTION ( 'NONE',  ( -0.0000000000000000000, -0.0000000000000000000, -1.000000000000000000 ) ) ;
#8791 = CARTESIAN_POINT ( 'NONE',  ( -1.625848074029413200, 2.264999999999998800, 2.121949358009804300 ) ) ;
#8792 = DIRECTION ( 'NONE',  ( -0.0000000000000000000, -0.0000000000000000000, -1.000000000000000000 ) ) ;
#8793 = ORIENTED_EDGE ( 'NONE', *, *, #7107, .T. ) ;
#8794 = EDGE_CURVE ( 'NONE', #5513, #4630, #5673, .T. ) ;
#8795 = VERTEX_POINT ( 'NONE', #8992 ) ;
#8796 = CARTESIAN_POINT ( 'NONE',  ( -1.498499999999999100, 1.823000000000000000, 1.639999999999999900 ) ) ;
#8797 = CIRCLE ( 'NONE', #7203, 0.1035000000000004100 ) ;
#8798 = EDGE_CURVE ( 'NONE', #539, #2757, #1789, .T. ) ;
#8799 = DIRECTION ( 'NONE',  ( -1.000000000000000000, 0.0000000000000000000, 0.0000000000000000000 ) ) ;
#8800 = ADVANCED_FACE ( 'NONE', ( #74 ), #10861, .F. ) ;
#8801 = DIRECTION ( 'NONE',  ( 1.000000000000000000, -0.0000000000000000000, 0.0000000000000000000 ) ) ;
#8802 = TOROIDAL_SURFACE ( 'NONE', #11058, 0.1074999999999994000, 0.04000000000000000100 ) ;
#8803 = CARTESIAN_POINT ( 'NONE',  ( -1.081000000000000400, 1.926500000000000300, 0.1200000000000000900 ) ) ;
#8804 = AXIS2_PLACEMENT_3D ( 'NONE', #6029, #1649, #10168 ) ;
#8805 = EDGE_CURVE ( 'NONE', #4640, #8252, #4054, .T. ) ;
#8806 = EDGE_CURVE ( 'NONE', #10323, #3821, #10581, .T. ) ;
#8807 = AXIS2_PLACEMENT_3D ( 'NONE', #1752, #4276, #5998 ) ;
#8808 = EDGE_CURVE ( 'NONE', #5016, #4769, #888, .T. ) ;
#8809 = CARTESIAN_POINT ( 'NONE',  ( 0.7070000000000014100, 1.926500000000000300, 1.580000000000000100 ) ) ;
#8810 = FACE_OUTER_BOUND ( 'NONE', #591, .T. ) ;
#8811 = CARTESIAN_POINT ( 'NONE',  ( 0.7070000000000014100, -2.246999999999998600, 1.639999999999999900 ) ) ;
#8812 = ORIENTED_EDGE ( 'NONE', *, *, #10380, .T. ) ;
#8813 = CYLINDRICAL_SURFACE ( 'NONE', #9887, 0.2035000000000004300 ) ;
#8814 = DIRECTION ( 'NONE',  ( 0.0000000000000000000, -0.0000000000000000000, -1.000000000000000000 ) ) ;
#8815 = ADVANCED_FACE ( 'NONE', ( #5409 ), #6603, .T. ) ;
#8816 = DIRECTION ( 'NONE',  ( 0.0000000000000000000, 0.0000000000000000000, -1.000000000000000000 ) ) ;
#8817 = AXIS2_PLACEMENT_3D ( 'NONE', #9351, #1571, #7559 ) ;
#8818 = DIRECTION ( 'NONE',  ( -0.0000000000000000000, -0.0000000000000000000, -1.000000000000000000 ) ) ;
#8819 = AXIS2_PLACEMENT_3D ( 'NONE', #4709, #3105, #10681 ) ;
#8820 = CARTESIAN_POINT ( 'NONE',  ( 1.701999999999999500, 1.619499999999999500, 1.630000000000000100 ) ) ;
#8821 = LINE ( 'NONE', #5638, #6565 ) ;
#8822 = EDGE_CURVE ( 'NONE', #3430, #6116, #3908, .T. ) ;
#8823 = VECTOR ( 'NONE', #4155, 39.37007874015748100 ) ;
#8825 = CARTESIAN_POINT ( 'NONE',  ( -1.182500000000000100, 1.515499999999999600, 0.3700000000000001100 ) ) ;
#8824 = CARTESIAN_POINT ( 'NONE',  ( 0.7070000000000014100, 1.926500000000000300, 1.580000000000000100 ) ) ;
#8826 = DIRECTION ( 'NONE',  ( -0.0000000000000000000, -0.0000000000000000000, -1.000000000000000000 ) ) ;
#8827 = DIRECTION ( 'NONE',  ( -1.000000000000000000, 0.0000000000000000000, 0.0000000000000000000 ) ) ;
#8828 = LINE ( 'NONE', #8749, #9504 ) ;
#8829 = CYLINDRICAL_SURFACE ( 'NONE', #9015, 0.05849999999999993400 ) ;
#8830 = CARTESIAN_POINT ( 'NONE',  ( -1.498499999999999100, -1.619499999999999500, 1.540000000000000000 ) ) ;
#8831 = AXIS2_PLACEMENT_3D ( 'NONE', #5620, #7321, #8139 ) ;
#8832 = ORIENTED_EDGE ( 'NONE', *, *, #9891, .T. ) ;
#8833 = AXIS2_PLACEMENT_3D ( 'NONE', #6928, #1901, #6995 ) ;
#8834 = CARTESIAN_POINT ( 'NONE',  ( 1.081000000000000400, 1.926500000000000300, 1.630000000000000100 ) ) ;
#8835 = EDGE_CURVE ( 'NONE', #9908, #1320, #1677, .T. ) ;
#8836 = CARTESIAN_POINT ( 'NONE',  ( -1.498499999999999100, -1.823000000000000000, 1.580000000000000100 ) ) ;
#8837 = PLANE ( 'NONE',  #7371 ) ;
#8838 = CIRCLE ( 'NONE', #9694, 0.1535000000000004100 ) ;
#8839 = ORIENTED_EDGE ( 'NONE', *, *, #4710, .F. ) ;
#8840 = LINE ( 'NONE', #2203, #6170 ) ;
#8841 = VERTEX_POINT ( 'NONE', #9923 ) ;
#8842 = VERTEX_POINT ( 'NONE', #2219 ) ;
#8843 = ORIENTED_EDGE ( 'NONE', *, *, #9269, .F. ) ;
#8844 = DIRECTION ( 'NONE',  ( -1.000000000000000000, 0.0000000000000000000, 0.0000000000000000000 ) ) ;
#8845 = AXIS2_PLACEMENT_3D ( 'NONE', #9425, #4237, #835 ) ;
#8846 = DIRECTION ( 'NONE',  ( 0.0000000000000000000, 0.0000000000000000000, 1.000000000000000000 ) ) ;
#8847 = VERTEX_POINT ( 'NONE', #565 ) ;
#8848 = ORIENTED_EDGE ( 'NONE', *, *, #6269, .F. ) ;
#8849 = CIRCLE ( 'NONE', #4663, 0.03550000000000048300 ) ;
#8850 = CARTESIAN_POINT ( 'NONE',  ( -1.455462238198014200, 2.130959596984054900, 2.037079749950507800 ) ) ;
#8851 = VECTOR ( 'NONE', #10146, 39.37007874015748100 ) ;
#8852 = VERTEX_POINT ( 'NONE', #3959 ) ;
#8853 = CARTESIAN_POINT ( 'NONE',  ( 1.027499999999999900, 1.926500000000000300, 1.639999999999999900 ) ) ;
#8854 = ORIENTED_EDGE ( 'NONE', *, *, #8798, .F. ) ;
#8855 = CARTESIAN_POINT ( 'NONE',  ( 0.7070000000000014100, -2.146999999999998900, 0.1200000000000000900 ) ) ;
#8857 = PLANE ( 'NONE',  #2915 ) ;
#8856 = CARTESIAN_POINT ( 'NONE',  ( -1.081000000000000400, -1.926500000000000300, 1.630000000000000100 ) ) ;
#8858 = DIRECTION ( 'NONE',  ( 1.000000000000000000, 0.0000000000000000000, 0.0000000000000000000 ) ) ;
#8860 = CARTESIAN_POINT ( 'NONE',  ( 1.027499999999999900, -1.926500000000000300, 1.639999999999999900 ) ) ;
#8859 = VECTOR ( 'NONE', #6106, 39.37007874015748100 ) ;
#8861 = ORIENTED_EDGE ( 'NONE', *, *, #10726, .T. ) ;
#8862 = VECTOR ( 'NONE', #7791, 39.37007874015748100 ) ;
#8863 = CYLINDRICAL_SURFACE ( 'NONE', #8927, 0.1535000000000004100 ) ;
#8864 = ORIENTED_EDGE ( 'NONE', *, *, #9236, .T. ) ;
#8865 = CARTESIAN_POINT ( 'NONE',  ( -0.7070000000000014100, 1.926500000000000300, 1.639999999999999900 ) ) ;
#8866 = ADVANCED_FACE ( 'NONE', ( #6056 ), #8340, .F. ) ;
#8867 = EDGE_LOOP ( 'NONE', ( #5042, #5152, #2383, #2923, #4431, #10465, #4439, #7286 ) ) ;
#8868 = EDGE_CURVE ( 'NONE', #6879, #8449, #8463, .T. ) ;
#8869 = EDGE_CURVE ( 'NONE', #4761, #1047, #5805, .T. ) ;
#8870 = AXIS2_PLACEMENT_3D ( 'NONE', #4546, #7989, #6305 ) ;
#8871 = DIRECTION ( 'NONE',  ( -0.0000000000000000000, 0.0000000000000000000, -1.000000000000000000 ) ) ;
#8872 = ORIENTED_EDGE ( 'NONE', *, *, #6522, .T. ) ;
#8873 = CARTESIAN_POINT ( 'NONE',  ( 1.447610603195933500, 2.144559027730145000, 2.044999999999999500 ) ) ;
#8874 = VECTOR ( 'NONE', #8603, 39.37007874015748100 ) ;
#8875 = FACE_OUTER_BOUND ( 'NONE', #5554, .T. ) ;
#8876 = ORIENTED_EDGE ( 'NONE', *, *, #639, .F. ) ;
#8877 = CARTESIAN_POINT ( 'NONE',  ( 1.538000000000000500, -2.027999999999999600, 0.1200000000000000900 ) ) ;
#8878 = CIRCLE ( 'NONE', #875, 0.1675000000000003400 ) ;
#8879 = EDGE_LOOP ( 'NONE', ( #3049, #5006, #9957, #3815 ) ) ;
#8880 = EDGE_LOOP ( 'NONE', ( #10706, #7696, #2475, #9140 ) ) ;
#8881 = VERTEX_POINT ( 'NONE', #10791 ) ;
#8882 = ORIENTED_EDGE ( 'NONE', *, *, #6026, .T. ) ;
#8883 = CARTESIAN_POINT ( 'NONE',  ( -0.7070000000000014100, 1.926500000000000300, 1.605000000000000000 ) ) ;
#8884 = DIRECTION ( 'NONE',  ( 1.000000000000000000, 0.0000000000000000000, -0.0000000000000000000 ) ) ;
#8885 = AXIS2_PLACEMENT_3D ( 'NONE', #5875, #9270, #4185 ) ;
#8886 = CYLINDRICAL_SURFACE ( 'NONE', #7480, 0.2204999999999985000 ) ;
#8887 = AXIS2_PLACEMENT_3D ( 'NONE', #5185, #9540, #3523 ) ;
#8888 = DIRECTION ( 'NONE',  ( -0.0000000000000000000, -0.0000000000000000000, 1.000000000000000000 ) ) ;
#8889 = EDGE_CURVE ( 'NONE', #10514, #3499, #1036, .T. ) ;
#8890 = CYLINDRICAL_SURFACE ( 'NONE', #8920, 0.02499999999999987000 ) ;
#8891 = DIRECTION ( 'NONE',  ( 0.0000000000000000000, -1.000000000000000000, 0.0000000000000000000 ) ) ;
#8892 = CARTESIAN_POINT ( 'NONE',  ( -0.7070000000000014100, -2.196999999999999200, 1.639999999999999900 ) ) ;
#8893 = VERTEX_POINT ( 'NONE', #9230 ) ;
#8894 = ORIENTED_EDGE ( 'NONE', *, *, #3728, .F. ) ;
#8895 = CARTESIAN_POINT ( 'NONE',  ( 1.625848074029415400, 2.120848074029412900, 1.614999999999999800 ) ) ;
#8896 = ORIENTED_EDGE ( 'NONE', *, *, #7517, .T. ) ;
#8897 = DIRECTION ( 'NONE',  ( -1.000000000000000000, 0.0000000000000000000, 0.0000000000000000000 ) ) ;
#8898 = ORIENTED_EDGE ( 'NONE', *, *, #6164, .F. ) ;
#8899 = CYLINDRICAL_SURFACE ( 'NONE', #10471, 0.02499999999999987000 ) ;
#8900 = CARTESIAN_POINT ( 'NONE',  ( -0.7070000000000014100, -2.246999999999999000, 1.540000000000000000 ) ) ;
#8901 = CARTESIAN_POINT ( 'NONE',  ( -0.7070000000000014100, -2.221999999999999100, 1.540000000000000000 ) ) ;
#8902 = DATE_AND_TIME ( #2240, #7712 ) ;
#8903 = DIRECTION ( 'NONE',  ( 0.0000000000000000000, 0.0000000000000000000, -1.000000000000000000 ) ) ;
#8904 = EDGE_LOOP ( 'NONE', ( #2836, #262, #9545, #7918 ) ) ;
#8905 = AXIS2_PLACEMENT_3D ( 'NONE', #7391, #9882, #8958 ) ;
#8906 = AXIS2_PLACEMENT_3D ( 'NONE', #5426, #4672, #7117 ) ;
#8907 = DIRECTION ( 'NONE',  ( 1.000000000000000000, 1.931999995519276800E-016, -0.0000000000000000000 ) ) ;
#8908 = EDGE_LOOP ( 'NONE', ( #6198, #9021, #2483, #10442 ) ) ;
#8909 = EDGE_LOOP ( 'NONE', ( #9414, #1711, #10845, #5026 ) ) ;
#8910 = DIRECTION ( 'NONE',  ( -1.000000000000000000, 0.0000000000000000000, 0.0000000000000000000 ) ) ;
#8911 = ORIENTED_EDGE ( 'NONE', *, *, #5928, .F. ) ;
#8912 = CYLINDRICAL_SURFACE ( 'NONE', #9034, 0.2035000000000004300 ) ;
#8913 = DIRECTION ( 'NONE',  ( -0.0000000000000000000, -0.0000000000000000000, 1.000000000000000000 ) ) ;
#8914 = EDGE_LOOP ( 'NONE', ( #8109, #1541, #1940, #6354 ) ) ;
#8915 = CIRCLE ( 'NONE', #9980, 0.3384999999999984700 ) ;
#8916 = EDGE_LOOP ( 'NONE', ( #10081, #2741, #3990, #2356 ) ) ;
#8917 = CARTESIAN_POINT ( 'NONE',  ( 1.027499999999999900, 1.926500000000000300, 1.605000000000000000 ) ) ;
#8918 = PLANE ( 'NONE',  #7960 ) ;
#8919 = DIRECTION ( 'NONE',  ( 1.000000000000000000, 0.0000000000000000000, 0.0000000000000000000 ) ) ;
#8920 = AXIS2_PLACEMENT_3D ( 'NONE', #4867, #10090, #9275 ) ;
#8921 = ORIENTED_EDGE ( 'NONE', *, *, #4212, .F. ) ;
#8922 = EDGE_CURVE ( 'NONE', #8601, #1018, #10599, .T. ) ;
#8923 = EDGE_LOOP ( 'NONE', ( #10630, #6478, #7191, #2961 ) ) ;
#8924 = VECTOR ( 'NONE', #8565, 39.37007874015748100 ) ;
#8925 = CARTESIAN_POINT ( 'NONE',  ( -1.616740157480315100, 2.027999999999999600, 1.580000000000000100 ) ) ;
#8926 = ORIENTED_EDGE ( 'NONE', *, *, #4253, .T. ) ;
#8927 = AXIS2_PLACEMENT_3D ( 'NONE', #2245, #2316, #8283 ) ;
#8928 = CARTESIAN_POINT ( 'NONE',  ( 0.7070000000000014100, -1.926500000000000300, 1.639999999999999900 ) ) ;
#8929 = ADVANCED_FACE ( 'NONE', ( #6072 ), #6350, .T. ) ;
#8930 = DIRECTION ( 'NONE',  ( -0.0000000000000000000, -0.0000000000000000000, -1.000000000000000000 ) ) ;
#8931 = ORIENTED_EDGE ( 'NONE', *, *, #557, .F. ) ;
#8932 = EDGE_LOOP ( 'NONE', ( #10793, #5937, #2589, #82 ) ) ;
#8933 = CARTESIAN_POINT ( 'NONE',  ( -1.459259842519685700, -2.027999999999999600, 1.267500000000000100 ) ) ;
#8934 = FACE_OUTER_BOUND ( 'NONE', #1160, .T. ) ;
#8935 = DIRECTION ( 'NONE',  ( 1.000000000000000000, 0.0000000000000000000, 0.0000000000000000000 ) ) ;
#8937 = DIRECTION ( 'NONE',  ( -1.000000000000000000, 0.0000000000000000000, 0.0000000000000000000 ) ) ;
#8936 = CARTESIAN_POINT ( 'NONE',  ( 1.625848074029415400, -2.255000000000001200, 1.614999999999999800 ) ) ;
#8938 = CARTESIAN_POINT ( 'NONE',  ( -0.9274999999999998800, 1.926500000000000300, 1.630000000000000100 ) ) ;
#8939 = EDGE_CURVE ( 'NONE', #8191, #6627, #9684, .T. ) ;
#8940 = DIRECTION ( 'NONE',  ( 1.000000000000000000, 0.0000000000000000000, 0.0000000000000000000 ) ) ;
#8941 = ORIENTED_EDGE ( 'NONE', *, *, #6815, .T. ) ;
#8942 = ORIENTED_EDGE ( 'NONE', *, *, #1686, .F. ) ;
#8943 = LINE ( 'NONE', #2796, #8675 ) ;
#8944 = CARTESIAN_POINT ( 'NONE',  ( 1.625848074029415400, 2.254999999999999000, 1.614999999999999800 ) ) ;
#8945 = DIRECTION ( 'NONE',  ( 0.0000000000000000000, 0.0000000000000000000, -1.000000000000000000 ) ) ;
#8946 = DIRECTION ( 'NONE',  ( 1.000000000000000000, 0.0000000000000000000, 0.0000000000000000000 ) ) ;
#8947 = CARTESIAN_POINT ( 'NONE',  ( 1.538000000000000500, 2.027999999999999100, 2.004999999999999400 ) ) ;
#8948 = DIRECTION ( 'NONE',  ( 0.0000000000000000000, 0.0000000000000000000, -1.000000000000000000 ) ) ;
#8949 = DIRECTION ( 'NONE',  ( -0.0000000000000000000, -0.0000000000000000000, 1.000000000000000000 ) ) ;
#8950 = LINE ( 'NONE', #8873, #4536 ) ;
#8951 = AXIS2_PLACEMENT_3D ( 'NONE', #770, #2455, #10937 ) ;
#8952 = LINE ( 'NONE', #3131, #4414 ) ;
#8953 = EDGE_CURVE ( 'NONE', #5064, #322, #8611, .T. ) ;
#8954 = EDGE_CURVE ( 'NONE', #7474, #5930, #7279, .T. ) ;
#8955 = PRODUCT_RELATED_PRODUCT_CATEGORY ( 'detail', '', ( #901 ) ) ;
#8956 = EDGE_CURVE ( 'NONE', #8573, #10620, #3784, .T. ) ;
#8957 = DIRECTION ( 'NONE',  ( 1.000000000000000000, 0.0000000000000000000, -0.0000000000000000000 ) ) ;
#8958 = DIRECTION ( 'NONE',  ( 1.000000000000000000, 0.0000000000000000000, -0.0000000000000000000 ) ) ;
#8959 = FACE_OUTER_BOUND ( 'NONE', #10788, .T. ) ;
#8960 = VECTOR ( 'NONE', #504, 39.37007874015748100 ) ;
#8961 = CARTESIAN_POINT ( 'NONE',  ( 1.498499999999999100, -1.873000000000000000, 1.639999999999999900 ) ) ;
#8962 = ADVANCED_FACE ( 'NONE', ( #9544 ), #4069, .T. ) ;
#8963 = AXIS2_PLACEMENT_3D ( 'NONE', #806, #9987, #6648 ) ;
#8964 = EDGE_CURVE ( 'NONE', #5717, #1877, #10343, .T. ) ;
#8965 = CARTESIAN_POINT ( 'NONE',  ( -1.081000000000000400, 1.926500000000000300, 0.1200000000000000900 ) ) ;
#8966 = FACE_OUTER_BOUND ( 'NONE', #5018, .T. ) ;
#8967 = CARTESIAN_POINT ( 'NONE',  ( 1.498499999999999100, -1.619499999999999500, 1.630000000000000100 ) ) ;
#8968 = LINE ( 'NONE', #3015, #320 ) ;
#8969 = DIRECTION ( 'NONE',  ( 0.0000000000000000000, 1.000000000000000000, 0.0000000000000000000 ) ) ;
#8970 = ORIENTED_EDGE ( 'NONE', *, *, #3094, .F. ) ;
#8971 = CARTESIAN_POINT ( 'NONE',  ( -1.081000000000000400, -1.873000000000000000, 1.639999999999999900 ) ) ;
#8972 = ADVANCED_FACE ( 'NONE', ( #4195 ), #2467, .F. ) ;
#8973 = DIRECTION ( 'NONE',  ( 0.0000000000000000000, 0.0000000000000000000, 1.000000000000000000 ) ) ;
#8974 = CARTESIAN_POINT ( 'NONE',  ( 1.081000000000000400, -1.823000000000000000, 1.540000000000000000 ) ) ;
#8975 = FACE_OUTER_BOUND ( 'NONE', #8488, .T. ) ;
#8976 = AXIS2_PLACEMENT_3D ( 'NONE', #432, #6394, #1291 ) ;
#8977 = ORIENTED_EDGE ( 'NONE', *, *, #7866, .F. ) ;
#8978 = VECTOR ( 'NONE', #8551, 39.37007874015748100 ) ;
#8979 = ORIENTED_EDGE ( 'NONE', *, *, #1517, .F. ) ;
#8980 = EDGE_CURVE ( 'NONE', #2626, #7072, #11014, .T. ) ;
#8981 = ORIENTED_EDGE ( 'NONE', *, *, #5613, .T. ) ;
#8982 = CARTESIAN_POINT ( 'NONE',  ( -1.081000000000000400, -1.823000000000000000, 1.639999999999999900 ) ) ;
#8983 = CARTESIAN_POINT ( 'NONE',  ( -1.370500000000000100, 2.027999999999999600, 2.169999999999999900 ) ) ;
#8984 = ORIENTED_EDGE ( 'NONE', *, *, #6277, .T. ) ;
#8985 = DIRECTION ( 'NONE',  ( -0.0000000000000000000, -0.0000000000000000000, -1.000000000000000000 ) ) ;
#8986 = VERTEX_POINT ( 'NONE', #3332 ) ;
#8987 = FACE_OUTER_BOUND ( 'NONE', #4595, .T. ) ;
#8988 = VECTOR ( 'NONE', #8681, 39.37007874015748100 ) ;
#8989 = ORIENTED_EDGE ( 'NONE', *, *, #9081, .T. ) ;
#8990 = ORIENTED_EDGE ( 'NONE', *, *, #10164, .T. ) ;
#8991 = CARTESIAN_POINT ( 'NONE',  ( -1.482251619347311900, 2.164559027730145000, 2.004999999999999400 ) ) ;
#8992 = CARTESIAN_POINT ( 'NONE',  ( -1.705500000000000700, -2.027999999999999600, 2.169999999999999900 ) ) ;
#8993 = EDGE_CURVE ( 'NONE', #5136, #2757, #6892, .T. ) ;
#8994 = ORIENTED_EDGE ( 'NONE', *, *, #8549, .T. ) ;
#8995 = LINE ( 'NONE', #3669, #9542 ) ;
#8996 = EDGE_CURVE ( 'NONE', #8795, #5643, #4872, .T. ) ;
#8997 = CYLINDRICAL_SURFACE ( 'NONE', #6220, 0.2535000000000004500 ) ;
#8998 = ORIENTED_EDGE ( 'NONE', *, *, #10451, .F. ) ;
#8999 = DIRECTION ( 'NONE',  ( -0.0000000000000000000, -0.0000000000000000000, 1.000000000000000000 ) ) ;
#9000 = DIRECTION ( 'NONE',  ( 1.000000000000000000, 0.0000000000000000000, 0.0000000000000000000 ) ) ;
#9001 = VERTEX_POINT ( 'NONE', #8325 ) ;
#9002 = DIRECTION ( 'NONE',  ( -0.0000000000000000000, -0.0000000000000000000, -1.000000000000000000 ) ) ;
#9003 = CARTESIAN_POINT ( 'NONE',  ( -0.7070000000000014100, 2.246999999999998600, 1.639999999999999900 ) ) ;
#9004 = EDGE_LOOP ( 'NONE', ( #3424, #2768, #3025, #6750 ) ) ;
#9005 = ORIENTED_EDGE ( 'NONE', *, *, #5753, .F. ) ;
#9006 = VERTEX_POINT ( 'NONE', #789 ) ;
#9007 = VECTOR ( 'NONE', #4768, 39.37007874015748100 ) ;
#9008 = ORIENTED_EDGE ( 'NONE', *, *, #767, .T. ) ;
#9009 = CARTESIAN_POINT ( 'NONE',  ( 0.9638306835251589900, -2.146999999999998900, 0.1200000000000000900 ) ) ;
#9010 = PLANE ( 'NONE',  #2326 ) ;
#9011 = LINE ( 'NONE', #6973, #8747 ) ;
#9012 = EDGE_CURVE ( 'NONE', #10514, #7510, #7156, .T. ) ;
#9013 = EDGE_CURVE ( 'NONE', #2104, #5264, #2733, .T. ) ;
#9014 = CARTESIAN_POINT ( 'NONE',  ( -1.538000000000000500, -2.027999999999999100, 2.044999999999999500 ) ) ;
#9015 = AXIS2_PLACEMENT_3D ( 'NONE', #5183, #87, #6030 ) ;
#9016 = ORIENTED_EDGE ( 'NONE', *, *, #8889, .F. ) ;
#9017 = EDGE_CURVE ( 'NONE', #8847, #2771, #6621, .T. ) ;
#9018 = CARTESIAN_POINT ( 'NONE',  ( -1.625848074029413200, 2.254999999999999000, 1.614999999999999800 ) ) ;
#9019 = ADVANCED_FACE ( 'NONE', ( #2069 ), #9279, .F. ) ;
#9020 = DIRECTION ( 'NONE',  ( 0.0000000000000000000, 1.000000000000000000, 0.0000000000000000000 ) ) ;
#9021 = ORIENTED_EDGE ( 'NONE', *, *, #1387, .F. ) ;
#9022 = DIRECTION ( 'NONE',  ( -0.0000000000000000000, -0.0000000000000000000, -1.000000000000000000 ) ) ;
#9023 = ORIENTED_EDGE ( 'NONE', *, *, #501, .F. ) ;
#9024 = DIRECTION ( 'NONE',  ( 0.0000000000000000000, 0.0000000000000000000, 1.000000000000000000 ) ) ;
#9025 = ORIENTED_EDGE ( 'NONE', *, *, #9983, .F. ) ;
#9026 = DIRECTION ( 'NONE',  ( -0.0000000000000000000, -0.0000000000000000000, 1.000000000000000000 ) ) ;
#9027 = LINE ( 'NONE', #2272, #4078 ) ;
#9028 = FACE_OUTER_BOUND ( 'NONE', #10567, .T. ) ;
#9029 = ORIENTED_EDGE ( 'NONE', *, *, #9735, .T. ) ;
#9030 = DIRECTION ( 'NONE',  ( 0.0000000000000000000, 0.0000000000000000000, 1.000000000000000000 ) ) ;
#9031 = PLANE ( 'NONE',  #4116 ) ;
#9032 = ORIENTED_EDGE ( 'NONE', *, *, #4383, .F. ) ;
#9033 = EDGE_LOOP ( 'NONE', ( #1724, #2347, #11036, #5982 ) ) ;
#9034 = AXIS2_PLACEMENT_3D ( 'NONE', #343, #6262, #6180 ) ;
#9035 = DIRECTION ( 'NONE',  ( -0.0000000000000000000, -0.0000000000000000000, 1.000000000000000000 ) ) ;
#9036 = ADVANCED_FACE ( 'NONE', ( #1803 ), #4463, .T. ) ;
#9037 = EDGE_CURVE ( 'NONE', #5583, #1151, #5533, .T. ) ;
#9038 = ORIENTED_EDGE ( 'NONE', *, *, #6123, .T. ) ;
#9039 = FACE_OUTER_BOUND ( 'NONE', #8904, .T. ) ;
#9040 = CARTESIAN_POINT ( 'NONE',  ( 1.183500000000000000, 2.027999999999999100, 0.0000000000000000000 ) ) ;
#9041 = CYLINDRICAL_SURFACE ( 'NONE', #10421, 0.2035000000000004300 ) ;
#9042 = ORIENTED_EDGE ( 'NONE', *, *, #5722, .T. ) ;
#9043 = DIRECTION ( 'NONE',  ( -0.0000000000000000000, -0.0000000000000000000, -1.000000000000000000 ) ) ;
#9044 = ORIENTED_EDGE ( 'NONE', *, *, #6277, .F. ) ;
#9045 = ORIENTED_EDGE ( 'NONE', *, *, #389, .T. ) ;
#9046 = DIRECTION ( 'NONE',  ( -1.000000000000000000, 0.0000000000000000000, 0.0000000000000000000 ) ) ;
#9047 = DIRECTION ( 'NONE',  ( 0.0000000000000000000, 0.0000000000000000000, 1.000000000000000000 ) ) ;
#9048 = EDGE_LOOP ( 'NONE', ( #6585, #9580, #6111, #9182, #1023 ) ) ;
#9049 = CIRCLE ( 'NONE', #500, 0.1035000000000005500 ) ;
#9050 = AXIS2_PLACEMENT_3D ( 'NONE', #1229, #8013, #4543 ) ;
#9051 = ORIENTED_EDGE ( 'NONE', *, *, #7601, .F. ) ;
#9052 = CIRCLE ( 'NONE', #5401, 0.1074999999999993300 ) ;
#9053 = AXIS2_PLACEMENT_3D ( 'NONE', #9557, #4434, #5297 ) ;
#9054 = EDGE_CURVE ( 'NONE', #6095, #4135, #2346, .T. ) ;
#9055 = DIRECTION ( 'NONE',  ( 1.000000000000000000, 0.0000000000000000000, 0.0000000000000000000 ) ) ;
#9056 = VERTEX_POINT ( 'NONE', #2663 ) ;
#9057 = DIRECTION ( 'NONE',  ( -0.0000000000000000000, -0.0000000000000000000, 1.000000000000000000 ) ) ;
#9058 = VERTEX_POINT ( 'NONE', #4259 ) ;
#9059 = PLANE ( 'NONE',  #5836 ) ;
#9060 = DIRECTION ( 'NONE',  ( -0.0000000000000000000, -0.0000000000000000000, -1.000000000000000000 ) ) ;
#9061 = CARTESIAN_POINT ( 'NONE',  ( -1.447610603195933500, -2.144559027730145000, 2.004999999999999400 ) ) ;
#9062 = DIRECTION ( 'NONE',  ( -1.000000000000000000, 0.0000000000000000000, 0.0000000000000000000 ) ) ;
#9063 = CYLINDRICAL_SURFACE ( 'NONE', #10187, 0.05350000000000053300 ) ;
#9064 = PLANE ( 'NONE',  #1767 ) ;
#9065 = CARTESIAN_POINT ( 'NONE',  ( -1.409987305317013300, -1.890999999999998500, 0.1200000000000000900 ) ) ;
#9066 = AXIS2_PLACEMENT_3D ( 'NONE', #9920, #10821, #5675 ) ;
#9067 = VERTEX_POINT ( 'NONE', #942 ) ;
#9068 = DIRECTION ( 'NONE',  ( 0.0000000000000000000, -1.000000000000000000, 0.0000000000000000000 ) ) ;
#9069 = DIRECTION ( 'NONE',  ( 1.000000000000000000, 0.0000000000000000000, 0.0000000000000000000 ) ) ;
#9070 = LINE ( 'NONE', #7173, #2934 ) ;
#9071 = AXIS2_PLACEMENT_3D ( 'NONE', #517, #2207, #4771 ) ;
#9072 = CARTESIAN_POINT ( 'NONE',  ( 0.7070000000000014100, -2.146999999999998900, 1.630000000000000100 ) ) ;
#9073 = DIRECTION ( 'NONE',  ( -0.0000000000000000000, -0.0000000000000000000, -1.000000000000000000 ) ) ;
#9074 = ADVANCED_FACE ( 'NONE', ( #489 ), #8071, .F. ) ;
#9075 = CARTESIAN_POINT ( 'NONE',  ( 1.277250000000000400, 2.027999999999999100, 0.0000000000000000000 ) ) ;
#9076 = DIRECTION ( 'NONE',  ( 0.0000000000000000000, 0.0000000000000000000, -1.000000000000000000 ) ) ;
#9077 = LINE ( 'NONE', #2105, #5607 ) ;
#9078 = VECTOR ( 'NONE', #4066, 39.37007874015748100 ) ;
#9080 = CARTESIAN_POINT ( 'NONE',  ( 1.538000000000000500, -2.027999999999999600, 1.267500000000000100 ) ) ;
#9079 = DIRECTION ( 'NONE',  ( 0.0000000000000000000, 0.0000000000000000000, -1.000000000000000000 ) ) ;
#9081 = EDGE_CURVE ( 'NONE', #8056, #7975, #1289, .T. ) ;
#9082 = EDGE_CURVE ( 'NONE', #2837, #9006, #10070, .T. ) ;
#9083 = PLANE ( 'NONE',  #10840 ) ;
#9084 = AXIS2_PLACEMENT_3D ( 'NONE', #10377, #940, #60 ) ;
#9085 = CARTESIAN_POINT ( 'NONE',  ( 0.7070000000000014100, -1.926500000000000300, 1.540000000000000000 ) ) ;
#9086 = ADVANCED_FACE ( 'NONE', ( #8875 ), #2995, .T. ) ;
#9087 = CYLINDRICAL_SURFACE ( 'NONE', #3469, 0.05849999999999993400 ) ;
#9088 = DIRECTION ( 'NONE',  ( 0.0000000000000000000, 0.0000000000000000000, 1.000000000000000000 ) ) ;
#9089 = FACE_OUTER_BOUND ( 'NONE', #8932, .T. ) ;
#9090 = DIRECTION ( 'NONE',  ( -1.000000000000000000, 0.0000000000000000000, 0.0000000000000000000 ) ) ;
#9091 = PLANE ( 'NONE',  #3869 ) ;
#9092 = CARTESIAN_POINT ( 'NONE',  ( -1.498499999999999100, 1.619499999999999500, 1.540000000000000000 ) ) ;
#9093 = CARTESIAN_POINT ( 'NONE',  ( 1.081000000000000400, -1.873000000000000000, 1.540000000000000000 ) ) ;
#9094 = AXIS2_PLACEMENT_3D ( 'NONE', #2552, #10417, #7844 ) ;
#9095 = EDGE_CURVE ( 'NONE', #8212, #5848, #10880, .T. ) ;
#9096 = LINE ( 'NONE', #4974, #1132 ) ;
#9097 = EDGE_CURVE ( 'NONE', #7667, #5452, #216, .T. ) ;
#9098 = FACE_OUTER_BOUND ( 'NONE', #3752, .T. ) ;
#9099 = EDGE_LOOP ( 'NONE', ( #5790, #6397, #359, #10907 ) ) ;
#9100 = CARTESIAN_POINT ( 'NONE',  ( 1.459259842519685700, -2.027999999999999600, 1.267500000000000100 ) ) ;
#9101 = CARTESIAN_POINT ( 'NONE',  ( 1.081000000000000400, -1.926500000000000300, 1.630000000000000100 ) ) ;
#9102 = FACE_OUTER_BOUND ( 'NONE', #8880, .T. ) ;
#9103 = ORIENTED_EDGE ( 'NONE', *, *, #5310, .F. ) ;
#9104 = TOROIDAL_SURFACE ( 'NONE', #4234, 0.2954999999999984900, 0.02500000000000000100 ) ;
#9105 = EDGE_LOOP ( 'NONE', ( #3634, #6392, #2881, #9045 ) ) ;
#9106 = ORIENTED_EDGE ( 'NONE', *, *, #6195, .T. ) ;
#9107 = AXIS2_PLACEMENT_3D ( 'NONE', #8430, #2574, #56 ) ;
#9108 = CARTESIAN_POINT ( 'NONE',  ( 1.002499999999999900, -1.926500000000000300, 1.540000000000000000 ) ) ;
#9109 = VERTEX_POINT ( 'NONE', #3467 ) ;
#9110 = AXIS2_PLACEMENT_3D ( 'NONE', #762, #7417, #6712 ) ;
#9111 = DIRECTION ( 'NONE',  ( 0.0000000000000000000, 1.000000000000000000, 0.0000000000000000000 ) ) ;
#9112 = EDGE_CURVE ( 'NONE', #2413, #3434, #7794, .T. ) ;
#9114 = CARTESIAN_POINT ( 'NONE',  ( 1.751999999999999600, 1.619499999999999500, 1.564999999999999700 ) ) ;
#9113 = CARTESIAN_POINT ( 'NONE',  ( -1.726999999999999600, -1.926500000000000300, 1.564999999999999700 ) ) ;
#9115 = CARTESIAN_POINT ( 'NONE',  ( -1.625848074029412800, -2.265000000000002300, 1.614999999999999800 ) ) ;
#9116 = VERTEX_POINT ( 'NONE', #6931 ) ;
#9117 = ORIENTED_EDGE ( 'NONE', *, *, #6293, .T. ) ;
#9118 = VECTOR ( 'NONE', #2694, 39.37007874015748100 ) ;
#9119 = LINE ( 'NONE', #1513, #6871 ) ;
#9120 = ORIENTED_EDGE ( 'NONE', *, *, #6552, .F. ) ;
#9121 = CARTESIAN_POINT ( 'NONE',  ( 1.498499999999999100, -1.873000000000000000, 1.540000000000000000 ) ) ;
#9122 = ORIENTED_EDGE ( 'NONE', *, *, #6100, .F. ) ;
#9123 = DIRECTION ( 'NONE',  ( 0.0000000000000000000, 0.0000000000000000000, -1.000000000000000000 ) ) ;
#9124 = EDGE_CURVE ( 'NONE', #1963, #8881, #3528, .T. ) ;
#9125 = CARTESIAN_POINT ( 'NONE',  ( 1.081000000000000400, -1.823000000000000000, 1.639999999999999900 ) ) ;
#9126 = LINE ( 'NONE', #10637, #7675 ) ;
#9127 = EDGE_LOOP ( 'NONE', ( #378, #8225, #8327, #4835 ) ) ;
#9128 = ADVANCED_FACE ( 'NONE', ( #4723 ), #8997, .F. ) ;
#9129 = CIRCLE ( 'NONE', #5093, 0.09610128398039066700 ) ;
#9130 = LINE ( 'NONE', #3786, #6884 ) ;
#9131 = EDGE_LOOP ( 'NONE', ( #4170, #884, #10792, #1812 ) ) ;
#9132 = PLANE ( 'NONE',  #582 ) ;
#9133 = DIRECTION ( 'NONE',  ( 1.000000000000000000, 0.0000000000000000000, 0.0000000000000000000 ) ) ;
#9134 = AXIS2_PLACEMENT_3D ( 'NONE', #1292, #434, #5594 ) ;
#9135 = ORIENTED_EDGE ( 'NONE', *, *, #707, .T. ) ;
#9136 = ORIENTED_EDGE ( 'NONE', *, *, #2328, .T. ) ;
#9137 = DIRECTION ( 'NONE',  ( 0.0000000000000000000, 0.0000000000000000000, -1.000000000000000000 ) ) ;
#9138 = CYLINDRICAL_SURFACE ( 'NONE', #1198, 0.1575000000000004500 ) ;
#9139 = LINE ( 'NONE', #3612, #4599 ) ;
#9140 = ORIENTED_EDGE ( 'NONE', *, *, #10136, .F. ) ;
#9141 = ADVANCED_FACE ( 'NONE', ( #2204, #8731 ), #5301, .T. ) ;
#9142 = EDGE_CURVE ( 'NONE', #9827, #7644, #2614, .T. ) ;
#9143 = DIRECTION ( 'NONE',  ( 0.0000000000000000000, 1.000000000000000000, 0.0000000000000000000 ) ) ;
#9144 = VECTOR ( 'NONE', #709, 39.37007874015748100 ) ;
#9145 = ORIENTED_EDGE ( 'NONE', *, *, #6309, .F. ) ;
#9146 = EDGE_CURVE ( 'NONE', #7635, #3274, #3263, .T. ) ;
#9147 = B_SPLINE_CURVE_WITH_KNOTS ( 'NONE', 3,
 ( #7860, #2609, #128, #7776, #4458, #2752, #4311, #6914, #3598, #4394 ),
 .UNSPECIFIED., .F., .F.,
 ( 4, 2, 2, 2, 4 ),
 ( 1.971563028758743200E-007, 0.0004000189154631293300, 0.0007998406746233827800, 0.001199662433783636400, 0.001599484192943889800 ),
 .UNSPECIFIED. ) ;
#9148 = EDGE_LOOP ( 'NONE', ( #7180, #932, #1290, #10178 ) ) ;
#9149 = CARTESIAN_POINT ( 'NONE',  ( 0.7070000000000014100, -2.146999999999998900, 0.1200000000000000900 ) ) ;
#9150 = EDGE_CURVE ( 'NONE', #6792, #9567, #908, .T. ) ;
#9151 = EDGE_LOOP ( 'NONE', ( #7933, #3172, #7910, #9470 ) ) ;
#9152 = CARTESIAN_POINT ( 'NONE',  ( 1.616740157480315100, -2.027999999999999600, 1.580000000000000100 ) ) ;
#9153 = EDGE_LOOP ( 'NONE', ( #200, #2834 ) ) ;
#9154 = CIRCLE ( 'NONE', #418, 0.1535000000000004100 ) ;
#9156 = DIRECTION ( 'NONE',  ( -1.000000000000000000, 0.0000000000000000000, 0.0000000000000000000 ) ) ;
#9155 = CARTESIAN_POINT ( 'NONE',  ( -1.482251619347311900, -2.164559027730145000, 2.004999999999999400 ) ) ;
#9157 = CARTESIAN_POINT ( 'NONE',  ( -1.081000000000000400, -1.823000000000000000, 1.540000000000000000 ) ) ;
#9158 = VECTOR ( 'NONE', #10268, 39.37007874015748100 ) ;
#9159 = CARTESIAN_POINT ( 'NONE',  ( -0.7070000000000014100, 2.196999999999998700, 1.564999999999999700 ) ) ;
#9160 = ORIENTED_EDGE ( 'NONE', *, *, #106, .F. ) ;
#9161 = ORIENTED_EDGE ( 'NONE', *, *, #802, .T. ) ;
#9162 = ORIENTED_EDGE ( 'NONE', *, *, #9588, .T. ) ;
#9163 = AXIS2_PLACEMENT_3D ( 'NONE', #7813, #5282, #10496 ) ;
#9164 = CARTESIAN_POINT ( 'NONE',  ( 1.498499999999999100, -1.772999999999999900, 1.630000000000000100 ) ) ;
#9165 = ORIENTED_EDGE ( 'NONE', *, *, #10910, .F. ) ;
#9166 = EDGE_CURVE ( 'NONE', #4313, #6446, #2871, .T. ) ;
#9167 = LINE ( 'NONE', #8811, #10370 ) ;
#9168 = EDGE_CURVE ( 'NONE', #894, #8469, #7544, .T. ) ;
#9169 = DIRECTION ( 'NONE',  ( 0.0000000000000000000, 0.0000000000000000000, 1.000000000000000000 ) ) ;
#9170 = AXIS2_PLACEMENT_3D ( 'NONE', #695, #655, #5027 ) ;
#9171 = EDGE_CURVE ( 'NONE', #4898, #3981, #759, .T. ) ;
#9172 = FACE_BOUND ( 'NONE', #2883, .T. ) ;
#9173 = CARTESIAN_POINT ( 'NONE',  ( 1.537999999999999400, -2.028000000000001400, 2.159999999999999700 ) ) ;
#9174 = CARTESIAN_POINT ( 'NONE',  ( 1.651999999999999500, 1.619499999999999500, 1.630000000000000100 ) ) ;
#9175 = EDGE_LOOP ( 'NONE', ( #7186, #4166, #4217, #9796, #5030, #9606, #4331, #1045, #8444, #10253, #8989, #1955, #3884, #930, #4776, #4065, #3803, #9302, #3035, #95 ) ) ;
#9176 = CARTESIAN_POINT ( 'NONE',  ( -0.7070000000000014100, 2.196999999999998700, 1.630000000000000100 ) ) ;
#9177 = DIRECTION ( 'NONE',  ( 0.0000000000000000000, 0.0000000000000000000, -1.000000000000000000 ) ) ;
#9178 = CARTESIAN_POINT ( 'NONE',  ( 1.498499999999999100, -1.873000000000000000, 1.564999999999999700 ) ) ;
#9179 = ORIENTED_EDGE ( 'NONE', *, *, #3965, .F. ) ;
#9180 = ORIENTED_EDGE ( 'NONE', *, *, #10148, .F. ) ;
#9181 = ORIENTED_EDGE ( 'NONE', *, *, #6293, .F. ) ;
#9182 = ORIENTED_EDGE ( 'NONE', *, *, #2579, .F. ) ;
#9183 = CIRCLE ( 'NONE', #8819, 0.07874015748031476500 ) ;
#9184 = ORIENTED_EDGE ( 'NONE', *, *, #4814, .T. ) ;
#9185 = FACE_OUTER_BOUND ( 'NONE', #7782, .T. ) ;
#9186 = CARTESIAN_POINT ( 'NONE',  ( -1.497248319661563800, -2.138583980839976900, 2.043987979976839700 ) ) ;
#9187 = CARTESIAN_POINT ( 'NONE',  ( -1.350500000000000300, 2.027999999999999600, -0.3943848084544492900 ) ) ;
#9188 = ORIENTED_EDGE ( 'NONE', *, *, #6023, .T. ) ;
#9189 = AXIS2_PLACEMENT_3D ( 'NONE', #8883, #2925, #8733 ) ;
#9190 = AXIS2_PLACEMENT_3D ( 'NONE', #2619, #5192, #5292 ) ;
#9191 = EDGE_CURVE ( 'NONE', #6660, #10440, #9139, .T. ) ;
#9192 = CARTESIAN_POINT ( 'NONE',  ( -1.625848074029413200, 2.264999999999998800, 2.169999999999999900 ) ) ;
#9193 = CARTESIAN_POINT ( 'NONE',  ( 1.459259842519685700, -2.027999999999999600, 1.267500000000000100 ) ) ;
#9194 = ORIENTED_EDGE ( 'NONE', *, *, #2551, .F. ) ;
#9195 = ADVANCED_FACE ( 'NONE', ( #7413 ), #7660, .F. ) ;
#9196 = ORIENTED_EDGE ( 'NONE', *, *, #1333, .T. ) ;
#9197 = CYLINDRICAL_SURFACE ( 'NONE', #3685, 0.07874015748031476500 ) ;
#9198 = DIRECTION ( 'NONE',  ( 0.0000000000000000000, 0.0000000000000000000, 1.000000000000000000 ) ) ;
#9199 = ORIENTED_EDGE ( 'NONE', *, *, #6955, .F. ) ;
#9201 = CARTESIAN_POINT ( 'NONE',  ( 1.498499999999999100, -1.619499999999999500, 0.1200000000000000900 ) ) ;
#9200 = CARTESIAN_POINT ( 'NONE',  ( 1.497499999999999800, -1.515499999999999600, 0.3700000000000001100 ) ) ;
#9202 = DIRECTION ( 'NONE',  ( -1.000000000000000000, -4.151904875222836800E-015, 0.0000000000000000000 ) ) ;
#9203 = DIRECTION ( 'NONE',  ( 0.0000000000000000000, 0.0000000000000000000, -1.000000000000000000 ) ) ;
#9204 = AXIS2_PLACEMENT_3D ( 'NONE', #885, #2650, #6068 ) ;
#9205 = ORIENTED_EDGE ( 'NONE', *, *, #8739, .T. ) ;
#9206 = ORIENTED_EDGE ( 'NONE', *, *, #5463, .F. ) ;
#9207 = AXIS2_PLACEMENT_3D ( 'NONE', #5949, #1961, #1172 ) ;
#9208 = PLANE ( 'NONE',  #8169 ) ;
#9209 = VECTOR ( 'NONE', #6302, 39.37007874015748100 ) ;
#9210 = ADVANCED_FACE ( 'NONE', ( #2857 ), #1167, .T. ) ;
#9211 = DIRECTION ( 'NONE',  ( -0.0000000000000000000, -0.0000000000000000000, 1.000000000000000000 ) ) ;
#9212 = DIRECTION ( 'NONE',  ( -0.0000000000000000000, -0.0000000000000000000, 1.000000000000000000 ) ) ;
#9213 = DIRECTION ( 'NONE',  ( -1.000000000000000000, 0.0000000000000000000, 0.0000000000000000000 ) ) ;
#9214 = CARTESIAN_POINT ( 'NONE',  ( -1.081000000000000400, -1.772999999999999900, 2.050000000000000300 ) ) ;
#9215 = DIRECTION ( 'NONE',  ( 1.000000000000000000, 0.0000000000000000000, 0.0000000000000000000 ) ) ;
#9216 = DIRECTION ( 'NONE',  ( -1.000000000000000000, 0.0000000000000000000, 0.0000000000000000000 ) ) ;
#9217 = DATE_TIME_ROLE ( 'classification_date' ) ;
#9218 = CARTESIAN_POINT ( 'NONE',  ( -1.081000000000000400, 1.926500000000000300, 1.639999999999999900 ) ) ;
#9219 = APPLICATION_PROTOCOL_DEFINITION ( 'international standard', 'config_control_design', 1994, #9866 ) ;
#9220 = ORIENTED_EDGE ( 'NONE', *, *, #9711, .F. ) ;
#9221 = VECTOR ( 'NONE', #9484, 39.37007874015748100 ) ;
#9222 = AXIS2_PLACEMENT_3D ( 'NONE', #3243, #593, #4812 ) ;
#9223 = EDGE_CURVE ( 'NONE', #1732, #8583, #9409, .T. ) ;
#9224 = PLANE ( 'NONE',  #3388 ) ;
#9225 = DIRECTION ( 'NONE',  ( -0.0000000000000000000, -0.0000000000000000000, -1.000000000000000000 ) ) ;
#9226 = VECTOR ( 'NONE', #3580, 39.37007874015748100 ) ;
#9227 = EDGE_LOOP ( 'NONE', ( #5667, #509, #5187, #8713 ) ) ;
#9228 = CARTESIAN_POINT ( 'NONE',  ( -1.625848074029413200, 2.254999999999998600, 1.605000000000000000 ) ) ;
#9229 = VECTOR ( 'NONE', #4628, 39.37007874015748100 ) ;
#9230 = CARTESIAN_POINT ( 'NONE',  ( 1.081000000000000400, 1.823000000000000000, 1.580000000000000100 ) ) ;
#9232 = CARTESIAN_POINT ( 'NONE',  ( 1.497248319661563800, -2.138583980839976900, 2.043987979976839700 ) ) ;
#9231 = DIRECTION ( 'NONE',  ( 0.0000000000000000000, 0.0000000000000000000, -1.000000000000000000 ) ) ;
#9233 = LINE ( 'NONE', #7925, #4682 ) ;
#9234 = CARTESIAN_POINT ( 'NONE',  ( -1.538000000000000500, -2.027999999999999100, 2.004999999999999400 ) ) ;
#9235 = VECTOR ( 'NONE', #2566, 39.37007874015748100 ) ;
#9236 = EDGE_CURVE ( 'NONE', #7245, #10323, #6609, .T. ) ;
#9237 = EDGE_CURVE ( 'NONE', #5176, #2437, #4591, .T. ) ;
#9238 = CARTESIAN_POINT ( 'NONE',  ( -1.538000000000000500, 2.027999999999999600, 0.1200000000000000900 ) ) ;
#9239 = DIRECTION ( 'NONE',  ( 0.0000000000000000000, -0.0000000000000000000, 1.000000000000000000 ) ) ;
#9240 = CARTESIAN_POINT ( 'NONE',  ( -1.081000000000000400, -1.926500000000000300, 1.564999999999999700 ) ) ;
#9241 = LINE ( 'NONE', #4598, #10980 ) ;
#9242 = CIRCLE ( 'NONE', #3079, 0.09375000000000033300 ) ;
#9243 = ORIENTED_EDGE ( 'NONE', *, *, #9528, .F. ) ;
#9244 = ADVANCED_FACE ( 'NONE', ( #2597 ), #250, .F. ) ;
#9245 = CARTESIAN_POINT ( 'NONE',  ( -0.7070000000000014100, 1.926500000000000300, 1.564999999999999700 ) ) ;
#9246 = DIRECTION ( 'NONE',  ( 0.0000000000000000000, 1.000000000000000000, 0.0000000000000000000 ) ) ;
#9247 = ORIENTED_EDGE ( 'NONE', *, *, #6522, .F. ) ;
#9248 = DIRECTION ( 'NONE',  ( -0.0000000000000000000, -0.0000000000000000000, 1.000000000000000000 ) ) ;
#9249 = AXIS2_PLACEMENT_3D ( 'NONE', #3195, #4050, #5584 ) ;
#9250 = EDGE_CURVE ( 'NONE', #10440, #627, #9929, .T. ) ;
#9251 = CIRCLE ( 'NONE', #8817, 0.02499999999999987000 ) ;
#9252 = CIRCLE ( 'NONE', #5645, 0.2285000000000003100 ) ;
#9253 = EDGE_LOOP ( 'NONE', ( #8221, #8608, #414, #9103, #10986 ) ) ;
#9254 = ORIENTED_EDGE ( 'NONE', *, *, #6539, .T. ) ;
#9255 = DIRECTION ( 'NONE',  ( 1.000000000000000000, 0.0000000000000000000, 0.0000000000000000000 ) ) ;
#9256 = CARTESIAN_POINT ( 'NONE',  ( -1.701999999999999500, 1.619499999999999500, 1.540000000000000000 ) ) ;
#9257 = ORIENTED_EDGE ( 'NONE', *, *, #330, .F. ) ;
#9258 = DIRECTION ( 'NONE',  ( 1.000000000000000000, 0.0000000000000000000, 0.0000000000000000000 ) ) ;
#9259 = DIRECTION ( 'NONE',  ( -0.0000000000000000000, -0.0000000000000000000, 1.000000000000000000 ) ) ;
#9260 = DIRECTION ( 'NONE',  ( -0.0000000000000000000, -0.0000000000000000000, 1.000000000000000000 ) ) ;
#9261 = ORIENTED_EDGE ( 'NONE', *, *, #9547, .T. ) ;
#9262 = VERTEX_POINT ( 'NONE', #7990 ) ;
#9263 = FACE_OUTER_BOUND ( 'NONE', #9253, .T. ) ;
#9264 = AXIS2_PLACEMENT_3D ( 'NONE', #3373, #8498, #3520 ) ;
#9265 = DIRECTION ( 'NONE',  ( -1.000000000000000000, 0.0000000000000000000, 0.0000000000000000000 ) ) ;
#9266 = CIRCLE ( 'NONE', #9662, 0.07874015748031476500 ) ;
#9267 = ORIENTED_EDGE ( 'NONE', *, *, #5536, .T. ) ;
#9268 = AXIS2_PLACEMENT_3D ( 'NONE', #3037, #1566, #792 ) ;
#9269 = EDGE_CURVE ( 'NONE', #8447, #6861, #626, .T. ) ;
#9270 = DIRECTION ( 'NONE',  ( -0.0000000000000000000, -0.0000000000000000000, -1.000000000000000000 ) ) ;
#9271 = ORIENTED_EDGE ( 'NONE', *, *, #7800, .F. ) ;
#9273 = DIRECTION ( 'NONE',  ( 1.206113904487533100E-016, -1.000000000000000000, 0.0000000000000000000 ) ) ;
#9272 = DIRECTION ( 'NONE',  ( 0.0000000000000000000, 0.0000000000000000000, 1.000000000000000000 ) ) ;
#9274 = CARTESIAN_POINT ( 'NONE',  ( 1.081000000000000400, 1.823000000000000000, 1.564999999999999700 ) ) ;
#9275 = DIRECTION ( 'NONE',  ( 0.0000000000000000000, 0.0000000000000000000, -1.000000000000000000 ) ) ;
#9276 = ORIENTED_EDGE ( 'NONE', *, *, #7800, .T. ) ;
#9277 = CYLINDRICAL_SURFACE ( 'NONE', #5166, 0.1575000000000004500 ) ;
#9278 = DIRECTION ( 'NONE',  ( -0.0000000000000000000, -0.0000000000000000000, -1.000000000000000000 ) ) ;
#9279 = CYLINDRICAL_SURFACE ( 'NONE', #1509, 0.05849999999999993400 ) ;
#9280 = ORIENTED_EDGE ( 'NONE', *, *, #1031, .F. ) ;
#9281 = DIRECTION ( 'NONE',  ( -0.0000000000000000000, -0.0000000000000000000, -1.000000000000000000 ) ) ;
#9282 = VECTOR ( 'NONE', #938, 39.37007874015748100 ) ;
#9283 = CARTESIAN_POINT ( 'NONE',  ( 1.573491067360004900, -1.926527668117621100, 2.044999999999999500 ) ) ;
#9284 = EDGE_LOOP ( 'NONE', ( #6049, #3285, #7042, #9531 ) ) ;
#9285 = AXIS2_PLACEMENT_3D ( 'NONE', #1807, #6142, #9465 ) ;
#9286 = DIRECTION ( 'NONE',  ( -0.0000000000000000000, -0.0000000000000000000, -1.000000000000000000 ) ) ;
#9287 = DIRECTION ( 'NONE',  ( -0.0000000000000000000, -0.0000000000000000000, 1.000000000000000000 ) ) ;
#9288 = EDGE_LOOP ( 'NONE', ( #6852, #9161, #4588, #3130 ) ) ;
#9289 = DIRECTION ( 'NONE',  ( -0.0000000000000000000, -1.000000000000000000, -0.0000000000000000000 ) ) ;
#9290 = CARTESIAN_POINT ( 'NONE',  ( 0.7070000000000014100, -2.221999999999998600, 1.564999999999999700 ) ) ;
#9291 = VERTEX_POINT ( 'NONE', #6395 ) ;
#9292 = ORIENTED_EDGE ( 'NONE', *, *, #1053, .F. ) ;
#9293 = FACE_OUTER_BOUND ( 'NONE', #10085, .T. ) ;
#9294 = EDGE_LOOP ( 'NONE', ( #8311, #8522, #9640, #4734 ) ) ;
#9295 = AXIS2_PLACEMENT_3D ( 'NONE', #1370, #4741, #5720 ) ;
#9296 = CIRCLE ( 'NONE', #9850, 0.1535000000000004100 ) ;
#9297 = ORIENTED_EDGE ( 'NONE', *, *, #2528, .T. ) ;
#9298 = CARTESIAN_POINT ( 'NONE',  ( -1.498499999999999100, 1.823000000000000000, 1.630000000000000100 ) ) ;
#9299 = CARTESIAN_POINT ( 'NONE',  ( 0.7070000000000014100, 2.196999999999998700, 1.580000000000000100 ) ) ;
#9300 = VERTEX_POINT ( 'NONE', #555 ) ;
#9301 = VERTEX_POINT ( 'NONE', #10694 ) ;
#9302 = ORIENTED_EDGE ( 'NONE', *, *, #7739, .T. ) ;
#9303 = CARTESIAN_POINT ( 'NONE',  ( 0.9274999999999999900, 1.926500000000000300, 1.630000000000000100 ) ) ;
#9304 = FACE_OUTER_BOUND ( 'NONE', #10947, .T. ) ;
#9305 = CIRCLE ( 'NONE', #3748, 0.1074999999999993300 ) ;
#9306 = EDGE_CURVE ( 'NONE', #10111, #4313, #7145, .T. ) ;
#9307 = ADVANCED_FACE ( 'NONE', ( #3914 ), #5130, .T. ) ;
#9308 = AXIS2_PLACEMENT_3D ( 'NONE', #2819, #4568, #6226 ) ;
#9309 = ORIENTED_EDGE ( 'NONE', *, *, #598, .F. ) ;
#9310 = DIRECTION ( 'NONE',  ( 0.0000000000000000000, 0.0000000000000000000, 1.000000000000000000 ) ) ;
#9311 = VERTEX_POINT ( 'NONE', #8165 ) ;
#9312 = EDGE_LOOP ( 'NONE', ( #4035, #9962, #3780, #10385 ) ) ;
#9313 = CARTESIAN_POINT ( 'NONE',  ( 1.482251619347311900, -2.164559027730145000, 2.004999999999999400 ) ) ;
#9314 = CARTESIAN_POINT ( 'NONE',  ( -1.183500000000000000, -2.027999999999999100, 0.0000000000000000000 ) ) ;
#9315 = ORIENTED_EDGE ( 'NONE', *, *, #1612, .T. ) ;
#9316 = FACE_OUTER_BOUND ( 'NONE', #1252, .T. ) ;
#9317 = CARTESIAN_POINT ( 'NONE',  ( -1.701999999999999500, 1.619499999999999500, 1.564999999999999700 ) ) ;
#9318 = LINE ( 'NONE', #4354, #7063 ) ;
#9319 = DIRECTION ( 'NONE',  ( 1.000000000000000000, 0.0000000000000000000, 0.0000000000000000000 ) ) ;
#9320 = EDGE_LOOP ( 'NONE', ( #9650, #7442, #4352, #9257 ) ) ;
#9321 = AXIS2_PLACEMENT_3D ( 'NONE', #2197, #8305, #7416 ) ;
#9322 = CARTESIAN_POINT ( 'NONE',  ( -1.625848074029413200, 2.120848074029412900, 2.121949358009804300 ) ) ;
#9323 = ORIENTED_EDGE ( 'NONE', *, *, #10289, .F. ) ;
#9324 = EDGE_CURVE ( 'NONE', #1980, #4600, #1022, .T. ) ;
#9325 = ORIENTED_EDGE ( 'NONE', *, *, #9379, .F. ) ;
#9326 = CC_DESIGN_PERSON_AND_ORGANIZATION_ASSIGNMENT ( #1214, #2422, ( #6251 ) ) ;
#9327 = EDGE_CURVE ( 'NONE', #5280, #1318, #5393, .T. ) ;
#9328 = VERTEX_POINT ( 'NONE', #9771 ) ;
#9329 = CIRCLE ( 'NONE', #8887, 0.07874015748031476500 ) ;
#9330 = DIRECTION ( 'NONE',  ( 0.0000000000000000000, 0.0000000000000000000, 1.000000000000000000 ) ) ;
#9331 = DIRECTION ( 'NONE',  ( 0.0000000000000000000, 0.0000000000000000000, 1.000000000000000000 ) ) ;
#9332 = EDGE_LOOP ( 'NONE', ( #4441, #6258, #10044, #10425 ) ) ;
#9333 = CARTESIAN_POINT ( 'NONE',  ( -1.613410759851399800, -1.937384732500002000, 2.043974741639081200 ) ) ;
#9334 = CIRCLE ( 'NONE', #3109, 0.2204999999999985000 ) ;
#9335 = DIRECTION ( 'NONE',  ( 0.0000000000000000000, 0.0000000000000000000, -1.000000000000000000 ) ) ;
#9336 = ORIENTED_EDGE ( 'NONE', *, *, #8835, .F. ) ;
#9337 = ADVANCED_FACE ( 'NONE', ( #349 ), #8019, .T. ) ;
#9338 = ORIENTED_EDGE ( 'NONE', *, *, #10304, .T. ) ;
#9339 = ORIENTED_EDGE ( 'NONE', *, *, #10522, .T. ) ;
#9340 = DIRECTION ( 'NONE',  ( -0.0000000000000000000, -0.0000000000000000000, -1.000000000000000000 ) ) ;
#9341 = AXIS2_PLACEMENT_3D ( 'NONE', #1479, #3179, #3952 ) ;
#9342 = LINE ( 'NONE', #10374, #3713 ) ;
#9343 = AXIS2_PLACEMENT_3D ( 'NONE', #1041, #1829, #6986 ) ;
#9344 = CARTESIAN_POINT ( 'NONE',  ( 1.398499999999999900, -1.515499999999999600, 0.1200000000000000900 ) ) ;
#9345 = EDGE_CURVE ( 'NONE', #2115, #7072, #893, .T. ) ;
#9346 = CARTESIAN_POINT ( 'NONE',  ( -1.538000000000000500, 2.027999999999999600, 1.919999999999999700 ) ) ;
#9347 = DIRECTION ( 'NONE',  ( -0.0000000000000000000, -0.0000000000000000000, -1.000000000000000000 ) ) ;
#9348 = VERTEX_POINT ( 'NONE', #5555 ) ;
#9349 = CARTESIAN_POINT ( 'NONE',  ( -1.538000000000000500, -2.027999999999999100, 2.004999999999999400 ) ) ;
#9350 = LINE ( 'NONE', #7872, #4793 ) ;
#9352 = CARTESIAN_POINT ( 'NONE',  ( -1.498499999999999100, -1.619499999999999500, 1.630000000000000100 ) ) ;
#9351 = CARTESIAN_POINT ( 'NONE',  ( -1.726999999999999600, -1.619499999999999500, 1.564999999999999700 ) ) ;
#9353 = DIRECTION ( 'NONE',  ( 1.000000000000000000, 0.0000000000000000000, 0.0000000000000000000 ) ) ;
#9354 = AXIS2_PLACEMENT_3D ( 'NONE', #852, #8544, #3464 ) ;
#9355 = EDGE_CURVE ( 'NONE', #4076, #4576, #9130, .T. ) ;
#9356 = CIRCLE ( 'NONE', #7343, 0.07874015748031476500 ) ;
#9357 = ORIENTED_EDGE ( 'NONE', *, *, #501, .T. ) ;
#9358 = CARTESIAN_POINT ( 'NONE',  ( -1.498499999999999100, 1.873000000000000000, 1.564999999999999700 ) ) ;
#9359 = CIRCLE ( 'NONE', #7257, 0.1474999999999994600 ) ;
#9360 = DIRECTION ( 'NONE',  ( -0.0000000000000000000, 0.0000000000000000000, 1.000000000000000000 ) ) ;
#9361 = CARTESIAN_POINT ( 'NONE',  ( 1.538000000000000500, 2.027999999999999100, 2.004999999999999400 ) ) ;
#9362 = CARTESIAN_POINT ( 'NONE',  ( 1.538000000000000500, 2.027999999999999100, 1.919999999999999700 ) ) ;
#9363 = CARTESIAN_POINT ( 'NONE',  ( -1.081000000000000400, 1.847999999999999900, 1.564999999999999700 ) ) ;
#9364 = DIRECTION ( 'NONE',  ( -0.0000000000000000000, -0.0000000000000000000, -1.000000000000000000 ) ) ;
#9365 = CARTESIAN_POINT ( 'NONE',  ( 1.721949358009805800, 2.264999999999998800, 2.169999999999999900 ) ) ;
#9366 = TOROIDAL_SURFACE ( 'NONE', #10762, 0.1675000000000003400, 0.01000000000000000000 ) ;
#9367 = PERSON_AND_ORGANIZATION ( #5159, #4153 ) ;
#9368 = EDGE_CURVE ( 'NONE', #685, #11020, #4058, .T. ) ;
#9369 = CARTESIAN_POINT ( 'NONE',  ( -1.081000000000000400, -1.873000000000000000, 1.540000000000000000 ) ) ;
#9370 = EDGE_CURVE ( 'NONE', #4640, #381, #10870, .T. ) ;
#9371 = APPLICATION_CONTEXT ( 'configuration controlled 3d designs of mechanical parts and assemblies' ) ;
#9372 = CIRCLE ( 'NONE', #10038, 0.1575000000000004500 ) ;
#9373 = DIRECTION ( 'NONE',  ( -1.000000000000000000, 0.0000000000000000000, 0.0000000000000000000 ) ) ;
#9374 = CIRCLE ( 'NONE', #8242, 0.3204999999999984500 ) ;
#9375 = VERTEX_POINT ( 'NONE', #4660 ) ;
#9376 = CARTESIAN_POINT ( 'NONE',  ( 1.721949358009806200, 2.120848074029412900, 0.0000000000000000000 ) ) ;
#9377 = CARTESIAN_POINT ( 'NONE',  ( 1.593748380652692200, 1.891440972269847100, 2.010319632494771200 ) ) ;
#9378 = AXIS2_PLACEMENT_3D ( 'NONE', #6799, #7816, #3734 ) ;
#9379 = EDGE_CURVE ( 'NONE', #8513, #1018, #8208, .T. ) ;
#9380 = EDGE_CURVE ( 'NONE', #10005, #4316, #3513, .T. ) ;
#9381 = DIRECTION ( 'NONE',  ( 1.000000000000000000, 0.0000000000000000000, 0.0000000000000000000 ) ) ;
#9382 = ADVANCED_FACE ( 'NONE', ( #5522 ), #3774, .T. ) ;
#9383 = FACE_OUTER_BOUND ( 'NONE', #3824, .T. ) ;
#9384 = AXIS2_PLACEMENT_3D ( 'NONE', #9061, #8136, #3941 ) ;
#9385 = EDGE_CURVE ( 'NONE', #8232, #6879, #7785, .T. ) ;
#9386 = VERTEX_POINT ( 'NONE', #401 ) ;
#9387 = LINE ( 'NONE', #6273, #8040 ) ;
#9388 = VERTEX_POINT ( 'NONE', #3169 ) ;
#9389 = ORIENTED_EDGE ( 'NONE', *, *, #10910, .T. ) ;
#9390 = ORIENTED_EDGE ( 'NONE', *, *, #3445, .F. ) ;
#9391 = DIRECTION ( 'NONE',  ( -1.000000000000000000, 0.0000000000000000000, 0.0000000000000000000 ) ) ;
#9392 = VERTEX_POINT ( 'NONE', #1256 ) ;
#9393 = CARTESIAN_POINT ( 'NONE',  ( -1.183500000000000000, -2.027999999999999100, 0.0000000000000000000 ) ) ;
#9394 = TOROIDAL_SURFACE ( 'NONE', #2949, 0.2285000000000004500, 0.02500000000000000100 ) ;
#9395 = DIRECTION ( 'NONE',  ( -1.000000000000000000, 0.0000000000000000000, 0.0000000000000000000 ) ) ;
#9396 = DIRECTION ( 'NONE',  ( 0.0000000000000000000, 0.0000000000000000000, 1.000000000000000000 ) ) ;
#9397 = ORIENTED_EDGE ( 'NONE', *, *, #1745, .F. ) ;
#9398 = LINE ( 'NONE', #8796, #5380 ) ;
#9399 = VERTEX_POINT ( 'NONE', #7213 ) ;
#9400 = CARTESIAN_POINT ( 'NONE',  ( -1.616740157480315100, 2.027999999999999600, 1.267500000000000100 ) ) ;
#9401 = CARTESIAN_POINT ( 'NONE',  ( -1.651999999999999500, 1.619499999999999500, 1.630000000000000100 ) ) ;
#9402 = AXIS2_PLACEMENT_3D ( 'NONE', #2884, #2802, #1207 ) ;
#9403 = AXIS2_PLACEMENT_3D ( 'NONE', #5708, #4883, #8207 ) ;
#9404 = EDGE_CURVE ( 'NONE', #627, #7988, #4859, .T. ) ;
#9405 = TOROIDAL_SURFACE ( 'NONE', #1780, 0.2285000000000004500, 0.02500000000000000100 ) ;
#9406 = ORIENTED_EDGE ( 'NONE', *, *, #1947, .T. ) ;
#9407 = CARTESIAN_POINT ( 'NONE',  ( -1.339999999999999900, -1.515499999999999600, 0.3700000000000001100 ) ) ;
#9408 = CYLINDRICAL_SURFACE ( 'NONE', #6098, 0.07874015748031476500 ) ;
#9409 = LINE ( 'NONE', #4518, #5258 ) ;
#9410 = ORIENTED_EDGE ( 'NONE', *, *, #9530, .F. ) ;
#9411 = CARTESIAN_POINT ( 'NONE',  ( 1.081000000000000400, -1.926500000000000300, 1.639999999999999900 ) ) ;
#9412 = DIRECTION ( 'NONE',  ( -0.0000000000000000000, -0.0000000000000000000, 1.000000000000000000 ) ) ;
#9413 = DIRECTION ( 'NONE',  ( 0.0000000000000000000, 0.0000000000000000000, 1.000000000000000000 ) ) ;
#9414 = ORIENTED_EDGE ( 'NONE', *, *, #2302, .F. ) ;
#9415 = ORIENTED_EDGE ( 'NONE', *, *, #11042, .F. ) ;
#9416 = AXIS2_PLACEMENT_3D ( 'NONE', #2946, #6272, #3781 ) ;
#9417 = EDGE_CURVE ( 'NONE', #8372, #8743, #3389, .T. ) ;
#9418 = ORIENTED_EDGE ( 'NONE', *, *, #4030, .T. ) ;
#9419 = LINE ( 'NONE', #730, #1299 ) ;
#9420 = VECTOR ( 'NONE', #4178, 39.37007874015748100 ) ;
#9421 = ORIENTED_EDGE ( 'NONE', *, *, #2114, .T. ) ;
#9422 = CIRCLE ( 'NONE', #9222, 0.2035000000000004300 ) ;
#9423 = CARTESIAN_POINT ( 'NONE',  ( 1.393102622522006700, 2.146999999999998900, 0.1200000000000000900 ) ) ;
#9424 = EDGE_LOOP ( 'NONE', ( #2205, #729, #2487, #2992 ) ) ;
#9425 = CARTESIAN_POINT ( 'NONE',  ( -0.7070000000000014100, -1.926500000000000300, 2.050000000000000300 ) ) ;
#9426 = VERTEX_POINT ( 'NONE', #9178 ) ;
#9427 = ORIENTED_EDGE ( 'NONE', *, *, #5973, .F. ) ;
#9428 = ORIENTED_EDGE ( 'NONE', *, *, #7109, .T. ) ;
#9429 = CARTESIAN_POINT ( 'NONE',  ( -1.340000000000000500, 1.515499999999999600, 0.1200000000000000900 ) ) ;
#9430 = CIRCLE ( 'NONE', #1216, 0.2035000000000004300 ) ;
#9431 = CARTESIAN_POINT ( 'NONE',  ( -1.498499999999999100, 1.772999999999999900, 2.050000000000000300 ) ) ;
#9432 = AXIS2_PLACEMENT_3D ( 'NONE', #5993, #9467, #6789 ) ;
#9433 = CYLINDRICAL_SURFACE ( 'NONE', #3901, 0.1474999999999994600 ) ;
#9435 = CARTESIAN_POINT ( 'NONE',  ( 0.7070000000000014100, -2.246999999999998600, 1.639999999999999900 ) ) ;
#9434 = DIRECTION ( 'NONE',  ( -1.000000000000000000, 0.0000000000000000000, 0.0000000000000000000 ) ) ;
#9436 = ORIENTED_EDGE ( 'NONE', *, *, #10324, .F. ) ;
#9437 = CARTESIAN_POINT ( 'NONE',  ( 1.183500000000000000, -2.027999999999999100, 0.0000000000000000000 ) ) ;
#9438 = CARTESIAN_POINT ( 'NONE',  ( 0.7070000000000014100, -2.146999999999998900, 2.050000000000000300 ) ) ;
#9439 = DIRECTION ( 'NONE',  ( -1.000000000000000000, 0.0000000000000000000, 0.0000000000000000000 ) ) ;
#9440 = ORIENTED_EDGE ( 'NONE', *, *, #2158, .F. ) ;
#9441 = ORIENTED_EDGE ( 'NONE', *, *, #8006, .F. ) ;
#9442 = VERTEX_POINT ( 'NONE', #10778 ) ;
#9443 = CYLINDRICAL_SURFACE ( 'NONE', #1149, 0.1574999999999998900 ) ;
#9444 = ADVANCED_FACE ( 'NONE', ( #10732 ), #8863, .F. ) ;
#9445 = CARTESIAN_POINT ( 'NONE',  ( -0.7070000000000014100, 1.926500000000000300, 0.1200000000000000900 ) ) ;
#9446 = FACE_OUTER_BOUND ( 'NONE', #241, .T. ) ;
#9447 = CARTESIAN_POINT ( 'NONE',  ( -0.9774999999999999200, -1.926500000000000300, 1.639999999999999900 ) ) ;
#9448 = EDGE_LOOP ( 'NONE', ( #7950, #778, #2223, #3832 ) ) ;
#9449 = DIRECTION ( 'NONE',  ( 1.000000000000000000, 0.0000000000000000000, 0.0000000000000000000 ) ) ;
#9450 = ORIENTED_EDGE ( 'NONE', *, *, #8126, .T. ) ;
#9451 = CARTESIAN_POINT ( 'NONE',  ( 1.770000000000001600, -2.265000000000001000, 2.121949358009804300 ) ) ;
#9452 = ORIENTED_EDGE ( 'NONE', *, *, #8298, .T. ) ;
#9453 = VERTEX_POINT ( 'NONE', #9065 ) ;
#9454 = CARTESIAN_POINT ( 'NONE',  ( -1.081000000000000400, -1.926500000000000300, 0.1200000000000000900 ) ) ;
#9455 = ORIENTED_EDGE ( 'NONE', *, *, #10570, .F. ) ;
#9456 = EDGE_CURVE ( 'NONE', #9442, #1963, #2984, .T. ) ;
#9457 = CIRCLE ( 'NONE', #4103, 0.09610128398039066700 ) ;
#9458 = EDGE_CURVE ( 'NONE', #2067, #10514, #1931, .T. ) ;
#9459 = CARTESIAN_POINT ( 'NONE',  ( 1.447610603195933500, -2.144559027730145000, 2.004999999999999400 ) ) ;
#9460 = ORIENTED_EDGE ( 'NONE', *, *, #8004, .F. ) ;
#9461 = CIRCLE ( 'NONE', #1905, 0.07874015748031476500 ) ;
#9462 = CARTESIAN_POINT ( 'NONE',  ( 1.538000000000000500, 2.027999999999999100, 2.169999999999999900 ) ) ;
#9463 = EDGE_LOOP ( 'NONE', ( #3977, #5712, #4250 ) ) ;
#9464 = DIRECTION ( 'NONE',  ( 0.0000000000000000000, 1.000000000000000000, 0.0000000000000000000 ) ) ;
#9465 = DIRECTION ( 'NONE',  ( 0.0000000000000000000, 0.0000000000000000000, 1.000000000000000000 ) ) ;
#9466 = VERTEX_POINT ( 'NONE', #588 ) ;
#9467 = DIRECTION ( 'NONE',  ( -0.0000000000000000000, -0.0000000000000000000, -1.000000000000000000 ) ) ;
#9468 = ORIENTED_EDGE ( 'NONE', *, *, #8, .T. ) ;
#9469 = CIRCLE ( 'NONE', #1982, 0.1875000000000001100 ) ;
#9470 = ORIENTED_EDGE ( 'NONE', *, *, #3173, .F. ) ;
#9471 = CARTESIAN_POINT ( 'NONE',  ( -1.081000000000000400, 1.926500000000000300, 1.580000000000000100 ) ) ;
#9472 = AXIS2_PLACEMENT_3D ( 'NONE', #7304, #9047, #2229 ) ;
#9473 = CARTESIAN_POINT ( 'NONE',  ( 1.701999999999999500, 1.619499999999999500, 1.540000000000000000 ) ) ;
#9474 = EDGE_CURVE ( 'NONE', #7035, #10918, #9795, .T. ) ;
#9475 = CARTESIAN_POINT ( 'NONE',  ( 1.625848074029415400, -2.216949358009805400, 2.169999999999999900 ) ) ;
#9476 = CARTESIAN_POINT ( 'NONE',  ( 1.701999999999999500, -1.619499999999999500, 1.630000000000000100 ) ) ;
#9477 = CARTESIAN_POINT ( 'NONE',  ( -1.081000000000000400, 1.873000000000000000, 1.564999999999999700 ) ) ;
#9478 = VERTEX_POINT ( 'NONE', #8357 ) ;
#9479 = EDGE_LOOP ( 'NONE', ( #6926, #2051, #10311, #7822 ) ) ;
#9480 = CARTESIAN_POINT ( 'NONE',  ( -1.695500000000000900, 2.027999999999999600, 1.919999999999999700 ) ) ;
#9481 = CARTESIAN_POINT ( 'NONE',  ( -1.081000000000000400, 1.926500000000000300, 2.050000000000000300 ) ) ;
#9482 = CIRCLE ( 'NONE', #936, 0.05849999999999993400 ) ;
#9483 = PLANE ( 'NONE',  #637 ) ;
#9484 = DIRECTION ( 'NONE',  ( -0.0000000000000000000, -0.0000000000000000000, 1.000000000000000000 ) ) ;
#9485 = CARTESIAN_POINT ( 'NONE',  ( -0.7070000000000014100, -1.926500000000000300, 0.1200000000000000900 ) ) ;
#9486 = AXIS2_PLACEMENT_3D ( 'NONE', #13, #5963, #876 ) ;
#9487 = ORIENTED_EDGE ( 'NONE', *, *, #861, .T. ) ;
#9488 = AXIS2_PLACEMENT_3D ( 'NONE', #7335, #2994, #8182 ) ;
#9489 = CARTESIAN_POINT ( 'NONE',  ( -1.081000000000000400, 1.847999999999999900, 1.540000000000000000 ) ) ;
#9490 = DIRECTION ( 'NONE',  ( 1.272782003896287900E-015, 1.000000000000000000, 0.0000000000000000000 ) ) ;
#9491 = ORIENTED_EDGE ( 'NONE', *, *, #5004, .F. ) ;
#9492 = VECTOR ( 'NONE', #5359, 39.37007874015748100 ) ;
#9493 = PLANE ( 'NONE',  #7044 ) ;
#9494 = DIRECTION ( 'NONE',  ( 0.0000000000000000000, 1.000000000000000000, 0.0000000000000000000 ) ) ;
#9495 = VECTOR ( 'NONE', #1254, 39.37007874015748100 ) ;
#9496 = VERTEX_POINT ( 'NONE', #4099 ) ;
#9497 = VECTOR ( 'NONE', #7184, 39.37007874015748100 ) ;
#9498 = ADVANCED_FACE ( 'NONE', ( #3653 ), #2060, .T. ) ;
#9499 = AXIS2_PLACEMENT_3D ( 'NONE', #5473, #8969, #3814 ) ;
#9500 = EDGE_CURVE ( 'NONE', #9478, #8781, #6888, .T. ) ;
#9501 = CARTESIAN_POINT ( 'NONE',  ( -1.498499999999999100, 1.619499999999999500, 2.050000000000000300 ) ) ;
#9502 = DIRECTION ( 'NONE',  ( -0.0000000000000000000, -0.0000000000000000000, -1.000000000000000000 ) ) ;
#9503 = AXIS2_PLACEMENT_3D ( 'NONE', #1006, #5224, #6966 ) ;
#9504 = VECTOR ( 'NONE', #9619, 39.37007874015748100 ) ;
#9505 = FACE_OUTER_BOUND ( 'NONE', #1354, .T. ) ;
#9506 = DIRECTION ( 'NONE',  ( -1.000000000000000000, 0.0000000000000000000, 0.0000000000000000000 ) ) ;
#9507 = DIRECTION ( 'NONE',  ( 1.000000000000000000, 0.0000000000000000000, 0.0000000000000000000 ) ) ;
#9508 = CARTESIAN_POINT ( 'NONE',  ( -1.751999999999999600, -1.619499999999999500, 1.605000000000000000 ) ) ;
#9509 = PLANE ( 'NONE',  #151 ) ;
#9510 = CARTESIAN_POINT ( 'NONE',  ( 1.459259842519684500, -2.028000000000001400, 1.919999999999999700 ) ) ;
#9511 = ADVANCED_FACE ( 'NONE', ( #6337 ), #8329, .T. ) ;
#9512 = VECTOR ( 'NONE', #5884, 39.37007874015748100 ) ;
#9513 = VECTOR ( 'NONE', #9022, 39.37007874015748100 ) ;
#9514 = EDGE_CURVE ( 'NONE', #7354, #1659, #6060, .T. ) ;
#9515 = ORIENTED_EDGE ( 'NONE', *, *, #10961, .F. ) ;
#9516 = CARTESIAN_POINT ( 'NONE',  ( 1.498499999999999100, -1.619499999999999500, 2.050000000000000300 ) ) ;
#9517 = ORIENTED_EDGE ( 'NONE', *, *, #2917, .F. ) ;
#9518 = CARTESIAN_POINT ( 'NONE',  ( -1.701999999999999500, -1.619499999999999500, 1.639999999999999900 ) ) ;
#9519 = DIRECTION ( 'NONE',  ( 0.0000000000000000000, 0.0000000000000000000, -1.000000000000000000 ) ) ;
#9520 = FACE_OUTER_BOUND ( 'NONE', #8214, .T. ) ;
#9521 = VECTOR ( 'NONE', #745, 39.37007874015748100 ) ;
#9522 = VERTEX_POINT ( 'NONE', #3946 ) ;
#9523 = ORIENTED_EDGE ( 'NONE', *, *, #982, .T. ) ;
#9524 = VERTEX_POINT ( 'NONE', #2358 ) ;
#9525 = DIRECTION ( 'NONE',  ( -0.0000000000000000000, -0.0000000000000000000, 1.000000000000000000 ) ) ;
#9526 = AXIS2_PLACEMENT_3D ( 'NONE', #3316, #8278, #4165 ) ;
#9527 = EDGE_CURVE ( 'NONE', #2505, #9466, #8600, .T. ) ;
#9528 = EDGE_CURVE ( 'NONE', #1318, #4171, #1277, .T. ) ;
#9529 = CARTESIAN_POINT ( 'NONE',  ( 1.625848074029415400, 2.120848074029412900, 0.04805064199019547200 ) ) ;
#9530 = EDGE_CURVE ( 'NONE', #7992, #8616, #5792, .T. ) ;
#9531 = ORIENTED_EDGE ( 'NONE', *, *, #971, .T. ) ;
#9532 = ORIENTED_EDGE ( 'NONE', *, *, #6980, .T. ) ;
#9533 = FACE_OUTER_BOUND ( 'NONE', #10341, .T. ) ;
#9534 = DIRECTION ( 'NONE',  ( -0.0000000000000000000, -0.0000000000000000000, 1.000000000000000000 ) ) ;
#9535 = ORIENTED_EDGE ( 'NONE', *, *, #2013, .F. ) ;
#9536 = ADVANCED_FACE ( 'NONE', ( #10061 ), #6203, .T. ) ;
#9537 = ORIENTED_EDGE ( 'NONE', *, *, #4937, .F. ) ;
#9539 = DIRECTION ( 'NONE',  ( 1.000000000000000000, 0.0000000000000000000, 0.0000000000000000000 ) ) ;
#9538 = DIRECTION ( 'NONE',  ( 0.0000000000000000000, 0.0000000000000000000, -1.000000000000000000 ) ) ;
#9540 = DIRECTION ( 'NONE',  ( -0.0000000000000000000, -0.0000000000000000000, -1.000000000000000000 ) ) ;
#9541 = ORIENTED_EDGE ( 'NONE', *, *, #7464, .T. ) ;
#9542 = VECTOR ( 'NONE', #1817, 39.37007874015748100 ) ;
#9543 = AXIS2_PLACEMENT_3D ( 'NONE', #6993, #7831, #8688 ) ;
#9544 = FACE_OUTER_BOUND ( 'NONE', #9703, .T. ) ;
#9545 = ORIENTED_EDGE ( 'NONE', *, *, #5484, .F. ) ;
#9546 = AXIS2_PLACEMENT_3D ( 'NONE', #4552, #8884, #3754 ) ;
#9547 = EDGE_CURVE ( 'NONE', #1011, #9301, #1407, .T. ) ;
#9548 = TOROIDAL_SURFACE ( 'NONE', #2929, 0.07850000000000047200, 0.02500000000000000100 ) ;
#9549 = ADVANCED_FACE ( 'NONE', ( #1546 ), #7535, .F. ) ;
#9550 = VERTEX_POINT ( 'NONE', #845 ) ;
#9551 = CARTESIAN_POINT ( 'NONE',  ( 1.537999999999999400, -2.028000000000001400, 1.919999999999999700 ) ) ;
#9552 = DIRECTION ( 'NONE',  ( 0.0000000000000000000, 0.0000000000000000000, -1.000000000000000000 ) ) ;
#9553 = EDGE_LOOP ( 'NONE', ( #2101, #7574, #10047, #5647 ) ) ;
#9554 = ORIENTED_EDGE ( 'NONE', *, *, #8798, .T. ) ;
#9555 = CARTESIAN_POINT ( 'NONE',  ( 1.498499999999999100, 1.823000000000000000, 1.630000000000000100 ) ) ;
#9556 = VERTEX_POINT ( 'NONE', #4249 ) ;
#9557 = CARTESIAN_POINT ( 'NONE',  ( 1.183500000000000000, 2.027999999999999100, 0.0000000000000000000 ) ) ;
#9558 = CYLINDRICAL_SURFACE ( 'NONE', #4953, 0.1535000000000004100 ) ;
#9559 = DIRECTION ( 'NONE',  ( -0.0000000000000000000, -0.0000000000000000000, -1.000000000000000000 ) ) ;
#9560 = ORIENTED_EDGE ( 'NONE', *, *, #3077, .F. ) ;
#9561 = CARTESIAN_POINT ( 'NONE',  ( -1.701999999999999500, -1.619499999999999500, 1.630000000000000100 ) ) ;
#9562 = FACE_OUTER_BOUND ( 'NONE', #4894, .T. ) ;
#9563 = ORIENTED_EDGE ( 'NONE', *, *, #9380, .F. ) ;
#9564 = AXIS2_PLACEMENT_3D ( 'NONE', #821, #1761, #6769 ) ;
#9565 = EDGE_CURVE ( 'NONE', #5698, #8986, #5935, .T. ) ;
#9566 = CARTESIAN_POINT ( 'NONE',  ( -1.498499999999999100, -1.772999999999999900, 1.630000000000000100 ) ) ;
#9567 = VERTEX_POINT ( 'NONE', #10172 ) ;
#9568 = ORIENTED_EDGE ( 'NONE', *, *, #1477, .T. ) ;
#9569 = ADVANCED_FACE ( 'NONE', ( #8468 ), #5659, .T. ) ;
#9570 = EDGE_LOOP ( 'NONE', ( #6077, #5332, #5360, #8652 ) ) ;
#9571 = CARTESIAN_POINT ( 'NONE',  ( -1.081000000000000400, -1.926500000000000300, 1.564999999999999700 ) ) ;
#9572 = FACE_OUTER_BOUND ( 'NONE', #10603, .T. ) ;
#9573 = CARTESIAN_POINT ( 'NONE',  ( 1.409987305317013300, 1.890999999999998200, -0.3943848084544492900 ) ) ;
#9574 = VECTOR ( 'NONE', #2818, 39.37007874015748100 ) ;
#9575 = CARTESIAN_POINT ( 'NONE',  ( 0.7070000000000014100, -2.246999999999998600, 1.605000000000000000 ) ) ;
#9576 = ORIENTED_EDGE ( 'NONE', *, *, #7025, .T. ) ;
#9577 = ORIENTED_EDGE ( 'NONE', *, *, #10077, .T. ) ;
#9578 = ORIENTED_EDGE ( 'NONE', *, *, #1073, .F. ) ;
#9579 = VERTEX_POINT ( 'NONE', #3321 ) ;
#9580 = ORIENTED_EDGE ( 'NONE', *, *, #8201, .F. ) ;
#9581 = LINE ( 'NONE', #7162, #1321 ) ;
#9583 = CARTESIAN_POINT ( 'NONE',  ( 1.538000000000000500, -2.027999999999999100, 2.004999999999999400 ) ) ;
#9582 = CARTESIAN_POINT ( 'NONE',  ( -1.751999999999999600, -1.619499999999999500, 1.639999999999999900 ) ) ;
#9584 = FACE_BOUND ( 'NONE', #1306, .T. ) ;
#9585 = EDGE_CURVE ( 'NONE', #9006, #9300, #205, .T. ) ;
#9586 = CARTESIAN_POINT ( 'NONE',  ( -1.398500000000000300, 1.515499999999999600, 0.1200000000000000900 ) ) ;
#9587 = EDGE_LOOP ( 'NONE', ( #10997, #8629, #1574, #5001 ) ) ;
#9588 = EDGE_CURVE ( 'NONE', #9301, #8172, #7013, .T. ) ;
#9589 = ORIENTED_EDGE ( 'NONE', *, *, #6458, .F. ) ;
#9590 = CARTESIAN_POINT ( 'NONE',  ( -1.081000000000000400, -1.890999999999999800, 0.1200000000000000900 ) ) ;
#9591 = ORIENTED_EDGE ( 'NONE', *, *, #620, .F. ) ;
#9592 = LINE ( 'NONE', #5039, #3437 ) ;
#9593 = DIRECTION ( 'NONE',  ( -0.0000000000000000000, -0.0000000000000000000, -1.000000000000000000 ) ) ;
#9594 = CARTESIAN_POINT ( 'NONE',  ( 1.482251619347311900, 2.164559027730145000, 2.004999999999999400 ) ) ;
#9595 = ORIENTED_EDGE ( 'NONE', *, *, #10649, .T. ) ;
#9596 = VECTOR ( 'NONE', #4274, 39.37007874015748100 ) ;
#9597 = CARTESIAN_POINT ( 'NONE',  ( 1.081000000000000400, -1.772999999999999900, 0.1200000000000000900 ) ) ;
#9598 = ADVANCED_FACE ( 'NONE', ( #4714 ), #3379, .T. ) ;
#9599 = CARTESIAN_POINT ( 'NONE',  ( -1.027499999999999900, -1.926500000000000300, 1.540000000000000000 ) ) ;
#9600 = ORIENTED_EDGE ( 'NONE', *, *, #849, .F. ) ;
#9601 = CARTESIAN_POINT ( 'NONE',  ( -1.701999999999999500, 1.619499999999999500, 1.580000000000000100 ) ) ;
#9602 = DIRECTION ( 'NONE',  ( -0.0000000000000000000, -0.0000000000000000000, -1.000000000000000000 ) ) ;
#9603 = EDGE_CURVE ( 'NONE', #2481, #8841, #1397, .T. ) ;
#9604 = EDGE_CURVE ( 'NONE', #1551, #1275, #2720, .T. ) ;
#9605 = EDGE_CURVE ( 'NONE', #8252, #2361, #9917, .T. ) ;
#9606 = ORIENTED_EDGE ( 'NONE', *, *, #598, .T. ) ;
#9607 = ORIENTED_EDGE ( 'NONE', *, *, #4382, .F. ) ;
#9608 = VECTOR ( 'NONE', #8946, 39.37007874015748100 ) ;
#9609 = CARTESIAN_POINT ( 'NONE',  ( -1.616740157480315100, -2.027999999999999600, 2.169999999999999900 ) ) ;
#9610 = APPROVAL_ROLE ( '' ) ;
#9611 = ADVANCED_FACE ( 'NONE', ( #6192, #883 ), #17, .T. ) ;
#9612 = DIRECTION ( 'NONE',  ( -1.000000000000000000, 0.0000000000000000000, 0.0000000000000000000 ) ) ;
#9613 = CARTESIAN_POINT ( 'NONE',  ( -1.183500000000000000, 2.027999999999999100, 0.0000000000000000000 ) ) ;
#9614 = AXIS2_PLACEMENT_3D ( 'NONE', #7892, #10461, #2849 ) ;
#9615 = CIRCLE ( 'NONE', #5531, 0.09375000000000033300 ) ;
#9616 = AXIS2_PLACEMENT_3D ( 'NONE', #8230, #5497, #7339 ) ;
#9617 = CARTESIAN_POINT ( 'NONE',  ( -1.340000000000000500, 1.515499999999999600, 0.3700000000000001100 ) ) ;
#9618 = EDGE_CURVE ( 'NONE', #2437, #5955, #6597, .T. ) ;
#9619 = DIRECTION ( 'NONE',  ( 1.000000000000000000, 0.0000000000000000000, 0.0000000000000000000 ) ) ;
#9620 = DIRECTION ( 'NONE',  ( 0.0000000000000000000, -0.0000000000000000000, -1.000000000000000000 ) ) ;
#9621 = PLANE ( 'NONE',  #10574 ) ;
#9622 = ADVANCED_FACE ( 'NONE', ( #6464 ), #6761, .F. ) ;
#9623 = LINE ( 'NONE', #2799, #2803 ) ;
#9624 = CIRCLE ( 'NONE', #1755, 0.05849999999999993400 ) ;
#9625 = DIRECTION ( 'NONE',  ( -0.0000000000000000000, -0.0000000000000000000, 1.000000000000000000 ) ) ;
#9626 = CARTESIAN_POINT ( 'NONE',  ( -1.081000000000000400, -1.926500000000000300, 1.639999999999999900 ) ) ;
#9627 = AXIS2_PLACEMENT_3D ( 'NONE', #8054, #5478, #7211 ) ;
#9628 = AXIS2_PLACEMENT_3D ( 'NONE', #2829, #3689, #6391 ) ;
#9629 = CARTESIAN_POINT ( 'NONE',  ( 1.625848074029415400, -2.120848074029415100, 0.04805064199019547200 ) ) ;
#9630 = EDGE_CURVE ( 'NONE', #2523, #6942, #11007, .T. ) ;
#9631 = DIRECTION ( 'NONE',  ( -0.0000000000000000000, -0.0000000000000000000, 1.000000000000000000 ) ) ;
#9632 = DIRECTION ( 'NONE',  ( 0.0000000000000000000, 0.0000000000000000000, -1.000000000000000000 ) ) ;
#9633 = LINE ( 'NONE', #3620, #5089 ) ;
#9634 = DIRECTION ( 'NONE',  ( -0.0000000000000000000, -0.0000000000000000000, -1.000000000000000000 ) ) ;
#9635 = DIRECTION ( 'NONE',  ( 0.0000000000000000000, 0.0000000000000000000, 1.000000000000000000 ) ) ;
#9636 = VECTOR ( 'NONE', #8292, 39.37007874015748100 ) ;
#9637 = AXIS2_PLACEMENT_3D ( 'NONE', #6059, #6826, #1809 ) ;
#9638 = VECTOR ( 'NONE', #842, 39.37007874015748100 ) ;
#9639 = CARTESIAN_POINT ( 'NONE',  ( 1.721949358009805800, 2.120848074029412900, 2.169999999999999900 ) ) ;
#9640 = ORIENTED_EDGE ( 'NONE', *, *, #5364, .T. ) ;
#9641 = ADVANCED_FACE ( 'NONE', ( #9663 ), #3486, .T. ) ;
#9642 = DIRECTION ( 'NONE',  ( -1.000000000000000000, 0.0000000000000000000, 0.0000000000000000000 ) ) ;
#9644 = CARTESIAN_POINT ( 'NONE',  ( -1.769999999999998900, -2.120848074029416000, 1.614999999999999800 ) ) ;
#9643 = DIRECTION ( 'NONE',  ( -0.0000000000000000000, -0.0000000000000000000, -1.000000000000000000 ) ) ;
#9645 = CIRCLE ( 'NONE', #2744, 0.2204999999999985000 ) ;
#9646 = EDGE_LOOP ( 'NONE', ( #4470, #3543, #8568, #7577 ) ) ;
#9647 = CIRCLE ( 'NONE', #2379, 0.1441519259705861500 ) ;
#9648 = VECTOR ( 'NONE', #10201, 39.37007874015748100 ) ;
#9649 = DIRECTION ( 'NONE',  ( 0.0000000000000000000, 0.0000000000000000000, 1.000000000000000000 ) ) ;
#9650 = ORIENTED_EDGE ( 'NONE', *, *, #9168, .F. ) ;
#9651 = DIRECTION ( 'NONE',  ( 0.0000000000000000000, 0.0000000000000000000, 1.000000000000000000 ) ) ;
#9652 = ORIENTED_EDGE ( 'NONE', *, *, #1742, .T. ) ;
#9653 = DIRECTION ( 'NONE',  ( 0.0000000000000000000, 1.000000000000000000, 0.0000000000000000000 ) ) ;
#9654 = ADVANCED_FACE ( 'NONE', ( #8723 ), #3110, .T. ) ;
#9655 = DIRECTION ( 'NONE',  ( 0.0000000000000000000, 0.0000000000000000000, -1.000000000000000000 ) ) ;
#9656 = EDGE_CURVE ( 'NONE', #366, #2127, #4996, .T. ) ;
#9657 = EDGE_CURVE ( 'NONE', #4694, #5920, #10718, .T. ) ;
#9658 = ORIENTED_EDGE ( 'NONE', *, *, #8022, .F. ) ;
#9659 = ORIENTED_EDGE ( 'NONE', *, *, #7614, .F. ) ;
#9660 = CARTESIAN_POINT ( 'NONE',  ( -1.370500000000000100, -2.027999999999999600, 2.169999999999999900 ) ) ;
#9661 = VECTOR ( 'NONE', #9211, 39.37007874015748100 ) ;
#9662 = AXIS2_PLACEMENT_3D ( 'NONE', #6958, #5249, #4425 ) ;
#9663 = FACE_OUTER_BOUND ( 'NONE', #694, .T. ) ;
#9664 = ORIENTED_EDGE ( 'NONE', *, *, #8517, .T. ) ;
#9665 = CARTESIAN_POINT ( 'NONE',  ( -0.9638306835251589900, -2.146999999999998900, -0.3943848084544492900 ) ) ;
#9666 = PLANE ( 'NONE',  #8870 ) ;
#9667 = CIRCLE ( 'NONE', #5211, 0.3204999999999985100 ) ;
#9668 = VERTEX_POINT ( 'NONE', #7020 ) ;
#9669 = VECTOR ( 'NONE', #6677, 39.37007874015748100 ) ;
#9670 = VECTOR ( 'NONE', #8313, 39.37007874015748100 ) ;
#9671 = VERTEX_POINT ( 'NONE', #2678 ) ;
#9672 = DIRECTION ( 'NONE',  ( 0.0000000000000000000, 0.0000000000000000000, 1.000000000000000000 ) ) ;
#9673 = DIRECTION ( 'NONE',  ( -1.000000000000000000, 0.0000000000000000000, 0.0000000000000000000 ) ) ;
#9674 = AXIS2_PLACEMENT_3D ( 'NONE', #8824, #276, #4420 ) ;
#9675 = EDGE_CURVE ( 'NONE', #5280, #4980, #8456, .T. ) ;
#9676 = VERTEX_POINT ( 'NONE', #9510 ) ;
#9677 = EDGE_CURVE ( 'NONE', #7245, #2725, #4312, .T. ) ;
#9678 = DIRECTION ( 'NONE',  ( 1.000000000000000000, 0.0000000000000000000, 0.0000000000000000000 ) ) ;
#9679 = CARTESIAN_POINT ( 'NONE',  ( -1.462589240148601100, 2.118615267499996500, 2.043974741639081200 ) ) ;
#9680 = ORIENTED_EDGE ( 'NONE', *, *, #10382, .F. ) ;
#9681 = ORIENTED_EDGE ( 'NONE', *, *, #2528, .F. ) ;
#9682 = ORIENTED_EDGE ( 'NONE', *, *, #8595, .T. ) ;
#9683 = FACE_OUTER_BOUND ( 'NONE', #10487, .T. ) ;
#9684 = LINE ( 'NONE', #9193, #9420 ) ;
#9685 = ORIENTED_EDGE ( 'NONE', *, *, #971, .F. ) ;
#9686 = CARTESIAN_POINT ( 'NONE',  ( 1.701999999999999500, 1.619499999999999500, 1.639999999999999900 ) ) ;
#9687 = FACE_OUTER_BOUND ( 'NONE', #9448, .T. ) ;
#9688 = ORIENTED_EDGE ( 'NONE', *, *, #10988, .T. ) ;
#9689 = CARTESIAN_POINT ( 'NONE',  ( -1.081000000000000400, 1.926500000000000300, 1.580000000000000100 ) ) ;
#9690 = DIRECTION ( 'NONE',  ( -1.000000000000000000, 0.0000000000000000000, 0.0000000000000000000 ) ) ;
#9691 = ORIENTED_EDGE ( 'NONE', *, *, #447, .F. ) ;
#9692 = AXIS2_PLACEMENT_3D ( 'NONE', #4404, #3463, #202 ) ;
#9693 = VERTEX_POINT ( 'NONE', #9586 ) ;
#9694 = AXIS2_PLACEMENT_3D ( 'NONE', #8789, #10598, #2000 ) ;
#9695 = VERTEX_POINT ( 'NONE', #10403 ) ;
#9696 = DIRECTION ( 'NONE',  ( -0.0000000000000000000, -0.0000000000000000000, -1.000000000000000000 ) ) ;
#9697 = CIRCLE ( 'NONE', #8035, 0.1341519259705859800 ) ;
#9698 = LINE ( 'NONE', #5610, #4222 ) ;
#9699 = CARTESIAN_POINT ( 'NONE',  ( -1.081000000000000400, -1.890999999999999800, 0.1200000000000000900 ) ) ;
#9700 = ORIENTED_EDGE ( 'NONE', *, *, #311, .F. ) ;
#9701 = ADVANCED_FACE ( 'NONE', ( #67 ), #4848, .F. ) ;
#9702 = CARTESIAN_POINT ( 'NONE',  ( -1.538000000000000500, 2.027999999999999100, 1.919999999999999700 ) ) ;
#9703 = EDGE_LOOP ( 'NONE', ( #4738, #5394, #6488, #6031 ) ) ;
#9704 = DIRECTION ( 'NONE',  ( -0.0000000000000000000, -0.0000000000000000000, -1.000000000000000000 ) ) ;
#9705 = ORIENTED_EDGE ( 'NONE', *, *, #4104, .T. ) ;
#9706 = DIRECTION ( 'NONE',  ( -0.0000000000000000000, -0.0000000000000000000, -1.000000000000000000 ) ) ;
#9707 = ORIENTED_EDGE ( 'NONE', *, *, #9943, .T. ) ;
#9708 = VECTOR ( 'NONE', #1760, 39.37007874015748100 ) ;
#9709 = AXIS2_PLACEMENT_3D ( 'NONE', #3304, #9203, #6824 ) ;
#9710 = FACE_BOUND ( 'NONE', #1040, .T. ) ;
#9711 = EDGE_CURVE ( 'NONE', #2567, #1427, #6737, .T. ) ;
#9712 = ORIENTED_EDGE ( 'NONE', *, *, #8805, .F. ) ;
#9713 = ORIENTED_EDGE ( 'NONE', *, *, #3444, .T. ) ;
#9714 = VERTEX_POINT ( 'NONE', #2712 ) ;
#9715 = AXIS2_PLACEMENT_3D ( 'NONE', #3864, #6456, #7322 ) ;
#9716 = DIRECTION ( 'NONE',  ( 0.0000000000000000000, 0.0000000000000000000, -1.000000000000000000 ) ) ;
#9717 = VERTEX_POINT ( 'NONE', #2651 ) ;
#9718 = ADVANCED_FACE ( 'NONE', ( #475 ), #8194, .T. ) ;
#9719 = ORIENTED_EDGE ( 'NONE', *, *, #5838, .F. ) ;
#9720 = DIRECTION ( 'NONE',  ( 0.0000000000000000000, -0.0000000000000000000, -1.000000000000000000 ) ) ;
#9721 = FACE_OUTER_BOUND ( 'NONE', #2621, .T. ) ;
#9722 = ORIENTED_EDGE ( 'NONE', *, *, #10123, .F. ) ;
#9723 = CYLINDRICAL_SURFACE ( 'NONE', #10544, 0.07874015748031476500 ) ;
#9724 = ORIENTED_EDGE ( 'NONE', *, *, #9191, .T. ) ;
#9725 = DIRECTION ( 'NONE',  ( -0.0000000000000000000, -0.0000000000000000000, -1.000000000000000000 ) ) ;
#9726 = DIRECTION ( 'NONE',  ( -0.0000000000000000000, -0.0000000000000000000, 1.000000000000000000 ) ) ;
#9727 = EDGE_CURVE ( 'NONE', #9067, #2761, #9266, .T. ) ;
#9728 = DIRECTION ( 'NONE',  ( 0.0000000000000000000, 0.0000000000000000000, 1.000000000000000000 ) ) ;
#9729 = CARTESIAN_POINT ( 'NONE',  ( 1.625848074029415400, 2.120848074029412900, 2.121949358009804300 ) ) ;
#9730 = EDGE_LOOP ( 'NONE', ( #5102, #9135 ) ) ;
#9731 = EDGE_CURVE ( 'NONE', #6398, #10440, #4575, .T. ) ;
#9732 = CARTESIAN_POINT ( 'NONE',  ( 1.447610603195933500, -2.144559027730145000, 2.044999999999999500 ) ) ;
#9733 = VERTEX_POINT ( 'NONE', #1889 ) ;
#9734 = CIRCLE ( 'NONE', #1415, 0.05849999999999993400 ) ;
#9735 = EDGE_CURVE ( 'NONE', #3693, #466, #7388, .T. ) ;
#9736 = CARTESIAN_POINT ( 'NONE',  ( -1.538000000000000500, -2.027999999999999600, 0.1200000000000000900 ) ) ;
#9737 = ORIENTED_EDGE ( 'NONE', *, *, #9944, .F. ) ;
#9738 = VERTEX_POINT ( 'NONE', #3599 ) ;
#9739 = VERTEX_POINT ( 'NONE', #10365 ) ;
#9740 = PLANE ( 'NONE',  #5309 ) ;
#9741 = CARTESIAN_POINT ( 'NONE',  ( 1.538000000000000500, -2.027999999999999100, 1.919999999999999700 ) ) ;
#9742 = LINE ( 'NONE', #725, #4935 ) ;
#9743 = AXIS2_PLACEMENT_3D ( 'NONE', #9872, #8246, #2201 ) ;
#9744 = EDGE_CURVE ( 'NONE', #8842, #1185, #2319, .T. ) ;
#9745 = EDGE_CURVE ( 'NONE', #2104, #8708, #10457, .T. ) ;
#9746 = AXIS2_PLACEMENT_3D ( 'NONE', #9121, #8417, #9239 ) ;
#9747 = EDGE_CURVE ( 'NONE', #4057, #9717, #2192, .T. ) ;
#9748 = CARTESIAN_POINT ( 'NONE',  ( 1.624288105603176400, 1.918544617006430900, 2.029722078445376900 ) ) ;
#9749 = ORIENTED_EDGE ( 'NONE', *, *, #5703, .F. ) ;
#9750 = VECTOR ( 'NONE', #2656, 39.37007874015748100 ) ;
#9751 = CARTESIAN_POINT ( 'NONE',  ( -1.497248319661563800, 2.138583980839976900, 2.043987979976839700 ) ) ;
#9752 = ADVANCED_FACE ( 'NONE', ( #5646 ), #2791, .F. ) ;
#9753 = AXIS2_PLACEMENT_3D ( 'NONE', #949, #9525, #7846 ) ;
#9754 = DIRECTION ( 'NONE',  ( -1.000000000000000000, 0.0000000000000000000, 0.0000000000000000000 ) ) ;
#9755 = CARTESIAN_POINT ( 'NONE',  ( 1.770000000000001600, 2.120848074029412900, 1.580000000000000100 ) ) ;
#9756 = LINE ( 'NONE', #6320, #7884 ) ;
#9757 = EDGE_CURVE ( 'NONE', #2123, #3270, #2845, .T. ) ;
#9758 = CYLINDRICAL_SURFACE ( 'NONE', #9753, 0.1535000000000002800 ) ;
#9759 = DIRECTION ( 'NONE',  ( 0.0000000000000000000, 0.0000000000000000000, 1.000000000000000000 ) ) ;
#9760 = CARTESIAN_POINT ( 'NONE',  ( -1.751999999999999600, -1.619499999999999500, 1.639999999999999900 ) ) ;
#9761 = DIRECTION ( 'NONE',  ( -1.000000000000000000, 0.0000000000000000000, 0.0000000000000000000 ) ) ;
#9762 = ADVANCED_FACE ( 'NONE', ( #3905 ), #610, .T. ) ;
#9763 = LINE ( 'NONE', #6736, #9636 ) ;
#9764 = CARTESIAN_POINT ( 'NONE',  ( -1.081000000000000400, -1.823000000000000000, 1.580000000000000100 ) ) ;
#9765 = CIRCLE ( 'NONE', #3648, 0.09610128398039066700 ) ;
#9766 = AXIS2_PLACEMENT_3D ( 'NONE', #1754, #6957, #1823 ) ;
#9767 = CARTESIAN_POINT ( 'NONE',  ( -0.7070000000000014100, -2.246999999999999000, 1.564999999999999700 ) ) ;
#9768 = CARTESIAN_POINT ( 'NONE',  ( -1.769999999999999400, 2.264999999999998800, 2.169999999999999900 ) ) ;
#9769 = CARTESIAN_POINT ( 'NONE',  ( -1.081000000000000400, 1.926500000000000300, 1.564999999999999700 ) ) ;
#9770 = CARTESIAN_POINT ( 'NONE',  ( -1.651999999999999500, -1.619499999999999500, 1.630000000000000100 ) ) ;
#9771 = CARTESIAN_POINT ( 'NONE',  ( 0.7070000000000014100, -2.196999999999998700, 1.639999999999999900 ) ) ;
#9772 = FACE_OUTER_BOUND ( 'NONE', #608, .T. ) ;
#9773 = CIRCLE ( 'NONE', #6817, 0.1574999999999998900 ) ;
#9774 = VERTEX_POINT ( 'NONE', #7064 ) ;
#9775 = ORIENTED_EDGE ( 'NONE', *, *, #1313, .T. ) ;
#9776 = DIRECTION ( 'NONE',  ( 0.0000000000000000000, 0.0000000000000000000, -1.000000000000000000 ) ) ;
#9777 = CARTESIAN_POINT ( 'NONE',  ( -1.490127586519911700, 2.150917452428458400, 2.037126280028226200 ) ) ;
#9778 = AXIS2_PLACEMENT_3D ( 'NONE', #4781, #4936, #7392 ) ;
#9779 = DIRECTION ( 'NONE',  ( -1.206113904487533100E-016, 1.000000000000000000, -0.0000000000000000000 ) ) ;
#9780 = VERTEX_POINT ( 'NONE', #3712 ) ;
#9781 = VECTOR ( 'NONE', #4907, 39.37007874015748100 ) ;
#9782 = CARTESIAN_POINT ( 'NONE',  ( -1.182499999999999400, -1.515499999999999600, 0.1200000000000000900 ) ) ;
#9783 = VECTOR ( 'NONE', #2286, 39.37007874015748100 ) ;
#9784 = EDGE_CURVE ( 'NONE', #7150, #7672, #9398, .T. ) ;
#9785 = ORIENTED_EDGE ( 'NONE', *, *, #2488, .T. ) ;
#9786 = ORIENTED_EDGE ( 'NONE', *, *, #4669, .T. ) ;
#9787 = ORIENTED_EDGE ( 'NONE', *, *, #3301, .T. ) ;
#9788 = CARTESIAN_POINT ( 'NONE',  ( -1.081000000000000400, -1.823000000000000000, 1.630000000000000100 ) ) ;
#9789 = DIRECTION ( 'NONE',  ( -1.000000000000000000, 0.0000000000000000000, 0.0000000000000000000 ) ) ;
#9790 = EDGE_LOOP ( 'NONE', ( #7122, #3423, #6271, #8768 ) ) ;
#9791 = CARTESIAN_POINT ( 'NONE',  ( 1.538000000000000500, 2.027999999999999100, 2.044999999999999500 ) ) ;
#9792 = ORIENTED_EDGE ( 'NONE', *, *, #3688, .T. ) ;
#9793 = CIRCLE ( 'NONE', #325, 0.1474999999999994600 ) ;
#9794 = EDGE_LOOP ( 'NONE', ( #945, #6133, #5138, #9915 ) ) ;
#9795 = LINE ( 'NONE', #9093, #79 ) ;
#9796 = ORIENTED_EDGE ( 'NONE', *, *, #899, .T. ) ;
#9797 = CARTESIAN_POINT ( 'NONE',  ( 1.608132083511383300, -1.946527668117621600, 2.044999999999999500 ) ) ;
#9798 = EDGE_CURVE ( 'NONE', #11037, #7474, #7132, .T. ) ;
#9799 = EDGE_CURVE ( 'NONE', #2572, #9399, #1671, .T. ) ;
#9800 = AXIS2_PLACEMENT_3D ( 'NONE', #5768, #803, #10836 ) ;
#9801 = VERTEX_POINT ( 'NONE', #8008 ) ;
#9802 = ADVANCED_FACE ( 'NONE', ( #3639 ), #1115, .T. ) ;
#9803 = VECTOR ( 'NONE', #5182, 39.37007874015748100 ) ;
#9804 = DIRECTION ( 'NONE',  ( 1.000000000000000000, 0.0000000000000000000, 0.0000000000000000000 ) ) ;
#9805 = VECTOR ( 'NONE', #3692, 39.37007874015748100 ) ;
#9806 = ORIENTED_EDGE ( 'NONE', *, *, #2672, .F. ) ;
#9807 = DIRECTION ( 'NONE',  ( -1.000000000000000000, 0.0000000000000000000, 0.0000000000000000000 ) ) ;
#9808 = LINE ( 'NONE', #2402, #6352 ) ;
#9809 = ORIENTED_EDGE ( 'NONE', *, *, #1150, .T. ) ;
#9810 = ORIENTED_EDGE ( 'NONE', *, *, #4960, .T. ) ;
#9811 = ORIENTED_EDGE ( 'NONE', *, *, #7315, .T. ) ;
#9812 = EDGE_LOOP ( 'NONE', ( #5819, #8251, #10114, #5635 ) ) ;
#9813 = CARTESIAN_POINT ( 'NONE',  ( 1.340000000000000500, 1.515499999999999600, 0.1200000000000000900 ) ) ;
#9814 = CYLINDRICAL_SURFACE ( 'NONE', #6685, 0.09375000000000033300 ) ;
#9815 = DIRECTION ( 'NONE',  ( -1.206113904487533100E-016, 1.000000000000000000, 0.0000000000000000000 ) ) ;
#9816 = AXIS2_PLACEMENT_3D ( 'NONE', #3104, #3148, #9079 ) ;
#9817 = ORIENTED_EDGE ( 'NONE', *, *, #1402, .T. ) ;
#9818 = AXIS2_PLACEMENT_3D ( 'NONE', #2151, #1352, #3970 ) ;
#9819 = DIRECTION ( 'NONE',  ( -1.000000000000000000, 0.0000000000000000000, 0.0000000000000000000 ) ) ;
#9820 = ADVANCED_FACE ( 'NONE', ( #5925 ), #9621, .F. ) ;
#9821 = EDGE_CURVE ( 'NONE', #6355, #7548, #7921, .T. ) ;
#9822 = VECTOR ( 'NONE', #2775, 39.37007874015748100 ) ;
#9823 = CARTESIAN_POINT ( 'NONE',  ( -1.447610603195934200, 2.144559027730144100, 2.010322595159089100 ) ) ;
#9824 = ORIENTED_EDGE ( 'NONE', *, *, #6591, .F. ) ;
#9825 = EDGE_LOOP ( 'NONE', ( #228, #1935, #8661, #6796 ) ) ;
#9826 = CARTESIAN_POINT ( 'NONE',  ( -1.340000000000000500, 1.515499999999999600, 0.1200000000000000900 ) ) ;
#9827 = VERTEX_POINT ( 'NONE', #9228 ) ;
#9828 = DIRECTION ( 'NONE',  ( -0.0000000000000000000, -0.0000000000000000000, 1.000000000000000000 ) ) ;
#9829 = LINE ( 'NONE', #9459, #2758 ) ;
#9831 = DIRECTION ( 'NONE',  ( 1.000000000000000000, 0.0000000000000000000, -0.0000000000000000000 ) ) ;
#9830 = DIRECTION ( 'NONE',  ( 0.0000000000000000000, 0.0000000000000000000, -1.000000000000000000 ) ) ;
#9832 = DIRECTION ( 'NONE',  ( 0.0000000000000000000, 0.0000000000000000000, 1.000000000000000000 ) ) ;
#9833 = LINE ( 'NONE', #8860, #8763 ) ;
#9834 = ORIENTED_EDGE ( 'NONE', *, *, #364, .T. ) ;
#9835 = AXIS2_PLACEMENT_3D ( 'NONE', #4967, #5825, #8322 ) ;
#9836 = AXIS2_PLACEMENT_3D ( 'NONE', #2436, #2370, #6631 ) ;
#9837 = EDGE_CURVE ( 'NONE', #9695, #680, #10189, .T. ) ;
#9838 = DIRECTION ( 'NONE',  ( 1.000000000000000000, 0.0000000000000000000, 0.0000000000000000000 ) ) ;
#9839 = ORIENTED_EDGE ( 'NONE', *, *, #2638, .T. ) ;
#9840 = ORIENTED_EDGE ( 'NONE', *, *, #5023, .F. ) ;
#9841 = ORIENTED_EDGE ( 'NONE', *, *, #2471, .T. ) ;
#9842 = CIRCLE ( 'NONE', #6403, 0.09375000000000033300 ) ;
#9843 = CARTESIAN_POINT ( 'NONE',  ( -1.498499999999999100, -1.847999999999999900, 1.540000000000000000 ) ) ;
#9844 = LINE ( 'NONE', #7543, #8523 ) ;
#9845 = DIRECTION ( 'NONE',  ( 0.0000000000000000000, 0.0000000000000000000, -1.000000000000000000 ) ) ;
#9846 = ORIENTED_EDGE ( 'NONE', *, *, #4797, .F. ) ;
#9847 = CARTESIAN_POINT ( 'NONE',  ( 1.705499999999999100, -2.028000000000001400, 2.159999999999999700 ) ) ;
#9848 = CARTESIAN_POINT ( 'NONE',  ( -1.350500000000000300, -2.027999999999999600, 1.580000000000000100 ) ) ;
#9849 = DIRECTION ( 'NONE',  ( 0.0000000000000000000, 0.0000000000000000000, 1.000000000000000000 ) ) ;
#9850 = AXIS2_PLACEMENT_3D ( 'NONE', #4526, #6249, #8694 ) ;
#9851 = ORIENTED_EDGE ( 'NONE', *, *, #3497, .T. ) ;
#9852 = FACE_BOUND ( 'NONE', #1056, .T. ) ;
#9853 = ORIENTED_EDGE ( 'NONE', *, *, #8663, .T. ) ;
#9854 = FACE_OUTER_BOUND ( 'NONE', #1364, .T. ) ;
#9855 = DIRECTION ( 'NONE',  ( -1.000000000000000000, 0.0000000000000000000, 0.0000000000000000000 ) ) ;
#9856 = ORIENTED_EDGE ( 'NONE', *, *, #3538, .T. ) ;
#9857 = AXIS2_PLACEMENT_3D ( 'NONE', #5082, #11065, #855 ) ;
#9858 = DIRECTION ( 'NONE',  ( 1.000000000000000000, 0.0000000000000000000, -0.0000000000000000000 ) ) ;
#9859 = EDGE_LOOP ( 'NONE', ( #8395, #3819, #8738, #4262 ) ) ;
#9860 = ORIENTED_EDGE ( 'NONE', *, *, #4651, .F. ) ;
#9861 = ADVANCED_FACE ( 'NONE', ( #2586 ), #4031, .F. ) ;
#9862 = DIRECTION ( 'NONE',  ( -1.000000000000000000, 0.0000000000000000000, 0.0000000000000000000 ) ) ;
#9863 = CIRCLE ( 'NONE', #6562, 0.1575000000000004500 ) ;
#9864 = EDGE_CURVE ( 'NONE', #112, #10966, #9119, .T. ) ;
#9865 = VERTEX_POINT ( 'NONE', #3137 ) ;
#9866 = APPLICATION_CONTEXT ( 'configuration controlled 3d designs of mechanical parts and assemblies' ) ;
#9867 = FACE_OUTER_BOUND ( 'NONE', #9825, .T. ) ;
#9868 = ADVANCED_FACE ( 'NONE', ( #336 ), #3956, .F. ) ;
#9869 = CARTESIAN_POINT ( 'NONE',  ( 1.583643170655250300, -1.908943709406568400, 2.040029703447726800 ) ) ;
#9870 = DIRECTION ( 'NONE',  ( -1.000000000000000000, 0.0000000000000000000, 0.0000000000000000000 ) ) ;
#9871 = DIRECTION ( 'NONE',  ( 0.0000000000000000000, -1.000000000000000000, 0.0000000000000000000 ) ) ;
#9872 = CARTESIAN_POINT ( 'NONE',  ( 1.081000000000000400, 1.926500000000000300, 1.639999999999999900 ) ) ;
#9873 = DIRECTION ( 'NONE',  ( -1.000000000000000000, 0.0000000000000000000, 0.0000000000000000000 ) ) ;
#9874 = CARTESIAN_POINT ( 'NONE',  ( 1.183500000000000000, -2.027999999999999100, 0.0000000000000000000 ) ) ;
#9875 = CYLINDRICAL_SURFACE ( 'NONE', #7273, 0.03550000000000048300 ) ;
#9876 = DIRECTION ( 'NONE',  ( -0.0000000000000000000, -0.0000000000000000000, 1.000000000000000000 ) ) ;
#9877 = VERTEX_POINT ( 'NONE', #6295 ) ;
#9878 = FACE_OUTER_BOUND ( 'NONE', #2180, .T. ) ;
#9879 = EDGE_CURVE ( 'NONE', #1021, #7298, #10853, .T. ) ;
#9880 = CC_DESIGN_APPROVAL ( #177, ( #6251 ) ) ;
#9881 = EDGE_CURVE ( 'NONE', #4592, #5955, #8177, .T. ) ;
#9882 = DIRECTION ( 'NONE',  ( 0.0000000000000000000, 0.0000000000000000000, 1.000000000000000000 ) ) ;
#9883 = CARTESIAN_POINT ( 'NONE',  ( 1.081000000000000400, -1.926500000000000300, 1.639999999999999900 ) ) ;
#9884 = CYLINDRICAL_SURFACE ( 'NONE', #860, 0.2535000000000004500 ) ;
#9885 = FACE_OUTER_BOUND ( 'NONE', #7133, .T. ) ;
#9886 = CARTESIAN_POINT ( 'NONE',  ( 1.770000000000001600, -2.265000000000001000, 1.580000000000000100 ) ) ;
#9887 = AXIS2_PLACEMENT_3D ( 'NONE', #8830, #9625, #4573 ) ;
#9888 = CARTESIAN_POINT ( 'NONE',  ( 0.7070000000000014100, 1.926500000000000300, 1.540000000000000000 ) ) ;
#9889 = AXIS2_PLACEMENT_3D ( 'NONE', #1208, #10588, #324 ) ;
#9890 = CARTESIAN_POINT ( 'NONE',  ( 1.537999999999999400, -2.028000000000001400, 1.919999999999999700 ) ) ;
#9891 = EDGE_CURVE ( 'NONE', #1964, #5176, #8051, .T. ) ;
#9893 = CARTESIAN_POINT ( 'NONE',  ( 1.339999999999999900, -1.515499999999999600, 0.3700000000000001100 ) ) ;
#9892 = DIRECTION ( 'NONE',  ( 0.5000000000000023300, 0.8660254037844371500, 0.0000000000000000000 ) ) ;
#9894 = VECTOR ( 'NONE', #3843, 39.37007874015748100 ) ;
#9895 = DIRECTION ( 'NONE',  ( -0.0000000000000000000, -0.0000000000000000000, 1.000000000000000000 ) ) ;
#9896 = VECTOR ( 'NONE', #10938, 39.37007874015748100 ) ;
#9897 = DIRECTION ( 'NONE',  ( -0.0000000000000000000, -0.0000000000000000000, -1.000000000000000000 ) ) ;
#9898 = EDGE_LOOP ( 'NONE', ( #1074, #5835, #7472, #9681 ) ) ;
#9899 = CARTESIAN_POINT ( 'NONE',  ( -1.625848074029413200, 2.264999999999998800, 1.614999999999999800 ) ) ;
#9900 = CARTESIAN_POINT ( 'NONE',  ( 1.685499999999999800, -2.027999999999999100, 2.044999999999999500 ) ) ;
#9901 = LINE ( 'NONE', #829, #1008 ) ;
#9902 = AXIS2_PLACEMENT_3D ( 'NONE', #3328, #1554, #3239 ) ;
#9903 = ORIENTED_EDGE ( 'NONE', *, *, #2396, .F. ) ;
#9904 = LINE ( 'NONE', #10979, #10046 ) ;
#9905 = ORIENTED_EDGE ( 'NONE', *, *, #8822, .F. ) ;
#9906 = EDGE_CURVE ( 'NONE', #10902, #4329, #9647, .T. ) ;
#9907 = PLANE ( 'NONE',  #2191 ) ;
#9908 = VERTEX_POINT ( 'NONE', #3245 ) ;
#9909 = ADVANCED_FACE ( 'NONE', ( #7519 ), #463, .F. ) ;
#9910 = DIRECTION ( 'NONE',  ( -0.0000000000000000000, -0.0000000000000000000, -1.000000000000000000 ) ) ;
#9911 = CARTESIAN_POINT ( 'NONE',  ( -1.651999999999999500, -1.619499999999999500, 2.050000000000000300 ) ) ;
#9912 = ORIENTED_EDGE ( 'NONE', *, *, #10859, .T. ) ;
#9913 = DIRECTION ( 'NONE',  ( -1.000000000000000000, 0.0000000000000000000, 0.0000000000000000000 ) ) ;
#9914 = ORIENTED_EDGE ( 'NONE', *, *, #4828, .F. ) ;
#9915 = ORIENTED_EDGE ( 'NONE', *, *, #5004, .T. ) ;
#9916 = CIRCLE ( 'NONE', #6022, 0.1575000000000004500 ) ;
#9917 = LINE ( 'NONE', #11049, #8851 ) ;
#9918 = ORIENTED_EDGE ( 'NONE', *, *, #3789, .F. ) ;
#9919 = DIRECTION ( 'NONE',  ( 0.0000000000000000000, -0.0000000000000000000, -1.000000000000000000 ) ) ;
#9920 = CARTESIAN_POINT ( 'NONE',  ( -0.7070000000000014100, -1.926500000000000300, 1.580000000000000100 ) ) ;
#9921 = ADVANCED_FACE ( 'NONE', ( #8319 ), #1268, .T. ) ;
#9922 = CARTESIAN_POINT ( 'NONE',  ( 1.751999999999999600, 1.619499999999999500, 1.639999999999999900 ) ) ;
#9923 = CARTESIAN_POINT ( 'NONE',  ( 1.089749999999999800, 2.027999999999999100, 0.1200000000000000900 ) ) ;
#9924 = EDGE_CURVE ( 'NONE', #4196, #9001, #6048, .T. ) ;
#9925 = LINE ( 'NONE', #4491, #3119 ) ;
#9926 = EDGE_LOOP ( 'NONE', ( #9452, #4092, #2983, #10441 ) ) ;
#9927 = FACE_OUTER_BOUND ( 'NONE', #5806, .T. ) ;
#9928 = EDGE_CURVE ( 'NONE', #10111, #9301, #1010, .T. ) ;
#9929 = CIRCLE ( 'NONE', #5864, 0.2204999999999984500 ) ;
#9930 = VERTEX_POINT ( 'NONE', #4938 ) ;
#9931 = ORIENTED_EDGE ( 'NONE', *, *, #10763, .F. ) ;
#9932 = CARTESIAN_POINT ( 'NONE',  ( 0.7070000000000014100, 1.926500000000000300, 1.564999999999999700 ) ) ;
#9933 = CARTESIAN_POINT ( 'NONE',  ( -1.081000000000000400, 1.926500000000000300, 0.1200000000000000900 ) ) ;
#9934 = ORIENTED_EDGE ( 'NONE', *, *, #4264, .F. ) ;
#9935 = ORIENTED_EDGE ( 'NONE', *, *, #5838, .T. ) ;
#9936 = VERTEX_POINT ( 'NONE', #3995 ) ;
#9937 = VECTOR ( 'NONE', #2565, 39.37007874015748100 ) ;
#9938 = PLANE ( 'NONE',  #9946 ) ;
#9939 = FACE_OUTER_BOUND ( 'NONE', #9048, .T. ) ;
#9940 = ORIENTED_EDGE ( 'NONE', *, *, #5613, .F. ) ;
#9941 = CARTESIAN_POINT ( 'NONE',  ( 1.701999999999999500, 1.619499999999999500, 1.540000000000000000 ) ) ;
#9942 = FACE_OUTER_BOUND ( 'NONE', #3957, .T. ) ;
#9943 = EDGE_CURVE ( 'NONE', #1, #9717, #10993, .T. ) ;
#9944 = EDGE_CURVE ( 'NONE', #10902, #4387, #1529, .T. ) ;
#9945 = DIRECTION ( 'NONE',  ( 1.000000000000000000, 0.0000000000000000000, 0.0000000000000000000 ) ) ;
#9946 = AXIS2_PLACEMENT_3D ( 'NONE', #2196, #5693, #5582 ) ;
#9947 = EDGE_LOOP ( 'NONE', ( #5942, #1143 ) ) ;
#9948 = EDGE_CURVE ( 'NONE', #6942, #1, #4703, .T. ) ;
#9949 = ORIENTED_EDGE ( 'NONE', *, *, #10886, .F. ) ;
#9950 = CARTESIAN_POINT ( 'NONE',  ( -1.751999999999999600, -1.619499999999999500, 1.639999999999999900 ) ) ;
#9951 = CARTESIAN_POINT ( 'NONE',  ( -1.498499999999999100, 1.823000000000000000, 1.564999999999999700 ) ) ;
#9952 = ORIENTED_EDGE ( 'NONE', *, *, #2328, .F. ) ;
#9953 = VERTEX_POINT ( 'NONE', #2516 ) ;
#9954 = CARTESIAN_POINT ( 'NONE',  ( -1.589666780815287300, 1.898510510564396200, 2.029684651533864200 ) ) ;
#9955 = VECTOR ( 'NONE', #1283, 39.37007874015748100 ) ;
#9956 = FACE_OUTER_BOUND ( 'NONE', #5413, .T. ) ;
#9957 = ORIENTED_EDGE ( 'NONE', *, *, #1517, .T. ) ;
#9958 = DIRECTION ( 'NONE',  ( -1.000000000000000000, 0.0000000000000000000, 0.0000000000000000000 ) ) ;
#9959 = DIRECTION ( 'NONE',  ( 1.000000000000000000, 1.206113904487533100E-016, -0.0000000000000000000 ) ) ;
#9960 = ORIENTED_EDGE ( 'NONE', *, *, #3065, .T. ) ;
#9961 = AXIS2_PLACEMENT_3D ( 'NONE', #3060, #6466, #7288 ) ;
#9962 = ORIENTED_EDGE ( 'NONE', *, *, #10722, .T. ) ;
#9963 = AXIS2_PLACEMENT_3D ( 'NONE', #4261, #7084, #8779 ) ;
#9964 = EDGE_CURVE ( 'NONE', #7635, #7979, #7777, .T. ) ;
#9965 = ORIENTED_EDGE ( 'NONE', *, *, #834, .T. ) ;
#9966 = FACE_OUTER_BOUND ( 'NONE', #4869, .T. ) ;
#9967 = LINE ( 'NONE', #8210, #6650 ) ;
#9968 = ADVANCED_FACE ( 'NONE', ( #1142 ), #4169, .T. ) ;
#9969 = EDGE_LOOP ( 'NONE', ( #8732, #2462 ) ) ;
#9970 = DIRECTION ( 'NONE',  ( -0.0000000000000000000, -0.0000000000000000000, 1.000000000000000000 ) ) ;
#9971 = CARTESIAN_POINT ( 'NONE',  ( -1.628389396804067200, 1.911440972269852700, 2.004999999999999400 ) ) ;
#9972 = ORIENTED_EDGE ( 'NONE', *, *, #36, .F. ) ;
#9973 = ORIENTED_EDGE ( 'NONE', *, *, #6365, .T. ) ;
#9975 = CARTESIAN_POINT ( 'NONE',  ( -0.7070000000000014100, -1.926500000000000300, 1.630000000000000100 ) ) ;
#9974 = CARTESIAN_POINT ( 'NONE',  ( -0.9638306835251591000, 2.146999999999998900, 1.580000000000000100 ) ) ;
#9976 = CARTESIAN_POINT ( 'NONE',  ( -1.721949358009804000, 2.264999999999998800, 0.04805064199019547200 ) ) ;
#9977 = ORIENTED_EDGE ( 'NONE', *, *, #4970, .F. ) ;
#9978 = VECTOR ( 'NONE', #3378, 39.37007874015748100 ) ;
#9979 = DIRECTION ( 'NONE',  ( 1.000000000000000000, -0.0000000000000000000, -0.0000000000000000000 ) ) ;
#9980 = AXIS2_PLACEMENT_3D ( 'NONE', #9485, #5109, #11056 ) ;
#9981 = EDGE_LOOP ( 'NONE', ( #10736, #2971, #6487, #8111 ) ) ;
#9982 = LINE ( 'NONE', #10217, #10785 ) ;
#9983 = EDGE_CURVE ( 'NONE', #1824, #2306, #5913, .T. ) ;
#9984 = ORIENTED_EDGE ( 'NONE', *, *, #3603, .F. ) ;
#9985 = ADVANCED_FACE ( 'NONE', ( #4984 ), #6447, .F. ) ;
#9986 = DIRECTION ( 'NONE',  ( 0.0000000000000000000, 0.0000000000000000000, 1.000000000000000000 ) ) ;
#9987 = DIRECTION ( 'NONE',  ( -1.000000000000000000, 0.0000000000000000000, 0.0000000000000000000 ) ) ;
#9988 = EDGE_LOOP ( 'NONE', ( #5924, #4227, #2070, #1565, #3139, #6721, #2503, #7458, #214, #2092, #5323, #10176, #4467, #6241, #2042, #1259, #2731, #5774, #7259, #412 ) ) ;
#9989 = DIRECTION ( 'NONE',  ( 0.0000000000000000000, 0.0000000000000000000, 1.000000000000000000 ) ) ;
#9990 = TOROIDAL_SURFACE ( 'NONE', #2549, 0.2285000000000004500, 0.02500000000000000100 ) ;
#9991 = CARTESIAN_POINT ( 'NONE',  ( -1.498499999999999100, 1.823000000000000000, 1.639999999999999900 ) ) ;
#9992 = ORIENTED_EDGE ( 'NONE', *, *, #4765, .F. ) ;
#9993 = AXIS2_PLACEMENT_3D ( 'NONE', #3330, #6772, #7546 ) ;
#9994 = ORIENTED_EDGE ( 'NONE', *, *, #4889, .T. ) ;
#9995 = CLOSED_SHELL ( 'NONE', ( #7867, #6700, #5231, #7570, #9569, #3199, #10810, #6360, #9307, #5732, #3658, #6298, #7633, #3606, #1017, #9701, #10078, #1381, #3487, #5614, #6580, #2368, #7882, #5851, #3802, #3616, #1148, #7350, #8365, #3933, #2030, #9802, #3984, #2508, #506, #7004, #2990, #1131, #2143, #6238, #1828, #8410, #2940, #9598, #9762, #9382, #1484, #10141, #1891, #4880, #601, #1495, #8972, #3208, #293, #7759, #1429, #4402, #7524, #8761, #6960, #4656, #5191, #5450, #4668, #5775, #9337, #3249, #4830, #9641, #4338, #5, #10655, #6766, #4614, #10444, #3910, #1326, #2384, #3994, #8085, #133, #2932, #10423, #8800, #2476, #2217, #172, #3859, #6533, #8453, #10541, #9985, #10983, #9444, #6825, #9654, #8543, #3744, #9195, #4950, #3820, #1372, #5462, #5503, #4897, #10750, #8304, #1236, #4282, #164, #5307, #7235, #5397, #4095, #8929, #10269, #913, #10431, #7197, #6733, #10491, #9498, #5277, #8291, #7310, #6096, #4464, #2154, #8349, #9968, #5053, #682, #1037, #7048, #2419, #9622, #2086, #9244, #5788, #10822, #49, #5723, #6155, #240, #851, #977, #9128, #9868, #4233, #2823, #8594, #8198, #4412, #4554, #2974, #4433, #3506, #2430, #3158, #2670 ) ) ;
#9996 = CARTESIAN_POINT ( 'NONE',  ( 1.538000000000000500, 2.027999999999999100, 2.169999999999999900 ) ) ;
#9997 = DIRECTION ( 'NONE',  ( -0.0000000000000000000, -0.0000000000000000000, -1.000000000000000000 ) ) ;
#9998 = VECTOR ( 'NONE', #2968, 39.37007874015748100 ) ;
#9999 = DIRECTION ( 'NONE',  ( 1.000000000000000000, 0.0000000000000000000, 0.0000000000000000000 ) ) ;
#10000 = CARTESIAN_POINT ( 'NONE',  ( -1.538000000000000500, 2.027999999999999600, 1.267500000000000100 ) ) ;
#10001 = PLANE ( 'NONE',  #2425 ) ;
#10002 = B_SPLINE_CURVE_WITH_KNOTS ( 'NONE', 3,
 ( #10959, #2373, #5020, #4080, #6707, #11031, #4124, #4151, #8334, #6741 ),
 .UNSPECIFIED., .F., .F.,
 ( 4, 2, 2, 2, 4 ),
 ( 1.971563028758743200E-007, 0.0004000189154631294300, 0.0007998406746233829900, 0.001199662433783636600, 0.001599484192943890200 ),
 .UNSPECIFIED. ) ;
#10003 = DIRECTION ( 'NONE',  ( -1.000000000000000000, 1.272782003896287900E-015, 0.0000000000000000000 ) ) ;
#10004 = DIRECTION ( 'NONE',  ( 1.000000000000000000, 0.0000000000000000000, 0.0000000000000000000 ) ) ;
#10005 = VERTEX_POINT ( 'NONE', #10953 ) ;
#10006 = CIRCLE ( 'NONE', #4744, 0.05350000000000053300 ) ;
#10007 = DIRECTION ( 'NONE',  ( -0.0000000000000000000, -0.0000000000000000000, -1.000000000000000000 ) ) ;
#10008 = DIRECTION ( 'NONE',  ( 1.206113904487533100E-016, -1.000000000000000000, 0.0000000000000000000 ) ) ;
#10009 = EDGE_CURVE ( 'NONE', #1196, #5846, #10177, .T. ) ;
#10010 = EDGE_CURVE ( 'NONE', #882, #4612, #7908, .T. ) ;
#10011 = CARTESIAN_POINT ( 'NONE',  ( -1.701999999999999500, -1.619499999999999500, 1.630000000000000100 ) ) ;
#10012 = AXIS2_PLACEMENT_3D ( 'NONE', #2006, #8827, #7094 ) ;
#10013 = FACE_BOUND ( 'NONE', #4745, .T. ) ;
#10014 = VECTOR ( 'NONE', #436, 39.37007874015748100 ) ;
#10015 = DIRECTION ( 'NONE',  ( -0.0000000000000000000, -0.0000000000000000000, -1.000000000000000000 ) ) ;
#10016 = CARTESIAN_POINT ( 'NONE',  ( -1.701999999999999500, 1.619499999999999500, 1.630000000000000100 ) ) ;
#10017 = ADVANCED_FACE ( 'NONE', ( #2179 ), #6722, .T. ) ;
#10018 = DIRECTION ( 'NONE',  ( -0.0000000000000000000, -0.0000000000000000000, 1.000000000000000000 ) ) ;
#10019 = DIRECTION ( 'NONE',  ( -1.000000000000000000, 4.151904875222836800E-015, 0.0000000000000000000 ) ) ;
#10020 = CARTESIAN_POINT ( 'NONE',  ( 1.183500000000000000, 2.027999999999999100, 0.1200000000000000900 ) ) ;
#10021 = APPROVAL_ROLE ( '' ) ;
#10022 = CARTESIAN_POINT ( 'NONE',  ( 0.7070000000000014100, -2.196999999999998700, 1.540000000000000000 ) ) ;
#10023 = AXIS2_PLACEMENT_3D ( 'NONE', #7120, #9538, #1076 ) ;
#10024 = AXIS2_PLACEMENT_3D ( 'NONE', #3043, #9895, #10757 ) ;
#10025 = CIRCLE ( 'NONE', #2194, 0.2035000000000004300 ) ;
#10026 = EDGE_CURVE ( 'NONE', #1018, #8601, #10318, .T. ) ;
#10027 = VECTOR ( 'NONE', #2966, 39.37007874015748100 ) ;
#10028 = VERTEX_POINT ( 'NONE', #8433 ) ;
#10029 = PLANE ( 'NONE',  #1345 ) ;
#10030 = CARTESIAN_POINT ( 'NONE',  ( 0.7070000000000014100, -1.926500000000000300, 1.580000000000000100 ) ) ;
#10031 = CARTESIAN_POINT ( 'NONE',  ( -1.081000000000000400, 1.890999999999999800, -0.3943848084544492900 ) ) ;
#10032 = ADVANCED_FACE ( 'NONE', ( #5105 ), #5783, .T. ) ;
#10033 = LINE ( 'NONE', #1346, #5232 ) ;
#10034 = FACE_OUTER_BOUND ( 'NONE', #3679, .T. ) ;
#10035 = ORIENTED_EDGE ( 'NONE', *, *, #2727, .T. ) ;
#10036 = CARTESIAN_POINT ( 'NONE',  ( -1.701999999999999500, -1.619499999999999500, 1.630000000000000100 ) ) ;
#10037 = EDGE_LOOP ( 'NONE', ( #6935, #1497, #8931, #9025 ) ) ;
#10038 = AXIS2_PLACEMENT_3D ( 'NONE', #4149, #3334, #11024 ) ;
#10039 = CARTESIAN_POINT ( 'NONE',  ( -1.459259842519685700, 2.027999999999999600, 2.169999999999999900 ) ) ;
#10040 = DIRECTION ( 'NONE',  ( 1.000000000000000000, 0.0000000000000000000, 0.0000000000000000000 ) ) ;
#10041 = DIRECTION ( 'NONE',  ( 1.000000000000000000, 0.0000000000000000000, 0.0000000000000000000 ) ) ;
#10042 = ORIENTED_EDGE ( 'NONE', *, *, #2765, .T. ) ;
#10043 = CARTESIAN_POINT ( 'NONE',  ( -1.081000000000000400, -1.847999999999999900, 1.564999999999999700 ) ) ;
#10044 = ORIENTED_EDGE ( 'NONE', *, *, #2835, .T. ) ;
#10045 = FACE_OUTER_BOUND ( 'NONE', #10400, .T. ) ;
#10046 = VECTOR ( 'NONE', #9259, 39.37007874015748100 ) ;
#10047 = ORIENTED_EDGE ( 'NONE', *, *, #5000, .T. ) ;
#10048 = CARTESIAN_POINT ( 'NONE',  ( -1.625848074029412800, -2.265000000000002300, 0.04805064199019547200 ) ) ;
#10049 = ORIENTED_EDGE ( 'NONE', *, *, #2231, .T. ) ;
#10050 = CARTESIAN_POINT ( 'NONE',  ( 1.498499999999999100, 1.873000000000000000, 1.540000000000000000 ) ) ;
#10051 = CARTESIAN_POINT ( 'NONE',  ( -1.498499999999999100, 1.847999999999999900, 1.540000000000000000 ) ) ;
#10052 = CARTESIAN_POINT ( 'NONE',  ( -1.081000000000000400, 1.926500000000000300, 1.639999999999999900 ) ) ;
#10053 = ADVANCED_BREP_SHAPE_REPRESENTATION ( '7092K11_See-Through Corrosion-Resistant Washdown Enclosure', ( #10737, #2675, #7473, #6103 ), #4959 ) ;
#10054 = EDGE_CURVE ( 'NONE', #9668, #909, #8709, .T. ) ;
#10055 = ORIENTED_EDGE ( 'NONE', *, *, #9013, .F. ) ;
#10056 = ORIENTED_EDGE ( 'NONE', *, *, #9757, .F. ) ;
#10057 = DIRECTION ( 'NONE',  ( -0.0000000000000000000, -0.0000000000000000000, 1.000000000000000000 ) ) ;
#10058 = FACE_OUTER_BOUND ( 'NONE', #3770, .T. ) ;
#10059 = CARTESIAN_POINT ( 'NONE',  ( 1.002499999999999900, 1.926500000000000300, 1.540000000000000000 ) ) ;
#10060 = CARTESIAN_POINT ( 'NONE',  ( 1.281500000000000500, 1.515499999999999600, 0.3700000000000001100 ) ) ;
#10061 = FACE_OUTER_BOUND ( 'NONE', #8758, .T. ) ;
#10062 = ORIENTED_EDGE ( 'NONE', *, *, #4159, .T. ) ;
#10063 = DIRECTION ( 'NONE',  ( -0.0000000000000000000, -0.0000000000000000000, -1.000000000000000000 ) ) ;
#10064 = CARTESIAN_POINT ( 'NONE',  ( 1.498499999999999100, 1.619499999999999500, 2.050000000000000300 ) ) ;
#10065 = AXIS2_PLACEMENT_3D ( 'NONE', #825, #10075, #6776 ) ;
#10066 = ORIENTED_EDGE ( 'NONE', *, *, #2301, .F. ) ;
#10067 = VERTEX_POINT ( 'NONE', #8408 ) ;
#10068 = DIRECTION ( 'NONE',  ( 1.000000000000000000, 0.0000000000000000000, 0.0000000000000000000 ) ) ;
#10069 = FACE_OUTER_BOUND ( 'NONE', #6145, .T. ) ;
#10070 = LINE ( 'NONE', #4328, #92 ) ;
#10071 = ORIENTED_EDGE ( 'NONE', *, *, #9527, .T. ) ;
#10072 = DIRECTION ( 'NONE',  ( -0.0000000000000000000, -0.0000000000000000000, -1.000000000000000000 ) ) ;
#10073 = DIRECTION ( 'NONE',  ( -1.000000000000000000, 0.0000000000000000000, 0.0000000000000000000 ) ) ;
#10074 = FACE_OUTER_BOUND ( 'NONE', #603, .T. ) ;
#10075 = DIRECTION ( 'NONE',  ( -0.0000000000000000000, -0.0000000000000000000, -1.000000000000000000 ) ) ;
#10076 = ORIENTED_EDGE ( 'NONE', *, *, #10364, .T. ) ;
#10077 = EDGE_CURVE ( 'NONE', #7153, #627, #9904, .T. ) ;
#10078 = ADVANCED_FACE ( 'NONE', ( #5508 ), #7000, .F. ) ;
#10079 = VERTEX_POINT ( 'NONE', #9303 ) ;
#10080 = DIRECTION ( 'NONE',  ( -0.0000000000000000000, -0.0000000000000000000, -1.000000000000000000 ) ) ;
#10081 = ORIENTED_EDGE ( 'NONE', *, *, #5886, .T. ) ;
#10082 = DIRECTION ( 'NONE',  ( -1.000000000000000000, 0.0000000000000000000, 0.0000000000000000000 ) ) ;
#10083 = ORIENTED_EDGE ( 'NONE', *, *, #7092, .T. ) ;
#10084 = FACE_OUTER_BOUND ( 'NONE', #8711, .T. ) ;
#10085 = EDGE_LOOP ( 'NONE', ( #9205, #4138, #4580 ) ) ;
#10087 = CARTESIAN_POINT ( 'NONE',  ( -1.081000000000000400, -1.772999999999999900, 1.630000000000000100 ) ) ;
#10086 = DIRECTION ( 'NONE',  ( 1.000000000000000000, 4.151904875222836800E-015, 0.0000000000000000000 ) ) ;
#10088 = DIRECTION ( 'NONE',  ( 0.0000000000000000000, 0.0000000000000000000, 1.000000000000000000 ) ) ;
#10089 = FACE_OUTER_BOUND ( 'NONE', #9570, .T. ) ;
#10090 = DIRECTION ( 'NONE',  ( 1.000000000000000000, 0.0000000000000000000, 0.0000000000000000000 ) ) ;
#10091 = ORIENTED_EDGE ( 'NONE', *, *, #2514, .F. ) ;
#10092 = DIRECTION ( 'NONE',  ( 0.0000000000000000000, 1.000000000000000000, 0.0000000000000000000 ) ) ;
#10093 = EDGE_LOOP ( 'NONE', ( #5274, #8384, #3295, #6870 ) ) ;
#10094 = ORIENTED_EDGE ( 'NONE', *, *, #9547, .F. ) ;
#10095 = ADVANCED_FACE ( 'NONE', ( #4440 ), #5633, .T. ) ;
#10096 = CARTESIAN_POINT ( 'NONE',  ( 1.027499999999999900, -1.926500000000000300, 1.639999999999999900 ) ) ;
#10097 = EDGE_CURVE ( 'NONE', #6240, #8330, #7254, .T. ) ;
#10098 = CIRCLE ( 'NONE', #10531, 0.07874015748031476500 ) ;
#10099 = EDGE_CURVE ( 'NONE', #9001, #10617, #1907, .T. ) ;
#10100 = CARTESIAN_POINT ( 'NONE',  ( 1.498499999999999100, 1.847999999999999900, 1.564999999999999700 ) ) ;
#10101 = CC_DESIGN_PERSON_AND_ORGANIZATION_ASSIGNMENT ( #7076, #7498, ( #10450 ) ) ;
#10102 = EDGE_CURVE ( 'NONE', #6599, #4529, #10704, .T. ) ;
#10103 = CYLINDRICAL_SURFACE ( 'NONE', #1852, 0.1441519259705861500 ) ;
#10104 = CARTESIAN_POINT ( 'NONE',  ( 1.467867916488617000, -2.109472331882376500, 2.044999999999999500 ) ) ;
#10105 = DIRECTION ( 'NONE',  ( -0.0000000000000000000, -0.0000000000000000000, 1.000000000000000000 ) ) ;
#10106 = ORIENTED_EDGE ( 'NONE', *, *, #178, .T. ) ;
#10107 = PLANE ( 'NONE',  #7654 ) ;
#10108 = CARTESIAN_POINT ( 'NONE',  ( -0.7070000000000014100, -1.926500000000000300, 1.540000000000000000 ) ) ;
#10109 = DIRECTION ( 'NONE',  ( 0.0000000000000000000, 0.0000000000000000000, 1.000000000000000000 ) ) ;
#10110 = ORIENTED_EDGE ( 'NONE', *, *, #7440, .T. ) ;
#10111 = VERTEX_POINT ( 'NONE', #4407 ) ;
#10112 = ORIENTED_EDGE ( 'NONE', *, *, #1129, .T. ) ;
#10113 = ORIENTED_EDGE ( 'NONE', *, *, #10976, .T. ) ;
#10114 = ORIENTED_EDGE ( 'NONE', *, *, #5097, .T. ) ;
#10115 = LINE ( 'NONE', #4562, #6383 ) ;
#10116 = ORIENTED_EDGE ( 'NONE', *, *, #10800, .T. ) ;
#10117 = TOROIDAL_SURFACE ( 'NONE', #7620, 0.1074999999999994000, 0.04000000000000000100 ) ;
#10118 = DIRECTION ( 'NONE',  ( -1.000000000000000000, 0.0000000000000000000, 0.0000000000000000000 ) ) ;
#10119 = DIRECTION ( 'NONE',  ( -0.0000000000000000000, -0.0000000000000000000, 1.000000000000000000 ) ) ;
#10120 = ORIENTED_EDGE ( 'NONE', *, *, #9380, .T. ) ;
#10121 = AXIS2_PLACEMENT_3D ( 'NONE', #9445, #3532, #5252 ) ;
#10122 = DIRECTION ( 'NONE',  ( -0.0000000000000000000, -0.0000000000000000000, 1.000000000000000000 ) ) ;
#10123 = EDGE_CURVE ( 'NONE', #5029, #3175, #740, .T. ) ;
#10124 = CARTESIAN_POINT ( 'NONE',  ( -0.7070000000000014100, 2.221999999999998600, 1.564999999999999700 ) ) ;
#10125 = EDGE_LOOP ( 'NONE', ( #4863, #260, #11063, #1698 ) ) ;
#10126 = FACE_BOUND ( 'NONE', #2633, .T. ) ;
#10127 = ORIENTED_EDGE ( 'NONE', *, *, #8348, .F. ) ;
#10128 = TOROIDAL_SURFACE ( 'NONE', #1633, 0.1674999999999998200, 0.01000000000000000000 ) ;
#10129 = DIRECTION ( 'NONE',  ( -0.0000000000000000000, -0.0000000000000000000, -1.000000000000000000 ) ) ;
#10130 = ORIENTED_EDGE ( 'NONE', *, *, #9500, .F. ) ;
#10132 = CARTESIAN_POINT ( 'NONE',  ( -1.751999999999999600, 1.619499999999999500, 1.605000000000000000 ) ) ;
#10131 = DIRECTION ( 'NONE',  ( 0.0000000000000000000, 0.0000000000000000000, -1.000000000000000000 ) ) ;
#10133 = CARTESIAN_POINT ( 'NONE',  ( 0.7070000000000014100, -2.196999999999998700, 1.564999999999999700 ) ) ;
#10134 = AXIS2_PLACEMENT_3D ( 'NONE', #9594, #1937, #2798 ) ;
#10135 = EDGE_LOOP ( 'NONE', ( #280, #1999, #7161, #5624 ) ) ;
#10136 = EDGE_CURVE ( 'NONE', #388, #4654, #5370, .T. ) ;
#10137 = CYLINDRICAL_SURFACE ( 'NONE', #4825, 0.05849999999999993400 ) ;
#10138 = PLANE ( 'NONE',  #3189 ) ;
#10139 = CARTESIAN_POINT ( 'NONE',  ( -1.081000000000000400, -1.873000000000000000, 1.605000000000000000 ) ) ;
#10140 = DIRECTION ( 'NONE',  ( -0.0000000000000000000, -0.0000000000000000000, -1.000000000000000000 ) ) ;
#10141 = ADVANCED_FACE ( 'NONE', ( #597 ), #2970, .T. ) ;
#10142 = CARTESIAN_POINT ( 'NONE',  ( 1.625848074029415400, 2.254999999999998600, 1.614999999999999800 ) ) ;
#10143 = DIRECTION ( 'NONE',  ( -1.224646799147353200E-016, 1.000000000000000000, 0.0000000000000000000 ) ) ;
#10144 = CARTESIAN_POINT ( 'NONE',  ( -1.628389396804066600, -1.911440972269853500, 2.010322595159088200 ) ) ;
#10145 = CARTESIAN_POINT ( 'NONE',  ( 1.770000000000001600, 2.264999999999998800, 1.580000000000000100 ) ) ;
#10146 = DIRECTION ( 'NONE',  ( -0.0000000000000000000, -0.0000000000000000000, -1.000000000000000000 ) ) ;
#10147 = FACE_BOUND ( 'NONE', #7253, .T. ) ;
#10148 = EDGE_CURVE ( 'NONE', #142, #495, #2443, .T. ) ;
#10149 = CARTESIAN_POINT ( 'NONE',  ( -1.628389396804067200, 1.911440972269852700, 2.004999999999999400 ) ) ;
#10150 = EDGE_CURVE ( 'NONE', #1320, #3146, #3893, .T. ) ;
#10151 = FACE_OUTER_BOUND ( 'NONE', #4192, .T. ) ;
#10152 = DIRECTION ( 'NONE',  ( 1.000000000000000000, 0.0000000000000000000, 0.0000000000000000000 ) ) ;
#10153 = CIRCLE ( 'NONE', #5970, 0.02499999999999987000 ) ;
#10154 = CARTESIAN_POINT ( 'NONE',  ( -0.7070000000000014100, -1.926500000000000300, 1.639999999999999900 ) ) ;
#10155 = CARTESIAN_POINT ( 'NONE',  ( -1.538000000000000500, -2.027999999999999100, 2.004999999999999400 ) ) ;
#10156 = DIRECTION ( 'NONE',  ( -0.0000000000000000000, -0.0000000000000000000, -1.000000000000000000 ) ) ;
#10157 = VECTOR ( 'NONE', #4560, 39.37007874015748100 ) ;
#10158 = LENGTH_MEASURE_WITH_UNIT ( LENGTH_MEASURE( 0.02539999999999999900 ), #2446 );
#10159 = EDGE_CURVE ( 'NONE', #5682, #3312, #9252, .T. ) ;
#10160 = EDGE_CURVE ( 'NONE', #869, #9567, #3364, .T. ) ;
#10161 = CARTESIAN_POINT ( 'NONE',  ( 0.7070000000000014100, 1.926500000000000300, 0.1200000000000000900 ) ) ;
#10162 = ADVANCED_FACE ( 'NONE', ( #868 ), #7509, .F. ) ;
#10163 = AXIS2_PLACEMENT_3D ( 'NONE', #8279, #4882, #1544 ) ;
#10164 = EDGE_CURVE ( 'NONE', #1469, #10028, #8445, .T. ) ;
#10165 = LINE ( 'NONE', #5384, #6033 ) ;
#10166 = CIRCLE ( 'NONE', #2531, 0.07874015748031476500 ) ;
#10167 = DIRECTION ( 'NONE',  ( -1.000000000000000000, 0.0000000000000000000, 0.0000000000000000000 ) ) ;
#10168 = DIRECTION ( 'NONE',  ( 0.0000000000000000000, 0.0000000000000000000, 1.000000000000000000 ) ) ;
#10169 = CARTESIAN_POINT ( 'NONE',  ( -0.7070000000000014100, 2.196999999999998700, 1.639999999999999900 ) ) ;
#10170 = DIRECTION ( 'NONE',  ( -1.000000000000000000, -0.0000000000000000000, -0.0000000000000000000 ) ) ;
#10171 = ORIENTED_EDGE ( 'NONE', *, *, #3150, .T. ) ;
#10172 = CARTESIAN_POINT ( 'NONE',  ( -1.701999999999999500, -1.619499999999999500, 1.580000000000000100 ) ) ;
#10173 = AXIS2_PLACEMENT_3D ( 'NONE', #7893, #2034, #9620 ) ;
#10174 = EDGE_CURVE ( 'NONE', #5660, #6214, #2960, .T. ) ;
#10175 = CYLINDRICAL_SURFACE ( 'NONE', #3666, 0.2035000000000004300 ) ;
#10176 = ORIENTED_EDGE ( 'NONE', *, *, #5059, .F. ) ;
#10177 = LINE ( 'NONE', #10263, #2833 ) ;
#10178 = ORIENTED_EDGE ( 'NONE', *, *, #10472, .F. ) ;
#10179 = ORIENTED_EDGE ( 'NONE', *, *, #6994, .T. ) ;
#10180 = CARTESIAN_POINT ( 'NONE',  ( -1.769999999999998900, -2.120848074029416000, 0.04805064199019547200 ) ) ;
#10181 = ORIENTED_EDGE ( 'NONE', *, *, #4030, .F. ) ;
#10182 = CARTESIAN_POINT ( 'NONE',  ( -0.7070000000000014100, 2.196999999999998700, 1.564999999999999700 ) ) ;
#10183 = DIRECTION ( 'NONE',  ( -0.0000000000000000000, -0.0000000000000000000, -1.000000000000000000 ) ) ;
#10184 = ORIENTED_EDGE ( 'NONE', *, *, #996, .F. ) ;
#10185 = ORIENTED_EDGE ( 'NONE', *, *, #5800, .T. ) ;
#10186 = LINE ( 'NONE', #213, #3108 ) ;
#10187 = AXIS2_PLACEMENT_3D ( 'NONE', #7077, #7986, #7378 ) ;
#10188 = CARTESIAN_POINT ( 'NONE',  ( -0.7070000000000014100, -1.926500000000000300, 1.564999999999999700 ) ) ;
#10189 = LINE ( 'NONE', #9922, #7268 ) ;
#10190 = ORIENTED_EDGE ( 'NONE', *, *, #10819, .T. ) ;
#10191 = AXIS2_PLACEMENT_3D ( 'NONE', #4516, #10516, #289 ) ;
#10192 = EDGE_CURVE ( 'NONE', #2361, #381, #9773, .T. ) ;
#10193 = DIRECTION ( 'NONE',  ( 1.000000000000000000, 0.0000000000000000000, 0.0000000000000000000 ) ) ;
#10194 = ORIENTED_EDGE ( 'NONE', *, *, #7862, .F. ) ;
#10195 = VECTOR ( 'NONE', #4451, 39.37007874015748100 ) ;
#10196 = ORIENTED_EDGE ( 'NONE', *, *, #7517, .F. ) ;
#10197 = LINE ( 'NONE', #4000, #8598 ) ;
#10198 = CARTESIAN_POINT ( 'NONE',  ( -1.538000000000000500, 2.027999999999999600, 1.605000000000000000 ) ) ;
#10199 = VECTOR ( 'NONE', #9026, 39.37007874015748100 ) ;
#10200 = ORIENTED_EDGE ( 'NONE', *, *, #4729, .T. ) ;
#10201 = DIRECTION ( 'NONE',  ( -0.0000000000000000000, -0.0000000000000000000, 1.000000000000000000 ) ) ;
#10202 = ORIENTED_EDGE ( 'NONE', *, *, #3325, .T. ) ;
#10203 = AXIS2_PLACEMENT_3D ( 'NONE', #7481, #10072, #4029 ) ;
#10204 = DIRECTION ( 'NONE',  ( -1.000000000000000000, 0.0000000000000000000, 0.0000000000000000000 ) ) ;
#10205 = ORIENTED_EDGE ( 'NONE', *, *, #9675, .F. ) ;
#10206 = CARTESIAN_POINT ( 'NONE',  ( 1.498499999999999100, 1.619499999999999500, 1.639999999999999900 ) ) ;
#10207 = EDGE_LOOP ( 'NONE', ( #6778, #4209, #5649, #8894 ) ) ;
#10208 = ORIENTED_EDGE ( 'NONE', *, *, #2917, .T. ) ;
#10209 = LINE ( 'NONE', #5741, #1569 ) ;
#10210 = DIRECTION ( 'NONE',  ( 0.0000000000000000000, -1.000000000000000000, 0.0000000000000000000 ) ) ;
#10211 = CIRCLE ( 'NONE', #4273, 0.09375000000000033300 ) ;
#10212 = EDGE_LOOP ( 'NONE', ( #9722, #7648, #7836, #1007 ) ) ;
#10213 = VECTOR ( 'NONE', #2364, 39.37007874015748100 ) ;
#10214 = ADVANCED_FACE ( 'NONE', ( #10565 ), #6987, .T. ) ;
#10215 = VERTEX_POINT ( 'NONE', #6996 ) ;
#10216 = DIRECTION ( 'NONE',  ( -0.0000000000000000000, -0.0000000000000000000, -1.000000000000000000 ) ) ;
#10217 = CARTESIAN_POINT ( 'NONE',  ( -1.081000000000000400, -1.823000000000000000, 1.639999999999999900 ) ) ;
#10218 = EDGE_LOOP ( 'NONE', ( #780, #5322, #8864, #335 ) ) ;
#10219 = VERTEX_POINT ( 'NONE', #1097 ) ;
#10220 = DIRECTION ( 'NONE',  ( -1.000000000000000000, -0.0000000000000000000, -0.0000000000000000000 ) ) ;
#10221 = EDGE_LOOP ( 'NONE', ( #10892, #6227, #4845, #10751 ) ) ;
#10222 = CARTESIAN_POINT ( 'NONE',  ( 1.081000000000000400, 1.926500000000000300, 0.1200000000000000900 ) ) ;
#10223 = FACE_OUTER_BOUND ( 'NONE', #516, .T. ) ;
#10224 = DIRECTION ( 'NONE',  ( -0.0000000000000000000, -0.0000000000000000000, 1.000000000000000000 ) ) ;
#10225 = CIRCLE ( 'NONE', #1295, 0.1474999999999994600 ) ;
#10226 = EDGE_CURVE ( 'NONE', #8616, #9733, #6439, .T. ) ;
#10227 = EDGE_CURVE ( 'NONE', #5234, #6942, #7123, .T. ) ;
#10228 = AXIS2_PLACEMENT_3D ( 'NONE', #9741, #1255, #2800 ) ;
#10229 = ORIENTED_EDGE ( 'NONE', *, *, #10951, .T. ) ;
#10230 = DIRECTION ( 'NONE',  ( 0.0000000000000000000, 0.0000000000000000000, -1.000000000000000000 ) ) ;
#10231 = CARTESIAN_POINT ( 'NONE',  ( -1.498499999999999100, 1.772999999999999900, 0.1200000000000000900 ) ) ;
#10232 = ORIENTED_EDGE ( 'NONE', *, *, #445, .F. ) ;
#10233 = ORIENTED_EDGE ( 'NONE', *, *, #4800, .F. ) ;
#10234 = DIRECTION ( 'NONE',  ( -0.0000000000000000000, -0.0000000000000000000, 1.000000000000000000 ) ) ;
#10235 = ORIENTED_EDGE ( 'NONE', *, *, #3040, .T. ) ;
#10236 = CIRCLE ( 'NONE', #7824, 0.04805064199019536800 ) ;
#10237 = CARTESIAN_POINT ( 'NONE',  ( -1.081000000000000400, 1.873000000000000000, 1.540000000000000000 ) ) ;
#10238 = VECTOR ( 'NONE', #5071, 39.37007874015748100 ) ;
#10239 = DIRECTION ( 'NONE',  ( -0.0000000000000000000, -0.0000000000000000000, 1.000000000000000000 ) ) ;
#10240 = ORIENTED_EDGE ( 'NONE', *, *, #4014, .F. ) ;
#10241 = AXIS2_PLACEMENT_3D ( 'NONE', #1673, #4976, #8479 ) ;
#10242 = CARTESIAN_POINT ( 'NONE',  ( -1.538000000000000500, 2.027999999999999600, 1.267500000000000100 ) ) ;
#10243 = VERTEX_POINT ( 'NONE', #7834 ) ;
#10244 = EDGE_CURVE ( 'NONE', #7150, #5369, #8574, .T. ) ;
#10245 = CARTESIAN_POINT ( 'NONE',  ( 1.538000000000000500, 2.027999999999999600, 1.580000000000000100 ) ) ;
#10246 = ORIENTED_EDGE ( 'NONE', *, *, #8240, .T. ) ;
#10247 = EDGE_CURVE ( 'NONE', #4600, #8333, #4972, .T. ) ;
#10248 = ORIENTED_EDGE ( 'NONE', *, *, #2708, .T. ) ;
#10249 = CIRCLE ( 'NONE', #2746, 0.09375000000000033300 ) ;
#10250 = CARTESIAN_POINT ( 'NONE',  ( -1.751999999999999600, -1.619499999999999500, 1.639999999999999900 ) ) ;
#10251 = DIRECTION ( 'NONE',  ( -1.000000000000000000, -3.086833891146059900E-016, -0.0000000000000000000 ) ) ;
#10252 = CARTESIAN_POINT ( 'NONE',  ( 0.7070000000000014100, -1.926500000000000300, 1.630000000000000100 ) ) ;
#10253 = ORIENTED_EDGE ( 'NONE', *, *, #6079, .T. ) ;
#10254 = CARTESIAN_POINT ( 'NONE',  ( 1.538000000000000500, -2.027999999999999600, 1.580000000000000100 ) ) ;
#10255 = FACE_OUTER_BOUND ( 'NONE', #2631, .T. ) ;
#10256 = DIRECTION ( 'NONE',  ( -0.0000000000000000000, -0.0000000000000000000, -1.000000000000000000 ) ) ;
#10257 = EDGE_LOOP ( 'NONE', ( #5509, #9972, #10566, #3003 ) ) ;
#10258 = CARTESIAN_POINT ( 'NONE',  ( -1.616740157480315100, -2.027999999999999600, 1.580000000000000100 ) ) ;
#10259 = VERTEX_POINT ( 'NONE', #1943 ) ;
#10260 = DIRECTION ( 'NONE',  ( 0.0000000000000000000, 0.0000000000000000000, 1.000000000000000000 ) ) ;
#10261 = VECTOR ( 'NONE', #3687, 39.37007874015748100 ) ;
#10262 = AXIS2_PLACEMENT_3D ( 'NONE', #10242, #11, #873 ) ;
#10263 = CARTESIAN_POINT ( 'NONE',  ( 1.625848074029415400, 2.264999999999998800, 1.580000000000000100 ) ) ;
#10264 = CARTESIAN_POINT ( 'NONE',  ( 0.7070000000000014100, 1.926500000000000300, 1.630000000000000100 ) ) ;
#10265 = CARTESIAN_POINT ( 'NONE',  ( -1.701999999999999500, 1.619499999999999500, 1.580000000000000100 ) ) ;
#10266 = LINE ( 'NONE', #5809, #6821 ) ;
#10267 = CARTESIAN_POINT ( 'NONE',  ( -1.447610603195933500, 2.144559027730145000, 2.004999999999999400 ) ) ;
#10268 = DIRECTION ( 'NONE',  ( 1.000000000000000000, 0.0000000000000000000, 0.0000000000000000000 ) ) ;
#10269 = ADVANCED_FACE ( 'NONE', ( #4693 ), #8837, .T. ) ;
#10270 = AXIS2_PLACEMENT_3D ( 'NONE', #2530, #7562, #3257 ) ;
#10271 = EDGE_CURVE ( 'NONE', #10067, #10243, #8307, .T. ) ;
#10272 = CARTESIAN_POINT ( 'NONE',  ( 1.616740157480315100, 2.027999999999999600, 1.580000000000000100 ) ) ;
#10273 = CIRCLE ( 'NONE', #5681, 0.03550000000000048300 ) ;
#10274 = AXIS2_PLACEMENT_3D ( 'NONE', #2054, #9849, #7282 ) ;
#10275 = DIRECTION ( 'NONE',  ( -0.0000000000000000000, 0.0000000000000000000, 1.000000000000000000 ) ) ;
#10276 = DIRECTION ( 'NONE',  ( 1.000000000000000000, 0.0000000000000000000, -0.0000000000000000000 ) ) ;
#10277 = CARTESIAN_POINT ( 'NONE',  ( -1.430500000000001000, -2.027999999999999100, 2.044999999999999500 ) ) ;
#10278 = DIRECTION ( 'NONE',  ( 1.000000000000000000, 0.0000000000000000000, 0.0000000000000000000 ) ) ;
#10279 = CARTESIAN_POINT ( 'NONE',  ( -0.7070000000000014100, 2.196999999999998700, 1.639999999999999900 ) ) ;
#10280 = CARTESIAN_POINT ( 'NONE',  ( 1.625848074029415400, -2.120848074029415100, 2.169999999999999900 ) ) ;
#10281 = CYLINDRICAL_SURFACE ( 'NONE', #4411, 0.3384999999999984700 ) ;
#10282 = EDGE_CURVE ( 'NONE', #7945, #1557, #3490, .T. ) ;
#10283 = EDGE_LOOP ( 'NONE', ( #7382, #8998 ) ) ;
#10284 = CYLINDRICAL_SURFACE ( 'NONE', #35, 0.2704999999999985200 ) ;
#10285 = CARTESIAN_POINT ( 'NONE',  ( -1.721949358009804000, 2.120848074029412900, 0.04805064199019547200 ) ) ;
#10286 = EDGE_CURVE ( 'NONE', #3434, #248, #3749, .T. ) ;
#10287 = CARTESIAN_POINT ( 'NONE',  ( -0.7070000000000014100, -1.926500000000000300, 1.564999999999999700 ) ) ;
#10288 = CARTESIAN_POINT ( 'NONE',  ( -1.625848074029412800, -2.120848074029416000, 1.580000000000000100 ) ) ;
#10289 = EDGE_CURVE ( 'NONE', #9936, #7771, #1258, .T. ) ;
#10290 = DIRECTION ( 'NONE',  ( 1.000000000000000000, 0.0000000000000000000, 0.0000000000000000000 ) ) ;
#10291 = CARTESIAN_POINT ( 'NONE',  ( -0.9774999999999999200, -1.926500000000000300, 1.630000000000000100 ) ) ;
#10292 = DIRECTION ( 'NONE',  ( 0.0000000000000000000, 0.0000000000000000000, -1.000000000000000000 ) ) ;
#10293 = LINE ( 'NONE', #4117, #7231 ) ;
#10294 = CIRCLE ( 'NONE', #1949, 0.009999999999999892700 ) ;
#10295 = VERTEX_POINT ( 'NONE', #8917 ) ;
#10296 = PLANE ( 'NONE',  #9094 ) ;
#10297 = DIRECTION ( 'NONE',  ( -0.0000000000000000000, -0.0000000000000000000, -1.000000000000000000 ) ) ;
#10298 = AXIS2_PLACEMENT_3D ( 'NONE', #10891, #6652, #3165 ) ;
#10299 = EDGE_CURVE ( 'NONE', #7676, #2084, #53, .T. ) ;
#10300 = EDGE_CURVE ( 'NONE', #7409, #10648, #4297, .T. ) ;
#10301 = CARTESIAN_POINT ( 'NONE',  ( 1.537999999999999400, -2.028000000000001400, 1.919999999999999700 ) ) ;
#10302 = CIRCLE ( 'NONE', #6041, 0.2285000000000003100 ) ;
#10303 = AXIS2_PLACEMENT_3D ( 'NONE', #4871, #6748, #8303 ) ;
#10304 = EDGE_CURVE ( 'NONE', #2843, #2115, #9387, .T. ) ;
#10305 = FACE_OUTER_BOUND ( 'NONE', #1000, .T. ) ;
#10306 = EDGE_LOOP ( 'NONE', ( #10864, #4484, #10055, #7456 ) ) ;
#10307 = CARTESIAN_POINT ( 'NONE',  ( -1.497500000000000300, -1.515499999999999600, 0.1200000000000000900 ) ) ;
#10308 = ORIENTED_EDGE ( 'NONE', *, *, #3615, .F. ) ;
#10309 = DIRECTION ( 'NONE',  ( 0.0000000000000000000, 0.0000000000000000000, -1.000000000000000000 ) ) ;
#10310 = DIRECTION ( 'NONE',  ( 0.0000000000000000000, 0.0000000000000000000, -1.000000000000000000 ) ) ;
#10311 = ORIENTED_EDGE ( 'NONE', *, *, #8869, .F. ) ;
#10312 = ORIENTED_EDGE ( 'NONE', *, *, #8272, .F. ) ;
#10314 = DIRECTION ( 'NONE',  ( -0.0000000000000000000, -0.0000000000000000000, -1.000000000000000000 ) ) ;
#10313 = DIRECTION ( 'NONE',  ( -0.0000000000000000000, -0.0000000000000000000, -1.000000000000000000 ) ) ;
#10315 = CIRCLE ( 'NONE', #6828, 0.1875000000000001100 ) ;
#10316 = CARTESIAN_POINT ( 'NONE',  ( 1.498499999999999100, 1.873000000000000000, 1.639999999999999900 ) ) ;
#10317 = ORIENTED_EDGE ( 'NONE', *, *, #2012, .F. ) ;
#10318 = CIRCLE ( 'NONE', #4292, 0.07874015748031476500 ) ;
#10319 = ORIENTED_EDGE ( 'NONE', *, *, #3040, .F. ) ;
#10320 = CARTESIAN_POINT ( 'NONE',  ( 1.498499999999999100, 1.619499999999999500, 1.639999999999999900 ) ) ;
#10321 = CARTESIAN_POINT ( 'NONE',  ( -0.7070000000000014100, 2.146999999999998900, 0.1200000000000000900 ) ) ;
#10322 = AXIS2_PLACEMENT_3D ( 'NONE', #1218, #10645, #421 ) ;
#10323 = VERTEX_POINT ( 'NONE', #2089 ) ;
#10324 = EDGE_CURVE ( 'NONE', #5679, #5176, #6858, .T. ) ;
#10325 = ADVANCED_FACE ( 'NONE', ( #10034 ), #7905, .F. ) ;
#10326 = EDGE_LOOP ( 'NONE', ( #7661, #1171, #10614, #8788 ) ) ;
#10327 = DIRECTION ( 'NONE',  ( -0.0000000000000000000, -0.0000000000000000000, 1.000000000000000000 ) ) ;
#10328 = LINE ( 'NONE', #6634, #2059 ) ;
#10329 = CARTESIAN_POINT ( 'NONE',  ( 1.616740157480314000, -2.028000000000001400, 2.169999999999999900 ) ) ;
#10330 = ORIENTED_EDGE ( 'NONE', *, *, #2655, .F. ) ;
#10331 = VECTOR ( 'NONE', #2568, 39.37007874015748100 ) ;
#10332 = VERTEX_POINT ( 'NONE', #3783 ) ;
#10333 = CARTESIAN_POINT ( 'NONE',  ( -1.339999999999999900, -1.515499999999999600, 0.1200000000000000900 ) ) ;
#10334 = CARTESIAN_POINT ( 'NONE',  ( 1.538000000000000500, 2.027999999999999100, 2.044999999999999500 ) ) ;
#10335 = DIRECTION ( 'NONE',  ( 0.5000000000000024400, -0.8660254037844371500, 0.0000000000000000000 ) ) ;
#10336 = DIRECTION ( 'NONE',  ( -0.0000000000000000000, -0.0000000000000000000, -1.000000000000000000 ) ) ;
#10337 = ORIENTED_EDGE ( 'NONE', *, *, #7461, .T. ) ;
#10338 = AXIS2_PLACEMENT_3D ( 'NONE', #7028, #2760, #8097 ) ;
#10339 = AXIS2_PLACEMENT_3D ( 'NONE', #4528, #6254, #9612 ) ;
#10340 = DIRECTION ( 'NONE',  ( 0.0000000000000000000, 0.0000000000000000000, 1.000000000000000000 ) ) ;
#10341 = EDGE_LOOP ( 'NONE', ( #6253, #630, #6514, #4406 ) ) ;
#10342 = CYLINDRICAL_SURFACE ( 'NONE', #615, 0.03550000000000048300 ) ;
#10343 = CIRCLE ( 'NONE', #2643, 0.07850000000000040300 ) ;
#10344 = ADVANCED_FACE ( 'NONE', ( #2307, #8698, #2036, #179, #4836 ), #9666, .T. ) ;
#10345 = ORIENTED_EDGE ( 'NONE', *, *, #3949, .T. ) ;
#10346 = CARTESIAN_POINT ( 'NONE',  ( -1.769999999999999400, 2.120848074029412900, 2.169999999999999900 ) ) ;
#10347 = CYLINDRICAL_SURFACE ( 'NONE', #5622, 0.1535000000000004100 ) ;
#10348 = DIRECTION ( 'NONE',  ( -0.0000000000000000000, -0.0000000000000000000, 1.000000000000000000 ) ) ;
#10349 = ORIENTED_EDGE ( 'NONE', *, *, #8066, .T. ) ;
#10350 = DIRECTION ( 'NONE',  ( 0.0000000000000000000, 0.0000000000000000000, -1.000000000000000000 ) ) ;
#10351 = ORIENTED_EDGE ( 'NONE', *, *, #832, .F. ) ;
#10352 = ORIENTED_EDGE ( 'NONE', *, *, #3790, .F. ) ;
#10353 = VERTEX_POINT ( 'NONE', #2016 ) ;
#10354 = VECTOR ( 'NONE', #3417, 39.37007874015748100 ) ;
#10355 = DIRECTION ( 'NONE',  ( -0.0000000000000000000, -0.0000000000000000000, 1.000000000000000000 ) ) ;
#10356 = ORIENTED_EDGE ( 'NONE', *, *, #6687, .T. ) ;
#10357 = DIRECTION ( 'NONE',  ( 0.0000000000000000000, 1.000000000000000000, 0.0000000000000000000 ) ) ;
#10358 = AXIS2_PLACEMENT_3D ( 'NONE', #7359, #1482, #7439 ) ;
#10359 = CIRCLE ( 'NONE', #3980, 0.04805064199019547200 ) ;
#10361 = CARTESIAN_POINT ( 'NONE',  ( 1.751999999999999600, -1.619499999999999500, 1.639999999999999900 ) ) ;
#10360 = CARTESIAN_POINT ( 'NONE',  ( 1.455462238198014200, 2.130959596984054900, 2.037079749950507800 ) ) ;
#10362 = VERTEX_POINT ( 'NONE', #2919 ) ;
#10363 = CARTESIAN_POINT ( 'NONE',  ( 1.751999999999999600, 1.619499999999999500, 1.639999999999999900 ) ) ;
#10364 = EDGE_CURVE ( 'NONE', #9714, #7548, #6714, .T. ) ;
#10365 = CARTESIAN_POINT ( 'NONE',  ( -1.701999999999999500, 1.619499999999999500, 1.630000000000000100 ) ) ;
#10366 = ORIENTED_EDGE ( 'NONE', *, *, #8272, .T. ) ;
#10367 = EDGE_CURVE ( 'NONE', #5721, #8516, #1516, .T. ) ;
#10368 = VERTEX_POINT ( 'NONE', #1288 ) ;
#10369 = VERTEX_POINT ( 'NONE', #8983 ) ;
#10370 = VECTOR ( 'NONE', #4629, 39.37007874015748100 ) ;
#10371 = CARTESIAN_POINT ( 'NONE',  ( -1.625848074029413200, 2.264999999999998800, 1.614999999999999800 ) ) ;
#10372 = LINE ( 'NONE', #1274, #3950 ) ;
#10373 = ORIENTED_EDGE ( 'NONE', *, *, #3886, .T. ) ;
#10374 = CARTESIAN_POINT ( 'NONE',  ( 0.9774999999999999200, -1.926500000000000300, 1.630000000000000100 ) ) ;
#10375 = ORIENTED_EDGE ( 'NONE', *, *, #6481, .T. ) ;
#10376 = ORIENTED_EDGE ( 'NONE', *, *, #6834, .F. ) ;
#10377 = CARTESIAN_POINT ( 'NONE',  ( -1.081000000000000400, -1.926500000000000300, 0.1200000000000000900 ) ) ;
#10378 = VERTEX_POINT ( 'NONE', #3829 ) ;
#10379 = ORIENTED_EDGE ( 'NONE', *, *, #5516, .T. ) ;
#10380 = EDGE_CURVE ( 'NONE', #10648, #5930, #4564, .T. ) ;
#10381 = CYLINDRICAL_SURFACE ( 'NONE', #4666, 0.04805064199019547200 ) ;
#10382 = EDGE_CURVE ( 'NONE', #5714, #1145, #8968, .T. ) ;
#10383 = ORIENTED_EDGE ( 'NONE', *, *, #1349, .T. ) ;
#10384 = VECTOR ( 'NONE', #10119, 39.37007874015748100 ) ;
#10385 = ORIENTED_EDGE ( 'NONE', *, *, #2514, .T. ) ;
#10386 = VERTEX_POINT ( 'NONE', #1329 ) ;
#10387 = ADVANCED_FACE ( 'NONE', ( #999 ), #2571, .T. ) ;
#10388 = EDGE_LOOP ( 'NONE', ( #3375, #8765, #2181, #2907, #2862, #4242 ) ) ;
#10389 = CYLINDRICAL_SURFACE ( 'NONE', #9403, 0.1535000000000002800 ) ;
#10390 = ORIENTED_EDGE ( 'NONE', *, *, #9798, .T. ) ;
#10391 = LINE ( 'NONE', #3480, #9596 ) ;
#10392 = ORIENTED_EDGE ( 'NONE', *, *, #6967, .F. ) ;
#10393 = AXIS2_PLACEMENT_3D ( 'NONE', #4038, #7365, #2266 ) ;
#10394 = CARTESIAN_POINT ( 'NONE',  ( 1.370499999999999400, -2.028000000000001400, 2.169999999999999900 ) ) ;
#10395 = AXIS2_PLACEMENT_3D ( 'NONE', #8426, #4134, #7607 ) ;
#10396 = DIRECTION ( 'NONE',  ( -0.0000000000000000000, -0.0000000000000000000, 1.000000000000000000 ) ) ;
#10397 = EDGE_CURVE ( 'NONE', #8576, #6759, #6583, .T. ) ;
#10398 = CARTESIAN_POINT ( 'NONE',  ( -1.393102622522006500, -2.146999999999999400, 1.580000000000000100 ) ) ;
#10399 = DIRECTION ( 'NONE',  ( 0.0000000000000000000, -1.000000000000000000, 0.0000000000000000000 ) ) ;
#10400 = EDGE_LOOP ( 'NONE', ( #2440, #3636, #480, #5302 ) ) ;
#10401 = ORIENTED_EDGE ( 'NONE', *, *, #8186, .F. ) ;
#10402 = DIRECTION ( 'NONE',  ( -0.0000000000000000000, -0.0000000000000000000, 1.000000000000000000 ) ) ;
#10403 = CARTESIAN_POINT ( 'NONE',  ( 1.751999999999999600, 1.619499999999999500, 1.639999999999999900 ) ) ;
#10404 = FACE_OUTER_BOUND ( 'NONE', #3828, .T. ) ;
#10405 = ADVANCED_FACE ( 'NONE', ( #4429 ), #1775, .T. ) ;
#10406 = CARTESIAN_POINT ( 'NONE',  ( 0.7070000000000014100, -1.926500000000000300, 1.564999999999999700 ) ) ;
#10407 = CARTESIAN_POINT ( 'NONE',  ( -1.613410759851399800, 1.937384732500002000, 2.043974741639081200 ) ) ;
#10408 = DIRECTION ( 'NONE',  ( -0.0000000000000000000, 1.000000000000000000, -0.0000000000000000000 ) ) ;
#10409 = ORIENTED_EDGE ( 'NONE', *, *, #5889, .T. ) ;
#10410 = AXIS2_PLACEMENT_3D ( 'NONE', #5013, #715, #750 ) ;
#10411 = DIRECTION ( 'NONE',  ( -1.000000000000000000, 0.0000000000000000000, 0.0000000000000000000 ) ) ;
#10412 = EDGE_CURVE ( 'NONE', #2394, #366, #7763, .T. ) ;
#10413 = CARTESIAN_POINT ( 'NONE',  ( 1.537999999999999400, -2.028000000000001400, 1.919999999999999700 ) ) ;
#10414 = ORIENTED_EDGE ( 'NONE', *, *, #10665, .T. ) ;
#10415 = CYLINDRICAL_SURFACE ( 'NONE', #1890, 0.1035000000000005500 ) ;
#10416 = CARTESIAN_POINT ( 'NONE',  ( 1.081000000000000400, -1.926500000000000300, 1.639999999999999900 ) ) ;
#10417 = DIRECTION ( 'NONE',  ( 0.0000000000000000000, -1.000000000000000000, 0.0000000000000000000 ) ) ;
#10418 = LINE ( 'NONE', #103, #8149 ) ;
#10419 = FACE_OUTER_BOUND ( 'NONE', #5179, .T. ) ;
#10420 = DIRECTION ( 'NONE',  ( 1.000000000000000000, 0.0000000000000000000, 0.0000000000000000000 ) ) ;
#10421 = AXIS2_PLACEMENT_3D ( 'NONE', #10320, #9364, #8650 ) ;
#10422 = CARTESIAN_POINT ( 'NONE',  ( -0.7070000000000014100, 2.196999999999998700, 1.639999999999999900 ) ) ;
#10423 = ADVANCED_FACE ( 'NONE', ( #10305 ), #5498, .F. ) ;
#10424 = DIRECTION ( 'NONE',  ( -0.0000000000000000000, -0.0000000000000000000, -1.000000000000000000 ) ) ;
#10425 = ORIENTED_EDGE ( 'NONE', *, *, #2856, .F. ) ;
#10426 = AXIS2_PLACEMENT_3D ( 'NONE', #8146, #8220, #3097 ) ;
#10427 = DIRECTION ( 'NONE',  ( -0.0000000000000000000, -0.0000000000000000000, 1.000000000000000000 ) ) ;
#10428 = VECTOR ( 'NONE', #3591, 39.37007874015748100 ) ;
#10429 = DIRECTION ( 'NONE',  ( -1.000000000000000000, -0.0000000000000000000, -0.0000000000000000000 ) ) ;
#10430 = DIRECTION ( 'NONE',  ( -1.000000000000000000, 0.0000000000000000000, 0.0000000000000000000 ) ) ;
#10431 = ADVANCED_FACE ( 'NONE', ( #1896 ), #10775, .T. ) ;
#10432 = LINE ( 'NONE', #7857, #5903 ) ;
#10433 = CARTESIAN_POINT ( 'NONE',  ( 1.625848074029415400, 2.120848074029412900, 2.169999999999999900 ) ) ;
#10434 = EDGE_CURVE ( 'NONE', #5992, #11037, #8840, .T. ) ;
#10435 = PLANE ( 'NONE',  #10134 ) ;
#10436 = VERTEX_POINT ( 'NONE', #8095 ) ;
#10437 = CARTESIAN_POINT ( 'NONE',  ( -1.081000000000000400, 1.890999999999999800, -0.3943848084544492900 ) ) ;
#10438 = CARTESIAN_POINT ( 'NONE',  ( -1.081000000000000400, -1.873000000000000000, 1.540000000000000000 ) ) ;
#10439 = VECTOR ( 'NONE', #1310, 39.37007874015748100 ) ;
#10440 = VERTEX_POINT ( 'NONE', #5657 ) ;
#10441 = ORIENTED_EDGE ( 'NONE', *, *, #1204, .T. ) ;
#10442 = ORIENTED_EDGE ( 'NONE', *, *, #2142, .T. ) ;
#10443 = VERTEX_POINT ( 'NONE', #2975 ) ;
#10444 = ADVANCED_FACE ( 'NONE', ( #4163 ), #2244, .F. ) ;
#10445 = DIRECTION ( 'NONE',  ( -0.0000000000000000000, -0.0000000000000000000, -1.000000000000000000 ) ) ;
#10446 = CARTESIAN_POINT ( 'NONE',  ( 1.498499999999999100, 1.619499999999999500, 1.639999999999999900 ) ) ;
#10447 = AXIS2_PLACEMENT_3D ( 'NONE', #5181, #5997, #6911 ) ;
#10448 = EDGE_CURVE ( 'NONE', #3281, #2398, #728, .T. ) ;
#10449 = DIRECTION ( 'NONE',  ( 0.0000000000000000000, 0.0000000000000000000, -1.000000000000000000 ) ) ;
#10450 = PRODUCT_DEFINITION_FORMATION_WITH_SPECIFIED_SOURCE ( 'ANY', '', #901, .NOT_KNOWN. ) ;
#10451 = EDGE_CURVE ( 'NONE', #7630, #2963, #9242, .T. ) ;
#10452 = CARTESIAN_POINT ( 'NONE',  ( 1.589666780815287300, 1.898510510564396200, 2.029684651533864200 ) ) ;
#10453 = ORIENTED_EDGE ( 'NONE', *, *, #7862, .T. ) ;
#10454 = LINE ( 'NONE', #9941, #4042 ) ;
#10455 = CARTESIAN_POINT ( 'NONE',  ( 1.281500000000000100, -1.515499999999999600, 0.1200000000000000900 ) ) ;
#10456 = VERTEX_POINT ( 'NONE', #2277 ) ;
#10457 = LINE ( 'NONE', #1929, #1785 ) ;
#10458 = VERTEX_POINT ( 'NONE', #3986 ) ;
#10459 = DIRECTION ( 'NONE',  ( 0.0000000000000000000, 1.000000000000000000, 0.0000000000000000000 ) ) ;
#10460 = CARTESIAN_POINT ( 'NONE',  ( 1.390500000000001000, -2.027999999999999100, 2.004999999999999400 ) ) ;
#10462 = CARTESIAN_POINT ( 'NONE',  ( 1.081000000000000400, -1.926500000000000300, 1.630000000000000100 ) ) ;
#10461 = DIRECTION ( 'NONE',  ( -1.000000000000000000, 0.0000000000000000000, 0.0000000000000000000 ) ) ;
#10463 = DIRECTION ( 'NONE',  ( 0.0000000000000000000, 0.0000000000000000000, 1.000000000000000000 ) ) ;
#10464 = CIRCLE ( 'NONE', #7356, 0.02499999999999987000 ) ;
#10465 = ORIENTED_EDGE ( 'NONE', *, *, #1371, .T. ) ;
#10466 = CIRCLE ( 'NONE', #3019, 0.1535000000000004100 ) ;
#10467 = DIRECTION ( 'NONE',  ( -0.0000000000000000000, -0.0000000000000000000, -1.000000000000000000 ) ) ;
#10468 = AXIS2_PLACEMENT_3D ( 'NONE', #10572, #4512, #6342 ) ;
#10469 = VECTOR ( 'NONE', #10482, 39.37007874015748100 ) ;
#10470 = ORIENTED_EDGE ( 'NONE', *, *, #6415, .F. ) ;
#10471 = AXIS2_PLACEMENT_3D ( 'NONE', #7827, #7716, #6231 ) ;
#10472 = EDGE_CURVE ( 'NONE', #4334, #9348, #5233, .T. ) ;
#10473 = ORIENTED_EDGE ( 'NONE', *, *, #8595, .F. ) ;
#10474 = DIRECTION ( 'NONE',  ( -1.000000000000000000, 0.0000000000000000000, 0.0000000000000000000 ) ) ;
#10475 = ORIENTED_EDGE ( 'NONE', *, *, #1745, .T. ) ;
#10476 = VERTEX_POINT ( 'NONE', #7381 ) ;
#10477 = CARTESIAN_POINT ( 'NONE',  ( 1.538000000000000500, 2.027999999999999100, 2.004999999999999400 ) ) ;
#10478 = ORIENTED_EDGE ( 'NONE', *, *, #11044, .T. ) ;
#10479 = ADVANCED_FACE ( 'NONE', ( #2697 ), #9104, .T. ) ;
#10480 = CIRCLE ( 'NONE', #2874, 0.02499999999999987000 ) ;
#10481 = ORIENTED_EDGE ( 'NONE', *, *, #2551, .T. ) ;
#10482 = DIRECTION ( 'NONE',  ( -0.0000000000000000000, -0.0000000000000000000, -1.000000000000000000 ) ) ;
#10483 = LINE ( 'NONE', #4488, #9822 ) ;
#10484 = ORIENTED_EDGE ( 'NONE', *, *, #5000, .F. ) ;
#10485 = EDGE_CURVE ( 'NONE', #1462, #1179, #10696, .T. ) ;
#10486 = ORIENTED_EDGE ( 'NONE', *, *, #4289, .F. ) ;
#10487 = EDGE_LOOP ( 'NONE', ( #7177, #7512, #3577, #8506 ) ) ;
#10488 = EDGE_LOOP ( 'NONE', ( #6946, #9038, #1391, #3759 ) ) ;
#10489 = DIRECTION ( 'NONE',  ( 1.931999995519277300E-016, -1.000000000000000000, 0.0000000000000000000 ) ) ;
#10490 = VECTOR ( 'NONE', #2386, 39.37007874015748100 ) ;
#10491 = ADVANCED_FACE ( 'NONE', ( #8435 ), #668, .T. ) ;
#10492 = VECTOR ( 'NONE', #6294, 39.37007874015748100 ) ;
#10493 = VERTEX_POINT ( 'NONE', #10846 ) ;
#10494 = ORIENTED_EDGE ( 'NONE', *, *, #5125, .F. ) ;
#10495 = ORIENTED_EDGE ( 'NONE', *, *, #4652, .T. ) ;
#10496 = DIRECTION ( 'NONE',  ( 1.000000000000000000, -3.704200669375285700E-015, 0.0000000000000000000 ) ) ;
#10497 = ORIENTED_EDGE ( 'NONE', *, *, #8443, .F. ) ;
#10498 = CIRCLE ( 'NONE', #5750, 0.05350000000000053300 ) ;
#10500 = CARTESIAN_POINT ( 'NONE',  ( 1.081000000000000400, 1.890999999999999800, 0.1200000000000000900 ) ) ;
#10499 = DIRECTION ( 'NONE',  ( 1.000000000000000000, 0.0000000000000000000, -0.0000000000000000000 ) ) ;
#10501 = CARTESIAN_POINT ( 'NONE',  ( 1.701999999999999500, -1.619499999999999500, 1.630000000000000100 ) ) ;
#10502 = CYLINDRICAL_SURFACE ( 'NONE', #2274, 0.05849999999999993400 ) ;
#10503 = EDGE_CURVE ( 'NONE', #7389, #5839, #1646, .T. ) ;
#10504 = DIRECTION ( 'NONE',  ( 0.0000000000000000000, 0.0000000000000000000, -1.000000000000000000 ) ) ;
#10505 = ORIENTED_EDGE ( 'NONE', *, *, #922, .T. ) ;
#10506 = EDGE_CURVE ( 'NONE', #4123, #4769, #4034, .T. ) ;
#10507 = ADVANCED_FACE ( 'NONE', ( #2168 ), #6301, .F. ) ;
#10508 = DIRECTION ( 'NONE',  ( 0.0000000000000000000, -0.0000000000000000000, 1.000000000000000000 ) ) ;
#10509 = ORIENTED_EDGE ( 'NONE', *, *, #3588, .T. ) ;
#10510 = DIRECTION ( 'NONE',  ( 1.000000000000000000, 0.0000000000000000000, 0.0000000000000000000 ) ) ;
#10511 = EDGE_LOOP ( 'NONE', ( #3394, #10130, #8323, #902 ) ) ;
#10512 = CIRCLE ( 'NONE', #847, 0.04805064199019547200 ) ;
#10513 = DIRECTION ( 'NONE',  ( 1.000000000000000000, 0.0000000000000000000, 0.0000000000000000000 ) ) ;
#10514 = VERTEX_POINT ( 'NONE', #8425 ) ;
#10515 = CIRCLE ( 'NONE', #3823, 0.1475000000000002700 ) ;
#10516 = DIRECTION ( 'NONE',  ( 0.0000000000000000000, 0.0000000000000000000, 1.000000000000000000 ) ) ;
#10517 = VERTEX_POINT ( 'NONE', #9176 ) ;
#10518 = AXIS2_PLACEMENT_3D ( 'NONE', #3452, #6832, #840 ) ;
#10519 = EDGE_CURVE ( 'NONE', #4769, #2047, #5098, .T. ) ;
#10520 = EDGE_CURVE ( 'NONE', #9556, #2806, #5623, .T. ) ;
#10521 = AXIS2_PLACEMENT_3D ( 'NONE', #6868, #811, #11005 ) ;
#10522 = EDGE_CURVE ( 'NONE', #9056, #4837, #7233, .T. ) ;
#10523 = ORIENTED_EDGE ( 'NONE', *, *, #3431, .T. ) ;
#10524 = FACE_OUTER_BOUND ( 'NONE', #4902, .T. ) ;
#10525 = DIRECTION ( 'NONE',  ( 0.0000000000000000000, 0.0000000000000000000, 1.000000000000000000 ) ) ;
#10526 = DIRECTION ( 'NONE',  ( 0.0000000000000000000, 0.0000000000000000000, -1.000000000000000000 ) ) ;
#10527 = DIRECTION ( 'NONE',  ( -1.000000000000000000, 0.0000000000000000000, 0.0000000000000000000 ) ) ;
#10528 = ADVANCED_FACE ( 'NONE', ( #7625 ), #442, .F. ) ;
#10529 = DIRECTION ( 'NONE',  ( 1.000000000000000000, 0.0000000000000000000, 0.0000000000000000000 ) ) ;
#10530 = FACE_OUTER_BOUND ( 'NONE', #2854, .T. ) ;
#10531 = AXIS2_PLACEMENT_3D ( 'NONE', #1170, #2021, #7111 ) ;
#10532 = DIRECTION ( 'NONE',  ( 0.0000000000000000000, -1.000000000000000000, 0.0000000000000000000 ) ) ;
#10533 = EDGE_CURVE ( 'NONE', #6954, #3027, #3740, .T. ) ;
#10535 = CARTESIAN_POINT ( 'NONE',  ( 1.751999999999999600, 1.619499999999999500, 1.540000000000000000 ) ) ;
#10534 = CARTESIAN_POINT ( 'NONE',  ( -1.390500000000001000, -2.027999999999999100, 1.919999999999999700 ) ) ;
#10536 = DIRECTION ( 'NONE',  ( 1.000000000000000000, 0.0000000000000000000, 0.0000000000000000000 ) ) ;
#10537 = FACE_BOUND ( 'NONE', #10576, .T. ) ;
#10538 = CARTESIAN_POINT ( 'NONE',  ( -1.447610603195933500, -2.144559027730145000, 2.044999999999999500 ) ) ;
#10539 = ORIENTED_EDGE ( 'NONE', *, *, #10192, .T. ) ;
#10540 = VECTOR ( 'NONE', #9255, 39.37007874015748100 ) ;
#10541 = ADVANCED_FACE ( 'NONE', ( #5225 ), #4133, .F. ) ;
#10542 = DIRECTION ( 'NONE',  ( -1.000000000000000000, 0.0000000000000000000, 0.0000000000000000000 ) ) ;
#10543 = CARTESIAN_POINT ( 'NONE',  ( -1.045499999999999900, 1.926500000000000300, 1.580000000000000100 ) ) ;
#10544 = AXIS2_PLACEMENT_3D ( 'NONE', #4026, #9997, #5748 ) ;
#10545 = AXIS2_PLACEMENT_3D ( 'NONE', #973, #9490, #6043 ) ;
#10546 = CARTESIAN_POINT ( 'NONE',  ( 1.498499999999998800, 1.848000000000000100, 1.540000000000000000 ) ) ;
#10547 = EDGE_CURVE ( 'NONE', #8743, #9908, #2954, .T. ) ;
#10548 = DIRECTION ( 'NONE',  ( -0.0000000000000000000, -0.0000000000000000000, 1.000000000000000000 ) ) ;
#10549 = DIRECTION ( 'NONE',  ( -0.0000000000000000000, -0.0000000000000000000, 1.000000000000000000 ) ) ;
#10550 = CIRCLE ( 'NONE', #4263, 0.09610128398039066700 ) ;
#10551 = DIRECTION ( 'NONE',  ( -1.000000000000000000, 0.0000000000000000000, 0.0000000000000000000 ) ) ;
#10552 = ORIENTED_EDGE ( 'NONE', *, *, #7939, .T. ) ;
#10553 = VECTOR ( 'NONE', #10092, 39.37007874015748100 ) ;
#10554 = CARTESIAN_POINT ( 'NONE',  ( -0.7070000000000014100, 2.221999999999998600, 1.540000000000000000 ) ) ;
#10555 = DIRECTION ( 'NONE',  ( -0.0000000000000000000, -0.0000000000000000000, 1.000000000000000000 ) ) ;
#10556 = FACE_OUTER_BOUND ( 'NONE', #8656, .T. ) ;
#10557 = AXIS2_PLACEMENT_3D ( 'NONE', #3181, #3955, #3207 ) ;
#10558 = CIRCLE ( 'NONE', #2304, 0.1875000000000001100 ) ;
#10559 = CARTESIAN_POINT ( 'NONE',  ( 1.340000000000000500, 1.515499999999999600, 0.3700000000000001100 ) ) ;
#10560 = ORIENTED_EDGE ( 'NONE', *, *, #7239, .F. ) ;
#10561 = CARTESIAN_POINT ( 'NONE',  ( 1.182500000000000600, 1.515499999999999600, 0.3700000000000001100 ) ) ;
#10562 = DIRECTION ( 'NONE',  ( -1.000000000000000000, 0.0000000000000000000, 0.0000000000000000000 ) ) ;
#10563 = DIRECTION ( 'NONE',  ( -0.0000000000000000000, -0.0000000000000000000, 1.000000000000000000 ) ) ;
#10564 = LINE ( 'NONE', #4559, #4427 ) ;
#10565 = FACE_OUTER_BOUND ( 'NONE', #2967, .T. ) ;
#10566 = ORIENTED_EDGE ( 'NONE', *, *, #330, .T. ) ;
#10567 = EDGE_LOOP ( 'NONE', ( #3539, #3030, #521, #4705 ) ) ;
#10568 = DIRECTION ( 'NONE',  ( -0.0000000000000000000, -0.0000000000000000000, -1.000000000000000000 ) ) ;
#10569 = EDGE_CURVE ( 'NONE', #6407, #9300, #10833, .T. ) ;
#10570 = EDGE_CURVE ( 'NONE', #8234, #3499, #3086, .T. ) ;
#10571 = ORIENTED_EDGE ( 'NONE', *, *, #5239, .F. ) ;
#10572 = CARTESIAN_POINT ( 'NONE',  ( -0.7070000000000014100, -1.926500000000000300, -0.3943848084544492900 ) ) ;
#10573 = FACE_OUTER_BOUND ( 'NONE', #8381, .T. ) ;
#10574 = AXIS2_PLACEMENT_3D ( 'NONE', #2903, #9143, #6669 ) ;
#10575 = VECTOR ( 'NONE', #640, 39.37007874015748100 ) ;
#10576 = EDGE_LOOP ( 'NONE', ( #2053, #6988 ) ) ;
#10577 = CARTESIAN_POINT ( 'NONE',  ( -0.7070000000000014100, -2.196999999999999200, 1.564999999999999700 ) ) ;
#10578 = CARTESIAN_POINT ( 'NONE',  ( -0.7070000000000014100, 2.246999999999998600, 1.639999999999999900 ) ) ;
#10579 = ORIENTED_EDGE ( 'NONE', *, *, #8922, .T. ) ;
#10580 = CARTESIAN_POINT ( 'NONE',  ( -1.616740157480315100, -2.027999999999999600, 1.267500000000000100 ) ) ;
#10581 = CIRCLE ( 'NONE', #4347, 0.05849999999999993400 ) ;
#10582 = VERTEX_POINT ( 'NONE', #10059 ) ;
#10583 = LINE ( 'NONE', #5726, #3386 ) ;
#10584 = VECTOR ( 'NONE', #8985, 39.37007874015748100 ) ;
#10585 = ORIENTED_EDGE ( 'NONE', *, *, #198, .F. ) ;
#10586 = EDGE_LOOP ( 'NONE', ( #4975, #9809, #10895, #1576 ) ) ;
#10587 = CARTESIAN_POINT ( 'NONE',  ( 1.628389396804067200, 1.911440972269852700, 2.004999999999999400 ) ) ;
#10588 = DIRECTION ( 'NONE',  ( 0.0000000000000000000, -1.000000000000000000, 0.0000000000000000000 ) ) ;
#10589 = AXIS2_PLACEMENT_3D ( 'NONE', #1272, #7225, #3041 ) ;
#10590 = ORIENTED_EDGE ( 'NONE', *, *, #7877, .F. ) ;
#10591 = AXIS2_PLACEMENT_3D ( 'NONE', #4005, #606, #2374 ) ;
#10592 = ADVANCED_FACE ( 'NONE', ( #2563, #3479 ), #10107, .T. ) ;
#10593 = ORIENTED_EDGE ( 'NONE', *, *, #1880, .T. ) ;
#10594 = EDGE_CURVE ( 'NONE', #5839, #10648, #2294, .T. ) ;
#10595 = CARTESIAN_POINT ( 'NONE',  ( -1.339999999999999900, -1.515499999999999600, 0.3700000000000001100 ) ) ;
#10596 = VERTEX_POINT ( 'NONE', #3272 ) ;
#10597 = CIRCLE ( 'NONE', #7459, 0.1474999999999994600 ) ;
#10598 = DIRECTION ( 'NONE',  ( -0.0000000000000000000, -0.0000000000000000000, 1.000000000000000000 ) ) ;
#10599 = CIRCLE ( 'NONE', #370, 0.07874015748031476500 ) ;
#10600 = ORIENTED_EDGE ( 'NONE', *, *, #8170, .F. ) ;
#10601 = VECTOR ( 'NONE', #10122, 39.37007874015748100 ) ;
#10602 = CARTESIAN_POINT ( 'NONE',  ( 1.498499999999999100, -1.619499999999999500, 2.050000000000000300 ) ) ;
#10603 = EDGE_LOOP ( 'NONE', ( #818, #9005, #6128, #7790 ) ) ;
#10604 = ORIENTED_EDGE ( 'NONE', *, *, #6955, .T. ) ;
#10605 = AXIS2_PLACEMENT_3D ( 'NONE', #7626, #9330, #10276 ) ;
#10606 = ORIENTED_EDGE ( 'NONE', *, *, #7586, .T. ) ;
#10607 = AXIS2_PLACEMENT_3D ( 'NONE', #1519, #10080, #4075 ) ;
#10608 = EDGE_LOOP ( 'NONE', ( #6321, #8618 ) ) ;
#10609 = DIRECTION ( 'NONE',  ( 0.0000000000000000000, 0.0000000000000000000, -1.000000000000000000 ) ) ;
#10610 = CIRCLE ( 'NONE', #10987, 0.05849999999999993400 ) ;
#10611 = CARTESIAN_POINT ( 'NONE',  ( 1.537999999999999400, -2.028000000000001400, 2.159999999999999700 ) ) ;
#10612 = LINE ( 'NONE', #7407, #8219 ) ;
#10613 = CARTESIAN_POINT ( 'NONE',  ( -0.7070000000000014100, -2.221999999999999100, 1.564999999999999700 ) ) ;
#10614 = ORIENTED_EDGE ( 'NONE', *, *, #7739, .F. ) ;
#10615 = CARTESIAN_POINT ( 'NONE',  ( -1.081000000000000400, 1.873000000000000000, 1.639999999999999900 ) ) ;
#10616 = DIRECTION ( 'NONE',  ( -0.0000000000000000000, 0.0000000000000000000, -1.000000000000000000 ) ) ;
#10617 = VERTEX_POINT ( 'NONE', #1650 ) ;
#10618 = CARTESIAN_POINT ( 'NONE',  ( -1.726999999999999600, 1.619499999999999500, 1.540000000000000000 ) ) ;
#10619 = DIRECTION ( 'NONE',  ( -0.0000000000000000000, -0.0000000000000000000, 1.000000000000000000 ) ) ;
#10620 = VERTEX_POINT ( 'NONE', #5892 ) ;
#10621 = DIRECTION ( 'NONE',  ( -1.000000000000000000, -0.0000000000000000000, -0.0000000000000000000 ) ) ;
#10622 = ORIENTED_EDGE ( 'NONE', *, *, #10887, .F. ) ;
#10623 = FACE_BOUND ( 'NONE', #1939, .T. ) ;
#10624 = AXIS2_PLACEMENT_3D ( 'NONE', #3711, #496, #8940 ) ;
#10625 = FACE_BOUND ( 'NONE', #523, .T. ) ;
#10626 = EDGE_CURVE ( 'NONE', #4600, #1970, #3356, .T. ) ;
#10627 = ORIENTED_EDGE ( 'NONE', *, *, #3588, .F. ) ;
#10628 = CARTESIAN_POINT ( 'NONE',  ( 1.498499999999999100, 1.619499999999999500, 1.580000000000000100 ) ) ;
#10629 = DIRECTION ( 'NONE',  ( 0.0000000000000000000, -1.000000000000000000, 0.0000000000000000000 ) ) ;
#10630 = ORIENTED_EDGE ( 'NONE', *, *, #2195, .F. ) ;
#10631 = ORIENTED_EDGE ( 'NONE', *, *, #10282, .T. ) ;
#10632 = AXIS2_PLACEMENT_3D ( 'NONE', #2628, #7643, #2577 ) ;
#10633 = ORIENTED_EDGE ( 'NONE', *, *, #3151, .T. ) ;
#10634 = EDGE_LOOP ( 'NONE', ( #4143, #9120, #5289, #9960 ) ) ;
#10635 = DIRECTION ( 'NONE',  ( 1.000000000000000000, 0.0000000000000000000, 0.0000000000000000000 ) ) ;
#10636 = CIRCLE ( 'NONE', #2950, 0.2704999999999984600 ) ;
#10637 = CARTESIAN_POINT ( 'NONE',  ( 1.498499999999999100, -1.772999999999999900, 0.1200000000000000900 ) ) ;
#10638 = ORIENTED_EDGE ( 'NONE', *, *, #1705, .F. ) ;
#10639 = FACE_OUTER_BOUND ( 'NONE', #5842, .T. ) ;
#10640 = ADVANCED_FACE ( 'NONE', ( #5358 ), #3619, .T. ) ;
#10641 = VERTEX_POINT ( 'NONE', #6913 ) ;
#10642 = CARTESIAN_POINT ( 'NONE',  ( 1.498499999999999100, -1.873000000000000000, 1.605000000000000000 ) ) ;
#10643 = DIRECTION ( 'NONE',  ( -0.0000000000000000000, -0.0000000000000000000, 1.000000000000000000 ) ) ;
#10644 = ORIENTED_EDGE ( 'NONE', *, *, #5095, .T. ) ;
#10646 = DIRECTION ( 'NONE',  ( 1.000000000000000000, 0.0000000000000000000, 0.0000000000000000000 ) ) ;
#10645 = DIRECTION ( 'NONE',  ( 0.0000000000000000000, 1.000000000000000000, 0.0000000000000000000 ) ) ;
#10647 = CARTESIAN_POINT ( 'NONE',  ( -1.685499999999999800, 2.027999999999999100, 2.044999999999999500 ) ) ;
#10648 = VERTEX_POINT ( 'NONE', #7606 ) ;
#10649 = EDGE_CURVE ( 'NONE', #5914, #5682, #5905, .T. ) ;
#10650 = FACE_OUTER_BOUND ( 'NONE', #4563, .T. ) ;
#10651 = DIRECTION ( 'NONE',  ( 1.000000000000000000, 0.0000000000000000000, 0.0000000000000000000 ) ) ;
#10652 = ORIENTED_EDGE ( 'NONE', *, *, #420, .F. ) ;
#10653 = CIRCLE ( 'NONE', #9486, 0.1575000000000004500 ) ;
#10654 = ORIENTED_EDGE ( 'NONE', *, *, #767, .F. ) ;
#10655 = ADVANCED_FACE ( 'NONE', ( #8564 ), #7757, .T. ) ;
#10656 = DIRECTION ( 'NONE',  ( -1.206113904487533100E-016, 1.000000000000000000, -0.0000000000000000000 ) ) ;
#10657 = DIRECTION ( 'NONE',  ( -0.0000000000000000000, -0.0000000000000000000, -1.000000000000000000 ) ) ;
#10658 = EDGE_LOOP ( 'NONE', ( #5429, #9180, #1938, #3128 ) ) ;
#10659 = DIRECTION ( 'NONE',  ( -1.000000000000000000, 4.151904875222836800E-015, 0.0000000000000000000 ) ) ;
#10660 = DIRECTION ( 'NONE',  ( -0.0000000000000000000, -0.0000000000000000000, -1.000000000000000000 ) ) ;
#10661 = CARTESIAN_POINT ( 'NONE',  ( -1.497500000000000900, 1.515499999999999600, 0.3700000000000001100 ) ) ;
#10662 = VECTOR ( 'NONE', #6963, 39.37007874015748100 ) ;
#10663 = DIRECTION ( 'NONE',  ( -0.0000000000000000000, -0.0000000000000000000, 1.000000000000000000 ) ) ;
#10664 = AXIS2_PLACEMENT_3D ( 'NONE', #9362, #4309, #3481 ) ;
#10665 = EDGE_CURVE ( 'NONE', #10295, #9668, #9374, .T. ) ;
#10666 = EDGE_CURVE ( 'NONE', #3274, #7967, #590, .T. ) ;
#10667 = EDGE_CURVE ( 'NONE', #3142, #1099, #1379, .T. ) ;
#10668 = ORIENTED_EDGE ( 'NONE', *, *, #6365, .F. ) ;
#10669 = CARTESIAN_POINT ( 'NONE',  ( 1.081000000000000400, 1.823000000000000000, 1.639999999999999900 ) ) ;
#10670 = DIRECTION ( 'NONE',  ( 0.0000000000000000000, 0.0000000000000000000, 1.000000000000000000 ) ) ;
#10671 = CYLINDRICAL_SURFACE ( 'NONE', #3962, 0.1575000000000004500 ) ;
#10672 = DIRECTION ( 'NONE',  ( 0.0000000000000000000, 0.0000000000000000000, -1.000000000000000000 ) ) ;
#10673 = CARTESIAN_POINT ( 'NONE',  ( -1.593748380652688900, 1.891440972269852400, 2.004999999999999400 ) ) ;
#10674 = AXIS2_PLACEMENT_3D ( 'NONE', #8160, #8090, #619 ) ;
#10675 = DIRECTION ( 'NONE',  ( 0.0000000000000000000, -0.0000000000000000000, -1.000000000000000000 ) ) ;
#10676 = AXIS2_PLACEMENT_3D ( 'NONE', #9314, #4381, #1262 ) ;
#10677 = FACE_OUTER_BOUND ( 'NONE', #4483, .T. ) ;
#10678 = EDGE_CURVE ( 'NONE', #2714, #388, #1248, .T. ) ;
#10679 = LINE ( 'NONE', #6509, #9229 ) ;
#10680 = DIRECTION ( 'NONE',  ( 0.0000000000000000000, 0.0000000000000000000, -1.000000000000000000 ) ) ;
#10681 = DIRECTION ( 'NONE',  ( -1.000000000000000000, 0.0000000000000000000, 0.0000000000000000000 ) ) ;
#10682 = CARTESIAN_POINT ( 'NONE',  ( -0.7070000000000014100, -1.926500000000000300, 1.639999999999999900 ) ) ;
#10683 = DIRECTION ( 'NONE',  ( 0.0000000000000000000, 0.0000000000000000000, -1.000000000000000000 ) ) ;
#10684 = CIRCLE ( 'NONE', #8416, 0.1574999999999998900 ) ;
#10685 = DIRECTION ( 'NONE',  ( 0.0000000000000000000, 0.0000000000000000000, 1.000000000000000000 ) ) ;
#10686 = DIRECTION ( 'NONE',  ( -0.0000000000000000000, -0.0000000000000000000, -1.000000000000000000 ) ) ;
#10687 = AXIS2_PLACEMENT_3D ( 'NONE', #815, #8458, #10942 ) ;
#10688 = EDGE_CURVE ( 'NONE', #962, #10369, #10294, .T. ) ;
#10689 = ADVANCED_FACE ( 'NONE', ( #2826 ), #8171, .F. ) ;
#10690 = DIRECTION ( 'NONE',  ( -1.000000000000000000, 0.0000000000000000000, 0.0000000000000000000 ) ) ;
#10691 = DIRECTION ( 'NONE',  ( -0.0000000000000000000, -0.0000000000000000000, 1.000000000000000000 ) ) ;
#10692 = CARTESIAN_POINT ( 'NONE',  ( -1.081000000000000400, 1.926500000000000300, 1.540000000000000000 ) ) ;
#10693 = CARTESIAN_POINT ( 'NONE',  ( 1.770000000000001600, 2.264999999999998800, 1.580000000000000100 ) ) ;
#10694 = CARTESIAN_POINT ( 'NONE',  ( 1.498499999999999100, 1.772999999999999900, 1.630000000000000100 ) ) ;
#10695 = CIRCLE ( 'NONE', #3964, 0.2035000000000004300 ) ;
#10696 = CIRCLE ( 'NONE', #7463, 0.2704999999999984600 ) ;
#10697 = ORIENTED_EDGE ( 'NONE', *, *, #2896, .F. ) ;
#10698 = DIRECTION ( 'NONE',  ( -0.0000000000000000000, -0.0000000000000000000, -1.000000000000000000 ) ) ;
#10699 = CARTESIAN_POINT ( 'NONE',  ( 1.339999999999999900, -1.515499999999999600, 0.1200000000000000900 ) ) ;
#10700 = CARTESIAN_POINT ( 'NONE',  ( 1.538000000000000500, 2.027999999999999100, 2.159999999999999700 ) ) ;
#10701 = ADVANCED_FACE ( 'NONE', ( #7114 ), #8829, .F. ) ;
#10702 = FACE_OUTER_BOUND ( 'NONE', #1688, .T. ) ;
#10703 = ORIENTED_EDGE ( 'NONE', *, *, #2435, .F. ) ;
#10704 = CIRCLE ( 'NONE', #3358, 0.1474999999999994600 ) ;
#10705 = EDGE_CURVE ( 'NONE', #9392, #8653, #721, .T. ) ;
#10706 = ORIENTED_EDGE ( 'NONE', *, *, #4304, .T. ) ;
#10707 = ORIENTED_EDGE ( 'NONE', *, *, #1202, .F. ) ;
#10708 = DIRECTION ( 'NONE',  ( -0.0000000000000000000, -0.0000000000000000000, 1.000000000000000000 ) ) ;
#10709 = EDGE_CURVE ( 'NONE', #6861, #8447, #10166, .T. ) ;
#10710 = ORIENTED_EDGE ( 'NONE', *, *, #5722, .F. ) ;
#10711 = DIRECTION ( 'NONE',  ( 1.000000000000000000, 0.0000000000000000000, 0.0000000000000000000 ) ) ;
#10712 = DIRECTION ( 'NONE',  ( -0.8660254037844372600, -0.5000000000000024400, 0.0000000000000000000 ) ) ;
#10713 = CARTESIAN_POINT ( 'NONE',  ( 1.182500000000000600, 1.515499999999999600, 0.1200000000000000900 ) ) ;
#10714 = VERTEX_POINT ( 'NONE', #6297 ) ;
#10715 = CARTESIAN_POINT ( 'NONE',  ( -0.7070000000000014100, -2.246999999999999000, 1.639999999999999900 ) ) ;
#10716 = ORIENTED_EDGE ( 'NONE', *, *, #5666, .F. ) ;
#10717 = LINE ( 'NONE', #8553, #9118 ) ;
#10718 = CIRCLE ( 'NONE', #7027, 0.2035000000000004300 ) ;
#10719 = EDGE_LOOP ( 'NONE', ( #9577, #1720, #4997, #2879 ) ) ;
#10720 = CARTESIAN_POINT ( 'NONE',  ( -1.409987305317013300, 1.890999999999998200, 0.1200000000000000900 ) ) ;
#10721 = CARTESIAN_POINT ( 'NONE',  ( 1.081000000000000400, -1.890999999999999800, -0.3943848084544492900 ) ) ;
#10722 = EDGE_CURVE ( 'NONE', #466, #6116, #2691, .T. ) ;
#10723 = EDGE_CURVE ( 'NONE', #9453, #2626, #10558, .T. ) ;
#10724 = DIRECTION ( 'NONE',  ( 0.0000000000000000000, 0.0000000000000000000, 1.000000000000000000 ) ) ;
#10725 = AXIS2_PLACEMENT_3D ( 'NONE', #6067, #9696, #2043 ) ;
#10726 = EDGE_CURVE ( 'NONE', #4376, #1704, #856, .T. ) ;
#10727 = DIRECTION ( 'NONE',  ( 1.000000000000000000, 0.0000000000000000000, -0.0000000000000000000 ) ) ;
#10728 = CYLINDRICAL_SURFACE ( 'NONE', #9432, 0.1035000000000005500 ) ;
#10729 = ORIENTED_EDGE ( 'NONE', *, *, #1537, .F. ) ;
#10730 = VECTOR ( 'NONE', #6221, 39.37007874015748100 ) ;
#10731 = DIRECTION ( 'NONE',  ( 0.0000000000000000000, 0.0000000000000000000, 1.000000000000000000 ) ) ;
#10732 = FACE_OUTER_BOUND ( 'NONE', #9794, .T. ) ;
#10733 = ORIENTED_EDGE ( 'NONE', *, *, #8243, .T. ) ;
#10734 = CARTESIAN_POINT ( 'NONE',  ( -1.769999999999999400, 2.120848074029412900, 1.580000000000000100 ) ) ;
#10735 = LINE ( 'NONE', #59, #11018 ) ;
#10736 = ORIENTED_EDGE ( 'NONE', *, *, #483, .T. ) ;
#10737 = MANIFOLD_SOLID_BREP ( 'Fillet5', #8091 ) ;
#10738 = ORIENTED_EDGE ( 'NONE', *, *, #6590, .T. ) ;
#10739 = ORIENTED_EDGE ( 'NONE', *, *, #10054, .F. ) ;
#10740 = EDGE_LOOP ( 'NONE', ( #6377, #3565, #6738, #8639 ) ) ;
#10741 = FACE_OUTER_BOUND ( 'NONE', #4356, .T. ) ;
#10742 = AXIS2_PLACEMENT_3D ( 'NONE', #3401, #9231, #6784 ) ;
#10743 = CARTESIAN_POINT ( 'NONE',  ( 1.081000000000000400, -1.772999999999999900, 2.050000000000000300 ) ) ;
#10744 = VERTEX_POINT ( 'NONE', #1245 ) ;
#10745 = AXIS2_PLACEMENT_3D ( 'NONE', #9363, #3420, #731 ) ;
#10746 = EDGE_CURVE ( 'NONE', #5236, #3559, #8297, .T. ) ;
#10747 = CYLINDRICAL_SURFACE ( 'NONE', #2417, 0.1574999999999998900 ) ;
#10748 = DIRECTION ( 'NONE',  ( 0.0000000000000000000, 0.0000000000000000000, 1.000000000000000000 ) ) ;
#10749 = ORIENTED_EDGE ( 'NONE', *, *, #4190, .T. ) ;
#10750 = ADVANCED_FACE ( 'NONE', ( #9505 ), #5763, .T. ) ;
#10751 = ORIENTED_EDGE ( 'NONE', *, *, #6459, .F. ) ;
#10752 = ORIENTED_EDGE ( 'NONE', *, *, #9605, .F. ) ;
#10753 = ORIENTED_EDGE ( 'NONE', *, *, #10102, .F. ) ;
#10754 = CIRCLE ( 'NONE', #568, 0.1575000000000004500 ) ;
#10756 = CARTESIAN_POINT ( 'NONE',  ( 1.081000000000000400, -1.926500000000000300, 0.1200000000000000900 ) ) ;
#10755 = CARTESIAN_POINT ( 'NONE',  ( 1.625848074029415400, -2.265000000000001000, 2.169999999999999900 ) ) ;
#10757 = DIRECTION ( 'NONE',  ( 1.000000000000000000, 0.0000000000000000000, 0.0000000000000000000 ) ) ;
#10758 = CIRCLE ( 'NONE', #2209, 0.04805064199019536800 ) ;
#10759 = CARTESIAN_POINT ( 'NONE',  ( -1.390500000000001000, -2.027999999999999100, 2.044999999999999500 ) ) ;
#10760 = ORIENTED_EDGE ( 'NONE', *, *, #1335, .F. ) ;
#10761 = AXIS2_PLACEMENT_3D ( 'NONE', #3779, #7176, #8871 ) ;
#10762 = AXIS2_PLACEMENT_3D ( 'NONE', #3042, #8267, #9156 ) ;
#10763 = EDGE_CURVE ( 'NONE', #8756, #9388, #309, .T. ) ;
#10764 = ORIENTED_EDGE ( 'NONE', *, *, #5886, .F. ) ;
#10765 = VERTEX_POINT ( 'NONE', #6375 ) ;
#10766 = ADVANCED_FACE ( 'NONE', ( #9098 ), #3680, .F. ) ;
#10767 = CARTESIAN_POINT ( 'NONE',  ( 1.081000000000000400, -1.873000000000000000, 1.605000000000000000 ) ) ;
#10768 = CARTESIAN_POINT ( 'NONE',  ( 1.339999999999999900, -1.515499999999999600, 0.3700000000000001100 ) ) ;
#10769 = ORIENTED_EDGE ( 'NONE', *, *, #4956, .F. ) ;
#10770 = FACE_OUTER_BOUND ( 'NONE', #2981, .T. ) ;
#10771 = DIRECTION ( 'NONE',  ( -1.000000000000000000, 0.0000000000000000000, 0.0000000000000000000 ) ) ;
#10772 = FACE_OUTER_BOUND ( 'NONE', #10634, .T. ) ;
#10773 = DIRECTION ( 'NONE',  ( -1.000000000000000000, -1.931999995519276800E-016, 0.0000000000000000000 ) ) ;
#10774 = ORIENTED_EDGE ( 'NONE', *, *, #7994, .T. ) ;
#10775 = PLANE ( 'NONE',  #5954 ) ;
#10776 = CARTESIAN_POINT ( 'NONE',  ( 1.498499999999999100, -1.772999999999999900, 2.050000000000000300 ) ) ;
#10777 = APPROVAL_ROLE ( '' ) ;
#10778 = CARTESIAN_POINT ( 'NONE',  ( 1.498499999999999100, -1.823000000000000000, 1.639999999999999900 ) ) ;
#10779 = EDGE_LOOP ( 'NONE', ( #6678, #6528, #547, #6859, #5285, #6794 ) ) ;
#10780 = ORIENTED_EDGE ( 'NONE', *, *, #5151, .F. ) ;
#10781 = AXIS2_PLACEMENT_3D ( 'NONE', #9501, #1998, #7806 ) ;
#10782 = ORIENTED_EDGE ( 'NONE', *, *, #7891, .F. ) ;
#10783 = FACE_OUTER_BOUND ( 'NONE', #4343, .T. ) ;
#10784 = ORIENTED_EDGE ( 'NONE', *, *, #7678, .F. ) ;
#10785 = VECTOR ( 'NONE', #2543, 39.37007874015748100 ) ;
#10786 = CARTESIAN_POINT ( 'NONE',  ( -1.498499999999999100, -1.619499999999999500, 1.564999999999999700 ) ) ;
#10787 = CARTESIAN_POINT ( 'NONE',  ( 1.081000000000000400, -1.772999999999999900, 0.1200000000000000900 ) ) ;
#10788 = EDGE_LOOP ( 'NONE', ( #1988, #4255, #1308, #2640 ) ) ;
#10789 = DIRECTION ( 'NONE',  ( 0.0000000000000000000, 1.000000000000000000, 0.0000000000000000000 ) ) ;
#10790 = DIRECTION ( 'NONE',  ( 0.0000000000000000000, 0.0000000000000000000, 1.000000000000000000 ) ) ;
#10791 = CARTESIAN_POINT ( 'NONE',  ( 0.9774999999999999200, -1.926500000000000300, 1.639999999999999900 ) ) ;
#10792 = ORIENTED_EDGE ( 'NONE', *, *, #10819, .F. ) ;
#10793 = ORIENTED_EDGE ( 'NONE', *, *, #9474, .F. ) ;
#10794 = DIRECTION ( 'NONE',  ( -1.000000000000000000, -0.0000000000000000000, -0.0000000000000000000 ) ) ;
#10795 = CIRCLE ( 'NONE', #6779, 0.1474999999999994600 ) ;
#10796 = DIRECTION ( 'NONE',  ( -0.0000000000000000000, -0.0000000000000000000, -1.000000000000000000 ) ) ;
#10798 = CARTESIAN_POINT ( 'NONE',  ( -1.769999999999998900, -2.265000000000002300, 2.169999999999999900 ) ) ;
#10797 = CARTESIAN_POINT ( 'NONE',  ( -1.616740157480315100, 2.027999999999999600, 2.169999999999999900 ) ) ;
#10799 = DIRECTION ( 'NONE',  ( 0.0000000000000000000, 0.0000000000000000000, 1.000000000000000000 ) ) ;
#10800 = EDGE_CURVE ( 'NONE', #10243, #9865, #5489, .T. ) ;
#10801 = EDGE_CURVE ( 'NONE', #5455, #9348, #6850, .T. ) ;
#10802 = DIRECTION ( 'NONE',  ( -0.0000000000000000000, -0.0000000000000000000, 1.000000000000000000 ) ) ;
#10803 = AXIS2_PLACEMENT_3D ( 'NONE', #5299, #209, #1902 ) ;
#10804 = ORIENTED_EDGE ( 'NONE', *, *, #7678, .T. ) ;
#10805 = DIRECTION ( 'NONE',  ( 0.0000000000000000000, 0.0000000000000000000, 1.000000000000000000 ) ) ;
#10806 = CIRCLE ( 'NONE', #3736, 0.2704999999999984600 ) ;
#10807 = CARTESIAN_POINT ( 'NONE',  ( -1.081000000000000400, 1.926500000000000300, 0.1200000000000000900 ) ) ;
#10808 = CARTESIAN_POINT ( 'NONE',  ( -0.7070000000000014100, -2.196999999999999200, 1.639999999999999900 ) ) ;
#10809 = CARTESIAN_POINT ( 'NONE',  ( 1.498499999999999100, 1.619499999999999500, 1.564999999999999700 ) ) ;
#10810 = ADVANCED_FACE ( 'NONE', ( #989 ), #4556, .T. ) ;
#10811 = DIRECTION ( 'NONE',  ( 0.0000000000000000000, -0.0000000000000000000, 1.000000000000000000 ) ) ;
#10812 = DIRECTION ( 'NONE',  ( -1.000000000000000000, 0.0000000000000000000, 0.0000000000000000000 ) ) ;
#10813 = CARTESIAN_POINT ( 'NONE',  ( -1.081000000000000400, -1.873000000000000000, 1.639999999999999900 ) ) ;
#10814 = FACE_OUTER_BOUND ( 'NONE', #4048, .T. ) ;
#10815 = DIRECTION ( 'NONE',  ( 1.000000000000000000, 0.0000000000000000000, 0.0000000000000000000 ) ) ;
#10816 = AXIS2_PLACEMENT_3D ( 'NONE', #1910, #7881, #6166 ) ;
#10817 = FACE_OUTER_BOUND ( 'NONE', #5539, .T. ) ;
#10818 = EDGE_CURVE ( 'NONE', #6116, #5714, #4824, .T. ) ;
#10819 = EDGE_CURVE ( 'NONE', #8363, #6520, #6578, .T. ) ;
#10820 = DIRECTION ( 'NONE',  ( 1.000000000000000000, 0.0000000000000000000, 0.0000000000000000000 ) ) ;
#10821 = DIRECTION ( 'NONE',  ( 0.0000000000000000000, -0.0000000000000000000, 1.000000000000000000 ) ) ;
#10822 = ADVANCED_FACE ( 'NONE', ( #4288 ), #7368, .F. ) ;
#10823 = VECTOR ( 'NONE', #1883, 39.37007874015748100 ) ;
#10824 = CALENDAR_DATE ( 2021, 9, 7 ) ;
#10825 = DIRECTION ( 'NONE',  ( 1.000000000000000000, 0.0000000000000000000, 0.0000000000000000000 ) ) ;
#10826 = AXIS2_PLACEMENT_3D ( 'NONE', #6809, #4172, #5897 ) ;
#10827 = AXIS2_PLACEMENT_3D ( 'NONE', #8001, #6409, #5468 ) ;
#10828 = DIRECTION ( 'NONE',  ( 0.0000000000000000000, 0.0000000000000000000, 1.000000000000000000 ) ) ;
#10830 = CARTESIAN_POINT ( 'NONE',  ( -1.081000000000000400, -1.926500000000000300, 1.630000000000000100 ) ) ;
#10829 = CARTESIAN_POINT ( 'NONE',  ( -0.7070000000000014100, -2.146999999999998900, 0.1200000000000000900 ) ) ;
#10831 = FACE_OUTER_BOUND ( 'NONE', #9424, .T. ) ;
#10832 = DIRECTION ( 'NONE',  ( -0.0000000000000000000, -0.0000000000000000000, 1.000000000000000000 ) ) ;
#10833 = LINE ( 'NONE', #4924, #8030 ) ;
#10834 = CARTESIAN_POINT ( 'NONE',  ( -1.721949358009804000, 2.120848074029412900, 2.121949358009804300 ) ) ;
#10835 = ORIENTED_EDGE ( 'NONE', *, *, #9514, .T. ) ;
#10836 = DIRECTION ( 'NONE',  ( 1.000000000000000000, 0.0000000000000000000, 0.0000000000000000000 ) ) ;
#10837 = DIRECTION ( 'NONE',  ( 1.000000000000000000, 0.0000000000000000000, 0.0000000000000000000 ) ) ;
#10838 = CARTESIAN_POINT ( 'NONE',  ( 1.380499999999999400, -2.028000000000001400, 1.919999999999999700 ) ) ;
#10839 = CYLINDRICAL_SURFACE ( 'NONE', #1635, 0.1035000000000005500 ) ;
#10840 = AXIS2_PLACEMENT_3D ( 'NONE', #9933, #5691, #607 ) ;
#10841 = EDGE_LOOP ( 'NONE', ( #6144, #2371, #7018, #2074 ) ) ;
#10842 = VECTOR ( 'NONE', #2164, 39.37007874015748100 ) ;
#10843 = EDGE_CURVE ( 'NONE', #3821, #10323, #2026, .T. ) ;
#10844 = CARTESIAN_POINT ( 'NONE',  ( -1.430500000000001000, 2.027999999999999100, 2.004999999999999400 ) ) ;
#10845 = ORIENTED_EDGE ( 'NONE', *, *, #2765, .F. ) ;
#10846 = CARTESIAN_POINT ( 'NONE',  ( -1.390500000000001000, 2.027999999999999100, 2.004999999999999400 ) ) ;
#10847 = CARTESIAN_POINT ( 'NONE',  ( 1.721949358009806200, -2.120848074029415100, 2.121949358009804300 ) ) ;
#10848 = ORIENTED_EDGE ( 'NONE', *, *, #10626, .F. ) ;
#10849 = DIRECTION ( 'NONE',  ( -1.000000000000000000, 0.0000000000000000000, 0.0000000000000000000 ) ) ;
#10850 = AXIS2_PLACEMENT_3D ( 'NONE', #8098, #2978, #3831 ) ;
#10851 = ORIENTED_EDGE ( 'NONE', *, *, #2748, .T. ) ;
#10852 = CIRCLE ( 'NONE', #9249, 0.1575000000000004500 ) ;
#10853 = CIRCLE ( 'NONE', #8720, 0.07874015748031476500 ) ;
#10854 = ORIENTED_EDGE ( 'NONE', *, *, #7903, .F. ) ;
#10855 = DIRECTION ( 'NONE',  ( -0.0000000000000000000, -0.0000000000000000000, -1.000000000000000000 ) ) ;
#10856 = CARTESIAN_POINT ( 'NONE',  ( -0.7070000000000014100, 1.926500000000000300, 1.639999999999999900 ) ) ;
#10857 = ORIENTED_EDGE ( 'NONE', *, *, #9928, .F. ) ;
#10858 = DIRECTION ( 'NONE',  ( -0.0000000000000000000, -0.0000000000000000000, 1.000000000000000000 ) ) ;
#10859 = EDGE_CURVE ( 'NONE', #5660, #3699, #9765, .T. ) ;
#10860 = DIRECTION ( 'NONE',  ( -0.0000000000000000000, -0.0000000000000000000, 1.000000000000000000 ) ) ;
#10861 = PLANE ( 'NONE',  #5486 ) ;
#10862 = EDGE_CURVE ( 'NONE', #2253, #5674, #7503, .T. ) ;
#10863 = TOROIDAL_SURFACE ( 'NONE', #674, 0.07850000000000047200, 0.02500000000000000100 ) ;
#10864 = ORIENTED_EDGE ( 'NONE', *, *, #618, .F. ) ;
#10865 = ADVANCED_FACE ( 'NONE', ( #6027 ), #9938, .T. ) ;
#10866 = B_SPLINE_CURVE_WITH_KNOTS ( 'NONE', 3,
 ( #5797, #5878, #9232, #1639, #7595, #2485, #6785, #8438, #3340, #9313 ),
 .UNSPECIFIED., .F., .F.,
 ( 4, 2, 2, 2, 4 ),
 ( 0.001609983470110012300, 0.002009559951696699500, 0.002409136433283386700, 0.002808712914870074300, 0.003208289396456761500 ),
 .UNSPECIFIED. ) ;
#10867 = CYLINDRICAL_SURFACE ( 'NONE', #5514, 0.1474999999999994600 ) ;
#10868 = CARTESIAN_POINT ( 'NONE',  ( -1.459259842519685700, 2.027999999999999600, 1.605000000000000000 ) ) ;
#10869 = EDGE_CURVE ( 'NONE', #5863, #8852, #3732, .T. ) ;
#10870 = LINE ( 'NONE', #3018, #10584 ) ;
#10871 = ORIENTED_EDGE ( 'NONE', *, *, #1867, .T. ) ;
#10873 = DIRECTION ( 'NONE',  ( 0.0000000000000000000, 0.0000000000000000000, -1.000000000000000000 ) ) ;
#10872 = CARTESIAN_POINT ( 'NONE',  ( 0.7070000000000014100, -2.196999999999998700, 1.580000000000000100 ) ) ;
#10874 = ORIENTED_EDGE ( 'NONE', *, *, #1374, .T. ) ;
#10875 = CARTESIAN_POINT ( 'NONE',  ( -1.081000000000000400, 1.890999999999999800, 0.1200000000000000900 ) ) ;
#10876 = CARTESIAN_POINT ( 'NONE',  ( -1.482251619347311900, 2.164559027730145000, 2.044999999999999500 ) ) ;
#10877 = ORIENTED_EDGE ( 'NONE', *, *, #1925, .F. ) ;
#10878 = CIRCLE ( 'NONE', #402, 0.05849999999999993400 ) ;
#10879 = DIRECTION ( 'NONE',  ( 0.0000000000000000000, 0.0000000000000000000, 1.000000000000000000 ) ) ;
#10880 = LINE ( 'NONE', #144, #6749 ) ;
#10881 = VERTEX_POINT ( 'NONE', #6416 ) ;
#10882 = ADVANCED_FACE ( 'NONE', ( #6289 ), #7106, .T. ) ;
#10883 = AXIS2_PLACEMENT_3D ( 'NONE', #6754, #8567, #4201 ) ;
#10884 = DIRECTION ( 'NONE',  ( -1.000000000000000000, 0.0000000000000000000, 0.0000000000000000000 ) ) ;
#10885 = LINE ( 'NONE', #6430, #4876 ) ;
#10886 = EDGE_CURVE ( 'NONE', #4060, #8363, #7362, .T. ) ;
#10887 = EDGE_CURVE ( 'NONE', #3054, #7379, #8428, .T. ) ;
#10888 = ORIENTED_EDGE ( 'NONE', *, *, #832, .T. ) ;
#10889 = EDGE_CURVE ( 'NONE', #4839, #8583, #8556, .T. ) ;
#10890 = CARTESIAN_POINT ( 'NONE',  ( 1.455462238198014200, -2.130959596984054900, 2.037079749950507800 ) ) ;
#10891 = CARTESIAN_POINT ( 'NONE',  ( -1.498499999999999100, 1.873000000000000000, 1.540000000000000000 ) ) ;
#10892 = ORIENTED_EDGE ( 'NONE', *, *, #2378, .F. ) ;
#10893 = CARTESIAN_POINT ( 'NONE',  ( -1.081000000000000400, -1.772999999999999900, 2.050000000000000300 ) ) ;
#10894 = DIRECTION ( 'NONE',  ( 1.000000000000000000, 0.0000000000000000000, 0.0000000000000000000 ) ) ;
#10895 = ORIENTED_EDGE ( 'NONE', *, *, #5973, .T. ) ;
#10896 = PERSON_AND_ORGANIZATION_ROLE ( 'creator' ) ;
#10897 = DIRECTION ( 'NONE',  ( -0.0000000000000000000, -1.000000000000000000, -0.0000000000000000000 ) ) ;
#10898 = VERTEX_POINT ( 'NONE', #612 ) ;
#10899 = DIRECTION ( 'NONE',  ( 0.0000000000000000000, 0.0000000000000000000, 1.000000000000000000 ) ) ;
#10900 = VECTOR ( 'NONE', #2011, 39.37007874015748100 ) ;
#10901 = LINE ( 'NONE', #73, #9158 ) ;
#10902 = VERTEX_POINT ( 'NONE', #9899 ) ;
#10903 = CARTESIAN_POINT ( 'NONE',  ( -0.7070000000000014100, 2.196999999999998700, 1.639999999999999900 ) ) ;
#10904 = CARTESIAN_POINT ( 'NONE',  ( 1.498499999999999100, -1.619499999999999500, 1.630000000000000100 ) ) ;
#10905 = ORIENTED_EDGE ( 'NONE', *, *, #2378, .T. ) ;
#10906 = AXIS2_PLACEMENT_3D ( 'NONE', #4551, #10445, #7043 ) ;
#10907 = ORIENTED_EDGE ( 'NONE', *, *, #8868, .F. ) ;
#10908 = AXIS2_PLACEMENT_3D ( 'NONE', #2156, #10685, #6444 ) ;
#10909 = CARTESIAN_POINT ( 'NONE',  ( 1.182500000000000100, -1.515499999999999600, 0.3700000000000001100 ) ) ;
#10910 = EDGE_CURVE ( 'NONE', #10079, #9714, #5350, .T. ) ;
#10911 = CARTESIAN_POINT ( 'NONE',  ( 0.7070000000000014100, -1.926500000000000300, 1.639999999999999900 ) ) ;
#10912 = ORIENTED_EDGE ( 'NONE', *, *, #2542, .T. ) ;
#10913 = FACE_OUTER_BOUND ( 'NONE', #8729, .T. ) ;
#10914 = VECTOR ( 'NONE', #9439, 39.37007874015748100 ) ;
#10915 = EDGE_LOOP ( 'NONE', ( #6681, #9517, #3945, #3193 ) ) ;
#10916 = EDGE_LOOP ( 'NONE', ( #9700, #5948, #5296, #5248 ) ) ;
#10917 = ORIENTED_EDGE ( 'NONE', *, *, #1969, .F. ) ;
#10918 = VERTEX_POINT ( 'NONE', #1421 ) ;
#10920 = CARTESIAN_POINT ( 'NONE',  ( 1.467867916488617000, -2.109472331882376500, 2.044999999999999500 ) ) ;
#10919 = CARTESIAN_POINT ( 'NONE',  ( -1.538000000000000500, -2.027999999999999100, 1.919999999999999700 ) ) ;
#10921 = CARTESIAN_POINT ( 'NONE',  ( 0.9774999999999999200, -1.926500000000000300, 1.630000000000000100 ) ) ;
#10922 = ORIENTED_EDGE ( 'NONE', *, *, #5640, .F. ) ;
#10923 = CIRCLE ( 'NONE', #5600, 0.1035000000000005500 ) ;
#10924 = CARTESIAN_POINT ( 'NONE',  ( -1.081000000000000400, -1.926500000000000300, -0.3943848084544492900 ) ) ;
#10925 = AXIS2_PLACEMENT_3D ( 'NONE', #2133, #8764, #4365 ) ;
#10926 = ORIENTED_EDGE ( 'NONE', *, *, #3809, .F. ) ;
#10927 = FACE_OUTER_BOUND ( 'NONE', #6771, .T. ) ;
#10928 = AXIS2_PLACEMENT_3D ( 'NONE', #10798, #605, #6436 ) ;
#10929 = DIRECTION ( 'NONE',  ( -1.000000000000000000, 0.0000000000000000000, 0.0000000000000000000 ) ) ;
#10930 = VERTEX_POINT ( 'NONE', #4829 ) ;
#10931 = CARTESIAN_POINT ( 'NONE',  ( 1.450194394532882600, 2.140083769858391900, 2.025274302822597200 ) ) ;
#10932 = DIRECTION ( 'NONE',  ( 1.000000000000000000, 0.0000000000000000000, 0.0000000000000000000 ) ) ;
#10933 = CARTESIAN_POINT ( 'NONE',  ( -1.695500000000000900, -2.027999999999999600, 2.159999999999999700 ) ) ;
#10934 = EDGE_LOOP ( 'NONE', ( #5653, #1241, #9914, #935 ) ) ;
#10935 = CARTESIAN_POINT ( 'NONE',  ( 1.448144236928872600, -2.143634746992061100, 2.015548118773191200 ) ) ;
#10936 = ADVANCED_FACE ( 'NONE', ( #32 ), #10284, .F. ) ;
#10937 = DIRECTION ( 'NONE',  ( -1.000000000000000000, 0.0000000000000000000, 0.0000000000000000000 ) ) ;
#10938 = DIRECTION ( 'NONE',  ( -0.0000000000000000000, -0.0000000000000000000, 1.000000000000000000 ) ) ;
#10939 = ORIENTED_EDGE ( 'NONE', *, *, #10247, .F. ) ;
#10940 = CARTESIAN_POINT ( 'NONE',  ( 0.7070000000000014100, 2.196999999999998700, 1.630000000000000100 ) ) ;
#10941 = VECTOR ( 'NONE', #768, 39.37007874015748100 ) ;
#10942 = DIRECTION ( 'NONE',  ( 1.000000000000000000, 0.0000000000000000000, 0.0000000000000000000 ) ) ;
#10943 = ORIENTED_EDGE ( 'NONE', *, *, #4474, .F. ) ;
#10944 = AXIS2_PLACEMENT_3D ( 'NONE', #744, #1443, #6699 ) ;
#10945 = ORIENTED_EDGE ( 'NONE', *, *, #5329, .T. ) ;
#10946 = EDGE_CURVE ( 'NONE', #5200, #5777, #3874, .T. ) ;
#10947 = EDGE_LOOP ( 'NONE', ( #4247, #7529, #8812, #3677 ) ) ;
#10948 = CARTESIAN_POINT ( 'NONE',  ( 1.538000000000000500, -2.027999999999999100, 2.004999999999999400 ) ) ;
#10949 = CARTESIAN_POINT ( 'NONE',  ( -1.726999999999999400, 1.619499999999999500, 1.540000000000000000 ) ) ;
#10950 = CIRCLE ( 'NONE', #857, 0.1474999999999994600 ) ;
#10951 = EDGE_CURVE ( 'NONE', #322, #1557, #4012, .T. ) ;
#10952 = ADVANCED_FACE ( 'NONE', ( #9089 ), #8448, .F. ) ;
#10953 = CARTESIAN_POINT ( 'NONE',  ( 1.027499999999999900, -1.926500000000000300, 1.564999999999999700 ) ) ;
#10954 = DIRECTION ( 'NONE',  ( -1.000000000000000000, -1.931999995519277300E-016, 0.0000000000000000000 ) ) ;
#10955 = EDGE_LOOP ( 'NONE', ( #737, #3177, #1206, #1301 ) ) ;
#10956 = DIRECTION ( 'NONE',  ( -1.000000000000000000, 0.0000000000000000000, 0.0000000000000000000 ) ) ;
#10957 = FACE_OUTER_BOUND ( 'NONE', #10955, .T. ) ;
#10959 = CARTESIAN_POINT ( 'NONE',  ( 1.628389396804066600, -1.911440972269853500, 2.004999999999999400 ) ) ;
#10958 = CARTESIAN_POINT ( 'NONE',  ( 1.081000000000000400, -1.926500000000000300, 1.580000000000000100 ) ) ;
#10960 = EDGE_CURVE ( 'NONE', #5846, #1307, #2427, .T. ) ;
#10961 = EDGE_CURVE ( 'NONE', #1318, #5848, #1641, .T. ) ;
#10962 = DIRECTION ( 'NONE',  ( -1.000000000000000000, -0.0000000000000000000, -0.0000000000000000000 ) ) ;
#10963 = AXIS2_PLACEMENT_3D ( 'NONE', #5707, #7426, #5742 ) ;
#10964 = CIRCLE ( 'NONE', #8833, 0.2204999999999985000 ) ;
#10965 = PLANE ( 'NONE',  #4101 ) ;
#10966 = VERTEX_POINT ( 'NONE', #10048 ) ;
#10967 = COORDINATED_UNIVERSAL_TIME_OFFSET ( 6, 0, .BEHIND. ) ;
#10968 = CARTESIAN_POINT ( 'NONE',  ( 1.538000000000000500, -2.027999999999999100, 2.044999999999999500 ) ) ;
#10969 = DIRECTION ( 'NONE',  ( -0.0000000000000000000, -0.0000000000000000000, 1.000000000000000000 ) ) ;
#10970 = CARTESIAN_POINT ( 'NONE',  ( -0.7070000000000014100, 2.196999999999998700, 1.639999999999999900 ) ) ;
#10971 = CARTESIAN_POINT ( 'NONE',  ( 1.625848074029415400, 2.216949358009803600, 2.121949358009804300 ) ) ;
#10972 = CARTESIAN_POINT ( 'NONE',  ( -1.625848074029413200, 2.120848074029412900, 2.121949358009804300 ) ) ;
#10973 = CARTESIAN_POINT ( 'NONE',  ( -1.498499999999999100, -1.619499999999999500, 1.639999999999999900 ) ) ;
#10974 = AXIS2_PLACEMENT_3D ( 'NONE', #573, #3216, #4079 ) ;
#10975 = LINE ( 'NONE', #7886, #10823 ) ;
#10976 = EDGE_CURVE ( 'NONE', #3851, #8055, #6018, .T. ) ;
#10977 = DIRECTION ( 'NONE',  ( 0.0000000000000000000, 0.0000000000000000000, -1.000000000000000000 ) ) ;
#10978 = CARTESIAN_POINT ( 'NONE',  ( -1.759999999999999300, 2.120848074029412900, 1.605000000000000000 ) ) ;
#10979 = CARTESIAN_POINT ( 'NONE',  ( -0.9274999999999998800, 1.926500000000000300, 0.1200000000000000900 ) ) ;
#10980 = VECTOR ( 'NONE', #10529, 39.37007874015748100 ) ;
#10981 = DIRECTION ( 'NONE',  ( 1.000000000000000000, 0.0000000000000000000, 0.0000000000000000000 ) ) ;
#10982 = VECTOR ( 'NONE', #9704, 39.37007874015748100 ) ;
#10983 = ADVANCED_FACE ( 'NONE', ( #7619 ), #1531, .F. ) ;
#10984 = AXIS2_PLACEMENT_3D ( 'NONE', #10333, #5220, #140 ) ;
#10985 = CARTESIAN_POINT ( 'NONE',  ( -1.751999999999999600, 1.619499999999999500, 1.639999999999999900 ) ) ;
#10986 = ORIENTED_EDGE ( 'NONE', *, *, #8066, .F. ) ;
#10987 = AXIS2_PLACEMENT_3D ( 'NONE', #9429, #4157, #3412 ) ;
#10988 = EDGE_CURVE ( 'NONE', #2047, #10458, #6162, .T. ) ;
#10990 = CARTESIAN_POINT ( 'NONE',  ( 1.593748380652688900, -1.891440972269852400, 2.004999999999999400 ) ) ;
#10989 = DIRECTION ( 'NONE',  ( 0.0000000000000000000, -1.000000000000000000, 0.0000000000000000000 ) ) ;
#10991 = VECTOR ( 'NONE', #6526, 39.37007874015748100 ) ;
#10992 = ORIENTED_EDGE ( 'NONE', *, *, #10300, .F. ) ;
#10993 = CIRCLE ( 'NONE', #538, 0.2035000000000004300 ) ;
#10994 = ORIENTED_EDGE ( 'NONE', *, *, #6104, .T. ) ;
#10995 = ORIENTED_EDGE ( 'NONE', *, *, #3210, .F. ) ;
#10996 = CARTESIAN_POINT ( 'NONE',  ( -0.7070000000000014100, -1.926500000000000300, 1.639999999999999900 ) ) ;
#10997 = ORIENTED_EDGE ( 'NONE', *, *, #6896, .T. ) ;
#10998 = ADVANCED_FACE ( 'NONE', ( #9885 ), #5617, .T. ) ;
#10999 = CARTESIAN_POINT ( 'NONE',  ( 1.498499999999999100, 1.619499999999999500, 1.564999999999999700 ) ) ;
#11000 = AXIS2_PLACEMENT_3D ( 'NONE', #5287, #7973, #6983 ) ;
#11001 = DIRECTION ( 'NONE',  ( 1.000000000000000000, 0.0000000000000000000, 0.0000000000000000000 ) ) ;
#11002 = ORIENTED_EDGE ( 'NONE', *, *, #2669, .T. ) ;
#11003 = DIRECTION ( 'NONE',  ( 0.0000000000000000000, 0.0000000000000000000, -1.000000000000000000 ) ) ;
#11004 = VECTOR ( 'NONE', #5305, 39.37007874015748100 ) ;
#11005 = DIRECTION ( 'NONE',  ( 0.0000000000000000000, 0.0000000000000000000, -1.000000000000000000 ) ) ;
#11006 = CARTESIAN_POINT ( 'NONE',  ( 1.482251619347311900, -2.164559027730145000, 2.044999999999999500 ) ) ;
#11007 = CIRCLE ( 'NONE', #3501, 0.1035000000000005500 ) ;
#11008 = EDGE_LOOP ( 'NONE', ( #6448, #7002, #4374, #8515 ) ) ;
#11009 = CIRCLE ( 'NONE', #7889, 0.009999999999999892700 ) ;
#11010 = AXIS2_PLACEMENT_3D ( 'NONE', #9454, #9413, #6045 ) ;
#11011 = ADVANCED_FACE ( 'NONE', ( #6432, #1499 ), #9208, .F. ) ;
#11012 = ORIENTED_EDGE ( 'NONE', *, *, #10271, .F. ) ;
#11013 = CIRCLE ( 'NONE', #1534, 0.07874015748031476500 ) ;
#11014 = LINE ( 'NONE', #2474, #4333 ) ;
#11015 = ORIENTED_EDGE ( 'NONE', *, *, #831, .T. ) ;
#11016 = CARTESIAN_POINT ( 'NONE',  ( -1.498499999999999100, -1.823000000000000000, 1.580000000000000100 ) ) ;
#11017 = CARTESIAN_POINT ( 'NONE',  ( 0.7070000000000014100, -2.196999999999998700, 1.630000000000000100 ) ) ;
#11018 = VECTOR ( 'NONE', #8486, 39.37007874015748100 ) ;
#11019 = DIRECTION ( 'NONE',  ( -0.0000000000000000000, -0.0000000000000000000, 1.000000000000000000 ) ) ;
#11020 = VERTEX_POINT ( 'NONE', #8339 ) ;
#11021 = EDGE_CURVE ( 'NONE', #7662, #6099, #8159, .T. ) ;
#11022 = AXIS2_PLACEMENT_3D ( 'NONE', #1653, #4462, #5325 ) ;
#11023 = ORIENTED_EDGE ( 'NONE', *, *, #4474, .T. ) ;
#11024 = DIRECTION ( 'NONE',  ( -1.000000000000000000, 0.0000000000000000000, 0.0000000000000000000 ) ) ;
#11025 = ORIENTED_EDGE ( 'NONE', *, *, #8716, .T. ) ;
#11026 = PLANE ( 'NONE',  #7958 ) ;
#11027 = ORIENTED_EDGE ( 'NONE', *, *, #8037, .T. ) ;
#11028 = LINE ( 'NONE', #2312, #8217 ) ;
#11029 = ORIENTED_EDGE ( 'NONE', *, *, #764, .T. ) ;
#11031 = CARTESIAN_POINT ( 'NONE',  ( 1.620537761801986300, -1.925040403015942900, 2.037079749950507800 ) ) ;
#11030 = DIRECTION ( 'NONE',  ( -0.0000000000000000000, -0.0000000000000000000, 1.000000000000000000 ) ) ;
#11032 = CALENDAR_DATE ( 2021, 9, 7 ) ;
#11033 = DIRECTION ( 'NONE',  ( -1.000000000000000000, -1.931999995519276800E-016, 0.0000000000000000000 ) ) ;
#11034 = ORIENTED_EDGE ( 'NONE', *, *, #4401, .T. ) ;
#11035 = CARTESIAN_POINT ( 'NONE',  ( -1.726999999999999400, -1.619499999999999500, 1.540000000000000000 ) ) ;
#11036 = ORIENTED_EDGE ( 'NONE', *, *, #7652, .F. ) ;
#11037 = VERTEX_POINT ( 'NONE', #5880 ) ;
#11038 = VERTEX_POINT ( 'NONE', #7522 ) ;
#11039 = AXIS2_PLACEMENT_3D ( 'NONE', #1375, #4788, #7337 ) ;
#11040 = DIRECTION ( 'NONE',  ( 0.0000000000000000000, 0.0000000000000000000, 1.000000000000000000 ) ) ;
#11041 = VECTOR ( 'NONE', #10932, 39.37007874015748100 ) ;
#11042 = EDGE_CURVE ( 'NONE', #137, #9671, #1759, .T. ) ;
#11043 = CARTESIAN_POINT ( 'NONE',  ( -1.498499999999999100, -1.772999999999999900, 2.050000000000000300 ) ) ;
#11044 = EDGE_CURVE ( 'NONE', #8841, #3556, #6568, .T. ) ;
#11045 = LINE ( 'NONE', #6183, #3024 ) ;
#11046 = ORIENTED_EDGE ( 'NONE', *, *, #1387, .T. ) ;
#11047 = DIRECTION ( 'NONE',  ( -1.000000000000000000, 0.0000000000000000000, 0.0000000000000000000 ) ) ;
#11048 = CARTESIAN_POINT ( 'NONE',  ( -1.081000000000000400, 1.890999999999999800, 1.580000000000000100 ) ) ;
#11049 = CARTESIAN_POINT ( 'NONE',  ( 1.182500000000000100, -1.515499999999999600, 0.3700000000000001100 ) ) ;
#11050 = ORIENTED_EDGE ( 'NONE', *, *, #9012, .F. ) ;
#11051 = ORIENTED_EDGE ( 'NONE', *, *, #7069, .T. ) ;
#11052 = ORIENTED_EDGE ( 'NONE', *, *, #4583, .F. ) ;
#11053 = CYLINDRICAL_SURFACE ( 'NONE', #6763, 0.1574999999999998900 ) ;
#11054 = FACE_BOUND ( 'NONE', #6387, .T. ) ;
#11055 = CARTESIAN_POINT ( 'NONE',  ( -1.482251619347308500, -2.164559027730151200, 2.010319632494771200 ) ) ;
#11056 = DIRECTION ( 'NONE',  ( 1.000000000000000000, 0.0000000000000000000, 0.0000000000000000000 ) ) ;
#11057 = VERTEX_POINT ( 'NONE', #4949 ) ;
#11058 = AXIS2_PLACEMENT_3D ( 'NONE', #4653, #4542, #8048 ) ;
#11059 = AXIS2_PLACEMENT_3D ( 'NONE', #7071, #2825, #10510 ) ;
#11060 = CARTESIAN_POINT ( 'NONE',  ( 1.081000000000000400, 1.926500000000000300, 1.639999999999999900 ) ) ;
#11061 = EDGE_CURVE ( 'NONE', #2235, #1294, #4684, .T. ) ;
#11062 = DIRECTION ( 'NONE',  ( 1.000000000000000000, 0.0000000000000000000, 0.0000000000000000000 ) ) ;
#11063 = ORIENTED_EDGE ( 'NONE', *, *, #3519, .F. ) ;
#11064 = ORIENTED_EDGE ( 'NONE', *, *, #8238, .T. ) ;
#11065 = DIRECTION ( 'NONE',  ( -0.0000000000000000000, -0.0000000000000000000, -1.000000000000000000 ) ) ;
#11066 = ORIENTED_EDGE ( 'NONE', *, *, #9370, .F. ) ;
#11067 = CIRCLE ( 'NONE', #351, 0.1535000000000005500 ) ;
#11068 = CARTESIAN_POINT ( 'NONE',  ( 1.081000000000000400, -1.926500000000000300, 1.630000000000000100 ) ) ;
#11069 = ORIENTED_EDGE ( 'NONE', *, *, #2669, .F. ) ;
#11070 = LINE ( 'NONE', #6715, #4777 ) ;
ENDSEC;
END-ISO-10303-21;
