ISO-10303-21;
HEADER;
FILE_DESCRIPTION (( 'STEP AP203' ),
    '1' );
FILE_NAME ('66615A7_Female Drilling Anchors.STEP',
    '2021-07-09T14:52:58',
    ( 'Administrator' ),
    ( 'Managed by Terraform' ),
    'SwSTEP 2.0',
    'SolidWorks 2017',
    '' );
FILE_SCHEMA (( 'CONFIG_CONTROL_DESIGN' ));
ENDSEC;

DATA;
#1 = CARTESIAN_POINT ( 'NONE',  ( 0.08428370573561187700, -0.04150533107748480300, -0.5950578163893235400 ) ) ;
#2 = ORIENTED_EDGE ( 'NONE', *, *, #2087, .T. ) ;
#3 = CARTESIAN_POINT ( 'NONE',  ( -0.008192068487554830100, -0.06171703851835665100, -0.6357373477114991500 ) ) ;
#4 = VERTEX_POINT ( 'NONE', #2267 ) ;
#5 = CARTESIAN_POINT ( 'NONE',  ( -0.01718897351001699400, 0.06588754541579441800, -0.01982102070096071100 ) ) ;
#6 = CARTESIAN_POINT ( 'NONE',  ( -0.09075844500730478900, -0.02427560183072316800, -0.3136695185308673300 ) ) ;
#7 = CARTESIAN_POINT ( 'NONE',  ( 0.07503532157861279900, -0.05754495869415769000, -0.5770487400909857200 ) ) ;
#8 = CARTESIAN_POINT ( 'NONE',  ( 0.1663674901913170800, -0.04476299257412765000, -0.3999999999999750400 ) ) ;
#9 = ORIENTED_EDGE ( 'NONE', *, *, #1796, .F. ) ;
#10 = CARTESIAN_POINT ( 'NONE',  ( -0.02184613323252495400, -0.1664980250195043400, -0.4362499999999886500 ) ) ;
#11 = PLANE ( 'NONE',  #2335 ) ;
#12 = CARTESIAN_POINT ( 'NONE',  ( 0.0000000000000000000, -5.510910596163085200E-017, -0.7500000000000001100 ) ) ;
#13 = CARTESIAN_POINT ( 'NONE',  ( -0.03819587652662092400, 0.02949538063654226500, -0.6957373477115039700 ) ) ;
#14 = CARTESIAN_POINT ( 'NONE',  ( -0.04154669269149521800, -0.08426537582714202500, -0.2898285025343750900 ) ) ;
#15 = CIRCLE ( 'NONE', #3241, 0.007120500785191006900 ) ;
#16 = EDGE_CURVE ( 'NONE', #3582, #3132, #252, .T. ) ;
#17 = CARTESIAN_POINT ( 'NONE',  ( 0.09314409814389380800, 0.01227747160184820000, -0.5534791509925948100 ) ) ;
#18 = AXIS2_PLACEMENT_3D ( 'NONE', #1692, #1164, #1702 ) ;
#19 = DIRECTION ( 'NONE',  ( -0.0000000000000000000, -0.0000000000000000000, 1.000000000000000000 ) ) ;
#20 = CIRCLE ( 'NONE', #2791, 0.09374999999999994400 ) ;
#21 = LINE ( 'NONE', #3576, #3602 ) ;
#22 = CARTESIAN_POINT ( 'NONE',  ( -0.02308436334274124900, 0.1767456879384175500, -0.3387499999999976100 ) ) ;
#24 = DIRECTION ( 'NONE',  ( 0.0000000000000000000, -1.224646799147351000E-016, 1.000000000000000000 ) ) ;
#23 = CARTESIAN_POINT ( 'NONE',  ( -0.08136191583747580400, -0.04697569888080456400, -0.4823223364737547200 ) ) ;
#25 = FACE_OUTER_BOUND ( 'NONE', #1850, .T. ) ;
#26 = CARTESIAN_POINT ( 'NONE',  ( 0.07451314299097638900, 0.05722450390967140400, -0.5647395889057977800 ) ) ;
#27 = CARTESIAN_POINT ( 'NONE',  ( 0.008192068487554852700, -0.06344854987774116400, -0.6282373477115225100 ) ) ;
#28 = DIRECTION ( 'NONE',  ( -0.9659258262890682000, 0.0000000000000000000, -0.2588190451025213500 ) ) ;
#29 = ORIENTED_EDGE ( 'NONE', *, *, #1500, .F. ) ;
#30 = CARTESIAN_POINT ( 'NONE',  ( -0.09585195171197238900, 0.1249098758747363700, -0.5087499999999967000 ) ) ;
#31 = ORIENTED_EDGE ( 'NONE', *, *, #356, .T. ) ;
#32 = CARTESIAN_POINT ( 'NONE',  ( 0.01225424315598001500, -0.09314655957152880000, -0.2291780496741565600 ) ) ;
#33 = ADVANCED_FACE ( 'NONE', ( #960 ), #302, .T. ) ;
#34 = ORIENTED_EDGE ( 'NONE', *, *, #1662, .F. ) ;
#35 = CARTESIAN_POINT ( 'NONE',  ( 0.08479638390714078200, -0.1472254264527866300, -0.4175000000000108600 ) ) ;
#37 = CARTESIAN_POINT ( 'NONE',  ( -0.06672889305068198400, 0.06619920542270706100, -0.1178800767829850900 ) ) ;
#36 = PLANE ( 'NONE',  #1445 ) ;
#38 = ADVANCED_FACE ( 'NONE', ( #202 ), #2744, .T. ) ;
#39 = CARTESIAN_POINT ( 'NONE',  ( -8.046333479063929400E-013, -0.09375000000000005600, -0.2769952553920573800 ) ) ;
#40 = CARTESIAN_POINT ( 'NONE',  ( 0.02886811137328535600, -0.007874445047618562600, -0.7744873477114980800 ) ) ;
#41 = CARTESIAN_POINT ( 'NONE',  ( 0.0000000000000000000, 1.711831278850983100E-016, -1.397816317360098800 ) ) ;
#42 = VECTOR ( 'NONE', #3575, 39.37007874015748100 ) ;
#43 = DIRECTION ( 'NONE',  ( 0.1072858982069403300, 0.9942282112502792700, 0.0000000000000000000 ) ) ;
#44 = DATE_AND_TIME ( #3457, #2028 ) ;
#45 = AXIS2_PLACEMENT_3D ( 'NONE', #321, #3195, #2904 ) ;
#46 = CARTESIAN_POINT ( 'NONE',  ( 0.03937784948327510700, 0.1460933378129451700, -0.5350000000000032500 ) ) ;
#47 = CARTESIAN_POINT ( 'NONE',  ( 0.006167352449123773000, -0.09374999999999113200, -0.2310781941834002500 ) ) ;
#48 = CC_DESIGN_DATE_AND_TIME_ASSIGNMENT ( #2887, #2150, ( #2924 ) ) ;
#50 = CARTESIAN_POINT ( 'NONE',  ( 0.09759551229711818700, 0.1692272149776426200, -0.1825000000000004700 ) ) ;
#49 = CARTESIAN_POINT ( 'NONE',  ( -0.05721341043536547900, -0.07452065560698312200, -0.4713306083453560600 ) ) ;
#51 = ORIENTED_EDGE ( 'NONE', *, *, #893, .F. ) ;
#52 = DIRECTION ( 'NONE',  ( 1.000000000000000000, 1.224646799147353200E-016, 1.499759782661854900E-032 ) ) ;
#53 = ADVANCED_FACE ( 'NONE', ( #119 ), #1458, .F. ) ;
#54 = CARTESIAN_POINT ( 'NONE',  ( -0.05380928934459413400, 0.07020268783117891700, -0.5232373477115075400 ) ) ;
#55 = CARTESIAN_POINT ( 'NONE',  ( 0.006423048454132598500, -0.1150000000000000200, -0.05999999999999999800 ) ) ;
#56 = ADVANCED_FACE ( 'NONE', ( #1834 ), #619, .T. ) ;
#57 = CARTESIAN_POINT ( 'NONE',  ( -0.01714724043661931800, -0.1301295138227171700, -0.6212499999999883100 ) ) ;
#58 = CARTESIAN_POINT ( 'NONE',  ( 0.04697061521568908500, 0.08136512542790030900, -0.1563327714282297900 ) ) ;
#59 = EDGE_CURVE ( 'NONE', #2066, #1230, #2498, .T. ) ;
#61 = CARTESIAN_POINT ( 'NONE',  ( 0.06496393230093135100, 0.02250000000000022500, 0.0000000000000000000 ) ) ;
#60 = CARTESIAN_POINT ( 'NONE',  ( 0.02828427124746186700, -1.256073966947018400E-017, -0.7500000000000001100 ) ) ;
#62 = CARTESIAN_POINT ( 'NONE',  ( 0.06581767824930484500, 0.006423048454132825700, -0.05999999999999999800 ) ) ;
#63 = DIRECTION ( 'NONE',  ( 9.036618661126526500E-016, -0.2588190451025213500, -0.9659258262890682000 ) ) ;
#64 = LINE ( 'NONE', #1244, #1773 ) ;
#65 = CARTESIAN_POINT ( 'NONE',  ( 0.1405185824203462100, -0.01850716635041840500, -0.5762578740157687800 ) ) ;
#66 = TOROIDAL_SURFACE ( 'NONE', #103, 0.1937500000000000100, 0.1000000000000000100 ) ;
#67 = CARTESIAN_POINT ( 'NONE',  ( 0.06197884938672578600, 0.07060631960820715200, -0.1620966847575377500 ) ) ;
#68 = ADVANCED_FACE ( 'NONE', ( #3041 ), #2451, .F. ) ;
#69 = ORIENTED_EDGE ( 'NONE', *, *, #3146, .T. ) ;
#71 = CARTESIAN_POINT ( 'NONE',  ( -0.09374999999999994400, 1.530808498934188900E-016, -1.250000000000000000 ) ) ;
#70 = PLANE ( 'NONE',  #2764 ) ;
#72 = PLANE ( 'NONE',  #3214 ) ;
#73 = CARTESIAN_POINT ( 'NONE',  ( 0.09896230804467494300, -0.01306746267398809800, -0.7562500000000383900 ) ) ;
#74 = DIRECTION ( 'NONE',  ( -0.0000000000000000000, 1.224646799147351000E-016, -1.000000000000000000 ) ) ;
#75 = ORIENTED_EDGE ( 'NONE', *, *, #187, .T. ) ;
#76 = DIRECTION ( 'NONE',  ( 0.2505628070857330300, -0.2505628070857312500, 0.9351131265310291800 ) ) ;
#77 = DIRECTION ( 'NONE',  ( 0.0000000000000000000, 1.000000000000000000, 0.0000000000000000000 ) ) ;
#78 = VECTOR ( 'NONE', #2572, 39.37007874015748100 ) ;
#80 = CARTESIAN_POINT ( 'NONE',  ( -0.08427506745338664300, 0.04152223055765209100, -0.6806632353420728500 ) ) ;
#79 = CARTESIAN_POINT ( 'NONE',  ( 0.0000000000000000000, 0.2249999999999999800, 2.755455298081539800E-017 ) ) ;
#81 = CARTESIAN_POINT ( 'NONE',  ( -0.01234806272288705000, 0.09375000000000477400, -0.5361984947360422000 ) ) ;
#82 = EDGE_CURVE ( 'NONE', #3508, #1832, #699, .T. ) ;
#83 = COORDINATED_UNIVERSAL_TIME_OFFSET ( 6, 0, .BEHIND. ) ;
#84 = CARTESIAN_POINT ( 'NONE',  ( 0.08308281567370012800, -0.1082942884938068600, -0.5987500000000077800 ) ) ;
#85 = EDGE_CURVE ( 'NONE', #1323, #439, #2188, .T. ) ;
#86 = CARTESIAN_POINT ( 'NONE',  ( -0.0000000000000000000, 0.0000000000000000000, -0.05999999999999999800 ) ) ;
#87 = AXIS2_PLACEMENT_3D ( 'NONE', #2109, #718, #2366 ) ;
#88 = ORIENTED_EDGE ( 'NONE', *, *, #1638, .T. ) ;
#89 = DIRECTION ( 'NONE',  ( 0.9942282112502792700, 0.1072858982069401100, 0.0000000000000000000 ) ) ;
#90 = ORIENTED_EDGE ( 'NONE', *, *, #1276, .T. ) ;
#91 = PRODUCT_RELATED_PRODUCT_CATEGORY ( 'detail', '', ( #2553 ) ) ;
#92 = ORIENTED_EDGE ( 'NONE', *, *, #1738, .F. ) ;
#93 = CARTESIAN_POINT ( 'NONE',  ( 0.06515347503181068100, 0.08459527081448307800, -0.7262499999999868500 ) ) ;
#94 = CARTESIAN_POINT ( 'NONE',  ( 0.0000000000000000000, -0.2099999999999998500, -0.02000000000000005200 ) ) ;
#95 = CARTESIAN_POINT ( 'NONE',  ( -0.03819587652475161400, 0.02949538063699850100, -0.6617626522885203800 ) ) ;
#96 = CARTESIAN_POINT ( 'NONE',  ( -0.1386260530535113300, 0.08002875688355644300, -0.4924999999999658500 ) ) ;
#97 = LINE ( 'NONE', #113, #324 ) ;
#98 = EDGE_CURVE ( 'NONE', #2931, #1547, #2885, .T. ) ;
#99 = CARTESIAN_POINT ( 'NONE',  ( 0.0000000000000000000, 0.0000000000000000000, 0.0000000000000000000 ) ) ;
#100 = CIRCLE ( 'NONE', #2426, 0.09374999999999994400 ) ;
#101 = LINE ( 'NONE', #711, #3519 ) ;
#102 = EDGE_CURVE ( 'NONE', #436, #1674, #1752, .T. ) ;
#103 = AXIS2_PLACEMENT_3D ( 'NONE', #3487, #350, #929 ) ;
#104 = DIRECTION ( 'NONE',  ( 1.000000000000000000, -4.440892098500624700E-016, 0.0000000000000000000 ) ) ;
#105 = CIRCLE ( 'NONE', #45, 0.06613034342548929100 ) ;
#106 = CARTESIAN_POINT ( 'NONE',  ( -0.1568289972175700400, 0.09044962643162549100, -0.3125000000000157100 ) ) ;
#107 = CARTESIAN_POINT ( 'NONE',  ( 0.01714724043411260100, -0.1318610251812086800, -0.6137499999999770400 ) ) ;
#108 = CC_DESIGN_DATE_AND_TIME_ASSIGNMENT ( #2402, #2312, ( #1955 ) ) ;
#109 = CARTESIAN_POINT ( 'NONE',  ( 0.09029771396916892700, 0.05191465075082628300, -0.7325000000000061500 ) ) ;
#110 = CARTESIAN_POINT ( 'NONE',  ( -0.1261342393132010000, 0.09707631515257741900, -0.4962499999999966400 ) ) ;
#111 = ORIENTED_EDGE ( 'NONE', *, *, #1864, .F. ) ;
#112 = CARTESIAN_POINT ( 'NONE',  ( -0.09314919001267145400, -0.01225822858135248800, -0.6646237058899915300 ) ) ;
#113 = CARTESIAN_POINT ( 'NONE',  ( -0.09892304845413249500, -0.02250000000000034600, -0.05999999999999999800 ) ) ;
#114 = ORIENTED_EDGE ( 'NONE', *, *, #3029, .F. ) ;
#115 = CARTESIAN_POINT ( 'NONE',  ( 0.0000000000000000000, 2.449293598294706800E-018, -0.02000000000000002500 ) ) ;
#116 = B_SPLINE_SURFACE_WITH_KNOTS ( 'NONE', 1, 3, ( 
 ( #2493, #2195, #522, #1945, #3648, #1631, #2478, #799, #3383, #3636, #1673, #253, #2464, #2225, #3077, #2508, #1111, #773, #3370, #821, #1932, #2748, #3353, #1659, #1359, #235, #2809, #3038, #1052, #1399, #1347, #1886, #788, #3323, #1617, #2165, #1900, #196, #2182, #506, #2766, #1063, #1720, #2013, #1206, #2209, #539, #559, #1118, #3644, #2220, #3098, #1954, #2503, #275, #261, #1407, #1942, #3406, #3391, #831, #545, #1381, #1393, #817, #2234 ),
 ( #2518, #1681, #2820, #1134, #1969, #247, #3668, #3108, #2244, #3378, #571, #2833, #2531, #845, #1423, #3365, #1655, #2804, #1668, #1107, #3086, #3656, #977, #2416, #1308, #1274, #2120, #2379, #2099, #3280, #2391, #992, #2369, #2722, #2701, #1809, #2141, #418, #465, #2971, #172, #433, #1577, #3567, #713, #1317, #140, #2982, #128, #700, #2711, #1004, #1289, #2993, #2405, #742, #3011, #1298, #1848, #1857, #3270, #1022, #3260, #150, #1559, #1538 ) ),
 .UNSPECIFIED., .F., .F., .F.,
 ( 2, 2 ),
 ( 4, 2, 2, 2, 2, 2, 2, 2, 2, 2, 2, 2, 2, 2, 2, 2, 2, 2, 2, 2, 2, 2, 2, 2, 2, 2, 2, 2, 2, 2, 2, 2, 4 ),
 ( 0.0000000000000000000, 1.000000000000000000 ),
 ( 0.0000000000000000000, 0.03125000000000000000, 0.06250000000000000000, 0.09375000000000000000, 0.1250000000000000000, 0.1562500000000000000, 0.1875000000000000000, 0.2187500000000000000, 0.2500000000000000000, 0.2812500000000000000, 0.3125000000000000000, 0.3437500000000000000, 0.3750000000000000000, 0.4062500000000000000, 0.4375000000000000000, 0.4687500000000000000, 0.5000000000000000000, 0.5312500000000000000, 0.5625000000000000000, 0.5937500000000000000, 0.6250000000000000000, 0.6562500000000000000, 0.6875000000000000000, 0.7187500000000000000, 0.7500000000000000000, 0.7812500000000000000, 0.8125000000000000000, 0.8437500000000000000, 0.8750000000000000000, 0.9062500000000000000, 0.9375000000000000000, 0.9687500000000000000, 1.000000000000000000 ),
 .UNSPECIFIED. ) ;
#117 = CARTESIAN_POINT ( 'NONE',  ( 0.1909347597006398100, 0.02494170850632094000, -0.2037499999999927700 ) ) ;
#118 = CARTESIAN_POINT ( 'NONE',  ( 0.08415909275045006800, -0.04863596398023730500, -0.7675078740157520500 ) ) ;
#119 = FACE_OUTER_BOUND ( 'NONE', #3290, .T. ) ;
#120 = CARTESIAN_POINT ( 'NONE',  ( 0.02850058263403126800, 0.1056186619516072400, -0.7150000000000370500 ) ) ;
#121 = CARTESIAN_POINT ( 'NONE',  ( -0.005472216695449129900, 0.04267041266152711600, -0.6842626522884630600 ) ) ;
#122 = CARTESIAN_POINT ( 'NONE',  ( -0.1562120067756180300, 0.04209716620143896800, -0.4850000000000342900 ) ) ;
#123 = VERTEX_POINT ( 'NONE', #494 ) ;
#124 = CARTESIAN_POINT ( 'NONE',  ( 0.09498767740367304600, -0.01080437625019636300, -0.7500000000000002200 ) ) ;
#125 = CARTESIAN_POINT ( 'NONE',  ( -0.2000000000000000100, -0.0000000000000000000, -0.1175000000000000100 ) ) ;
#126 = DIRECTION ( 'NONE',  ( -0.9783048645494204500, 0.0000000000000000000, -0.2071704419045832000 ) ) ;
#127 = EDGE_CURVE ( 'NONE', #490, #1832, #3186, .T. ) ;
#128 = CARTESIAN_POINT ( 'NONE',  ( 0.1720159973513898100, 0.02246524828796574900, -0.3837499999999934300 ) ) ;
#129 = CARTESIAN_POINT ( 'NONE',  ( 0.07842370396780770600, -0.01999999999999999700, -1.076512808980396400 ) ) ;
#130 = EDGE_CURVE ( 'NONE', #436, #513, #2780, .T. ) ;
#131 = CARTESIAN_POINT ( 'NONE',  ( -0.1733599542328602400, 0.09997747424958571000, -0.1325000000000000600 ) ) ;
#132 = EDGE_LOOP ( 'NONE', ( #471, #427, #3097, #1326 ) ) ;
#133 = CARTESIAN_POINT ( 'NONE',  ( -0.1612964733957305300, 0.02123305377814755900, -0.4862510661520169100 ) ) ;
#134 = PLANE ( 'NONE',  #1279 ) ;
#135 = CARTESIAN_POINT ( 'NONE',  ( 0.09895961959799973200, 0.02647830359126396700, -0.7399999999999937700 ) ) ;
#136 = CARTESIAN_POINT ( 'NONE',  ( 0.1422500937857686100, 0.01850716635041843900, -0.5637499999999793200 ) ) ;
#137 =( BOUNDED_CURVE ( )  B_SPLINE_CURVE ( 3, ( #2015, #2556, #2288, #605 ),
 .UNSPECIFIED., .F., .T. ) 
 B_SPLINE_CURVE_WITH_KNOTS ( ( 4, 4 ),
 ( 4.645462866105246400, 4.886857440586710200 ),
 .UNSPECIFIED. ) 
 CURVE ( )  GEOMETRIC_REPRESENTATION_ITEM ( )  RATIONAL_B_SPLINE_CURVE ( ( 1.000000000000000000, 0.9951499471396296800, 0.9951499471396296800, 1.000000000000000000 ) ) 
 REPRESENTATION_ITEM ( '' )  );
#138 = DIRECTION ( 'NONE',  ( -3.491481338843133700E-015, 1.000000000000000000, 0.0000000000000000000 ) ) ;
#139 = CARTESIAN_POINT ( 'NONE',  ( 0.02850058263718827800, 0.1056186619480282800, -0.7099999999999723200 ) ) ;
#140 = CARTESIAN_POINT ( 'NONE',  ( 0.1513581657064579600, 0.08717834586268766200, -0.3725000000000151000 ) ) ;
#141 = CARTESIAN_POINT ( 'NONE',  ( 0.1720159973513898100, 0.02246524828796574900, -0.3837499999999934300 ) ) ;
#142 = CARTESIAN_POINT ( 'NONE',  ( 0.06316712269818937400, -0.07017511336138269900, -0.7765079944512558500 ) ) ;
#143 = CARTESIAN_POINT ( 'NONE',  ( 0.05095292508115184500, 0.1894004372044959800, -0.1699999999999904900 ) ) ;
#144 = VECTOR ( 'NONE', #3419, 39.37007874015748100 ) ;
#145 = CARTESIAN_POINT ( 'NONE',  ( 0.07210610711247803000, -0.009551994385058626800, -0.5567626522884431300 ) ) ;
#146 = VECTOR ( 'NONE', #3348, 39.37007874015748100 ) ;
#147 = CARTESIAN_POINT ( 'NONE',  ( 0.09300694409814278000, -0.01178010396919022800, -0.7500000000000001100 ) ) ;
#148 = DIRECTION ( 'NONE',  ( -0.0000000000000000000, 1.224646799147351000E-016, -1.000000000000000000 ) ) ;
#149 = EDGE_LOOP ( 'NONE', ( #563, #2438, #3425, #2912 ) ) ;
#150 = CARTESIAN_POINT ( 'NONE',  ( -0.1587293287161756800, -0.04260435046327208700, -0.4699999999999919200 ) ) ;
#151 = PERSON_AND_ORGANIZATION_ROLE ( 'classification_officer' ) ;
#152 = AXIS2_PLACEMENT_3D ( 'NONE', #479, #3006, #750 ) ;
#153 = AXIS2_PLACEMENT_3D ( 'NONE', #1769, #1622, #1649 ) ;
#154 = CARTESIAN_POINT ( 'NONE',  ( -0.09374999999999997200, -0.0000000000000000000, -0.1450000000000000200 ) ) ;
#155 = CARTESIAN_POINT ( 'NONE',  ( -0.1562120067756180300, 0.04209716620143896800, -0.4900000000000342400 ) ) ;
#156 = CARTESIAN_POINT ( 'NONE',  ( 0.1712277156070672300, -0.02246524829091678000, -0.3962500000000212000 ) ) ;
#157 = PERSON_AND_ORGANIZATION_ROLE ( 'design_supplier' ) ;
#158 = CARTESIAN_POINT ( 'NONE',  ( -0.06191234317369135500, -0.07066746814435234700, -0.4380779889300622200 ) ) ;
#159 = EDGE_CURVE ( 'NONE', #2154, #1225, #3456, .T. ) ;
#160 = ORIENTED_EDGE ( 'NONE', *, *, #3354, .T. ) ;
#161 = CARTESIAN_POINT ( 'NONE',  ( 0.02249999999999999900, -0.1150000000000000200, 0.0000000000000000000 ) ) ;
#162 = ORIENTED_EDGE ( 'NONE', *, *, #1156, .T. ) ;
#163 = DIRECTION ( 'NONE',  ( -0.4226182617406960600, 5.175581015019616900E-017, 0.9063077870366516000 ) ) ;
#164 = DIRECTION ( 'NONE',  ( -0.4226182617406960600, -1.109906930436754500E-016, 0.9063077870366516000 ) ) ;
#165 = CARTESIAN_POINT ( 'NONE',  ( -0.09998649480054265500, -0.07669824765986302300, -0.6437499999999928300 ) ) ;
#166 = PERSON_AND_ORGANIZATION ( #822, #3004 ) ;
#167 = CARTESIAN_POINT ( 'NONE',  ( 0.1679425075232267900, 0.04508032346069335700, -0.3850000000000111100 ) ) ;
#168 = VERTEX_POINT ( 'NONE', #1648 ) ;
#169 = CARTESIAN_POINT ( 'NONE',  ( 0.04158053101902436200, 0.08425044518284108300, -0.3384369796252974500 ) ) ;
#170 = ORIENTED_EDGE ( 'NONE', *, *, #1872, .T. ) ;
#171 = ORIENTED_EDGE ( 'NONE', *, *, #1837, .T. ) ;
#172 = CARTESIAN_POINT ( 'NONE',  ( -0.02308436334285722900, 0.1767456879382311700, -0.3387500000000351900 ) ) ;
#173 = CARTESIAN_POINT ( 'NONE',  ( 0.1149999999999999400, 0.02250000000000040200, 0.0000000000000000000 ) ) ;
#174 = CARTESIAN_POINT ( 'NONE',  ( 0.0000000000000000000, 0.09374999999999998600, 1.148106374200641400E-017 ) ) ;
#175 = CARTESIAN_POINT ( 'NONE',  ( 1.340828951734724700E-013, -0.09374999999999990300, -0.2330047446081411600 ) ) ;
#176 = CARTESIAN_POINT ( 'NONE',  ( 7.452950232620730600E-013, 0.09375000000000001400, -0.1889984184641610700 ) ) ;
#177 = CIRCLE ( 'NONE', #3178, 0.007120500785191006900 ) ;
#178 = CARTESIAN_POINT ( 'NONE',  ( 0.02000000000000014300, -0.01999999999999995900, -1.189344184568247800 ) ) ;
#179 = LINE ( 'NONE', #540, #1024 ) ;
#180 = LINE ( 'NONE', #2808, #2530 ) ;
#182 = PLANE ( 'NONE',  #3122 ) ;
#181 = CARTESIAN_POINT ( 'NONE',  ( -0.006423048454132595900, -0.06581767824930485900, -0.05999999999999999800 ) ) ;
#183 = CONICAL_SURFACE ( 'NONE', #1549, 0.06875000000000000600, 0.04363323129985833400 ) ;
#184 = CARTESIAN_POINT ( 'NONE',  ( -0.05524473187161972600, -0.01479363763017361500, -0.4474999999999760800 ) ) ;
#185 = CARTESIAN_POINT ( 'NONE',  ( -0.02308436334565454300, 0.1767456879379644700, -0.3437500000000127700 ) ) ;
#186 = CARTESIAN_POINT ( 'NONE',  ( -0.0000000000000000000, 0.0000000000000000000, -0.05999999999999999800 ) ) ;
#187 = EDGE_CURVE ( 'NONE', #1231, #490, #1196, .T. ) ;
#188 = CARTESIAN_POINT ( 'NONE',  ( 0.0000000000000000000, 9.184850993605133600E-017, -0.7500000000000001100 ) ) ;
#189 = ORIENTED_EDGE ( 'NONE', *, *, #2045, .F. ) ;
#190 = AXIS2_PLACEMENT_3D ( 'NONE', #745, #2747, #1346 ) ;
#191 = ORIENTED_EDGE ( 'NONE', *, *, #2782, .T. ) ;
#192 = CARTESIAN_POINT ( 'NONE',  ( -0.1386260530535113300, 0.08002875688355644300, -0.4924999999999658500 ) ) ;
#193 = ORIENTED_EDGE ( 'NONE', *, *, #2294, .T. ) ;
#195 = CARTESIAN_POINT ( 'NONE',  ( 0.09159182550861190400, -0.02000000000000000000, -0.7500000000000001100 ) ) ;
#194 =( LENGTH_UNIT ( ) NAMED_UNIT ( * ) SI_UNIT ( $, .METRE. ) );
#196 = CARTESIAN_POINT ( 'NONE',  ( -0.1095508731764645900, 0.1426348733482915900, -0.3287500000000034300 ) ) ;
#197 = CARTESIAN_POINT ( 'NONE',  ( -0.2000000000000000100, -0.0000000000000000000, -0.1225000000000000300 ) ) ;
#198 = CARTESIAN_POINT ( 'NONE',  ( 0.04190606763131356200, 0.05444549405169518700, -0.3387500000000360800 ) ) ;
#199 = CARTESIAN_POINT ( 'NONE',  ( 0.05006851577457764600, -0.06523462489390226300, -0.2612500000000155300 ) ) ;
#200 = VERTEX_POINT ( 'NONE', #1375 ) ;
#201 = CARTESIAN_POINT ( 'NONE',  ( 0.1901464779532908200, -0.02494170850858191600, -0.2162500000000057400 ) ) ;
#202 = FACE_OUTER_BOUND ( 'NONE', #3176, .T. ) ;
#203 = CARTESIAN_POINT ( 'NONE',  ( -0.09315102358667752500, 0.01224643385864816600, -0.2828332701693820900 ) ) ;
#204 = VERTEX_POINT ( 'NONE', #3080 ) ;
#205 = FACE_OUTER_BOUND ( 'NONE', #2676, .T. ) ;
#206 = CARTESIAN_POINT ( 'NONE',  ( 0.0000000000000000000, 2.449293598294705200E-018, -0.02000000000000002500 ) ) ;
#207 = CARTESIAN_POINT ( 'NONE',  ( 0.1266090208885114200, 0.07284317937885062500, -0.5525000000000099800 ) ) ;
#208 = DIRECTION ( 'NONE',  ( 0.0000000000000000000, -1.000000000000000000, -1.219574997171546800E-016 ) ) ;
#209 = VERTEX_POINT ( 'NONE', #2884 ) ;
#210 = CARTESIAN_POINT ( 'NONE',  ( 0.1166020821834350700, 0.08946738369372664300, -0.5487500000000018500 ) ) ;
#211 = DIRECTION ( 'NONE',  ( 0.0000000000000000000, 1.000000000000000000, 1.224646799147351000E-016 ) ) ;
#212 = CARTESIAN_POINT ( 'NONE',  ( 0.08468475969888750200, 0.01103361612721102300, -0.2312499999999942900 ) ) ;
#213 = DIRECTION ( 'NONE',  ( -0.8833308765689108500, 0.4687499999999996100, -0.0000000000000000000 ) ) ;
#214 = CARTESIAN_POINT ( 'NONE',  ( 0.1678891227239365000, 0.09670619368518089400, -0.1974999999999926000 ) ) ;
#215 = CARTESIAN_POINT ( 'NONE',  ( 0.07058852676920070200, -0.06199693759506690000, -0.3921125172279584800 ) ) ;
#216 = CARTESIAN_POINT ( 'NONE',  ( -0.09437626794497665200, -0.01627405701858228700, -0.1016269094328159900 ) ) ;
#217 = CARTESIAN_POINT ( 'NONE',  ( 0.09896230804607687700, -0.01306746266872038000, -0.7562500000000053100 ) ) ;
#218 = CARTESIAN_POINT ( 'NONE',  ( 0.09384765139902122300, -0.005142504068536894900, -0.7478547662129573200 ) ) ;
#219 = APPROVAL ( #2406, 'UNSPECIFIED' ) ;
#220 = DIRECTION ( 'NONE',  ( 0.1072858982069420000, -0.9942282112502791600, 1.313873318327805900E-017 ) ) ;
#221 = VECTOR ( 'NONE', #2471, 39.37007874015747400 ) ;
#222 = B_SPLINE_CURVE_WITH_KNOTS ( 'NONE', 3,
 ( #1792, #1512, #122, #96, #110, #2081, #2094, #2955, #1806, #708, #2978, #695, #1284, #2673, #1555, #3257, #136, #1818, #974, #2966, #1270, #1546, #3244, #3534, #2106, #2686, #429, #2375, #986, #3556, #3513, #1846, #2353, #1568, #1808, #3247, #431, #2377, #2946, #2700, #3225, #2097, #139, #2675, #2709, #2403, #1821, #2689, #712, #1524, #1002, #990 ),
 .UNSPECIFIED., .F., .F.,
 ( 4, 2, 2, 2, 2, 2, 2, 2, 2, 2, 2, 2, 2, 2, 2, 2, 2, 2, 2, 2, 2, 2, 2, 2, 2, 4 ),
 ( 0.0000000000000000000, 0.03125000000000000000, 0.06250000000000000000, 0.09375000000000000000, 0.1250000000000000000, 0.1562500000000000000, 0.1875000000000000000, 0.2187500000000000000, 0.2500000000000000000, 0.2812500000000000000, 0.3125000000000000000, 0.3437500000000000000, 0.3750000000000000000, 0.4062500000000000000, 0.4375000000000000000, 0.4687500000000000000, 0.5000000000000000000, 0.5312500000000000000, 0.5625000000000000000, 0.5937500000000000000, 0.6250000000000000000, 0.6562500000000000000, 0.6875000000000000000, 0.7187499999999998900, 0.7500000000000000000, 0.7569444444444481900 ),
 .UNSPECIFIED. ) ;
#223 = CARTESIAN_POINT ( 'NONE',  ( 0.03937784948488975300, 0.1460933378117355900, -0.5299999999999865900 ) ) ;
#224 = CARTESIAN_POINT ( 'NONE',  ( -0.03609283595502791500, -0.04688114057870181700, -0.4287500000000387700 ) ) ;
#225 = DIRECTION ( 'NONE',  ( 0.0000000000000000000, 0.0000000000000000000, 1.000000000000000000 ) ) ;
#226 = LINE ( 'NONE', #785, #2587 ) ;
#227 = CARTESIAN_POINT ( 'NONE',  ( -0.07367108947055336900, -0.01974558365339259100, -0.2675000000000068400 ) ) ;
#228 = CARTESIAN_POINT ( 'NONE',  ( 0.09374622389492980000, -0.006187139981621703500, -0.3729422352649657300 ) ) ;
#229 = CARTESIAN_POINT ( 'NONE',  ( 0.1720159973494678200, 0.02246524829091690900, -0.3887499999999787200 ) ) ;
#230 = LINE ( 'NONE', #267, #2421 ) ;
#231 = CARTESIAN_POINT ( 'NONE',  ( -0.01999999999999995900, 0.02000000000000009400, -0.7500000000000001100 ) ) ;
#232 = CARTESIAN_POINT ( 'NONE',  ( -0.1612964733957305300, 0.02123305377814752000, -0.4812510661520169600 ) ) ;
#233 = CARTESIAN_POINT ( 'NONE',  ( 0.0000000000000000000, 0.0000000000000000000, 0.0000000000000000000 ) ) ;
#234 = ORIENTED_EDGE ( 'NONE', *, *, #2404, .T. ) ;
#235 = CARTESIAN_POINT ( 'NONE',  ( -0.02432259345210375000, -0.1854167873646945200, -0.2612499999999993700 ) ) ;
#236 = EDGE_CURVE ( 'NONE', #2612, #1313, #534, .T. ) ;
#237 = DIRECTION ( 'NONE',  ( 1.000000000000000000, 0.0000000000000000000, 0.0000000000000000000 ) ) ;
#238 = CARTESIAN_POINT ( 'NONE',  ( 0.01180387163263074200, 0.06617351436309638900, -0.03991849451130071600 ) ) ;
#239 = DIRECTION ( 'NONE',  ( 1.000000000000000000, 0.0000000000000000000, 0.0000000000000000000 ) ) ;
#240 = VERTEX_POINT ( 'NONE', #2555 ) ;
#241 = CARTESIAN_POINT ( 'NONE',  ( 0.02098357015885527600, -0.07827767887087244700, -0.2225000000000234000 ) ) ;
#242 = CARTESIAN_POINT ( 'NONE',  ( 0.0000000000000000000, -5.510910596163085200E-017, -0.7500000000000001100 ) ) ;
#243 = CARTESIAN_POINT ( 'NONE',  ( 0.04600097907463768900, 0.1709740795940517800, -0.3550000000000134200 ) ) ;
#244 = ORIENTED_EDGE ( 'NONE', *, *, #1386, .T. ) ;
#245 = CARTESIAN_POINT ( 'NONE',  ( -0.05524473187095549400, -0.01479363762851694700, -0.4975000000000156000 ) ) ;
#246 = ORIENTED_EDGE ( 'NONE', *, *, #517, .F. ) ;
#247 = CARTESIAN_POINT ( 'NONE',  ( -0.1211773365098748200, 0.1577635803074458600, -0.1437499999999957400 ) ) ;
#248 = AXIS2_PLACEMENT_3D ( 'NONE', #2206, #1395, #2837 ) ;
#249 = CARTESIAN_POINT ( 'NONE',  ( 0.08415909275045006800, -0.04863596398023730500, -0.7625000000000039500 ) ) ;
#251 = CARTESIAN_POINT ( 'NONE',  ( -0.09892304845413260600, 0.006423048454132250700, -0.05999999999999999800 ) ) ;
#250 = CARTESIAN_POINT ( 'NONE',  ( 0.05030325308047948300, 0.07939181063337121000, -0.7159817221629916100 ) ) ;
#252 = LINE ( 'NONE', #873, #3138 ) ;
#253 = CARTESIAN_POINT ( 'NONE',  ( 0.09759551229540142100, 0.1692272149790164400, -0.1825000000000074300 ) ) ;
#254 = CARTESIAN_POINT ( 'NONE',  ( -0.08135058567748337800, 0.04699491545872699200, -0.6675527184714933300 ) ) ;
#255 = PERSON_AND_ORGANIZATION ( #822, #3004 ) ;
#256 = CARTESIAN_POINT ( 'NONE',  ( -0.1621624753043567100, -7.943670252931687400E-017, -0.4775000000000000400 ) ) ;
#257 = CARTESIAN_POINT ( 'NONE',  ( -0.04631830996052802000, 0.1725490969239538400, -0.3399999999999913600 ) ) ;
#258 = CARTESIAN_POINT ( 'NONE',  ( 0.03455814791836182800, 0.05985645415666424100, -0.3849999999999664800 ) ) ;
#259 = EDGE_LOOP ( 'NONE', ( #2245, #2073, #1581, #3007, #1491 ) ) ;
#260 = EDGE_CURVE ( 'NONE', #240, #1323, #2690, .T. ) ;
#261 = CARTESIAN_POINT ( 'NONE',  ( 0.04384233696290495300, -0.1633359181183783600, -0.4300000000000109800 ) ) ;
#262 = CARTESIAN_POINT ( 'NONE',  ( 0.06613034342548927700, 0.0000000000000000000, -0.05999999999999999800 ) ) ;
#263 = ORIENTED_EDGE ( 'NONE', *, *, #1478, .T. ) ;
#264 = VERTEX_POINT ( 'NONE', #3413 ) ;
#266 = CARTESIAN_POINT ( 'NONE',  ( -0.08425276266657333300, 0.04157644693154179800, -0.4767900893804760700 ) ) ;
#265 = CARTESIAN_POINT ( 'NONE',  ( 0.07063109550473119200, 0.06195262757076459200, -0.3888247747316183600 ) ) ;
#267 = CARTESIAN_POINT ( 'NONE',  ( -0.09374999999999994400, 1.290264227409698700E-016, -1.053580696334676300 ) ) ;
#268 = EDGE_CURVE ( 'NONE', #2535, #3577, #2999, .T. ) ;
#269 = ADVANCED_FACE ( 'NONE', ( #2237 ), #1497, .T. ) ;
#270 = CARTESIAN_POINT ( 'NONE',  ( 0.08424862324988546800, 0.04157807782577083200, -0.5436343108417176500 ) ) ;
#271 = AXIS2_PLACEMENT_3D ( 'NONE', #458, #1018, #211 ) ;
#272 = AXIS2_PLACEMENT_3D ( 'NONE', #2415, #430, #1584 ) ;
#273 = DIRECTION ( 'NONE',  ( 0.1072858982069424100, 0.9942282112502790500, 0.0000000000000000000 ) ) ;
#274 = CARTESIAN_POINT ( 'NONE',  ( -0.02979422401956998900, -0.05159097564403759800, -0.4750000000000084200 ) ) ;
#275 = CARTESIAN_POINT ( 'NONE',  ( 0.08479638390727875500, -0.1472254264527453100, -0.4224999999999890000 ) ) ;
#276 = VECTOR ( 'NONE', #148, 39.37007874015748100 ) ;
#278 = DIRECTION ( 'NONE',  ( 0.0000000000000000000, -1.000000000000000000, -1.219574997171546800E-016 ) ) ;
#277 = CARTESIAN_POINT ( 'NONE',  ( 0.08135876132017179400, 0.04698021560157632900, -0.3943238540941924100 ) ) ;
#279 = CARTESIAN_POINT ( 'NONE',  ( 0.01226940715136088700, 0.09314434285784571600, -0.5433527568651318500 ) ) ;
#280 = LINE ( 'NONE', #2046, #1302 ) ;
#281 = CARTESIAN_POINT ( 'NONE',  ( -0.02827101722627087300, 0.03697151311634950400, -0.7032373477115175800 ) ) ;
#282 = CIRCLE ( 'NONE', #272, 0.09374999999999994400 ) ;
#283 = CARTESIAN_POINT ( 'NONE',  ( -0.02457539275115632300, 0.09129227723764955800, -0.3576469166704914200 ) ) ;
#284 = FACE_OUTER_BOUND ( 'NONE', #3137, .T. ) ;
#285 = VERTEX_POINT ( 'NONE', #3160 ) ;
#286 = CARTESIAN_POINT ( 'NONE',  ( 0.04155462178973925300, -0.08426189455038914100, -0.5908429117703876100 ) ) ;
#287 = CARTESIAN_POINT ( 'NONE',  ( 0.1678891227239365000, 0.09670619368518089400, -0.1974999999999926000 ) ) ;
#288 = CARTESIAN_POINT ( 'NONE',  ( -0.08330374056604301900, -0.1444307794571012000, -0.4475000000000247100 ) ) ;
#290 = DIRECTION ( 'NONE',  ( 1.000000000000000000, 0.0000000000000000000, 0.0000000000000000000 ) ) ;
#289 = CARTESIAN_POINT ( 'NONE',  ( 0.0000000000000000000, 9.184850993605133600E-017, -0.7500000000000001100 ) ) ;
#291 = ADVANCED_FACE ( 'NONE', ( #1537 ), #1455, .F. ) ;
#292 = EDGE_LOOP ( 'NONE', ( #51, #2392, #1766, #424, #1106, #2490, #1268, #3236, #1677 ) ) ;
#293 = CARTESIAN_POINT ( 'NONE',  ( 0.09375086372608428000, -0.01220797021994770100, -0.5861353723983708800 ) ) ;
#294 = ORIENTED_EDGE ( 'NONE', *, *, #2979, .F. ) ;
#295 = EDGE_CURVE ( 'NONE', #2104, #285, #826, .T. ) ;
#296 = CARTESIAN_POINT ( 'NONE',  ( 0.01479799455946255400, -0.02037237677973331700, -0.7939922428560393100 ) ) ;
#297 = VERTEX_POINT ( 'NONE', #2297 ) ;
#298 = EDGE_CURVE ( 'NONE', #1832, #3132, #2212, .T. ) ;
#299 = CARTESIAN_POINT ( 'NONE',  ( 8.556814010131627100E-017, -0.02828427124746177300, -0.7500000000000001100 ) ) ;
#300 = DIRECTION ( 'NONE',  ( 0.0000000000000000000, 1.000000000000000000, 0.0000000000000000000 ) ) ;
#301 = AXIS2_PLACEMENT_3D ( 'NONE', #2930, #1748, #1229 ) ;
#302 = B_SPLINE_SURFACE_WITH_KNOTS ( 'NONE', 1, 3, ( 
 ( #1448, #3433, #2563, #2282, #1162, #988, #710, #1032, #3639, #2142, #1056, #495, #2771, #2168, #2185, #1889, #212, #1905, #1621, #510, #2452, #199, #3612, #3039, #777, #2752, #2467, #1351, #3326, #790, #1392, #3389, #816, #3072, #1953, #1090, #1117, #843, #1967, #2517, #830, #2802, #2819, #258, #1105, #3084, #2502, #3377, #1680, #1380, #1404, #2788, #1667, #2232, #3364, #3667, #2832, #3096, #3655, #274, #557, #1654, #2242, #245, #1940, #569 ),
 ( #2529, #1133, #3643, #2218, #544, #3016, #792, #512, #779, #496, #1031, #761, #480, #3614, #214, #2170, #3601, #201, #2422, #751, #2187, #1908, #1057, #2469, #1352, #2740, #3030, #3040, #1890, #1608, #2440, #2727, #3327, #2453, #1327, #3298, #1043, #2754, #1623, #1337, #185, #1596, #3588, #3315, #1876, #2156, #2682, #167, #2985, #156, #1853, #3253, #3560, #982, #1573, #1828, #2103, #716, #2123, #448, #1552, #1280, #2135, #2696, #456, #2705 ) ),
 .UNSPECIFIED., .F., .F., .F.,
 ( 2, 2 ),
 ( 4, 2, 2, 2, 2, 2, 2, 2, 2, 2, 2, 2, 2, 2, 2, 2, 2, 2, 2, 2, 2, 2, 2, 2, 2, 2, 2, 2, 2, 2, 2, 2, 4 ),
 ( 0.0000000000000000000, 1.000000000000000000 ),
 ( 0.0000000000000000000, 0.03125000000000000000, 0.06250000000000000000, 0.09375000000000000000, 0.1250000000000000000, 0.1562500000000000000, 0.1875000000000000000, 0.2187500000000000000, 0.2500000000000000000, 0.2812500000000000000, 0.3125000000000000000, 0.3437500000000000000, 0.3750000000000000000, 0.4062500000000000000, 0.4375000000000000000, 0.4687500000000000000, 0.5000000000000000000, 0.5312500000000000000, 0.5625000000000000000, 0.5937500000000000000, 0.6250000000000000000, 0.6562500000000000000, 0.6875000000000000000, 0.7187500000000000000, 0.7500000000000000000, 0.7812500000000000000, 0.8125000000000000000, 0.8437500000000000000, 0.8750000000000000000, 0.9062500000000000000, 0.9375000000000000000, 0.9687500000000000000, 1.000000000000000000 ),
 .UNSPECIFIED. ) ;
#303 = CARTESIAN_POINT ( 'NONE',  ( 0.006125636806220606200, -0.09374999999996218300, -0.6026493951310919500 ) ) ;
#304 = ORIENTED_EDGE ( 'NONE', *, *, #2247, .T. ) ;
#305 = AXIS2_PLACEMENT_3D ( 'NONE', #754, #2175, #498 ) ;
#306 = CARTESIAN_POINT ( 'NONE',  ( 0.02308436334274113800, 0.1759574061920240200, -0.3462500000000025000 ) ) ;
#307 = VERTEX_POINT ( 'NONE', #3133 ) ;
#308 = LINE ( 'NONE', #664, #2449 ) ;
#310 = CARTESIAN_POINT ( 'NONE',  ( 3.612636390599841100E-014, 0.09375000000000009700, -0.5397873096549127300 ) ) ;
#309 = CARTESIAN_POINT ( 'NONE',  ( -0.04151066227002706700, -0.08428119945638748400, -0.4658104239842482700 ) ) ;
#311 = ADVANCED_FACE ( 'NONE', ( #3120 ), #1126, .T. ) ;
#312 = CARTESIAN_POINT ( 'NONE',  ( -0.04867547765985474900, -0.02792509414898557500, -0.6619873477115060200 ) ) ;
#313 = CARTESIAN_POINT ( 'NONE',  ( -0.06581767824930483100, -0.006423048454132825700, -0.05999999999999999800 ) ) ;
#314 = CARTESIAN_POINT ( 'NONE',  ( -0.07454104392460318700, 0.05718795811947314400, -0.3393256429980051600 ) ) ;
#315 = ORIENTED_EDGE ( 'NONE', *, *, #2873, .F. ) ;
#316 = CARTESIAN_POINT ( 'NONE',  ( 0.1150000000000000000, 0.006423048454133000100, -0.05999999999999999800 ) ) ;
#317 = VERTEX_POINT ( 'NONE', #299 ) ;
#318 = CARTESIAN_POINT ( 'NONE',  ( 0.02432259345197559200, -0.1862050691133179900, -0.2487499999999959700 ) ) ;
#320 = DIRECTION ( 'NONE',  ( 4.440892098500624700E-016, 1.000000000000000000, -6.734525253775611300E-048 ) ) ;
#319 = CARTESIAN_POINT ( 'NONE',  ( -0.006107194274704384100, -0.09374999999999990300, -0.4548136131979210200 ) ) ;
#321 = CARTESIAN_POINT ( 'NONE',  ( -0.0000000000000000000, 0.0000000000000000000, -0.05999999999999999800 ) ) ;
#322 = CARTESIAN_POINT ( 'NONE',  ( -0.1621624753043566800, 0.0000000000000000000, -0.4824999999999999800 ) ) ;
#323 = CARTESIAN_POINT ( 'NONE',  ( -3.820996797289505600E-015, 0.09375000000000005600, -0.3649920923196928200 ) ) ;
#324 = VECTOR ( 'NONE', #2991, 39.37007874015748100 ) ;
#325 = EDGE_CURVE ( 'NONE', #168, #1606, #2631, .T. ) ;
#326 = CARTESIAN_POINT ( 'NONE',  ( 0.07479662473937263900, 0.1295482263321884000, -0.5424999999999965400 ) ) ;
#327 = DIRECTION ( 'NONE',  ( -0.0000000000000000000, 1.224646799147351000E-016, -1.000000000000000000 ) ) ;
#328 = FACE_OUTER_BOUND ( 'NONE', #3350, .T. ) ;
#329 = VECTOR ( 'NONE', #290, 39.37007874015748100 ) ;
#330 = CARTESIAN_POINT ( 'NONE',  ( -0.09155855980872192000, 0.02654748822207236800, -0.1035455217805576900 ) ) ;
#331 = ADVANCED_FACE ( 'NONE', ( #3522 ), #2341, .T. ) ;
#332 = FACE_OUTER_BOUND ( 'NONE', #2063, .T. ) ;
#333 = CARTESIAN_POINT ( 'NONE',  ( -0.09375000000000001400, 0.006189672836986592200, -0.4987863011150020000 ) ) ;
#334 = CARTESIAN_POINT ( 'NONE',  ( 0.01941427525126434400, 0.03345902967278834700, -0.7369873477114736700 ) ) ;
#335 = CARTESIAN_POINT ( 'NONE',  ( -0.02249999999999999900, 0.06496393230093142100, 0.0000000000000000000 ) ) ;
#336 = ORIENTED_EDGE ( 'NONE', *, *, #1044, .T. ) ;
#337 = PLANE ( 'NONE',  #841 ) ;
#338 = EDGE_LOOP ( 'NONE', ( #951, #3344, #1488, #1650 ) ) ;
#339 = CARTESIAN_POINT ( 'NONE',  ( -0.03393921605522386800, -0.1258559998863485700, -0.6249999999999951200 ) ) ;
#340 = CARTESIAN_POINT ( 'NONE',  ( 0.05715064114796614100, 0.07456759715864974500, -0.1601564031696123000 ) ) ;
#341 = ORIENTED_EDGE ( 'NONE', *, *, #1933, .T. ) ;
#342 = ORIENTED_EDGE ( 'NONE', *, *, #2354, .F. ) ;
#344 = CARTESIAN_POINT ( 'NONE',  ( -0.01225719186376242700, 0.09314609876002882800, -0.7074237908948326500 ) ) ;
#343 = CARTESIAN_POINT ( 'NONE',  ( -0.03818733996404150000, 6.548023554814788300E-018, -0.7000000000000000700 ) ) ;
#345 = VERTEX_POINT ( 'NONE', #1722 ) ;
#346 = CARTESIAN_POINT ( 'NONE',  ( 0.06617351436309633400, 0.01180387163263096700, -0.03991849451130071600 ) ) ;
#347 = ADVANCED_FACE ( 'NONE', ( #1819 ), #2287, .F. ) ;
#348 = CARTESIAN_POINT ( 'NONE',  ( 0.03937784948327510700, 0.1460933378129451700, -0.5350000000000032500 ) ) ;
#349 = CARTESIAN_POINT ( 'NONE',  ( 0.1266090208885114200, 0.07284317937885062500, -0.5575078740157579600 ) ) ;
#350 = DIRECTION ( 'NONE',  ( -0.0000000000000000000, 1.224646799147351000E-016, -1.000000000000000000 ) ) ;
#351 = AXIS2_PLACEMENT_3D ( 'NONE', #566, #225, #239 ) ;
#352 = CARTESIAN_POINT ( 'NONE',  ( 0.07064425614878761000, 0.06193560537447926500, -0.1659259914662564700 ) ) ;
#353 = VECTOR ( 'NONE', #1483, 39.37007874015748100 ) ;
#355 = CARTESIAN_POINT ( 'NONE',  ( -0.06197196477049373600, 0.07061153965741906500, -0.6913627146601437600 ) ) ;
#354 = DIRECTION ( 'NONE',  ( -0.0000000000000000000, 1.224646799147351000E-016, -1.000000000000000000 ) ) ;
#356 = EDGE_CURVE ( 'NONE', #1674, #1606, #1860, .T. ) ;
#357 = ORIENTED_EDGE ( 'NONE', *, *, #3566, .T. ) ;
#358 = CARTESIAN_POINT ( 'NONE',  ( 0.06496393230093135100, 0.02250000000000022500, 0.0000000000000000000 ) ) ;
#359 = ORIENTED_EDGE ( 'NONE', *, *, #1248, .F. ) ;
#360 = CARTESIAN_POINT ( 'NONE',  ( -0.09998649480239063500, -0.07669824765775989900, -0.6437499999999951600 ) ) ;
#361 = DIRECTION ( 'NONE',  ( 0.0000000000000000000, 0.0000000000000000000, 1.000000000000000000 ) ) ;
#362 = ORIENTED_EDGE ( 'NONE', *, *, #2638, .T. ) ;
#363 = CARTESIAN_POINT ( 'NONE',  ( 0.0000000000000000000, 1.687229755494583700E-033, -1.377727649040769900E-017 ) ) ;
#364 = ADVANCED_FACE ( 'NONE', ( #1779 ), #1261, .T. ) ;
#365 = EDGE_CURVE ( 'NONE', #1198, #2535, #1073, .T. ) ;
#367 = CARTESIAN_POINT ( 'NONE',  ( -0.09128886319163502500, 0.02459037324242312200, -0.6753366975932065800 ) ) ;
#366 = DIRECTION ( 'NONE',  ( 0.0000000000000000000, 1.000000000000000000, 1.224646799147351000E-016 ) ) ;
#368 = CARTESIAN_POINT ( 'NONE',  ( -0.07031367964392351600, 0.09167870110962912700, -0.6887500000000066300 ) ) ;
#369 = VECTOR ( 'NONE', #1966, 39.37007874015748100 ) ;
#370 = CARTESIAN_POINT ( 'NONE',  ( 0.02000000000000012500, -0.01999999999999996600, -1.053580696334676300 ) ) ;
#371 = LINE ( 'NONE', #2737, #1344 ) ;
#372 = FACE_OUTER_BOUND ( 'NONE', #1988, .T. ) ;
#373 = AXIS2_PLACEMENT_3D ( 'NONE', #2614, #398, #922 ) ;
#374 = CARTESIAN_POINT ( 'NONE',  ( -0.06161620413993872800, 0.07065766686910526800, -0.1200000000000000500 ) ) ;
#375 = LINE ( 'NONE', #2988, #2262 ) ;
#376 = ORIENTED_EDGE ( 'NONE', *, *, #1753, .F. ) ;
#377 = DIRECTION ( 'NONE',  ( -1.000000000000000000, 0.0000000000000000000, 0.0000000000000000000 ) ) ;
#378 = CARTESIAN_POINT ( 'NONE',  ( 0.1204703996100286600, -0.06956449259152434900, -0.5874999999999821500 ) ) ;
#379 = CARTESIAN_POINT ( 'NONE',  ( -0.1464170500878596300, -0.1124574890092518700, -0.2787500000000003900 ) ) ;
#380 = ORIENTED_EDGE ( 'NONE', *, *, #2059, .F. ) ;
#381 = ORIENTED_EDGE ( 'NONE', *, *, #3188, .F. ) ;
#382 = CARTESIAN_POINT ( 'NONE',  ( 0.0000000000000000000, 0.0000000000000000000, 0.0000000000000000000 ) ) ;
#383 = CARTESIAN_POINT ( 'NONE',  ( 0.02850058263775276000, 0.1056186619479070600, -0.7099999999999929700 ) ) ;
#384 = DIRECTION ( 'NONE',  ( 0.0000000000000000000, 1.224646799147351000E-016, -1.000000000000000000 ) ) ;
#385 = VERTEX_POINT ( 'NONE', #262 ) ;
#386 = DIRECTION ( 'NONE',  ( -0.0000000000000000000, -1.224646799147351000E-016, 1.000000000000000000 ) ) ;
#387 = ORIENTED_EDGE ( 'NONE', *, *, #1417, .F. ) ;
#388 = ORIENTED_EDGE ( 'NONE', *, *, #839, .F. ) ;
#389 = APPROVAL_DATE_TIME ( #1150, #3336 ) ;
#390 = CARTESIAN_POINT ( 'NONE',  ( -0.01986709226634285300, 0.1526391623934732200, -0.5237499999999971600 ) ) ;
#391 = ORIENTED_EDGE ( 'NONE', *, *, #2768, .F. ) ;
#392 = EDGE_CURVE ( 'NONE', #667, #264, #2900, .T. ) ;
#393 = CARTESIAN_POINT ( 'NONE',  ( -0.1013884250432930800, -0.1318457424925838000, -0.4512499999999716700 ) ) ;
#394 = CARTESIAN_POINT ( 'NONE',  ( -0.01714724043411255300, -0.1301295138236025200, -0.6212500000000227300 ) ) ;
#395 = AXIS2_PLACEMENT_3D ( 'NONE', #1410, #3352, #2462 ) ;
#396 = DIRECTION ( 'NONE',  ( -0.0000000000000000000, 1.224646799147351000E-016, -1.000000000000000000 ) ) ;
#397 = CARTESIAN_POINT ( 'NONE',  ( 0.07280241376520094100, 0.01944874963870273100, -0.5455126522884841100 ) ) ;
#398 = DIRECTION ( 'NONE',  ( -0.0000000000000000000, 1.224646799147351000E-016, -1.000000000000000000 ) ) ;
#399 = ORIENTED_EDGE ( 'NONE', *, *, #765, .T. ) ;
#400 = CARTESIAN_POINT ( 'NONE',  ( -0.06198228494744367800, -0.07060372908351710000, -0.6450154061891328900 ) ) ;
#401 = CARTESIAN_POINT ( 'NONE',  ( -8.046333479063929400E-013, -0.09375000000000005600, -0.2769952553920573800 ) ) ;
#402 = ORIENTED_EDGE ( 'NONE', *, *, #517, .T. ) ;
#403 = PRODUCT_DEFINITION_SHAPE ( 'NONE', 'NONE',  #1955 ) ;
#404 = CARTESIAN_POINT ( 'NONE',  ( -0.09159182550861176600, 0.02000000000000009400, -0.7500000000000001100 ) ) ;
#405 = CARTESIAN_POINT ( 'NONE',  ( 0.1356279192340484900, -0.1042950408770777800, -0.4062499999999988900 ) ) ;
#406 = CARTESIAN_POINT ( 'NONE',  ( -0.01986709226469653100, 0.1526391623928974600, -0.5237500000000132600 ) ) ;
#407 = DIRECTION ( 'NONE',  ( 0.0000000000000000000, 1.000000000000000000, 1.224646799147351000E-016 ) ) ;
#408 = CARTESIAN_POINT ( 'NONE',  ( 0.01059376179073916700, 0.03898678032959021500, -0.6955126522885072300 ) ) ;
#409 = CARTESIAN_POINT ( 'NONE',  ( 0.0000000000000000000, 1.469576158976821200E-017, -0.1200000000000000200 ) ) ;
#410 = FACE_OUTER_BOUND ( 'NONE', #653, .T. ) ;
#411 = EDGE_CURVE ( 'NONE', #1785, #3577, #684, .T. ) ;
#412 = CARTESIAN_POINT ( 'NONE',  ( 0.0000000000000000000, 0.0000000000000000000, -1.053580696334676300 ) ) ;
#413 = DIRECTION ( 'NONE',  ( -0.0000000000000000000, 1.224646799147351000E-016, -1.000000000000000000 ) ) ;
#414 = VECTOR ( 'NONE', #2652, 39.37007874015748100 ) ;
#415 = DIRECTION ( 'NONE',  ( 1.000000000000000000, 0.0000000000000000000, 0.0000000000000000000 ) ) ;
#416 = CIRCLE ( 'NONE', #958, 0.09159182550861176600 ) ;
#417 = EDGE_CURVE ( 'NONE', #2729, #520, #2868, .T. ) ;
#418 = CARTESIAN_POINT ( 'NONE',  ( -0.1095508731764645900, 0.1426348733482915900, -0.3237500000000034200 ) ) ;
#419 = AXIS2_PLACEMENT_3D ( 'NONE', #492, #2795, #2208 ) ;
#420 = CARTESIAN_POINT ( 'NONE',  ( 0.04480594173045227700, -0.01999999999999998700, -1.144934593390643600 ) ) ;
#421 = VECTOR ( 'NONE', #3619, 39.37007874015748100 ) ;
#422 = CARTESIAN_POINT ( 'NONE',  ( 0.1712277156051452400, -0.02246524828796562000, -0.3912500000000065400 ) ) ;
#423 = CARTESIAN_POINT ( 'NONE',  ( -0.09585195171247919100, 0.1249098758731027500, -0.5087500000000032600 ) ) ;
#424 = ORIENTED_EDGE ( 'NONE', *, *, #861, .T. ) ;
#425 = DIRECTION ( 'NONE',  ( 0.0000000000000000000, 1.000000000000000000, 1.224646799147351200E-016 ) ) ;
#426 = CC_DESIGN_APPROVAL ( #219, ( #2924 ) ) ;
#427 = ORIENTED_EDGE ( 'NONE', *, *, #2127, .T. ) ;
#428 = CARTESIAN_POINT ( 'NONE',  ( 0.06683113113367673800, 0.03838935842064492000, -0.5380126522884940400 ) ) ;
#429 = CARTESIAN_POINT ( 'NONE',  ( -0.03393921605753505400, -0.1258559998850145900, -0.6200000000000022200 ) ) ;
#430 = DIRECTION ( 'NONE',  ( -0.0000000000000000000, 1.224646799147351000E-016, -1.000000000000000000 ) ) ;
#431 = CARTESIAN_POINT ( 'NONE',  ( -0.09290306451661922700, 0.07153804305588464000, -0.6762499999999959100 ) ) ;
#432 = ORIENTED_EDGE ( 'NONE', *, *, #2509, .F. ) ;
#433 = CARTESIAN_POINT ( 'NONE',  ( 0.02308436334285711800, 0.1759574061922103400, -0.3462499999999648600 ) ) ;
#434 = EDGE_LOOP ( 'NONE', ( #3259, #3196, #1869, #88, #1508, #2699, #2412 ) ) ;
#435 = CARTESIAN_POINT ( 'NONE',  ( -0.02184613323280073000, -0.1664980250206031000, -0.4362500000000290000 ) ) ;
#436 = VERTEX_POINT ( 'NONE', #1862 ) ;
#437 = CARTESIAN_POINT ( 'NONE',  ( 0.06761104722636579500, -0.1175311941588047100, -0.6025078740157404600 ) ) ;
#438 = CARTESIAN_POINT ( 'NONE',  ( 0.1188281200457245900, 0.1545388029370866900, -0.1812500000000029900 ) ) ;
#439 = VERTEX_POINT ( 'NONE', #197 ) ;
#440 = CARTESIAN_POINT ( 'NONE',  ( -0.01999999999999995900, 0.02000000000000015300, -1.250000000000000000 ) ) ;
#441 = CARTESIAN_POINT ( 'NONE',  ( -0.03295396400880994800, 0.02000000000000014600, -1.167416699481685900 ) ) ;
#442 = EDGE_CURVE ( 'NONE', #520, #3397, #2716, .T. ) ;
#443 = APPROVAL_ROLE ( '' ) ;
#444 = PLANE ( 'NONE',  #2575 ) ;
#445 = CARTESIAN_POINT ( 'NONE',  ( -0.08118988160479113900, -0.04687499999999995800, -0.1289539594504673100 ) ) ;
#446 = ORIENTED_EDGE ( 'NONE', *, *, #2756, .T. ) ;
#447 = CARTESIAN_POINT ( 'NONE',  ( 0.01442738859387240700, 0.1093513766358169700, -0.7112578740157533600 ) ) ;
#448 = CARTESIAN_POINT ( 'NONE',  ( -0.08330374056866782200, -0.1444307794544475200, -0.4525000000000083400 ) ) ;
#449 = CARTESIAN_POINT ( 'NONE',  ( -0.02556082356249459900, 0.1956644502890097200, -0.1637500000000048900 ) ) ;
#450 = CARTESIAN_POINT ( 'NONE',  ( -0.09134370008537377700, -0.02446372197669843800, -0.4553714377595828300 ) ) ;
#451 = EDGE_LOOP ( 'NONE', ( #2603, #608 ) ) ;
#452 = CARTESIAN_POINT ( 'NONE',  ( 0.0000000000000000000, 0.0000000000000000000, 0.0000000000000000000 ) ) ;
#453 = CARTESIAN_POINT ( 'NONE',  ( 0.02426942964286149500, -0.09076282074792496600, -0.2696731599135343500 ) ) ;
#454 = DIRECTION ( 'NONE',  ( -0.0000000000000000000, 1.224646799147351000E-016, -1.000000000000000000 ) ) ;
#455 = CARTESIAN_POINT ( 'NONE',  ( -0.01442738859387247500, 0.1110828879663957000, -0.7037499999999947700 ) ) ;
#456 = CARTESIAN_POINT ( 'NONE',  ( -0.1625566657415794000, -0.02122968655841009700, -0.4787495287053285000 ) ) ;
#457 = VECTOR ( 'NONE', #126, 39.37007874015748100 ) ;
#458 = CARTESIAN_POINT ( 'NONE',  ( 0.0000000000000000000, 1.469576158976821800E-017, -0.1200000000000000500 ) ) ;
#459 = FACE_OUTER_BOUND ( 'NONE', #3085, .T. ) ;
#460 = FACE_OUTER_BOUND ( 'NONE', #568, .T. ) ;
#461 = DIRECTION ( 'NONE',  ( 0.0000000000000000000, 1.000000000000000000, 1.224646799147351000E-016 ) ) ;
#462 = EDGE_CURVE ( 'NONE', #3651, #743, #2674, .T. ) ;
#463 = VECTOR ( 'NONE', #3657, 39.37007874015748100 ) ;
#464 = ORIENTED_EDGE ( 'NONE', *, *, #1156, .F. ) ;
#465 = CARTESIAN_POINT ( 'NONE',  ( -0.08956030781821672200, 0.1554909049612459800, -0.3275000000000016200 ) ) ;
#466 = AXIS2_PLACEMENT_3D ( 'NONE', #847, #1972, #3409 ) ;
#467 = B_SPLINE_CURVE_WITH_KNOTS ( 'NONE', 3,
 ( #1078, #2223, #1358, #3062, #3075, #1658, #3102, #2763, #3622, #1371 ),
 .UNSPECIFIED., .F., .F.,
 ( 4, 2, 2, 2, 4 ),
 ( 0.008984607066466650200, 0.009471782625110850000, 0.009958958183755051500, 0.01093330930104344200, 0.01288201153562022400 ),
 .UNSPECIFIED. ) ;
#468 = CARTESIAN_POINT ( 'NONE',  ( 4.778036518924466700E-014, -0.09374999999999995800, -0.4170110707524127300 ) ) ;
#469 = CARTESIAN_POINT ( 'NONE',  ( 0.03128686735692364600, -0.05438562264285133600, -0.3950000000000302200 ) ) ;
#470 = EDGE_LOOP ( 'NONE', ( #376, #2075, #2320, #1364 ) ) ;
#471 = ORIENTED_EDGE ( 'NONE', *, *, #2913, .F. ) ;
#472 = CARTESIAN_POINT ( 'NONE',  ( -0.09375299296689521000, -0.006068044738050097500, -0.2771107859660203500 ) ) ;
#473 = CARTESIAN_POINT ( 'NONE',  ( -0.07488437797780961300, 0.05770999421689116500, -0.1633708468761663800 ) ) ;
#475 = CARTESIAN_POINT ( 'NONE',  ( 0.0000000000000000000, 1.469576158976821200E-017, -0.1200000000000000200 ) ) ;
#474 = CARTESIAN_POINT ( 'NONE',  ( 0.05050495001344540400, -0.01999999999999998700, -1.133579302811009700 ) ) ;
#476 = ORIENTED_EDGE ( 'NONE', *, *, #3441, .T. ) ;
#477 = ORIENTED_EDGE ( 'NONE', *, *, #3148, .T. ) ;
#478 = ORIENTED_EDGE ( 'NONE', *, *, #3238, .T. ) ;
#479 = CARTESIAN_POINT ( 'NONE',  ( 0.0000000000000000000, 9.184850993605133600E-017, -0.7500000000000001100 ) ) ;
#480 = CARTESIAN_POINT ( 'NONE',  ( 0.1188281200452658600, 0.1545388029398131700, -0.1862500000000024100 ) ) ;
#481 = EDGE_CURVE ( 'NONE', #2411, #2649, #2975, .T. ) ;
#482 = CARTESIAN_POINT ( 'NONE',  ( -0.08894069000529525300, 0.03026411670938010000, -0.2886087840606627000 ) ) ;
#483 = AXIS2_PLACEMENT_3D ( 'NONE', #3134, #1456, #1724 ) ;
#484 = CARTESIAN_POINT ( 'NONE',  ( 0.04157535204025109700, 0.08425272120544082000, -0.2018410219353514700 ) ) ;
#485 = VERTEX_POINT ( 'NONE', #3313 ) ;
#486 = CARTESIAN_POINT ( 'NONE',  ( -0.1149999999999998900, -0.02250000000000040200, 0.0000000000000000000 ) ) ;
#487 = CARTESIAN_POINT ( 'NONE',  ( 0.06515347503384900900, 0.08459527081001684500, -0.7212500000000277000 ) ) ;
#489 = CARTESIAN_POINT ( 'NONE',  ( 1.322641681816972000E-016, -0.09374999999999994400, -1.250000000000000000 ) ) ;
#488 = DIRECTION ( 'NONE',  ( 1.000000000000000000, 0.0000000000000000000, 0.0000000000000000000 ) ) ;
#490 = VERTEX_POINT ( 'NONE', #3294 ) ;
#491 = AXIS2_PLACEMENT_3D ( 'NONE', #2342, #1208, #63 ) ;
#492 = CARTESIAN_POINT ( 'NONE',  ( 0.0000000000000000000, 0.0000000000000000000, -1.053580696334676300 ) ) ;
#493 = CARTESIAN_POINT ( 'NONE',  ( 0.07479662473775800000, 0.1295482263333980200, -0.5375000000000133000 ) ) ;
#494 = CARTESIAN_POINT ( 'NONE',  ( -0.2000000000000000100, -0.0000000000000000000, -0.1175000000000000100 ) ) ;
#495 = CARTESIAN_POINT ( 'NONE',  ( 0.04408599571782684900, 0.07638741117973843500, -0.2050000000000004900 ) ) ;
#496 = CARTESIAN_POINT ( 'NONE',  ( 0.02556082356249457200, 0.1948761685370751200, -0.1712499999999951600 ) ) ;
#497 = CARTESIAN_POINT ( 'NONE',  ( -0.05717213760344506300, -0.07455020292228975400, -0.2521681637762900300 ) ) ;
#498 = DIRECTION ( 'NONE',  ( 0.0000000000000000000, 1.000000000000000000, 0.0000000000000000000 ) ) ;
#499 = LINE ( 'NONE', #3592, #3245 ) ;
#500 = CARTESIAN_POINT ( 'NONE',  ( -0.01999999999999995900, 0.09159182550861190400, -0.7500000000000001100 ) ) ;
#501 = CARTESIAN_POINT ( 'NONE',  ( 0.1095186519195739300, -0.08430717910263241200, -0.5862499999999919400 ) ) ;
#502 = LINE ( 'NONE', #3307, #2585 ) ;
#503 = LINE ( 'NONE', #2263, #2261 ) ;
#505 = CARTESIAN_POINT ( 'NONE',  ( -0.09374999999999997200, -0.0000000000000000000, -0.1450000000000000200 ) ) ;
#504 = CARTESIAN_POINT ( 'NONE',  ( 0.0000000000000000000, 0.0000000000000000000, 0.0000000000000000000 ) ) ;
#506 = CARTESIAN_POINT ( 'NONE',  ( -0.04631830996333079200, 0.1725490969234753400, -0.3399999999999983600 ) ) ;
#507 = LINE ( 'NONE', #767, #421 ) ;
#508 = CARTESIAN_POINT ( 'NONE',  ( -0.06433236043972569200, -0.1113925728914412800, -0.6275000000000040500 ) ) ;
#509 = CARTESIAN_POINT ( 'NONE',  ( 0.05388809468471155600, 0.04134866826433016700, -0.3462499999999639800 ) ) ;
#510 = CARTESIAN_POINT ( 'NONE',  ( 0.07225467192477982900, -0.04170403376802175200, -0.2500000000000004400 ) ) ;
#511 = CARTESIAN_POINT ( 'NONE',  ( -0.08191661383206708100, -0.04720216035533493500, -0.6360829592437113900 ) ) ;
#512 = CARTESIAN_POINT ( 'NONE',  ( -0.05127025596454475000, 0.1909754545330620600, -0.1600000000000037800 ) ) ;
#513 = VERTEX_POINT ( 'NONE', #3554 ) ;
#514 = CLOSED_SHELL ( 'NONE', ( #2862, #331, #866, #2625, #1193, #935, #1705, #2882, #3129, #2278, #1207, #269, #1980, #2576, #3172, #56, #1713, #1444, #1744, #1468, #3382, #2550, #3436, #2032, #1411, #3460, #2017, #862, #1495, #630, #311, #643, #1958, #3442, #2310, #2295, #53, #613, #364, #3455, #2917, #923, #2058, #3401, #888, #33, #38, #885, #3424, #1223, #2901, #1188, #3490, #2569, #3191, #2593, #595, #2042, #2607, #900, #3420, #1166, #1727, #1463, #68, #1764, #3474, #1997, #291, #347, #1171, #825, #2324, #1481 ) ) ;
#515 = CARTESIAN_POINT ( 'NONE',  ( 0.006118656870360023700, -0.09374999999999678000, -0.4150997317932147400 ) ) ;
#516 = DIRECTION ( 'NONE',  ( 0.0000000000000000000, 0.0000000000000000000, 1.000000000000000000 ) ) ;
#517 = EDGE_CURVE ( 'NONE', #439, #123, #2813, .T. ) ;
#518 = AXIS2_PLACEMENT_3D ( 'NONE', #1492, #1226, #3203 ) ;
#519 = CARTESIAN_POINT ( 'NONE',  ( 0.1359746688489682200, -0.03665853277019259800, -0.5749999999999947400 ) ) ;
#520 = VERTEX_POINT ( 'NONE', #717 ) ;
#521 = CARTESIAN_POINT ( 'NONE',  ( 4.055086865595390600E-017, -0.09374999999999995800, -0.4529889292475724500 ) ) ;
#522 = CARTESIAN_POINT ( 'NONE',  ( -0.1940070266074578600, 0.05219091158253099500, -0.1299999999999999800 ) ) ;
#523 = CARTESIAN_POINT ( 'NONE',  ( -0.1197404452283414200, 0.01578731451504481600, -0.6612499999999755800 ) ) ;
#524 = DIRECTION ( 'NONE',  ( -0.0000000000000000000, -1.224646799147351000E-016, 1.000000000000000000 ) ) ;
#525 = CARTESIAN_POINT ( 'NONE',  ( -0.09375350724321976400, 0.006066463401977460200, -0.6537571984722575500 ) ) ;
#526 = VECTOR ( 'NONE', #524, 39.37007874015748100 ) ;
#527 = CARTESIAN_POINT ( 'NONE',  ( -0.07443709678053235500, 0.009795386027511995800, -0.2787500000000018300 ) ) ;
#528 = CARTESIAN_POINT ( 'NONE',  ( 0.08898639206172015400, 0.03013892620015520500, -0.3614486306986949800 ) ) ;
#529 = APPROVAL_DATE_TIME ( #1285, #2181 ) ;
#530 = CARTESIAN_POINT ( 'NONE',  ( -0.04352500607367382900, -0.1617609007882748800, -0.4449999999999915700 ) ) ;
#531 = EDGE_CURVE ( 'NONE', #2637, #3651, #3396, .T. ) ;
#532 = DIRECTION ( 'NONE',  ( -0.0000000000000000000, 1.224646799147351000E-016, -1.000000000000000000 ) ) ;
#533 = CARTESIAN_POINT ( 'NONE',  ( -0.1562120067756180300, 0.04209716620143896800, -0.4850000000000342900 ) ) ;
#534 =( BOUNDED_CURVE ( )  B_SPLINE_CURVE ( 3, ( #313, #2845, #1143, #851 ),
 .UNSPECIFIED., .F., .T. ) 
 B_SPLINE_CURVE_WITH_KNOTS ( ( 4, 4 ),
 ( 4.645462866105246400, 4.886857440586710200 ),
 .UNSPECIFIED. ) 
 CURVE ( )  GEOMETRIC_REPRESENTATION_ITEM ( )  RATIONAL_B_SPLINE_CURVE ( ( 1.000000000000000000, 0.9951499471396296800, 0.9951499471396296800, 1.000000000000000000 ) ) 
 REPRESENTATION_ITEM ( '' )  );
#536 = DIRECTION ( 'NONE',  ( -0.2505628070857321400, 0.2505628070857321400, 0.9351131265310291800 ) ) ;
#535 = CARTESIAN_POINT ( 'NONE',  ( 0.06102811306302086100, 0.07147759286721246100, -0.7202525836956710200 ) ) ;
#537 = DIRECTION ( 'NONE',  ( 0.1929851364164162400, 0.3636687567263656700, -0.9113186997441876700 ) ) ;
#538 = ORIENTED_EDGE ( 'NONE', *, *, #2011, .F. ) ;
#539 = CARTESIAN_POINT ( 'NONE',  ( 0.1513581657064579600, 0.08717834586268766200, -0.3775000000000151000 ) ) ;
#540 = CARTESIAN_POINT ( 'NONE',  ( 0.06875000000000000600, 0.0000000000000000000, 0.0000000000000000000 ) ) ;
#541 = CARTESIAN_POINT ( 'NONE',  ( -0.06678384041232234000, -0.03843275320625674100, -0.2599999999999932900 ) ) ;
#542 = CARTESIAN_POINT ( 'NONE',  ( -0.1431922727181289300, 0.1101082725425780000, -0.3212499999999746700 ) ) ;
#543 = ORIENTED_EDGE ( 'NONE', *, *, #1500, .T. ) ;
#544 = CARTESIAN_POINT ( 'NONE',  ( -0.1583209796781268300, 0.1217347358777297500, -0.1412500000000015100 ) ) ;
#545 = CARTESIAN_POINT ( 'NONE',  ( -0.1312883431270718300, -0.1008310256777817200, -0.4637500000000281400 ) ) ;
#546 = CARTESIAN_POINT ( 'NONE',  ( -0.03393921605753505400, -0.1258559998850145900, -0.6200000000000022200 ) ) ;
#547 = CARTESIAN_POINT ( 'NONE',  ( 0.09397166849228101600, 0.001479520026073339700, -0.7457431633862062800 ) ) ;
#548 = CC_DESIGN_SECURITY_CLASSIFICATION ( #2924, ( #1135 ) ) ;
#549 = B_SPLINE_CURVE_WITH_KNOTS ( 'NONE', 3,
 ( #147, #124, #2376, #3278 ),
 .UNSPECIFIED., .F., .F.,
 ( 4, 4 ),
 ( 0.001837850158547101300, 0.002005946578706118400 ),
 .UNSPECIFIED. ) ;
#550 = EDGE_CURVE ( 'NONE', #579, #2307, #375, .T. ) ;
#551 = CARTESIAN_POINT ( 'NONE',  ( -0.07068337497815181700, 0.06189468464237313900, -0.6734209665948091000 ) ) ;
#552 = VECTOR ( 'NONE', #2925, 39.37007874015747400 ) ;
#553 = CARTESIAN_POINT ( 'NONE',  ( -0.07335637773641016900, 0.05643914681905401500, -0.1137499999999936300 ) ) ;
#554 = CARTESIAN_POINT ( 'NONE',  ( -0.09676291639474725300, 1.108132071686412300E-019, -0.09563802935418178100 ) ) ;
#555 = CARTESIAN_POINT ( 'NONE',  ( -0.08330374056866782200, -0.1444307794544475200, -0.4525000000000083400 ) ) ;
#556 = FACE_OUTER_BOUND ( 'NONE', #1130, .T. ) ;
#557 = CARTESIAN_POINT ( 'NONE',  ( -0.03609283595444548500, -0.04688114057985175900, -0.4787499999999947900 ) ) ;
#558 = VECTOR ( 'NONE', #2293, 39.37007874015748100 ) ;
#559 = CARTESIAN_POINT ( 'NONE',  ( 0.1679425075214605300, 0.04508032346317628800, -0.3849999999999849100 ) ) ;
#561 = CARTESIAN_POINT ( 'NONE',  ( -0.04152295507248383900, 0.08427564828550146400, -0.4964538972266369100 ) ) ;
#560 = CARTESIAN_POINT ( 'NONE',  ( 0.02457089193983871800, -0.09129397371921990600, -0.4456451897172785700 ) ) ;
#562 = LINE ( 'NONE', #2691, #1911 ) ;
#563 = ORIENTED_EDGE ( 'NONE', *, *, #1796, .T. ) ;
#564 = CARTESIAN_POINT ( 'NONE',  ( 0.03228134405035119200, 0.004112290806227117400, -0.7292626522884768600 ) ) ;
#565 = EDGE_CURVE ( 'NONE', #297, #743, #1178, .T. ) ;
#566 = CARTESIAN_POINT ( 'NONE',  ( 0.0000000000000000000, 0.0000000000000000000, -0.7000000000000000700 ) ) ;
#567 = CARTESIAN_POINT ( 'NONE',  ( 0.09075567116230134900, 0.02428924617714043800, -0.5495539512442226800 ) ) ;
#568 = EDGE_LOOP ( 'NONE', ( #3180, #2243, #1843 ) ) ;
#569 = CARTESIAN_POINT ( 'NONE',  ( -0.05591247530435661900, -2.738921356555430500E-017, -0.5050000000000000000 ) ) ;
#570 = EDGE_LOOP ( 'NONE', ( #2463, #1801, #1861, #726 ) ) ;
#571 = CARTESIAN_POINT ( 'NONE',  ( 0.05095292508103167100, 0.1894004372044988100, -0.1699999999999925500 ) ) ;
#573 = PLANE ( 'NONE',  #1896 ) ;
#572 = CARTESIAN_POINT ( 'NONE',  ( 0.01231209196790615000, 0.09314077842694885900, -0.3686698427582658600 ) ) ;
#574 = B_SPLINE_CURVE_WITH_KNOTS ( 'NONE', 3,
 ( #2401, #1820, #730, #2095, #3564, #169, #3009, #3288, #696, #763, #1598, #1892, #2728, #528, #1624, #3031, #781, #228, #3616, #2442, #3590, #1910, #2757, #1045, #215, #2742, #2189, #1329, #1338, #1059, #515, #3069 ),
 .UNSPECIFIED., .F., .F.,
 ( 4, 2, 2, 2, 2, 2, 2, 2, 2, 2, 2, 2, 2, 2, 2, 4 ),
 ( 0.01738184790222653200, 0.01786935307552266200, 0.01835685824881879200, 0.01884436342211492200, 0.01933186859541104900, 0.01981937376870717900, 0.02030687894200330900, 0.02079438411529943900, 0.02128188928859556900, 0.02176939446189169900, 0.02225689963518783000, 0.02274440480848396000, 0.02323190998178009000, 0.02420692032837234700, 0.02469442550166847700, 0.02518193067496460300 ),
 .UNSPECIFIED. ) ;
#575 = CARTESIAN_POINT ( 'NONE',  ( 0.04034280377374070000, 0.06977033657959667800, -0.5569873477115073700 ) ) ;
#576 = CARTESIAN_POINT ( 'NONE',  ( -0.09374664037790035600, 0.006197501406749414800, -0.3228453345604813100 ) ) ;
#577 = ORIENTED_EDGE ( 'NONE', *, *, #3506, .T. ) ;
#578 = ORIENTED_EDGE ( 'NONE', *, *, #1439, .F. ) ;
#579 = VERTEX_POINT ( 'NONE', #1310 ) ;
#580 = CARTESIAN_POINT ( 'NONE',  ( 0.08778823013116178500, 0.03477818984692887500, -0.7435254870012306700 ) ) ;
#581 = CARTESIAN_POINT ( 'NONE',  ( -0.08956030782101950800, 0.1554909049607675100, -0.3325000000000086200 ) ) ;
#582 = ORIENTED_EDGE ( 'NONE', *, *, #3027, .F. ) ;
#583 = CARTESIAN_POINT ( 'NONE',  ( -0.04631830996349803300, 0.1725490969235354800, -0.3350000000000048500 ) ) ;
#585 = DIRECTION ( 'NONE',  ( 1.000000000000000000, 0.0000000000000000000, -0.0000000000000000000 ) ) ;
#584 = DIRECTION ( 'NONE',  ( 1.000000000000000000, 0.0000000000000000000, 0.0000000000000000000 ) ) ;
#586 = ORIENTED_EDGE ( 'NONE', *, *, #2290, .T. ) ;
#587 = CARTESIAN_POINT ( 'NONE',  ( 0.04157187274674050600, 0.08425332470871070600, -0.5522790964533320600 ) ) ;
#588 = CARTESIAN_POINT ( 'NONE',  ( -0.1261342393137078200, 0.09707631515094379500, -0.5012500000000031900 ) ) ;
#589 = CARTESIAN_POINT ( 'NONE',  ( -0.01180387163263074000, 0.06617351436309638900, -0.03991849451130071600 ) ) ;
#590 = ORIENTED_EDGE ( 'NONE', *, *, #2087, .F. ) ;
#591 = CARTESIAN_POINT ( 'NONE',  ( -0.08136866907260192900, 0.04696774932437815200, -0.3356535831532241300 ) ) ;
#592 = EDGE_CURVE ( 'NONE', #2131, #2104, #3211, .T. ) ;
#593 = CARTESIAN_POINT ( 'NONE',  ( 0.04338960627991454000, 0.08386380174023164200, -0.7240126775812443200 ) ) ;
#594 = CARTESIAN_POINT ( 'NONE',  ( -0.1150000000000000700, 0.02249999999999959700, 0.0000000000000000000 ) ) ;
#595 = ADVANCED_FACE ( 'NONE', ( #2428 ), #183, .F. ) ;
#596 = CARTESIAN_POINT ( 'NONE',  ( 0.04600097907690213500, 0.1709740795918295000, -0.3499999999999977000 ) ) ;
#597 = CARTESIAN_POINT ( 'NONE',  ( 0.1847938478031771200, -0.04971493858054559100, -0.2150000000000068500 ) ) ;
#598 = LINE ( 'NONE', #3209, #2159 ) ;
#600 = CARTESIAN_POINT ( 'NONE',  ( 0.0000000000000000000, 2.449293598294705200E-018, -0.02000000000000002500 ) ) ;
#599 = CARTESIAN_POINT ( 'NONE',  ( -0.01227335792796433400, -0.09314724402874979800, -0.4566549545321068000 ) ) ;
#601 = CARTESIAN_POINT ( 'NONE',  ( 0.08134760877806333800, 0.04700445587593620600, -0.5683126648391734200 ) ) ;
#602 = CIRCLE ( 'NONE', #2817, 0.09374999999999998600 ) ;
#603 = CARTESIAN_POINT ( 'NONE',  ( -0.02269296201518107200, 0.03959765091993717300, -0.7069873477115181700 ) ) ;
#604 = CIRCLE ( 'NONE', #466, 0.06613034342548929100 ) ;
#605 = CARTESIAN_POINT ( 'NONE',  ( 0.02249999999999999900, -0.06496393230093142100, 0.0000000000000000000 ) ) ;
#606 = VECTOR ( 'NONE', #2400, 39.37007874015748100 ) ;
#607 = CARTESIAN_POINT ( 'NONE',  ( -0.01986709226634285300, 0.1526391623934732200, -0.5237499999999971600 ) ) ;
#608 = ORIENTED_EDGE ( 'NONE', *, *, #268, .F. ) ;
#609 = CARTESIAN_POINT ( 'NONE',  ( 0.04879428296477996600, -0.1817622757284637100, -0.2450000000000234200 ) ) ;
#611 = CARTESIAN_POINT ( 'NONE',  ( -0.07952014935487580800, 0.05070924483283034700, -0.1116887543397752400 ) ) ;
#610 = CARTESIAN_POINT ( 'NONE',  ( 0.0000000000000000000, 0.0000000000000000000, 0.0000000000000000000 ) ) ;
#612 = CARTESIAN_POINT ( 'NONE',  ( 1.148106374200643400E-017, -0.09374999999999998600, -1.148106374200641400E-017 ) ) ;
#613 = ADVANCED_FACE ( 'NONE', ( #332 ), #2564, .T. ) ;
#614 = CARTESIAN_POINT ( 'NONE',  ( -0.1612964733978184700, 0.02123305377953268700, -0.4862510661528516900 ) ) ;
#615 = ORIENTED_EDGE ( 'NONE', *, *, #298, .T. ) ;
#616 = CARTESIAN_POINT ( 'NONE',  ( -0.03019835317150898500, -0.08896539047640858500, -0.2861585987650063200 ) ) ;
#617 = CARTESIAN_POINT ( 'NONE',  ( 0.1166020821851994800, 0.08946738369254699000, -0.5537499999999916400 ) ) ;
#618 = CARTESIAN_POINT ( 'NONE',  ( 0.08428408372847193100, 0.04150469187555452100, -0.1735999960073720800 ) ) ;
#619 = CONICAL_SURFACE ( 'NONE', #152, 0.02828427124746187000, 0.04363323129985833400 ) ;
#620 = PERSON_AND_ORGANIZATION ( #822, #3004 ) ;
#622 = CARTESIAN_POINT ( 'NONE',  ( -0.09510969043219522100, 0.01356162123641189300, -0.09957993315840044100 ) ) ;
#621 = DIRECTION ( 'NONE',  ( 0.9659258262890682000, 0.0000000000000000000, -0.2588190451025213500 ) ) ;
#623 = DIRECTION ( 'NONE',  ( 0.0000000000000000000, -0.0000000000000000000, -1.000000000000000000 ) ) ;
#624 = CARTESIAN_POINT ( 'NONE',  ( 0.01091192028622164700, 0.08249517570957981500, -0.5457373477115135000 ) ) ;
#625 = CARTESIAN_POINT ( 'NONE',  ( -0.1116669123431089200, -0.04687499999999997200, -0.1175000000000000100 ) ) ;
#626 = CARTESIAN_POINT ( 'NONE',  ( -0.08898976274645510600, -0.03013403917893367500, -0.3118508655931301300 ) ) ;
#627 = EDGE_LOOP ( 'NONE', ( #870, #170, #2056, #1879 ) ) ;
#628 = CARTESIAN_POINT ( 'NONE',  ( 0.1422500937877777800, 0.01850716635242317600, -0.5687500000000046400 ) ) ;
#629 = CARTESIAN_POINT ( 'NONE',  ( 0.04156046664920991200, -0.08425842380791935500, -0.2195824213756868700 ) ) ;
#630 = ADVANCED_FACE ( 'NONE', ( #284 ), #860, .T. ) ;
#631 = EDGE_CURVE ( 'NONE', #1746, #3428, #1306, .T. ) ;
#632 = DIRECTION ( 'NONE',  ( 0.0000000000000000000, 1.224646799147351000E-016, -1.000000000000000000 ) ) ;
#633 = CARTESIAN_POINT ( 'NONE',  ( 0.006423048454132595900, -0.06581767824930485900, -0.05999999999999999800 ) ) ;
#634 = CARTESIAN_POINT ( 'NONE',  ( -0.03393921605522386800, -0.1258559998863485700, -0.6249999999999951200 ) ) ;
#635 = CARTESIAN_POINT ( 'NONE',  ( 0.1359746688489682200, -0.03665853277019259800, -0.5800078740157427200 ) ) ;
#636 = CARTESIAN_POINT ( 'NONE',  ( 0.1095186519210537100, -0.08430717910094694100, -0.5912499999999920600 ) ) ;
#637 = DIRECTION ( 'NONE',  ( 0.0000000000000000000, 1.000000000000000000, 0.0000000000000000000 ) ) ;
#638 = FACE_OUTER_BOUND ( 'NONE', #259, .T. ) ;
#640 = CARTESIAN_POINT ( 'NONE',  ( -0.006170616754337959600, 0.09375000000006869500, -0.7091937423647714000 ) ) ;
#639 = CARTESIAN_POINT ( 'NONE',  ( 1.322641681816972000E-016, -0.09374999999999994400, -1.250000000000000000 ) ) ;
#641 = VECTOR ( 'NONE', #1127, 39.37007874015748100 ) ;
#642 = CARTESIAN_POINT ( 'NONE',  ( -0.09071783321632102800, 0.02443620769923392200, -0.5041584163270395000 ) ) ;
#643 = ADVANCED_FACE ( 'NONE', ( #1693 ), #2825, .T. ) ;
#644 = CARTESIAN_POINT ( 'NONE',  ( 0.06316334592153502500, -0.07017839670899540800, -0.7765016317148369900 ) ) ;
#645 = VECTOR ( 'NONE', #835, 39.37007874015748100 ) ;
#646 = CARTESIAN_POINT ( 'NONE',  ( 0.0000000000000000000, 0.0000000000000000000, -1.053580696334676300 ) ) ;
#647 = ORIENTED_EDGE ( 'NONE', *, *, #1872, .F. ) ;
#648 = CARTESIAN_POINT ( 'NONE',  ( -0.04007488712297077600, 0.1495529643692092800, -0.5200000000000019100 ) ) ;
#649 = DIRECTION ( 'NONE',  ( 0.0000000000000000000, -1.224646799147351000E-016, 1.000000000000000000 ) ) ;
#650 = ORIENTED_EDGE ( 'NONE', *, *, #2803, .T. ) ;
#651 = DIRECTION ( 'NONE',  ( 0.0000000000000000000, 1.000000000000000000, 0.0000000000000000000 ) ) ;
#652 = ORIENTED_EDGE ( 'NONE', *, *, #2621, .T. ) ;
#653 = EDGE_LOOP ( 'NONE', ( #1986, #1446, #3309, #1307, #2920, #381, #1700 ) ) ;
#654 = CARTESIAN_POINT ( 'NONE',  ( 0.09159182550861196000, -0.02000000000000000000, -1.250000000000000000 ) ) ;
#655 = EDGE_CURVE ( 'NONE', #999, #2066, #2926, .T. ) ;
#656 = DIRECTION ( 'NONE',  ( 2.220446049250312600E-016, 1.000000000000000000, 0.0000000000000000000 ) ) ;
#657 = CARTESIAN_POINT ( 'NONE',  ( -0.03587994867740750700, -0.04650367021047103300, -0.6167626522885175700 ) ) ;
#658 = ORIENTED_EDGE ( 'NONE', *, *, #295, .F. ) ;
#659 = ORIENTED_EDGE ( 'NONE', *, *, #392, .F. ) ;
#660 = FACE_OUTER_BOUND ( 'NONE', #709, .T. ) ;
#661 = ORIENTED_EDGE ( 'NONE', *, *, #3092, .T. ) ;
#662 = DIRECTION ( 'NONE',  ( 0.0000000000000000000, 1.000000000000000000, 0.0000000000000000000 ) ) ;
#663 = ORIENTED_EDGE ( 'NONE', *, *, #793, .T. ) ;
#664 = CARTESIAN_POINT ( 'NONE',  ( 0.008060204332223180900, 0.1005602043322231800, -0.05389005108305591100 ) ) ;
#665 = CARTESIAN_POINT ( 'NONE',  ( -0.02556082356042557000, 0.1956644502871050800, -0.1587499999999967300 ) ) ;
#666 = ORIENTED_EDGE ( 'NONE', *, *, #1894, .T. ) ;
#667 = VERTEX_POINT ( 'NONE', #1703 ) ;
#668 = DIRECTION ( 'NONE',  ( -1.000000000000000000, 0.0000000000000000000, 0.0000000000000000000 ) ) ;
#669 = CARTESIAN_POINT ( 'NONE',  ( 0.09896230804620261000, -0.01306746266798629800, -0.7512500000000124100 ) ) ;
#670 = DIRECTION ( 'NONE',  ( -0.0000000000000000000, 1.224646799147351000E-016, -1.000000000000000000 ) ) ;
#671 = CARTESIAN_POINT ( 'NONE',  ( 1.042145333473934100E-012, 0.09375000000000009700, -0.7109871574287723900 ) ) ;
#672 = AXIS2_PLACEMENT_3D ( 'NONE', #1034, #532, #3059 ) ;
#673 = CARTESIAN_POINT ( 'NONE',  ( -0.1197404452280691600, 0.01578731451860123500, -0.6662500000000054500 ) ) ;
#674 = LINE ( 'NONE', #1679, #3205 ) ;
#675 = CARTESIAN_POINT ( 'NONE',  ( -0.1095508731764645900, 0.1426348733482915900, -0.3237500000000034200 ) ) ;
#676 = CARTESIAN_POINT ( 'NONE',  ( -0.1214719565753055500, -0.01578731451545267400, -0.6587578740157741300 ) ) ;
#677 = CYLINDRICAL_SURFACE ( 'NONE', #672, 0.09374999999999998600 ) ;
#678 = CYLINDRICAL_SURFACE ( 'NONE', #1419, 0.09374999999999998600 ) ;
#679 = CARTESIAN_POINT ( 'NONE',  ( 0.02249999999999999900, 0.1149999999999999900, -0.05999999999999999800 ) ) ;
#680 = CC_DESIGN_PERSON_AND_ORGANIZATION_ASSIGNMENT ( #3538, #2997, ( #1135 ) ) ;
#681 = CARTESIAN_POINT ( 'NONE',  ( 0.05917970740083407900, -0.07311571244257911200, -0.7730002408710045000 ) ) ;
#682 = DIRECTION ( 'NONE',  ( 0.0000000000000000000, -1.000000000000000000, -1.224646799147351000E-016 ) ) ;
#683 = EDGE_CURVE ( 'NONE', #1916, #2877, #2760, .T. ) ;
#684 = LINE ( 'NONE', #3598, #1397 ) ;
#685 = CARTESIAN_POINT ( 'NONE',  ( -0.03021126630664066100, -0.08896242120744110600, -0.6343047800852436000 ) ) ;
#686 = CARTESIAN_POINT ( 'NONE',  ( 0.01220280380101628600, -0.09315571063924994700, -0.2733483905816985700 ) ) ;
#687 = ORIENTED_EDGE ( 'NONE', *, *, #2227, .F. ) ;
#688 = CARTESIAN_POINT ( 'NONE',  ( -0.1090374753043566500, -5.341295804743557700E-017, -0.4937500000000000200 ) ) ;
#689 = CARTESIAN_POINT ( 'NONE',  ( -0.1211773365098748200, 0.1577635803074458600, -0.1437499999999957400 ) ) ;
#690 = CARTESIAN_POINT ( 'NONE',  ( -0.02919762029080394700, 0.1090782885511495000, -0.7000078740157598100 ) ) ;
#691 = ORIENTED_EDGE ( 'NONE', *, *, #3301, .F. ) ;
#692 = ORIENTED_EDGE ( 'NONE', *, *, #2004, .T. ) ;
#693 = CARTESIAN_POINT ( 'NONE',  ( -0.1023147461728469400, 0.05910022829194611100, -0.6774999999999961100 ) ) ;
#694 = CARTESIAN_POINT ( 'NONE',  ( 0.01442738859332182000, 0.1093513766363288600, -0.7062500000000000400 ) ) ;
#695 = CARTESIAN_POINT ( 'NONE',  ( 0.07479662473709700100, 0.1295482263312320000, -0.5374999999999597900 ) ) ;
#696 = CARTESIAN_POINT ( 'NONE',  ( 0.06194291377602165200, 0.07064289671103453300, -0.3460869921790659100 ) ) ;
#697 = CARTESIAN_POINT ( 'NONE',  ( -0.07065376880131246700, -0.06192523848945170900, -0.6485810303210649600 ) ) ;
#698 = CARTESIAN_POINT ( 'NONE',  ( 0.05762919166358618900, -0.07494747154877683100, -0.2586548147754626500 ) ) ;
#699 = LINE ( 'NONE', #2770, #1003 ) ;
#700 = CARTESIAN_POINT ( 'NONE',  ( 0.1712277156051452400, -0.02246524828796562000, -0.3912500000000065400 ) ) ;
#701 = APPROVAL_DATE_TIME ( #44, #219 ) ;
#702 = DIRECTION ( 'NONE',  ( -0.0000000000000000000, 0.0000000000000000000, -1.000000000000000000 ) ) ;
#703 = EDGE_CURVE ( 'NONE', #2137, #2612, #105, .T. ) ;
#704 = CARTESIAN_POINT ( 'NONE',  ( 0.1072016567107817700, 0.1394100959753512000, -0.3612499999999981800 ) ) ;
#705 = CARTESIAN_POINT ( 'NONE',  ( -0.04007488712545801600, 0.1495529643711137300, -0.5200000000000015700 ) ) ;
#706 = CARTESIAN_POINT ( 'NONE',  ( -0.1583209796775054400, 0.1217347358801002100, -0.1362499999999936300 ) ) ;
#707 = CARTESIAN_POINT ( 'NONE',  ( 0.06069250985351984400, -0.03511067163878874700, -0.5680126522885060600 ) ) ;
#708 = CARTESIAN_POINT ( 'NONE',  ( 0.01986709226469651400, 0.1509076510145122600, -0.5262499999999866700 ) ) ;
#709 = EDGE_LOOP ( 'NONE', ( #1887, #478, #2847, #391, #1998 ) ) ;
#710 = CARTESIAN_POINT ( 'NONE',  ( -0.04557863905847851800, 0.07918205818176864100, -0.1749999999999963000 ) ) ;
#711 = CARTESIAN_POINT ( 'NONE',  ( 1.711831278850983100E-016, 1.711831278850982800E-016, -1.397816317360098800 ) ) ;
#712 = CARTESIAN_POINT ( 'NONE',  ( 0.1006938193548321500, 0.01306746266872045200, -0.7437499999999945800 ) ) ;
#713 = CARTESIAN_POINT ( 'NONE',  ( 0.1072016567107817700, 0.1394100959753512000, -0.3612499999999981800 ) ) ;
#714 = CARTESIAN_POINT ( 'NONE',  ( -0.08330374056574210700, -0.1444307794560929200, -0.4475000000000092200 ) ) ;
#715 = CARTESIAN_POINT ( 'NONE',  ( 0.1359746688489682200, -0.03665853277019259800, -0.5799999999999947400 ) ) ;
#716 = CARTESIAN_POINT ( 'NONE',  ( -0.02184613323604153400, -0.1664980250197960800, -0.4412500000000235100 ) ) ;
#717 = CARTESIAN_POINT ( 'NONE',  ( -0.09374999999999998600, -4.592425496802573600E-017, -0.4630126522884891500 ) ) ;
#718 = DIRECTION ( 'NONE',  ( 0.0000000000000000000, -1.224646799147351000E-016, 1.000000000000000000 ) ) ;
#719 = CARTESIAN_POINT ( 'NONE',  ( 0.08137265733539034200, -0.04696363623714773500, -0.2476550613632923800 ) ) ;
#720 = CONICAL_SURFACE ( 'NONE', #3669, 0.06875000000000000600, 0.04363323129985833400 ) ;
#721 = DIRECTION ( 'NONE',  ( -0.9659258262890682000, 0.0000000000000000000, -0.2588190451025213500 ) ) ;
#722 = CIRCLE ( 'NONE', #1103, 0.2249999999999999800 ) ;
#723 = CARTESIAN_POINT ( 'NONE',  ( 0.06496393230093150400, -0.02249999999999977400, 0.0000000000000000000 ) ) ;
#724 = CARTESIAN_POINT ( 'NONE',  ( -0.1023147461747602200, 0.05910022828911001800, -0.6774999999999863400 ) ) ;
#725 = CARTESIAN_POINT ( 'NONE',  ( 0.1901464779521142800, -0.02494170850621475400, -0.2112499999999850900 ) ) ;
#726 = ORIENTED_EDGE ( 'NONE', *, *, #1228, .F. ) ;
#727 = CARTESIAN_POINT ( 'NONE',  ( -0.06741467499461295500, 0.02000000000000013200, -1.099419164526294300 ) ) ;
#728 = EDGE_CURVE ( 'NONE', #1746, #1112, #1963, .T. ) ;
#729 = ADVANCED_BREP_SHAPE_REPRESENTATION ( '66615A7_Female Drilling Anchors', ( #3546, #1762 ), #818 ) ;
#730 = CARTESIAN_POINT ( 'NONE',  ( 0.01234322836664590100, 0.09313478468374042400, -0.3288655000868769300 ) ) ;
#731 = CARTESIAN_POINT ( 'NONE',  ( 0.08425259289883224600, -0.04156852282297146500, -0.2458375660463733600 ) ) ;
#732 = ORIENTED_EDGE ( 'NONE', *, *, #3462, .F. ) ;
#733 = VERTEX_POINT ( 'NONE', #39 ) ;
#734 = DIRECTION ( 'NONE',  ( -1.224646799147351000E-016, 5.438524293787553300E-032, 1.000000000000000000 ) ) ;
#735 = ORIENTED_EDGE ( 'NONE', *, *, #1439, .T. ) ;
#736 = CARTESIAN_POINT ( 'NONE',  ( 0.06515347503384900900, 0.08459527081001684500, -0.7262500000000277100 ) ) ;
#737 = VECTOR ( 'NONE', #1121, 39.37007874015748100 ) ;
#738 = CARTESIAN_POINT ( 'NONE',  ( -0.07062903426927966100, -0.06195618459346005600, -0.4419275607393706700 ) ) ;
#739 = CARTESIAN_POINT ( 'NONE',  ( 0.06288289333896790500, -0.01695227975226924100, -0.3724999999999921200 ) ) ;
#740 = FACE_OUTER_BOUND ( 'NONE', #3545, .T. ) ;
#741 = DIRECTION ( 'NONE',  ( -0.0000000000000000000, 1.224646799147351000E-016, -1.000000000000000000 ) ) ;
#742 = CARTESIAN_POINT ( 'NONE',  ( 0.04384233696290495300, -0.1633359181183783600, -0.4250000000000109800 ) ) ;
#743 = VERTEX_POINT ( 'NONE', #633 ) ;
#744 = EDGE_LOOP ( 'NONE', ( #1321, #304, #1190, #959 ) ) ;
#745 = CARTESIAN_POINT ( 'NONE',  ( -0.09159182550861176600, 0.02000000000000015300, -1.250000000000000000 ) ) ;
#746 = AXIS2_PLACEMENT_3D ( 'NONE', #2110, #1798, #2085 ) ;
#747 = ORIENTED_EDGE ( 'NONE', *, *, #3148, .F. ) ;
#748 = B_SPLINE_CURVE_WITH_KNOTS ( 'NONE', 3,
 ( #3044, #3032, #1033, #2743, #1599, #1865, #1576, #1060, #1881, #473, #1856, #2191, #764, #3279, #1625, #3565 ),
 .UNSPECIFIED., .F., .F.,
 ( 4, 2, 2, 2, 2, 2, 2, 4 ),
 ( 0.02719641886624474300, 0.02768180204634986000, 0.02816718522645497700, 0.02865256840656009800, 0.02913795158666521500, 0.03010871794687545000, 0.03059410112698056700, 0.03107948430708568400 ),
 .UNSPECIFIED. ) ;
#749 = CARTESIAN_POINT ( 'NONE',  ( -0.07455278977947492300, -0.05716827510037625300, -0.4438536002354004900 ) ) ;
#750 = DIRECTION ( 'NONE',  ( 0.0000000000000000000, 1.000000000000000000, 0.0000000000000000000 ) ) ;
#751 = CARTESIAN_POINT ( 'NONE',  ( 0.1650944757244063900, -0.09521355034316164600, -0.2275000000000004500 ) ) ;
#752 = ORIENTED_EDGE ( 'NONE', *, *, #793, .F. ) ;
#753 = CARTESIAN_POINT ( 'NONE',  ( -0.05715770252739198200, 0.07456492575084668100, -0.3058537141716034500 ) ) ;
#754 = CARTESIAN_POINT ( 'NONE',  ( 0.0000000000000000000, 9.184850993605133600E-017, -0.7500000000000001100 ) ) ;
#755 = CARTESIAN_POINT ( 'NONE',  ( 0.0000000000000000000, 0.09374999999999998600, 1.148106374200641400E-017 ) ) ;
#757 = CARTESIAN_POINT ( 'NONE',  ( -0.006423048454132595900, 0.06581767824930485900, -0.05999999999999999800 ) ) ;
#756 = CARTESIAN_POINT ( 'NONE',  ( 1.496297499527167900E-016, -0.007120500785190832600, -1.234730036788664400 ) ) ;
#758 = FACE_OUTER_BOUND ( 'NONE', #1923, .T. ) ;
#759 = DIRECTION ( 'NONE',  ( 0.0000000000000000000, 0.0000000000000000000, 1.000000000000000000 ) ) ;
#760 = FACE_OUTER_BOUND ( 'NONE', #338, .T. ) ;
#761 = CARTESIAN_POINT ( 'NONE',  ( 0.09759551229711818700, 0.1692272149776426200, -0.1825000000000004700 ) ) ;
#762 = CIRCLE ( 'NONE', #895, 0.02828427124746187000 ) ;
#763 = CARTESIAN_POINT ( 'NONE',  ( 0.07068957732399282200, 0.06188963629352481300, -0.3499524840316378700 ) ) ;
#764 = CARTESIAN_POINT ( 'NONE',  ( -0.09072567013451370000, 0.02441222239468735000, -0.1523641462995718200 ) ) ;
#765 = EDGE_CURVE ( 'NONE', #1331, #1547, #914, .T. ) ;
#766 = CIRCLE ( 'NONE', #419, 0.09159182550861176600 ) ;
#767 = CARTESIAN_POINT ( 'NONE',  ( 1.148106374200643400E-017, -0.09374999999999998600, -1.148106374200641400E-017 ) ) ;
#768 = AXIS2_PLACEMENT_3D ( 'NONE', #3144, #24, #278 ) ;
#769 = CARTESIAN_POINT ( 'NONE',  ( 0.09029771396906043100, 0.05191465075150848700, -0.7325000000000061500 ) ) ;
#771 = DIRECTION ( 'NONE',  ( 0.0000000000000000000, -1.224646799147351000E-016, 1.000000000000000000 ) ) ;
#770 =( NAMED_UNIT ( * ) PLANE_ANGLE_UNIT ( ) SI_UNIT ( $, .RADIAN. ) );
#772 = ORIENTED_EDGE ( 'NONE', *, *, #1912, .F. ) ;
#773 = CARTESIAN_POINT ( 'NONE',  ( 0.1901464779515385500, -0.02494170850632089800, -0.2162500000000072400 ) ) ;
#774 = B_SPLINE_CURVE_WITH_KNOTS ( 'NONE', 3,
 ( #1639, #3046, #1883, #216, #2458, #1928 ),
 .UNSPECIFIED., .F., .F.,
 ( 4, 2, 4 ),
 ( 2.347760307283994100E-007, 0.0006562814221935578800, 0.001312328068356387400 ),
 .UNSPECIFIED. ) ;
#775 = CARTESIAN_POINT ( 'NONE',  ( 0.1095186519189273900, -0.08430717910242384300, -0.5862500000000230300 ) ) ;
#776 = CARTESIAN_POINT ( 'NONE',  ( 0.1149999999999999400, 0.02250000000000040200, 0.0000000000000000000 ) ) ;
#777 = CARTESIAN_POINT ( 'NONE',  ( 0.01041450107782795700, -0.07995506911300454000, -0.2762499999999961100 ) ) ;
#778 = ORIENTED_EDGE ( 'NONE', *, *, #1072, .F. ) ;
#779 = CARTESIAN_POINT ( 'NONE',  ( -0.02556082356249459900, 0.1956644502890097200, -0.1637500000000048900 ) ) ;
#780 = ORIENTED_EDGE ( 'NONE', *, *, #3079, .T. ) ;
#781 = CARTESIAN_POINT ( 'NONE',  ( 0.09375374085793719600, 0.006072171839897552000, -0.3691126569166098300 ) ) ;
#782 = CARTESIAN_POINT ( 'NONE',  ( 0.02433894104344377600, 0.09074183100999409800, -0.1963400964603798600 ) ) ;
#783 = CARTESIAN_POINT ( 'NONE',  ( 0.07479662473709700100, 0.1295482263312320000, -0.5374999999999597900 ) ) ;
#785 = CARTESIAN_POINT ( 'NONE',  ( 0.02249999999999999900, -0.1150000000000000200, 0.0000000000000000000 ) ) ;
#784 = DIRECTION ( 'NONE',  ( 0.0000000000000000000, 0.0000000000000000000, 1.000000000000000000 ) ) ;
#786 = ORIENTED_EDGE ( 'NONE', *, *, #916, .T. ) ;
#787 = AXIS2_PLACEMENT_3D ( 'NONE', #3065, #1935, #801 ) ;
#788 = CARTESIAN_POINT ( 'NONE',  ( -0.1814753785271085700, -0.02370347839760401600, -0.2987499999999977400 ) ) ;
#789 = CARTESIAN_POINT ( 'NONE',  ( -0.1562120067719373100, 0.04209716620012921700, -0.4849999999999829400 ) ) ;
#790 = CARTESIAN_POINT ( 'NONE',  ( -0.06145244815798525000, -0.04716189993804732700, -0.3062500000000001300 ) ) ;
#791 = CARTESIAN_POINT ( 'NONE',  ( -0.01233680189150540200, 0.09313530366602679200, -0.6950600709126029100 ) ) ;
#792 = CARTESIAN_POINT ( 'NONE',  ( -0.09908815563973016900, 0.1720218619788545500, -0.1524999999999962800 ) ) ;
#793 = EDGE_CURVE ( 'NONE', #1469, #2872, #1600, .T. ) ;
#794 = CARTESIAN_POINT ( 'NONE',  ( 0.01165273117573174800, 0.08862616853914472000, -0.1437499999999989900 ) ) ;
#795 = ORIENTED_EDGE ( 'NONE', *, *, #2061, .T. ) ;
#796 = DIRECTION ( 'NONE',  ( 0.0000000000000000000, 1.000000000000000000, 0.0000000000000000000 ) ) ;
#797 = CARTESIAN_POINT ( 'NONE',  ( 0.08415909275045006800, -0.04863596398023730500, -0.7675000000000039600 ) ) ;
#798 = CARTESIAN_POINT ( 'NONE',  ( 2.755455298081544500E-017, -0.2249999999999999800, -2.755455298081539800E-017 ) ) ;
#799 = CARTESIAN_POINT ( 'NONE',  ( -0.05127025596665388300, 0.1909754545328356300, -0.1600000000000094100 ) ) ;
#800 = CARTESIAN_POINT ( 'NONE',  ( -0.1621624753043566800, 0.0000000000000000000, -0.4775000000000000400 ) ) ;
#801 = DIRECTION ( 'NONE',  ( 0.0000000000000000000, 1.000000000000000000, 1.224646799147351200E-016 ) ) ;
#802 = CARTESIAN_POINT ( 'NONE',  ( -0.08428979860375408800, 0.04149679846103054200, -0.6655621014804451500 ) ) ;
#803 = CARTESIAN_POINT ( 'NONE',  ( 0.05006851577357279000, -0.06523462489140712000, -0.2112499999999960800 ) ) ;
#804 = CARTESIAN_POINT ( 'NONE',  ( -0.01233391130850310400, -0.09375000000001758300, -0.2368575975571021500 ) ) ;
#805 = CARTESIAN_POINT ( 'NONE',  ( -0.1312883431291012000, -0.1008310256751953600, -0.4637499999999860600 ) ) ;
#806 = CARTESIAN_POINT ( 'NONE',  ( 0.09887048033961481900, -0.008649011361355082900, -0.7500000000000031100 ) ) ;
#807 = CARTESIAN_POINT ( 'NONE',  ( 0.09895961959810821400, 0.02647830359058176200, -0.7449999999999936700 ) ) ;
#808 = CIRCLE ( 'NONE', #1075, 0.2249999999999999800 ) ;
#809 = CARTESIAN_POINT ( 'NONE',  ( 0.09300694409814278000, -0.01178010396919022800, -0.7500000000000001100 ) ) ;
#810 = PLANE ( 'NONE',  #3591 ) ;
#811 = CIRCLE ( 'NONE', #3569, 0.09159182550861176600 ) ;
#812 = EDGE_LOOP ( 'NONE', ( #446, #1079, #2347, #1501 ) ) ;
#813 = CARTESIAN_POINT ( 'NONE',  ( 0.08130925094466322200, -0.02190422577685957300, -0.1925000000000068600 ) ) ;
#814 = CARTESIAN_POINT ( 'NONE',  ( 0.08894165658215787100, 0.03026464603474637500, -0.5475600460247834800 ) ) ;
#815 = CARTESIAN_POINT ( 'NONE',  ( 0.1513581657046916800, 0.08717834586517057800, -0.3774999999999887300 ) ) ;
#816 = CARTESIAN_POINT ( 'NONE',  ( -0.07522537852613166200, -0.009795386028620104200, -0.3212499999999927600 ) ) ;
#817 = CARTESIAN_POINT ( 'NONE',  ( -0.1625566657438256300, -0.02122968655635683000, -0.4787495287068158600 ) ) ;
#818 =( GEOMETRIC_REPRESENTATION_CONTEXT ( 3 ) GLOBAL_UNCERTAINTY_ASSIGNED_CONTEXT ( ( #1827 ) ) GLOBAL_UNIT_ASSIGNED_CONTEXT ( ( #1263, #770, #3320 ) ) REPRESENTATION_CONTEXT ( 'NONE', 'WORKASPACE' ) );
#819 = CARTESIAN_POINT ( 'NONE',  ( 0.08308281567517991600, -0.1082942884921213900, -0.5937500000000082200 ) ) ;
#820 = CARTESIAN_POINT ( 'NONE',  ( 0.09075814168877893700, -0.02427744672766667500, -0.4163132143373173300 ) ) ;
#821 = CARTESIAN_POINT ( 'NONE',  ( 0.1650944757267364900, -0.09521355034166746600, -0.2274999999999884600 ) ) ;
#822 = PERSON ( 'UNSPECIFIED', 'UNSPECIFIED', 'UNSPECIFIED', ('UNSPECIFIED'), ('UNSPECIFIED'), ('UNSPECIFIED') ) ;
#823 = EDGE_LOOP ( 'NONE', ( #931, #3355, #3034, #2323, #3010, #1506, #2683, #2241 ) ) ;
#824 = CARTESIAN_POINT ( 'NONE',  ( -0.04732658247834449500, 0.08186805748803602200, -0.6832401889388117800 ) ) ;
#825 = ADVANCED_FACE ( 'NONE', ( #1348 ), #1743, .F. ) ;
#826 = LINE ( 'NONE', #1168, #78 ) ;
#827 = CARTESIAN_POINT ( 'NONE',  ( -0.02066623926980430300, -0.07670266154024570100, -0.2375000000000130300 ) ) ;
#828 = CARTESIAN_POINT ( 'NONE',  ( 0.09284624555087120400, 0.01298603816055229400, -0.7500000000000001100 ) ) ;
#829 = CARTESIAN_POINT ( 'NONE',  ( -0.1596236442146482200, -0.09194226977577511800, -0.2875000000000065300 ) ) ;
#830 = CARTESIAN_POINT ( 'NONE',  ( -0.009176270979622334900, 0.07049568793795929500, -0.3662500000000331600 ) ) ;
#831 = CARTESIAN_POINT ( 'NONE',  ( -0.1013884250432930800, -0.1318457424925838000, -0.4562499999999716200 ) ) ;
#832 = CARTESIAN_POINT ( 'NONE',  ( 0.03232773798657299900, 0.008571482727621204700, -0.7255126522884587400 ) ) ;
#833 = VECTOR ( 'NONE', #1718, 39.37007874015748100 ) ;
#834 = CARTESIAN_POINT ( 'NONE',  ( -0.006110487253092150100, 0.09375000000000011100, -0.5082541747147040200 ) ) ;
#835 = DIRECTION ( 'NONE',  ( -0.0000000000000000000, 1.224646799147351000E-016, -1.000000000000000000 ) ) ;
#836 = EDGE_LOOP ( 'NONE', ( #2643, #244, #294 ) ) ;
#837 = DIRECTION ( 'NONE',  ( -1.000000000000000000, 0.0000000000000000000, 0.0000000000000000000 ) ) ;
#838 = ORIENTED_EDGE ( 'NONE', *, *, #3213, .F. ) ;
#839 = EDGE_CURVE ( 'NONE', #2066, #3308, #1950, .T. ) ;
#840 = CARTESIAN_POINT ( 'NONE',  ( 0.09374662747379354500, 0.006196379153448918600, -0.5554266938172460800 ) ) ;
#841 = AXIS2_PLACEMENT_3D ( 'NONE', #3414, #3337, #1097 ) ;
#842 = CARTESIAN_POINT ( 'NONE',  ( 0.1037376415075833700, -0.1350705198691447300, -0.4187499999999718100 ) ) ;
#843 = CARTESIAN_POINT ( 'NONE',  ( -0.04425528410022242000, 0.05767027142105775300, -0.3512500000000047800 ) ) ;
#844 = ORIENTED_EDGE ( 'NONE', *, *, #2687, .F. ) ;
#845 = CARTESIAN_POINT ( 'NONE',  ( 0.1539814035672677800, 0.1182707206757283200, -0.1887499999999905100 ) ) ;
#847 = CARTESIAN_POINT ( 'NONE',  ( -0.0000000000000000000, 0.0000000000000000000, -0.05999999999999999800 ) ) ;
#846 = CARTESIAN_POINT ( 'NONE',  ( 1.596388136598102700E-015, 0.09375000000000009700, -0.5102126903450984200 ) ) ;
#848 = CARTESIAN_POINT ( 'NONE',  ( 0.07064450684185756600, -0.06193529613599133000, -0.6021974003921246600 ) ) ;
#849 = B_SPLINE_CURVE_WITH_KNOTS ( 'NONE', 3,
 ( #3106, #2860, #2830, #1678, #1697, #2215, #2251, #1965, #270, #814, #567, #17, #840, #3082, #1981, #2800, #1938, #1102, #7, #3641, #2560, #1443, #286, #3430, #1995, #1418, #303, #1131 ),
 .UNSPECIFIED., .F., .F.,
 ( 4, 2, 2, 2, 2, 2, 2, 2, 2, 2, 2, 2, 2, 4 ),
 ( 0.003905904072296153400, 0.004882296078655563300, 0.005858688085014972400, 0.006346884088194677800, 0.006835080091374382300, 0.007323276094554086900, 0.007811472097733791400, 0.008299668100913495900, 0.008787864104093202200, 0.009764256110452609500, 0.01025245211363231400, 0.01074064811681201700, 0.01122884411999172300, 0.01171704012317142600 ),
 .UNSPECIFIED. ) ;
#850 = CARTESIAN_POINT ( 'NONE',  ( -0.09288394606446075100, 0.01227607300899238200, -0.5007386392268140500 ) ) ;
#851 = CARTESIAN_POINT ( 'NONE',  ( -0.06496393230093135100, -0.02250000000000022500, 0.0000000000000000000 ) ) ;
#852 = CARTESIAN_POINT ( 'NONE',  ( -0.02249999999999999900, -0.1150000000000000200, 0.0000000000000000000 ) ) ;
#853 = LINE ( 'NONE', #2899, #144 ) ;
#854 = DIRECTION ( 'NONE',  ( 0.9783048645494204500, 0.0000000000000000000, -0.2071704419045830600 ) ) ;
#855 = CARTESIAN_POINT ( 'NONE',  ( 0.04158169974497390900, 0.08424894204554254900, -0.1544311740231264200 ) ) ;
#856 = LINE ( 'NONE', #2703, #2050 ) ;
#857 = FACE_OUTER_BOUND ( 'NONE', #3043, .T. ) ;
#858 = CARTESIAN_POINT ( 'NONE',  ( 0.08806766447680340600, 0.1526962579644905200, -0.3575000000000023200 ) ) ;
#859 = CARTESIAN_POINT ( 'NONE',  ( -0.1149999999999998900, -0.02250000000000040200, 0.0000000000000000000 ) ) ;
#860 = PLANE ( 'NONE',  #2174 ) ;
#861 = EDGE_CURVE ( 'NONE', #4, #3417, #766, .T. ) ;
#862 = ADVANCED_FACE ( 'NONE', ( #2949 ), #72, .T. ) ;
#863 = CARTESIAN_POINT ( 'NONE',  ( -0.04910544928981215600, 0.01331307852606223300, -0.6844873477115147600 ) ) ;
#864 = CARTESIAN_POINT ( 'NONE',  ( -0.1150000000000000700, 0.02249999999999959700, -0.05999999999999999800 ) ) ;
#865 = AXIS2_PLACEMENT_3D ( 'NONE', #892, #3427, #1707 ) ;
#866 = ADVANCED_FACE ( 'NONE', ( #2166 ), #1264, .T. ) ;
#867 = CARTESIAN_POINT ( 'NONE',  ( 0.09528441515355282100, 0.01168338447160205900, -0.7500000000000001100 ) ) ;
#868 = VERTEX_POINT ( 'NONE', #3091 ) ;
#869 = DIRECTION ( 'NONE',  ( 0.4226182617406960600, 0.0000000000000000000, 0.9063077870366516000 ) ) ;
#870 = ORIENTED_EDGE ( 'NONE', *, *, #82, .F. ) ;
#871 = CC_DESIGN_PERSON_AND_ORGANIZATION_ASSIGNMENT ( #1367, #151, ( #2924 ) ) ;
#872 = CARTESIAN_POINT ( 'NONE',  ( 0.1712277156065117600, -0.02246524828770260500, -0.3912499999999855500 ) ) ;
#873 = CARTESIAN_POINT ( 'NONE',  ( -0.02249999999999999900, -0.1150000000000000200, 0.0000000000000000000 ) ) ;
#875 = CARTESIAN_POINT ( 'NONE',  ( 1.530808498934188900E-016, -6.798155367234443500E-032, -1.250000000000000000 ) ) ;
#874 = DIRECTION ( 'NONE',  ( 0.0000000000000000000, 0.0000000000000000000, -1.000000000000000000 ) ) ;
#876 = CARTESIAN_POINT ( 'NONE',  ( 1.707404996040164500E-017, -0.09374999999999995800, -0.6253872335416860200 ) ) ;
#877 = CARTESIAN_POINT ( 'NONE',  ( 0.005472216697175335100, 0.04093890133113252400, -0.7257373477115167700 ) ) ;
#878 = DIRECTION ( 'NONE',  ( 0.0000000000000000000, 0.0000000000000000000, 1.000000000000000000 ) ) ;
#879 = EDGE_LOOP ( 'NONE', ( #2510, #1749, #2229, #2016, #1829, #341, #1080, #31, #1010 ) ) ;
#880 = CARTESIAN_POINT ( 'NONE',  ( -0.09314168115552118300, -0.01228932121441262200, -0.3173206362790185800 ) ) ;
#881 = ORIENTED_EDGE ( 'NONE', *, *, #1181, .F. ) ;
#882 = VECTOR ( 'NONE', #3182, 39.37007874015748900 ) ;
#883 = CARTESIAN_POINT ( 'NONE',  ( -0.08118988160479115300, -0.04687499999999998600, -0.1185237783528120000 ) ) ;
#884 = CARTESIAN_POINT ( 'NONE',  ( 0.08896093411919564500, 0.03020593349447951000, -0.1774199147605517700 ) ) ;
#885 = ADVANCED_FACE ( 'NONE', ( #1523 ), #810, .F. ) ;
#886 = CARTESIAN_POINT ( 'NONE',  ( -0.1755806689965039900, 0.04723896557822591900, -0.3049999999999750700 ) ) ;
#887 = CARTESIAN_POINT ( 'NONE',  ( -0.02436168078787865500, -0.09073892711603376300, -0.4603374376899300700 ) ) ;
#888 = ADVANCED_FACE ( 'NONE', ( #25 ), #116, .T. ) ;
#889 = ORIENTED_EDGE ( 'NONE', *, *, #1556, .T. ) ;
#890 = CARTESIAN_POINT ( 'NONE',  ( 0.01732530595438196800, -0.01926707969393094700, -0.7570127727239932500 ) ) ;
#891 = CARTESIAN_POINT ( 'NONE',  ( -0.09585195171197238900, 0.1249098758747363700, -0.5087499999999967000 ) ) ;
#892 = CARTESIAN_POINT ( 'NONE',  ( 0.0000000000000000000, 0.0000000000000000000, 0.0000000000000000000 ) ) ;
#893 = EDGE_CURVE ( 'NONE', #1160, #485, #562, .T. ) ;
#894 = CARTESIAN_POINT ( 'NONE',  ( 0.1405185824183370600, -0.01850716635242314100, -0.5762499999999952700 ) ) ;
#895 = AXIS2_PLACEMENT_3D ( 'NONE', #1019, #3547, #3246 ) ;
#896 = CARTESIAN_POINT ( 'NONE',  ( -0.08164346184201480600, -0.04687499999999997200, -0.1111420928350624500 ) ) ;
#898 = CARTESIAN_POINT ( 'NONE',  ( 0.1188281200452658600, 0.1545388029398131700, -0.1862500000000024100 ) ) ;
#897 = CARTESIAN_POINT ( 'NONE',  ( -0.01999999999999995900, 0.09159182550861196000, -1.250000000000000000 ) ) ;
#899 = CARTESIAN_POINT ( 'NONE',  ( -0.04157333163359641600, 0.08425403810893213100, -0.5272952094010565600 ) ) ;
#900 = ADVANCED_FACE ( 'NONE', ( #3561 ), #444, .F. ) ;
#901 = CARTESIAN_POINT ( 'NONE',  ( 0.07383761848342108900, 0.009551994386233581000, -0.5832373477115154700 ) ) ;
#902 = FACE_OUTER_BOUND ( 'NONE', #3305, .T. ) ;
#903 = CARTESIAN_POINT ( 'NONE',  ( 0.1166020821833190800, 0.08946738369324566700, -0.5537578740157485000 ) ) ;
#904 = CARTESIAN_POINT ( 'NONE',  ( -0.01222354966278710800, 0.09374999999999959800, -0.3613399873004030100 ) ) ;
#905 = LINE ( 'NONE', #71, #3286 ) ;
#906 = EDGE_CURVE ( 'NONE', #2265, #1402, #3605, .T. ) ;
#907 = CARTESIAN_POINT ( 'NONE',  ( -0.1612964733978184700, 0.02123305377953268700, -0.4862510661528516900 ) ) ;
#908 = DIRECTION ( 'NONE',  ( -0.0000000000000000000, -1.000000000000000000, -0.0000000000000000000 ) ) ;
#909 = ORIENTED_EDGE ( 'NONE', *, *, #2596, .T. ) ;
#911 = CARTESIAN_POINT ( 'NONE',  ( 0.0000000000000000000, 9.184850993605133600E-017, -0.7500000000000001100 ) ) ;
#910 = DIRECTION ( 'NONE',  ( -0.2588190451025213500, 0.0000000000000000000, -0.9659258262890682000 ) ) ;
#912 = CARTESIAN_POINT ( 'NONE',  ( -0.1150000000000000700, 0.02249999999999959700, -0.05999999999999999800 ) ) ;
#913 = EDGE_CURVE ( 'NONE', #1823, #1405, #1563, .T. ) ;
#914 =( BOUNDED_CURVE ( )  B_SPLINE_CURVE ( 3, ( #62, #346, #926, #358 ),
 .UNSPECIFIED., .F., .T. ) 
 B_SPLINE_CURVE_WITH_KNOTS ( ( 4, 4 ),
 ( 4.645462866105246400, 4.886857440586710200 ),
 .UNSPECIFIED. ) 
 CURVE ( )  GEOMETRIC_REPRESENTATION_ITEM ( )  RATIONAL_B_SPLINE_CURVE ( ( 1.000000000000000000, 0.9951499471396296800, 0.9951499471396296800, 1.000000000000000000 ) ) 
 REPRESENTATION_ITEM ( '' )  );
#915 = CARTESIAN_POINT ( 'NONE',  ( 0.08337090741655031600, 0.06392911163387829400, -0.7337500000000128900 ) ) ;
#916 = EDGE_CURVE ( 'NONE', #733, #2729, #507, .T. ) ;
#917 = CARTESIAN_POINT ( 'NONE',  ( -0.04007488712545801600, 0.1495529643711137300, -0.5200078740157496600 ) ) ;
#918 = CARTESIAN_POINT ( 'NONE',  ( -0.1621624753043566800, -7.943670252931684900E-017, -0.4824999999999999800 ) ) ;
#919 = AXIS2_PLACEMENT_3D ( 'NONE', #12, #2881, #1959 ) ;
#920 = ORIENTED_EDGE ( 'NONE', *, *, #531, .F. ) ;
#921 = CARTESIAN_POINT ( 'NONE',  ( 0.1394342954150434300, 0.03735557041074347200, -0.5649999999999969500 ) ) ;
#922 = DIRECTION ( 'NONE',  ( 0.0000000000000000000, 1.000000000000000000, 1.224646799147351000E-016 ) ) ;
#923 = ADVANCED_FACE ( 'NONE', ( #2012 ), #2479, .T. ) ;
#924 = ORIENTED_EDGE ( 'NONE', *, *, #127, .F. ) ;
#925 = DIRECTION ( 'NONE',  ( -1.000000000000000000, 2.220446049250312300E-016, -1.224646799147351000E-016 ) ) ;
#926 = CARTESIAN_POINT ( 'NONE',  ( 0.06588754541579434900, 0.01718897351001722600, -0.01982102070096071100 ) ) ;
#927 = CIRCLE ( 'NONE', #2851, 0.1937500000000000100 ) ;
#928 = CARTESIAN_POINT ( 'NONE',  ( 0.08415909274663327400, -0.04863596398475185400, -0.7675000000000127300 ) ) ;
#929 = DIRECTION ( 'NONE',  ( 0.0000000000000000000, 1.000000000000000000, 1.224646799147351000E-016 ) ) ;
#930 = ORIENTED_EDGE ( 'NONE', *, *, #2483, .T. ) ;
#931 = ORIENTED_EDGE ( 'NONE', *, *, #3618, .T. ) ;
#932 = ORIENTED_EDGE ( 'NONE', *, *, #236, .T. ) ;
#933 = EDGE_CURVE ( 'NONE', #868, #2959, #2130, .T. ) ;
#934 = CARTESIAN_POINT ( 'NONE',  ( -0.02249999999999999900, -0.1150000000000000200, 0.0000000000000000000 ) ) ;
#935 = ADVANCED_FACE ( 'NONE', ( #3443 ), #677, .T. ) ;
#936 = CARTESIAN_POINT ( 'NONE',  ( 0.09069174712502059400, 0.1178264456176731100, -0.5462500000000083400 ) ) ;
#937 = DIRECTION ( 'NONE',  ( 0.0000000000000000000, -0.0000000000000000000, 1.000000000000000000 ) ) ;
#938 = PLANE ( 'NONE',  #2204 ) ;
#939 = CARTESIAN_POINT ( 'NONE',  ( -0.1023147461748163700, 0.05910022828865644400, -0.6725000000000086500 ) ) ;
#940 = CIRCLE ( 'NONE', #2407, 0.1000000000000000100 ) ;
#941 = CARTESIAN_POINT ( 'NONE',  ( -0.02424972536391705900, 0.09076555120954603300, -0.7038705165266281300 ) ) ;
#942 = CIRCLE ( 'NONE', #2543, 0.09374999999999994400 ) ;
#943 = FACE_OUTER_BOUND ( 'NONE', #1421, .T. ) ;
#944 = CARTESIAN_POINT ( 'NONE',  ( 0.02850058263403126800, 0.1056186619516072400, -0.7150000000000370500 ) ) ;
#945 = VECTOR ( 'NONE', #1140, 39.37007874015747400 ) ;
#946 = CARTESIAN_POINT ( 'NONE',  ( -0.1430926871981451600, -0.08241442195122805600, -0.4625000000000080200 ) ) ;
#947 = CARTESIAN_POINT ( 'NONE',  ( 0.09069174712690099300, 0.1178264456169744200, -0.5462499999999993500 ) ) ;
#948 = CARTESIAN_POINT ( 'NONE',  ( -0.02919762028717940900, 0.1090782885522996300, -0.6999999999999926300 ) ) ;
#949 = CARTESIAN_POINT ( 'NONE',  ( -0.01091192028519434800, 0.08422668708836163200, -0.5042626522885264000 ) ) ;
#950 = CARTESIAN_POINT ( 'NONE',  ( 0.1150000000000001000, -0.02249999999999959700, 0.0000000000000000000 ) ) ;
#951 = ORIENTED_EDGE ( 'NONE', *, *, #1341, .T. ) ;
#952 = EDGE_LOOP ( 'NONE', ( #3223, #160, #1927, #3126 ) ) ;
#953 = ORIENTED_EDGE ( 'NONE', *, *, #1946, .T. ) ;
#954 = CARTESIAN_POINT ( 'NONE',  ( -0.05714678291725513300, 0.09937554069885673500, -0.6925000000000073300 ) ) ;
#955 = EDGE_CURVE ( 'NONE', #2877, #3297, #2381, .T. ) ;
#956 = CARTESIAN_POINT ( 'NONE',  ( -0.09908815563762103700, 0.1720218619790810100, -0.1474999999999905600 ) ) ;
#957 = CARTESIAN_POINT ( 'NONE',  ( 0.04950825536548290900, -0.07914584340553408600, -0.7814882377309623200 ) ) ;
#958 = AXIS2_PLACEMENT_3D ( 'NONE', #412, #1855, #1286 ) ;
#959 = ORIENTED_EDGE ( 'NONE', *, *, #765, .F. ) ;
#960 = FACE_OUTER_BOUND ( 'NONE', #823, .T. ) ;
#961 = DIRECTION ( 'NONE',  ( 0.1072858982069401200, -0.9942282112502793800, -1.217578396529651000E-016 ) ) ;
#962 = CARTESIAN_POINT ( 'NONE',  ( 0.01091192028519434100, 0.08249517571033471200, -0.5117626522884518600 ) ) ;
#963 = CARTESIAN_POINT ( 'NONE',  ( -0.02249999999999999900, -0.1150000000000000200, 0.0000000000000000000 ) ) ;
#964 = ORIENTED_EDGE ( 'NONE', *, *, #2707, .T. ) ;
#965 = CARTESIAN_POINT ( 'NONE',  ( -0.04698569159143290600, -0.08135610616555859200, -0.6396544288707026700 ) ) ;
#966 = CARTESIAN_POINT ( 'NONE',  ( 0.09314631042643041500, -0.01226791679036887100, -0.2366613245645509100 ) ) ;
#967 = APPLICATION_PROTOCOL_DEFINITION ( 'international standard', 'config_control_design', 1994, #1898 ) ;
#968 = CARTESIAN_POINT ( 'NONE',  ( -0.02432259345210375000, -0.1854167873646945200, -0.2562499999999993700 ) ) ;
#969 = EDGE_LOOP ( 'NONE', ( #772, #3446, #476, #1868 ) ) ;
#970 = CARTESIAN_POINT ( 'NONE',  ( 0.04675698778341737900, -0.08086125322944416600, -0.7824782389353157600 ) ) ;
#971 = ORIENTED_EDGE ( 'NONE', *, *, #392, .T. ) ;
#972 = CARTESIAN_POINT ( 'NONE',  ( 0.0000000000000000000, 0.0000000000000000000, 0.0000000000000000000 ) ) ;
#973 = CARTESIAN_POINT ( 'NONE',  ( 0.06316712269826250900, -0.07017511336098551700, -0.7715001204355040900 ) ) ;
#974 = CARTESIAN_POINT ( 'NONE',  ( 0.1359746688489682200, -0.03665853277019259800, -0.5749999999999947400 ) ) ;
#975 = CARTESIAN_POINT ( 'NONE',  ( 0.02000000000000012900, -0.05050495001344523800, -1.133579302811009700 ) ) ;
#976 = CARTESIAN_POINT ( 'NONE',  ( 0.09075163257708580800, -0.02430798455294013600, -0.2403288685044672500 ) ) ;
#977 = CARTESIAN_POINT ( 'NONE',  ( 0.09432423172854848000, -0.1637563834704750000, -0.2375000000000016500 ) ) ;
#978 = AXIS2_PLACEMENT_3D ( 'NONE', #864, #1428, #2274 ) ;
#979 = LINE ( 'NONE', #2443, #221 ) ;
#980 = CARTESIAN_POINT ( 'NONE',  ( 0.1153641048424870300, -0.1501992268277413400, -0.2337499999999769200 ) ) ;
#981 = CARTESIAN_POINT ( 'NONE',  ( 0.02850058263718827800, 0.1056186619480282800, -0.7150078740157204100 ) ) ;
#982 = CARTESIAN_POINT ( 'NONE',  ( 0.1037376415075833700, -0.1350705198691447300, -0.4187499999999718100 ) ) ;
#983 = VECTOR ( 'NONE', #536, 39.37007874015747400 ) ;
#984 = CARTESIAN_POINT ( 'NONE',  ( 0.0000000000000000000, 0.09375000000000009700, -1.250000000000000000 ) ) ;
#985 = CARTESIAN_POINT ( 'NONE',  ( 0.01672943291412452200, -0.06268374481853310200, -0.5905126522884922600 ) ) ;
#986 = CARTESIAN_POINT ( 'NONE',  ( -0.07792261107874483300, -0.1012108582194245600, -0.6312500000000071900 ) ) ;
#987 = FACE_OUTER_BOUND ( 'NONE', #2114, .T. ) ;
#988 = CARTESIAN_POINT ( 'NONE',  ( -0.05588174744930359700, 0.07279897836803550500, -0.1712499999999985400 ) ) ;
#989 = CARTESIAN_POINT ( 'NONE',  ( 0.1121748225867392800, 0.01967482258673971000, -0.01054370564668485000 ) ) ;
#990 = CARTESIAN_POINT ( 'NONE',  ( 0.09887048033961481900, -0.008649011361355082900, -0.7500000000000031100 ) ) ;
#991 = ORIENTED_EDGE ( 'NONE', *, *, #1041, .T. ) ;
#992 = CARTESIAN_POINT ( 'NONE',  ( -0.1771556863275626500, -0.04755629646453209100, -0.2900000000000102500 ) ) ;
#993 = CARTESIAN_POINT ( 'NONE',  ( -0.1625566657438256300, -0.02122968655635684700, -0.4737495287068159100 ) ) ;
#994 = CARTESIAN_POINT ( 'NONE',  ( 0.05501079052961396800, -0.07571502375771395300, -0.7795082353222553300 ) ) ;
#995 = CARTESIAN_POINT ( 'NONE',  ( 0.09759551229528126700, 0.1692272149790192700, -0.1775000000000094800 ) ) ;
#996 = ORIENTED_EDGE ( 'NONE', *, *, #3258, .T. ) ;
#997 = CARTESIAN_POINT ( 'NONE',  ( -0.006423048454132595900, -0.09892304845413262000, -0.05999999999999999800 ) ) ;
#998 = CARTESIAN_POINT ( 'NONE',  ( 0.02000000000000013200, -0.09159182550861177900, -1.053580696334676300 ) ) ;
#999 = VERTEX_POINT ( 'NONE', #2473 ) ;
#1000 = ORIENTED_EDGE ( 'NONE', *, *, #1181, .T. ) ;
#1001 = CARTESIAN_POINT ( 'NONE',  ( 2.755455298081544500E-017, -0.2249999999999999800, -5.510910596163079700E-017 ) ) ;
#1002 = CARTESIAN_POINT ( 'NONE',  ( 0.09931505825322567400, -0.005790296524038733700, -0.7491666666666692000 ) ) ;
#1003 = VECTOR ( 'NONE', #3028, 39.37007874015748100 ) ;
#1004 = CARTESIAN_POINT ( 'NONE',  ( 0.1485635187100022600, -0.08568570252137225300, -0.4024999999999915300 ) ) ;
#1005 = CARTESIAN_POINT ( 'NONE',  ( -0.05714678291363059500, 0.09937554070000688400, -0.6924999999999883500 ) ) ;
#1006 = CARTESIAN_POINT ( 'NONE',  ( -0.1733599542316204600, 0.09997747424895192500, -0.1325000000000019200 ) ) ;
#1007 = CARTESIAN_POINT ( 'NONE',  ( -0.03018876605518647200, -0.08896815898330935600, -0.4265885101413264800 ) ) ;
#1008 = VERTEX_POINT ( 'NONE', #1913 ) ;
#1009 = CARTESIAN_POINT ( 'NONE',  ( 0.02000000000000014300, -0.01999999999999995900, -1.189344184568247800 ) ) ;
#1010 = ORIENTED_EDGE ( 'NONE', *, *, #2568, .T. ) ;
#1011 = CARTESIAN_POINT ( 'NONE',  ( 0.03019006722874066300, 0.08896960586917684900, -0.1981589941572515500 ) ) ;
#1012 = ORIENTED_EDGE ( 'NONE', *, *, #3017, .F. ) ;
#1013 = ORIENTED_EDGE ( 'NONE', *, *, #2275, .T. ) ;
#1014 = DIRECTION ( 'NONE',  ( -0.2588190451025213500, 0.0000000000000000000, -0.9659258262890682000 ) ) ;
#1015 = EDGE_CURVE ( 'NONE', #1750, #285, #100, .T. ) ;
#1016 = CARTESIAN_POINT ( 'NONE',  ( -0.06433236044041751300, -0.1113925728921273900, -0.6324999999999977300 ) ) ;
#1017 = DIRECTION ( 'NONE',  ( -0.9783048645494204500, -4.792311683842930400E-016, -0.2071704419045832800 ) ) ;
#1018 = DIRECTION ( 'NONE',  ( -0.0000000000000000000, 1.224646799147351000E-016, -1.000000000000000000 ) ) ;
#1019 = CARTESIAN_POINT ( 'NONE',  ( 0.0000000000000000000, 9.184850993605133600E-017, -0.7500000000000001100 ) ) ;
#1020 = VECTOR ( 'NONE', #869, 39.37007874015748100 ) ;
#1021 = EDGE_CURVE ( 'NONE', #2559, #2612, #2863, .T. ) ;
#1022 = CARTESIAN_POINT ( 'NONE',  ( -0.1312883431270718300, -0.1008310256777817200, -0.4587500000000281900 ) ) ;
#1023 = AXIS2_PLACEMENT_3D ( 'NONE', #875, #320, #2566 ) ;
#1024 = VECTOR ( 'NONE', #1376, 39.37007874015748100 ) ;
#1025 = LINE ( 'NONE', #3125, #558 ) ;
#1026 = CARTESIAN_POINT ( 'NONE',  ( -0.08118988160479111100, -0.04687499999999997200, -0.1200000000000000200 ) ) ;
#1027 = B_SPLINE_CURVE_WITH_KNOTS ( 'NONE', 3,
 ( #3168, #3423, #2302, #2565, #2582, #3143, #23, #2902, #2283, #1460, #49, #2000, #309, #2268, #887, #599, #319, #2879 ),
 .UNSPECIFIED., .F., .F.,
 ( 4, 2, 2, 2, 2, 2, 2, 2, 4 ),
 ( 0.0000000000000000000, 0.0004856446458480799100, 0.0009712892916961598100, 0.001456933937544239600, 0.001942578583392319600, 0.002428223229240399900, 0.002913867875088479200, 0.003399512520936559900, 0.003885157166784640100 ),
 .UNSPECIFIED. ) ;
#1028 = VECTOR ( 'NONE', #759, 39.37007874015748100 ) ;
#1029 = ORIENTED_EDGE ( 'NONE', *, *, #1662, .T. ) ;
#1030 = CARTESIAN_POINT ( 'NONE',  ( -0.02249999999999999900, -0.09892304845413262000, -0.05999999999999999800 ) ) ;
#1031 = CARTESIAN_POINT ( 'NONE',  ( 0.05095292507931491900, 0.1894004372058726300, -0.1749999999999994600 ) ) ;
#1032 = CARTESIAN_POINT ( 'NONE',  ( -0.02345954316821477800, 0.08749085767149944500, -0.1825000000000038000 ) ) ;
#1033 = CARTESIAN_POINT ( 'NONE',  ( -0.01220720126952218300, 0.09315373181789338200, -0.1853501512085894100 ) ) ;
#1034 = CARTESIAN_POINT ( 'NONE',  ( 0.0000000000000000000, 0.0000000000000000000, 0.0000000000000000000 ) ) ;
#1035 = ORIENTED_EDGE ( 'NONE', *, *, #1021, .F. ) ;
#1036 = EDGE_LOOP ( 'NONE', ( #661, #2365 ) ) ;
#1037 = ORIENTED_EDGE ( 'NONE', *, *, #1467, .F. ) ;
#1038 = CARTESIAN_POINT ( 'NONE',  ( -0.02249999999999999900, 0.1149999999999999900, 0.0000000000000000000 ) ) ;
#1039 = CARTESIAN_POINT ( 'NONE',  ( -0.006116075538689680900, -0.09375000000000292800, -0.4189216033582378000 ) ) ;
#1040 = DIRECTION ( 'NONE',  ( -1.000000000000000000, 0.0000000000000000000, -0.0000000000000000000 ) ) ;
#1041 = EDGE_CURVE ( 'NONE', #4, #2595, #2989, .T. ) ;
#1042 = ORIENTED_EDGE ( 'NONE', *, *, #130, .T. ) ;
#1043 = CARTESIAN_POINT ( 'NONE',  ( -0.1431922727181289300, 0.1101082725425780000, -0.3212499999999746700 ) ) ;
#1044 = EDGE_CURVE ( 'NONE', #3581, #2143, #1645, .T. ) ;
#1045 = CARTESIAN_POINT ( 'NONE',  ( 0.07452210644305076700, -0.05721474791430846600, -0.3901888516040687400 ) ) ;
#1046 = ORIENTED_EDGE ( 'NONE', *, *, #481, .F. ) ;
#1047 = LOCAL_TIME ( 9, 52, 58.00000000000000000, #2558 ) ;
#1048 = ORIENTED_EDGE ( 'NONE', *, *, #442, .F. ) ;
#1049 = CARTESIAN_POINT ( 'NONE',  ( 0.0000000000000000000, 0.1937500000000000100, -0.02000000000000001400 ) ) ;
#1050 = CARTESIAN_POINT ( 'NONE',  ( 0.1006938193548321500, 0.01306746266872045200, -0.7437499999999945800 ) ) ;
#1051 = CARTESIAN_POINT ( 'NONE',  ( 0.03295396400881012800, -0.01999999999999997600, -1.167416699481685700 ) ) ;
#1052 = CARTESIAN_POINT ( 'NONE',  ( -0.1130148883781083700, -0.1469744494567162600, -0.2762499999999995500 ) ) ;
#1053 = B_SPLINE_CURVE_WITH_KNOTS ( 'NONE', 3,
 ( #1145, #1201, #2031, #2277, #2007, #855, #58, #340, #67, #352, #2578, #2292, #618, #884, #2300, #3469, #3136, #3153, #1716, #2861, #3179, #3431, #1173, #2019, #2592, #2849, #629, #3123, #2605, #32, #47, #2876 ),
 .UNSPECIFIED., .F., .F.,
 ( 4, 2, 2, 2, 2, 2, 2, 2, 2, 2, 2, 2, 2, 2, 2, 4 ),
 ( 0.001780397652234239200, 0.002267958656878640500, 0.002755519661523041300, 0.003243080666167442100, 0.003730641670811842500, 0.004218202675456242900, 0.004705763680100643300, 0.005193324684745042800, 0.005680885689389443200, 0.006656007698678244000, 0.007143568703322644400, 0.007631129707967045600, 0.008118690712611446900, 0.008606251717255847300, 0.009093812721900247600, 0.009581373726544646300 ),
 .UNSPECIFIED. ) ;
#1054 = VERTEX_POINT ( 'NONE', #1601 ) ;
#1055 = CARTESIAN_POINT ( 'NONE',  ( 0.1359746688489652500, -0.03665853277050620100, -0.5749999999999831900 ) ) ;
#1056 = CARTESIAN_POINT ( 'NONE',  ( 0.02314221228102464000, 0.08591584034512823900, -0.1974999999999994500 ) ) ;
#1057 = CARTESIAN_POINT ( 'NONE',  ( 0.09432423173125924200, -0.1637563834711026300, -0.2425000000000061600 ) ) ;
#1058 = ORIENTED_EDGE ( 'NONE', *, *, #3412, .F. ) ;
#1059 = CARTESIAN_POINT ( 'NONE',  ( 0.01220235113350825000, -0.09315600713169518200, -0.4132008480805618400 ) ) ;
#1060 = CARTESIAN_POINT ( 'NONE',  ( -0.05713449338569562300, 0.07458290939474983300, -0.1706846627924064300 ) ) ;
#1061 = CARTESIAN_POINT ( 'NONE',  ( 0.04950825536548290900, -0.07914584340553408600, -0.7814803637152141200 ) ) ;
#1062 = CARTESIAN_POINT ( 'NONE',  ( -0.01999999999999995900, 0.09159182550861196000, -1.250000000000000000 ) ) ;
#1063 = CARTESIAN_POINT ( 'NONE',  ( 0.02308436334285711800, 0.1759574061922103400, -0.3512499999999648700 ) ) ;
#1064 = CYLINDRICAL_SURFACE ( 'NONE', #2715, 0.09374999999999998600 ) ;
#1065 = CARTESIAN_POINT ( 'NONE',  ( -0.1386260530571920600, 0.08002875688486618700, -0.4925000000000172000 ) ) ;
#1066 = CARTESIAN_POINT ( 'NONE',  ( 0.0000000000000000000, 1.530808498934188900E-016, -1.053580696334676300 ) ) ;
#1067 = CARTESIAN_POINT ( 'NONE',  ( -0.03022001396771419400, -0.08895602967296115100, -0.6144504614142299900 ) ) ;
#1068 = FACE_OUTER_BOUND ( 'NONE', #2615, .T. ) ;
#1069 = CIRCLE ( 'NONE', #87, 0.1937500000000000100 ) ;
#1070 = CARTESIAN_POINT ( 'NONE',  ( -0.01165273117573176000, 0.08941445028694002000, -0.1362500000000010400 ) ) ;
#1071 = CARTESIAN_POINT ( 'NONE',  ( -0.09074951109131050600, -0.02431608464606609500, -0.2713382571292513000 ) ) ;
#1072 = EDGE_CURVE ( 'NONE', #2814, #2398, #774, .T. ) ;
#1073 = LINE ( 'NONE', #1669, #463 ) ;
#1074 = CARTESIAN_POINT ( 'NONE',  ( 0.09981812253989139100, -0.0003544700596534603500, -0.7499999999999998900 ) ) ;
#1075 = AXIS2_PLACEMENT_3D ( 'NONE', #1187, #327, #3164 ) ;
#1076 = CARTESIAN_POINT ( 'NONE',  ( 0.09069174712690099300, 0.1178264456169744200, -0.5412499999999994500 ) ) ;
#1078 = CARTESIAN_POINT ( 'NONE',  ( -0.01999999999999995900, 0.02000000000000013600, -1.189344184568247800 ) ) ;
#1077 = CARTESIAN_POINT ( 'NONE',  ( 0.08894972479918700200, -0.03024387918720613700, -0.4181682167252683300 ) ) ;
#1079 = ORIENTED_EDGE ( 'NONE', *, *, #1912, .T. ) ;
#1080 = ORIENTED_EDGE ( 'NONE', *, *, #1202, .T. ) ;
#1081 = DIRECTION ( 'NONE',  ( 0.0000000000000000000, -1.224646799147351000E-016, 1.000000000000000000 ) ) ;
#1082 = B_SPLINE_CURVE_WITH_KNOTS ( 'NONE', 3,
 ( #3025, #3306, #1275, #1051, #2461, #420, #474, #3292, #129, #2179 ),
 .UNSPECIFIED., .F., .F.,
 ( 4, 2, 2, 2, 4 ),
 ( 0.008984607066467921800, 0.009471782625112119800, 0.009958958183756316100, 0.01093330930104471000, 0.01288201153562149900 ),
 .UNSPECIFIED. ) ;
#1083 = CARTESIAN_POINT ( 'NONE',  ( 0.1394342954138092500, 0.03735557041256651300, -0.5599999999999949500 ) ) ;
#1084 = DIRECTION ( 'NONE',  ( -0.0000000000000000000, -1.000000000000000000, -0.0000000000000000000 ) ) ;
#1085 = ORIENTED_EDGE ( 'NONE', *, *, #365, .F. ) ;
#1086 = CARTESIAN_POINT ( 'NONE',  ( 0.07504931892688560000, 0.04319667710753860600, -0.1700000000000120900 ) ) ;
#1087 = CARTESIAN_POINT ( 'NONE',  ( -0.006138302655352160600, 0.09374999999998553900, -0.3230904317951006100 ) ) ;
#1088 = CARTESIAN_POINT ( 'NONE',  ( 0.08806766447906783100, 0.1526962579622682100, -0.3624999999999867800 ) ) ;
#1089 = ORIENTED_EDGE ( 'NONE', *, *, #325, .T. ) ;
#1090 = CARTESIAN_POINT ( 'NONE',  ( -0.06398919341243494700, 0.03694010986791214400, -0.3400000000000149000 ) ) ;
#1091 = ORIENTED_EDGE ( 'NONE', *, *, #2203, .F. ) ;
#1092 = CARTESIAN_POINT ( 'NONE',  ( 0.1539814035685036200, 0.1182707206739563900, -0.1937499999999976200 ) ) ;
#1093 = CARTESIAN_POINT ( 'NONE',  ( -0.1197404452282107600, 0.01578731451545261100, -0.6612499999999740300 ) ) ;
#1095 = CARTESIAN_POINT ( 'NONE',  ( -0.08897488695974693800, 0.03017612378854350000, -0.4728350354894077000 ) ) ;
#1094 = CARTESIAN_POINT ( 'NONE',  ( 0.09134690335532573400, 0.02444825519327487700, -0.4016866777996301900 ) ) ;
#1096 = VERTEX_POINT ( 'NONE', #1049 ) ;
#1097 = DIRECTION ( 'NONE',  ( 0.0000000000000000000, 1.224646799147351000E-016, -1.000000000000000000 ) ) ;
#1098 = CARTESIAN_POINT ( 'NONE',  ( 5.768882536971092700E-013, -0.09374999999999991700, -0.6046127664581292200 ) ) ;
#1099 = EDGE_CURVE ( 'NONE', #345, #436, #2628, .T. ) ;
#1100 = LINE ( 'NONE', #1472, #882 ) ;
#1101 = CARTESIAN_POINT ( 'NONE',  ( 0.01041450107677103200, -0.07995506911331791400, -0.2262499999999959800 ) ) ;
#1102 = CARTESIAN_POINT ( 'NONE',  ( 0.08190757283164371000, -0.04725165792563377300, -0.5731583406503857300 ) ) ;
#1103 = AXIS2_PLACEMENT_3D ( 'NONE', #1906, #1634, #3650 ) ;
#1104 = CARTESIAN_POINT ( 'NONE',  ( 0.1356279192366793800, -0.1042950408751182900, -0.4112500000000283700 ) ) ;
#1105 = CARTESIAN_POINT ( 'NONE',  ( 0.04190606763047802900, 0.05444549405254275200, -0.3887500000000052000 ) ) ;
#1106 = ORIENTED_EDGE ( 'NONE', *, *, #3566, .F. ) ;
#1107 = CARTESIAN_POINT ( 'NONE',  ( 0.1650944757267364900, -0.09521355034166746600, -0.2224999999999884300 ) ) ;
#1108 = CARTESIAN_POINT ( 'NONE',  ( 0.06316712269818937400, -0.07017511336138269900, -0.7715001204355078600 ) ) ;
#1109 = EDGE_LOOP ( 'NONE', ( #2651, #1660, #2921, #3036 ) ) ;
#1110 = CARTESIAN_POINT ( 'NONE',  ( 0.09153987486378364900, 0.02128981281290324300, -0.7393519137570585500 ) ) ;
#1111 = CARTESIAN_POINT ( 'NONE',  ( 0.1909347597006398100, 0.02494170850632094000, -0.2087499999999927700 ) ) ;
#1112 = VERTEX_POINT ( 'NONE', #3580 ) ;
#1113 = EDGE_CURVE ( 'NONE', #3568, #1750, #2084, .T. ) ;
#1114 = CARTESIAN_POINT ( 'NONE',  ( -0.03017966232947124100, 0.08897488925626763400, -0.6891894075176450100 ) ) ;
#1115 = CARTESIAN_POINT ( 'NONE',  ( -0.02249999999999999900, 0.1149999999999999900, 0.0000000000000000000 ) ) ;
#1116 = CARTESIAN_POINT ( 'NONE',  ( 0.1153641048410727900, -0.1501992268295376800, -0.2387500000000155100 ) ) ;
#1117 = CARTESIAN_POINT ( 'NONE',  ( -0.05822767078970044600, 0.04481268346886505700, -0.3437499999999953400 ) ) ;
#1118 = CARTESIAN_POINT ( 'NONE',  ( 0.1720159973513898100, 0.02246524828796574900, -0.3887499999999934300 ) ) ;
#1119 = CARTESIAN_POINT ( 'NONE',  ( -0.06581767824930476200, 0.006423048454132381700, -0.05999999999999994900 ) ) ;
#1120 = VECTOR ( 'NONE', #908, 39.37007874015748100 ) ;
#1122 = CARTESIAN_POINT ( 'NONE',  ( 1.596388136598102700E-015, 0.09375000000000009700, -0.5102126903450984200 ) ) ;
#1121 = DIRECTION ( 'NONE',  ( -2.220446049250312300E-016, -1.000000000000000000, 0.0000000000000000000 ) ) ;
#1123 = CARTESIAN_POINT ( 'NONE',  ( 0.01607208403046160600, -0.01987645246673531600, -0.7585128931594935500 ) ) ;
#1124 = VECTOR ( 'NONE', #1590, 39.37007874015748100 ) ;
#1125 = FACE_OUTER_BOUND ( 'NONE', #451, .T. ) ;
#1126 = PLANE ( 'NONE',  #2112 ) ;
#1127 = DIRECTION ( 'NONE',  ( -0.0000000000000000000, 1.224646799147351000E-016, -1.000000000000000000 ) ) ;
#1128 = AXIS2_PLACEMENT_3D ( 'NONE', #1385, #1081, #208 ) ;
#1129 = VECTOR ( 'NONE', #1017, 39.37007874015748100 ) ;
#1130 = EDGE_LOOP ( 'NONE', ( #3299, #1042, #191, #1089, #1406 ) ) ;
#1131 = CARTESIAN_POINT ( 'NONE',  ( 5.768882536971092700E-013, -0.09374999999999991700, -0.6046127664581292200 ) ) ;
#1132 = CARTESIAN_POINT ( 'NONE',  ( -0.09283158838883751000, -0.1609617364707173500, -0.2725000000000138400 ) ) ;
#1133 = CARTESIAN_POINT ( 'NONE',  ( -0.1996057734679585700, 0.02618562741943490000, -0.1262508147906973000 ) ) ;
#1134 = CARTESIAN_POINT ( 'NONE',  ( -0.1733599542328602400, 0.09997747424958571000, -0.1325000000000000600 ) ) ;
#1135 = PRODUCT_DEFINITION_FORMATION_WITH_SPECIFIED_SOURCE ( 'ANY', '', #2553, .NOT_KNOWN. ) ;
#1136 = CARTESIAN_POINT ( 'NONE',  ( 0.09432423172813136900, -0.1637563834698552700, -0.2374999999999767000 ) ) ;
#1138 = CARTESIAN_POINT ( 'NONE',  ( -0.09627104967398426900, 0.006814162054820028200, -0.09759619273358712000 ) ) ;
#1137 = CARTESIAN_POINT ( 'NONE',  ( 0.05721561278622402200, -0.07452051496721086300, -0.4346446747620732500 ) ) ;
#1139 = VERTEX_POINT ( 'NONE', #500 ) ;
#1140 = DIRECTION ( 'NONE',  ( -0.2505628070857330300, 0.2505628070857312500, 0.9351131265310291800 ) ) ;
#1141 = CARTESIAN_POINT ( 'NONE',  ( -0.03587994867618711500, -0.04650367021129255000, -0.6507373477115157000 ) ) ;
#1142 = ORIENTED_EDGE ( 'NONE', *, *, #2169, .F. ) ;
#1143 = CARTESIAN_POINT ( 'NONE',  ( -0.06588754541579434900, -0.01718897351001722600, -0.01982102070096071100 ) ) ;
#1144 = CARTESIAN_POINT ( 'NONE',  ( -0.06193235318423184100, -0.07065082211740296400, -0.2971525437193739400 ) ) ;
#1145 = CARTESIAN_POINT ( 'NONE',  ( 3.193689513197023100E-016, 0.09375000000000001400, -0.1410015815360617400 ) ) ;
#1146 = ORIENTED_EDGE ( 'NONE', *, *, #3058, .T. ) ;
#1147 = CARTESIAN_POINT ( 'NONE',  ( -0.1130148883773023900, -0.1469744494558277400, -0.2712500000000060400 ) ) ;
#1148 = ORIENTED_EDGE ( 'NONE', *, *, #417, .F. ) ;
#1149 = EDGE_LOOP ( 'NONE', ( #590, #3266, #652, #889 ) ) ;
#1150 = DATE_AND_TIME ( #1794, #1880 ) ;
#1151 = VERTEX_POINT ( 'NONE', #231 ) ;
#1152 = CARTESIAN_POINT ( 'NONE',  ( -0.09159182550861172400, 1.290264227409698700E-016, -1.053580696334676300 ) ) ;
#1153 = CARTESIAN_POINT ( 'NONE',  ( 3.612636390599841100E-014, 0.09375000000000009700, -0.5397873096549127300 ) ) ;
#1154 = CARTESIAN_POINT ( 'NONE',  ( -0.04362149055939181000, 0.07590895786774513900, -0.5269873477115089000 ) ) ;
#1155 = CARTESIAN_POINT ( 'NONE',  ( -0.05762043925222932300, 0.07495540050556499800, -0.3466551750965720700 ) ) ;
#1156 = EDGE_CURVE ( 'NONE', #2992, #3233, #2259, .T. ) ;
#1157 = ORIENTED_EDGE ( 'NONE', *, *, #2333, .T. ) ;
#1158 = AXIS2_PLACEMENT_3D ( 'NONE', #186, #3603, #3328 ) ;
#1159 = DIRECTION ( 'NONE',  ( 1.000000000000000000, 0.0000000000000000000, 0.0000000000000000000 ) ) ;
#1160 = VERTEX_POINT ( 'NONE', #2429 ) ;
#1161 = CARTESIAN_POINT ( 'NONE',  ( 0.1037376415102390200, -0.1350705198670705300, -0.4137499999999988400 ) ) ;
#1162 = CARTESIAN_POINT ( 'NONE',  ( -0.07335637773622212500, 0.05643914681749017500, -0.1637500000000015100 ) ) ;
#1164 = DIRECTION ( 'NONE',  ( 1.000000000000000000, -2.220446049250312300E-016, 1.224646799147351000E-016 ) ) ;
#1163 = DIRECTION ( 'NONE',  ( 1.000000000000000000, 0.0000000000000000000, 0.0000000000000000000 ) ) ;
#1165 = CARTESIAN_POINT ( 'NONE',  ( 0.01228361032807748900, -0.09314234325774681200, -0.6218161225352584200 ) ) ;
#1166 = ADVANCED_FACE ( 'NONE', ( #459 ), #3465, .F. ) ;
#1167 = CARTESIAN_POINT ( 'NONE',  ( 0.02147102871678074600, 0.07946145616127889300, -0.5494873477115140800 ) ) ;
#1168 = CARTESIAN_POINT ( 'NONE',  ( 0.02000000000000013200, -0.09159182550861177900, -1.250000000000000000 ) ) ;
#1169 = CARTESIAN_POINT ( 'NONE',  ( 0.09375000000000009700, -4.163336342344340100E-017, -1.250000000000000000 ) ) ;
#1170 = VECTOR ( 'NONE', #1585, 39.37007874015748100 ) ;
#1171 = ADVANCED_FACE ( 'NONE', ( #2909 ), #3200, .F. ) ;
#1172 = CARTESIAN_POINT ( 'NONE',  ( -0.08938155570362364700, 0.02000000000000012900, -1.053580696334676300 ) ) ;
#1173 = CARTESIAN_POINT ( 'NONE',  ( 0.07062706476391274200, -0.06195431946200407500, -0.2080882748663566400 ) ) ;
#1174 = CYLINDRICAL_SURFACE ( 'NONE', #2384, 0.09374999999999998600 ) ;
#1175 = VECTOR ( 'NONE', #3050, 39.37007874015748100 ) ;
#1176 = CARTESIAN_POINT ( 'NONE',  ( 0.1388526966078340600, 0.1066442573433466200, -0.3687499999999839200 ) ) ;
#1177 = CARTESIAN_POINT ( 'NONE',  ( 0.1150000000000001000, -0.02249999999999959700, 0.0000000000000000000 ) ) ;
#1178 = CIRCLE ( 'NONE', #1489, 0.06613034342548929100 ) ;
#1179 = CARTESIAN_POINT ( 'NONE',  ( 0.006190174973588567100, -0.09374999999999994400, -0.6235881341295461700 ) ) ;
#1180 = CARTESIAN_POINT ( 'NONE',  ( 0.03228134405187739500, 0.004112290808115866100, -0.7632373477114726700 ) ) ;
#1181 = EDGE_CURVE ( 'NONE', #1405, #385, #1518, .T. ) ;
#1182 = ORIENTED_EDGE ( 'NONE', *, *, #1837, .F. ) ;
#1183 = CARTESIAN_POINT ( 'NONE',  ( 0.02000000000000010800, -0.08938155570362364700, -1.053580696334676300 ) ) ;
#1184 = EDGE_LOOP ( 'NONE', ( #1035, #909, #2602, #2062 ) ) ;
#1185 = AXIS2_PLACEMENT_3D ( 'NONE', #1487, #74, #1217 ) ;
#1186 = CARTESIAN_POINT ( 'NONE',  ( 0.1204703996100286600, -0.06956449259152434900, -0.5874999999999821500 ) ) ;
#1187 = CARTESIAN_POINT ( 'NONE',  ( 0.0000000000000000000, 3.374459510989167300E-033, -2.755455298081539800E-017 ) ) ;
#1188 = ADVANCED_FACE ( 'NONE', ( #1858 ), #1646, .T. ) ;
#1189 = ORIENTED_EDGE ( 'NONE', *, *, #98, .F. ) ;
#1190 = ORIENTED_EDGE ( 'NONE', *, *, #98, .T. ) ;
#1192 = DIRECTION ( 'NONE',  ( 8.659560562354976000E-017, 0.7071067811865509000, 0.7071067811865441300 ) ) ;
#1191 = CARTESIAN_POINT ( 'NONE',  ( 0.08938155570362368900, -0.01999999999999999700, -1.053580696334676300 ) ) ;
#1193 = ADVANCED_FACE ( 'NONE', ( #987 ), #66, .F. ) ;
#1194 = EDGE_CURVE ( 'NONE', #2104, #307, #3388, .T. ) ;
#1195 = VERTEX_POINT ( 'NONE', #918 ) ;
#1196 =( BOUNDED_CURVE ( )  B_SPLINE_CURVE ( 3, ( #3341, #2210, #238, #2481 ),
 .UNSPECIFIED., .F., .T. ) 
 B_SPLINE_CURVE_WITH_KNOTS ( ( 4, 4 ),
 ( 1.396327866592876200, 1.637722441074340100 ),
 .UNSPECIFIED. ) 
 CURVE ( )  GEOMETRIC_REPRESENTATION_ITEM ( )  RATIONAL_B_SPLINE_CURVE ( ( 1.000000000000000000, 0.9951499471396296800, 0.9951499471396296800, 1.000000000000000000 ) ) 
 REPRESENTATION_ITEM ( '' )  );
#1197 = CARTESIAN_POINT ( 'NONE',  ( 0.04864908474871196300, 0.06311925758304606800, -0.5607373477115191700 ) ) ;
#1198 = VERTEX_POINT ( 'NONE', #2611 ) ;
#1199 = CARTESIAN_POINT ( 'NONE',  ( -0.09375333184402051500, -0.006095438784453052800, -0.3191725069866654900 ) ) ;
#1200 = DIRECTION ( 'NONE',  ( 0.0000000000000000000, 1.000000000000000000, 0.0000000000000000000 ) ) ;
#1201 = CARTESIAN_POINT ( 'NONE',  ( 0.006185807736753270100, 0.09375000000000002800, -0.1429338970009113600 ) ) ;
#1202 = EDGE_CURVE ( 'NONE', #3578, #1674, #2047, .T. ) ;
#1204 = CARTESIAN_POINT ( 'NONE',  ( -0.03021642854696895300, 0.08895915882689732500, -0.7020678656690139100 ) ) ;
#1203 = CARTESIAN_POINT ( 'NONE',  ( 0.09375000000000006900, -3.906755786051552400E-017, -1.053580696334676300 ) ) ;
#1205 = ORIENTED_EDGE ( 'NONE', *, *, #1099, .F. ) ;
#1206 = CARTESIAN_POINT ( 'NONE',  ( 0.1072016567107817700, 0.1394100959753512000, -0.3662499999999981900 ) ) ;
#1207 = ADVANCED_FACE ( 'NONE', ( #2128 ), #3023, .T. ) ;
#1208 = DIRECTION ( 'NONE',  ( -3.372511997194915200E-015, 0.9659258262890682000, -0.2588190451025213500 ) ) ;
#1209 = DIRECTION ( 'NONE',  ( 0.0000000000000000000, -0.4226182617406960600, -0.9063077870366516000 ) ) ;
#1210 = ORIENTED_EDGE ( 'NONE', *, *, #683, .F. ) ;
#1211 = CARTESIAN_POINT ( 'NONE',  ( 0.0000000000000000000, 9.184850993605133600E-017, -0.7500000000000001100 ) ) ;
#1213 = CARTESIAN_POINT ( 'NONE',  ( -0.07450631072045592300, 0.05723414556748780000, -0.6860368111625604300 ) ) ;
#1212 = DIRECTION ( 'NONE',  ( -2.220446049250312300E-016, -1.000000000000000000, 0.0000000000000000000 ) ) ;
#1214 = CARTESIAN_POINT ( 'NONE',  ( -0.09313201538917143000, 0.01238067929216580400, -0.5005852623030107000 ) ) ;
#1215 = CARTESIAN_POINT ( 'NONE',  ( 0.1422500937877777800, 0.01850716635242317600, -0.5687500000000046400 ) ) ;
#1216 = LINE ( 'NONE', #2981, #457 ) ;
#1217 = DIRECTION ( 'NONE',  ( 0.0000000000000000000, 1.000000000000000000, 1.224646799147351000E-016 ) ) ;
#1218 = FACE_OUTER_BOUND ( 'NONE', #1803, .T. ) ;
#1219 = CYLINDRICAL_SURFACE ( 'NONE', #2090, 0.09374999999999998600 ) ;
#1220 = EDGE_CURVE ( 'NONE', #3510, #1941, #722, .T. ) ;
#1221 = CARTESIAN_POINT ( 'NONE',  ( 0.0000000000000000000, 9.184850993605133600E-017, -0.7500000000000001100 ) ) ;
#1222 = CARTESIAN_POINT ( 'NONE',  ( 0.0000000000000000000, 9.184850993605133600E-017, -0.7500000000000001100 ) ) ;
#1223 = ADVANCED_FACE ( 'NONE', ( #1560 ), #3187, .F. ) ;
#1224 = VECTOR ( 'NONE', #2726, 39.37007874015748900 ) ;
#1225 = VERTEX_POINT ( 'NONE', #2497 ) ;
#1226 = DIRECTION ( 'NONE',  ( -0.9659258262890682000, -3.372511997194915200E-015, -0.2588190451025213500 ) ) ;
#1227 = CARTESIAN_POINT ( 'NONE',  ( -0.07792261107689685300, -0.1012108582215277000, -0.6362500000000048700 ) ) ;
#1228 = EDGE_CURVE ( 'NONE', #240, #123, #280, .T. ) ;
#1229 = DIRECTION ( 'NONE',  ( 0.0000000000000000000, 0.2588190451025213500, 0.9659258262890682000 ) ) ;
#1230 = VERTEX_POINT ( 'NONE', #1414 ) ;
#1231 = VERTEX_POINT ( 'NONE', #2784 ) ;
#1232 = CARTESIAN_POINT ( 'NONE',  ( 0.05386809613922933400, 0.09323691945755127600, -0.7224999999999628400 ) ) ;
#1233 = CARTESIAN_POINT ( 'NONE',  ( -0.04867547765956422400, -0.02792509414723324000, -0.6280126522884775800 ) ) ;
#1234 = CARTESIAN_POINT ( 'NONE',  ( -0.02231683999975691100, 0.09175383987403919200, -0.1340324610380000700 ) ) ;
#1235 = EDGE_LOOP ( 'NONE', ( #2892, #2, #2850, #3198 ) ) ;
#1236 = ORIENTED_EDGE ( 'NONE', *, *, #1824, .F. ) ;
#1237 = FACE_OUTER_BOUND ( 'NONE', #2834, .T. ) ;
#1238 = DIRECTION ( 'NONE',  ( -4.440892098500624700E-016, -1.000000000000000000, 6.734525253775611300E-048 ) ) ;
#1239 = ORIENTED_EDGE ( 'NONE', *, *, #683, .T. ) ;
#1240 = CARTESIAN_POINT ( 'NONE',  ( -0.05127025596665388300, 0.1909754545328356300, -0.1550000000000094100 ) ) ;
#1241 = CARTESIAN_POINT ( 'NONE',  ( 0.08308281567517991600, -0.1082942884921213900, -0.5987500000000081100 ) ) ;
#1242 = DIRECTION ( 'NONE',  ( 0.0000000000000000000, -0.7071067811865511300, 0.7071067811865439100 ) ) ;
#1243 = CARTESIAN_POINT ( 'NONE',  ( 0.07628747709871451500, -0.05876890701375277200, -0.7662499999999929900 ) ) ;
#1244 = CARTESIAN_POINT ( 'NONE',  ( -0.08118988160479113900, -0.04687499999999997200, 0.0000000000000000000 ) ) ;
#1245 = EDGE_LOOP ( 'NONE', ( #3140, #2322, #1882, #3263, #1994, #2139, #3312 ) ) ;
#1246 = PLANE ( 'NONE',  #518 ) ;
#1247 = CARTESIAN_POINT ( 'NONE',  ( 0.07058860935437698300, -0.06199682984035086900, -0.2531808928511427600 ) ) ;
#1248 = EDGE_CURVE ( 'NONE', #3452, #385, #179, .T. ) ;
#1249 = ORIENTED_EDGE ( 'NONE', *, *, #2311, .F. ) ;
#1250 = CARTESIAN_POINT ( 'NONE',  ( 0.01442738859787299700, 0.1093513766354892300, -0.7112500000000059300 ) ) ;
#1251 = CARTESIAN_POINT ( 'NONE',  ( -0.1596236442139615200, -0.09194226977269896700, -0.2824999999999897000 ) ) ;
#1252 = CARTESIAN_POINT ( 'NONE',  ( -0.05714678291363059500, 0.09937554070000688400, -0.6925078740157364400 ) ) ;
#1253 = CARTESIAN_POINT ( 'NONE',  ( -0.05714678291725513300, 0.09937554069885673500, -0.6925000000000073300 ) ) ;
#1254 = AXIS2_PLACEMENT_3D ( 'NONE', #639, #925, #1212 ) ;
#1255 = CARTESIAN_POINT ( 'NONE',  ( -0.05132796992398296100, 0.006832142589329415400, -0.6467626522884646300 ) ) ;
#1256 = DIRECTION ( 'NONE',  ( 0.0000000000000000000, 1.000000000000000000, 0.0000000000000000000 ) ) ;
#1257 = LINE ( 'NONE', #2635, #276 ) ;
#1258 = CARTESIAN_POINT ( 'NONE',  ( -0.08134765947712524500, -0.04700266482538507200, -0.6539130304094286100 ) ) ;
#1259 = LINE ( 'NONE', #489, #1814 ) ;
#1260 = CARTESIAN_POINT ( 'NONE',  ( 0.09314280206331483600, 0.01228486869647387300, -0.2293251690949461300 ) ) ;
#1261 = B_SPLINE_SURFACE_WITH_KNOTS ( 'NONE', 1, 3, ( 
 ( #1977, #3149, #3464, #1759, #3174, #1476, #2037, #917, #2907, #3185, #1747, #1486, #3476, #903, #349, #2896, #2306, #65, #635, #2995, #2373, #3638, #437, #2961, #2974, #1789, #2396, #1838, #1517, #3540, #2681, #3517, #676, #1266, #1278, #3240, #1813, #1529, #1252, #690, #2089, #447, #981, #3252, #3550, #1826, #1802, #2360, #1551, #1543, #3529, #118, #1562, #142, #2667, #994, #2984, #957, #970 ),
 ( #1292, #133, #155, #2102, #2115, #423, #2372, #705, #406, #2122, #2656, #2642, #947, #2383, #2951, #3264, #3230, #2078, #715, #2695, #2940, #1241, #3217, #3509, #107, #394, #2344, #1016, #1852, #165, #3282, #2410, #2133, #2714, #2704, #724, #1299, #3003, #1005, #3273, #455, #1309, #2994, #1580, #736, #1571, #3559, #807, #1343, #217, #3367, #797, #3035, #2761, #3319, #1382, #1641, #1061, #1612 ),
 ( #3349, #232, #533, #192, #2205, #1332, #1897, #1356, #2504, #2777, #2489, #783, #1076, #2161, #207, #3304, #2177, #1602, #519, #1628, #501, #819, #1914, #2474, #2792, #2805, #546, #2460, #3048, #3333, #3620, #3073, #3633, #1093, #3022, #2192, #2221, #3060, #3594, #1884, #2445, #1369, #1929, #1656, #487, #3645, #769, #2746, #1050, #3607, #1943, #249, #1970, #1108, #3392, #2821, #3099, #3087, #1394 ) ),
 .UNSPECIFIED., .F., .F., .F.,
 ( 2, 1, 2 ),
 ( 4, 2, 2, 2, 2, 2, 2, 2, 2, 2, 2, 2, 2, 2, 2, 2, 2, 2, 2, 2, 2, 2, 2, 2, 2, 2, 2, 3, 4 ),
 ( -0.001574803149611112800, 0.0000000000000000000, 1.000000000000000000 ),
 ( 0.0000000000000000000, 0.03125000000000000000, 0.06250000000000000000, 0.09375000000000000000, 0.1250000000000000000, 0.1562500000000000000, 0.1875000000000000000, 0.2187500000000000000, 0.2500000000000000000, 0.2812500000000000000, 0.3125000000000000000, 0.3437500000000000000, 0.3750000000000000000, 0.4062500000000000000, 0.4375000000000000000, 0.4687500000000000000, 0.5000000000000000000, 0.5312500000000000000, 0.5625000000000000000, 0.5937500000000000000, 0.6250000000000000000, 0.6562500000000000000, 0.6875000000000000000, 0.7187500000000000000, 0.7500000000000000000, 0.7812500000000000000, 0.8125000000000000000, 0.8250010036291767200, 0.8332510136654685000 ),
 .UNSPECIFIED. ) ;
#1262 = FACE_OUTER_BOUND ( 'NONE', #1320, .T. ) ;
#1263 =( CONVERSION_BASED_UNIT ( 'INCH', #2505 ) LENGTH_UNIT ( ) NAMED_UNIT ( #3673 ) );
#1264 = CONICAL_SURFACE ( 'NONE', #1128, 0.2099999999999998500, 0.7853981633974532800 ) ;
#1265 = CARTESIAN_POINT ( 'NONE',  ( 0.1388526966073845800, 0.1066442573428157500, -0.3687500000000016900 ) ) ;
#1266 = CARTESIAN_POINT ( 'NONE',  ( -0.1197404452282107600, 0.01578731451545261100, -0.6662578740157221200 ) ) ;
#1267 = CARTESIAN_POINT ( 'NONE',  ( -0.1197404452280691600, 0.01578731451860123500, -0.6662500000000054500 ) ) ;
#1268 = ORIENTED_EDGE ( 'NONE', *, *, #1527, .T. ) ;
#1269 = CARTESIAN_POINT ( 'NONE',  ( 0.05386809613550784500, 0.09323691946125145500, -0.7175000000000070200 ) ) ;
#1270 = CARTESIAN_POINT ( 'NONE',  ( 0.1095186519195739300, -0.08430717910263241200, -0.5862499999999919400 ) ) ;
#1271 = CARTESIAN_POINT ( 'NONE',  ( 0.02000000000000014300, -0.02672841535995554600, -1.178506986449193700 ) ) ;
#1272 = CARTESIAN_POINT ( 'NONE',  ( 0.08135330323521448900, 0.04698953238454874800, -0.2183269591563617700 ) ) ;
#1273 = ORIENTED_EDGE ( 'NONE', *, *, #1202, .F. ) ;
#1274 = CARTESIAN_POINT ( 'NONE',  ( -0.02432259345210375000, -0.1854167873646945200, -0.2562499999999993700 ) ) ;
#1275 = CARTESIAN_POINT ( 'NONE',  ( 0.02672841535995582700, -0.01999999999999997600, -1.178506986449193500 ) ) ;
#1276 = EDGE_CURVE ( 'NONE', #3452, #3322, #3114, .T. ) ;
#1277 = CARTESIAN_POINT ( 'NONE',  ( 0.08479638390727875500, -0.1472254264527453100, -0.4174999999999889900 ) ) ;
#1278 = CARTESIAN_POINT ( 'NONE',  ( -0.1157373309183940800, 0.03121989934649823200, -0.6700078740157619000 ) ) ;
#1279 = AXIS2_PLACEMENT_3D ( 'NONE', #1781, #1509, #668 ) ;
#1280 = CARTESIAN_POINT ( 'NONE',  ( -0.1312883431291012000, -0.1008310256751953600, -0.4637499999999860600 ) ) ;
#1281 = VECTOR ( 'NONE', #1361, 39.37007874015748100 ) ;
#1282 = CARTESIAN_POINT ( 'NONE',  ( -0.1157373309203073400, 0.03121989934366213600, -0.6700000000000039300 ) ) ;
#1283 = CARTESIAN_POINT ( 'NONE',  ( -0.02987853950580284700, -0.05161468312571475300, -0.6130126522884930000 ) ) ;
#1284 = CARTESIAN_POINT ( 'NONE',  ( 0.09069174712690099300, 0.1178264456169744200, -0.5412499999999994500 ) ) ;
#1285 = DATE_AND_TIME ( #2107, #1499 ) ;
#1286 = DIRECTION ( 'NONE',  ( -1.000000000000000000, 0.0000000000000000000, 0.0000000000000000000 ) ) ;
#1287 = CARTESIAN_POINT ( 'NONE',  ( 0.0000000000000000000, 0.0000000000000000000, 0.0000000000000000000 ) ) ;
#1288 = B_SPLINE_SURFACE_WITH_KNOTS ( 'NONE', 1, 3, ( 
 ( #1754, #850, #2248, #2014, #3131, #54, #1154, #1706, #2003, #624, #1167, #575, #1197, #2554, #1437, #3426, #901, #2870, #1733, #2024, #3411, #2842, #2286, #2537, #27, #3, #1696, #3147, #1141, #3115, #312, #2272, #2570, #3438, #863, #3173, #13, #281, #603, #1475, #1453, #877, #2586, #334, #1427, #2296, #1991, #2599, #1180, #1721, #40, #1975, #2883, #3159, #2895, #296 ),
 ( #322, #614, #1464, #2260, #588, #891, #2857, #3451, #390, #2043, #348, #2620, #936, #3204, #2653, #2929, #1215, #1514, #2036, #378, #1496, #84, #2305, #1768, #3505, #3485, #634, #1505, #1227, #360, #2609, #1777, #1745, #673, #3494, #2937, #2918, #368, #954, #2315, #2905, #1250, #944, #1485, #93, #915, #3197, #3215, #2076, #73, #3475, #928, #1758, #644, #3228, #2053 ) ),
 .UNSPECIFIED., .F., .F., .F.,
 ( 2, 2 ),
 ( 4, 2, 2, 2, 2, 2, 2, 2, 2, 2, 2, 2, 2, 2, 2, 2, 2, 2, 2, 2, 2, 2, 2, 2, 2, 2, 2, 4 ),
 ( 0.0000000000000000000, 1.000000000000000000 ),
 ( 0.0000000000000000000, 0.03125000000000000000, 0.06250000000000000000, 0.09375000000000000000, 0.1250000000000000000, 0.1562500000000000000, 0.1875000000000000000, 0.2187500000000000000, 0.2500000000000000000, 0.2812500000000000000, 0.3125000000000000000, 0.3437500000000000000, 0.3750000000000000000, 0.4062500000000000000, 0.4375000000000000000, 0.4687500000000000000, 0.5000000000000000000, 0.5312500000000000000, 0.5625000000000000000, 0.5937500000000000000, 0.6250000000000000000, 0.6562500000000000000, 0.6875000000000000000, 0.7187500000000000000, 0.7500000000000000000, 0.7812500000000000000, 0.8125000000000000000, 0.8250135976237345000 ),
 .UNSPECIFIED. ) ;
#1289 = CARTESIAN_POINT ( 'NONE',  ( 0.1356279192340484900, -0.1042950408770777800, -0.4062499999999988900 ) ) ;
#1290 = CARTESIAN_POINT ( 'NONE',  ( -0.02308436334285722900, 0.1767456879382311700, -0.3387500000000351900 ) ) ;
#1291 = ORIENTED_EDGE ( 'NONE', *, *, #2171, .F. ) ;
#1292 = CARTESIAN_POINT ( 'NONE',  ( -0.1621624753043566800, 0.0000000000000000000, -0.4824999999999999800 ) ) ;
#1293 = CARTESIAN_POINT ( 'NONE',  ( 0.1863688651289982500, 0.05003226946496885900, -0.1999999999999878800 ) ) ;
#1294 = CARTESIAN_POINT ( 'NONE',  ( -0.1211773365095403400, 0.1577635803099373400, -0.1487499999999985200 ) ) ;
#1295 = CARTESIAN_POINT ( 'NONE',  ( 0.01941427525039509500, 0.03345902967531030200, -0.7030126522884707600 ) ) ;
#1296 = ORIENTED_EDGE ( 'NONE', *, *, #2004, .F. ) ;
#1297 = CARTESIAN_POINT ( 'NONE',  ( 0.006120880674038219800, -0.09375000000005247200, -0.2751664822751240200 ) ) ;
#1298 = CARTESIAN_POINT ( 'NONE',  ( -0.02184613323280073000, -0.1664980250206031000, -0.4362500000000290000 ) ) ;
#1299 = CARTESIAN_POINT ( 'NONE',  ( -0.09290306451661922700, 0.07153804305588464000, -0.6812499999999959100 ) ) ;
#1300 = CARTESIAN_POINT ( 'NONE',  ( -0.1211773365101617800, 0.1577635803075669600, -0.1437500000000064000 ) ) ;
#1301 = LINE ( 'NONE', #1687, #1433 ) ;
#1302 = VECTOR ( 'NONE', #213, 39.37007874015748900 ) ;
#1303 = LINE ( 'NONE', #1062, #1175 ) ;
#1304 = DIRECTION ( 'NONE',  ( -0.0000000000000000000, 1.224646799147351000E-016, -1.000000000000000000 ) ) ;
#1305 = CARTESIAN_POINT ( 'NONE',  ( 0.01234396310979851900, 0.09313479758343008700, -0.1926858558980271700 ) ) ;
#1306 = LINE ( 'NONE', #612, #645 ) ;
#1307 = ORIENTED_EDGE ( 'NONE', *, *, #1015, .F. ) ;
#1308 = CARTESIAN_POINT ( 'NONE',  ( 0.02432259345210381600, -0.1862050691135773700, -0.2487500000000005500 ) ) ;
#1309 = CARTESIAN_POINT ( 'NONE',  ( 0.01442738859387240700, 0.1093513766358169700, -0.7112500000000052700 ) ) ;
#1310 = CARTESIAN_POINT ( 'NONE',  ( 0.09375000000000006900, -4.163320649340343300E-017, -1.053580696334676300 ) ) ;
#1311 = CARTESIAN_POINT ( 'NONE',  ( -0.03605079125629756500, 0.06265110115602003100, -0.3049999999999748500 ) ) ;
#1312 = ORIENTED_EDGE ( 'NONE', *, *, #411, .F. ) ;
#1313 = VERTEX_POINT ( 'NONE', #3359 ) ;
#1314 = ORIENTED_EDGE ( 'NONE', *, *, #2844, .F. ) ;
#1315 = CARTESIAN_POINT ( 'NONE',  ( -0.06613034342548927700, 8.098631340254066100E-018, -0.05999999999999999800 ) ) ;
#1316 = DIRECTION ( 'NONE',  ( 0.0000000000000000000, 1.000000000000000000, 0.0000000000000000000 ) ) ;
#1317 = CARTESIAN_POINT ( 'NONE',  ( 0.1388526966073845800, 0.1066442573428157500, -0.3687500000000016900 ) ) ;
#1318 = CARTESIAN_POINT ( 'NONE',  ( -0.08946597751742854700, -0.03254038139099875400, -0.1329217145618256700 ) ) ;
#1319 = AXIS2_PLACEMENT_3D ( 'NONE', #363, #649, #682 ) ;
#1320 = EDGE_LOOP ( 'NONE', ( #1578, #691 ) ) ;
#1321 = ORIENTED_EDGE ( 'NONE', *, *, #2733, .F. ) ;
#1322 = LINE ( 'NONE', #1203, #3310 ) ;
#1323 = VERTEX_POINT ( 'NONE', #1936 ) ;
#1324 = CARTESIAN_POINT ( 'NONE',  ( -0.09374999999999995800, -0.01238416005980683500, -0.4591442012074474800 ) ) ;
#1325 = CARTESIAN_POINT ( 'NONE',  ( 0.06497771560650676700, -0.008557155929602166400, -0.3687499999999855900 ) ) ;
#1326 = ORIENTED_EDGE ( 'NONE', *, *, #2061, .F. ) ;
#1327 = CARTESIAN_POINT ( 'NONE',  ( -0.1755806689972352300, 0.04723896557561786700, -0.3099999999999851800 ) ) ;
#1328 = ORIENTED_EDGE ( 'NONE', *, *, #3587, .T. ) ;
#1329 = CARTESIAN_POINT ( 'NONE',  ( 0.03021930039425563300, -0.08895601451028037300, -0.4074233744892946100 ) ) ;
#1330 = CARTESIAN_POINT ( 'NONE',  ( 0.05719218658666058700, 0.07453467707524648300, -0.2073324982100048200 ) ) ;
#1331 = VERTEX_POINT ( 'NONE', #1362 ) ;
#1332 = CARTESIAN_POINT ( 'NONE',  ( -0.09585195171247919100, 0.1249098758731027500, -0.5037500000000033600 ) ) ;
#1333 = PLANE ( 'NONE',  #1342 ) ;
#1334 = ORIENTED_EDGE ( 'NONE', *, *, #592, .T. ) ;
#1335 = CARTESIAN_POINT ( 'NONE',  ( -0.08938155570362364700, 0.02000000000000012900, -1.053580696334676300 ) ) ;
#1336 = DIRECTION ( 'NONE',  ( -0.8833308765689108500, 0.4687499999999996100, -0.0000000000000000000 ) ) ;
#1337 = CARTESIAN_POINT ( 'NONE',  ( -0.04631830996052802000, 0.1725490969239538400, -0.3399999999999913600 ) ) ;
#1338 = CARTESIAN_POINT ( 'NONE',  ( 0.02427594361821107000, -0.09076132215515216000, -0.4093560250359575300 ) ) ;
#1339 = DIRECTION ( 'NONE',  ( 0.0000000000000000000, 1.000000000000000000, 1.219574997171546800E-016 ) ) ;
#1340 = LINE ( 'NONE', #2327, #1591 ) ;
#1341 = EDGE_CURVE ( 'NONE', #200, #1570, #1960, .T. ) ;
#1342 = AXIS2_PLACEMENT_3D ( 'NONE', #1851, #3293, #1014 ) ;
#1343 = CARTESIAN_POINT ( 'NONE',  ( 0.1006938193548321500, 0.01306746266872045200, -0.7487499999999945900 ) ) ;
#1344 = VECTOR ( 'NONE', #164, 39.37007874015748100 ) ;
#1345 = LINE ( 'NONE', #2910, #1909 ) ;
#1346 = DIRECTION ( 'NONE',  ( 0.1072858982069424300, 0.9942282112502790500, 0.0000000000000000000 ) ) ;
#1347 = CARTESIAN_POINT ( 'NONE',  ( -0.1596236442139615200, -0.09194226977269896700, -0.2874999999999897100 ) ) ;
#1348 = FACE_OUTER_BOUND ( 'NONE', #2069, .T. ) ;
#1349 = CARTESIAN_POINT ( 'NONE',  ( 0.08308281567582645500, -0.1082942884923299700, -0.5937499999999770200 ) ) ;
#1350 = DIRECTION ( 'NONE',  ( -1.000000000000000000, -3.491481338843133000E-015, 0.0000000000000000000 ) ) ;
#1351 = CARTESIAN_POINT ( 'NONE',  ( -0.03932207181815041600, -0.06812193266925051200, -0.2950000000000138100 ) ) ;
#1352 = CARTESIAN_POINT ( 'NONE',  ( 0.02432259345444437100, -0.1862050691129992200, -0.2537499999999961500 ) ) ;
#1353 = EDGE_LOOP ( 'NONE', ( #747, #2176, #2457 ) ) ;
#1354 = EDGE_CURVE ( 'NONE', #2959, #1230, #1695, .T. ) ;
#1355 = CARTESIAN_POINT ( 'NONE',  ( 0.09968750209544667600, -0.002020265562218679400, -0.7500000000000002200 ) ) ;
#1356 = CARTESIAN_POINT ( 'NONE',  ( -0.04007488712545801600, 0.1495529643711137300, -0.5150000000000016800 ) ) ;
#1357 = EDGE_LOOP ( 'NONE', ( #357, #3012, #2279, #3584, #752 ) ) ;
#1358 = CARTESIAN_POINT ( 'NONE',  ( -0.01999999999999995900, 0.02672841535995574800, -1.178506986449193500 ) ) ;
#1359 = CARTESIAN_POINT ( 'NONE',  ( 0.02432259345210381600, -0.1862050691135773700, -0.2537500000000005900 ) ) ;
#1360 = CARTESIAN_POINT ( 'NONE',  ( -0.04007488712527421800, 0.1495529643700910200, -0.5150000000000090100 ) ) ;
#1361 = DIRECTION ( 'NONE',  ( 0.0000000000000000000, -1.000000000000000000, 0.0000000000000000000 ) ) ;
#1362 = CARTESIAN_POINT ( 'NONE',  ( 0.06581767824930484500, 0.006423048454132825700, -0.05999999999999999800 ) ) ;
#1363 = EDGE_CURVE ( 'NONE', #3272, #1008, #230, .T. ) ;
#1364 = ORIENTED_EDGE ( 'NONE', *, *, #1778, .F. ) ;
#1365 = CARTESIAN_POINT ( 'NONE',  ( -0.06145244815754216000, -0.04716189993911983100, -0.2562499999999939300 ) ) ;
#1366 = CARTESIAN_POINT ( 'NONE',  ( -0.06195947768366932100, 0.07062158212285513100, -0.3039204514599952400 ) ) ;
#1367 = PERSON_AND_ORGANIZATION ( #822, #3004 ) ;
#1368 = CARTESIAN_POINT ( 'NONE',  ( -0.02308436334565454300, 0.1767456879379644700, -0.3437500000000127700 ) ) ;
#1369 = CARTESIAN_POINT ( 'NONE',  ( 0.01442738859387240700, 0.1093513766358169700, -0.7062500000000053700 ) ) ;
#1371 = CARTESIAN_POINT ( 'NONE',  ( -0.01999999999999995900, 0.08938155570362370200, -1.053580696334676300 ) ) ;
#1370 = CARTESIAN_POINT ( 'NONE',  ( 0.07457330392885051800, 0.05714202518863469000, -0.3906732947665444400 ) ) ;
#1372 = EDGE_CURVE ( 'NONE', #3151, #3226, #3207, .T. ) ;
#1373 = ORIENTED_EDGE ( 'NONE', *, *, #2333, .F. ) ;
#1374 = CARTESIAN_POINT ( 'NONE',  ( -0.1261342393117908000, 0.09707631515143364000, -0.4962499999999912500 ) ) ;
#1375 = CARTESIAN_POINT ( 'NONE',  ( -0.02249999999999999900, -0.06496393230093142100, 0.0000000000000000000 ) ) ;
#1376 = DIRECTION ( 'NONE',  ( 0.04361938736533609700, 0.0000000000000000000, 0.9990482215818576900 ) ) ;
#1377 = CARTESIAN_POINT ( 'NONE',  ( -0.09052242974676359700, 0.02438019878772301400, -0.1024999999999980900 ) ) ;
#1378 = CARTESIAN_POINT ( 'NONE',  ( -0.08134895856857468600, -0.04699850955442480500, -0.2636680000174942400 ) ) ;
#1379 = CARTESIAN_POINT ( 'NONE',  ( -0.02432259345444430200, -0.1854167873652726700, -0.2612500000000039200 ) ) ;
#1380 = CARTESIAN_POINT ( 'NONE',  ( 0.06497771560706963600, -0.008557155930826464800, -0.4187500000000012900 ) ) ;
#1381 = CARTESIAN_POINT ( 'NONE',  ( -0.1430926871981451600, -0.08241442195122805600, -0.4675000000000079600 ) ) ;
#1382 = CARTESIAN_POINT ( 'NONE',  ( 0.05501079052961396800, -0.07571502375771395300, -0.7795003613065071300 ) ) ;
#1384 = DIRECTION ( 'NONE',  ( -1.000000000000000000, 4.440892098500624700E-016, 0.0000000000000000000 ) ) ;
#1383 = CARTESIAN_POINT ( 'NONE',  ( 0.06193843319163649200, -0.07064088511230604000, -0.4328282544265160100 ) ) ;
#1385 = CARTESIAN_POINT ( 'NONE',  ( 0.0000000000000000000, 2.449293598294705200E-018, -0.02000000000000002500 ) ) ;
#1386 = EDGE_CURVE ( 'NONE', #3296, #3504, #2336, .T. ) ;
#1387 = CARTESIAN_POINT ( 'NONE',  ( -0.04716223810054367300, -0.08194042735359663400, -0.6203278824426127200 ) ) ;
#1388 = FACE_BOUND ( 'NONE', #3631, .T. ) ;
#1389 = CARTESIAN_POINT ( 'NONE',  ( -0.02345954316891389300, 0.08749085767064274100, -0.1325000000000024500 ) ) ;
#1390 = CARTESIAN_POINT ( 'NONE',  ( 1.086889520315477700E-016, -0.09159182550861172400, -1.053580696334676300 ) ) ;
#1391 = CARTESIAN_POINT ( 'NONE',  ( 0.02308436334565443200, 0.1759574061924770200, -0.3512499999999873500 ) ) ;
#1392 = CARTESIAN_POINT ( 'NONE',  ( -0.06678384041221799300, -0.03843275320742762400, -0.3100000000000065500 ) ) ;
#1393 = CARTESIAN_POINT ( 'NONE',  ( -0.1587293287161756800, -0.04260435046327208700, -0.4749999999999918700 ) ) ;
#1394 = CARTESIAN_POINT ( 'NONE',  ( 0.04675698778341737900, -0.08086125322944416600, -0.7774703649195675600 ) ) ;
#1396 = CARTESIAN_POINT ( 'NONE',  ( -0.01230330862965073000, 0.09314236924158618400, -0.5062708897987009400 ) ) ;
#1395 = DIRECTION ( 'NONE',  ( -0.0000000000000000000, 0.0000000000000000000, -1.000000000000000000 ) ) ;
#1397 = VECTOR ( 'NONE', #3285, 39.37007874015748100 ) ;
#1398 = ORIENTED_EDGE ( 'NONE', *, *, #2665, .F. ) ;
#1399 = CARTESIAN_POINT ( 'NONE',  ( -0.1464170500878596300, -0.1124574890092518700, -0.2837500000000004500 ) ) ;
#1400 = B_SPLINE_CURVE_WITH_KNOTS ( 'NONE', 3,
 ( #323, #904, #283, #3118, #1155, #1685, #314, #591, #2250, #3161, #2574, #1441, #576, #1199, #880, #6, #626, #2539, #2601, #1144, #3175, #3400, #14, #616, #3429, #1978, #2589, #1709 ),
 .UNSPECIFIED., .F., .F.,
 ( 4, 2, 2, 2, 2, 2, 2, 2, 2, 2, 2, 2, 2, 4 ),
 ( 0.01165548308272292300, 0.01262678351538129200, 0.01359808394803966300, 0.01408373416436884900, 0.01456938438069803300, 0.01505503459702721900, 0.01554068481335640600, 0.01602633502968559000, 0.01651198524601477800, 0.01748328567867314700, 0.01796893589500232800, 0.01845458611133151200, 0.01894023632766069600, 0.01942588654398988100 ),
 .UNSPECIFIED. ) ;
#1401 = CARTESIAN_POINT ( 'NONE',  ( 0.09767551708916621900, 0.01027133494488524100, -0.7500000000000045500 ) ) ;
#1402 = VERTEX_POINT ( 'NONE', #2027 ) ;
#1403 = CARTESIAN_POINT ( 'NONE',  ( 0.04384233696026896400, -0.1633359181203467000, -0.4299999999999747400 ) ) ;
#1404 = CARTESIAN_POINT ( 'NONE',  ( 0.06288289334058719300, -0.01695227975165507600, -0.4224999999999948200 ) ) ;
#1405 = VERTEX_POINT ( 'NONE', #1736 ) ;
#1406 = ORIENTED_EDGE ( 'NONE', *, *, #356, .F. ) ;
#1407 = CARTESIAN_POINT ( 'NONE',  ( 0.02184613323280087600, -0.1672863067620254700, -0.4337499999999708800 ) ) ;
#1408 = CARTESIAN_POINT ( 'NONE',  ( -0.06496393230093150400, 0.02249999999999977400, 0.0000000000000000000 ) ) ;
#1410 = CARTESIAN_POINT ( 'NONE',  ( 0.0000000000000000000, -5.510910596163085200E-017, -0.7500000000000001100 ) ) ;
#1409 = CARTESIAN_POINT ( 'NONE',  ( -0.09374999999999998600, -4.592425496802574200E-017, -0.4969873477115108200 ) ) ;
#1411 = ADVANCED_FACE ( 'NONE', ( #3170 ), #1466, .T. ) ;
#1412 = CARTESIAN_POINT ( 'NONE',  ( 0.09129303754174188100, 0.02457661466872986700, -0.5754419272881972100 ) ) ;
#1413 = CARTESIAN_POINT ( 'NONE',  ( 0.1150000000000001000, -0.02249999999999959700, 0.0000000000000000000 ) ) ;
#1414 = CARTESIAN_POINT ( 'NONE',  ( -1.051098950683118700E-012, 0.09375000000000006900, -0.6990128425711934500 ) ) ;
#1415 = ORIENTED_EDGE ( 'NONE', *, *, #3119, .F. ) ;
#1416 = SHAPE_DEFINITION_REPRESENTATION ( #403, #729 ) ;
#1417 = EDGE_CURVE ( 'NONE', #490, #209, #3558, .T. ) ;
#1418 = CARTESIAN_POINT ( 'NONE',  ( 0.01234085594300898100, -0.09313562635124954200, -0.6006587429424955500 ) ) ;
#1419 = AXIS2_PLACEMENT_3D ( 'NONE', #2775, #1652, #1665 ) ;
#1420 = CARTESIAN_POINT ( 'NONE',  ( 0.1072016567081728500, 0.1394100959769843100, -0.3662500000000052400 ) ) ;
#1421 = EDGE_LOOP ( 'NONE', ( #1429, #2544, #1037, #2316 ) ) ;
#1422 = ORIENTED_EDGE ( 'NONE', *, *, #3544, .F. ) ;
#1423 = CARTESIAN_POINT ( 'NONE',  ( 0.1678891227260012100, 0.09670619368370560200, -0.1924999999999914300 ) ) ;
#1424 = CARTESIAN_POINT ( 'NONE',  ( 0.1356279192340237900, -0.1042950408771924900, -0.4062500000000011700 ) ) ;
#1425 = CARTESIAN_POINT ( 'NONE',  ( 0.08504839469236166700, 0.04000067189435077600, -0.7330065393010670700 ) ) ;
#1426 = CARTESIAN_POINT ( 'NONE',  ( 0.02426734382282768800, -0.09076055979345129500, -0.6182652890858525400 ) ) ;
#1427 = CARTESIAN_POINT ( 'NONE',  ( 0.02311081259251688800, 0.02988808284284120300, -0.7407373477114976800 ) ) ;
#1428 = DIRECTION ( 'NONE',  ( 0.0000000000000000000, -0.0000000000000000000, -1.000000000000000000 ) ) ;
#1429 = ORIENTED_EDGE ( 'NONE', *, *, #3213, .T. ) ;
#1430 = CARTESIAN_POINT ( 'NONE',  ( 0.1150000000000000300, -0.006423048454132196900, -0.05999999999999999800 ) ) ;
#1431 = CARTESIAN_POINT ( 'NONE',  ( 0.05302593981038178400, 0.07812994797257297200, -0.7272173853770979000 ) ) ;
#1432 = CARTESIAN_POINT ( 'NONE',  ( 0.02184613323252510000, -0.1672863067631243100, -0.4287500000000115700 ) ) ;
#1433 = VECTOR ( 'NONE', #3363, 39.37007874015748100 ) ;
#1434 = CARTESIAN_POINT ( 'NONE',  ( 0.1150000000000001000, -0.02249999999999959700, 0.0000000000000000000 ) ) ;
#1435 = DIRECTION ( 'NONE',  ( -0.0000000000000000000, 1.224646799147351000E-016, -1.000000000000000000 ) ) ;
#1436 = CIRCLE ( 'NONE', #1715, 0.2249999999999999800 ) ;
#1437 = CARTESIAN_POINT ( 'NONE',  ( 0.06683113113284207300, 0.03838935842152133700, -0.5719873477115137200 ) ) ;
#1438 = LINE ( 'NONE', #2001, #1815 ) ;
#1439 = EDGE_CURVE ( 'NONE', #743, #1402, #137, .T. ) ;
#1440 = DIRECTION ( 'NONE',  ( 0.0000000000000000000, 0.0000000000000000000, -1.000000000000000000 ) ) ;
#1441 = CARTESIAN_POINT ( 'NONE',  ( -0.09314398509356172600, 0.01227825597065031700, -0.3246613268939341200 ) ) ;
#1442 = VECTOR ( 'NONE', #1465, 39.37007874015748100 ) ;
#1443 = CARTESIAN_POINT ( 'NONE',  ( 0.04704095122003546700, -0.08132371585260767000, -0.5888593035995779400 ) ) ;
#1444 = ADVANCED_FACE ( 'NONE', ( #556 ), #2897, .F. ) ;
#1445 = AXIS2_PLACEMENT_3D ( 'NONE', #2597, #2914, #3471 ) ;
#1446 = ORIENTED_EDGE ( 'NONE', *, *, #3027, .T. ) ;
#1447 = CARTESIAN_POINT ( 'NONE',  ( -0.02432259345197552300, -0.1854167873649539800, -0.2562500000000040900 ) ) ;
#1448 = CARTESIAN_POINT ( 'NONE',  ( -0.09374999999999995800, 0.0000000000000000000, -0.1450000000000000200 ) ) ;
#1449 = PERSON_AND_ORGANIZATION_ROLE ( 'creator' ) ;
#1450 = EDGE_CURVE ( 'NONE', #2992, #733, #1400, .T. ) ;
#1451 = CARTESIAN_POINT ( 'NONE',  ( 0.09129827172774315800, -0.02455972966143142600, -0.5897274920920371200 ) ) ;
#1452 = ORIENTED_EDGE ( 'NONE', *, *, #1248, .T. ) ;
#1453 = CARTESIAN_POINT ( 'NONE',  ( -0.005472216697175360200, 0.04267041266236675700, -0.7182373477115047100 ) ) ;
#1454 = ORIENTED_EDGE ( 'NONE', *, *, #1586, .T. ) ;
#1455 = PLANE ( 'NONE',  #978 ) ;
#1456 = DIRECTION ( 'NONE',  ( -1.000000000000000000, 0.0000000000000000000, 0.0000000000000000000 ) ) ;
#1457 = CARTESIAN_POINT ( 'NONE',  ( 0.0000000000000000000, 9.184850993605133600E-017, -0.7500000000000001100 ) ) ;
#1458 = TOROIDAL_SURFACE ( 'NONE', #271, 0.1937500000000000100, 0.1000000000000000100 ) ;
#1459 = APPROVAL_PERSON_ORGANIZATION ( #620, #219, #1867 ) ;
#1461 = DIRECTION ( 'NONE',  ( 0.0000000000000000000, 0.0000000000000000000, 1.000000000000000000 ) ) ;
#1460 = CARTESIAN_POINT ( 'NONE',  ( -0.06193518736157383600, -0.07064486295574525000, -0.4731480695425294700 ) ) ;
#1462 = CARTESIAN_POINT ( 'NONE',  ( 0.01480183370940766000, -0.02037088280439542200, -0.7600130135949931800 ) ) ;
#1463 = ADVANCED_FACE ( 'NONE', ( #760 ), #2858, .F. ) ;
#1464 = CARTESIAN_POINT ( 'NONE',  ( -0.1562120067746140000, 0.04209716619947837000, -0.4900000000000059900 ) ) ;
#1465 = DIRECTION ( 'NONE',  ( -0.0000000000000000000, -0.04361938736533597200, -0.9990482215818576900 ) ) ;
#1466 = PLANE ( 'NONE',  #1504 ) ;
#1467 = EDGE_CURVE ( 'NONE', #1405, #2824, #2712, .T. ) ;
#1468 = ADVANCED_FACE ( 'NONE', ( #2810 ), #337, .F. ) ;
#1469 = VERTEX_POINT ( 'NONE', #178 ) ;
#1470 = DIRECTION ( 'NONE',  ( -0.0000000000000000000, 1.224646799147351000E-016, -1.000000000000000000 ) ) ;
#1471 = AXIS2_PLACEMENT_3D ( 'NONE', #972, #396, #407 ) ;
#1473 = DIRECTION ( 'NONE',  ( 0.0000000000000000000, 1.000000000000000000, 1.224646799147351000E-016 ) ) ;
#1472 = CARTESIAN_POINT ( 'NONE',  ( 0.0000000000000000000, 0.09375000000000002800, -0.7500000000000001100 ) ) ;
#1474 = CARTESIAN_POINT ( 'NONE',  ( -0.08425020154138970800, 0.04157355780409703600, -0.5094799325266995400 ) ) ;
#1475 = CARTESIAN_POINT ( 'NONE',  ( -0.01129079945712706300, 0.04244640692696122200, -0.7144873477115034600 ) ) ;
#1476 = CARTESIAN_POINT ( 'NONE',  ( -0.09585195171247919100, 0.1249098758731027500, -0.5087578740157513400 ) ) ;
#1477 = DIRECTION ( 'NONE',  ( 1.000000000000000000, 0.0000000000000000000, 0.0000000000000000000 ) ) ;
#1478 = EDGE_CURVE ( 'NONE', #285, #2557, #20, .T. ) ;
#1479 = DIRECTION ( 'NONE',  ( -1.000000000000000000, -3.491481338843133700E-015, 0.0000000000000000000 ) ) ;
#1480 = CARTESIAN_POINT ( 'NONE',  ( -0.01999999999999995900, 0.09159182550861196000, -1.053580696334676300 ) ) ;
#1481 = ADVANCED_FACE ( 'NONE', ( #1218 ), #1246, .F. ) ;
#1482 = CIRCLE ( 'NONE', #2071, 0.09374999999999994400 ) ;
#1483 = DIRECTION ( 'NONE',  ( -0.0000000000000000000, 1.224646799147351000E-016, -1.000000000000000000 ) ) ;
#1484 = VECTOR ( 'NONE', #2829, 39.37007874015748100 ) ;
#1485 = CARTESIAN_POINT ( 'NONE',  ( 0.05386809613922933400, 0.09323691945755127600, -0.7224999999999628400 ) ) ;
#1486 = CARTESIAN_POINT ( 'NONE',  ( 0.07479662473709700100, 0.1295482263312320000, -0.5425078740157077700 ) ) ;
#1487 = CARTESIAN_POINT ( 'NONE',  ( 0.0000000000000000000, 0.0000000000000000000, 0.0000000000000000000 ) ) ;
#1488 = ORIENTED_EDGE ( 'NONE', *, *, #3079, .F. ) ;
#1489 = AXIS2_PLACEMENT_3D ( 'NONE', #1842, #2136, #2413 ) ;
#1490 = DIRECTION ( 'NONE',  ( -0.0000000000000000000, 1.224646799147351000E-016, -1.000000000000000000 ) ) ;
#1491 = ORIENTED_EDGE ( 'NONE', *, *, #260, .T. ) ;
#1492 = CARTESIAN_POINT ( 'NONE',  ( -0.1149999999999998900, -0.02250000000000040200, 0.0000000000000000000 ) ) ;
#1493 = ORIENTED_EDGE ( 'NONE', *, *, #2998, .F. ) ;
#1494 = VERTEX_POINT ( 'NONE', #3503 ) ;
#1495 = ADVANCED_FACE ( 'NONE', ( #2945 ), #3481, .T. ) ;
#1496 = CARTESIAN_POINT ( 'NONE',  ( 0.1095186519210537100, -0.08430717910094694100, -0.5912499999999920600 ) ) ;
#1497 = CYLINDRICAL_SURFACE ( 'NONE', #865, 0.09374999999999998600 ) ;
#1498 = CARTESIAN_POINT ( 'NONE',  ( -0.08118988160479111100, -0.04687499999999997200, -0.1200000000000000200 ) ) ;
#1499 = LOCAL_TIME ( 9, 52, 58.00000000000000000, #83 ) ;
#1500 = EDGE_CURVE ( 'NONE', #1570, #2265, #3482, .T. ) ;
#1501 = ORIENTED_EDGE ( 'NONE', *, *, #3441, .F. ) ;
#1502 = CARTESIAN_POINT ( 'NONE',  ( 0.0000000000000000000, 9.184850993605133600E-017, -0.7500000000000001100 ) ) ;
#1503 = ORIENTED_EDGE ( 'NONE', *, *, #82, .T. ) ;
#1504 = AXIS2_PLACEMENT_3D ( 'NONE', #1169, #1993, #43 ) ;
#1505 = CARTESIAN_POINT ( 'NONE',  ( -0.06433236044272870600, -0.1113925728907934200, -0.6325000000000048400 ) ) ;
#1506 = ORIENTED_EDGE ( 'NONE', *, *, #3066, .T. ) ;
#1507 = CARTESIAN_POINT ( 'NONE',  ( 0.0000000000000000000, 0.0000000000000000000, 38.12007874015748100 ) ) ;
#1508 = ORIENTED_EDGE ( 'NONE', *, *, #655, .T. ) ;
#1509 = DIRECTION ( 'NONE',  ( -0.0000000000000000000, 0.0000000000000000000, -1.000000000000000000 ) ) ;
#1510 = AXIS2_PLACEMENT_3D ( 'NONE', #289, #632, #2853 ) ;
#1511 = CARTESIAN_POINT ( 'NONE',  ( -0.09288394606396140100, 0.01227607300902366700, -0.4667639438031539500 ) ) ;
#1512 = CARTESIAN_POINT ( 'NONE',  ( -0.1612964733957305300, 0.02123305377814752000, -0.4812510661520169600 ) ) ;
#1513 = CARTESIAN_POINT ( 'NONE',  ( 0.0000000000000000000, 0.007120500785191150900, -1.234730036788664200 ) ) ;
#1514 = CARTESIAN_POINT ( 'NONE',  ( 0.1405185824183370600, -0.01850716635242314100, -0.5762499999999952700 ) ) ;
#1515 = CIRCLE ( 'NONE', #746, 0.09374999999999998600 ) ;
#1516 = CARTESIAN_POINT ( 'NONE',  ( 0.1663674901895229600, -0.04476299257665299800, -0.3950000000000083400 ) ) ;
#1517 = CARTESIAN_POINT ( 'NONE',  ( -0.07792261107874483300, -0.1012108582194245600, -0.6362578740157552900 ) ) ;
#1518 = CIRCLE ( 'NONE', #2846, 0.06613034342548929100 ) ;
#1519 = FACE_OUTER_BOUND ( 'NONE', #1149, .T. ) ;
#1520 = CARTESIAN_POINT ( 'NONE',  ( 0.0000000000000000000, 0.0000000000000000000, -1.234730036788664200 ) ) ;
#1521 = CARTESIAN_POINT ( 'NONE',  ( 0.04034280377295199800, 0.06977033658046367900, -0.5230126522885023600 ) ) ;
#1522 = CARTESIAN_POINT ( 'NONE',  ( -3.820996797289505600E-015, 0.09375000000000005600, -0.3649920923196928200 ) ) ;
#1523 = FACE_OUTER_BOUND ( 'NONE', #570, .T. ) ;
#1524 = CARTESIAN_POINT ( 'NONE',  ( 0.09963567355503716300, -0.002903880593050513000, -0.7483333333333349600 ) ) ;
#1525 = ORIENTED_EDGE ( 'NONE', *, *, #955, .T. ) ;
#1526 = PLANE ( 'NONE',  #3421 ) ;
#1527 = EDGE_CURVE ( 'NONE', #307, #2355, #811, .T. ) ;
#1528 = CARTESIAN_POINT ( 'NONE',  ( -0.1771556863275626500, -0.04755629646453209100, -0.2900000000000102500 ) ) ;
#1529 = CARTESIAN_POINT ( 'NONE',  ( -0.07031367964720824900, 0.09167870110794276700, -0.6887578740157520600 ) ) ;
#1530 = AXIS2_PLACEMENT_3D ( 'NONE', #1774, #1786, #3492 ) ;
#1531 = ORIENTED_EDGE ( 'NONE', *, *, #462, .F. ) ;
#1532 = EDGE_LOOP ( 'NONE', ( #1891, #2273, #2600 ) ) ;
#1533 = CARTESIAN_POINT ( 'NONE',  ( -0.07031367964392351600, 0.09167870110962912700, -0.6887500000000066300 ) ) ;
#1534 = CARTESIAN_POINT ( 'NONE',  ( 0.1006938193547064200, 0.01306746266798637100, -0.7437499999999877000 ) ) ;
#1535 = CARTESIAN_POINT ( 'NONE',  ( -0.08896461417734455300, -0.03019548591534337900, -0.6592741299568293200 ) ) ;
#1536 = CARTESIAN_POINT ( 'NONE',  ( 0.08898685623108484900, 0.03013782644430842300, -0.2238526492261272700 ) ) ;
#1537 = FACE_OUTER_BOUND ( 'NONE', #2843, .T. ) ;
#1538 = CARTESIAN_POINT ( 'NONE',  ( -0.1621624753043566800, -7.943670252931684900E-017, -0.4775000000000000400 ) ) ;
#1539 = FACE_OUTER_BOUND ( 'NONE', #434, .T. ) ;
#1540 = APPROVAL_ROLE ( '' ) ;
#1541 = CARTESIAN_POINT ( 'NONE',  ( 0.1539814035672677800, 0.1182707206757283200, -0.1887499999999905100 ) ) ;
#1542 = EDGE_CURVE ( 'NONE', #513, #204, #942, .T. ) ;
#1543 = CARTESIAN_POINT ( 'NONE',  ( 0.09896230804607687700, -0.01306746266872038000, -0.7562578740157535100 ) ) ;
#1544 = PLANE ( 'NONE',  #2604 ) ;
#1545 = CARTESIAN_POINT ( 'NONE',  ( 0.02147102871756944800, 0.07946145616041189200, -0.5155126522884757600 ) ) ;
#1546 = CARTESIAN_POINT ( 'NONE',  ( 0.08308281567517991600, -0.1082942884921213900, -0.5937500000000082200 ) ) ;
#1547 = VERTEX_POINT ( 'NONE', #61 ) ;
#1548 = CARTESIAN_POINT ( 'NONE',  ( 0.08428251539576948900, 0.04151393456709316600, -0.2201745977831978100 ) ) ;
#1549 = AXIS2_PLACEMENT_3D ( 'NONE', #3054, #2783, #237 ) ;
#1550 = CARTESIAN_POINT ( 'NONE',  ( -0.09283158838568796000, -0.1609617364694557700, -0.2674999999999883600 ) ) ;
#1551 = CARTESIAN_POINT ( 'NONE',  ( 0.1006938193548321500, 0.01306746266872045200, -0.7487578740157426700 ) ) ;
#1552 = CARTESIAN_POINT ( 'NONE',  ( -0.1013884250412637200, -0.1318457424951701700, -0.4562500000000139200 ) ) ;
#1553 = CARTESIAN_POINT ( 'NONE',  ( 0.05095292507931491900, 0.1894004372058726300, -0.1749999999999994600 ) ) ;
#1554 = CARTESIAN_POINT ( 'NONE',  ( 0.08415909275059885200, -0.04863596397943225500, -0.7625000000000016200 ) ) ;
#1555 = CARTESIAN_POINT ( 'NONE',  ( 0.1266090208885114200, 0.07284317937885062500, -0.5525000000000099800 ) ) ;
#1556 = EDGE_CURVE ( 'NONE', #1941, #3510, #1436, .T. ) ;
#1557 = DIRECTION ( 'NONE',  ( 0.0000000000000000000, 0.0000000000000000000, 1.000000000000000000 ) ) ;
#1558 = LINE ( 'NONE', #2545, #369 ) ;
#1559 = CARTESIAN_POINT ( 'NONE',  ( -0.1625566657438256300, -0.02122968655635684700, -0.4737495287068159100 ) ) ;
#1560 = FACE_OUTER_BOUND ( 'NONE', #470, .T. ) ;
#1561 = CARTESIAN_POINT ( 'NONE',  ( 0.1901464779515385500, -0.02494170850632089800, -0.2112500000000072400 ) ) ;
#1562 = CARTESIAN_POINT ( 'NONE',  ( 0.07628747709889727200, -0.05876890701275998300, -0.7712578740157314300 ) ) ;
#1563 =( BOUNDED_CURVE ( )  B_SPLINE_CURVE ( 3, ( #2111, #2132, #1569, #2678 ),
 .UNSPECIFIED., .F., .T. ) 
 B_SPLINE_CURVE_WITH_KNOTS ( ( 4, 4 ),
 ( 1.396327866592876200, 1.637722441074340100 ),
 .UNSPECIFIED. ) 
 CURVE ( )  GEOMETRIC_REPRESENTATION_ITEM ( )  RATIONAL_B_SPLINE_CURVE ( ( 1.000000000000000000, 0.9951499471396296800, 0.9951499471396296800, 1.000000000000000000 ) ) 
 REPRESENTATION_ITEM ( '' )  );
#1564 = CARTESIAN_POINT ( 'NONE',  ( 0.1909347597000641500, 0.02494170850621479600, -0.2037500000000149500 ) ) ;
#1565 = DIRECTION ( 'NONE',  ( -0.0000000000000000000, -1.224646799147351000E-016, 1.000000000000000000 ) ) ;
#1566 = VERTEX_POINT ( 'NONE', #2944 ) ;
#1567 = DIRECTION ( 'NONE',  ( -1.224646799147351000E-016, 5.438524293787553300E-032, 1.000000000000000000 ) ) ;
#1568 = CARTESIAN_POINT ( 'NONE',  ( -0.1197404452282107600, 0.01578731451545261100, -0.6612499999999740300 ) ) ;
#1569 = CARTESIAN_POINT ( 'NONE',  ( 0.06617351436309641700, -0.01180387163263050600, -0.03991849451130071600 ) ) ;
#1570 = VERTEX_POINT ( 'NONE', #934 ) ;
#1571 = CARTESIAN_POINT ( 'NONE',  ( 0.08337090741451200200, 0.06392911163834452700, -0.7337499999999720400 ) ) ;
#1572 = CC_DESIGN_PERSON_AND_ORGANIZATION_ASSIGNMENT ( #1670, #3335, ( #2553 ) ) ;
#1573 = CARTESIAN_POINT ( 'NONE',  ( 0.08479638390991474400, -0.1472254264507769900, -0.4225000000000252400 ) ) ;
#1574 = LINE ( 'NONE', #3089, #3116 ) ;
#1575 = CARTESIAN_POINT ( 'NONE',  ( -0.1090374753043566900, -5.341295804743559600E-017, -0.4662500000000000000 ) ) ;
#1576 = CARTESIAN_POINT ( 'NONE',  ( -0.04689087244875118200, 0.08141379974685196400, -0.1743630959108627700 ) ) ;
#1577 = CARTESIAN_POINT ( 'NONE',  ( 0.04600097907679843300, 0.1709740795918846800, -0.3499999999999959300 ) ) ;
#1578 = ORIENTED_EDGE ( 'NONE', *, *, #2435, .T. ) ;
#1579 = DIRECTION ( 'NONE',  ( -1.000000000000000000, -3.491481338843133000E-015, 0.0000000000000000000 ) ) ;
#1580 = CARTESIAN_POINT ( 'NONE',  ( 0.05386809613607232400, 0.09323691946113023300, -0.7225000000000275600 ) ) ;
#1581 = ORIENTED_EDGE ( 'NONE', *, *, #2483, .F. ) ;
#1582 = EDGE_LOOP ( 'NONE', ( #1917, #1334, #2496, #1182 ) ) ;
#1583 = CARTESIAN_POINT ( 'NONE',  ( -0.05050495001344523800, 0.02000000000000014300, -1.133579302811009700 ) ) ;
#1584 = DIRECTION ( 'NONE',  ( 0.0000000000000000000, 1.000000000000000000, 0.0000000000000000000 ) ) ;
#1585 = DIRECTION ( 'NONE',  ( 1.000000000000000000, -4.440892098500625200E-016, 0.0000000000000000000 ) ) ;
#1586 = EDGE_CURVE ( 'NONE', #1008, #2535, #905, .T. ) ;
#1587 = CARTESIAN_POINT ( 'NONE',  ( 0.1000746123198571600, 0.006272082225350332100, -0.7500000000000002200 ) ) ;
#1588 = AXIS2_PLACEMENT_3D ( 'NONE', #3609, #2121, #771 ) ;
#1590 = DIRECTION ( 'NONE',  ( -0.9783048645494204500, 0.0000000000000000000, 0.2071704419045830300 ) ) ;
#1589 = CARTESIAN_POINT ( 'NONE',  ( 0.09159182550861196000, -0.02000000000000000000, -1.053580696334676300 ) ) ;
#1591 = VECTOR ( 'NONE', #656, 39.37007874015748100 ) ;
#1592 = B_SPLINE_CURVE_WITH_KNOTS ( 'NONE', 3,
 ( #125, #2367, #2096, #131, #3216, #689, #956, #1240, #665, #2334, #3549, #2680, #2654, #1541, #3262, #1800, #117, #1561, #2666, #3539, #1836, #980, #2371, #2950, #2077, #968, #3239, #1550, #2067, #379, #1251, #1528, #2088, #2101, #3251, #106, #3528, #675, #1825, #3229, #1290, #3516, #2972, #2960, #704, #1265, #2641, #1812, #141, #422, #1516, #3507, #405, #2359, #1277, #2113, #1788, #435, #2382, #714, #393, #2694, #946, #2939, #993, #2343 ),
 .UNSPECIFIED., .F., .F.,
 ( 4, 2, 2, 2, 2, 2, 2, 2, 2, 2, 2, 2, 2, 2, 2, 2, 2, 2, 2, 2, 2, 2, 2, 2, 2, 2, 2, 2, 2, 2, 2, 2, 4 ),
 ( 0.0000000000000000000, 0.03125000000000000000, 0.06250000000000000000, 0.09375000000000000000, 0.1250000000000000000, 0.1562500000000000000, 0.1875000000000000000, 0.2187500000000000000, 0.2500000000000000000, 0.2812500000000000000, 0.3125000000000000000, 0.3437500000000000000, 0.3750000000000000000, 0.4062500000000000000, 0.4375000000000000000, 0.4687500000000000000, 0.5000000000000000000, 0.5312500000000000000, 0.5625000000000000000, 0.5937500000000000000, 0.6250000000000000000, 0.6562500000000000000, 0.6875000000000000000, 0.7187500000000000000, 0.7500000000000000000, 0.7812500000000000000, 0.8125000000000000000, 0.8437500000000000000, 0.8750000000000000000, 0.9062500000000000000, 0.9375000000000000000, 0.9687500000000000000, 1.000000000000000000 ),
 .UNSPECIFIED. ) ;
#1593 = CARTESIAN_POINT ( 'NONE',  ( -0.08133703934903349600, -0.04701719017326175300, -0.4476674066919875700 ) ) ;
#1594 = CARTESIAN_POINT ( 'NONE',  ( 0.06445791066964876000, 0.01726961064171890500, -0.3575000000000128600 ) ) ;
#1595 = VECTOR ( 'NONE', #300, 39.37007874015748100 ) ;
#1596 = CARTESIAN_POINT ( 'NONE',  ( 0.02308436334565443200, 0.1759574061924770200, -0.3512499999999873500 ) ) ;
#1597 = CONICAL_SURFACE ( 'NONE', #768, 0.2099999999999998500, 0.7853981633974532800 ) ;
#1598 = CARTESIAN_POINT ( 'NONE',  ( 0.07456643771959155200, 0.05715090944628023500, -0.3518573186223479300 ) ) ;
#1599 = CARTESIAN_POINT ( 'NONE',  ( -0.03020211167418789000, 0.08896215192679514400, -0.1798336637759505000 ) ) ;
#1600 = LINE ( 'NONE', #3484, #3486 ) ;
#1601 = CARTESIAN_POINT ( 'NONE',  ( 0.02249999999999999900, 0.1149999999999999900, 0.0000000000000000000 ) ) ;
#1602 = CARTESIAN_POINT ( 'NONE',  ( 0.1405185824203462100, -0.01850716635041840500, -0.5712500000000208000 ) ) ;
#1604 = CARTESIAN_POINT ( 'NONE',  ( 0.0000000000000000000, 0.0000000000000000000, -0.7000000000000000700 ) ) ;
#1603 = CARTESIAN_POINT ( 'NONE',  ( 0.0000000000000000000, 0.2249999999999999800, -0.005000000000000000100 ) ) ;
#1605 = CARTESIAN_POINT ( 'NONE',  ( 0.03844205242669073600, -0.05010591794848706000, -0.3912500000000184200 ) ) ;
#1606 = VERTEX_POINT ( 'NONE', #1513 ) ;
#1607 = EDGE_CURVE ( 'NONE', #209, #3508, #1688, .T. ) ;
#1608 = CARTESIAN_POINT ( 'NONE',  ( -0.1464170500901503000, -0.1124574890080157300, -0.2837500000000001100 ) ) ;
#1609 = ORIENTED_EDGE ( 'NONE', *, *, #16, .F. ) ;
#1610 = CARTESIAN_POINT ( 'NONE',  ( -0.07067533338988708800, -0.06190252841251111400, -0.2579433306903787200 ) ) ;
#1611 = DIRECTION ( 'NONE',  ( -0.0000000000000000000, 1.000000000000000000, -0.0000000000000000000 ) ) ;
#1612 = CARTESIAN_POINT ( 'NONE',  ( 0.04675698778341737900, -0.08086125322944416600, -0.7824703649195676700 ) ) ;
#1613 = ORIENTED_EDGE ( 'NONE', *, *, #2275, .F. ) ;
#1614 = ORIENTED_EDGE ( 'NONE', *, *, #2435, .F. ) ;
#1615 = AXIS2_PLACEMENT_3D ( 'NONE', #1783, #2057, #2350 ) ;
#1616 = ORIENTED_EDGE ( 'NONE', *, *, #2772, .T. ) ;
#1617 = CARTESIAN_POINT ( 'NONE',  ( -0.1755806689955528300, 0.04723896557776362200, -0.3099999999999843400 ) ) ;
#1618 = B_SPLINE_CURVE_WITH_KNOTS ( 'NONE', 3,
 ( #2923, #2030, #2039, #883, #1498 ),
 .UNSPECIFIED., .F., .F.,
 ( 4, 1, 4 ),
 ( 0.0001483670862974047100, 0.0002608550847078605700, 0.0003733430831183163700 ),
 .UNSPECIFIED. ) ;
#1619 = CARTESIAN_POINT ( 'NONE',  ( 0.01714724043381919000, -0.1318610251826613200, -0.6087499999999720400 ) ) ;
#1620 = CARTESIAN_POINT ( 'NONE',  ( -0.04425528410152888800, 0.05767027142075347600, -0.3012500000000006300 ) ) ;
#1621 = CARTESIAN_POINT ( 'NONE',  ( 0.08130925094329211100, -0.02190422577514947900, -0.2424999999999995800 ) ) ;
#1622 = DIRECTION ( 'NONE',  ( 0.1929851364164161300, 0.3636687567263654500, 0.9113186997441876700 ) ) ;
#1623 = CARTESIAN_POINT ( 'NONE',  ( -0.08956030782101950800, 0.1554909049607675100, -0.3325000000000086200 ) ) ;
#1624 = CARTESIAN_POINT ( 'NONE',  ( 0.09075546380766300000, 0.02428887506888873300, -0.3633501198315259900 ) ) ;
#1625 = CARTESIAN_POINT ( 'NONE',  ( -0.09374999999999997200, 0.006191197356679084600, -0.1468497820252774300 ) ) ;
#1626 = ORIENTED_EDGE ( 'NONE', *, *, #1194, .F. ) ;
#1627 = DIRECTION ( 'NONE',  ( -1.224646799147351000E-016, 5.438524293787553300E-032, 1.000000000000000000 ) ) ;
#1628 = CARTESIAN_POINT ( 'NONE',  ( 0.1204703996121696300, -0.06956449259010749600, -0.5825000000000052400 ) ) ;
#1630 = CARTESIAN_POINT ( 'NONE',  ( -0.09314134667216880700, 0.01228770511130862200, -0.4669530417721979300 ) ) ;
#1629 = CARTESIAN_POINT ( 'NONE',  ( 0.01221440675607930900, -0.09374999999999994400, -0.4493395559071563500 ) ) ;
#1631 = CARTESIAN_POINT ( 'NONE',  ( -0.1211773365098748200, 0.1577635803074458600, -0.1487499999999957500 ) ) ;
#1632 = CARTESIAN_POINT ( 'NONE',  ( -0.1084533674294660300, -0.06237891507107701900, -0.6424999999999885200 ) ) ;
#1633 = CARTESIAN_POINT ( 'NONE',  ( -0.007938040881039632200, -0.06024802501949466000, -0.4137499999999885700 ) ) ;
#1634 = DIRECTION ( 'NONE',  ( -0.0000000000000000000, 1.224646799147351000E-016, -1.000000000000000000 ) ) ;
#1635 = CARTESIAN_POINT ( 'NONE',  ( -0.1625566657439636600, -0.02122968655578496800, -0.4737495287070783700 ) ) ;
#1636 = CARTESIAN_POINT ( 'NONE',  ( -0.04152698815862084600, 0.08427347956606376400, -0.3115970430278425200 ) ) ;
#1637 = CARTESIAN_POINT ( 'NONE',  ( -0.1806870967782249800, 0.02370347840012965500, -0.3062500000000072400 ) ) ;
#1638 = EDGE_CURVE ( 'NONE', #3371, #999, #2796, .T. ) ;
#1639 = CARTESIAN_POINT ( 'NONE',  ( -0.08164346184201480600, -0.04687499999999997200, -0.1111420928350624500 ) ) ;
#1640 = AXIS2_PLACEMENT_3D ( 'NONE', #852, #28, #2886 ) ;
#1641 = CARTESIAN_POINT ( 'NONE',  ( 0.05225952294754843800, -0.07743043358162402000, -0.7804903625108606800 ) ) ;
#1642 = CIRCLE ( 'NONE', #2230, 0.2099999999999998500 ) ;
#1644 = CARTESIAN_POINT ( 'NONE',  ( -0.08136565398627689000, 0.04696872984734443800, -0.4787429008231700600 ) ) ;
#1643 = CARTESIAN_POINT ( 'NONE',  ( -3.820996797289505600E-015, 0.09375000000000005600, -0.3649920923196928200 ) ) ;
#1645 = B_SPLINE_CURVE_WITH_KNOTS ( 'NONE', 3,
 ( #806, #2444, #2745, #3033, #1355, #1074, #3302, #3332, #1587, #3318 ),
 .UNSPECIFIED., .F., .F.,
 ( 4, 3, 3, 4 ),
 ( 0.0000000000000000000, 0.0001272407559544590900, 0.0002544820313779942700, 0.0004435052231394436300 ),
 .UNSPECIFIED. ) ;
#1646 = CONICAL_SURFACE ( 'NONE', #2758, 18.35856921870055200, 0.4363323129985786100 ) ;
#1647 = CARTESIAN_POINT ( 'NONE',  ( 0.1204703996121726000, -0.06956449258979388600, -0.5825000000000168900 ) ) ;
#1648 = CARTESIAN_POINT ( 'NONE',  ( 0.0000000000000000000, 0.02828427124746196000, -0.7500000000000001100 ) ) ;
#1649 = DIRECTION ( 'NONE',  ( 0.0000000000000000000, -0.9287781688348830700, 0.3706360925432404300 ) ) ;
#1650 = ORIENTED_EDGE ( 'NONE', *, *, #3587, .F. ) ;
#1651 = CARTESIAN_POINT ( 'NONE',  ( -0.1312883431269390200, -0.1008310256779227200, -0.4587499999999613600 ) ) ;
#1652 = DIRECTION ( 'NONE',  ( -0.0000000000000000000, 1.224646799147351000E-016, -1.000000000000000000 ) ) ;
#1653 = CARTESIAN_POINT ( 'NONE',  ( -0.1625566657415794000, -0.02122968655841009700, -0.4787495287053285000 ) ) ;
#1654 = CARTESIAN_POINT ( 'NONE',  ( -0.04632374121377820500, -0.03553543658837213900, -0.4862500000000051800 ) ) ;
#1655 = CARTESIAN_POINT ( 'NONE',  ( 0.1909347597006398100, 0.02494170850632094000, -0.2037499999999927700 ) ) ;
#1656 = CARTESIAN_POINT ( 'NONE',  ( 0.05386809613607232400, 0.09323691946113023300, -0.7175000000000276700 ) ) ;
#1658 = CARTESIAN_POINT ( 'NONE',  ( -0.01999999999999995900, 0.04480594173045224900, -1.144934593390643400 ) ) ;
#1657 = CARTESIAN_POINT ( 'NONE',  ( 0.04703216349566515000, 0.08132963060297122800, -0.3796744784941188900 ) ) ;
#1659 = CARTESIAN_POINT ( 'NONE',  ( 0.04879428296436281300, -0.1817622757278439200, -0.2499999999999983300 ) ) ;
#1660 = ORIENTED_EDGE ( 'NONE', *, *, #325, .F. ) ;
#1661 = CARTESIAN_POINT ( 'NONE',  ( -0.09314398803868211000, 0.01228069662089249300, -0.6557509010264652700 ) ) ;
#1662 = EDGE_CURVE ( 'NONE', #123, #3397, #1592, .T. ) ;
#1663 = ORIENTED_EDGE ( 'NONE', *, *, #2148, .F. ) ;
#1664 = CARTESIAN_POINT ( 'NONE',  ( -0.09335576211465460000, 0.01227486634604405000, -0.09875092280966445100 ) ) ;
#1665 = DIRECTION ( 'NONE',  ( 0.0000000000000000000, 1.000000000000000000, 1.224646799147351000E-016 ) ) ;
#1666 = CARTESIAN_POINT ( 'NONE',  ( -0.02184613323604153400, -0.1664980250197960800, -0.4412500000000235100 ) ) ;
#1667 = CARTESIAN_POINT ( 'NONE',  ( 0.05066331731660465900, -0.03899945179304909600, -0.4337500000000087400 ) ) ;
#1668 = CARTESIAN_POINT ( 'NONE',  ( 0.1847938477999839500, -0.04971493857908534900, -0.2150000000000116000 ) ) ;
#1669 = CARTESIAN_POINT ( 'NONE',  ( -0.09374999999999994400, 9.184850993605133600E-017, -0.7500000000000001100 ) ) ;
#1670 = PERSON_AND_ORGANIZATION ( #822, #3004 ) ;
#1672 = CARTESIAN_POINT ( 'NONE',  ( 1.530808498934188900E-016, -6.798155367234443500E-032, -1.053580696334676300 ) ) ;
#1671 = CARTESIAN_POINT ( 'NONE',  ( 0.04698327465991299100, -0.08136034291786505000, -0.4383217717528026200 ) ) ;
#1673 = CARTESIAN_POINT ( 'NONE',  ( 0.05095292508103167100, 0.1894004372044988100, -0.1749999999999925800 ) ) ;
#1674 = VERTEX_POINT ( 'NONE', #2983 ) ;
#1675 = CARTESIAN_POINT ( 'NONE',  ( -0.006154569518342012900, 0.09374999999993097200, -0.6970401978061079300 ) ) ;
#1676 = ORIENTED_EDGE ( 'NONE', *, *, #2782, .F. ) ;
#1677 = ORIENTED_EDGE ( 'NONE', *, *, #2913, .T. ) ;
#1678 = CARTESIAN_POINT ( 'NONE',  ( 0.04714427601152076200, 0.08194902324595383600, -0.5259214295650057600 ) ) ;
#1679 = CARTESIAN_POINT ( 'NONE',  ( -0.09159182550861176600, 0.02000000000000015300, -1.053580696334676300 ) ) ;
#1680 = CARTESIAN_POINT ( 'NONE',  ( 0.06576599734946526900, 0.008557155930826513400, -0.4112499999999987300 ) ) ;
#1681 = CARTESIAN_POINT ( 'NONE',  ( -0.1996057734698484500, 0.02618562741770786800, -0.1212508147899067900 ) ) ;
#1683 = CARTESIAN_POINT ( 'NONE',  ( -0.04703099242664510200, 0.08133072221195041000, -0.4944631295962034800 ) ) ;
#1682 = CARTESIAN_POINT ( 'NONE',  ( 0.08424645608588810000, -0.04158461743373325500, -0.4218363848905778400 ) ) ;
#1684 = CARTESIAN_POINT ( 'NONE',  ( 0.07063423433974878900, 0.06194649755654638200, -0.5629727238768941200 ) ) ;
#1685 = CARTESIAN_POINT ( 'NONE',  ( -0.07058827972524414600, 0.06199756778755973600, -0.3411779557303942200 ) ) ;
#1686 = LINE ( 'NONE', #1457, #1120 ) ;
#1687 = CARTESIAN_POINT ( 'NONE',  ( 7.103182822432967600E-017, -0.09374999999999994400, -0.7500000000000001100 ) ) ;
#1688 = LINE ( 'NONE', #2060, #414 ) ;
#1689 = FACE_OUTER_BOUND ( 'NONE', #3662, .T. ) ;
#1690 = CARTESIAN_POINT ( 'NONE',  ( 0.1072016567103323500, 0.1394100959748203500, -0.3612500000000160600 ) ) ;
#1692 = CARTESIAN_POINT ( 'NONE',  ( 0.02000000000000015000, -0.01999999999999996600, -1.250000000000000000 ) ) ;
#1691 = DIRECTION ( 'NONE',  ( 0.0000000000000000000, 0.0000000000000000000, 1.000000000000000000 ) ) ;
#1693 = FACE_OUTER_BOUND ( 'NONE', #1964, .T. ) ;
#1694 = CARTESIAN_POINT ( 'NONE',  ( 0.05714738856508896200, 0.07457040628784877800, -0.5576056080990966500 ) ) ;
#1695 = B_SPLINE_CURVE_WITH_KNOTS ( 'NONE', 3,
 ( #1098, #2811, #2211, #2798, #1067, #1387, #3342, #2199, #511, #1921, #1948, #2468, #3613, #525, #1661, #3664, #2482, #802, #254, #2226, #551, #2511, #824, #1114, #3093, #791, #1675, #1962 ),
 .UNSPECIFIED., .F., .F.,
 ( 4, 2, 2, 2, 2, 2, 2, 2, 2, 2, 2, 2, 2, 4 ),
 ( 0.01171704012317142600, 0.01220526302368265600, 0.01269348592419388500, 0.01366993172521634300, 0.01464637752623880300, 0.01513460042675003100, 0.01562282332726126100, 0.01611104622777248900, 0.01659926912828371700, 0.01708749202879494500, 0.01757571492930617300, 0.01855216073032863600, 0.01904038363083986700, 0.01952860653135109600 ),
 .UNSPECIFIED. ) ;
#1696 = CARTESIAN_POINT ( 'NONE',  ( -0.01603239525850678300, -0.05922411824720016200, -0.6394873477115059500 ) ) ;
#1697 = CARTESIAN_POINT ( 'NONE',  ( 0.05761991152336215500, 0.07495598973201472700, -0.5298836790903315200 ) ) ;
#1698 = ORIENTED_EDGE ( 'NONE', *, *, #1933, .F. ) ;
#1699 = ORIENTED_EDGE ( 'NONE', *, *, #442, .T. ) ;
#1700 = ORIENTED_EDGE ( 'NONE', *, *, #59, .F. ) ;
#1701 = CARTESIAN_POINT ( 'NONE',  ( -0.1431922727156458900, 0.1101082725440589400, -0.3162499999999993100 ) ) ;
#1702 = DIRECTION ( 'NONE',  ( 2.220446049250312300E-016, 1.000000000000000000, 0.0000000000000000000 ) ) ;
#1703 = CARTESIAN_POINT ( 'NONE',  ( -0.06496393230093150400, 0.02249999999999977400, 0.0000000000000000000 ) ) ;
#1704 = EDGE_LOOP ( 'NONE', ( #2020, #2196, #1676, #2494, #342, #3562, #1291, #3470, #666 ) ) ;
#1705 = ADVANCED_FACE ( 'NONE', ( #2753 ), #1174, .T. ) ;
#1706 = CARTESIAN_POINT ( 'NONE',  ( -0.02216806636230346900, 0.08292108271512831100, -0.5344873477115127400 ) ) ;
#1707 = DIRECTION ( 'NONE',  ( 0.0000000000000000000, 1.000000000000000000, 1.224646799147351000E-016 ) ) ;
#1708 = ORIENTED_EDGE ( 'NONE', *, *, #2756, .F. ) ;
#1709 = CARTESIAN_POINT ( 'NONE',  ( -8.046333479063929400E-013, -0.09375000000000005600, -0.2769952553920573800 ) ) ;
#1710 = ORIENTED_EDGE ( 'NONE', *, *, #1363, .F. ) ;
#1711 = CALENDAR_DATE ( 2021, 9, 7 ) ;
#1712 = EDGE_CURVE ( 'NONE', #2131, #2557, #1259, .T. ) ;
#1713 = ADVANCED_FACE ( 'NONE', ( #2008 ), #2393, .F. ) ;
#1714 = CARTESIAN_POINT ( 'NONE',  ( -0.1261342393137078200, 0.09707631515094379500, -0.5012500000000031900 ) ) ;
#1715 = AXIS2_PLACEMENT_3D ( 'NONE', #2303, #2074, #3212 ) ;
#1716 = CARTESIAN_POINT ( 'NONE',  ( 0.09129058516054111600, -0.02458471059624868900, -0.1946856390161803600 ) ) ;
#1717 = CARTESIAN_POINT ( 'NONE',  ( -0.09283158838697613800, -0.1609617364730710500, -0.2674999999999870300 ) ) ;
#1718 = DIRECTION ( 'NONE',  ( 1.000000000000000000, 3.491481338843133000E-015, -0.0000000000000000000 ) ) ;
#1719 = ORIENTED_EDGE ( 'NONE', *, *, #2456, .F. ) ;
#1720 = CARTESIAN_POINT ( 'NONE',  ( 0.04600097907679843300, 0.1709740795918846800, -0.3549999999999959300 ) ) ;
#1721 = CARTESIAN_POINT ( 'NONE',  ( 0.03054983274031825400, -0.004112290808115842700, -0.7707373477115492300 ) ) ;
#1722 = CARTESIAN_POINT ( 'NONE',  ( -0.01999999999999995900, 0.09159182550861194600, -1.053580696334676300 ) ) ;
#1723 = VERTEX_POINT ( 'NONE', #1026 ) ;
#1724 = DIRECTION ( 'NONE',  ( 0.0000000000000000000, 0.0000000000000000000, 1.000000000000000000 ) ) ;
#1725 = CARTESIAN_POINT ( 'NONE',  ( -0.1386260530545153600, 0.08002875688551704100, -0.4974999999999940600 ) ) ;
#1726 = CARTESIAN_POINT ( 'NONE',  ( 3.414809992080329000E-017, 0.0000000000000000000, -1.250000000000000000 ) ) ;
#1727 = ADVANCED_FACE ( 'NONE', ( #1907 ), #1333, .F. ) ;
#1728 = CIRCLE ( 'NONE', #3532, 0.09374999999999994400 ) ;
#1730 = CARTESIAN_POINT ( 'NONE',  ( -0.06161620413993872800, 0.07065766686910526800, -0.1200000000000000500 ) ) ;
#1729 = DIRECTION ( 'NONE',  ( -0.0000000000000000000, 1.224646799147351000E-016, -1.000000000000000000 ) ) ;
#1731 = CARTESIAN_POINT ( 'NONE',  ( -0.08893685948201722500, 0.03027692510363803900, -0.5059253688238133400 ) ) ;
#1732 = EDGE_CURVE ( 'NONE', #3570, #2355, #502, .T. ) ;
#1733 = CARTESIAN_POINT ( 'NONE',  ( 0.06934278720505017400, -0.01875171198875730200, -0.5944873477115286700 ) ) ;
#1734 = CIRCLE ( 'NONE', #3001, 0.09374999999999994400 ) ;
#1735 = DIRECTION ( 'NONE',  ( -0.2588190451025213500, -9.036618661126526500E-016, -0.9659258262890682000 ) ) ;
#1736 = CARTESIAN_POINT ( 'NONE',  ( 0.06581767824930488700, -0.006423048454132366900, -0.05999999999999999800 ) ) ;
#1737 = VECTOR ( 'NONE', #1627, 39.37007874015748100 ) ;
#1738 = EDGE_CURVE ( 'NONE', #3322, #3452, #3437, .T. ) ;
#1739 = CARTESIAN_POINT ( 'NONE',  ( 0.01714724043661936700, -0.1318610251820940300, -0.6137500000000116800 ) ) ;
#1740 = DIRECTION ( 'NONE',  ( 0.0000000000000000000, 0.0000000000000000000, 1.000000000000000000 ) ) ;
#1741 = ORIENTED_EDGE ( 'NONE', *, *, #2874, .F. ) ;
#1742 = DIRECTION ( 'NONE',  ( -0.0000000000000000000, 1.224646799147351000E-016, -1.000000000000000000 ) ) ;
#1743 = PLANE ( 'NONE',  #1849 ) ;
#1744 = ADVANCED_FACE ( 'NONE', ( #328 ), #3037, .F. ) ;
#1745 = CARTESIAN_POINT ( 'NONE',  ( -0.1214719565754471400, -0.01578731451860129400, -0.6587499999999944000 ) ) ;
#1746 = VERTEX_POINT ( 'NONE', #3571 ) ;
#1747 = CARTESIAN_POINT ( 'NONE',  ( 0.03937784948555074500, 0.1460933378139015700, -0.5350078740157880900 ) ) ;
#1748 = DIRECTION ( 'NONE',  ( 0.0000000000000000000, 0.9659258262890682000, -0.2588190451025213500 ) ) ;
#1749 = ORIENTED_EDGE ( 'NONE', *, *, #893, .T. ) ;
#1750 = VERTEX_POINT ( 'NONE', #195 ) ;
#1751 = CARTESIAN_POINT ( 'NONE',  ( -0.09998649480239063500, -0.07669824765775989900, -0.6437499999999951600 ) ) ;
#1752 = LINE ( 'NONE', #1066, #1281 ) ;
#1753 = EDGE_CURVE ( 'NONE', #1790, #1931, #3165, .T. ) ;
#1755 = CARTESIAN_POINT ( 'NONE',  ( -0.04694944154776510600, 0.08137797851085219700, -0.6967307524200349000 ) ) ;
#1754 = CARTESIAN_POINT ( 'NONE',  ( -0.09374999999999998600, 0.0000000000000000000, -0.4969873477115108200 ) ) ;
#1756 = DIRECTION ( 'NONE',  ( -1.224646799147351000E-016, 5.438524293787553300E-032, 1.000000000000000000 ) ) ;
#1757 = LINE ( 'NONE', #3049, #2239 ) ;
#1758 = CARTESIAN_POINT ( 'NONE',  ( 0.07628747710444495900, -0.05876890700975533800, -0.7712500000000277500 ) ) ;
#1759 = CARTESIAN_POINT ( 'NONE',  ( -0.1386260530535113300, 0.08002875688355644300, -0.4975078740157138400 ) ) ;
#1760 = ORIENTED_EDGE ( 'NONE', *, *, #2840, .F. ) ;
#1761 = CARTESIAN_POINT ( 'NONE',  ( 0.01124732975445708700, 0.09374999999987504400, -0.7142560576715195600 ) ) ;
#1762 = AXIS2_PLACEMENT_3D ( 'NONE', #504, #784, #488 ) ;
#1763 = EDGE_LOOP ( 'NONE', ( #1784, #1058, #388, #2409, #2172 ) ) ;
#1764 = ADVANCED_FACE ( 'NONE', ( #1068 ), #182, .F. ) ;
#1765 = EDGE_LOOP ( 'NONE', ( #1205, #2953, #2054, #2717 ) ) ;
#1766 = ORIENTED_EDGE ( 'NONE', *, *, #1041, .F. ) ;
#1767 = APPROVAL_STATUS ( 'not_yet_approved' ) ;
#1768 = CARTESIAN_POINT ( 'NONE',  ( 0.03463625369997784500, -0.1293156264596979900, -0.6100000000000052000 ) ) ;
#1769 = CARTESIAN_POINT ( 'NONE',  ( -0.1116669123431089200, -0.04687499999999997200, -0.1225000000000000300 ) ) ;
#1770 = EDGE_CURVE ( 'NONE', #667, #2877, #3518, .T. ) ;
#1771 = CARTESIAN_POINT ( 'NONE',  ( 0.09029771396808705700, 0.05191465075641751200, -0.7375000000000203600 ) ) ;
#1772 = CARTESIAN_POINT ( 'NONE',  ( 0.0000000000000000000, 0.0000000000000000000, -1.234730036788664200 ) ) ;
#1773 = VECTOR ( 'NONE', #3190, 39.37007874015748100 ) ;
#1774 = CARTESIAN_POINT ( 'NONE',  ( 0.0000000000000000000, -5.510910596163085200E-017, -0.7500000000000001100 ) ) ;
#1775 = VECTOR ( 'NONE', #3593, 39.37007874015748900 ) ;
#1776 = LINE ( 'NONE', #3112, #329 ) ;
#1777 = CARTESIAN_POINT ( 'NONE',  ( -0.1191969575061176000, -0.03191693699221046000, -0.6550000000000045800 ) ) ;
#1778 = EDGE_CURVE ( 'NONE', #1931, #439, #3339, .T. ) ;
#1779 = FACE_OUTER_BOUND ( 'NONE', #2741, .T. ) ;
#1780 = EDGE_LOOP ( 'NONE', ( #1708, #2271 ) ) ;
#1781 = CARTESIAN_POINT ( 'NONE',  ( 0.1915918255086117800, 0.0000000000000000000, -1.053580696334676300 ) ) ;
#1782 = CARTESIAN_POINT ( 'NONE',  ( -0.04910544928867995700, 0.01331307852731830100, -0.6505126522884530100 ) ) ;
#1783 = CARTESIAN_POINT ( 'NONE',  ( -0.1054169123431089200, -0.04687499999999997200, -0.1200000000000000500 ) ) ;
#1784 = ORIENTED_EDGE ( 'NONE', *, *, #933, .F. ) ;
#1785 = VERTEX_POINT ( 'NONE', #2417 ) ;
#1786 = DIRECTION ( 'NONE',  ( -0.0000000000000000000, 1.224646799147351000E-016, -1.000000000000000000 ) ) ;
#1787 = ORIENTED_EDGE ( 'NONE', *, *, #365, .T. ) ;
#1788 = CARTESIAN_POINT ( 'NONE',  ( 0.02184613323280087600, -0.1672863067620254700, -0.4287499999999709300 ) ) ;
#1789 = CARTESIAN_POINT ( 'NONE',  ( -0.01714724043411255300, -0.1301295138236025200, -0.6212578740157709300 ) ) ;
#1790 = VERTEX_POINT ( 'NONE', #445 ) ;
#1791 = CARTESIAN_POINT ( 'NONE',  ( 0.07383761848492342800, 0.009551994385058644100, -0.5492626522885351000 ) ) ;
#1792 = CARTESIAN_POINT ( 'NONE',  ( -0.1621624753043566800, -7.943670252931684900E-017, -0.4775000000000000400 ) ) ;
#1793 = ORIENTED_EDGE ( 'NONE', *, *, #3199, .F. ) ;
#1794 = CALENDAR_DATE ( 2021, 9, 7 ) ;
#1795 = EDGE_LOOP ( 'NONE', ( #1976, #1626, #2068, #2092 ) ) ;
#1796 = EDGE_CURVE ( 'NONE', #3296, #1746, #602, .T. ) ;
#1797 = CARTESIAN_POINT ( 'NONE',  ( -0.07452927193302171000, -0.05720209636217463100, -0.6503475308475535900 ) ) ;
#1798 = DIRECTION ( 'NONE',  ( -0.0000000000000000000, 1.224646799147351000E-016, -1.000000000000000000 ) ) ;
#1799 = DIRECTION ( 'NONE',  ( 0.0000000000000000000, 1.000000000000000000, 1.321861932418191900E-016 ) ) ;
#1800 = CARTESIAN_POINT ( 'NONE',  ( 0.1863688651291126600, 0.05003226946488577300, -0.2000000000000085600 ) ) ;
#1801 = ORIENTED_EDGE ( 'NONE', *, *, #1072, .T. ) ;
#1802 = CARTESIAN_POINT ( 'NONE',  ( 0.09029771396906043100, 0.05191465075150848700, -0.7375078740157542400 ) ) ;
#1803 = EDGE_LOOP ( 'NONE', ( #1525, #1992, #2138, #1239 ) ) ;
#1804 = DIRECTION ( 'NONE',  ( 8.881784197001252300E-016, -1.000000000000000000, 0.0000000000000000000 ) ) ;
#1805 = CARTESIAN_POINT ( 'NONE',  ( -0.07142705126876376700, 0.05503365278352952800, -0.4817626522884803600 ) ) ;
#1806 = CARTESIAN_POINT ( 'NONE',  ( -0.01986709226469653100, 0.1526391623928974600, -0.5187500000000133700 ) ) ;
#1807 = CARTESIAN_POINT ( 'NONE',  ( 1.707404996040164500E-017, -0.09374999999999995800, -0.6253872335416860200 ) ) ;
#1808 = CARTESIAN_POINT ( 'NONE',  ( -0.1157373309183940800, 0.03121989934649823200, -0.6650000000000138000 ) ) ;
#1809 = CARTESIAN_POINT ( 'NONE',  ( -0.1568289972175700400, 0.09044962643162549100, -0.3125000000000157100 ) ) ;
#1810 = DIRECTION ( 'NONE',  ( -1.000000000000000000, 0.0000000000000000000, 0.0000000000000000000 ) ) ;
#1811 = LINE ( 'NONE', #3634, #737 ) ;
#1812 = CARTESIAN_POINT ( 'NONE',  ( 0.1679425075214605300, 0.04508032346317628800, -0.3799999999999849100 ) ) ;
#1813 = CARTESIAN_POINT ( 'NONE',  ( -0.09290306451661922700, 0.07153804305588464000, -0.6812578740157440000 ) ) ;
#1814 = VECTOR ( 'NONE', #734, 39.37007874015748100 ) ;
#1815 = VECTOR ( 'NONE', #1192, 39.37007874015748100 ) ;
#1816 = CARTESIAN_POINT ( 'NONE',  ( 0.1000200907000127200, 0.008751143134760977800, -0.7500000000027700100 ) ) ;
#1817 = CARTESIAN_POINT ( 'NONE',  ( 0.08337090741368889700, 0.06392911163840563100, -0.7287500000000131100 ) ) ;
#1818 = CARTESIAN_POINT ( 'NONE',  ( 0.1405185824203462100, -0.01850716635041840500, -0.5712500000000208000 ) ) ;
#1819 = FACE_OUTER_BOUND ( 'NONE', #2956, .T. ) ;
#1820 = CARTESIAN_POINT ( 'NONE',  ( 0.006137994654439423600, 0.09375000000001437700, -0.3269252873525430600 ) ) ;
#1821 = CARTESIAN_POINT ( 'NONE',  ( 0.09029771396906043100, 0.05191465075150848700, -0.7325000000000061500 ) ) ;
#1822 = ORIENTED_EDGE ( 'NONE', *, *, #1770, .F. ) ;
#1823 = VERTEX_POINT ( 'NONE', #723 ) ;
#1824 = EDGE_CURVE ( 'NONE', #485, #3272, #371, .T. ) ;
#1825 = CARTESIAN_POINT ( 'NONE',  ( -0.08956030781821672200, 0.1554909049612459800, -0.3275000000000016200 ) ) ;
#1826 = CARTESIAN_POINT ( 'NONE',  ( 0.08337090741451200200, 0.06392911163834452700, -0.7337578740157202400 ) ) ;
#1827 = UNCERTAINTY_MEASURE_WITH_UNIT (LENGTH_MEASURE( 1.000000000000000100E-005 ), #1263, 'distance_accuracy_value', 'NONE');
#1828 = CARTESIAN_POINT ( 'NONE',  ( 0.04384233696026896400, -0.1633359181203467000, -0.4299999999999747400 ) ) ;
#1829 = ORIENTED_EDGE ( 'NONE', *, *, #481, .T. ) ;
#1830 = CARTESIAN_POINT ( 'NONE',  ( -0.01999999999999995900, 0.02000000000000013600, -1.189344184568247800 ) ) ;
#1831 = CARTESIAN_POINT ( 'NONE',  ( -0.01603239526002336200, -0.05922411824716922200, -0.6055126522884853900 ) ) ;
#1832 = VERTEX_POINT ( 'NONE', #757 ) ;
#1833 = ORIENTED_EDGE ( 'NONE', *, *, #3410, .F. ) ;
#1834 = FACE_OUTER_BOUND ( 'NONE', #1109, .T. ) ;
#1835 = CARTESIAN_POINT ( 'NONE',  ( 0.0000000000000000000, 0.0000000000000000000, 0.0000000000000000000 ) ) ;
#1836 = CARTESIAN_POINT ( 'NONE',  ( 0.1507566261973787300, -0.1159215042121243000, -0.2262500000000231000 ) ) ;
#1837 = EDGE_CURVE ( 'NONE', #2557, #285, #856, .T. ) ;
#1838 = CARTESIAN_POINT ( 'NONE',  ( -0.06433236044041751300, -0.1113925728921273900, -0.6325078740157458200 ) ) ;
#1839 = CIRCLE ( 'NONE', #2253, 0.06875000000000000600 ) ;
#1840 = CARTESIAN_POINT ( 'NONE',  ( -0.09908815563796950800, 0.1720218619801510700, -0.1474999999999975800 ) ) ;
#1841 = CARTESIAN_POINT ( 'NONE',  ( -0.09908815563973016900, 0.1720218619788545500, -0.1524999999999962800 ) ) ;
#1842 = CARTESIAN_POINT ( 'NONE',  ( 0.0000000000000000000, 0.0000000000000000000, -0.05999999999999999800 ) ) ;
#1843 = ORIENTED_EDGE ( 'NONE', *, *, #1542, .F. ) ;
#1844 = DIRECTION ( 'NONE',  ( 0.2505628070857312500, 0.2505628070857330300, 0.9351131265310291800 ) ) ;
#1845 = ORIENTED_EDGE ( 'NONE', *, *, #417, .T. ) ;
#1846 = CARTESIAN_POINT ( 'NONE',  ( -0.1191969575057628700, -0.03191693699528335600, -0.6499999999999671600 ) ) ;
#1847 = EDGE_CURVE ( 'NONE', #2307, #3376, #1574, .T. ) ;
#1848 = CARTESIAN_POINT ( 'NONE',  ( -0.04352500607659955800, -0.1617609007866295000, -0.4399999999999907900 ) ) ;
#1849 = AXIS2_PLACEMENT_3D ( 'NONE', #912, #623, #2035 ) ;
#1850 = EDGE_LOOP ( 'NONE', ( #402, #1029, #2567, #844 ) ) ;
#1851 = CARTESIAN_POINT ( 'NONE',  ( 0.02249999999999999900, -0.1150000000000000200, 0.0000000000000000000 ) ) ;
#1852 = CARTESIAN_POINT ( 'NONE',  ( -0.07792261107874483300, -0.1012108582194245600, -0.6362500000000072000 ) ) ;
#1853 = CARTESIAN_POINT ( 'NONE',  ( 0.1663674901913170800, -0.04476299257412765000, -0.3999999999999750400 ) ) ;
#1854 = CARTESIAN_POINT ( 'NONE',  ( -0.03595510759545805800, 0.02000000000000013600, -1.161815373128291900 ) ) ;
#1855 = DIRECTION ( 'NONE',  ( -0.0000000000000000000, -0.0000000000000000000, -1.000000000000000000 ) ) ;
#1856 = CARTESIAN_POINT ( 'NONE',  ( -0.08188934879102081900, 0.04724681683899366300, -0.1596783182572183700 ) ) ;
#1857 = CARTESIAN_POINT ( 'NONE',  ( -0.08330374056574210700, -0.1444307794560929200, -0.4475000000000092200 ) ) ;
#1858 = FACE_OUTER_BOUND ( 'NONE', #292, .T. ) ;
#1859 = LINE ( 'NONE', #3381, #3248 ) ;
#1860 = LINE ( 'NONE', #2610, #2534 ) ;
#1861 = ORIENTED_EDGE ( 'NONE', *, *, #2638, .F. ) ;
#1862 = CARTESIAN_POINT ( 'NONE',  ( 1.569300399590601900E-022, 0.09375000000000006900, -1.053580696334676300 ) ) ;
#1863 = CARTESIAN_POINT ( 'NONE',  ( -0.02979422401898797500, -0.05159097564585648400, -0.4250000000000246900 ) ) ;
#1864 = EDGE_CURVE ( 'NONE', #579, #4, #3166, .T. ) ;
#1865 = CARTESIAN_POINT ( 'NONE',  ( -0.04149898231947055100, 0.08428681089870802800, -0.1761807953262985200 ) ) ;
#1866 = CARTESIAN_POINT ( 'NONE',  ( 2.565805562927870700E-018, 0.09375000000000006900, -1.053580696334676300 ) ) ;
#1867 = APPROVAL_ROLE ( '' ) ;
#1868 = ORIENTED_EDGE ( 'NONE', *, *, #1556, .F. ) ;
#1869 = ORIENTED_EDGE ( 'NONE', *, *, #2395, .T. ) ;
#1871 = DIRECTION ( 'NONE',  ( 0.9942282112502790500, 0.1072858982069419800, 0.0000000000000000000 ) ) ;
#1870 = DIRECTION ( 'NONE',  ( 0.9783048645494202300, 4.792311683842930400E-016, -0.2071704419045833100 ) ) ;
#1872 = EDGE_CURVE ( 'NONE', #3508, #3582, #3334, .T. ) ;
#1873 = CARTESIAN_POINT ( 'NONE',  ( -0.01999999999999995900, 0.02000000000000013600, -1.189344184568247800 ) ) ;
#1874 = CARTESIAN_POINT ( 'NONE',  ( -0.05025288338405265600, -0.02890490540674474000, -0.4400000000000240400 ) ) ;
#1875 = ORIENTED_EDGE ( 'NONE', *, *, #2258, .T. ) ;
#1876 = CARTESIAN_POINT ( 'NONE',  ( 0.1072016567081728500, 0.1394100959769843100, -0.3662500000000052400 ) ) ;
#1877 = CARTESIAN_POINT ( 'NONE',  ( -0.08897665721861927600, -0.03016265650889144900, -0.2694374549848176400 ) ) ;
#1878 = ORIENTED_EDGE ( 'NONE', *, *, #2768, .T. ) ;
#1879 = ORIENTED_EDGE ( 'NONE', *, *, #298, .F. ) ;
#1880 = LOCAL_TIME ( 9, 52, 58.00000000000000000, #2650 ) ;
#1881 = CARTESIAN_POINT ( 'NONE',  ( -0.06192624660831561700, 0.07065030240852016000, -0.1688423051412152600 ) ) ;
#1882 = ORIENTED_EDGE ( 'NONE', *, *, #2888, .F. ) ;
#1883 = CARTESIAN_POINT ( 'NONE',  ( -0.08941038089656791500, -0.03193361284862972200, -0.1068243763688772900 ) ) ;
#1884 = CARTESIAN_POINT ( 'NONE',  ( -0.02919762029080394700, 0.1090782885511495000, -0.6950000000000117200 ) ) ;
#1885 = CARTESIAN_POINT ( 'NONE',  ( -0.02249999999999999900, -0.06496393230093142100, 0.0000000000000000000 ) ) ;
#1886 = CARTESIAN_POINT ( 'NONE',  ( -0.1771556863275626500, -0.04755629646453209100, -0.2950000000000102500 ) ) ;
#1887 = ORIENTED_EDGE ( 'NONE', *, *, #1732, .T. ) ;
#1888 = CARTESIAN_POINT ( 'NONE',  ( -0.04702180826940930600, -0.08133490604029583500, -0.4323608063357754500 ) ) ;
#1889 = CARTESIAN_POINT ( 'NONE',  ( 0.08288426827127500000, 0.02222155666307652100, -0.2275000000000074700 ) ) ;
#1890 = CARTESIAN_POINT ( 'NONE',  ( -0.1130148883758177000, -0.1469744494579524100, -0.2762499999999998300 ) ) ;
#1891 = ORIENTED_EDGE ( 'NONE', *, *, #3113, .T. ) ;
#1892 = CARTESIAN_POINT ( 'NONE',  ( 0.08135240224547024600, 0.04699113462790466300, -0.3556736741621291900 ) ) ;
#1893 = CARTESIAN_POINT ( 'NONE',  ( 0.0000000000000000000, 0.0000000000000000000, 0.0000000000000000000 ) ) ;
#1894 = EDGE_CURVE ( 'NONE', #1750, #2307, #1859, .T. ) ;
#1895 = DIRECTION ( 'NONE',  ( -0.4226182617406960600, 1.876802099246325600E-016, -0.9063077870366516000 ) ) ;
#1896 = AXIS2_PLACEMENT_3D ( 'NONE', #2838, #1461, #585 ) ;
#1897 = CARTESIAN_POINT ( 'NONE',  ( -0.07807531152836358300, 0.1356868476160177400, -0.5074999999999984000 ) ) ;
#1899 = PLANE ( 'NONE',  #395 ) ;
#1898 = APPLICATION_CONTEXT ( 'configuration controlled 3d designs of mechanical parts and assemblies' ) ;
#1900 = CARTESIAN_POINT ( 'NONE',  ( -0.1431922727155997300, 0.1101082725437726200, -0.3212499999999965900 ) ) ;
#1901 = LINE ( 'NONE', #2721, #1170 ) ;
#1902 = B_SPLINE_CURVE_WITH_KNOTS ( 'NONE', 3,
 ( #401, #1297, #686, #453, #2390, #2368, #698, #1247, #2119, #719, #731, #2662, #976, #966, #2958, #2970, #1260, #3235, #1536, #1548, #1272, #3524, #3535, #3579, #1330, #2158, #484, #1011, #782, #1305, #2759, #176 ),
 .UNSPECIFIED., .F., .F.,
 ( 4, 2, 2, 2, 2, 2, 2, 2, 2, 2, 2, 2, 2, 2, 2, 4 ),
 ( 0.01942588654398988100, 0.01991154481413080800, 0.02039720308427173800, 0.02136851962455359500, 0.02185417789469452600, 0.02233983616483545300, 0.02282549443497638300, 0.02331115270511731300, 0.02379681097525824400, 0.02428246924539917100, 0.02476812751554010100, 0.02525378578568102800, 0.02573944405582195800, 0.02622510232596288500, 0.02671076059610381200, 0.02719641886624474300 ),
 .UNSPECIFIED. ) ;
#1903 = CARTESIAN_POINT ( 'NONE',  ( -0.03393921605822687600, -0.1258559998857007000, -0.6199999999999962200 ) ) ;
#1904 = CARTESIAN_POINT ( 'NONE',  ( -0.05822767078839399100, 0.04481268346916936900, -0.2937499999999993400 ) ) ;
#1905 = CARTESIAN_POINT ( 'NONE',  ( 0.08389647795329074900, -0.01103361612721100200, -0.2387500000000057600 ) ) ;
#1906 = CARTESIAN_POINT ( 'NONE',  ( 0.0000000000000000000, 6.123233995736789100E-019, -0.005000000000000027900 ) ) ;
#1907 = FACE_OUTER_BOUND ( 'NONE', #2552, .T. ) ;
#1908 = CARTESIAN_POINT ( 'NONE',  ( 0.1153641048410727900, -0.1501992268295376800, -0.2387500000000155100 ) ) ;
#1909 = VECTOR ( 'NONE', #76, 39.37007874015747400 ) ;
#1910 = CARTESIAN_POINT ( 'NONE',  ( 0.08425259782797392400, -0.04156856010899617100, -0.3844348589137122100 ) ) ;
#1911 = VECTOR ( 'NONE', #163, 39.37007874015748100 ) ;
#1912 = EDGE_CURVE ( 'NONE', #2154, #1941, #2378, .T. ) ;
#1913 = CARTESIAN_POINT ( 'NONE',  ( -0.09374999999999994400, 9.390727478220904200E-017, -1.053580696334676300 ) ) ;
#1914 = CARTESIAN_POINT ( 'NONE',  ( 0.06761104722636579500, -0.1175311941588047100, -0.5974999999999924800 ) ) ;
#1915 = CARTESIAN_POINT ( 'NONE',  ( 0.01321075038245863400, 0.09305000386672922200, -0.7032491197703306700 ) ) ;
#1916 = VERTEX_POINT ( 'NONE', #251 ) ;
#1917 = ORIENTED_EDGE ( 'NONE', *, *, #1712, .F. ) ;
#1918 = DIRECTION ( 'NONE',  ( 0.0000000000000000000, 0.9287781688348830700, 0.3706360925432406500 ) ) ;
#1919 = CARTESIAN_POINT ( 'NONE',  ( -0.1214719565751748900, -0.01578731451504487500, -0.6537500000000243700 ) ) ;
#1920 = CARTESIAN_POINT ( 'NONE',  ( -0.01571429324577207700, -0.05827630393821736600, -0.4174999999999752800 ) ) ;
#1921 = CARTESIAN_POINT ( 'NONE',  ( -0.08893835573225442000, -0.03027143283070105700, -0.6419577089978988300 ) ) ;
#1922 = EDGE_CURVE ( 'NONE', #520, #3233, #2524, .T. ) ;
#1923 = EDGE_LOOP ( 'NONE', ( #1793, #2936, #1373, #464 ) ) ;
#1924 = CARTESIAN_POINT ( 'NONE',  ( 0.04408599571711441900, 0.07638741118064681900, -0.1550000000000094900 ) ) ;
#1925 = CARTESIAN_POINT ( 'NONE',  ( -0.02424448657916470800, 0.09076805622716349600, -0.3173629102787846600 ) ) ;
#1926 = CARTESIAN_POINT ( 'NONE',  ( 0.08479638390991474400, -0.1472254264507769900, -0.4225000000000252400 ) ) ;
#1927 = ORIENTED_EDGE ( 'NONE', *, *, #550, .T. ) ;
#1928 = CARTESIAN_POINT ( 'NONE',  ( -0.09676291639474725300, 1.108132071686412300E-019, -0.09563802935418178100 ) ) ;
#1929 = CARTESIAN_POINT ( 'NONE',  ( 0.02850058263718827800, 0.1056186619480282800, -0.7099999999999723200 ) ) ;
#1930 = CARTESIAN_POINT ( 'NONE',  ( 0.0000000000000000000, 0.09375000000000001400, -0.1200000000000000000 ) ) ;
#1931 = VERTEX_POINT ( 'NONE', #505 ) ;
#1932 = CARTESIAN_POINT ( 'NONE',  ( 0.1507566261973787300, -0.1159215042121243000, -0.2312500000000231000 ) ) ;
#1933 = EDGE_CURVE ( 'NONE', #2649, #3578, #467, .T. ) ;
#1934 = CARTESIAN_POINT ( 'NONE',  ( 0.1422500937892821600, 0.01850716635014699000, -0.5637500000000460500 ) ) ;
#1935 = DIRECTION ( 'NONE',  ( -0.0000000000000000000, 1.224646799147351000E-016, -1.000000000000000000 ) ) ;
#1936 = CARTESIAN_POINT ( 'NONE',  ( -0.1116669123431089200, -0.04687499999999997200, -0.1225000000000000300 ) ) ;
#1937 = CARTESIAN_POINT ( 'NONE',  ( -0.04557863905777942400, 0.07918205818262538700, -0.1249999999999975700 ) ) ;
#1938 = CARTESIAN_POINT ( 'NONE',  ( 0.08898926870970698400, -0.03013468674940211400, -0.5672210856246184800 ) ) ;
#1939 = CARTESIAN_POINT ( 'NONE',  ( -0.04847695207623188600, -0.1801872583992002500, -0.2649999999999862500 ) ) ;
#1940 = CARTESIAN_POINT ( 'NONE',  ( -0.05630662715261375300, -0.007319129300226287100, -0.5012498958552297200 ) ) ;
#1941 = VERTEX_POINT ( 'NONE', #2823 ) ;
#1942 = CARTESIAN_POINT ( 'NONE',  ( -0.02184613323280073000, -0.1664980250206031000, -0.4412500000000289500 ) ) ;
#1943 = CARTESIAN_POINT ( 'NONE',  ( 0.09549999297472075400, -0.02578126593067899300, -0.7549999999999962300 ) ) ;
#1944 = CARTESIAN_POINT ( 'NONE',  ( -2.204195730879077300E-013, 0.09375000000000006900, -0.3250079076802374600 ) ) ;
#1945 = CARTESIAN_POINT ( 'NONE',  ( -0.1733599542328602400, 0.09997747424958571000, -0.1375000000000000700 ) ) ;
#1946 = EDGE_CURVE ( 'NONE', #1231, #1054, #226, .T. ) ;
#1947 = ORIENTED_EDGE ( 'NONE', *, *, #2247, .F. ) ;
#1948 = CARTESIAN_POINT ( 'NONE',  ( -0.09074845567375829100, -0.02432316833590587900, -0.6439429119952191400 ) ) ;
#1949 = CARTESIAN_POINT ( 'NONE',  ( -0.1430926871966835500, -0.08241442195043802200, -0.4625000000000241100 ) ) ;
#1950 = B_SPLINE_CURVE_WITH_KNOTS ( 'NONE', 3,
 ( #2598, #81, #2619, #899, #3184, #3461, #2023, #2916, #3473, #2041, #1474, #1731, #642, #1214, #333, #2448 ),
 .UNSPECIFIED., .F., .F.,
 ( 4, 2, 2, 2, 2, 2, 2, 4 ),
 ( 0.01904137640304265000, 0.02000977767986625000, 0.02049397831827804900, 0.02097817895668984600, 0.02146237959510164500, 0.02194658023351344500, 0.02243078087192524100, 0.02291498151033704100 ),
 .UNSPECIFIED. ) ;
#1951 = CARTESIAN_POINT ( 'NONE',  ( 0.09284624555087120400, 0.01298603816055229400, -0.7500000000000001100 ) ) ;
#1952 = CARTESIAN_POINT ( 'NONE',  ( 0.1485635187082081400, -0.08568570252389760800, -0.4075000000000250100 ) ) ;
#1953 = CARTESIAN_POINT ( 'NONE',  ( -0.07209607214203933600, 0.01942825276389532500, -0.3324999999999851400 ) ) ;
#1954 = CARTESIAN_POINT ( 'NONE',  ( 0.1356279192340484900, -0.1042950408770777800, -0.4112499999999989500 ) ) ;
#1955 = PRODUCT_DEFINITION ( 'UNKNOWN', '', #1135, #2331 ) ;
#1957 = DIRECTION ( 'NONE',  ( -0.0000000000000000000, 1.224646799147351000E-016, -1.000000000000000000 ) ) ;
#1956 = CARTESIAN_POINT ( 'NONE',  ( 0.09375418495953390100, 0.01230398640758576500, -0.4053143793682318900 ) ) ;
#1958 = ADVANCED_FACE ( 'NONE', ( #1125 ), #1899, .T. ) ;
#1959 = DIRECTION ( 'NONE',  ( 0.0000000000000000000, 1.000000000000000000, 1.224646799147351000E-016 ) ) ;
#1960 = LINE ( 'NONE', #3384, #3649 ) ;
#1961 = LINE ( 'NONE', #3555, #2755 ) ;
#1962 = CARTESIAN_POINT ( 'NONE',  ( -1.051098950683118700E-012, 0.09375000000000006900, -0.6990128425711934500 ) ) ;
#1963 = CIRCLE ( 'NONE', #2298, 0.1000000000000000100 ) ;
#1964 = EDGE_LOOP ( 'NONE', ( #171, #263 ) ) ;
#1965 = CARTESIAN_POINT ( 'NONE',  ( 0.08136866696680981900, 0.04696758023333755900, -0.5416868155167402500 ) ) ;
#1966 = DIRECTION ( 'NONE',  ( -1.000000000000000000, -3.491481338843133700E-015, 0.0000000000000000000 ) ) ;
#1967 = CARTESIAN_POINT ( 'NONE',  ( -0.03605079125766375000, 0.06265110115626083800, -0.3550000000000085900 ) ) ;
#1968 = EDGE_CURVE ( 'NONE', #3577, #1151, #180, .T. ) ;
#1969 = CARTESIAN_POINT ( 'NONE',  ( -0.1583209796777923500, 0.1217347358802212300, -0.1362500000000042800 ) ) ;
#1970 = CARTESIAN_POINT ( 'NONE',  ( 0.07628747709889727200, -0.05876890701275998300, -0.7662499999999834400 ) ) ;
#1972 = DIRECTION ( 'NONE',  ( 0.0000000000000000000, -0.0000000000000000000, 1.000000000000000000 ) ) ;
#1971 = CARTESIAN_POINT ( 'NONE',  ( 0.08424938498462152000, 0.04158523161368354200, -0.3961447985011176700 ) ) ;
#1973 = ORIENTED_EDGE ( 'NONE', *, *, #565, .T. ) ;
#1974 = CARTESIAN_POINT ( 'NONE',  ( 0.04697311826443349700, -0.08136362819191947400, -0.6111227891018625700 ) ) ;
#1975 = CARTESIAN_POINT ( 'NONE',  ( 0.02438120294762746000, -0.01418214313117140500, -0.7819873477115236700 ) ) ;
#1976 = ORIENTED_EDGE ( 'NONE', *, *, #1527, .F. ) ;
#1977 = CARTESIAN_POINT ( 'NONE',  ( -0.1621624753043566800, 0.0000000000000000000, -0.4825078740157480200 ) ) ;
#1978 = CARTESIAN_POINT ( 'NONE',  ( -0.01233556610164929900, -0.09313663728030198400, -0.2806801249011112200 ) ) ;
#1979 = EDGE_CURVE ( 'NONE', #345, #1139, #1303, .T. ) ;
#1980 = ADVANCED_FACE ( 'NONE', ( #2629 ), #2163, .T. ) ;
#1981 = CARTESIAN_POINT ( 'NONE',  ( 0.09314165934721843600, -0.01228974969361513000, -0.5613538153018484700 ) ) ;
#1982 = AXIS2_PLACEMENT_3D ( 'NONE', #382, #2338, #425 ) ;
#1983 = CARTESIAN_POINT ( 'NONE',  ( 0.1712277156070672300, -0.02246524829091678000, -0.3962500000000212000 ) ) ;
#1984 = CARTESIAN_POINT ( 'NONE',  ( 0.1485635187105659700, -0.08568570252147220100, -0.4025000000000078500 ) ) ;
#1985 = ORIENTED_EDGE ( 'NONE', *, *, #2219, .T. ) ;
#1986 = ORIENTED_EDGE ( 'NONE', *, *, #655, .F. ) ;
#1987 = LINE ( 'NONE', #1434, #833 ) ;
#1988 = EDGE_LOOP ( 'NONE', ( #2441, #1210, #1719, #659 ) ) ;
#1989 = PLANE ( 'NONE',  #18 ) ;
#1990 = CARTESIAN_POINT ( 'NONE',  ( 0.08134692819853550600, -0.04700469087255084600, -0.5968605373063113900 ) ) ;
#1991 = CARTESIAN_POINT ( 'NONE',  ( 0.03051982417667933900, 0.01746082988449003400, -0.7519873477115312000 ) ) ;
#1992 = ORIENTED_EDGE ( 'NONE', *, *, #2596, .F. ) ;
#1993 = DIRECTION ( 'NONE',  ( 0.9942282112502793800, -0.1072858982069403400, 1.217578396529650700E-016 ) ) ;
#1994 = ORIENTED_EDGE ( 'NONE', *, *, #3066, .F. ) ;
#1995 = CARTESIAN_POINT ( 'NONE',  ( 0.02434820277748755300, -0.09073977431508195600, -0.5967344541889396700 ) ) ;
#1996 = CARTESIAN_POINT ( 'NONE',  ( 0.0000000000000000000, 0.1937500000000000100, -0.1200000000000000400 ) ) ;
#1997 = ADVANCED_FACE ( 'NONE', ( #943 ), #11, .F. ) ;
#1998 = ORIENTED_EDGE ( 'NONE', *, *, #2127, .F. ) ;
#1999 = CARTESIAN_POINT ( 'NONE',  ( -0.1814753785238139300, -0.02370347839744838300, -0.2937499999999982300 ) ) ;
#2001 = CARTESIAN_POINT ( 'NONE',  ( 2.571758278209439700E-017, 0.2099999999999998500, -0.02000000000000000000 ) ) ;
#2000 = CARTESIAN_POINT ( 'NONE',  ( -0.04701356275406773400, -0.08134142464273359800, -0.4676647378777976600 ) ) ;
#2002 = CARTESIAN_POINT ( 'NONE',  ( 0.07452120511378393400, -0.05721322993636266500, -0.6004294276285043800 ) ) ;
#2003 = CARTESIAN_POINT ( 'NONE',  ( -0.01091192028622165600, 0.08422668708911652800, -0.5382373477115080000 ) ) ;
#2004 = EDGE_CURVE ( 'NONE', #1785, #2411, #1776, .T. ) ;
#2005 = CARTESIAN_POINT ( 'NONE',  ( -0.006423048454132595900, 0.06581767824930485900, -0.05999999999999999800 ) ) ;
#2006 = CYLINDRICAL_SURFACE ( 'NONE', #1471, 0.09374999999999998600 ) ;
#2007 = CARTESIAN_POINT ( 'NONE',  ( 0.03021357180696529100, 0.08896101431604581900, -0.1505870247184996100 ) ) ;
#2008 = FACE_OUTER_BOUND ( 'NONE', #2633, .T. ) ;
#2009 = CIRCLE ( 'NONE', #1158, 0.06613034342548929100 ) ;
#2010 = CARTESIAN_POINT ( 'NONE',  ( -0.04352500607629867400, -0.1617609007856211900, -0.4399999999999753000 ) ) ;
#2011 = EDGE_CURVE ( 'NONE', #385, #1331, #604, .T. ) ;
#2012 = FACE_OUTER_BOUND ( 'NONE', #969, .T. ) ;
#2013 = CARTESIAN_POINT ( 'NONE',  ( 0.08806766447690708700, 0.1526962579644353100, -0.3625000000000039900 ) ) ;
#2014 = CARTESIAN_POINT ( 'NONE',  ( -0.07884816330652970300, 0.04557493590876756500, -0.5119873477115048900 ) ) ;
#2015 = CARTESIAN_POINT ( 'NONE',  ( 0.006423048454132595900, -0.06581767824930485900, -0.05999999999999999800 ) ) ;
#2016 = ORIENTED_EDGE ( 'NONE', *, *, #2148, .T. ) ;
#2017 = ADVANCED_FACE ( 'NONE', ( #2475 ), #1989, .T. ) ;
#2018 = PLANE ( 'NONE',  #3445 ) ;
#2019 = CARTESIAN_POINT ( 'NONE',  ( 0.06197285841170743100, -0.07061079802302508400, -0.2119119447562932400 ) ) ;
#2020 = ORIENTED_EDGE ( 'NONE', *, *, #1847, .T. ) ;
#2022 = CARTESIAN_POINT ( 'NONE',  ( -0.08916881000205205400, 0.03283017883849705100, -0.1055397047785905500 ) ) ;
#2021 = CARTESIAN_POINT ( 'NONE',  ( 0.09892304845413260600, 0.006423048454132942000, -0.05999999999999999800 ) ) ;
#2023 = CARTESIAN_POINT ( 'NONE',  ( -0.06193875758921466000, 0.07064205797565900600, -0.5201759604888868100 ) ) ;
#2024 = CARTESIAN_POINT ( 'NONE',  ( 0.06069250985182961900, -0.03511067163941648800, -0.6019873477114929800 ) ) ;
#2025 = DIRECTION ( 'NONE',  ( 0.1072858982069424100, 0.9942282112502790500, -0.0000000000000000000 ) ) ;
#2026 = ORIENTED_EDGE ( 'NONE', *, *, #2979, .T. ) ;
#2027 = CARTESIAN_POINT ( 'NONE',  ( 0.02249999999999999900, -0.06496393230093142100, 0.0000000000000000000 ) ) ;
#2028 = LOCAL_TIME ( 9, 52, 58.00000000000000000, #2692 ) ;
#2029 = EDGE_CURVE ( 'NONE', #2325, #1566, #1642, .T. ) ;
#2030 = CARTESIAN_POINT ( 'NONE',  ( -0.08149206496957373000, -0.04687499999999997200, -0.1126185071684684300 ) ) ;
#2031 = CARTESIAN_POINT ( 'NONE',  ( 0.01227808822139331500, 0.09314312259328404200, -0.1448387021730654600 ) ) ;
#2032 = ADVANCED_FACE ( 'NONE', ( #857 ), #2583, .T. ) ;
#2033 = PLANE ( 'NONE',  #3283 ) ;
#2034 = ORIENTED_EDGE ( 'NONE', *, *, #85, .F. ) ;
#2035 = DIRECTION ( 'NONE',  ( 3.491481338843133000E-015, -1.000000000000000000, 0.0000000000000000000 ) ) ;
#2036 = CARTESIAN_POINT ( 'NONE',  ( 0.1359746688511091800, -0.03665853276877574500, -0.5800000000000178300 ) ) ;
#2037 = CARTESIAN_POINT ( 'NONE',  ( -0.07807531152836358300, 0.1356868476160177400, -0.5125078740157463800 ) ) ;
#2038 = EDGE_LOOP ( 'NONE', ( #92, #2732, #2973, #932, #2233, #1328, #1973, #735, #996, #2345, #1000, #359 ) ) ;
#2039 = CARTESIAN_POINT ( 'NONE',  ( -0.08126534836925965200, -0.04687499999999997200, -0.1155712390101807900 ) ) ;
#2040 = CARTESIAN_POINT ( 'NONE',  ( -0.05714465489545591400, 0.07457287620200113400, -0.6931684095776691200 ) ) ;
#2041 = CARTESIAN_POINT ( 'NONE',  ( -0.08130529913119685600, 0.04707438958774824000, -0.5112841727112249500 ) ) ;
#2042 = ADVANCED_FACE ( 'NONE', ( #1689 ), #573, .T. ) ;
#2043 = CARTESIAN_POINT ( 'NONE',  ( 0.01986709226634283600, 0.1509076510139365200, -0.5312500000000026600 ) ) ;
#2044 = VECTOR ( 'NONE', #2658, 39.37007874015748100 ) ;
#2045 = EDGE_CURVE ( 'NONE', #3397, #1195, #2670, .T. ) ;
#2046 = CARTESIAN_POINT ( 'NONE',  ( -0.1116669123431089200, -0.04687499999999997200, -0.1175000000000000100 ) ) ;
#2047 = CIRCLE ( 'NONE', #3329, 0.09159182550861176600 ) ;
#2048 = DIRECTION ( 'NONE',  ( 1.000000000000000000, 0.0000000000000000000, 0.0000000000000000000 ) ) ;
#2049 = DIRECTION ( 'NONE',  ( 0.0000000000000000000, -1.000000000000000000, 0.0000000000000000000 ) ) ;
#2050 = VECTOR ( 'NONE', #1871, 39.37007874015748900 ) ;
#2051 = ORIENTED_EDGE ( 'NONE', *, *, #2707, .F. ) ;
#2052 = CARTESIAN_POINT ( 'NONE',  ( 0.0000000000000000000, -5.510910596163085200E-017, -0.7500000000000001100 ) ) ;
#2053 = CARTESIAN_POINT ( 'NONE',  ( 0.05499819019236171200, -0.07572287866003764300, -0.7795048951445284800 ) ) ;
#2054 = ORIENTED_EDGE ( 'NONE', *, *, #3301, .T. ) ;
#2055 = ORIENTED_EDGE ( 'NONE', *, *, #1864, .T. ) ;
#2056 = ORIENTED_EDGE ( 'NONE', *, *, #16, .T. ) ;
#2057 = DIRECTION ( 'NONE',  ( 0.0000000000000000000, -1.000000000000000000, 0.0000000000000000000 ) ) ;
#2058 = ADVANCED_FACE ( 'NONE', ( #1519 ), #1597, .T. ) ;
#2059 = EDGE_CURVE ( 'NONE', #1494, #2398, #2826, .T. ) ;
#2060 = CARTESIAN_POINT ( 'NONE',  ( -0.02249999999999999900, 0.09892304845413259200, -0.05999999999999999800 ) ) ;
#2061 = EDGE_CURVE ( 'NONE', #485, #1198, #1025, .T. ) ;
#2062 = ORIENTED_EDGE ( 'NONE', *, *, #236, .F. ) ;
#2063 = EDGE_LOOP ( 'NONE', ( #3076, #1157, #3447, #2655, #2447, #1493, #1048 ) ) ;
#2064 = LINE ( 'NONE', #688, #3141 ) ;
#2065 = CARTESIAN_POINT ( 'NONE',  ( 0.1150000000000001000, -0.02249999999999959700, 0.0000000000000000000 ) ) ;
#2066 = VERTEX_POINT ( 'NONE', #310 ) ;
#2067 = CARTESIAN_POINT ( 'NONE',  ( -0.1130148883781083700, -0.1469744494567162600, -0.2712499999999995500 ) ) ;
#2068 = ORIENTED_EDGE ( 'NONE', *, *, #592, .F. ) ;
#2069 = EDGE_LOOP ( 'NONE', ( #2224, #1146, #2789, #2439, #3219 ) ) ;
#2070 = CARTESIAN_POINT ( 'NONE',  ( -0.1468750000000000300, 0.0000000000000000000, -0.1062500000000000100 ) ) ;
#2071 = AXIS2_PLACEMENT_3D ( 'NONE', #1211, #2647, #77 ) ;
#2072 = CARTESIAN_POINT ( 'NONE',  ( -0.07031367964748383400, 0.09167870110748274600, -0.6837499999999956400 ) ) ;
#2073 = ORIENTED_EDGE ( 'NONE', *, *, #2888, .T. ) ;
#2074 = DIRECTION ( 'NONE',  ( -0.0000000000000000000, 1.224646799147351000E-016, -1.000000000000000000 ) ) ;
#2075 = ORIENTED_EDGE ( 'NONE', *, *, #2380, .F. ) ;
#2076 = CARTESIAN_POINT ( 'NONE',  ( 0.1006938193562340900, 0.01306746267398817100, -0.7487499999999618300 ) ) ;
#2077 = CARTESIAN_POINT ( 'NONE',  ( 0.02432259345210381600, -0.1862050691135773700, -0.2487500000000005500 ) ) ;
#2078 = CARTESIAN_POINT ( 'NONE',  ( 0.1405185824203462100, -0.01850716635041840500, -0.5762500000000206900 ) ) ;
#2079 = CARTESIAN_POINT ( 'NONE',  ( -0.09290306451990396100, 0.07153804305419829400, -0.6812499999999931400 ) ) ;
#2080 = CARTESIAN_POINT ( 'NONE',  ( -0.05305948127081995500, -0.006832142589329441400, -0.6392626522885134200 ) ) ;
#2081 = CARTESIAN_POINT ( 'NONE',  ( -0.09585195171247919100, 0.1249098758731027500, -0.5037500000000033600 ) ) ;
#2082 = LINE ( 'NONE', #963, #552 ) ;
#2083 = CARTESIAN_POINT ( 'NONE',  ( -0.08428737940411137900, -0.04149828452568675400, -0.6557189565533760900 ) ) ;
#2084 = LINE ( 'NONE', #2790, #1737 ) ;
#2085 = DIRECTION ( 'NONE',  ( 0.0000000000000000000, 1.000000000000000000, 1.821231995776175700E-016 ) ) ;
#2086 = LINE ( 'NONE', #3201, #3287 ) ;
#2087 = EDGE_CURVE ( 'NONE', #2325, #3510, #1438, .T. ) ;
#2088 = CARTESIAN_POINT ( 'NONE',  ( -0.1814753785271085700, -0.02370347839760401600, -0.2937499999999977400 ) ) ;
#2089 = CARTESIAN_POINT ( 'NONE',  ( -0.01442738859387247500, 0.1110828879663957000, -0.7037578740157428600 ) ) ;
#2090 = AXIS2_PLACEMENT_3D ( 'NONE', #452, #1304, #3042 ) ;
#2091 = CARTESIAN_POINT ( 'NONE',  ( 0.09799718564004894500, 0.02930456438251983300, -0.7441666666666219000 ) ) ;
#2092 = ORIENTED_EDGE ( 'NONE', *, *, #3238, .F. ) ;
#2093 = CARTESIAN_POINT ( 'NONE',  ( 0.005472216695449104800, 0.04093890133197216500, -0.6917626522885148600 ) ) ;
#2094 = CARTESIAN_POINT ( 'NONE',  ( -0.07807531152836358300, 0.1356868476160177400, -0.5074999999999984000 ) ) ;
#2095 = CARTESIAN_POINT ( 'NONE',  ( 0.02433497309606429800, 0.09074278202155636200, -0.3326850848420396800 ) ) ;
#2096 = CARTESIAN_POINT ( 'NONE',  ( -0.1940070266074578600, 0.05219091158253099500, -0.1249999999999999600 ) ) ;
#2097 = CARTESIAN_POINT ( 'NONE',  ( 0.01442738859387240700, 0.1093513766358169700, -0.7062500000000053700 ) ) ;
#2098 = EDGE_LOOP ( 'NONE', ( #577, #2730 ) ) ;
#2099 = CARTESIAN_POINT ( 'NONE',  ( -0.1130148883781083700, -0.1469744494567162600, -0.2712499999999995500 ) ) ;
#2100 = PLANE ( 'NONE',  #2964 ) ;
#2101 = CARTESIAN_POINT ( 'NONE',  ( -0.1806870967772481200, 0.02370347839760393200, -0.3012500000000022400 ) ) ;
#2102 = CARTESIAN_POINT ( 'NONE',  ( -0.1386260530535113300, 0.08002875688355644300, -0.4974999999999658000 ) ) ;
#2103 = CARTESIAN_POINT ( 'NONE',  ( 0.02184613323604167900, -0.1672863067628324900, -0.4337499999999765400 ) ) ;
#2104 = VERTEX_POINT ( 'NONE', #3169 ) ;
#2105 = CARTESIAN_POINT ( 'NONE',  ( 0.04864908474979221700, 0.06311925758255691700, -0.5267626522884872900 ) ) ;
#2106 = CARTESIAN_POINT ( 'NONE',  ( 0.01714724043411260500, -0.1318610251812086800, -0.6087499999999923500 ) ) ;
#2107 = CALENDAR_DATE ( 2021, 9, 7 ) ;
#2108 = EDGE_CURVE ( 'NONE', #307, #1469, #3130, .T. ) ;
#2109 = CARTESIAN_POINT ( 'NONE',  ( 0.0000000000000000000, 2.449293598294706800E-018, -0.02000000000000002500 ) ) ;
#2110 = CARTESIAN_POINT ( 'NONE',  ( 0.0000000000000000000, 1.469576158976821200E-017, -0.1200000000000000200 ) ) ;
#2111 = CARTESIAN_POINT ( 'NONE',  ( 0.06496393230093150400, -0.02249999999999977400, 0.0000000000000000000 ) ) ;
#2112 = AXIS2_PLACEMENT_3D ( 'NONE', #2538, #3105, #3399 ) ;
#2113 = CARTESIAN_POINT ( 'NONE',  ( 0.04384233696290495300, -0.1633359181183783600, -0.4250000000000109800 ) ) ;
#2114 = EDGE_LOOP ( 'NONE', ( #1012, #2573, #3053, #3572, #315, #3008, #778, #930 ) ) ;
#2115 = CARTESIAN_POINT ( 'NONE',  ( -0.1261342393132010000, 0.09707631515257741900, -0.5012499999999966400 ) ) ;
#2116 = CARTESIAN_POINT ( 'NONE',  ( -0.2000000000000000400, 0.0000000000000000000, -0.1175000000000000100 ) ) ;
#2117 = CARTESIAN_POINT ( 'NONE',  ( -1.051098950683118700E-012, 0.09375000000000006900, -0.6990128425711934500 ) ) ;
#2118 = CARTESIAN_POINT ( 'NONE',  ( -0.08958012511593344000, 0.02419034544410947000, -0.4705126522884720600 ) ) ;
#2119 = CARTESIAN_POINT ( 'NONE',  ( 0.07451960951870428800, -0.05721818144277061900, -0.2513398727120635900 ) ) ;
#2120 = CARTESIAN_POINT ( 'NONE',  ( -0.04847695207938142200, -0.1801872584004618200, -0.2600000000000116100 ) ) ;
#2121 = DIRECTION ( 'NONE',  ( -0.0000000000000000000, 1.000000000000000000, 1.224646799147351000E-016 ) ) ;
#2122 = CARTESIAN_POINT ( 'NONE',  ( 0.01986709226469651400, 0.1509076510145122600, -0.5312499999999866800 ) ) ;
#2123 = CARTESIAN_POINT ( 'NONE',  ( -0.04352500607367382900, -0.1617609007882748800, -0.4449999999999915700 ) ) ;
#2124 = FACE_OUTER_BOUND ( 'NONE', #812, .T. ) ;
#2125 = CARTESIAN_POINT ( 'NONE',  ( -0.05127025596454475000, 0.1909754545330620600, -0.1600000000000037800 ) ) ;
#2126 = CARTESIAN_POINT ( 'NONE',  ( -0.01232619802869574900, -0.09313792589535108100, -0.4208632539177109000 ) ) ;
#2127 = EDGE_CURVE ( 'NONE', #3570, #317, #101, .T. ) ;
#2128 = FACE_OUTER_BOUND ( 'NONE', #1245, .T. ) ;
#2129 = DIRECTION ( 'NONE',  ( -0.04361938736533609700, 5.341834311772734800E-018, 0.9990482215818576900 ) ) ;
#2130 = LINE ( 'NONE', #3606, #2590 ) ;
#2131 = VERTEX_POINT ( 'NONE', #3269 ) ;
#2132 = CARTESIAN_POINT ( 'NONE',  ( 0.06588754541579446000, -0.01718897351001677200, -0.01982102070096070400 ) ) ;
#2133 = CARTESIAN_POINT ( 'NONE',  ( -0.1214719565753055500, -0.01578731451545267400, -0.6587500000000260400 ) ) ;
#2134 = CC_DESIGN_APPROVAL ( #3336, ( #1955 ) ) ;
#2135 = CARTESIAN_POINT ( 'NONE',  ( -0.1430926871964484600, -0.08241442195428984300, -0.4675000000000034700 ) ) ;
#2136 = DIRECTION ( 'NONE',  ( -0.0000000000000000000, -0.0000000000000000000, 1.000000000000000000 ) ) ;
#2137 = VERTEX_POINT ( 'NONE', #1315 ) ;
#2138 = ORIENTED_EDGE ( 'NONE', *, *, #3058, .F. ) ;
#2139 = ORIENTED_EDGE ( 'NONE', *, *, #1372, .T. ) ;
#2140 = DIRECTION ( 'NONE',  ( -1.320335703100155500E-016, -0.04361938736533622200, 0.9990482215818576900 ) ) ;
#2141 = CARTESIAN_POINT ( 'NONE',  ( -0.1431922727155997300, 0.1101082725437726200, -0.3162499999999965900 ) ) ;
#2142 = CARTESIAN_POINT ( 'NONE',  ( 0.01165273117672184700, 0.08862616853708070500, -0.1937499999999951800 ) ) ;
#2143 = VERTEX_POINT ( 'NONE', #2389 ) ;
#2144 = CARTESIAN_POINT ( 'NONE',  ( 0.007938040881039684300, -0.06103630676313381900, -0.4062500000000115500 ) ) ;
#2145 = ORIENTED_EDGE ( 'NONE', *, *, #728, .F. ) ;
#2146 = ORIENTED_EDGE ( 'NONE', *, *, #127, .T. ) ;
#2147 = CARTESIAN_POINT ( 'NONE',  ( -0.08429196983795597700, -0.04149090500712384500, -0.2656080729726656400 ) ) ;
#2148 = EDGE_CURVE ( 'NONE', #3272, #2411, #416, .T. ) ;
#2149 = DIRECTION ( 'NONE',  ( -0.0000000000000000000, 1.224646799147351000E-016, -1.000000000000000000 ) ) ;
#2150 = DATE_TIME_ROLE ( 'classification_date' ) ;
#2151 = AXIS2_PLACEMENT_3D ( 'NONE', #1604, #3026, #3595 ) ;
#2153 = DIRECTION ( 'NONE',  ( 0.0000000000000000000, -0.9659258262890682000, -0.2588190451025213500 ) ) ;
#2152 = CARTESIAN_POINT ( 'NONE',  ( 0.1915918255086117800, 0.0000000000000000000, -1.053580696334676300 ) ) ;
#2154 = VERTEX_POINT ( 'NONE', #1001 ) ;
#2155 = CARTESIAN_POINT ( 'NONE',  ( -0.05630662715498707000, -0.007319129299653361800, -0.4512498958568660900 ) ) ;
#2156 = CARTESIAN_POINT ( 'NONE',  ( 0.1388526966099935000, 0.1066442573411826200, -0.3737499999999947000 ) ) ;
#2157 = CARTESIAN_POINT ( 'NONE',  ( -0.09374698439777881500, 0.006160176419250866500, -0.2809306463960981600 ) ) ;
#2158 = CARTESIAN_POINT ( 'NONE',  ( 0.04703841752168334800, 0.08132497507119479400, -0.2036831314261431900 ) ) ;
#2159 = VECTOR ( 'NONE', #3221, 39.37007874015747400 ) ;
#2160 = CARTESIAN_POINT ( 'NONE',  ( 0.1150000000000000300, -0.006423048454132196900, -0.05999999999999999800 ) ) ;
#2161 = CARTESIAN_POINT ( 'NONE',  ( 0.1166020821833190800, 0.08946738369324566700, -0.5487500000000005200 ) ) ;
#2162 = VECTOR ( 'NONE', #2903, 39.37007874015748100 ) ;
#2163 = CYLINDRICAL_SURFACE ( 'NONE', #3303, 0.09374999999999998600 ) ;
#2164 = DIRECTION ( 'NONE',  ( -2.048307980059917300E-016, -0.4226182617406960600, 0.9063077870366516000 ) ) ;
#2165 = CARTESIAN_POINT ( 'NONE',  ( -0.1568289972175700400, 0.09044962643162549100, -0.3175000000000157100 ) ) ;
#2166 = FACE_OUTER_BOUND ( 'NONE', #1235, .T. ) ;
#2167 = CARTESIAN_POINT ( 'NONE',  ( 0.01986709226447220400, 0.1509076510146914200, -0.5262499999999626900 ) ) ;
#2168 = CARTESIAN_POINT ( 'NONE',  ( 0.06901680162962355000, 0.05297513161069501000, -0.2162499999999976400 ) ) ;
#2169 = EDGE_CURVE ( 'NONE', #317, #1198, #762, .T. ) ;
#2170 = CARTESIAN_POINT ( 'NONE',  ( 0.1863688651311773400, 0.05003226946341048100, -0.2050000000000074800 ) ) ;
#2171 = EDGE_CURVE ( 'NONE', #3194, #3581, #549, .T. ) ;
#2172 = ORIENTED_EDGE ( 'NONE', *, *, #1354, .F. ) ;
#2173 = CARTESIAN_POINT ( 'NONE',  ( -0.08192334110135689200, 0.04718931105725928500, -0.2943322950722827000 ) ) ;
#2174 = AXIS2_PLACEMENT_3D ( 'NONE', #2257, #1435, #3127 ) ;
#2175 = DIRECTION ( 'NONE',  ( -0.0000000000000000000, -1.224646799147351000E-016, 1.000000000000000000 ) ) ;
#2176 = ORIENTED_EDGE ( 'NONE', *, *, #1968, .F. ) ;
#2177 = CARTESIAN_POINT ( 'NONE',  ( 0.1422500937857686100, 0.01850716635041843900, -0.5637499999999793200 ) ) ;
#2178 = ORIENTED_EDGE ( 'NONE', *, *, #3146, .F. ) ;
#2180 = DIRECTION ( 'NONE',  ( 0.1072858982069403300, 0.9942282112502792700, 0.0000000000000000000 ) ) ;
#2179 = CARTESIAN_POINT ( 'NONE',  ( 0.08938155570362368900, -0.01999999999999999700, -1.053580696334676300 ) ) ;
#2181 = APPROVAL ( #1767, 'UNSPECIFIED' ) ;
#2182 = CARTESIAN_POINT ( 'NONE',  ( -0.08956030781821672200, 0.1554909049612459800, -0.3325000000000016300 ) ) ;
#2183 = CARTESIAN_POINT ( 'NONE',  ( -0.07792261107933420900, -0.1012108582194818400, -0.6312500000000284000 ) ) ;
#2184 = DIRECTION ( 'NONE',  ( 0.0000000000000000000, 0.0000000000000000000, -1.000000000000000000 ) ) ;
#2185 = CARTESIAN_POINT ( 'NONE',  ( 0.07504931892519023400, 0.04319667710793320000, -0.2199999999999925900 ) ) ;
#2186 = CARTESIAN_POINT ( 'NONE',  ( 0.0000000000000000000, 0.09374999999999998600, 1.148106374200641400E-017 ) ) ;
#2187 = CARTESIAN_POINT ( 'NONE',  ( 0.1507566261987929600, -0.1159215042103279700, -0.2312499999999845200 ) ) ;
#2188 = LINE ( 'NONE', #3599, #3623 ) ;
#2189 = CARTESIAN_POINT ( 'NONE',  ( 0.04715146056048951500, -0.08194551117967684200, -0.4016986843851302900 ) ) ;
#2190 = PERSON_AND_ORGANIZATION ( #822, #3004 ) ;
#2191 = CARTESIAN_POINT ( 'NONE',  ( -0.08891640901917956300, 0.03033481282030086500, -0.1542066210424668800 ) ) ;
#2192 = CARTESIAN_POINT ( 'NONE',  ( -0.1023147461747602200, 0.05910022828911001800, -0.6724999999999863300 ) ) ;
#2194 = DIRECTION ( 'NONE',  ( 1.000000000000000000, -0.0000000000000000000, -0.0000000000000000000 ) ) ;
#2193 = DIRECTION ( 'NONE',  ( 1.000000000000000000, 3.491481338843133000E-015, -0.0000000000000000000 ) ) ;
#2195 = CARTESIAN_POINT ( 'NONE',  ( -0.1996057734698484500, 0.02618562741770783000, -0.1262508147899068000 ) ) ;
#2196 = ORIENTED_EDGE ( 'NONE', *, *, #3386, .F. ) ;
#2197 = CARTESIAN_POINT ( 'NONE',  ( -0.1612964733973214800, 0.02123305377907308600, -0.4812510661521225400 ) ) ;
#2198 = DIRECTION ( 'NONE',  ( -0.0000000000000000000, -0.0000000000000000000, 1.000000000000000000 ) ) ;
#2199 = CARTESIAN_POINT ( 'NONE',  ( -0.07491232107110365500, -0.05767486603644011300, -0.6321194682746329500 ) ) ;
#2200 = CARTESIAN_POINT ( 'NONE',  ( -0.07522537852382425700, -0.009795386027512034000, -0.2712499999999982100 ) ) ;
#2201 = CARTESIAN_POINT ( 'NONE',  ( -0.09074435578579392900, 0.02434235466262939200, -0.2866856734124931800 ) ) ;
#2202 = CARTESIAN_POINT ( 'NONE',  ( 0.09432423173125924200, -0.1637563834711026300, -0.2425000000000061600 ) ) ;
#2203 = EDGE_CURVE ( 'NONE', #1112, #1096, #1069, .T. ) ;
#2204 = AXIS2_PLACEMENT_3D ( 'NONE', #2941, #3489, #2361 ) ;
#2205 = CARTESIAN_POINT ( 'NONE',  ( -0.1261342393132010000, 0.09707631515257741900, -0.4962499999999966400 ) ) ;
#2207 = CARTESIAN_POINT ( 'NONE',  ( -0.09374999999999997200, 0.006195024801010196000, -0.4649982635971814400 ) ) ;
#2206 = CARTESIAN_POINT ( 'NONE',  ( 0.1915918255086117800, 0.0000000000000000000, -1.053580696334676300 ) ) ;
#2208 = DIRECTION ( 'NONE',  ( -1.000000000000000000, 0.0000000000000000000, 0.0000000000000000000 ) ) ;
#2209 = CARTESIAN_POINT ( 'NONE',  ( 0.1388526966073845800, 0.1066442573428157500, -0.3737500000000016900 ) ) ;
#2210 = CARTESIAN_POINT ( 'NONE',  ( 0.01718897351001699400, 0.06588754541579441800, -0.01982102070096070400 ) ) ;
#2211 = CARTESIAN_POINT ( 'NONE',  ( -0.01220664133013592100, -0.09315465023051683300, -0.6085269090869653800 ) ) ;
#2212 =( BOUNDED_CURVE ( )  B_SPLINE_CURVE ( 3, ( #2005, #589, #5, #335 ),
 .UNSPECIFIED., .F., .T. ) 
 B_SPLINE_CURVE_WITH_KNOTS ( ( 4, 4 ),
 ( 4.645462866105246400, 4.886857440586710200 ),
 .UNSPECIFIED. ) 
 CURVE ( )  GEOMETRIC_REPRESENTATION_ITEM ( )  RATIONAL_B_SPLINE_CURVE ( ( 1.000000000000000000, 0.9951499471396296800, 0.9951499471396296800, 1.000000000000000000 ) ) 
 REPRESENTATION_ITEM ( '' )  );
#2213 = FACE_OUTER_BOUND ( 'NONE', #1795, .T. ) ;
#2214 = CARTESIAN_POINT ( 'NONE',  ( -0.01041450107677100100, -0.07916678736495390300, -0.2337500000000040900 ) ) ;
#2215 = CARTESIAN_POINT ( 'NONE',  ( 0.07058889998644023200, 0.06199691705134080500, -0.5357599871927081200 ) ) ;
#2216 = CARTESIAN_POINT ( 'NONE',  ( 0.1901464779532908200, -0.02494170850858191600, -0.2162500000000057400 ) ) ;
#2217 = VECTOR ( 'NONE', #3021, 39.37007874015748100 ) ;
#2218 = CARTESIAN_POINT ( 'NONE',  ( -0.1733599542337744300, 0.09997747425209045600, -0.1374999999999966200 ) ) ;
#2219 = EDGE_CURVE ( 'NONE', #2557, #2535, #282, .T. ) ;
#2220 = CARTESIAN_POINT ( 'NONE',  ( 0.1663674901895229600, -0.04476299257665299800, -0.4000000000000083500 ) ) ;
#2221 = CARTESIAN_POINT ( 'NONE',  ( -0.09290306451661922700, 0.07153804305588464000, -0.6762499999999959100 ) ) ;
#2223 = CARTESIAN_POINT ( 'NONE',  ( -0.01999999999999996200, 0.02352122704921223000, -1.184004612118490200 ) ) ;
#2222 = CARTESIAN_POINT ( 'NONE',  ( 0.08136499710351576000, -0.04697194134305817500, -0.4236520716774374600 ) ) ;
#2224 = ORIENTED_EDGE ( 'NONE', *, *, #2456, .T. ) ;
#2225 = CARTESIAN_POINT ( 'NONE',  ( 0.1539814035672677800, 0.1182707206757283200, -0.1937499999999905100 ) ) ;
#2226 = CARTESIAN_POINT ( 'NONE',  ( -0.07455820673873828100, 0.05716216998108125000, -0.6714716642270415200 ) ) ;
#2227 = EDGE_CURVE ( 'NONE', #3322, #2137, #1961, .T. ) ;
#2228 = CARTESIAN_POINT ( 'NONE',  ( 0.06579202426415151100, -0.05062591514631717400, -0.2037500000000039300 ) ) ;
#2229 = ORIENTED_EDGE ( 'NONE', *, *, #1824, .T. ) ;
#2230 = AXIS2_PLACEMENT_3D ( 'NONE', #600, #3449, #3459 ) ;
#2231 = CARTESIAN_POINT ( 'NONE',  ( 0.1650944757244063900, -0.09521355034316164600, -0.2275000000000004500 ) ) ;
#2232 = CARTESIAN_POINT ( 'NONE',  ( 0.03844205242551671000, -0.05010591794907236200, -0.4412499999999913700 ) ) ;
#2233 = ORIENTED_EDGE ( 'NONE', *, *, #2509, .T. ) ;
#2234 = CARTESIAN_POINT ( 'NONE',  ( -0.1621624753043566800, -7.943670252931684900E-017, -0.4824999999999999800 ) ) ;
#2235 = CARTESIAN_POINT ( 'NONE',  ( 0.02866371944445607300, 0.02188644919670584500, -0.7142626522885022800 ) ) ;
#2236 = PLANE ( 'NONE',  #248 ) ;
#2237 = FACE_OUTER_BOUND ( 'NONE', #2765, .T. ) ;
#2238 = CARTESIAN_POINT ( 'NONE',  ( 0.04696036434281573900, 0.08137133214181821500, -0.5540459275454484600 ) ) ;
#2239 = VECTOR ( 'NONE', #2431, 39.37007874015748100 ) ;
#2240 = CARTESIAN_POINT ( 'NONE',  ( 4.778036518924466700E-014, -0.09374999999999995800, -0.4170110707524127300 ) ) ;
#2241 = ORIENTED_EDGE ( 'NONE', *, *, #2687, .T. ) ;
#2242 = CARTESIAN_POINT ( 'NONE',  ( -0.05025288338471685400, -0.02890490540840138700, -0.4899999999999844500 ) ) ;
#2243 = ORIENTED_EDGE ( 'NONE', *, *, #2395, .F. ) ;
#2244 = CARTESIAN_POINT ( 'NONE',  ( -0.02556082356042557000, 0.1956644502871050800, -0.1587499999999967300 ) ) ;
#2245 = ORIENTED_EDGE ( 'NONE', *, *, #2380, .T. ) ;
#2246 = CARTESIAN_POINT ( 'NONE',  ( 0.02435973892971438800, 0.09073805890518223100, -0.3723400838914069900 ) ) ;
#2247 = EDGE_CURVE ( 'NONE', #3416, #2931, #2337, .T. ) ;
#2248 = CARTESIAN_POINT ( 'NONE',  ( -0.08958012511834163900, 0.02419034544410152500, -0.5044873477115168200 ) ) ;
#2249 = ORIENTED_EDGE ( 'NONE', *, *, #916, .F. ) ;
#2250 = CARTESIAN_POINT ( 'NONE',  ( -0.08424840052439736000, 0.04157850548657019600, -0.3338376377909041400 ) ) ;
#2251 = CARTESIAN_POINT ( 'NONE',  ( 0.07454266778711554600, 0.05718569957699507600, -0.5377483326178534900 ) ) ;
#2252 = CARTESIAN_POINT ( 'NONE',  ( 0.1847938478023140600, -0.04971493857759116300, -0.2199999999999995600 ) ) ;
#2253 = AXIS2_PLACEMENT_3D ( 'NONE', #610, #1691, #584 ) ;
#2254 = CARTESIAN_POINT ( 'NONE',  ( -0.1013884250434259500, -0.1318457424924428800, -0.4512500000000387900 ) ) ;
#2255 = FACE_OUTER_BOUND ( 'NONE', #1765, .T. ) ;
#2256 = CARTESIAN_POINT ( 'NONE',  ( 0.0000000000000000000, 0.2099999999999998500, -0.02000000000000000000 ) ) ;
#2257 = CARTESIAN_POINT ( 'NONE',  ( 0.0000000000000000000, -5.510910596163085200E-017, -0.7500000000000001100 ) ) ;
#2258 = EDGE_CURVE ( 'NONE', #2824, #3416, #21, .T. ) ;
#2259 = LINE ( 'NONE', #755, #3071 ) ;
#2260 = CARTESIAN_POINT ( 'NONE',  ( -0.1386260530545153600, 0.08002875688551704100, -0.4974999999999940600 ) ) ;
#2261 = VECTOR ( 'NONE', #854, 39.37007874015748100 ) ;
#2262 = VECTOR ( 'NONE', #1567, 39.37007874015748100 ) ;
#2263 = CARTESIAN_POINT ( 'NONE',  ( -0.1116669123431089200, -0.04687499999999997200, -0.1225000000000000300 ) ) ;
#2264 = DIRECTION ( 'NONE',  ( 1.000000000000000000, 0.0000000000000000000, 0.0000000000000000000 ) ) ;
#2265 = VERTEX_POINT ( 'NONE', #161 ) ;
#2266 = CARTESIAN_POINT ( 'NONE',  ( -0.1771556863261689300, -0.04755629646407059900, -0.2900000000000068600 ) ) ;
#2267 = CARTESIAN_POINT ( 'NONE',  ( 0.09159182550861172400, -4.067494141884417800E-017, -1.053580696334676300 ) ) ;
#2269 = DIRECTION ( 'NONE',  ( -0.0000000000000000000, 1.224646799147351000E-016, -1.000000000000000000 ) ) ;
#2268 = CARTESIAN_POINT ( 'NONE',  ( -0.03021076822407850500, -0.08895934547429301700, -0.4621563883374382200 ) ) ;
#2270 = CARTESIAN_POINT ( 'NONE',  ( 0.09374913580488587700, 0.01222123243028371500, -0.5790353162962371700 ) ) ;
#2271 = ORIENTED_EDGE ( 'NONE', *, *, #159, .F. ) ;
#2272 = CARTESIAN_POINT ( 'NONE',  ( -0.05256507587103942400, -0.01401011618567019400, -0.6694873477115154100 ) ) ;
#2273 = ORIENTED_EDGE ( 'NONE', *, *, #1015, .T. ) ;
#2274 = DIRECTION ( 'NONE',  ( 3.491481338843133000E-015, -1.000000000000000000, 0.0000000000000000000 ) ) ;
#2275 = EDGE_CURVE ( 'NONE', #3226, #2729, #574, .T. ) ;
#2276 = CARTESIAN_POINT ( 'NONE',  ( -0.07807531153085083000, 0.1356868476179221800, -0.5124999999999980700 ) ) ;
#2277 = CARTESIAN_POINT ( 'NONE',  ( 0.02426347593861764200, 0.09076164648228886300, -0.1486557121826732600 ) ) ;
#2278 = ADVANCED_FACE ( 'NONE', ( #2864 ), #1219, .T. ) ;
#2279 = ORIENTED_EDGE ( 'NONE', *, *, #1113, .T. ) ;
#2280 = CARTESIAN_POINT ( 'NONE',  ( -0.1095508731764184800, 0.1426348733480053400, -0.3237500000000007000 ) ) ;
#2281 = FACE_BOUND ( 'NONE', #2098, .T. ) ;
#2282 = CARTESIAN_POINT ( 'NONE',  ( -0.08052015043748682300, 0.04646795766892739700, -0.1599999999999966200 ) ) ;
#2284 = CARTESIAN_POINT ( 'NONE',  ( -0.07132781581592077800, 0.06130858175480888300, -0.1158082086551847200 ) ) ;
#2283 = CARTESIAN_POINT ( 'NONE',  ( -0.07060963015306980000, -0.06197535175532269100, -0.4768122784825491500 ) ) ;
#2285 = CARTESIAN_POINT ( 'NONE',  ( 0.02438120294986132300, -0.01418214313003369700, -0.7480126522884678100 ) ) ;
#2286 = CARTESIAN_POINT ( 'NONE',  ( 0.03315722628495059600, -0.05775330439798012600, -0.6169873477115055400 ) ) ;
#2287 = PLANE ( 'NONE',  #2639 ) ;
#2288 = CARTESIAN_POINT ( 'NONE',  ( 0.01718897351001699400, -0.06588754541579441800, -0.01982102070096071100 ) ) ;
#2289 = ORIENTED_EDGE ( 'NONE', *, *, #2424, .T. ) ;
#2290 = EDGE_CURVE ( 'NONE', #264, #2137, #2009, .T. ) ;
#2291 = CARTESIAN_POINT ( 'NONE',  ( 0.09069174712502059400, 0.1178264456176731100, -0.5462500000000083400 ) ) ;
#2292 = CARTESIAN_POINT ( 'NONE',  ( 0.08134641177268672800, 0.04700552445920994100, -0.1716625760362606700 ) ) ;
#2293 = DIRECTION ( 'NONE',  ( -0.04361938736533609700, -1.223481206754075700E-016, 0.9990482215818576900 ) ) ;
#2294 = EDGE_CURVE ( 'NONE', #3428, #3226, #2434, .T. ) ;
#2295 = ADVANCED_FACE ( 'NONE', ( #460 ), #678, .T. ) ;
#2296 = CARTESIAN_POINT ( 'NONE',  ( 0.02866371944490856600, 0.02188644919458437200, -0.7482373477115237300 ) ) ;
#2297 = CARTESIAN_POINT ( 'NONE',  ( -0.006423048454132595900, -0.06581767824930485900, -0.05999999999999999800 ) ) ;
#2298 = AXIS2_PLACEMENT_3D ( 'NONE', #3171, #52, #2893 ) ;
#2299 = CARTESIAN_POINT ( 'NONE',  ( -0.06433236044272870600, -0.1113925728907934200, -0.6325000000000048400 ) ) ;
#2300 = CARTESIAN_POINT ( 'NONE',  ( 0.09074112352485140500, 0.02435471940820711400, -0.1793227455130953800 ) ) ;
#2301 = CYLINDRICAL_SURFACE ( 'NONE', #1982, 0.2249999999999999800 ) ;
#2303 = CARTESIAN_POINT ( 'NONE',  ( 0.0000000000000000000, 6.123233995736789100E-019, -0.005000000000000027900 ) ) ;
#2302 = CARTESIAN_POINT ( 'NONE',  ( -0.09314148418880956200, -0.01228945248492273500, -0.4933143208340807800 ) ) ;
#2304 = VECTOR ( 'NONE', #2632, 39.37007874015748100 ) ;
#2305 = CARTESIAN_POINT ( 'NONE',  ( 0.06761104722915198300, -0.1175311941594499300, -0.6024999999999947100 ) ) ;
#2306 = CARTESIAN_POINT ( 'NONE',  ( 0.1422500937857686100, 0.01850716635041843900, -0.5687578740157273000 ) ) ;
#2307 = VERTEX_POINT ( 'NONE', #2816 ) ;
#2308 = CARTESIAN_POINT ( 'NONE',  ( 0.0000000000000000000, 0.0000000000000000000, 0.0000000000000000000 ) ) ;
#2309 = CARTESIAN_POINT ( 'NONE',  ( 0.0000000000000000000, 0.0000000000000000000, 0.0000000000000000000 ) ) ;
#2310 = ADVANCED_FACE ( 'NONE', ( #1262 ), #3374, .T. ) ;
#2311 = EDGE_CURVE ( 'NONE', #1054, #3582, #2423, .T. ) ;
#2313 = DIRECTION ( 'NONE',  ( -0.0000000000000000000, -0.0000000000000000000, -1.000000000000000000 ) ) ;
#2312 = DATE_TIME_ROLE ( 'creation_date' ) ;
#2314 = ORIENTED_EDGE ( 'NONE', *, *, #3462, .T. ) ;
#2315 = CARTESIAN_POINT ( 'NONE',  ( -0.02919762028717940900, 0.1090782885522996300, -0.6999999999999926300 ) ) ;
#2316 = ORIENTED_EDGE ( 'NONE', *, *, #913, .F. ) ;
#2317 = CARTESIAN_POINT ( 'NONE',  ( 7.103182822432967600E-017, -0.09374999999999994400, -0.7500000000000001100 ) ) ;
#2318 = CC_DESIGN_PERSON_AND_ORGANIZATION_ASSIGNMENT ( #3192, #1449, ( #1955 ) ) ;
#2319 = APPROVAL_PERSON_ORGANIZATION ( #166, #2181, #443 ) ;
#2320 = ORIENTED_EDGE ( 'NONE', *, *, #85, .T. ) ;
#2321 = CARTESIAN_POINT ( 'NONE',  ( -0.09374763821809885300, 0.01223376570166971600, -0.6717427892808413000 ) ) ;
#2322 = ORIENTED_EDGE ( 'NONE', *, *, #3017, .T. ) ;
#2323 = ORIENTED_EDGE ( 'NONE', *, *, #1450, .T. ) ;
#2324 = ADVANCED_FACE ( 'NONE', ( #372 ), #2500, .F. ) ;
#2325 = VERTEX_POINT ( 'NONE', #2514 ) ;
#2326 = CARTESIAN_POINT ( 'NONE',  ( 0.1150000000000001000, -0.02249999999999959700, 0.0000000000000000000 ) ) ;
#2327 = CARTESIAN_POINT ( 'NONE',  ( 0.02000000000000009100, -0.01999999999999996600, -0.7500000000000001100 ) ) ;
#2328 = CARTESIAN_POINT ( 'NONE',  ( -0.04362149055782110800, 0.07590895786655801900, -0.4930126522884801800 ) ) ;
#2329 = DIRECTION ( 'NONE',  ( -0.0000000000000000000, 1.224646799147351000E-016, -1.000000000000000000 ) ) ;
#2330 = CARTESIAN_POINT ( 'NONE',  ( 0.0000000000000000000, 0.0000000000000000000, -1.053580696334676300 ) ) ;
#2331 = DESIGN_CONTEXT ( 'detailed design', #3527, 'design' ) ;
#2332 = CIRCLE ( 'NONE', #3551, 0.06875000000000000600 ) ;
#2333 = EDGE_CURVE ( 'NONE', #3233, #2959, #849, .T. ) ;
#2334 = CARTESIAN_POINT ( 'NONE',  ( 0.02556082356042554300, 0.1948761685389797700, -0.1662500000000032800 ) ) ;
#2335 = AXIS2_PLACEMENT_3D ( 'NONE', #1177, #2880, #3157 ) ;
#2336 = LINE ( 'NONE', #2525, #641 ) ;
#2337 = LINE ( 'NONE', #989, #3208 ) ;
#2338 = DIRECTION ( 'NONE',  ( -0.0000000000000000000, 1.224646799147351000E-016, -1.000000000000000000 ) ) ;
#2339 = CARTESIAN_POINT ( 'NONE',  ( 0.05501079052949015000, -0.07571502375747001000, -0.7745003613065041300 ) ) ;
#2340 = CARTESIAN_POINT ( 'NONE',  ( 3.193689513197023100E-016, 0.09375000000000001400, -0.1410015815360617400 ) ) ;
#2341 = CONICAL_SURFACE ( 'NONE', #2693, 18.35856921870055200, 0.4363323129985786100 ) ;
#2342 = CARTESIAN_POINT ( 'NONE',  ( 0.1149999999999999400, 0.02250000000000040200, 0.0000000000000000000 ) ) ;
#2343 = CARTESIAN_POINT ( 'NONE',  ( -0.1621624753043566800, -7.943670252931684900E-017, -0.4775000000000000400 ) ) ;
#2344 = CARTESIAN_POINT ( 'NONE',  ( -0.03393921605753505400, -0.1258559998850145900, -0.6250000000000022200 ) ) ;
#2345 = ORIENTED_EDGE ( 'NONE', *, *, #913, .T. ) ;
#2346 = EDGE_LOOP ( 'NONE', ( #658, #2677, #2841, #663, #3415 ) ) ;
#2347 = ORIENTED_EDGE ( 'NONE', *, *, #1220, .F. ) ;
#2348 = CARTESIAN_POINT ( 'NONE',  ( 0.09979482918964466300, 0.01899363061882631400, -0.7470833333332456100 ) ) ;
#2349 = CARTESIAN_POINT ( 'NONE',  ( -0.02827101722814018300, 0.03697151311589326500, -0.6692626522884579400 ) ) ;
#2350 = DIRECTION ( 'NONE',  ( 0.0000000000000000000, -0.0000000000000000000, -1.000000000000000000 ) ) ;
#2351 = ORIENTED_EDGE ( 'NONE', *, *, #2219, .F. ) ;
#2352 = CARTESIAN_POINT ( 'NONE',  ( -0.05715780218331924900, -0.07456176549894340300, -0.6432094445366554100 ) ) ;
#2353 = CARTESIAN_POINT ( 'NONE',  ( -0.1214719565753055500, -0.01578731451545267400, -0.6537500000000260300 ) ) ;
#2354 = EDGE_CURVE ( 'NONE', #2143, #204, #3052, .T. ) ;
#2355 = VERTEX_POINT ( 'NONE', #1390 ) ;
#2356 = ORIENTED_EDGE ( 'NONE', *, *, #565, .F. ) ;
#2357 = CIRCLE ( 'NONE', #1510, 0.02828427124746187000 ) ;
#2358 = CARTESIAN_POINT ( 'NONE',  ( -0.01999999999999995900, 0.08938155570362370200, -1.053580696334676300 ) ) ;
#2359 = CARTESIAN_POINT ( 'NONE',  ( 0.1037376415102142800, -0.1350705198671852400, -0.4137500000000009500 ) ) ;
#2360 = CARTESIAN_POINT ( 'NONE',  ( 0.09895961959810821400, 0.02647830359058176200, -0.7450078740157418700 ) ) ;
#2361 = DIRECTION ( 'NONE',  ( -1.000000000000000000, 0.0000000000000000000, 0.0000000000000000000 ) ) ;
#2362 = CC_DESIGN_APPROVAL ( #2181, ( #1135 ) ) ;
#2363 = CARTESIAN_POINT ( 'NONE',  ( -0.008192068486217049500, -0.06171703851779319900, -0.6017626522885171100 ) ) ;
#2364 = DIRECTION ( 'NONE',  ( 0.0000000000000000000, 1.000000000000000000, 1.821231995776175700E-016 ) ) ;
#2365 = ORIENTED_EDGE ( 'NONE', *, *, #2029, .T. ) ;
#2366 = DIRECTION ( 'NONE',  ( 0.0000000000000000000, 1.000000000000000000, 1.321861932418191900E-016 ) ) ;
#2367 = CARTESIAN_POINT ( 'NONE',  ( -0.1996057734698484500, 0.02618562741770786800, -0.1212508147899067900 ) ) ;
#2368 = CARTESIAN_POINT ( 'NONE',  ( 0.04715325600769794400, -0.08194468795814462100, -0.2623490746226326300 ) ) ;
#2369 = CARTESIAN_POINT ( 'NONE',  ( -0.1814753785271085700, -0.02370347839760401600, -0.2937499999999977400 ) ) ;
#2370 = CARTESIAN_POINT ( 'NONE',  ( 0.09887048033961481900, -0.008649011361355082900, -0.7500000000000031100 ) ) ;
#2371 = CARTESIAN_POINT ( 'NONE',  ( 0.09432423172854848000, -0.1637563834704750000, -0.2375000000000016500 ) ) ;
#2372 = CARTESIAN_POINT ( 'NONE',  ( -0.07807531152836358300, 0.1356868476160177400, -0.5124999999999984000 ) ) ;
#2373 = CARTESIAN_POINT ( 'NONE',  ( 0.1095186519195739300, -0.08430717910263241200, -0.5912578740157399300 ) ) ;
#2374 = CARTESIAN_POINT ( 'NONE',  ( 0.06934278720335994300, -0.01875171198938504300, -0.5605126522884723600 ) ) ;
#2375 = CARTESIAN_POINT ( 'NONE',  ( -0.06433236044041751300, -0.1113925728921273900, -0.6274999999999977300 ) ) ;
#2376 = CARTESIAN_POINT ( 'NONE',  ( 0.09694212102636123900, -0.009760501259824427200, -0.7500000000000013300 ) ) ;
#2377 = CARTESIAN_POINT ( 'NONE',  ( -0.07031367964720824900, 0.09167870110794276700, -0.6837500000000039700 ) ) ;
#2378 = LINE ( 'NONE', #798, #3390 ) ;
#2379 = CARTESIAN_POINT ( 'NONE',  ( -0.09283158838568796000, -0.1609617364694557700, -0.2674999999999883600 ) ) ;
#2380 = EDGE_CURVE ( 'NONE', #1323, #1790, #503, .T. ) ;
#2381 = LINE ( 'NONE', #486, #2217 ) ;
#2382 = CARTESIAN_POINT ( 'NONE',  ( -0.04352500607659955800, -0.1617609007866295000, -0.4399999999999907900 ) ) ;
#2383 = CARTESIAN_POINT ( 'NONE',  ( 0.1166020821833190800, 0.08946738369324566700, -0.5537500000000005200 ) ) ;
#2384 = AXIS2_PLACEMENT_3D ( 'NONE', #99, #413, #2408 ) ;
#2385 = CARTESIAN_POINT ( 'NONE',  ( 0.1539814035680449300, 0.1182707206766828600, -0.1887499999999970300 ) ) ;
#2386 = CARTESIAN_POINT ( 'NONE',  ( -0.2000000000000000100, -0.0000000000000000000, -0.1225000000000000300 ) ) ;
#2387 = EDGE_LOOP ( 'NONE', ( #3128, #1273, #3101, #2394 ) ) ;
#2388 = CARTESIAN_POINT ( 'NONE',  ( -0.07842370396780765100, 0.02000000000000013200, -1.076512808980396600 ) ) ;
#2389 = CARTESIAN_POINT ( 'NONE',  ( 0.1000200907000127200, 0.008751143134760977800, -0.7500000000027700100 ) ) ;
#2390 = CARTESIAN_POINT ( 'NONE',  ( 0.03021918709499574200, -0.08895610133930634300, -0.2678250968988367700 ) ) ;
#2391 = CARTESIAN_POINT ( 'NONE',  ( -0.1596236442139615200, -0.09194226977269896700, -0.2824999999999897000 ) ) ;
#2392 = ORIENTED_EDGE ( 'NONE', *, *, #2812, .T. ) ;
#2393 = PLANE ( 'NONE',  #1588 ) ;
#2394 = ORIENTED_EDGE ( 'NONE', *, *, #1099, .T. ) ;
#2395 = EDGE_CURVE ( 'NONE', #204, #3371, #3078, .T. ) ;
#2396 = CARTESIAN_POINT ( 'NONE',  ( -0.03393921605753505400, -0.1258559998850145900, -0.6250078740157503100 ) ) ;
#2397 = CARTESIAN_POINT ( 'NONE',  ( -0.1940070266086976500, 0.05219091158316480100, -0.1249999999999980800 ) ) ;
#2398 = VERTEX_POINT ( 'NONE', #554 ) ;
#2399 = CARTESIAN_POINT ( 'NONE',  ( 0.02556082356249457200, 0.1948761685370751200, -0.1712499999999951600 ) ) ;
#2400 = DIRECTION ( 'NONE',  ( 0.0000000000000000000, 1.000000000000000000, 0.0000000000000000000 ) ) ;
#2401 = CARTESIAN_POINT ( 'NONE',  ( -2.204195730879077300E-013, 0.09375000000000006900, -0.3250079076802374600 ) ) ;
#2402 = DATE_AND_TIME ( #1711, #1047 ) ;
#2403 = CARTESIAN_POINT ( 'NONE',  ( 0.08337090741451200200, 0.06392911163834452700, -0.7287499999999721400 ) ) ;
#2404 = EDGE_CURVE ( 'NONE', #3371, #513, #2086, .T. ) ;
#2405 = CARTESIAN_POINT ( 'NONE',  ( 0.08479638390727875500, -0.1472254264527453100, -0.4174999999999889900 ) ) ;
#2406 = APPROVAL_STATUS ( 'not_yet_approved' ) ;
#2407 = AXIS2_PLACEMENT_3D ( 'NONE', #1996, #3454, #1740 ) ;
#2408 = DIRECTION ( 'NONE',  ( 0.0000000000000000000, 1.000000000000000000, 1.224646799147351000E-016 ) ) ;
#2409 = ORIENTED_EDGE ( 'NONE', *, *, #59, .T. ) ;
#2410 = CARTESIAN_POINT ( 'NONE',  ( -0.1191969575057628700, -0.03191693699528335600, -0.6549999999999670500 ) ) ;
#2411 = VERTEX_POINT ( 'NONE', #1172 ) ;
#2412 = ORIENTED_EDGE ( 'NONE', *, *, #3618, .F. ) ;
#2413 = DIRECTION ( 'NONE',  ( -1.000000000000000000, 0.0000000000000000000, 0.0000000000000000000 ) ) ;
#2414 = CARTESIAN_POINT ( 'NONE',  ( -0.009176270978464269900, 0.07049568793842253500, -0.3162499999999975300 ) ) ;
#2415 = CARTESIAN_POINT ( 'NONE',  ( 0.0000000000000000000, 9.184850993605133600E-017, -0.7500000000000001100 ) ) ;
#2416 = CARTESIAN_POINT ( 'NONE',  ( 0.04879428296436281300, -0.1817622757278439200, -0.2449999999999983000 ) ) ;
#2417 = CARTESIAN_POINT ( 'NONE',  ( -0.09159182550861176600, 0.02000000000000012900, -1.053580696334676300 ) ) ;
#2418 = CIRCLE ( 'NONE', #2433, 0.09374999999999998600 ) ;
#2419 = CARTESIAN_POINT ( 'NONE',  ( -0.08423810328529980600, -0.04160859453832990700, -0.4495740110771970800 ) ) ;
#2420 = CARTESIAN_POINT ( 'NONE',  ( 0.01603162413567829300, -0.05985132126962388500, -0.4024999999999699400 ) ) ;
#2421 = VECTOR ( 'NONE', #837, 39.37007874015748100 ) ;
#2422 = CARTESIAN_POINT ( 'NONE',  ( 0.1847938478023140600, -0.04971493857759116300, -0.2199999999999995600 ) ) ;
#2423 = LINE ( 'NONE', #1115, #2713 ) ;
#2424 = EDGE_CURVE ( 'NONE', #2824, #3530, #1345, .T. ) ;
#2425 = CARTESIAN_POINT ( 'NONE',  ( -0.09314545024564456500, -0.01227480486047352300, -0.2751732688502739300 ) ) ;
#2426 = AXIS2_PLACEMENT_3D ( 'NONE', #188, #3632, #796 ) ;
#2427 = CARTESIAN_POINT ( 'NONE',  ( -0.01999999999999995900, 0.09159182550861190400, -0.7500000000000001100 ) ) ;
#2428 = FACE_OUTER_BOUND ( 'NONE', #2773, .T. ) ;
#2429 = CARTESIAN_POINT ( 'NONE',  ( -3.414809992080329000E-017, 0.0000000000000000000, -1.250000000000000000 ) ) ;
#2430 = SECURITY_CLASSIFICATION_LEVEL ( 'unclassified' ) ;
#2432 = DIRECTION ( 'NONE',  ( 0.0000000000000000000, 1.000000000000000000, 1.821231995776175700E-016 ) ) ;
#2431 = DIRECTION ( 'NONE',  ( -0.04361938736533609700, 1.937089926921590600E-017, -0.9990482215818576900 ) ) ;
#2433 = AXIS2_PLACEMENT_3D ( 'NONE', #409, #670, #2364 ) ;
#2434 = B_SPLINE_CURVE_WITH_KNOTS ( 'NONE', 3,
 ( #175, #804, #2470, #3056, #3316, #497, #2786, #1610, #3018, #1378, #2147, #1877, #1071, #2425, #472, #2157, #203, #2201, #482, #2173, #2454, #1366, #753, #3346, #1636, #3629, #1925, #2487, #1087, #3362 ),
 .UNSPECIFIED., .F., .F.,
 ( 4, 2, 2, 2, 2, 2, 2, 2, 2, 2, 2, 2, 2, 2, 4 ),
 ( 0.009581373726544646300, 0.01055643299850488400, 0.01104396263448500000, 0.01153149227046512000, 0.01201902190644523800, 0.01250655154242535400, 0.01299408117840547200, 0.01348161081438559000, 0.01396914045036570800, 0.01445667008634582400, 0.01543172935830606000, 0.01591925899428618000, 0.01640678863026629600, 0.01689431826624641600, 0.01738184790222653200 ),
 .UNSPECIFIED. ) ;
#2435 = EDGE_CURVE ( 'NONE', #1139, #513, #1734, .T. ) ;
#2436 = CARTESIAN_POINT ( 'NONE',  ( -0.2000000000000000100, 0.0000000000000000000, -0.1200000000000000200 ) ) ;
#2437 = CARTESIAN_POINT ( 'NONE',  ( 0.01819026625837424900, 0.06748948273946221700, -0.3275000000000178900 ) ) ;
#2438 = ORIENTED_EDGE ( 'NONE', *, *, #631, .T. ) ;
#2439 = ORIENTED_EDGE ( 'NONE', *, *, #703, .F. ) ;
#2440 = CARTESIAN_POINT ( 'NONE',  ( -0.1596236442146482200, -0.09194226977577511800, -0.2875000000000065300 ) ) ;
#2441 = ORIENTED_EDGE ( 'NONE', *, *, #1770, .T. ) ;
#2442 = CARTESIAN_POINT ( 'NONE',  ( 0.09075209211926427200, -0.02430618636863580600, -0.3786772852701895700 ) ) ;
#2443 = CARTESIAN_POINT ( 'NONE',  ( 0.01967482258673931800, -0.1121748225867393500, -0.01054370564668485000 ) ) ;
#2444 = CARTESIAN_POINT ( 'NONE',  ( 0.09912708173691763000, -0.006999018864454367500, -0.7500000000000015500 ) ) ;
#2445 = CARTESIAN_POINT ( 'NONE',  ( -0.01442738859387247500, 0.1110828879663957000, -0.6987499999999948800 ) ) ;
#2446 = ORIENTED_EDGE ( 'NONE', *, *, #411, .T. ) ;
#2447 = ORIENTED_EDGE ( 'NONE', *, *, #2171, .T. ) ;
#2448 = CARTESIAN_POINT ( 'NONE',  ( -0.09374999999999998600, -4.592425496802574200E-017, -0.4969873477115108200 ) ) ;
#2449 = VECTOR ( 'NONE', #2640, 39.37007874015747400 ) ;
#2450 = CARTESIAN_POINT ( 'NONE',  ( 0.1405185824168326500, -0.01850716635014695500, -0.5712499999999540700 ) ) ;
#2451 = PLANE ( 'NONE',  #3311 ) ;
#2452 = CARTESIAN_POINT ( 'NONE',  ( 0.06579202426314664800, -0.05062591514382200300, -0.2537499999999845400 ) ) ;
#2453 = CARTESIAN_POINT ( 'NONE',  ( -0.1806870967782249800, 0.02370347840012965500, -0.3062500000000072400 ) ) ;
#2454 = CARTESIAN_POINT ( 'NONE',  ( -0.07492122207631227200, 0.05766421705065463000, -0.2981952921682631300 ) ) ;
#2455 = CARTESIAN_POINT ( 'NONE',  ( 0.0000000000000000000, 0.0000000000000000000, 0.0000000000000000000 ) ) ;
#2456 = EDGE_CURVE ( 'NONE', #264, #1916, #2749, .T. ) ;
#2457 = ORIENTED_EDGE ( 'NONE', *, *, #3119, .T. ) ;
#2458 = CARTESIAN_POINT ( 'NONE',  ( -0.09598620006459426800, -0.008160862377624878900, -0.09873020333079983400 ) ) ;
#2459 = AXIS2_PLACEMENT_3D ( 'NONE', #242, #3094, #3135 ) ;
#2460 = CARTESIAN_POINT ( 'NONE',  ( -0.06433236044041751300, -0.1113925728921273900, -0.6274999999999977300 ) ) ;
#2462 = DIRECTION ( 'NONE',  ( 0.0000000000000000000, 1.000000000000000000, 1.224646799147351000E-016 ) ) ;
#2461 = CARTESIAN_POINT ( 'NONE',  ( 0.03595510759545821100, -0.01999999999999997600, -1.161815373128290800 ) ) ;
#2463 = ORIENTED_EDGE ( 'NONE', *, *, #3015, .F. ) ;
#2464 = CARTESIAN_POINT ( 'NONE',  ( 0.1188281200465017100, 0.1545388029380412300, -0.1862500000000095200 ) ) ;
#2465 = CARTESIAN_POINT ( 'NONE',  ( -0.07807531152854739500, 0.1356868476170404500, -0.5074999999999910700 ) ) ;
#2466 = CARTESIAN_POINT ( 'NONE',  ( -0.05591247530435664000, -2.738921356555431400E-017, -0.4550000000000000200 ) ) ;
#2467 = CARTESIAN_POINT ( 'NONE',  ( -0.02066623926933728100, -0.07670266154201849100, -0.2874999999999862700 ) ) ;
#2468 = CARTESIAN_POINT ( 'NONE',  ( -0.09314857203168652700, -0.01225733468281728700, -0.6478858377060876500 ) ) ;
#2469 = CARTESIAN_POINT ( 'NONE',  ( 0.04879428296165205800, -0.1817622757272162900, -0.2499999999999939200 ) ) ;
#2470 = CARTESIAN_POINT ( 'NONE',  ( -0.02447409323040801100, -0.09134091859591461600, -0.2406492639874401600 ) ) ;
#2471 = DIRECTION ( 'NONE',  ( 0.2505628070857321400, -0.2505628070857321400, 0.9351131265310291800 ) ) ;
#2472 = FACE_OUTER_BOUND ( 'NONE', #132, .T. ) ;
#2473 = CARTESIAN_POINT ( 'NONE',  ( 1.707404996040164500E-017, -0.09374999999999995800, -0.6253872335416860200 ) ) ;
#2474 = CARTESIAN_POINT ( 'NONE',  ( 0.03463625370276403300, -0.1293156264603432200, -0.6050000000000076400 ) ) ;
#2475 = FACE_OUTER_BOUND ( 'NONE', #2346, .T. ) ;
#2477 = CARTESIAN_POINT ( 'NONE',  ( -0.03021054734628355800, 0.08895989838646965700, -0.5003782782903325500 ) ) ;
#2476 = CARTESIAN_POINT ( 'NONE',  ( 0.04460130500329059100, 0.08272506752931518800, -0.7138754227546757500 ) ) ;
#2478 = CARTESIAN_POINT ( 'NONE',  ( -0.09908815563762103700, 0.1720218619790810100, -0.1524999999999905600 ) ) ;
#2479 = CYLINDRICAL_SURFACE ( 'NONE', #3150, 0.2249999999999999800 ) ;
#2480 = CARTESIAN_POINT ( 'NONE',  ( -0.1157373309183379300, 0.03121989934695179900, -0.6649999999999914900 ) ) ;
#2481 = CARTESIAN_POINT ( 'NONE',  ( 0.006423048454132595900, 0.06581767824930485900, -0.05999999999999999800 ) ) ;
#2482 = CARTESIAN_POINT ( 'NONE',  ( -0.08898169750451807900, 0.03014982488160176900, -0.6616265768465122700 ) ) ;
#2483 = EDGE_CURVE ( 'NONE', #2814, #1723, #1618, .T. ) ;
#2484 =( BOUNDED_CURVE ( )  B_SPLINE_CURVE ( 3, ( #1885, #3583, #3608, #181 ),
 .UNSPECIFIED., .F., .F. ) 
 B_SPLINE_CURVE_WITH_KNOTS ( ( 4, 4 ),
 ( 1.396327866592876200, 1.637722441074340100 ),
 .UNSPECIFIED. ) 
 CURVE ( )  GEOMETRIC_REPRESENTATION_ITEM ( )  RATIONAL_B_SPLINE_CURVE ( ( 1.000000000000000000, 0.9951499471396296800, 0.9951499471396296800, 1.000000000000000000 ) ) 
 REPRESENTATION_ITEM ( '' )  );
#2485 = ORIENTED_EDGE ( 'NONE', *, *, #1276, .F. ) ;
#2486 = CARTESIAN_POINT ( 'NONE',  ( -0.07209607214191754400, 0.01942825276503571900, -0.2824999999999750500 ) ) ;
#2487 = CARTESIAN_POINT ( 'NONE',  ( -0.01221923489009515500, 0.09315216293487496600, -0.3211922775019239200 ) ) ;
#2488 = CARTESIAN_POINT ( 'NONE',  ( 0.1863688651311773400, 0.05003226946341048100, -0.2050000000000074800 ) ) ;
#2489 = CARTESIAN_POINT ( 'NONE',  ( 0.03937784948555074500, 0.1460933378139015700, -0.5300000000000401100 ) ) ;
#2490 = ORIENTED_EDGE ( 'NONE', *, *, #2108, .F. ) ;
#2492 = CARTESIAN_POINT ( 'NONE',  ( -0.07457740565268089500, 0.05713704401001896300, -0.4826614016325567700 ) ) ;
#2491 = CARTESIAN_POINT ( 'NONE',  ( 0.04150292006455134900, -0.08428454243309779800, -0.4401699589332225300 ) ) ;
#2493 = CARTESIAN_POINT ( 'NONE',  ( -0.2000000000000000100, 0.0000000000000000000, -0.1225000000000000300 ) ) ;
#2494 = ORIENTED_EDGE ( 'NONE', *, *, #1542, .T. ) ;
#2495 = CARTESIAN_POINT ( 'NONE',  ( 0.0000000000000000000, 0.09375000000000009700, -1.250000000000000000 ) ) ;
#2496 = ORIENTED_EDGE ( 'NONE', *, *, #295, .T. ) ;
#2497 = CARTESIAN_POINT ( 'NONE',  ( 0.0000000000000000000, 0.2249999999999999800, 0.0000000000000000000 ) ) ;
#2498 = LINE ( 'NONE', #174, #42 ) ;
#2499 = CARTESIAN_POINT ( 'NONE',  ( -0.05588174744911556700, 0.07279897836647170100, -0.1212500000000063900 ) ) ;
#2500 = PLANE ( 'NONE',  #2668 ) ;
#2501 = CARTESIAN_POINT ( 'NONE',  ( 0.1507566261987929600, -0.1159215042103279700, -0.2312499999999845200 ) ) ;
#2502 = CARTESIAN_POINT ( 'NONE',  ( 0.05851836189798154800, 0.03366882930718090300, -0.3999999999999687100 ) ) ;
#2503 = CARTESIAN_POINT ( 'NONE',  ( 0.1037376415102142800, -0.1350705198671852400, -0.4187500000000009500 ) ) ;
#2504 = CARTESIAN_POINT ( 'NONE',  ( -0.01986709226469653100, 0.1526391623928974600, -0.5187500000000133700 ) ) ;
#2505 = LENGTH_MEASURE_WITH_UNIT ( LENGTH_MEASURE( 0.02539999999999999900 ), #194 );
#2507 = DIRECTION ( 'NONE',  ( 0.0000000000000000000, 1.000000000000000000, 0.0000000000000000000 ) ) ;
#2506 = CARTESIAN_POINT ( 'NONE',  ( 0.02614695073574559200, 0.09027272075487941000, -0.7074893283946999100 ) ) ;
#2508 = CARTESIAN_POINT ( 'NONE',  ( 0.1863688651291126600, 0.05003226946488577300, -0.2050000000000085600 ) ) ;
#2509 = EDGE_CURVE ( 'NONE', #1313, #200, #2806, .T. ) ;
#2510 = ORIENTED_EDGE ( 'NONE', *, *, #2812, .F. ) ;
#2511 = CARTESIAN_POINT ( 'NONE',  ( -0.05760836048834674200, 0.07498303303393395700, -0.6793505958272728600 ) ) ;
#2512 = ORIENTED_EDGE ( 'NONE', *, *, #1738, .T. ) ;
#2513 = CARTESIAN_POINT ( 'NONE',  ( 0.08468475970006407400, 0.01103361612616368800, -0.1812500000000149300 ) ) ;
#2514 = CARTESIAN_POINT ( 'NONE',  ( 2.663606788145492300E-017, 0.2099999999999998500, -0.02000000000000000000 ) ) ;
#2515 = CARTESIAN_POINT ( 'NONE',  ( -0.1430926871964484600, -0.08241442195428984300, -0.4675000000000034700 ) ) ;
#2516 = EDGE_LOOP ( 'NONE', ( #1296, #2446, #3403, #1398, #1046 ) ) ;
#2517 = CARTESIAN_POINT ( 'NONE',  ( -0.01850759714630199500, 0.06906450006981199000, -0.3624999999999913300 ) ) ;
#2518 = CARTESIAN_POINT ( 'NONE',  ( -0.2000000000000000100, 0.0000000000000000000, -0.1175000000000000100 ) ) ;
#2519 = CC_DESIGN_PERSON_AND_ORGANIZATION_ASSIGNMENT ( #2190, #157, ( #1135 ) ) ;
#2520 = CARTESIAN_POINT ( 'NONE',  ( 0.03051982417633769200, 0.01746082988234262700, -0.7180126522885195200 ) ) ;
#2522 = CARTESIAN_POINT ( 'NONE',  ( -0.02436380489378345600, 0.09073740883599264200, -0.5023293272315745300 ) ) ;
#2521 = CARTESIAN_POINT ( 'NONE',  ( 0.03020522385284218600, 0.08896198248443244700, -0.3741577203870938300 ) ) ;
#2523 = CARTESIAN_POINT ( 'NONE',  ( 0.05715182861816225200, -0.07456663005418423500, -0.6075657448640156000 ) ) ;
#2524 = B_SPLINE_CURVE_WITH_KNOTS ( 'NONE', 3,
 ( #3369, #2207, #1630, #2779, #1095, #266, #1644, #2492, #3635, #3395, #3647, #1683, #561, #2477, #2522, #1396, #834, #1122 ),
 .UNSPECIFIED., .F., .F.,
 ( 4, 2, 2, 2, 2, 2, 2, 2, 4 ),
 ( 0.0000000000000000000, 0.0004882380090370190700, 0.0009764760180740381400, 0.001464714027111057100, 0.001952952036148076700, 0.002441190045185095900, 0.002929428054222115100, 0.003417666063259134200, 0.003905904072296153400 ),
 .UNSPECIFIED. ) ;
#2525 = CARTESIAN_POINT ( 'NONE',  ( 0.0000000000000000000, 0.09374999999999998600, 1.148106374200641400E-017 ) ) ;
#2526 = LINE ( 'NONE', #94, #3020 ) ;
#2527 = CARTESIAN_POINT ( 'NONE',  ( -0.1755806689972352300, 0.04723896557561786700, -0.3099999999999851800 ) ) ;
#2528 = VECTOR ( 'NONE', #3372, 39.37007874015748100 ) ;
#2529 = CARTESIAN_POINT ( 'NONE',  ( -0.2000000000000000100, 0.0000000000000000000, -0.1225000000000000300 ) ) ;
#2530 = VECTOR ( 'NONE', #2194, 39.37007874015748100 ) ;
#2531 = CARTESIAN_POINT ( 'NONE',  ( 0.1188281200465017100, 0.1545388029380412300, -0.1812500000000095100 ) ) ;
#2533 = CARTESIAN_POINT ( 'NONE',  ( -0.08313968004023386500, 0.04494542662744727800, -0.1096223480251568200 ) ) ;
#2532 = CARTESIAN_POINT ( 'NONE',  ( 0.04152513694049765600, 0.08427486504073258800, -0.3778183058910470900 ) ) ;
#2534 = VECTOR ( 'NONE', #1209, 39.37007874015748100 ) ;
#2535 = VERTEX_POINT ( 'NONE', #2577 ) ;
#2536 = CARTESIAN_POINT ( 'NONE',  ( 0.02158028915876925000, -0.01672624454276095500, -0.7517626522884821600 ) ) ;
#2537 = CARTESIAN_POINT ( 'NONE',  ( 0.01672943291205282500, -0.06268374481690983100, -0.6244873477115160400 ) ) ;
#2538 = CARTESIAN_POINT ( 'NONE',  ( 0.0000000000000000000, -5.510910596163085200E-017, -0.7500000000000001100 ) ) ;
#2539 = CARTESIAN_POINT ( 'NONE',  ( -0.08190294760460836700, -0.04726174390887687100, -0.3063127786517613200 ) ) ;
#2540 = EDGE_CURVE ( 'NONE', #1195, #2143, #2767, .T. ) ;
#2541 = CARTESIAN_POINT ( 'NONE',  ( 0.07703336180048496500, 0.05460912934946349900, -0.7369674433351919300 ) ) ;
#2542 = ORIENTED_EDGE ( 'NONE', *, *, #3167, .T. ) ;
#2543 = AXIS2_PLACEMENT_3D ( 'NONE', #911, #1742, #662 ) ;
#2544 = ORIENTED_EDGE ( 'NONE', *, *, #2424, .F. ) ;
#2545 = CARTESIAN_POINT ( 'NONE',  ( 0.1150000000000000000, 0.006423048454133000100, -0.05999999999999999800 ) ) ;
#2546 = ORIENTED_EDGE ( 'NONE', *, *, #187, .F. ) ;
#2547 = CARTESIAN_POINT ( 'NONE',  ( 0.1507566261988350600, -0.1159215042137724000, -0.2262500000000039500 ) ) ;
#2549 = DIRECTION ( 'NONE',  ( -0.0000000000000000000, -0.0000000000000000000, -1.000000000000000000 ) ) ;
#2548 = DIRECTION ( 'NONE',  ( 0.0000000000000000000, 1.000000000000000000, 1.224646799147351000E-016 ) ) ;
#2550 = ADVANCED_FACE ( 'NONE', ( #2255 ), #2018, .F. ) ;
#2551 = CARTESIAN_POINT ( 'NONE',  ( 0.006179483715869352900, 0.09374999999999765500, -0.5415833017751281500 ) ) ;
#2552 = EDGE_LOOP ( 'NONE', ( #1531, #69, #3218, #578 ) ) ;
#2553 = PRODUCT ( '66615A7_Female Drilling Anchors', '66615A7_Female Drilling Anchors', '', ( #2762 ) ) ;
#2554 = CARTESIAN_POINT ( 'NONE',  ( 0.06189489415057244200, 0.04742472131623835800, -0.5682373477115024700 ) ) ;
#2555 = CARTESIAN_POINT ( 'NONE',  ( -0.1116669123431089200, -0.04687499999999997200, -0.1175000000000000100 ) ) ;
#2556 = CARTESIAN_POINT ( 'NONE',  ( 0.01180387163263074000, -0.06617351436309638900, -0.03991849451130071600 ) ) ;
#2557 = VERTEX_POINT ( 'NONE', #2317 ) ;
#2558 = COORDINATED_UNIVERSAL_TIME_OFFSET ( 6, 0, .BEHIND. ) ;
#2559 = VERTEX_POINT ( 'NONE', #3242 ) ;
#2560 = CARTESIAN_POINT ( 'NONE',  ( 0.05719888427930899100, -0.07452976243732195600, -0.5849425522857794000 ) ) ;
#2561 = CARTESIAN_POINT ( 'NONE',  ( 0.02000000000000009100, -0.01999999999999996600, -0.7500000000000001100 ) ) ;
#2562 = CARTESIAN_POINT ( 'NONE',  ( 0.1720159973500233500, 0.02246524828770273300, -0.3837500000000145200 ) ) ;
#2563 = CARTESIAN_POINT ( 'NONE',  ( -0.09052242974418268900, 0.02438019878560767800, -0.1525000000000033800 ) ) ;
#2564 = B_SPLINE_SURFACE_WITH_KNOTS ( 'NONE', 1, 3, ( 
 ( #800, #2197, #789, #1065, #1374, #3064, #2465, #1360, #2769, #2167, #223, #493, #3356, #210, #3637, #1083, #1934, #2450, #1055, #1647, #775, #1349, #2750, #3324, #1619, #3611, #1903, #508, #2183, #3340, #1632, #3626, #1919, #523, #2480, #939, #2634, #2072, #2659, #2672, #3533, #694, #383, #1269, #3256, #1817, #109, #135, #1534, #669, #2934, #1554, #1243, #973, #681, #2339 ),
 ( #2965, #1511, #2118, #3243, #1805, #2646, #2328, #3222, #949, #962, #1545, #1521, #2105, #3232, #428, #397, #1791, #145, #2374, #707, #3543, #2685, #3511, #985, #2977, #2363, #1831, #1283, #657, #2942, #1233, #3210, #2080, #1255, #1782, #3497, #95, #2349, #2954, #3520, #121, #2093, #408, #1295, #2706, #2235, #2520, #832, #564, #2584, #3103, #2285, #2536, #890, #1123, #1462 ) ),
 .UNSPECIFIED., .F., .F., .F.,
 ( 2, 2 ),
 ( 4, 2, 2, 2, 2, 2, 2, 2, 2, 2, 2, 2, 2, 2, 2, 2, 2, 2, 2, 2, 2, 2, 2, 2, 2, 2, 2, 4 ),
 ( 0.0000000000000000000, 1.000000000000000000 ),
 ( 0.0000000000000000000, 0.03125000000000000000, 0.06250000000000000000, 0.09375000000000000000, 0.1250000000000000000, 0.1562500000000000000, 0.1875000000000000000, 0.2187500000000000000, 0.2500000000000000000, 0.2812500000000000000, 0.3125000000000000000, 0.3437500000000000000, 0.3750000000000000000, 0.4062500000000000000, 0.4375000000000000000, 0.4687500000000000000, 0.5000000000000000000, 0.5312500000000000000, 0.5625000000000000000, 0.5937500000000000000, 0.6250000000000000000, 0.6562500000000000000, 0.6875000000000000000, 0.7187500000000000000, 0.7500000000000000000, 0.7812500000000000000, 0.8125000000000000000, 0.8250010036291766100 ),
 .UNSPECIFIED. ) ;
#2566 = DIRECTION ( 'NONE',  ( -1.000000000000000000, 4.440892098500624700E-016, 0.0000000000000000000 ) ) ;
#2565 = CARTESIAN_POINT ( 'NONE',  ( -0.09075964497439111000, -0.02427042569457558300, -0.4896648142521005700 ) ) ;
#2567 = ORIENTED_EDGE ( 'NONE', *, *, #2045, .T. ) ;
#2568 = EDGE_CURVE ( 'NONE', #1606, #2595, #15, .T. ) ;
#2569 = ADVANCED_FACE ( 'NONE', ( #2943 ), #134, .T. ) ;
#2570 = CARTESIAN_POINT ( 'NONE',  ( -0.05305948127108867800, -0.006832142590868364000, -0.6732373477115052300 ) ) ;
#2571 = EDGE_CURVE ( 'NONE', #285, #2872, #1340, .T. ) ;
#2572 = DIRECTION ( 'NONE',  ( -1.224646799147351000E-016, 5.438524293787553300E-032, 1.000000000000000000 ) ) ;
#2573 = ORIENTED_EDGE ( 'NONE', *, *, #728, .T. ) ;
#2574 = CARTESIAN_POINT ( 'NONE',  ( -0.09075553284593501600, 0.02428972594824564300, -0.3283201276922314600 ) ) ;
#2575 = AXIS2_PLACEMENT_3D ( 'NONE', #3000, #721, #3526 ) ;
#2576 = ADVANCED_FACE ( 'NONE', ( #3284 ), #2006, .T. ) ;
#2577 = CARTESIAN_POINT ( 'NONE',  ( -0.09374999999999994400, 9.184850993605133600E-017, -0.7500000000000001100 ) ) ;
#2578 = CARTESIAN_POINT ( 'NONE',  ( 0.07452114389619439400, 0.05721326026700086100, -0.1678269332923672800 ) ) ;
#2579 = AXIS2_PLACEMENT_3D ( 'NONE', #2606, #621, #910 ) ;
#2580 = CARTESIAN_POINT ( 'NONE',  ( -0.08956030781804950900, 0.1554909049611859200, -0.3274999999999952900 ) ) ;
#2581 = LINE ( 'NONE', #2427, #3162 ) ;
#2583 = PLANE ( 'NONE',  #1023 ) ;
#2582 = CARTESIAN_POINT ( 'NONE',  ( -0.08896302344072375100, -0.03020875083250760100, -0.4878208671354728500 ) ) ;
#2584 = CARTESIAN_POINT ( 'NONE',  ( 0.03054983274184445600, -0.004112290806227094000, -0.7367626522885015700 ) ) ;
#2585 = VECTOR ( 'NONE', #2164, 39.37007874015748100 ) ;
#2586 = CARTESIAN_POINT ( 'NONE',  ( 0.01059376178986991800, 0.03898678033211217000, -0.7294873477115478800 ) ) ;
#2587 = VECTOR ( 'NONE', #2507, 39.37007874015748100 ) ;
#2588 = DIRECTION ( 'NONE',  ( 0.9659258262890682000, 3.372511997194915200E-015, -0.2588190451025213500 ) ) ;
#2589 = CARTESIAN_POINT ( 'NONE',  ( -0.006120779171311372000, -0.09374999999994732000, -0.2788239981819168900 ) ) ;
#2590 = VECTOR ( 'NONE', #2734, 39.37007874015748100 ) ;
#2591 = CARTESIAN_POINT ( 'NONE',  ( 0.1266090208880922800, 0.07284317938073051100, -0.5575000000000028800 ) ) ;
#2592 = CARTESIAN_POINT ( 'NONE',  ( 0.05714584252803829600, -0.07457201785898313900, -0.2138548611625273600 ) ) ;
#2593 = ADVANCED_FACE ( 'NONE', ( #2213 ), #938, .T. ) ;
#2594 = EDGE_LOOP ( 'NONE', ( #1314, #1698, #3488, #477, #3360 ) ) ;
#2595 = VERTEX_POINT ( 'NONE', #2644 ) ;
#2596 = EDGE_CURVE ( 'NONE', #2559, #3297, #598, .T. ) ;
#2597 = CARTESIAN_POINT ( 'NONE',  ( -0.1116669123431089200, -0.04687499999999997200, -0.1175000000000000100 ) ) ;
#2598 = CARTESIAN_POINT ( 'NONE',  ( 3.612636390599841100E-014, 0.09375000000000009700, -0.5397873096549127300 ) ) ;
#2599 = CARTESIAN_POINT ( 'NONE',  ( 0.03232773798623134900, 0.008571482725473797400, -0.7594873477114902900 ) ) ;
#2600 = ORIENTED_EDGE ( 'NONE', *, *, #2571, .T. ) ;
#2601 = CARTESIAN_POINT ( 'NONE',  ( -0.07502398104291249600, -0.05755723165405118900, -0.3026846046114987600 ) ) ;
#2602 = ORIENTED_EDGE ( 'NONE', *, *, #3410, .T. ) ;
#2603 = ORIENTED_EDGE ( 'NONE', *, *, #2874, .T. ) ;
#2604 = AXIS2_PLACEMENT_3D ( 'NONE', #679, #3496, #2963 ) ;
#2605 = CARTESIAN_POINT ( 'NONE',  ( 0.02424900108835398300, -0.09076581945619866000, -0.2253582259023868800 ) ) ;
#2606 = CARTESIAN_POINT ( 'NONE',  ( 0.02249999999999999900, -0.1150000000000000200, 0.0000000000000000000 ) ) ;
#2607 = ADVANCED_FACE ( 'NONE', ( #902 ), #1544, .F. ) ;
#2608 = LINE ( 'NONE', #79, #353 ) ;
#2609 = CARTESIAN_POINT ( 'NONE',  ( -0.1084533674290345500, -0.06237891507457171700, -0.6474999999999951900 ) ) ;
#2610 = CARTESIAN_POINT ( 'NONE',  ( 0.0000000000000000000, 0.0000000000000000000, -1.250000000000000000 ) ) ;
#2611 = CARTESIAN_POINT ( 'NONE',  ( -0.02828427124746186700, 9.184850993605133600E-017, -0.7500000000000001100 ) ) ;
#2612 = VERTEX_POINT ( 'NONE', #3531 ) ;
#2613 = CARTESIAN_POINT ( 'NONE',  ( -0.1084533674290345500, -0.06237891507457171700, -0.6474999999999951900 ) ) ;
#2614 = CARTESIAN_POINT ( 'NONE',  ( 0.0000000000000000000, 0.0000000000000000000, 0.0000000000000000000 ) ) ;
#2615 = EDGE_LOOP ( 'NONE', ( #543, #2178, #920, #3493 ) ) ;
#2616 = ORIENTED_EDGE ( 'NONE', *, *, #1467, .T. ) ;
#2618 = CARTESIAN_POINT ( 'NONE',  ( -0.07062562708901426500, 0.06195590971481310800, -0.6878054436068805600 ) ) ;
#2617 = PLANE ( 'NONE',  #1254 ) ;
#2619 = CARTESIAN_POINT ( 'NONE',  ( -0.02448277460926900200, 0.09133315723517512800, -0.5326716259946628900 ) ) ;
#2620 = CARTESIAN_POINT ( 'NONE',  ( 0.07479662473937263900, 0.1295482263321884000, -0.5424999999999965400 ) ) ;
#2621 = EDGE_CURVE ( 'NONE', #1566, #1941, #2526, .T. ) ;
#2622 = DIRECTION ( 'NONE',  ( -0.0000000000000000000, -0.0000000000000000000, -1.000000000000000000 ) ) ;
#2623 = CARTESIAN_POINT ( 'NONE',  ( 1.042145333473934100E-012, 0.09375000000000009700, -0.7109871574287723900 ) ) ;
#2624 = CARTESIAN_POINT ( 'NONE',  ( -0.04348408655594811200, 0.08382089653302683700, -0.1269690489705027600 ) ) ;
#2625 = ADVANCED_FACE ( 'NONE', ( #2124 ), #2301, .T. ) ;
#2626 = VECTOR ( 'NONE', #3478, 39.37007874015748100 ) ;
#2627 = CARTESIAN_POINT ( 'NONE',  ( -0.09375117826652047700, -0.006089714469317861000, -0.6664172947460207400 ) ) ;
#2628 = LINE ( 'NONE', #1866, #1775 ) ;
#2629 = FACE_OUTER_BOUND ( 'NONE', #1763, .T. ) ;
#2630 = PLANE ( 'NONE',  #491 ) ;
#2631 = LINE ( 'NONE', #41, #1442 ) ;
#2632 = DIRECTION ( 'NONE',  ( 2.220446049250312300E-016, 1.000000000000000000, 0.0000000000000000000 ) ) ;
#2633 = EDGE_LOOP ( 'NONE', ( #1710, #1236, #795, #1787, #3343 ) ) ;
#2634 = CARTESIAN_POINT ( 'NONE',  ( -0.09290306451634364200, 0.07153804305634467500, -0.6762500000000043500 ) ) ;
#2635 = CARTESIAN_POINT ( 'NONE',  ( 1.148106374200643400E-017, -0.09374999999999998600, -1.148106374200641400E-017 ) ) ;
#2636 = ORIENTED_EDGE ( 'NONE', *, *, #462, .T. ) ;
#2637 = VERTEX_POINT ( 'NONE', #997 ) ;
#2638 = EDGE_CURVE ( 'NONE', #123, #2398, #3515, .T. ) ;
#2639 = AXIS2_PLACEMENT_3D ( 'NONE', #1413, #2588, #1735 ) ;
#2640 = DIRECTION ( 'NONE',  ( 0.2505628070857321400, 0.2505628070857321400, 0.9351131265310291800 ) ) ;
#2641 = CARTESIAN_POINT ( 'NONE',  ( 0.1513581657064579600, 0.08717834586268766200, -0.3725000000000151000 ) ) ;
#2642 = CARTESIAN_POINT ( 'NONE',  ( 0.07479662473709700100, 0.1295482263312320000, -0.5424999999999596800 ) ) ;
#2643 = ORIENTED_EDGE ( 'NONE', *, *, #2873, .T. ) ;
#2644 = CARTESIAN_POINT ( 'NONE',  ( 0.007120500785190979200, -3.162137567432211200E-018, -1.234730036788664200 ) ) ;
#2645 = AXIS2_PLACEMENT_3D ( 'NONE', #2256, #1729, #2548 ) ;
#2646 = CARTESIAN_POINT ( 'NONE',  ( -0.05380928934598074000, 0.07020268783121495800, -0.4892626522884979700 ) ) ;
#2647 = DIRECTION ( 'NONE',  ( -0.0000000000000000000, 1.224646799147351000E-016, -1.000000000000000000 ) ) ;
#2648 = ORIENTED_EDGE ( 'NONE', *, *, #2894, .F. ) ;
#2649 = VERTEX_POINT ( 'NONE', #1830 ) ;
#2650 = COORDINATED_UNIVERSAL_TIME_OFFSET ( 6, 0, .BEHIND. ) ;
#2651 = ORIENTED_EDGE ( 'NONE', *, *, #2568, .F. ) ;
#2652 = DIRECTION ( 'NONE',  ( -1.000000000000000000, 0.0000000000000000000, 0.0000000000000000000 ) ) ;
#2653 = CARTESIAN_POINT ( 'NONE',  ( 0.1266090208880922800, 0.07284317938073051100, -0.5575000000000028800 ) ) ;
#2654 = CARTESIAN_POINT ( 'NONE',  ( 0.1188281200465017100, 0.1545388029380412300, -0.1812500000000095100 ) ) ;
#2655 = ORIENTED_EDGE ( 'NONE', *, *, #3188, .T. ) ;
#2656 = CARTESIAN_POINT ( 'NONE',  ( 0.03937784948555074500, 0.1460933378139015700, -0.5350000000000400000 ) ) ;
#2657 = EDGE_LOOP ( 'NONE', ( #582, #2723, #234, #1614, #1415, #1741, #2351 ) ) ;
#2658 = DIRECTION ( 'NONE',  ( 0.9783048645494204500, 0.0000000000000000000, 0.2071704419045830300 ) ) ;
#2659 = CARTESIAN_POINT ( 'NONE',  ( -0.05714678291299668500, 0.09937554069977695700, -0.6874999999999984500 ) ) ;
#2660 = CARTESIAN_POINT ( 'NONE',  ( 0.1149999999999999400, 0.02250000000000040200, 0.0000000000000000000 ) ) ;
#2661 = CARTESIAN_POINT ( 'NONE',  ( -0.04159572910000966500, -0.08424267516870259700, -0.6378866099894773300 ) ) ;
#2662 = CARTESIAN_POINT ( 'NONE',  ( 0.08893775256184770200, -0.03027404282727720300, -0.2421842385690757300 ) ) ;
#2663 = CARTESIAN_POINT ( 'NONE',  ( 0.006423048454132595900, -0.09892304845413262000, -0.05999999999999999800 ) ) ;
#2664 = FACE_OUTER_BOUND ( 'NONE', #3090, .T. ) ;
#2665 = EDGE_CURVE ( 'NONE', #2649, #1151, #2986, .T. ) ;
#2666 = CARTESIAN_POINT ( 'NONE',  ( 0.1847938477999839500, -0.04971493857908534900, -0.2150000000000116000 ) ) ;
#2667 = CARTESIAN_POINT ( 'NONE',  ( 0.05917970740085899000, -0.07311571244295292400, -0.7780081148867564700 ) ) ;
#2668 = AXIS2_PLACEMENT_3D ( 'NONE', #3666, #3418, #3387 ) ;
#2669 = VECTOR ( 'NONE', #1579, 39.37007874015748100 ) ;
#2670 = LINE ( 'NONE', #3435, #3483 ) ;
#2671 = CARTESIAN_POINT ( 'NONE',  ( -0.01442738859787306600, 0.1110828879667234400, -0.7037499999999938800 ) ) ;
#2672 = CARTESIAN_POINT ( 'NONE',  ( -0.02919762029143785400, 0.1090782885513794100, -0.6950000000000012800 ) ) ;
#2673 = CARTESIAN_POINT ( 'NONE',  ( 0.1166020821833190800, 0.08946738369324566700, -0.5487500000000005200 ) ) ;
#2674 = LINE ( 'NONE', #3563, #606 ) ;
#2675 = CARTESIAN_POINT ( 'NONE',  ( 0.05386809613607232400, 0.09323691946113023300, -0.7175000000000276700 ) ) ;
#2676 = EDGE_LOOP ( 'NONE', ( #953, #732, #387, #2546 ) ) ;
#2677 = ORIENTED_EDGE ( 'NONE', *, *, #1194, .T. ) ;
#2678 = CARTESIAN_POINT ( 'NONE',  ( 0.06581767824930488700, -0.006423048454132366900, -0.05999999999999999800 ) ) ;
#2679 = CARTESIAN_POINT ( 'NONE',  ( 3.193689513197023100E-016, 0.09375000000000001400, -0.1410015815360617400 ) ) ;
#2680 = CARTESIAN_POINT ( 'NONE',  ( 0.09759551229540142100, 0.1692272149790164400, -0.1775000000000074300 ) ) ;
#2681 = CARTESIAN_POINT ( 'NONE',  ( -0.1084533674293893000, -0.06237891507149882800, -0.6475078740157809200 ) ) ;
#2682 = CARTESIAN_POINT ( 'NONE',  ( 0.1513581657046916800, 0.08717834586517057800, -0.3774999999999887300 ) ) ;
#2683 = ORIENTED_EDGE ( 'NONE', *, *, #1778, .T. ) ;
#2684 = CARTESIAN_POINT ( 'NONE',  ( 0.06515347503181068100, 0.08459527081448307800, -0.7262499999999868500 ) ) ;
#2685 = CARTESIAN_POINT ( 'NONE',  ( 0.04104015328770915100, -0.05358710046950371900, -0.5792626522884661800 ) ) ;
#2686 = CARTESIAN_POINT ( 'NONE',  ( -0.01714724043411255600, -0.1301295138236025200, -0.6162500000000076300 ) ) ;
#2687 = EDGE_CURVE ( 'NONE', #439, #1195, #3573, .T. ) ;
#2688 = CARTESIAN_POINT ( 'NONE',  ( 0.02000000000000013200, -0.04480594173045219400, -1.144934593390643900 ) ) ;
#2689 = CARTESIAN_POINT ( 'NONE',  ( 0.09895961959810821400, 0.02647830359058176200, -0.7399999999999937700 ) ) ;
#2690 = LINE ( 'NONE', #625, #2962 ) ;
#2691 = CARTESIAN_POINT ( 'NONE',  ( -3.414809992080329000E-017, 4.181936126497573800E-033, -1.250000000000000000 ) ) ;
#2692 = COORDINATED_UNIVERSAL_TIME_OFFSET ( 6, 0, .BEHIND. ) ;
#2693 = AXIS2_PLACEMENT_3D ( 'NONE', #3440, #878, #2871 ) ;
#2694 = CARTESIAN_POINT ( 'NONE',  ( -0.1312883431270718300, -0.1008310256777817200, -0.4587500000000281900 ) ) ;
#2695 = CARTESIAN_POINT ( 'NONE',  ( 0.1204703996121696300, -0.06956449259010749600, -0.5875000000000052400 ) ) ;
#2696 = CARTESIAN_POINT ( 'NONE',  ( -0.1587293287178724000, -0.04260435046021030000, -0.4749999999999966500 ) ) ;
#2697 = CARTESIAN_POINT ( 'NONE',  ( -0.1996057734679585700, 0.02618562741943490000, -0.1262508147906973000 ) ) ;
#2698 = DIRECTION ( 'NONE',  ( 1.000000000000000000, 0.0000000000000000000, 0.0000000000000000000 ) ) ;
#2699 = ORIENTED_EDGE ( 'NONE', *, *, #839, .T. ) ;
#2700 = CARTESIAN_POINT ( 'NONE',  ( -0.02919762029080394700, 0.1090782885511495000, -0.6950000000000117200 ) ) ;
#2701 = CARTESIAN_POINT ( 'NONE',  ( -0.1755806689955528300, 0.04723896557776362200, -0.3049999999999843400 ) ) ;
#2702 = ORIENTED_EDGE ( 'NONE', *, *, #268, .T. ) ;
#2703 = CARTESIAN_POINT ( 'NONE',  ( 0.02000000000000007300, -0.09159182550861177900, -0.7500000000000001100 ) ) ;
#2704 = CARTESIAN_POINT ( 'NONE',  ( -0.1157373309183940800, 0.03121989934649823200, -0.6700000000000138100 ) ) ;
#2705 = CARTESIAN_POINT ( 'NONE',  ( -0.1621624753043566800, -7.943670252931684900E-017, -0.4824999999999999800 ) ) ;
#2706 = CARTESIAN_POINT ( 'NONE',  ( 0.02311081259296938000, 0.02988808284071973000, -0.7067626522884759000 ) ) ;
#2707 = EDGE_CURVE ( 'NONE', #1008, #1785, #674, .T. ) ;
#2708 = CARTESIAN_POINT ( 'NONE',  ( 0.02000000000000011500, -0.07842370396780766500, -1.076512808980396600 ) ) ;
#2709 = CARTESIAN_POINT ( 'NONE',  ( 0.06515347503384900900, 0.08459527081001684500, -0.7212500000000277000 ) ) ;
#2710 = LINE ( 'NONE', #950, #2626 ) ;
#2711 = CARTESIAN_POINT ( 'NONE',  ( 0.1663674901895229600, -0.04476299257665299800, -0.3950000000000083400 ) ) ;
#2712 = LINE ( 'NONE', #1430, #1484 ) ;
#2713 = VECTOR ( 'NONE', #2848, 39.37007874015748100 ) ;
#2714 = CARTESIAN_POINT ( 'NONE',  ( -0.1197404452282107600, 0.01578731451545261100, -0.6662499999999739200 ) ) ;
#2715 = AXIS2_PLACEMENT_3D ( 'NONE', #1893, #3617, #461 ) ;
#2716 = LINE ( 'NONE', #1575, #1129 ) ;
#2717 = ORIENTED_EDGE ( 'NONE', *, *, #130, .F. ) ;
#2718 = CARTESIAN_POINT ( 'NONE',  ( -0.04480594173045218000, 0.02000000000000014300, -1.144934593390643900 ) ) ;
#2719 = CARTESIAN_POINT ( 'NONE',  ( 0.05066331731543065300, -0.03899945179363441300, -0.3837499999999816600 ) ) ;
#2720 = CARTESIAN_POINT ( 'NONE',  ( 0.02000000000000013600, -0.03595510759545806500, -1.161815373128291600 ) ) ;
#2721 = CARTESIAN_POINT ( 'NONE',  ( 0.09159182550861190400, -0.02000000000000000000, -0.7500000000000001100 ) ) ;
#2722 = CARTESIAN_POINT ( 'NONE',  ( -0.1806870967772481200, 0.02370347839760393200, -0.3012500000000022400 ) ) ;
#2723 = ORIENTED_EDGE ( 'NONE', *, *, #1638, .F. ) ;
#2724 = ORIENTED_EDGE ( 'NONE', *, *, #906, .F. ) ;
#2725 = CARTESIAN_POINT ( 'NONE',  ( -0.08118988160479113900, -0.04687499999999995800, -0.1289539594504673100 ) ) ;
#2726 = DIRECTION ( 'NONE',  ( 0.9942282112502790500, 0.1072858982069419800, 0.0000000000000000000 ) ) ;
#2727 = CARTESIAN_POINT ( 'NONE',  ( -0.1771556863268759800, -0.04755629646145594800, -0.2949999999999935500 ) ) ;
#2728 = CARTESIAN_POINT ( 'NONE',  ( 0.08428308059017471100, 0.04151259051047868900, -0.3576039146239868300 ) ) ;
#2729 = VERTEX_POINT ( 'NONE', #2240 ) ;
#2730 = ORIENTED_EDGE ( 'NONE', *, *, #2203, .T. ) ;
#2731 = FACE_OUTER_BOUND ( 'NONE', #2594, .T. ) ;
#2732 = ORIENTED_EDGE ( 'NONE', *, *, #2227, .T. ) ;
#2733 = EDGE_CURVE ( 'NONE', #3416, #1331, #1558, .T. ) ;
#2734 = DIRECTION ( 'NONE',  ( -0.0000000000000000000, 1.224646799147351000E-016, -1.000000000000000000 ) ) ;
#2735 = ORIENTED_EDGE ( 'NONE', *, *, #1450, .F. ) ;
#2737 = CARTESIAN_POINT ( 'NONE',  ( 0.0000000000000000000, 1.530808498934188900E-016, -1.250000000000000000 ) ) ;
#2736 = DIRECTION ( 'NONE',  ( 0.0000000000000000000, -1.224646799147351000E-016, 1.000000000000000000 ) ) ;
#2738 = ORIENTED_EDGE ( 'NONE', *, *, #1341, .F. ) ;
#2739 = CARTESIAN_POINT ( 'NONE',  ( 0.02249999999999999900, 0.1149999999999999900, -0.05999999999999999800 ) ) ;
#2740 = CARTESIAN_POINT ( 'NONE',  ( -0.02432259345444430200, -0.1854167873652726700, -0.2612500000000039200 ) ) ;
#2741 = EDGE_LOOP ( 'NONE', ( #2996, #336, #3181, #189 ) ) ;
#2742 = CARTESIAN_POINT ( 'NONE',  ( 0.05762877558240824000, -0.07494783689556078200, -0.3978358200948535200 ) ) ;
#2743 = CARTESIAN_POINT ( 'NONE',  ( -0.02423250074636033900, 0.09077124777159489800, -0.1816876336239035800 ) ) ;
#2744 = B_SPLINE_SURFACE_WITH_KNOTS ( 'NONE', 1, 3, ( 
 ( #2116, #3265, #2397, #1006, #706, #1300, #1840, #3275, #3541, #2976, #143, #995, #438, #2385, #3552, #1293, #1564, #725, #597, #3142, #2547, #3155, #1136, #609, #318, #1447, #2878, #1717, #1147, #3422, #3432, #2266, #1999, #2852, #886, #3139, #1701, #2280, #2580, #583, #22, #306, #596, #858, #1690, #1176, #3109, #3124, #2562, #872, #2865, #1984, #1424, #1161, #35, #3407, #1432, #10, #2010, #288, #2254, #1651, #1949, #3628, #1635, #256 ),
 ( #3345, #1664, #1377, #3361, #553, #2499, #1937, #1389, #1070, #794, #2785, #1924, #3373, #3055, #1086, #3652, #2513, #2799, #813, #3640, #2228, #803, #3081, #241, #1101, #2214, #827, #2815, #2774, #1365, #541, #227, #2200, #527, #2486, #3068, #1904, #1620, #1311, #3325, #2414, #3014, #2437, #3627, #198, #509, #3314, #1594, #2751, #1325, #739, #3295, #2719, #1605, #469, #2420, #2144, #1633, #1920, #1863, #224, #3586, #1874, #184, #2155, #2466 ) ),
 .UNSPECIFIED., .F., .F., .F.,
 ( 2, 2 ),
 ( 4, 2, 2, 2, 2, 2, 2, 2, 2, 2, 2, 2, 2, 2, 2, 2, 2, 2, 2, 2, 2, 2, 2, 2, 2, 2, 2, 2, 2, 2, 2, 2, 4 ),
 ( 0.0000000000000000000, 1.000000000000000000 ),
 ( 0.0000000000000000000, 0.03125000000000000000, 0.06250000000000000000, 0.09375000000000000000, 0.1250000000000000000, 0.1562500000000000000, 0.1875000000000000000, 0.2187500000000000000, 0.2500000000000000000, 0.2812500000000000000, 0.3125000000000000000, 0.3437500000000000000, 0.3750000000000000000, 0.4062500000000000000, 0.4375000000000000000, 0.4687500000000000000, 0.5000000000000000000, 0.5312500000000000000, 0.5625000000000000000, 0.5937500000000000000, 0.6250000000000000000, 0.6562500000000000000, 0.6875000000000000000, 0.7187500000000000000, 0.7500000000000000000, 0.7812500000000000000, 0.8125000000000000000, 0.8437500000000000000, 0.8750000000000000000, 0.9062500000000000000, 0.9375000000000000000, 0.9687500000000000000, 1.000000000000000000 ),
 .UNSPECIFIED. ) ;
#2745 = CARTESIAN_POINT ( 'NONE',  ( 0.09934202339948142200, -0.005342004412908117400, -0.7500000000000002200 ) ) ;
#2746 = CARTESIAN_POINT ( 'NONE',  ( 0.09895961959810821400, 0.02647830359058176200, -0.7399999999999937700 ) ) ;
#2747 = DIRECTION ( 'NONE',  ( 0.9942282112502791600, -0.1072858982069424400, -1.313873318327805600E-017 ) ) ;
#2748 = CARTESIAN_POINT ( 'NONE',  ( 0.1153641048424870300, -0.1501992268277413400, -0.2387499999999769300 ) ) ;
#2749 = LINE ( 'NONE', #316, #3385 ) ;
#2750 = CARTESIAN_POINT ( 'NONE',  ( 0.06761104722582328400, -0.1175311941583456300, -0.5974999999999969200 ) ) ;
#2751 = CARTESIAN_POINT ( 'NONE',  ( 0.06576599735002818000, 0.008557155929602215000, -0.3612500000000145600 ) ) ;
#2752 = CARTESIAN_POINT ( 'NONE',  ( -0.01041450107782792800, -0.07916678736526724900, -0.2837500000000038900 ) ) ;
#2753 = FACE_OUTER_BOUND ( 'NONE', #3660, .T. ) ;
#2754 = CARTESIAN_POINT ( 'NONE',  ( -0.1095508731739353700, 0.1426348733494862100, -0.3287500000000254700 ) ) ;
#2755 = VECTOR ( 'NONE', #2129, 39.37007874015748100 ) ;
#2756 = EDGE_CURVE ( 'NONE', #1225, #2154, #808, .T. ) ;
#2757 = CARTESIAN_POINT ( 'NONE',  ( 0.08137300348746250000, -0.04696281540790193200, -0.3863372898577069300 ) ) ;
#2758 = AXIS2_PLACEMENT_3D ( 'NONE', #1507, #361, #1477 ) ;
#2759 = CARTESIAN_POINT ( 'NONE',  ( 0.006134411299304949100, 0.09374999999995124700, -0.1908312342072219500 ) ) ;
#2760 = LINE ( 'NONE', #2869, #945 ) ;
#2761 = CARTESIAN_POINT ( 'NONE',  ( 0.06316712269818937400, -0.07017511336138269900, -0.7765001204355077600 ) ) ;
#2763 = CARTESIAN_POINT ( 'NONE',  ( -0.01999999999999995200, 0.06741467499461301100, -1.099419164526294100 ) ) ;
#2762 = MECHANICAL_CONTEXT ( 'NONE', #1898, 'mechanical' ) ;
#2764 = AXIS2_PLACEMENT_3D ( 'NONE', #2052, #354, #366 ) ;
#2765 = EDGE_LOOP ( 'NONE', ( #2249, #2735, #162, #3467, #1148 ) ) ;
#2766 = CARTESIAN_POINT ( 'NONE',  ( -0.02308436334285722900, 0.1767456879382311700, -0.3437500000000352500 ) ) ;
#2767 = B_SPLINE_CURVE_WITH_KNOTS ( 'NONE', 3,
 ( #3444, #907, #3453, #1725, #1714, #30, #2276, #648, #607, #2875, #46, #326, #2291, #617, #2591, #921, #628, #894, #2889, #1186, #636, #3163, #2898, #3177, #1739, #57, #339, #2299, #3468, #1751, #2613, #3189, #3254, #1267, #1282, #693, #2079, #1533, #1253, #948, #2671, #2952, #120, #1232, #2684, #3231, #1771, #2091, #2348, #1816 ),
 .UNSPECIFIED., .F., .F.,
 ( 4, 2, 2, 2, 2, 2, 2, 2, 2, 2, 2, 2, 2, 2, 2, 2, 2, 2, 2, 2, 2, 2, 2, 2, 4 ),
 ( 0.0000000000000000000, 0.03787816357211656900, 0.07575632714423313800, 0.1136344907163497200, 0.1515126542884662800, 0.1893908178605828400, 0.2272689814326994400, 0.2651471450048160100, 0.3030253085769325500, 0.3409034721490491500, 0.3787816357211656900, 0.4166597992932822300, 0.4545379628653988800, 0.4924161264375154200, 0.5302942900096320200, 0.5681724535817485000, 0.6060506171538651000, 0.6439287807259817000, 0.6818069442980982900, 0.7196851078702148900, 0.7575632714423313800, 0.7954414350144479700, 0.8333195985865644600, 0.8711977621586811700, 0.9006585560478142000 ),
 .UNSPECIFIED. ) ;
#2768 = EDGE_CURVE ( 'NONE', #317, #2557, #1301, .T. ) ;
#2769 = CARTESIAN_POINT ( 'NONE',  ( -0.01986709226447221800, 0.1526391623927183200, -0.5187500000000373500 ) ) ;
#2770 = CARTESIAN_POINT ( 'NONE',  ( -0.006423048454132598500, -0.1150000000000000200, -0.05999999999999999800 ) ) ;
#2771 = CARTESIAN_POINT ( 'NONE',  ( 0.05353253098200450700, 0.06957420100093307500, -0.2087500000000024100 ) ) ;
#2772 = EDGE_CURVE ( 'NONE', #3504, #3428, #1053, .T. ) ;
#2773 = EDGE_LOOP ( 'NONE', ( #687, #2485, #1452, #2827, #399, #3589, #75, #2146, #615, #2542, #971, #586 ) ) ;
#2774 = CARTESIAN_POINT ( 'NONE',  ( -0.04771929930628448400, -0.06200984752470684700, -0.2487500000000060500 ) ) ;
#2775 = CARTESIAN_POINT ( 'NONE',  ( 0.0000000000000000000, 0.0000000000000000000, 0.0000000000000000000 ) ) ;
#2776 = DIRECTION ( 'NONE',  ( 0.0000000000000000000, 1.000000000000000000, 1.224646799147351200E-016 ) ) ;
#2777 = CARTESIAN_POINT ( 'NONE',  ( 0.01986709226469651400, 0.1509076510145122600, -0.5262499999999866700 ) ) ;
#2779 = CARTESIAN_POINT ( 'NONE',  ( -0.09076262966231606100, 0.02425784849463936600, -0.4708645606407724800 ) ) ;
#2778 = CARTESIAN_POINT ( 'NONE',  ( 0.07455701861280186700, -0.05716534791953198400, -0.4273142110492766900 ) ) ;
#2780 = LINE ( 'NONE', #2495, #526 ) ;
#2781 = CALENDAR_DATE ( 2021, 9, 7 ) ;
#2782 = EDGE_CURVE ( 'NONE', #513, #168, #1686, .T. ) ;
#2783 = DIRECTION ( 'NONE',  ( -0.0000000000000000000, -0.0000000000000000000, 1.000000000000000000 ) ) ;
#2784 = CARTESIAN_POINT ( 'NONE',  ( 0.02249999999999999900, 0.06496393230093142100, 0.0000000000000000000 ) ) ;
#2785 = CARTESIAN_POINT ( 'NONE',  ( 0.02314221228173708000, 0.08591584034421986800, -0.1474999999999905000 ) ) ;
#2786 = CARTESIAN_POINT ( 'NONE',  ( -0.06197787527957358100, -0.07060926815555482200, -0.2540989760030683000 ) ) ;
#2787 = CARTESIAN_POINT ( 'NONE',  ( -0.1587293287178724000, -0.04260435046021030000, -0.4749999999999966500 ) ) ;
#2788 = CARTESIAN_POINT ( 'NONE',  ( 0.05572371490028947500, -0.03217618596878854500, -0.4300000000000051600 ) ) ;
#2789 = ORIENTED_EDGE ( 'NONE', *, *, #1021, .T. ) ;
#2790 = CARTESIAN_POINT ( 'NONE',  ( 0.09159182550861196000, -0.02000000000000000000, -1.250000000000000000 ) ) ;
#2791 = AXIS2_PLACEMENT_3D ( 'NONE', #1502, #2915, #651 ) ;
#2792 = CARTESIAN_POINT ( 'NONE',  ( 0.01714724043411260500, -0.1318610251812086800, -0.6087499999999923500 ) ) ;
#2794 = DIRECTION ( 'NONE',  ( -1.000000000000000000, 4.440892098500625200E-016, -0.0000000000000000000 ) ) ;
#2793 = CARTESIAN_POINT ( 'NONE',  ( 0.06193308696746096400, 0.07064823036567324800, -0.3851500800645726300 ) ) ;
#2795 = DIRECTION ( 'NONE',  ( -0.0000000000000000000, -0.0000000000000000000, -1.000000000000000000 ) ) ;
#2796 = B_SPLINE_CURVE_WITH_KNOTS ( 'NONE', 3,
 ( #671, #640, #344, #941, #1204, #3472, #1755, #2040, #355, #2618, #1213, #3193, #80, #367, #2321, #2627, #112, #3512, #1535, #2083, #1258, #1797, #697, #400, #2352, #965, #2661, #685, #2957, #3234, #3523, #1807 ),
 .UNSPECIFIED., .F., .F.,
 ( 4, 2, 2, 2, 2, 2, 2, 2, 2, 2, 2, 2, 2, 2, 2, 4 ),
 ( 0.003533342032540003300, 0.004017965939424666600, 0.004502589846309329500, 0.004987213753193992300, 0.005471837660078655200, 0.005956461566963318000, 0.006441085473847980900, 0.007410333287617303100, 0.007894957194501962500, 0.008379581101386621800, 0.008864205008271281200, 0.009348828915155940600, 0.009833452822040600000, 0.01031807672892525900, 0.01080270063580991900, 0.01128732454269457800 ),
 .UNSPECIFIED. ) ;
#2797 = CARTESIAN_POINT ( 'NONE',  ( 0.0000000000000000000, 0.0000000000000000000, -0.05999999999999999800 ) ) ;
#2798 = CARTESIAN_POINT ( 'NONE',  ( -0.02425680161622885100, -0.09076562415079525400, -0.6124642302506957400 ) ) ;
#2799 = CARTESIAN_POINT ( 'NONE',  ( 0.08389647795211420400, -0.01103361612616366600, -0.1887499999999850700 ) ) ;
#2800 = CARTESIAN_POINT ( 'NONE',  ( 0.09075809478821172900, -0.02427704438145157600, -0.5652710191382928100 ) ) ;
#2801 = CARTESIAN_POINT ( 'NONE',  ( -0.1464170500901503000, -0.1124574890080157300, -0.2837500000000001100 ) ) ;
#2802 = CARTESIAN_POINT ( 'NONE',  ( 0.009176270979622291500, 0.06970740619248207100, -0.3737499999999668900 ) ) ;
#2803 = EDGE_CURVE ( 'NONE', #3296, #1096, #940, .T. ) ;
#2804 = CARTESIAN_POINT ( 'NONE',  ( 0.1901464779515385500, -0.02494170850632089800, -0.2112500000000072400 ) ) ;
#2805 = CARTESIAN_POINT ( 'NONE',  ( -0.01714724043411255600, -0.1301295138236025200, -0.6162500000000076300 ) ) ;
#2806 = CIRCLE ( 'NONE', #3047, 0.06875000000000000600 ) ;
#2808 = CARTESIAN_POINT ( 'NONE',  ( -0.01999999999999995900, 0.02000000000000009400, -0.7500000000000001100 ) ) ;
#2807 = CARTESIAN_POINT ( 'NONE',  ( 0.09374789940688700600, -0.006199762215789160100, -0.4108428487203534300 ) ) ;
#2809 = CARTESIAN_POINT ( 'NONE',  ( -0.04847695207938142200, -0.1801872584004618200, -0.2650000000000116700 ) ) ;
#2810 = FACE_OUTER_BOUND ( 'NONE', #2516, .T. ) ;
#2811 = CARTESIAN_POINT ( 'NONE',  ( -0.006125974299193318700, -0.09375000000003763700, -0.6065762459578040200 ) ) ;
#2812 = EDGE_CURVE ( 'NONE', #1160, #2595, #3110, .T. ) ;
#2813 = LINE ( 'NONE', #2436, #1028 ) ;
#2814 = VERTEX_POINT ( 'NONE', #896 ) ;
#2815 = CARTESIAN_POINT ( 'NONE',  ( -0.03932207181768341400, -0.06812193267102334400, -0.2449999999999870100 ) ) ;
#2816 = CARTESIAN_POINT ( 'NONE',  ( 0.09375000000000002800, -4.163336342344337600E-017, -0.7500000000000001100 ) ) ;
#2817 = AXIS2_PLACEMENT_3D ( 'NONE', #475, #454, #2432 ) ;
#2818 = CARTESIAN_POINT ( 'NONE',  ( -0.1621624753043566800, -7.943670252931684900E-017, -0.4824999999999999800 ) ) ;
#2819 = CARTESIAN_POINT ( 'NONE',  ( 0.01819026625776204400, 0.06748948274100719000, -0.3775000000000337000 ) ) ;
#2820 = CARTESIAN_POINT ( 'NONE',  ( -0.1940070266074578600, 0.05219091158253099500, -0.1249999999999999600 ) ) ;
#2821 = CARTESIAN_POINT ( 'NONE',  ( 0.05501079052961396800, -0.07571502375771395300, -0.7745003613065071200 ) ) ;
#2823 = CARTESIAN_POINT ( 'NONE',  ( 2.755455298081544500E-017, -0.2249999999999999800, -0.005000000000000055600 ) ) ;
#2822 = CARTESIAN_POINT ( 'NONE',  ( 0.1150000000000001000, -0.02249999999999959700, 0.0000000000000000000 ) ) ;
#2824 = VERTEX_POINT ( 'NONE', #2890 ) ;
#2825 = PLANE ( 'NONE',  #919 ) ;
#2826 = B_SPLINE_CURVE_WITH_KNOTS ( 'NONE', 3,
 ( #1730, #37, #2284, #611, #2533, #2022, #330, #622, #1138, #2854 ),
 .UNSPECIFIED., .F., .F.,
 ( 4, 2, 2, 2, 4 ),
 ( 0.0000000000000000000, 0.0005338944116827091200, 0.001067788823365418700, 0.001601683235048128300, 0.002135577646730838200 ),
 .UNSPECIFIED. ) ;
#2827 = ORIENTED_EDGE ( 'NONE', *, *, #2011, .T. ) ;
#2828 = ORIENTED_EDGE ( 'NONE', *, *, #1372, .F. ) ;
#2829 = DIRECTION ( 'NONE',  ( 1.000000000000000000, 3.491481338843133700E-015, 0.0000000000000000000 ) ) ;
#2830 = CARTESIAN_POINT ( 'NONE',  ( 0.02457538727715712400, 0.09129225329563338300, -0.5180923554770164900 ) ) ;
#2831 = CARTESIAN_POINT ( 'NONE',  ( 0.1679425075232267900, 0.04508032346069335700, -0.3850000000000111100 ) ) ;
#2832 = CARTESIAN_POINT ( 'NONE',  ( 0.007938040882317467700, -0.06103630676283728500, -0.4562499999999959400 ) ) ;
#2833 = CARTESIAN_POINT ( 'NONE',  ( 0.09759551229540142100, 0.1692272149790164400, -0.1775000000000074300 ) ) ;
#2834 = EDGE_LOOP ( 'NONE', ( #3183, #964, #692, #1663 ) ) ;
#2835 = ORIENTED_EDGE ( 'NONE', *, *, #2311, .T. ) ;
#2836 = FACE_OUTER_BOUND ( 'NONE', #1357, .T. ) ;
#2838 = CARTESIAN_POINT ( 'NONE',  ( 0.0000000000000000000, 0.0000000000000000000, -0.7000000000000000700 ) ) ;
#2837 = DIRECTION ( 'NONE',  ( -1.000000000000000000, 0.0000000000000000000, 0.0000000000000000000 ) ) ;
#2839 = CARTESIAN_POINT ( 'NONE',  ( 0.02425727042001868000, 0.09076338353122293000, -0.5469047163193376800 ) ) ;
#2840 = EDGE_CURVE ( 'NONE', #3417, #3568, #853, .T. ) ;
#2841 = ORIENTED_EDGE ( 'NONE', *, *, #2108, .T. ) ;
#2842 = CARTESIAN_POINT ( 'NONE',  ( 0.04104015328648959900, -0.05358710047007970300, -0.6132373477115186100 ) ) ;
#2843 = EDGE_LOOP ( 'NONE', ( #2616, #1875, #3317, #538, #881 ) ) ;
#2844 = EDGE_CURVE ( 'NONE', #3578, #345, #3597, .T. ) ;
#2845 = CARTESIAN_POINT ( 'NONE',  ( -0.06617351436309633400, -0.01180387163263096700, -0.03991849451130071600 ) ) ;
#2846 = AXIS2_PLACEMENT_3D ( 'NONE', #86, #937, #3206 ) ;
#2847 = ORIENTED_EDGE ( 'NONE', *, *, #1712, .T. ) ;
#2848 = DIRECTION ( 'NONE',  ( -1.000000000000000000, -0.0000000000000000000, -0.0000000000000000000 ) ) ;
#2849 = CARTESIAN_POINT ( 'NONE',  ( 0.04694964248442273800, -0.08137791000255988100, -0.2176841298086797900 ) ) ;
#2850 = ORIENTED_EDGE ( 'NONE', *, *, #1220, .T. ) ;
#2851 = AXIS2_PLACEMENT_3D ( 'NONE', #115, #2736, #1799 ) ;
#2852 = CARTESIAN_POINT ( 'NONE',  ( -0.1806870967805428400, 0.02370347839744829700, -0.3012500000000018500 ) ) ;
#2854 = CARTESIAN_POINT ( 'NONE',  ( -0.09676291639474725300, 1.108132071686412300E-019, -0.09563802935418178100 ) ) ;
#2853 = DIRECTION ( 'NONE',  ( 0.0000000000000000000, 1.000000000000000000, 0.0000000000000000000 ) ) ;
#2855 = CARTESIAN_POINT ( 'NONE',  ( 0.04158442290990598700, -0.08424770673716965000, -0.6128914470608747300 ) ) ;
#2856 = B_SPLINE_CURVE_WITH_KNOTS ( 'NONE', 3,
 ( #521, #1629, #560, #2491, #1671, #1137, #1383, #3368, #2778, #2222, #1682, #1077, #820, #3061, #2807, #1956, #1094, #1971, #277, #1370, #265, #2793, #3074, #1657, #2532, #2521, #2246, #572, #3351, #1643 ),
 .UNSPECIFIED., .F., .F.,
 ( 4, 2, 2, 2, 2, 2, 2, 2, 2, 2, 2, 2, 2, 2, 4 ),
 ( 0.003885157166784640100, 0.004856447906276924000, 0.005342093276023067300, 0.005827738645769210500, 0.006313384015515353800, 0.006799029385261497000, 0.007284674755007640300, 0.007770320124753783500, 0.008741610864246070900, 0.009227256233992214100, 0.009712901603738353900, 0.01019854697348449700, 0.01068419234323063900, 0.01116983771297678200, 0.01165548308272292300 ),
 .UNSPECIFIED. ) ;
#2857 = CARTESIAN_POINT ( 'NONE',  ( -0.07807531153085083000, 0.1356868476179221800, -0.5124999999999980700 ) ) ;
#2858 = PLANE ( 'NONE',  #1640 ) ;
#2859 = VECTOR ( 'NONE', #637, 39.37007874015748100 ) ;
#2860 = CARTESIAN_POINT ( 'NONE',  ( 0.01221992306713176300, 0.09374999999999982000, -0.5141293846016934400 ) ) ;
#2861 = CARTESIAN_POINT ( 'NONE',  ( 0.08427674368794832400, -0.04151893642507816000, -0.2004113124757868100 ) ) ;
#2862 = ADVANCED_FACE ( 'NONE', ( #3067 ), #720, .F. ) ;
#2863 = LINE ( 'NONE', #2160, #146 ) ;
#2864 = FACE_OUTER_BOUND ( 'NONE', #836, .T. ) ;
#2865 = CARTESIAN_POINT ( 'NONE',  ( 0.1663674901889592400, -0.04476299257655308500, -0.3949999999999921900 ) ) ;
#2866 = DIRECTION ( 'NONE',  ( -0.0000000000000000000, -1.000000000000000000, -0.0000000000000000000 ) ) ;
#2867 = VECTOR ( 'NONE', #3249, 39.37007874015748100 ) ;
#2868 = B_SPLINE_CURVE_WITH_KNOTS ( 'NONE', 3,
 ( #468, #1039, #2126, #3013, #1007, #3276, #1888, #3268, #158, #738, #749, #1593, #2419, #450, #1324, #3585 ),
 .UNSPECIFIED., .F., .F.,
 ( 4, 2, 2, 2, 2, 2, 2, 4 ),
 ( 0.02518193067496460300, 0.02566923018016661500, 0.02615652968536862800, 0.02664382919057064000, 0.02713112869577265200, 0.02761842820097466100, 0.02810572770617667700, 0.02908032671658069800 ),
 .UNSPECIFIED. ) ;
#2869 = CARTESIAN_POINT ( 'NONE',  ( -0.1005602043322232200, 0.008060204332222830500, -0.05389005108305591100 ) ) ;
#2870 = CARTESIAN_POINT ( 'NONE',  ( 0.07210610711398035600, -0.009551994386233563600, -0.5907373477115061000 ) ) ;
#2871 = DIRECTION ( 'NONE',  ( 1.000000000000000000, 0.0000000000000000000, 0.0000000000000000000 ) ) ;
#2872 = VERTEX_POINT ( 'NONE', #2561 ) ;
#2873 = EDGE_CURVE ( 'NONE', #1494, #3296, #2418, .T. ) ;
#2874 = EDGE_CURVE ( 'NONE', #2535, #3577, #1482, .T. ) ;
#2875 = CARTESIAN_POINT ( 'NONE',  ( 0.01986709226634283600, 0.1509076510139365200, -0.5312500000000026600 ) ) ;
#2876 = CARTESIAN_POINT ( 'NONE',  ( 1.340828951734724700E-013, -0.09374999999999990300, -0.2330047446081411600 ) ) ;
#2877 = VERTEX_POINT ( 'NONE', #594 ) ;
#2878 = CARTESIAN_POINT ( 'NONE',  ( -0.04847695207809327200, -0.1801872583968466300, -0.2600000000000130500 ) ) ;
#2880 = DIRECTION ( 'NONE',  ( 3.372511997194915200E-015, -0.9659258262890682000, -0.2588190451025213500 ) ) ;
#2879 = CARTESIAN_POINT ( 'NONE',  ( 4.055086865595390600E-017, -0.09374999999999995800, -0.4529889292475724500 ) ) ;
#2881 = DIRECTION ( 'NONE',  ( -0.0000000000000000000, 1.224646799147351000E-016, -1.000000000000000000 ) ) ;
#2882 = ADVANCED_FACE ( 'NONE', ( #758 ), #2906, .T. ) ;
#2883 = CARTESIAN_POINT ( 'NONE',  ( 0.02158028916098440200, -0.01672624454228162700, -0.7857373477115385800 ) ) ;
#2884 = CARTESIAN_POINT ( 'NONE',  ( 0.006423048454132595900, 0.09892304845413259200, -0.05999999999999999800 ) ) ;
#2885 = LINE ( 'NONE', #776, #3536 ) ;
#2886 = DIRECTION ( 'NONE',  ( -0.2588190451025213500, 0.0000000000000000000, 0.9659258262890682000 ) ) ;
#2887 = DATE_AND_TIME ( #2781, #2967 ) ;
#2888 = EDGE_CURVE ( 'NONE', #1790, #1723, #64, .T. ) ;
#2889 = CARTESIAN_POINT ( 'NONE',  ( 0.1359746688511091800, -0.03665853276877574500, -0.5800000000000178300 ) ) ;
#2890 = CARTESIAN_POINT ( 'NONE',  ( 0.09892304845413263400, -0.006423048454132250700, -0.05999999999999999800 ) ) ;
#2891 = PLANE ( 'NONE',  #2579 ) ;
#2892 = ORIENTED_EDGE ( 'NONE', *, *, #2029, .F. ) ;
#2893 = DIRECTION ( 'NONE',  ( -1.224646799147353200E-016, 1.000000000000000000, 0.0000000000000000000 ) ) ;
#2894 = EDGE_CURVE ( 'NONE', #3530, #2931, #2710, .T. ) ;
#2895 = CARTESIAN_POINT ( 'NONE',  ( 0.01606955890333754500, -0.01987768016020800800, -0.7924906111411916800 ) ) ;
#2896 = CARTESIAN_POINT ( 'NONE',  ( 0.1394342954146242700, 0.03735557041262335000, -0.5650078740157380400 ) ) ;
#2897 = PLANE ( 'NONE',  #483 ) ;
#2898 = CARTESIAN_POINT ( 'NONE',  ( 0.06761104722915198300, -0.1175311941594499300, -0.6024999999999947100 ) ) ;
#2899 = CARTESIAN_POINT ( 'NONE',  ( 0.09159182550861196000, -0.02000000000000000000, -1.053580696334676300 ) ) ;
#2900 =( BOUNDED_CURVE ( )  B_SPLINE_CURVE ( 3, ( #1408, #3670, #3379, #1119 ),
 .UNSPECIFIED., .F., .F. ) 
 B_SPLINE_CURVE_WITH_KNOTS ( ( 4, 4 ),
 ( 1.396327866592876200, 1.637722441074340100 ),
 .UNSPECIFIED. ) 
 CURVE ( )  GEOMETRIC_REPRESENTATION_ITEM ( )  RATIONAL_B_SPLINE_CURVE ( ( 1.000000000000000000, 0.9951499471396296800, 0.9951499471396296800, 1.000000000000000000 ) ) 
 REPRESENTATION_ITEM ( '' )  );
#2901 = ADVANCED_FACE ( 'NONE', ( #638 ), #3521, .T. ) ;
#2903 = DIRECTION ( 'NONE',  ( 1.000000000000000000, 0.0000000000000000000, 0.0000000000000000000 ) ) ;
#2902 = CARTESIAN_POINT ( 'NONE',  ( -0.07456818818717210500, -0.05714947895271667300, -0.4786674311232025400 ) ) ;
#2904 = DIRECTION ( 'NONE',  ( -1.782480073395987200E-014, -1.000000000000000000, 0.0000000000000000000 ) ) ;
#2905 = CARTESIAN_POINT ( 'NONE',  ( -0.01442738859787306600, 0.1110828879667234400, -0.7037499999999938800 ) ) ;
#2906 = CYLINDRICAL_SURFACE ( 'NONE', #373, 0.09374999999999998600 ) ;
#2907 = CARTESIAN_POINT ( 'NONE',  ( -0.01986709226469653100, 0.1526391623928974600, -0.5237578740157613500 ) ) ;
#2908 = DIRECTION ( 'NONE',  ( 9.036618661126526500E-016, -0.2588190451025213500, 0.9659258262890682000 ) ) ;
#2909 = FACE_OUTER_BOUND ( 'NONE', #1184, .T. ) ;
#2910 = CARTESIAN_POINT ( 'NONE',  ( 0.1150000000000001000, -0.02249999999999959700, 0.0000000000000000000 ) ) ;
#2911 = PLANE ( 'NONE',  #1319 ) ;
#2912 = ORIENTED_EDGE ( 'NONE', *, *, #1386, .F. ) ;
#2913 = EDGE_CURVE ( 'NONE', #3570, #485, #177, .T. ) ;
#2915 = DIRECTION ( 'NONE',  ( -0.0000000000000000000, 1.224646799147351000E-016, -1.000000000000000000 ) ) ;
#2914 = DIRECTION ( 'NONE',  ( 0.4687499999999996100, 0.8833308765689108500, 0.0000000000000000000 ) ) ;
#2916 = CARTESIAN_POINT ( 'NONE',  ( -0.07061773531639578500, 0.06196648695476719700, -0.5166093941912561800 ) ) ;
#2917 = ADVANCED_FACE ( 'NONE', ( #1388, #3557 ), #2911, .T. ) ;
#2918 = CARTESIAN_POINT ( 'NONE',  ( -0.09290306451990396100, 0.07153804305419829400, -0.6812499999999931400 ) ) ;
#2919 = DIRECTION ( 'NONE',  ( 3.372511997194915200E-015, -0.9659258262890682000, -0.2588190451025213500 ) ) ;
#2920 = ORIENTED_EDGE ( 'NONE', *, *, #2968, .F. ) ;
#2921 = ORIENTED_EDGE ( 'NONE', *, *, #3386, .T. ) ;
#2922 = ORIENTED_EDGE ( 'NONE', *, *, #550, .F. ) ;
#2923 = CARTESIAN_POINT ( 'NONE',  ( -0.08164346184201480600, -0.04687499999999997200, -0.1111420928350624500 ) ) ;
#2924 = SECURITY_CLASSIFICATION ( '', '', #2430 ) ;
#2925 = DIRECTION ( 'NONE',  ( -0.2505628070857321400, -0.2505628070857321400, 0.9351131265310291800 ) ) ;
#2926 = B_SPLINE_CURVE_WITH_KNOTS ( 'NONE', 3,
 ( #876, #1179, #1165, #1426, #3145, #2855, #1974, #2523, #3158, #848, #2002, #1990, #1, #1451, #293, #2270, #1412, #3450, #601, #26, #1684, #3661, #1694, #2238, #587, #3398, #2839, #279, #2551, #1153 ),
 .UNSPECIFIED., .F., .F.,
 ( 4, 2, 2, 2, 2, 2, 2, 2, 2, 2, 2, 2, 2, 2, 4 ),
 ( 0.01128732454269457800, 0.01177195278396633300, 0.01225658102523809000, 0.01274120926650984400, 0.01322583750778159900, 0.01371046574905335200, 0.01419509399032510600, 0.01516435047286861600, 0.01613360695541212600, 0.01661823519668388000, 0.01710286343795563300, 0.01758749167922738600, 0.01807211992049914000, 0.01855674816177089700, 0.01904137640304265000 ),
 .UNSPECIFIED. ) ;
#2927 = ORIENTED_EDGE ( 'NONE', *, *, #3354, .F. ) ;
#2928 = FACE_OUTER_BOUND ( 'NONE', #1036, .T. ) ;
#2929 = CARTESIAN_POINT ( 'NONE',  ( 0.1394342954150434300, 0.03735557041074347200, -0.5649999999999969500 ) ) ;
#2930 = CARTESIAN_POINT ( 'NONE',  ( -0.02249999999999999900, 0.1149999999999999900, 0.0000000000000000000 ) ) ;
#2931 = VERTEX_POINT ( 'NONE', #2660 ) ;
#2932 = CONICAL_SURFACE ( 'NONE', #305, 0.02828427124746187000, 0.04363323129985833400 ) ;
#2933 = DIRECTION ( 'NONE',  ( 0.0000000000000000000, 1.224646799147351000E-016, -1.000000000000000000 ) ) ;
#2934 = CARTESIAN_POINT ( 'NONE',  ( 0.09549999297457197100, -0.02578126593148404400, -0.7549999999999984500 ) ) ;
#2935 = CARTESIAN_POINT ( 'NONE',  ( -0.01129417392570130100, 0.09375000000000006900, -0.1374735205506437700 ) ) ;
#2936 = ORIENTED_EDGE ( 'NONE', *, *, #933, .T. ) ;
#2937 = CARTESIAN_POINT ( 'NONE',  ( -0.1023147461728469400, 0.05910022829194611100, -0.6774999999999961100 ) ) ;
#2938 = EDGE_CURVE ( 'NONE', #2637, #1570, #2082, .T. ) ;
#2939 = CARTESIAN_POINT ( 'NONE',  ( -0.1587293287161756800, -0.04260435046327208700, -0.4699999999999919200 ) ) ;
#2940 = CARTESIAN_POINT ( 'NONE',  ( 0.1095186519195739300, -0.08430717910263241200, -0.5912499999999918400 ) ) ;
#2941 = CARTESIAN_POINT ( 'NONE',  ( 0.1915918255086117800, 0.0000000000000000000, -1.053580696334676300 ) ) ;
#2942 = CARTESIAN_POINT ( 'NONE',  ( -0.04527930679094435700, -0.03465558525788086500, -0.6242626522884609000 ) ) ;
#2943 = FACE_OUTER_BOUND ( 'NONE', #2387, .T. ) ;
#2944 = CARTESIAN_POINT ( 'NONE',  ( 0.0000000000000000000, -0.2099999999999998500, -0.02000000000000005200 ) ) ;
#2945 = FACE_OUTER_BOUND ( 'NONE', #1704, .T. ) ;
#2946 = CARTESIAN_POINT ( 'NONE',  ( -0.05714678291363059500, 0.09937554070000688400, -0.6874999999999883400 ) ) ;
#2947 = VECTOR ( 'NONE', #1384, 39.37007874015748100 ) ;
#2948 = CARTESIAN_POINT ( 'NONE',  ( -0.006423048454132595900, 0.09892304845413259200, -0.05999999999999999800 ) ) ;
#2949 = FACE_OUTER_BOUND ( 'NONE', #1582, .T. ) ;
#2950 = CARTESIAN_POINT ( 'NONE',  ( 0.04879428296436281300, -0.1817622757278439200, -0.2449999999999983000 ) ) ;
#2951 = CARTESIAN_POINT ( 'NONE',  ( 0.1266090208885114200, 0.07284317937885062500, -0.5575000000000099900 ) ) ;
#2952 = CARTESIAN_POINT ( 'NONE',  ( 0.01442738859787299700, 0.1093513766354892300, -0.7112500000000059300 ) ) ;
#2953 = ORIENTED_EDGE ( 'NONE', *, *, #1979, .T. ) ;
#2954 = CARTESIAN_POINT ( 'NONE',  ( -0.02269296201332347100, 0.03959765091986303800, -0.6730126522884611900 ) ) ;
#2955 = CARTESIAN_POINT ( 'NONE',  ( -0.04007488712545801600, 0.1495529643711137300, -0.5150000000000016800 ) ) ;
#2956 = EDGE_LOOP ( 'NONE', ( #3405, #1947, #3663, #2289 ) ) ;
#2957 = CARTESIAN_POINT ( 'NONE',  ( -0.02427868788015461600, -0.09075744570793625700, -0.6325110829006708200 ) ) ;
#2958 = CARTESIAN_POINT ( 'NONE',  ( 0.09374618840921615500, -0.006187835874562668000, -0.2348456091913469800 ) ) ;
#2959 = VERTEX_POINT ( 'NONE', #3202 ) ;
#2960 = CARTESIAN_POINT ( 'NONE',  ( 0.08806766447690708700, 0.1526962579644353100, -0.3575000000000039800 ) ) ;
#2961 = CARTESIAN_POINT ( 'NONE',  ( 0.03463625370276403300, -0.1293156264603432200, -0.6100078740157556200 ) ) ;
#2962 = VECTOR ( 'NONE', #1440, 39.37007874015748100 ) ;
#2963 = DIRECTION ( 'NONE',  ( -1.000000000000000000, 0.0000000000000000000, -0.0000000000000000000 ) ) ;
#2964 = AXIS2_PLACEMENT_3D ( 'NONE', #2152, #702, #1810 ) ;
#2965 = CARTESIAN_POINT ( 'NONE',  ( -0.09374999999999998600, 0.0000000000000000000, -0.4630126522884891500 ) ) ;
#2966 = CARTESIAN_POINT ( 'NONE',  ( 0.1204703996121696300, -0.06956449259010749600, -0.5825000000000052400 ) ) ;
#2967 = LOCAL_TIME ( 9, 52, 58.00000000000000000, #3625 ) ;
#2968 = EDGE_CURVE ( 'NONE', #3194, #1750, #3479, .T. ) ;
#2969 = CARTESIAN_POINT ( 'NONE',  ( 0.02000000000000013600, -0.03295396400880989300, -1.167416699481685900 ) ) ;
#2970 = CARTESIAN_POINT ( 'NONE',  ( 0.09375377568306179900, 0.006071795388261747000, -0.2311827347406019700 ) ) ;
#2971 = CARTESIAN_POINT ( 'NONE',  ( -0.04631830996333079200, 0.1725490969234753400, -0.3349999999999983500 ) ) ;
#2972 = CARTESIAN_POINT ( 'NONE',  ( 0.04600097907679843300, 0.1709740795918846800, -0.3499999999999959300 ) ) ;
#2973 = ORIENTED_EDGE ( 'NONE', *, *, #703, .T. ) ;
#2974 = CARTESIAN_POINT ( 'NONE',  ( 0.01714724043411260100, -0.1318610251812086800, -0.6137578740157251200 ) ) ;
#2975 = B_SPLINE_CURVE_WITH_KNOTS ( 'NONE', 3,
 ( #1335, #2388, #727, #1583, #2718, #1854, #441, #3005, #3574, #1873 ),
 .UNSPECIFIED., .F., .F.,
 ( 4, 2, 2, 2, 4 ),
 ( 0.01146685359188072400, 0.01340366576824867700, 0.01437207185643265400, 0.01485627490052464700, 0.01534047794461664000 ),
 .UNSPECIFIED. ) ;
#2976 = CARTESIAN_POINT ( 'NONE',  ( 0.02556082356032273900, 0.1948761685391448000, -0.1662499999999989800 ) ) ;
#2977 = CARTESIAN_POINT ( 'NONE',  ( 0.008192068486217073800, -0.06344854987830461600, -0.5942626522884610900 ) ) ;
#2978 = CARTESIAN_POINT ( 'NONE',  ( 0.03937784948555074500, 0.1460933378139015700, -0.5300000000000401100 ) ) ;
#2979 = EDGE_CURVE ( 'NONE', #1494, #3504, #3104, .T. ) ;
#2980 = CARTESIAN_POINT ( 'NONE',  ( 0.02000000000000014300, -0.02352122704921201900, -1.184004612118490600 ) ) ;
#2981 = CARTESIAN_POINT ( 'NONE',  ( -0.008429828737856163600, -0.04687499999999997200, -0.09563802935418178100 ) ) ;
#2982 = CARTESIAN_POINT ( 'NONE',  ( 0.1679425075214605300, 0.04508032346317628800, -0.3799999999999849100 ) ) ;
#2983 = CARTESIAN_POINT ( 'NONE',  ( 0.0000000000000000000, 0.09159182550861172400, -1.053580696334676300 ) ) ;
#2984 = CARTESIAN_POINT ( 'NONE',  ( 0.05225952294754843800, -0.07743043358162402000, -0.7804982365266087700 ) ) ;
#2985 = CARTESIAN_POINT ( 'NONE',  ( 0.1720159973494678200, 0.02246524829091690900, -0.3887499999999787200 ) ) ;
#2986 = LINE ( 'NONE', #440, #3646 ) ;
#2987 = CARTESIAN_POINT ( 'NONE',  ( 0.006647369875915980600, 0.09375000000007449600, -0.7011434382777737000 ) ) ;
#2988 = CARTESIAN_POINT ( 'NONE',  ( 0.09375000000000009700, -4.163336342344340100E-017, -1.250000000000000000 ) ) ;
#2989 = LINE ( 'NONE', #3291, #3600 ) ;
#2990 = CARTESIAN_POINT ( 'NONE',  ( 0.02000000000000011800, -0.06741467499461295500, -1.099419164526294300 ) ) ;
#2991 = DIRECTION ( 'NONE',  ( 3.491481338843133700E-015, -1.000000000000000000, 0.0000000000000000000 ) ) ;
#2992 = VERTEX_POINT ( 'NONE', #1522 ) ;
#2993 = CARTESIAN_POINT ( 'NONE',  ( 0.1037376415102142800, -0.1350705198671852400, -0.4137500000000009500 ) ) ;
#2994 = CARTESIAN_POINT ( 'NONE',  ( 0.02850058263718827800, 0.1056186619480282800, -0.7149999999999723200 ) ) ;
#2995 = CARTESIAN_POINT ( 'NONE',  ( 0.1204703996121696300, -0.06956449259010749600, -0.5875078740157532200 ) ) ;
#2996 = ORIENTED_EDGE ( 'NONE', *, *, #2998, .T. ) ;
#2997 = PERSON_AND_ORGANIZATION_ROLE ( 'creator' ) ;
#2998 = EDGE_CURVE ( 'NONE', #3397, #3581, #222, .T. ) ;
#2999 = LINE ( 'NONE', #3117, #3665 ) ;
#3000 = CARTESIAN_POINT ( 'NONE',  ( -0.02249999999999999900, -0.1150000000000000200, 0.0000000000000000000 ) ) ;
#3001 = AXIS2_PLACEMENT_3D ( 'NONE', #1221, #1470, #1200 ) ;
#3002 = CARTESIAN_POINT ( 'NONE',  ( -0.02249999999999999900, -0.1150000000000000200, 0.0000000000000000000 ) ) ;
#3003 = CARTESIAN_POINT ( 'NONE',  ( -0.07031367964720824900, 0.09167870110794276700, -0.6887500000000039700 ) ) ;
#3004 = ORGANIZATION ( 'UNSPECIFIED', 'UNSPECIFIED', '' ) ;
#3005 = CARTESIAN_POINT ( 'NONE',  ( -0.02672841535995559800, 0.02000000000000015000, -1.178506986449193700 ) ) ;
#3006 = DIRECTION ( 'NONE',  ( -0.0000000000000000000, -1.224646799147351000E-016, 1.000000000000000000 ) ) ;
#3007 = ORIENTED_EDGE ( 'NONE', *, *, #3015, .T. ) ;
#3008 = ORIENTED_EDGE ( 'NONE', *, *, #2059, .T. ) ;
#3009 = CARTESIAN_POINT ( 'NONE',  ( 0.04703642837624058500, 0.08132609986448799400, -0.3403629698818675400 ) ) ;
#3010 = ORIENTED_EDGE ( 'NONE', *, *, #3045, .T. ) ;
#3011 = CARTESIAN_POINT ( 'NONE',  ( 0.02184613323280087600, -0.1672863067620254700, -0.4287499999999709300 ) ) ;
#3012 = ORIENTED_EDGE ( 'NONE', *, *, #2840, .T. ) ;
#3013 = CARTESIAN_POINT ( 'NONE',  ( -0.02434447656090374700, -0.09074114204100665300, -0.4246912597221985700 ) ) ;
#3014 = CARTESIAN_POINT ( 'NONE',  ( 0.009176270978464228300, 0.06970740619201887300, -0.3237500000000024800 ) ) ;
#3015 = EDGE_CURVE ( 'NONE', #2814, #240, #1216, .T. ) ;
#3016 = CARTESIAN_POINT ( 'NONE',  ( -0.1211773365095403400, 0.1577635803099373400, -0.1487499999999985200 ) ) ;
#3017 = EDGE_CURVE ( 'NONE', #1746, #1723, #1515, .T. ) ;
#3018 = CARTESIAN_POINT ( 'NONE',  ( -0.07454887051581429700, -0.05717498461167604800, -0.2598448521002502700 ) ) ;
#3019 = CARTESIAN_POINT ( 'NONE',  ( -0.02249999999999999900, 0.06496393230093142100, 0.0000000000000000000 ) ) ;
#3020 = VECTOR ( 'NONE', #1242, 39.37007874015748100 ) ;
#3021 = DIRECTION ( 'NONE',  ( 3.491481338843133000E-015, -1.000000000000000000, -0.0000000000000000000 ) ) ;
#3022 = CARTESIAN_POINT ( 'NONE',  ( -0.1157373309183940800, 0.03121989934649823200, -0.6650000000000138000 ) ) ;
#3023 = CYLINDRICAL_SURFACE ( 'NONE', #1185, 0.09374999999999998600 ) ;
#3024 = LINE ( 'NONE', #2822, #3439 ) ;
#3026 = DIRECTION ( 'NONE',  ( 0.0000000000000000000, 0.0000000000000000000, 1.000000000000000000 ) ) ;
#3025 = CARTESIAN_POINT ( 'NONE',  ( 0.02000000000000014300, -0.01999999999999995900, -1.189344184568247800 ) ) ;
#3027 = EDGE_CURVE ( 'NONE', #999, #2557, #1257, .T. ) ;
#3028 = DIRECTION ( 'NONE',  ( 0.0000000000000000000, -1.000000000000000000, 0.0000000000000000000 ) ) ;
#3029 = EDGE_CURVE ( 'NONE', #1547, #1231, #2332, .T. ) ;
#3030 = CARTESIAN_POINT ( 'NONE',  ( -0.04847695207623188600, -0.1801872583992002500, -0.2649999999999862500 ) ) ;
#3031 = CARTESIAN_POINT ( 'NONE',  ( 0.09314265800982397800, 0.01228612721410155000, -0.3671727921496532000 ) ) ;
#3032 = CARTESIAN_POINT ( 'NONE',  ( -0.006130936600629705700, 0.09375000000004873900, -0.1871666408777206100 ) ) ;
#3033 = CARTESIAN_POINT ( 'NONE',  ( 0.09951476254260899200, -0.003681136957221792100, -0.7500000000000002200 ) ) ;
#3034 = ORIENTED_EDGE ( 'NONE', *, *, #3199, .T. ) ;
#3035 = CARTESIAN_POINT ( 'NONE',  ( 0.07628747709889727200, -0.05876890701275998300, -0.7712499999999833400 ) ) ;
#3036 = ORIENTED_EDGE ( 'NONE', *, *, #3544, .T. ) ;
#3037 = PLANE ( 'NONE',  #190 ) ;
#3038 = CARTESIAN_POINT ( 'NONE',  ( -0.09283158838568796000, -0.1609617364694557700, -0.2724999999999883600 ) ) ;
#3039 = CARTESIAN_POINT ( 'NONE',  ( 0.02098357015699431300, -0.07827767886909838000, -0.2724999999999939100 ) ) ;
#3040 = CARTESIAN_POINT ( 'NONE',  ( -0.09283158838883751000, -0.1609617364707173500, -0.2725000000000138400 ) ) ;
#3041 = FACE_OUTER_BOUND ( 'NONE', #3500, .T. ) ;
#3042 = DIRECTION ( 'NONE',  ( 0.0000000000000000000, 1.000000000000000000, 1.224646799147351000E-016 ) ) ;
#3043 = EDGE_LOOP ( 'NONE', ( #2922, #2055, #991, #1422, #3615 ) ) ;
#3044 = CARTESIAN_POINT ( 'NONE',  ( 7.452950232620730600E-013, 0.09375000000000001400, -0.1889984184641610700 ) ) ;
#3045 = EDGE_CURVE ( 'NONE', #733, #3151, #1902, .T. ) ;
#3046 = CARTESIAN_POINT ( 'NONE',  ( -0.08605867871350940400, -0.03954064598360451700, -0.1091502493923791500 ) ) ;
#3047 = AXIS2_PLACEMENT_3D ( 'NONE', #2308, #3152, #2048 ) ;
#3048 = CARTESIAN_POINT ( 'NONE',  ( -0.07792261107874483300, -0.1012108582194245600, -0.6312500000000071900 ) ) ;
#3050 = DIRECTION ( 'NONE',  ( -0.0000000000000000000, -1.224646799147351000E-016, 1.000000000000000000 ) ) ;
#3049 = CARTESIAN_POINT ( 'NONE',  ( -7.602058000215550600E-032, 0.0000000000000000000, -1.397816317360098800 ) ) ;
#3051 = CARTESIAN_POINT ( 'NONE',  ( 0.02000000000000013200, -0.09159182550861177900, -1.250000000000000000 ) ) ;
#3052 = B_SPLINE_CURVE_WITH_KNOTS ( 'NONE', 3,
 ( #3653, #1401, #867, #1951 ),
 .UNSPECIFIED., .F., .F.,
 ( 4, 4 ),
 ( 0.0000000000000000000, 0.0002098932849498713500 ),
 .UNSPECIFIED. ) ;
#3053 = ORIENTED_EDGE ( 'NONE', *, *, #3506, .F. ) ;
#3054 = CARTESIAN_POINT ( 'NONE',  ( 0.0000000000000000000, 0.0000000000000000000, 0.0000000000000000000 ) ) ;
#3055 = CARTESIAN_POINT ( 'NONE',  ( 0.06901680163003798300, 0.05297513161254562000, -0.1662499999999970400 ) ) ;
#3056 = CARTESIAN_POINT ( 'NONE',  ( -0.04161812763031435400, -0.08423339296203087600, -0.2464467105904752900 ) ) ;
#3057 = CARTESIAN_POINT ( 'NONE',  ( 0.1909347596988875400, 0.02494170850858196100, -0.2087499999999943000 ) ) ;
#3058 = EDGE_CURVE ( 'NONE', #1916, #2559, #97, .T. ) ;
#3059 = DIRECTION ( 'NONE',  ( 0.0000000000000000000, 1.000000000000000000, 1.224646799147351000E-016 ) ) ;
#3060 = CARTESIAN_POINT ( 'NONE',  ( -0.07031367964720824900, 0.09167870110794276700, -0.6837500000000039700 ) ) ;
#3062 = CARTESIAN_POINT ( 'NONE',  ( -0.01999999999999995200, 0.03295396400881007300, -1.167416699481685700 ) ) ;
#3061 = CARTESIAN_POINT ( 'NONE',  ( 0.09314235702677063600, -0.01228560254577532600, -0.4126604115807333600 ) ) ;
#3063 = CARTESIAN_POINT ( 'NONE',  ( -0.008429828737856163600, -0.04687499999999997200, -0.09563802935418178100 ) ) ;
#3064 = CARTESIAN_POINT ( 'NONE',  ( -0.09585195171388938300, 0.1249098758742465100, -0.5037500000000089100 ) ) ;
#3065 = CARTESIAN_POINT ( 'NONE',  ( 0.0000000000000000000, 3.374459510989167300E-033, -2.755455298081539800E-017 ) ) ;
#3066 = EDGE_CURVE ( 'NONE', #3151, #1931, #748, .T. ) ;
#3067 = FACE_OUTER_BOUND ( 'NONE', #2038, .T. ) ;
#3068 = CARTESIAN_POINT ( 'NONE',  ( -0.06398919341255678000, 0.03694010986677175700, -0.2900000000000249600 ) ) ;
#3069 = CARTESIAN_POINT ( 'NONE',  ( 4.778036518924466700E-014, -0.09374999999999995800, -0.4170110707524127300 ) ) ;
#3070 = CARTESIAN_POINT ( 'NONE',  ( 0.1388526966099935000, 0.1066442573411826200, -0.3737499999999947000 ) ) ;
#3071 = VECTOR ( 'NONE', #2149, 39.37007874015748100 ) ;
#3072 = CARTESIAN_POINT ( 'NONE',  ( -0.07443709677822490900, 0.009795386028620066100, -0.3287500000000072600 ) ) ;
#3073 = CARTESIAN_POINT ( 'NONE',  ( -0.1191969575057628700, -0.03191693699528335600, -0.6499999999999671600 ) ) ;
#3075 = CARTESIAN_POINT ( 'NONE',  ( -0.01999999999999996200, 0.03595510759545817600, -1.161815373128291600 ) ) ;
#3074 = CARTESIAN_POINT ( 'NONE',  ( 0.05720846008928201500, 0.07452332058699315300, -0.3833321000310925300 ) ) ;
#3076 = ORIENTED_EDGE ( 'NONE', *, *, #1922, .T. ) ;
#3077 = CARTESIAN_POINT ( 'NONE',  ( 0.1678891227260012100, 0.09670619368370560200, -0.1974999999999914300 ) ) ;
#3078 = B_SPLINE_CURVE_WITH_KNOTS ( 'NONE', 3,
 ( #828, #3402, #580, #2541, #3121, #1431, #593, #3477, #1761, #2623 ),
 .UNSPECIFIED., .F., .F.,
 ( 4, 2, 2, 2, 4 ),
 ( 0.0000000000000000000, 0.0008833355081350008300, 0.001766671016270001700, 0.002650006524405002400, 0.003533342032540003300 ),
 .UNSPECIFIED. ) ;
#3079 = EDGE_CURVE ( 'NONE', #297, #2637, #499, .T. ) ;
#3080 = CARTESIAN_POINT ( 'NONE',  ( 0.09284624555087120400, 0.01298603816055229400, -0.7500000000000001100 ) ) ;
#3081 = CARTESIAN_POINT ( 'NONE',  ( 0.04081471515647429300, -0.07091657966879802400, -0.2149999999999767100 ) ) ;
#3082 = CARTESIAN_POINT ( 'NONE',  ( 0.09375334452321194800, -0.006093904170189422300, -0.5593659180932427600 ) ) ;
#3083 = CARTESIAN_POINT ( 'NONE',  ( 0.02184613323604167900, -0.1672863067628324900, -0.4337499999999765400 ) ) ;
#3084 = CARTESIAN_POINT ( 'NONE',  ( 0.05388809468554706800, 0.04134866826348256700, -0.3962499999999946600 ) ) ;
#3085 = EDGE_LOOP ( 'NONE', ( #2835, #647, #3610, #2314 ) ) ;
#3086 = CARTESIAN_POINT ( 'NONE',  ( 0.1507566261973787300, -0.1159215042121243000, -0.2262500000000231000 ) ) ;
#3087 = CARTESIAN_POINT ( 'NONE',  ( 0.04950825536548290900, -0.07914584340553408600, -0.7764803637152141200 ) ) ;
#3089 = CARTESIAN_POINT ( 'NONE',  ( 9.184850993605133600E-017, -4.078893220340665800E-032, -0.7500000000000001100 ) ) ;
#3088 = CARTESIAN_POINT ( 'NONE',  ( 0.06594347397489776200, 0.06696286826191598400, -0.7223784888045033900 ) ) ;
#3090 = EDGE_LOOP ( 'NONE', ( #2927, #1760, #3100, #111 ) ) ;
#3091 = CARTESIAN_POINT ( 'NONE',  ( 4.055086865595390600E-017, -0.09374999999999995800, -0.4529889292475724500 ) ) ;
#3092 = EDGE_CURVE ( 'NONE', #1566, #2325, #3434, .T. ) ;
#3093 = CARTESIAN_POINT ( 'NONE',  ( -0.02431890056013936600, 0.09074674950332560500, -0.6911441798756081700 ) ) ;
#3094 = DIRECTION ( 'NONE',  ( -0.0000000000000000000, 1.224646799147351000E-016, -1.000000000000000000 ) ) ;
#3095 = CARTESIAN_POINT ( 'NONE',  ( -0.1130148883758177000, -0.1469744494579524100, -0.2762499999999998300 ) ) ;
#3096 = CARTESIAN_POINT ( 'NONE',  ( -0.007938040882317417400, -0.06024802501979115800, -0.4637500000000041000 ) ) ;
#3097 = ORIENTED_EDGE ( 'NONE', *, *, #2169, .T. ) ;
#3098 = CARTESIAN_POINT ( 'NONE',  ( 0.1485635187100022600, -0.08568570252137225300, -0.4074999999999915400 ) ) ;
#3099 = CARTESIAN_POINT ( 'NONE',  ( 0.05225952294754843800, -0.07743043358162402000, -0.7754903625108605600 ) ) ;
#3100 = ORIENTED_EDGE ( 'NONE', *, *, #861, .F. ) ;
#3101 = ORIENTED_EDGE ( 'NONE', *, *, #2844, .T. ) ;
#3102 = CARTESIAN_POINT ( 'NONE',  ( -0.01999999999999995200, 0.05050495001344532800, -1.133579302811009500 ) ) ;
#3103 = CARTESIAN_POINT ( 'NONE',  ( 0.02886811137105149300, -0.007874445048756270600, -0.7405126522885106000 ) ) ;
#3104 = B_SPLINE_CURVE_WITH_KNOTS ( 'NONE', 3,
 ( #374, #3498, #2624, #1234, #2935, #2340 ),
 .UNSPECIFIED., .F., .F.,
 ( 4, 2, 4 ),
 ( 0.0000000000000000000, 0.0008901988261171196200, 0.001780397652234239200 ),
 .UNSPECIFIED. ) ;
#3105 = DIRECTION ( 'NONE',  ( -0.0000000000000000000, 1.224646799147351000E-016, -1.000000000000000000 ) ) ;
#3106 = CARTESIAN_POINT ( 'NONE',  ( 1.596388136598102700E-015, 0.09375000000000009700, -0.5102126903450984200 ) ) ;
#3107 = CARTESIAN_POINT ( 'NONE',  ( 0.04879428296165205800, -0.1817622757272162900, -0.2499999999999939200 ) ) ;
#3108 = CARTESIAN_POINT ( 'NONE',  ( -0.05127025596665388300, 0.1909754545328356300, -0.1550000000000094100 ) ) ;
#3109 = CARTESIAN_POINT ( 'NONE',  ( 0.1513581657070649200, 0.08717834586278706800, -0.3724999999999872300 ) ) ;
#3110 = LINE ( 'NONE', #1726, #1020 ) ;
#3112 = CARTESIAN_POINT ( 'NONE',  ( -0.01999999999999995900, 0.02000000000000012900, -1.053580696334676300 ) ) ;
#3111 = CARTESIAN_POINT ( 'NONE',  ( 0.07466986808082266800, 0.05706994205826100600, -0.7266085811626696900 ) ) ;
#3113 = EDGE_CURVE ( 'NONE', #2872, #1750, #1901, .T. ) ;
#3114 = CIRCLE ( 'NONE', #351, 0.03818733996404150000 ) ;
#3115 = CARTESIAN_POINT ( 'NONE',  ( -0.04527930679216474900, -0.03465558525705934900, -0.6582373477115059900 ) ) ;
#3116 = VECTOR ( 'NONE', #2794, 39.37007874015748100 ) ;
#3117 = CARTESIAN_POINT ( 'NONE',  ( -0.09159182550861176600, 0.02000000000000009400, -0.7500000000000001100 ) ) ;
#3118 = CARTESIAN_POINT ( 'NONE',  ( -0.04714461402005854600, 0.08194885710618027300, -0.3503487745143876200 ) ) ;
#3119 = EDGE_CURVE ( 'NONE', #3577, #1139, #1728, .T. ) ;
#3120 = FACE_OUTER_BOUND ( 'NONE', #1532, .T. ) ;
#3121 = CARTESIAN_POINT ( 'NONE',  ( 0.07002997309749871300, 0.06333910270073923900, -0.7337690684389380800 ) ) ;
#3122 = AXIS2_PLACEMENT_3D ( 'NONE', #3002, #2153, #3271 ) ;
#3123 = CARTESIAN_POINT ( 'NONE',  ( 0.03021705034172890800, -0.08895889072678712900, -0.2234180357828913200 ) ) ;
#3124 = CARTESIAN_POINT ( 'NONE',  ( 0.1679425075208535500, 0.04508032346307690200, -0.3800000000000128800 ) ) ;
#3125 = CARTESIAN_POINT ( 'NONE',  ( 0.0000000000000000000, 1.711831278850982800E-016, -1.397816317360098800 ) ) ;
#3126 = ORIENTED_EDGE ( 'NONE', *, *, #1894, .F. ) ;
#3127 = DIRECTION ( 'NONE',  ( 0.0000000000000000000, 1.000000000000000000, 1.224646799147351000E-016 ) ) ;
#3128 = ORIENTED_EDGE ( 'NONE', *, *, #102, .T. ) ;
#3129 = ADVANCED_FACE ( 'NONE', ( #410 ), #1064, .T. ) ;
#3130 = B_SPLINE_CURVE_WITH_KNOTS ( 'NONE', 3,
 ( #1183, #2708, #2990, #975, #2688, #2720, #2969, #1271, #2980, #1009 ),
 .UNSPECIFIED., .F., .F.,
 ( 4, 2, 2, 2, 4 ),
 ( 0.01146685359188072400, 0.01340366576824867900, 0.01437207185643265600, 0.01485627490052464900, 0.01534047794461664200 ),
 .UNSPECIFIED. ) ;
#3131 = CARTESIAN_POINT ( 'NONE',  ( -0.07142705127015036600, 0.05503365278356557600, -0.5157373477115140300 ) ) ;
#3132 = VERTEX_POINT ( 'NONE', #3019 ) ;
#3133 = CARTESIAN_POINT ( 'NONE',  ( 0.02000000000000010800, -0.08938155570362364700, -1.053580696334676300 ) ) ;
#3134 = CARTESIAN_POINT ( 'NONE',  ( 0.0000000000000000000, 1.530808498934188900E-016, -1.250000000000000000 ) ) ;
#3135 = DIRECTION ( 'NONE',  ( 0.0000000000000000000, 1.000000000000000000, 1.224646799147351000E-016 ) ) ;
#3136 = CARTESIAN_POINT ( 'NONE',  ( 0.09375070877287056100, 0.006096864203897136600, -0.1850986290224643500 ) ) ;
#3137 = EDGE_LOOP ( 'NONE', ( #1878, #1985, #1085, #1142 ) ) ;
#3138 = VECTOR ( 'NONE', #2866, 39.37007874015748100 ) ;
#3139 = CARTESIAN_POINT ( 'NONE',  ( -0.1568289972166188900, 0.09044962643116322100, -0.3125000000000249200 ) ) ;
#3140 = ORIENTED_EDGE ( 'NONE', *, *, #631, .F. ) ;
#3141 = VECTOR ( 'NONE', #1870, 39.37007874015748900 ) ;
#3142 = CARTESIAN_POINT ( 'NONE',  ( 0.1650944757235434100, -0.09521355034020725900, -0.2224999999999931800 ) ) ;
#3144 = CARTESIAN_POINT ( 'NONE',  ( 0.0000000000000000000, 2.449293598294705200E-018, -0.02000000000000002500 ) ) ;
#3143 = CARTESIAN_POINT ( 'NONE',  ( -0.08424681619930372800, -0.04158680231583122100, -0.4841409033840281000 ) ) ;
#3145 = CARTESIAN_POINT ( 'NONE',  ( 0.03021361873252353300, -0.08896110140003757300, -0.6164689140532519900 ) ) ;
#3146 = EDGE_CURVE ( 'NONE', #3651, #2265, #979, .T. ) ;
#3147 = CARTESIAN_POINT ( 'NONE',  ( -0.02987853950731942200, -0.05161468312568381200, -0.6469873477115156700 ) ) ;
#3148 = EDGE_CURVE ( 'NONE', #1151, #1139, #2581, .T. ) ;
#3149 = CARTESIAN_POINT ( 'NONE',  ( -0.1612964733957305300, 0.02123305377814755900, -0.4862589401677649400 ) ) ;
#3150 = AXIS2_PLACEMENT_3D ( 'NONE', #1835, #3537, #2776 ) ;
#3151 = VERTEX_POINT ( 'NONE', #3289 ) ;
#3152 = DIRECTION ( 'NONE',  ( 0.0000000000000000000, 0.0000000000000000000, 1.000000000000000000 ) ) ;
#3153 = CARTESIAN_POINT ( 'NONE',  ( 0.09374858055716704700, -0.01222639512128484800, -0.1908224355687279700 ) ) ;
#3154 = AXIS2_PLACEMENT_3D ( 'NONE', #2455, #516, #1159 ) ;
#3155 = CARTESIAN_POINT ( 'NONE',  ( 0.1153641048410307400, -0.1501992268260933200, -0.2337499999999960700 ) ) ;
#3157 = DIRECTION ( 'NONE',  ( 9.036618661126526500E-016, -0.2588190451025213500, 0.9659258262890682000 ) ) ;
#3156 = CARTESIAN_POINT ( 'NONE',  ( 1.042145333473934100E-012, 0.09375000000000009700, -0.7109871574287723900 ) ) ;
#3158 = CARTESIAN_POINT ( 'NONE',  ( 0.06197949126627234200, -0.07060573572137234000, -0.6057600541635781400 ) ) ;
#3159 = CARTESIAN_POINT ( 'NONE',  ( 0.01732408113049947000, -0.01926781108909470300, -0.7909889794263478300 ) ) ;
#3160 = CARTESIAN_POINT ( 'NONE',  ( 0.02000000000000007300, -0.09159182550861177900, -0.7500000000000001100 ) ) ;
#3161 = CARTESIAN_POINT ( 'NONE',  ( -0.08894138819891386800, 0.03026540227167206400, -0.3301782748010425600 ) ) ;
#3162 = VECTOR ( 'NONE', #1611, 39.37007874015748100 ) ;
#3163 = CARTESIAN_POINT ( 'NONE',  ( 0.08308281567370012800, -0.1082942884938068600, -0.5987500000000077800 ) ) ;
#3164 = DIRECTION ( 'NONE',  ( 0.0000000000000000000, 1.000000000000000000, 1.224646799147351200E-016 ) ) ;
#3165 =( BOUNDED_CURVE ( )  B_SPLINE_CURVE ( 3, ( #2725, #1318, #3321, #154 ),
 .UNSPECIFIED., .F., .T. ) 
 B_SPLINE_CURVE_WITH_KNOTS ( ( 4, 4 ),
 ( 3.700915057246098700, 4.224513832844397000 ),
 .UNSPECIFIED. ) 
 CURVE ( )  GEOMETRIC_REPRESENTATION_ITEM ( )  RATIONAL_B_SPLINE_CURVE ( ( 1.000000000000000000, 0.9772838841927120600, 0.9772838841927120600, 1.000000000000000000 ) ) 
 REPRESENTATION_ITEM ( '' )  );
#3166 = LINE ( 'NONE', #1672, #2947 ) ;
#3167 = EDGE_CURVE ( 'NONE', #3132, #667, #3331, .T. ) ;
#3169 = CARTESIAN_POINT ( 'NONE',  ( 0.02000000000000010800, -0.09159182550861177900, -1.053580696334676300 ) ) ;
#3168 = CARTESIAN_POINT ( 'NONE',  ( -0.09374999999999998600, -4.592425496802574200E-017, -0.4969873477115108200 ) ) ;
#3170 = FACE_OUTER_BOUND ( 'NONE', #952, .T. ) ;
#3171 = CARTESIAN_POINT ( 'NONE',  ( 2.372753173347997100E-017, -0.1937500000000000100, -0.1200000000000000600 ) ) ;
#3172 = ADVANCED_FACE ( 'NONE', ( #2472 ), #2932, .T. ) ;
#3173 = CARTESIAN_POINT ( 'NONE',  ( -0.04253685639908414600, 0.02464640737741968100, -0.6919873477115069400 ) ) ;
#3174 = CARTESIAN_POINT ( 'NONE',  ( -0.1261342393132010000, 0.09707631515257741900, -0.5012578740157446200 ) ) ;
#3175 = CARTESIAN_POINT ( 'NONE',  ( -0.05720142684199328700, -0.07452796582314985500, -0.2953327450094167500 ) ) ;
#3176 = EDGE_LOOP ( 'NONE', ( #380, #2026, #1616, #193, #1013, #1845, #1699, #34, #362 ) ) ;
#3177 = CARTESIAN_POINT ( 'NONE',  ( 0.03463625369997784500, -0.1293156264596979900, -0.6100000000000052000 ) ) ;
#3178 = AXIS2_PLACEMENT_3D ( 'NONE', #1772, #384, #2049 ) ;
#3179 = CARTESIAN_POINT ( 'NONE',  ( 0.08134964756905967200, -0.04700171364440080400, -0.2023451230452106000 ) ) ;
#3180 = ORIENTED_EDGE ( 'NONE', *, *, #2404, .F. ) ;
#3181 = ORIENTED_EDGE ( 'NONE', *, *, #2540, .F. ) ;
#3182 = DIRECTION ( 'NONE',  ( 0.9942282112502792700, 0.1072858982069401100, -0.0000000000000000000 ) ) ;
#3183 = ORIENTED_EDGE ( 'NONE', *, *, #1363, .T. ) ;
#3184 = CARTESIAN_POINT ( 'NONE',  ( -0.04696126342980392500, 0.08136955684865462800, -0.5255266886708250800 ) ) ;
#3185 = CARTESIAN_POINT ( 'NONE',  ( 0.01986709226469651400, 0.1509076510145122600, -0.5312578740157346500 ) ) ;
#3186 = CIRCLE ( 'NONE', #3393, 0.06613034342548929100 ) ;
#3187 = PLANE ( 'NONE',  #153 ) ;
#3188 = EDGE_CURVE ( 'NONE', #1230, #3194, #3338, .T. ) ;
#3189 = CARTESIAN_POINT ( 'NONE',  ( -0.1191969575061176000, -0.03191693699221046000, -0.6550000000000045800 ) ) ;
#3190 = DIRECTION ( 'NONE',  ( 0.0000000000000000000, -1.224646799147351000E-016, 1.000000000000000000 ) ) ;
#3191 = ADVANCED_FACE ( 'NONE', ( #2664 ), #2236, .T. ) ;
#3192 = PERSON_AND_ORGANIZATION ( #822, #3004 ) ;
#3193 = CARTESIAN_POINT ( 'NONE',  ( -0.08134902862353425600, 0.04700290733583303800, -0.6824596903707796900 ) ) ;
#3194 = VERTEX_POINT ( 'NONE', #3658 ) ;
#3195 = DIRECTION ( 'NONE',  ( 0.0000000000000000000, -0.0000000000000000000, 1.000000000000000000 ) ) ;
#3196 = ORIENTED_EDGE ( 'NONE', *, *, #2354, .T. ) ;
#3197 = CARTESIAN_POINT ( 'NONE',  ( 0.09029771396808705700, 0.05191465075641751200, -0.7375000000000203600 ) ) ;
#3198 = ORIENTED_EDGE ( 'NONE', *, *, #2621, .F. ) ;
#3199 = EDGE_CURVE ( 'NONE', #868, #2992, #2856, .T. ) ;
#3200 = PLANE ( 'NONE',  #3466 ) ;
#3201 = CARTESIAN_POINT ( 'NONE',  ( 0.0000000000000000000, 0.09374999999999998600, 1.148106374200641400E-017 ) ) ;
#3202 = CARTESIAN_POINT ( 'NONE',  ( 5.768882536971092700E-013, -0.09374999999999991700, -0.6046127664581292200 ) ) ;
#3203 = DIRECTION ( 'NONE',  ( -0.2588190451025213500, -9.036618661126526500E-016, 0.9659258262890682000 ) ) ;
#3204 = CARTESIAN_POINT ( 'NONE',  ( 0.1166020821851994800, 0.08946738369254699000, -0.5537499999999916400 ) ) ;
#3205 = VECTOR ( 'NONE', #273, 39.37007874015748100 ) ;
#3206 = DIRECTION ( 'NONE',  ( 3.491481338843133000E-015, -1.000000000000000000, 0.0000000000000000000 ) ) ;
#3207 = LINE ( 'NONE', #2186, #2528 ) ;
#3208 = VECTOR ( 'NONE', #1844, 39.37007874015747400 ) ;
#3209 = CARTESIAN_POINT ( 'NONE',  ( -0.1149999999999998900, -0.02250000000000040200, 0.0000000000000000000 ) ) ;
#3210 = CARTESIAN_POINT ( 'NONE',  ( -0.05256507587132994800, -0.01401011618742252700, -0.6355126522885004000 ) ) ;
#3211 = LINE ( 'NONE', #998, #1224 ) ;
#3212 = DIRECTION ( 'NONE',  ( 0.0000000000000000000, 1.000000000000000000, 1.233125830473452300E-016 ) ) ;
#3213 = EDGE_CURVE ( 'NONE', #1823, #3530, #3024, .T. ) ;
#3214 = AXIS2_PLACEMENT_3D ( 'NONE', #3051, #220, #3624 ) ;
#3215 = CARTESIAN_POINT ( 'NONE',  ( 0.09895961959908158900, 0.02647830358567273400, -0.7449999999999794600 ) ) ;
#3216 = CARTESIAN_POINT ( 'NONE',  ( -0.1583209796777923500, 0.1217347358802212300, -0.1362500000000042800 ) ) ;
#3217 = CARTESIAN_POINT ( 'NONE',  ( 0.06761104722636579500, -0.1175311941588047100, -0.6024999999999923700 ) ) ;
#3218 = ORIENTED_EDGE ( 'NONE', *, *, #906, .T. ) ;
#3219 = ORIENTED_EDGE ( 'NONE', *, *, #2290, .F. ) ;
#3220 = ORIENTED_EDGE ( 'NONE', *, *, #1228, .T. ) ;
#3221 = DIRECTION ( 'NONE',  ( -0.2505628070857312500, -0.2505628070857330300, 0.9351131265310291800 ) ) ;
#3222 = CARTESIAN_POINT ( 'NONE',  ( -0.02216806636387417400, 0.08292108271631544500, -0.5005126522884980600 ) ) ;
#3223 = ORIENTED_EDGE ( 'NONE', *, *, #1113, .F. ) ;
#3224 = CARTESIAN_POINT ( 'NONE',  ( -0.02249999999999999900, -0.1150000000000000200, 0.0000000000000000000 ) ) ;
#3225 = CARTESIAN_POINT ( 'NONE',  ( -0.01442738859387247500, 0.1110828879663957000, -0.6987499999999948800 ) ) ;
#3226 = VERTEX_POINT ( 'NONE', #1944 ) ;
#3227 = FACE_OUTER_BOUND ( 'NONE', #1353, .T. ) ;
#3228 = CARTESIAN_POINT ( 'NONE',  ( 0.05917167300444100400, -0.07312163706760210800, -0.7780032634296807400 ) ) ;
#3229 = CARTESIAN_POINT ( 'NONE',  ( -0.04631830996333079200, 0.1725490969234753400, -0.3349999999999983500 ) ) ;
#3230 = CARTESIAN_POINT ( 'NONE',  ( 0.1422500937857686100, 0.01850716635041843900, -0.5687499999999792200 ) ) ;
#3231 = CARTESIAN_POINT ( 'NONE',  ( 0.08337090741655031600, 0.06392911163387829400, -0.7337500000000128900 ) ) ;
#3232 = CARTESIAN_POINT ( 'NONE',  ( 0.06189489414949218100, 0.04742472131672749400, -0.5342626522884909000 ) ) ;
#3233 = VERTEX_POINT ( 'NONE', #846 ) ;
#3234 = CARTESIAN_POINT ( 'NONE',  ( -0.01229761962285893400, -0.09314041651303924000, -0.6289609436201515400 ) ) ;
#3235 = CARTESIAN_POINT ( 'NONE',  ( 0.09075594257317788600, 0.02428700193003420100, -0.2256691955624185700 ) ) ;
#3236 = ORIENTED_EDGE ( 'NONE', *, *, #1732, .F. ) ;
#3237 = APPLICATION_PROTOCOL_DEFINITION ( 'international standard', 'config_control_design', 1994, #3527 ) ;
#3238 = EDGE_CURVE ( 'NONE', #2355, #2131, #1811, .T. ) ;
#3239 = CARTESIAN_POINT ( 'NONE',  ( -0.04847695207938142200, -0.1801872584004618200, -0.2600000000000116100 ) ) ;
#3240 = CARTESIAN_POINT ( 'NONE',  ( -0.1023147461747602200, 0.05910022828911001800, -0.6775078740157344200 ) ) ;
#3241 = AXIS2_PLACEMENT_3D ( 'NONE', #1520, #2933, #1804 ) ;
#3242 = CARTESIAN_POINT ( 'NONE',  ( -0.09892304845413256400, -0.006423048454132942000, -0.05999999999999999800 ) ) ;
#3243 = CARTESIAN_POINT ( 'NONE',  ( -0.07884816330893791600, 0.04557493590875962000, -0.4780126522885063100 ) ) ;
#3244 = CARTESIAN_POINT ( 'NONE',  ( 0.06761104722636579500, -0.1175311941588047100, -0.5974999999999924800 ) ) ;
#3245 = VECTOR ( 'NONE', #3330, 39.37007874015748100 ) ;
#3246 = DIRECTION ( 'NONE',  ( 0.0000000000000000000, 1.000000000000000000, 0.0000000000000000000 ) ) ;
#3247 = CARTESIAN_POINT ( 'NONE',  ( -0.1023147461747602200, 0.05910022828911001800, -0.6724999999999863300 ) ) ;
#3248 = VECTOR ( 'NONE', #2180, 39.37007874015748100 ) ;
#3249 = DIRECTION ( 'NONE',  ( 0.0000000000000000000, 1.000000000000000000, 0.0000000000000000000 ) ) ;
#3250 = VECTOR ( 'NONE', #2698, 39.37007874015748100 ) ;
#3251 = CARTESIAN_POINT ( 'NONE',  ( -0.1755806689955528300, 0.04723896557776362200, -0.3049999999999843400 ) ) ;
#3252 = CARTESIAN_POINT ( 'NONE',  ( 0.05386809613607232400, 0.09323691946113023300, -0.7225078740157757600 ) ) ;
#3253 = CARTESIAN_POINT ( 'NONE',  ( 0.1485635187082081400, -0.08568570252389760800, -0.4075000000000250100 ) ) ;
#3254 = CARTESIAN_POINT ( 'NONE',  ( -0.1214719565754471400, -0.01578731451860129400, -0.6587499999999944000 ) ) ;
#3255 = ORIENTED_EDGE ( 'NONE', *, *, #1417, .T. ) ;
#3256 = CARTESIAN_POINT ( 'NONE',  ( 0.06515347503467211500, 0.08459527080995574200, -0.7212499999999867400 ) ) ;
#3257 = CARTESIAN_POINT ( 'NONE',  ( 0.1394342954146242700, 0.03735557041262335000, -0.5599999999999900600 ) ) ;
#3258 = EDGE_CURVE ( 'NONE', #1402, #1823, #1839, .T. ) ;
#3259 = ORIENTED_EDGE ( 'NONE', *, *, #2540, .T. ) ;
#3260 = CARTESIAN_POINT ( 'NONE',  ( -0.1430926871981451600, -0.08241442195122805600, -0.4625000000000080200 ) ) ;
#3261 = ORIENTED_EDGE ( 'NONE', *, *, #531, .T. ) ;
#3262 = CARTESIAN_POINT ( 'NONE',  ( 0.1678891227260012100, 0.09670619368370560200, -0.1924999999999914300 ) ) ;
#3263 = ORIENTED_EDGE ( 'NONE', *, *, #1753, .T. ) ;
#3264 = CARTESIAN_POINT ( 'NONE',  ( 0.1394342954146242700, 0.03735557041262335000, -0.5649999999999900700 ) ) ;
#3265 = CARTESIAN_POINT ( 'NONE',  ( -0.1996057734679841100, 0.02618562741723299400, -0.1212508147897898800 ) ) ;
#3266 = ORIENTED_EDGE ( 'NONE', *, *, #3092, .F. ) ;
#3267 = CARTESIAN_POINT ( 'NONE',  ( -0.1583209796781268300, 0.1217347358777297500, -0.1412500000000015100 ) ) ;
#3268 = CARTESIAN_POINT ( 'NONE',  ( -0.05718388761785154300, -0.07454140051285437800, -0.4361790679907789300 ) ) ;
#3269 = CARTESIAN_POINT ( 'NONE',  ( 7.256471233170699500E-017, -0.09374999999999995800, -1.053580696334676300 ) ) ;
#3270 = CARTESIAN_POINT ( 'NONE',  ( -0.1013884250432930800, -0.1318457424925838000, -0.4512499999999716700 ) ) ;
#3271 = DIRECTION ( 'NONE',  ( 0.0000000000000000000, 0.2588190451025213500, -0.9659258262890682000 ) ) ;
#3272 = VERTEX_POINT ( 'NONE', #1152 ) ;
#3273 = CARTESIAN_POINT ( 'NONE',  ( -0.02919762029080394700, 0.1090782885511495000, -0.7000000000000116100 ) ) ;
#3274 = ORIENTED_EDGE ( 'NONE', *, *, #3258, .F. ) ;
#3275 = CARTESIAN_POINT ( 'NONE',  ( -0.05127025596630544600, 0.1909754545317655600, -0.1550000000000024400 ) ) ;
#3276 = CARTESIAN_POINT ( 'NONE',  ( -0.04152496004537047800, -0.08427557535872760900, -0.4304210950789123500 ) ) ;
#3277 = ORIENTED_EDGE ( 'NONE', *, *, #3167, .F. ) ;
#3278 = CARTESIAN_POINT ( 'NONE',  ( 0.09887048033961481900, -0.008649011361355082900, -0.7500000000000031100 ) ) ;
#3279 = CARTESIAN_POINT ( 'NONE',  ( -0.09314197906837087800, 0.01231566315029043000, -0.1486787723400785600 ) ) ;
#3280 = CARTESIAN_POINT ( 'NONE',  ( -0.1464170500878596300, -0.1124574890092518700, -0.2787500000000003900 ) ) ;
#3281 = CARTESIAN_POINT ( 'NONE',  ( -0.1468749999999999800, 0.0000000000000000000, -0.1337500000000000400 ) ) ;
#3282 = CARTESIAN_POINT ( 'NONE',  ( -0.1084533674293893000, -0.06237891507149882800, -0.6475000000000328300 ) ) ;
#3283 = AXIS2_PLACEMENT_3D ( 'NONE', #897, #1163, #874 ) ;
#3284 = FACE_OUTER_BOUND ( 'NONE', #2657, .T. ) ;
#3285 = DIRECTION ( 'NONE',  ( -0.0000000000000000000, -1.224646799147351000E-016, 1.000000000000000000 ) ) ;
#3286 = VECTOR ( 'NONE', #386, 39.37007874015748100 ) ;
#3287 = VECTOR ( 'NONE', #1490, 39.37007874015748100 ) ;
#3288 = CARTESIAN_POINT ( 'NONE',  ( 0.05718981837355113800, 0.07453646616228944100, -0.3441783003414563000 ) ) ;
#3289 = CARTESIAN_POINT ( 'NONE',  ( 7.452950232620730600E-013, 0.09375000000000001400, -0.1889984184641610700 ) ) ;
#3290 = EDGE_LOOP ( 'NONE', ( #2145, #9, #650, #1091 ) ) ;
#3291 = CARTESIAN_POINT ( 'NONE',  ( -1.196291999465801000E-062, -2.693810101510244500E-047, -1.250000000000000000 ) ) ;
#3293 = DIRECTION ( 'NONE',  ( 0.9659258262890682000, 0.0000000000000000000, -0.2588190451025213500 ) ) ;
#3292 = CARTESIAN_POINT ( 'NONE',  ( 0.06741467499461305200, -0.01999999999999998700, -1.099419164526294300 ) ) ;
#3294 = CARTESIAN_POINT ( 'NONE',  ( 0.006423048454132595900, 0.06581767824930485900, -0.05999999999999999800 ) ) ;
#3295 = CARTESIAN_POINT ( 'NONE',  ( 0.05572371490190879800, -0.03217618596817439800, -0.3800000000000078300 ) ) ;
#3296 = VERTEX_POINT ( 'NONE', #1930 ) ;
#3297 = VERTEX_POINT ( 'NONE', #859 ) ;
#3298 = CARTESIAN_POINT ( 'NONE',  ( -0.1568289972158876400, 0.09044962643377124600, -0.3175000000000149400 ) ) ;
#3299 = ORIENTED_EDGE ( 'NONE', *, *, #102, .F. ) ;
#3300 = CARTESIAN_POINT ( 'NONE',  ( 0.0000000000000000000, 9.184850993605133600E-017, -0.7500000000000001100 ) ) ;
#3301 = EDGE_CURVE ( 'NONE', #1139, #513, #1100, .T. ) ;
#3302 = CARTESIAN_POINT ( 'NONE',  ( 0.09990624678928700100, 0.001313033121909504800, -0.7499999999999998900 ) ) ;
#3303 = AXIS2_PLACEMENT_3D ( 'NONE', #233, #2269, #1473 ) ;
#3304 = CARTESIAN_POINT ( 'NONE',  ( 0.1394342954146242700, 0.03735557041262335000, -0.5599999999999900600 ) ) ;
#3305 = EDGE_LOOP ( 'NONE', ( #3255, #3491, #1503, #924 ) ) ;
#3307 = CARTESIAN_POINT ( 'NONE',  ( 1.530808498934188900E-016, -3.399077683617220100E-032, -1.250000000000000000 ) ) ;
#3306 = CARTESIAN_POINT ( 'NONE',  ( 0.02352122704921223700, -0.01999999999999996900, -1.184004612118490000 ) ) ;
#3308 = VERTEX_POINT ( 'NONE', #1409 ) ;
#3309 = ORIENTED_EDGE ( 'NONE', *, *, #1478, .F. ) ;
#3310 = VECTOR ( 'NONE', #3458, 39.37007874015748100 ) ;
#3311 = AXIS2_PLACEMENT_3D ( 'NONE', #2739, #2184, #1040 ) ;
#3312 = ORIENTED_EDGE ( 'NONE', *, *, #2294, .F. ) ;
#3313 = CARTESIAN_POINT ( 'NONE',  ( -0.007120500785191000900, 1.512108187364328500E-016, -1.234730036788664200 ) ) ;
#3314 = CARTESIAN_POINT ( 'NONE',  ( 0.05851836189962123000, 0.03366882930656326500, -0.3499999999999872100 ) ) ;
#3315 = CARTESIAN_POINT ( 'NONE',  ( 0.08806766447906783100, 0.1526962579622682100, -0.3624999999999867800 ) ) ;
#3316 = CARTESIAN_POINT ( 'NONE',  ( -0.04701344307963529300, -0.08133954907484874900, -0.2483515005721938800 ) ) ;
#3317 = ORIENTED_EDGE ( 'NONE', *, *, #2733, .T. ) ;
#3318 = CARTESIAN_POINT ( 'NONE',  ( 0.1000200907000127200, 0.008751143134760977800, -0.7500000000027700100 ) ) ;
#3319 = CARTESIAN_POINT ( 'NONE',  ( 0.05917970740085899000, -0.07311571244295292400, -0.7780002408710083900 ) ) ;
#3321 = CARTESIAN_POINT ( 'NONE',  ( -0.09374999999999998600, -0.01655219182527493600, -0.1383947201743103200 ) ) ;
#3320 =( NAMED_UNIT ( * ) SI_UNIT ( $, .STERADIAN. ) SOLID_ANGLE_UNIT ( ) );
#3322 = VERTEX_POINT ( 'NONE', #343 ) ;
#3323 = CARTESIAN_POINT ( 'NONE',  ( -0.1806870967772481200, 0.02370347839760393200, -0.3062500000000022400 ) ) ;
#3324 = CARTESIAN_POINT ( 'NONE',  ( 0.03463625370330653700, -0.1293156264608023000, -0.6050000000000032000 ) ) ;
#3325 = CARTESIAN_POINT ( 'NONE',  ( -0.01850759714766818000, 0.06906450007005281200, -0.3125000000000252600 ) ) ;
#3326 = CARTESIAN_POINT ( 'NONE',  ( -0.04771929930584135900, -0.06200984752577935000, -0.2987499999999998500 ) ) ;
#3327 = CARTESIAN_POINT ( 'NONE',  ( -0.1814753785261317400, -0.02370347840012974200, -0.2987499999999928000 ) ) ;
#3328 = DIRECTION ( 'NONE',  ( 1.414962237524463800E-014, -1.000000000000000000, 0.0000000000000000000 ) ) ;
#3329 = AXIS2_PLACEMENT_3D ( 'NONE', #646, #2622, #3495 ) ;
#3330 = DIRECTION ( 'NONE',  ( 0.0000000000000000000, -1.000000000000000000, 0.0000000000000000000 ) ) ;
#3331 = CIRCLE ( 'NONE', #3154, 0.06875000000000000600 ) ;
#3332 = CARTESIAN_POINT ( 'NONE',  ( 0.1000371093269944600, 0.003789238019780344800, -0.7499999999999998900 ) ) ;
#3333 = CARTESIAN_POINT ( 'NONE',  ( -0.09998649480054265500, -0.07669824765986302300, -0.6387499999999929300 ) ) ;
#3334 = LINE ( 'NONE', #3659, #983 ) ;
#3335 = PERSON_AND_ORGANIZATION_ROLE ( 'design_owner' ) ;
#3336 = APPROVAL ( #3514, 'UNSPECIFIED' ) ;
#3337 = DIRECTION ( 'NONE',  ( 0.0000000000000000000, -1.000000000000000000, -1.224646799147351000E-016 ) ) ;
#3338 = B_SPLINE_CURVE_WITH_KNOTS ( 'NONE', 3,
 ( #2117, #2987, #1915, #2506, #3621, #2476, #250, #535, #3088, #3111, #3380, #1425, #3394, #1110, #3672, #547, #218, #809 ),
 .UNSPECIFIED., .F., .F.,
 ( 4, 2, 2, 2, 2, 2, 2, 2, 4 ),
 ( 0.01952860653135109600, 0.02005592175510248100, 0.02058323697885386700, 0.02111055220260525300, 0.02163786742635663600, 0.02216518265010802200, 0.02269249787385940700, 0.02321981309761079300, 0.02374712832136217900 ),
 .UNSPECIFIED. ) ;
#3339 = LINE ( 'NONE', #3281, #1124 ) ;
#3340 = CARTESIAN_POINT ( 'NONE',  ( -0.09998649479995327900, -0.07669824765980576300, -0.6387499999999717300 ) ) ;
#3341 = CARTESIAN_POINT ( 'NONE',  ( 0.02249999999999999900, 0.06496393230093142100, 0.0000000000000000000 ) ) ;
#3342 = CARTESIAN_POINT ( 'NONE',  ( -0.05763434692898335200, -0.07494349921541576500, -0.6242898532694118900 ) ) ;
#3343 = ORIENTED_EDGE ( 'NONE', *, *, #1586, .F. ) ;
#3344 = ORIENTED_EDGE ( 'NONE', *, *, #2938, .F. ) ;
#3345 = CARTESIAN_POINT ( 'NONE',  ( -0.09374999999999997200, 0.0000000000000000000, -0.09500000000000001500 ) ) ;
#3346 = CARTESIAN_POINT ( 'NONE',  ( -0.04692039123933346900, 0.08139660924379463200, -0.3096981341276202600 ) ) ;
#3347 = CARTESIAN_POINT ( 'NONE',  ( 0.02432259345444437100, -0.1862050691129992200, -0.2537499999999961500 ) ) ;
#3348 = DIRECTION ( 'NONE',  ( 1.000000000000000000, 3.491481338843133700E-015, 0.0000000000000000000 ) ) ;
#3349 = CARTESIAN_POINT ( 'NONE',  ( -0.1621624753043566800, 0.0000000000000000000, -0.4775000000000000400 ) ) ;
#3350 = EDGE_LOOP ( 'NONE', ( #2051, #1454, #2702, #1312 ) ) ;
#3352 = DIRECTION ( 'NONE',  ( -0.0000000000000000000, 1.224646799147351000E-016, -1.000000000000000000 ) ) ;
#3351 = CARTESIAN_POINT ( 'NONE',  ( 0.006111713838469895500, 0.09375000000000020800, -0.3668181266061089600 ) ) ;
#3353 = CARTESIAN_POINT ( 'NONE',  ( 0.09432423172854848000, -0.1637563834704750000, -0.2425000000000016900 ) ) ;
#3354 = EDGE_CURVE ( 'NONE', #3568, #579, #1322, .T. ) ;
#3355 = ORIENTED_EDGE ( 'NONE', *, *, #3412, .T. ) ;
#3356 = CARTESIAN_POINT ( 'NONE',  ( 0.09069174712678498800, 0.1178264456164934400, -0.5412499999999981200 ) ) ;
#3357 = DIRECTION ( 'NONE',  ( -1.000000000000000000, 1.598721155460225400E-014, 0.0000000000000000000 ) ) ;
#3358 = ORIENTED_EDGE ( 'NONE', *, *, #955, .F. ) ;
#3359 = CARTESIAN_POINT ( 'NONE',  ( -0.06496393230093135100, -0.02250000000000022500, 0.0000000000000000000 ) ) ;
#3360 = ORIENTED_EDGE ( 'NONE', *, *, #1979, .F. ) ;
#3361 = CARTESIAN_POINT ( 'NONE',  ( -0.08052015043490595700, 0.04646795766681207500, -0.1100000000000019300 ) ) ;
#3362 = CARTESIAN_POINT ( 'NONE',  ( -2.204195730879077300E-013, 0.09375000000000006900, -0.3250079076802374600 ) ) ;
#3363 = DIRECTION ( 'NONE',  ( -2.220446049250312600E-016, -1.000000000000000000, -0.0000000000000000000 ) ) ;
#3364 = CARTESIAN_POINT ( 'NONE',  ( 0.03128686735775090800, -0.05438562264164896500, -0.4450000000000057800 ) ) ;
#3365 = CARTESIAN_POINT ( 'NONE',  ( 0.1863688651291126600, 0.05003226946488577300, -0.2000000000000085600 ) ) ;
#3366 = AXIS2_PLACEMENT_3D ( 'NONE', #206, #741, #1339 ) ;
#3367 = CARTESIAN_POINT ( 'NONE',  ( 0.09549999297472075400, -0.02578126593067899300, -0.7599999999999961200 ) ) ;
#3369 = CARTESIAN_POINT ( 'NONE',  ( -0.09374999999999998600, -4.592425496802573600E-017, -0.4630126522884891500 ) ) ;
#3368 = CARTESIAN_POINT ( 'NONE',  ( 0.07059514113293556500, -0.06199056544431374300, -0.4291718635679841500 ) ) ;
#3370 = CARTESIAN_POINT ( 'NONE',  ( 0.1847938477999839500, -0.04971493857908534900, -0.2200000000000116300 ) ) ;
#3371 = VERTEX_POINT ( 'NONE', #3156 ) ;
#3372 = DIRECTION ( 'NONE',  ( -0.0000000000000000000, 1.224646799147351000E-016, -1.000000000000000000 ) ) ;
#3373 = CARTESIAN_POINT ( 'NONE',  ( 0.05353253098159010300, 0.06957420099908248600, -0.1587500000000029700 ) ) ;
#3374 = PLANE ( 'NONE',  #2459 ) ;
#3375 = CARTESIAN_POINT ( 'NONE',  ( -0.1771556863268759800, -0.04755629646145594800, -0.2949999999999935500 ) ) ;
#3376 = VERTEX_POINT ( 'NONE', #60 ) ;
#3377 = CARTESIAN_POINT ( 'NONE',  ( 0.06445791067128842100, 0.01726961064110125700, -0.4075000000000312300 ) ) ;
#3378 = CARTESIAN_POINT ( 'NONE',  ( 0.02556082356042554300, 0.1948761685389797700, -0.1662500000000032800 ) ) ;
#3379 = CARTESIAN_POINT ( 'NONE',  ( -0.06617351436309641700, 0.01180387163263050600, -0.03991849451130071600 ) ) ;
#3381 = CARTESIAN_POINT ( 'NONE',  ( 0.09375000000000002800, -4.163336342344337600E-017, -0.7500000000000001100 ) ) ;
#3380 = CARTESIAN_POINT ( 'NONE',  ( 0.07855062772463807000, 0.05160505862619052500, -0.7287454821303432900 ) ) ;
#3382 = ADVANCED_FACE ( 'NONE', ( #2731 ), #2033, .F. ) ;
#3383 = CARTESIAN_POINT ( 'NONE',  ( -0.02556082356042557000, 0.1956644502871050800, -0.1637499999999967600 ) ) ;
#3384 = CARTESIAN_POINT ( 'NONE',  ( -0.02249999999999999900, -0.1150000000000000200, 0.0000000000000000000 ) ) ;
#3385 = VECTOR ( 'NONE', #1479, 39.37007874015748100 ) ;
#3386 = EDGE_CURVE ( 'NONE', #168, #3376, #2357, .T. ) ;
#3387 = DIRECTION ( 'NONE',  ( 9.036618661126526500E-016, -0.2588190451025213500, -0.9659258262890682000 ) ) ;
#3388 = LINE ( 'NONE', #370, #2304 ) ;
#3389 = CARTESIAN_POINT ( 'NONE',  ( -0.07367108947065767500, -0.01974558365222169000, -0.3174999999999935700 ) ) ;
#3390 = VECTOR ( 'NONE', #1957, 39.37007874015748100 ) ;
#3391 = CARTESIAN_POINT ( 'NONE',  ( -0.08330374056574210700, -0.1444307794560929200, -0.4525000000000091700 ) ) ;
#3392 = CARTESIAN_POINT ( 'NONE',  ( 0.05917970740085899000, -0.07311571244295292400, -0.7730002408710082700 ) ) ;
#3393 = AXIS2_PLACEMENT_3D ( 'NONE', #2797, #2198, #3357 ) ;
#3395 = CARTESIAN_POINT ( 'NONE',  ( -0.06193931325554206300, 0.07064208166813301700, -0.4885850685586514700 ) ) ;
#3394 = CARTESIAN_POINT ( 'NONE',  ( 0.08764422052651270300, 0.03393074458342521000, -0.7351102875778293700 ) ) ;
#3396 = LINE ( 'NONE', #1030, #3250 ) ;
#3397 = VERTEX_POINT ( 'NONE', #3408 ) ;
#3398 = CARTESIAN_POINT ( 'NONE',  ( 0.03021534188854006100, 0.08895997101337918500, -0.5487062224804193400 ) ) ;
#3399 = DIRECTION ( 'NONE',  ( 0.0000000000000000000, 1.000000000000000000, 1.224646799147351000E-016 ) ) ;
#3400 = CARTESIAN_POINT ( 'NONE',  ( -0.04704044458661232900, -0.08132415075234632200, -0.2916806081688536600 ) ) ;
#3401 = ADVANCED_FACE ( 'NONE', ( #2281, #2928 ), #3448, .T. ) ;
#3402 = CARTESIAN_POINT ( 'NONE',  ( 0.09128212847393883700, 0.02416900223318338400, -0.7467177815774402900 ) ) ;
#3403 = ORIENTED_EDGE ( 'NONE', *, *, #1968, .T. ) ;
#3404 = CARTESIAN_POINT ( 'NONE',  ( -0.1013884250412637200, -0.1318457424951701700, -0.4562500000000139200 ) ) ;
#3405 = ORIENTED_EDGE ( 'NONE', *, *, #2894, .T. ) ;
#3406 = CARTESIAN_POINT ( 'NONE',  ( -0.04352500607659955800, -0.1617609007866295000, -0.4449999999999907400 ) ) ;
#3407 = CARTESIAN_POINT ( 'NONE',  ( 0.04384233696304296000, -0.1633359181183370900, -0.4249999999999892800 ) ) ;
#3409 = DIRECTION ( 'NONE',  ( 3.491481338843133000E-015, -1.000000000000000000, 0.0000000000000000000 ) ) ;
#3408 = CARTESIAN_POINT ( 'NONE',  ( -0.1621624753043566800, -7.943670252931684900E-017, -0.4775000000000000400 ) ) ;
#3410 = EDGE_CURVE ( 'NONE', #3297, #1313, #1987, .T. ) ;
#3411 = CARTESIAN_POINT ( 'NONE',  ( 0.05481146389732856300, -0.04226451671373842500, -0.6057373477115028900 ) ) ;
#3412 = EDGE_CURVE ( 'NONE', #3308, #868, #1027, .T. ) ;
#3413 = CARTESIAN_POINT ( 'NONE',  ( -0.06581767824930476200, 0.006423048454132381700, -0.05999999999999994900 ) ) ;
#3414 = CARTESIAN_POINT ( 'NONE',  ( -0.01999999999999995900, 0.02000000000000015300, -1.250000000000000000 ) ) ;
#3415 = ORIENTED_EDGE ( 'NONE', *, *, #2571, .F. ) ;
#3416 = VERTEX_POINT ( 'NONE', #2021 ) ;
#3417 = VERTEX_POINT ( 'NONE', #1191 ) ;
#3418 = DIRECTION ( 'NONE',  ( -3.372511997194915200E-015, 0.9659258262890682000, -0.2588190451025213500 ) ) ;
#3419 = DIRECTION ( 'NONE',  ( 1.000000000000000000, -4.440892098500624700E-016, 0.0000000000000000000 ) ) ;
#3420 = ADVANCED_FACE ( 'NONE', ( #205 ), #2891, .F. ) ;
#3421 = AXIS2_PLACEMENT_3D ( 'NONE', #654, #1238, #104 ) ;
#3422 = CARTESIAN_POINT ( 'NONE',  ( -0.1464170500886656800, -0.1124574890101404200, -0.2787499999999939500 ) ) ;
#3423 = CARTESIAN_POINT ( 'NONE',  ( -0.09374999999999998600, -0.006194546153438848900, -0.4951366122435486600 ) ) ;
#3424 = ADVANCED_FACE ( 'NONE', ( #740 ), #36, .F. ) ;
#3425 = ORIENTED_EDGE ( 'NONE', *, *, #2772, .F. ) ;
#3426 = CARTESIAN_POINT ( 'NONE',  ( 0.07280241376603560600, 0.01944874963782631400, -0.5794873477115077800 ) ) ;
#3427 = DIRECTION ( 'NONE',  ( -0.0000000000000000000, 1.224646799147351000E-016, -1.000000000000000000 ) ) ;
#3428 = VERTEX_POINT ( 'NONE', #3480 ) ;
#3429 = CARTESIAN_POINT ( 'NONE',  ( -0.02435218107598382400, -0.09073902507616658800, -0.2843409767321250500 ) ) ;
#3430 = CARTESIAN_POINT ( 'NONE',  ( 0.03019556139985241800, -0.08896674399491597000, -0.5947836291444643700 ) ) ;
#3431 = CARTESIAN_POINT ( 'NONE',  ( 0.07450821742035082500, -0.05723156281250933700, -0.2061892995469192500 ) ) ;
#3432 = CARTESIAN_POINT ( 'NONE',  ( -0.1596236442153553300, -0.09194226977316050100, -0.2824999999999932600 ) ) ;
#3433 = CARTESIAN_POINT ( 'NONE',  ( -0.09335576211465167200, 0.01227486634727351300, -0.1487509228106321500 ) ) ;
#3434 = CIRCLE ( 'NONE', #3366, 0.2099999999999998500 ) ;
#3435 = CARTESIAN_POINT ( 'NONE',  ( -0.1621624753043566800, -7.943670252931684900E-017, -0.4799999999999999800 ) ) ;
#3436 = ADVANCED_FACE ( 'NONE', ( #660 ), #2617, .T. ) ;
#3437 = CIRCLE ( 'NONE', #2151, 0.03818733996404150000 ) ;
#3438 = CARTESIAN_POINT ( 'NONE',  ( -0.05132796992371424500, 0.006832142590868338000, -0.6807373477115162800 ) ) ;
#3439 = VECTOR ( 'NONE', #2193, 39.37007874015748100 ) ;
#3440 = CARTESIAN_POINT ( 'NONE',  ( 0.0000000000000000000, 0.0000000000000000000, 38.12007874015748100 ) ) ;
#3441 = EDGE_CURVE ( 'NONE', #1225, #3510, #2608, .T. ) ;
#3442 = ADVANCED_FACE ( 'NONE', ( #3227 ), #70, .T. ) ;
#3443 = FACE_OUTER_BOUND ( 'NONE', #149, .T. ) ;
#3444 = CARTESIAN_POINT ( 'NONE',  ( -0.1621624753043566800, -7.943670252931684900E-017, -0.4824999999999999800 ) ) ;
#3445 = AXIS2_PLACEMENT_3D ( 'NONE', #984, #961, #89 ) ;
#3446 = ORIENTED_EDGE ( 'NONE', *, *, #159, .T. ) ;
#3447 = ORIENTED_EDGE ( 'NONE', *, *, #1354, .T. ) ;
#3449 = DIRECTION ( 'NONE',  ( -0.0000000000000000000, 1.224646799147351000E-016, -1.000000000000000000 ) ) ;
#3448 = PLANE ( 'NONE',  #2645 ) ;
#3450 = CARTESIAN_POINT ( 'NONE',  ( 0.08427918058695518800, 0.04151413937003485500, -0.5701138622422734500 ) ) ;
#3451 = CARTESIAN_POINT ( 'NONE',  ( -0.04007488712297077600, 0.1495529643692092800, -0.5200000000000019100 ) ) ;
#3452 = VERTEX_POINT ( 'NONE', #3463 ) ;
#3453 = CARTESIAN_POINT ( 'NONE',  ( -0.1562120067746140000, 0.04209716619947837000, -0.4900000000000059900 ) ) ;
#3454 = DIRECTION ( 'NONE',  ( -1.000000000000000000, 0.0000000000000000000, 0.0000000000000000000 ) ) ;
#3455 = ADVANCED_FACE ( 'NONE', ( #1539 ), #1288, .T. ) ;
#3456 = CIRCLE ( 'NONE', #787, 0.2249999999999999800 ) ;
#3457 = CALENDAR_DATE ( 2021, 9, 7 ) ;
#3459 = DIRECTION ( 'NONE',  ( 0.0000000000000000000, 1.000000000000000000, 1.219574997171546800E-016 ) ) ;
#3458 = DIRECTION ( 'NONE',  ( 0.1072858982069403300, 0.9942282112502792700, 0.0000000000000000000 ) ) ;
#3460 = ADVANCED_FACE ( 'NONE', ( #2836 ), #1526, .T. ) ;
#3461 = CARTESIAN_POINT ( 'NONE',  ( -0.05712156627547594600, 0.07458881759959926100, -0.5219767144384879200 ) ) ;
#3462 = EDGE_CURVE ( 'NONE', #209, #1054, #308, .T. ) ;
#3463 = CARTESIAN_POINT ( 'NONE',  ( 0.03818733996404150000, 0.0000000000000000000, -0.7000000000000000700 ) ) ;
#3464 = CARTESIAN_POINT ( 'NONE',  ( -0.1562120067756180300, 0.04209716620143896800, -0.4900078740157822700 ) ) ;
#3465 = PLANE ( 'NONE',  #301 ) ;
#3466 = AXIS2_PLACEMENT_3D ( 'NONE', #2326, #2919, #2908 ) ;
#3467 = ORIENTED_EDGE ( 'NONE', *, *, #1922, .F. ) ;
#3468 = CARTESIAN_POINT ( 'NONE',  ( -0.07792261107689685300, -0.1012108582215277000, -0.6362500000000048700 ) ) ;
#3469 = CARTESIAN_POINT ( 'NONE',  ( 0.09314976636926582100, 0.01225662601844515600, -0.1831759392677097300 ) ) ;
#3470 = ORIENTED_EDGE ( 'NONE', *, *, #2968, .T. ) ;
#3472 = CARTESIAN_POINT ( 'NONE',  ( -0.04156136057545527900, 0.08425804294214418700, -0.6984987148815843300 ) ) ;
#3471 = DIRECTION ( 'NONE',  ( -0.8833308765689108500, 0.4687499999999996100, 0.0000000000000000000 ) ) ;
#3473 = CARTESIAN_POINT ( 'NONE',  ( -0.07449205563909518100, 0.05724930976469894100, -0.5148429329090963300 ) ) ;
#3474 = ADVANCED_FACE ( 'NONE', ( #3671 ), #2630, .F. ) ;
#3475 = CARTESIAN_POINT ( 'NONE',  ( 0.09549999297853756200, -0.02578126592616443800, -0.7599999999999872400 ) ) ;
#3476 = CARTESIAN_POINT ( 'NONE',  ( 0.09069174712690099300, 0.1178264456169744200, -0.5462578740157474400 ) ) ;
#3477 = CARTESIAN_POINT ( 'NONE',  ( 0.02230154238939162700, 0.09175203748421637000, -0.7174676454594113300 ) ) ;
#3478 = DIRECTION ( 'NONE',  ( -3.491481338843133000E-015, 1.000000000000000000, 0.0000000000000000000 ) ) ;
#3479 = CIRCLE ( 'NONE', #3596, 0.09374999999999994400 ) ;
#3481 = PLANE ( 'NONE',  #1530 ) ;
#3480 = CARTESIAN_POINT ( 'NONE',  ( 1.340828951734724700E-013, -0.09374999999999990300, -0.2330047446081411600 ) ) ;
#3482 = LINE ( 'NONE', #3224, #2162 ) ;
#3483 = VECTOR ( 'NONE', #2549, 39.37007874015748100 ) ;
#3484 = CARTESIAN_POINT ( 'NONE',  ( 0.02000000000000015000, -0.01999999999999996600, -1.250000000000000000 ) ) ;
#3485 = CARTESIAN_POINT ( 'NONE',  ( -0.01714724043661931800, -0.1301295138227171700, -0.6212499999999883100 ) ) ;
#3486 = VECTOR ( 'NONE', #1756, 39.37007874015748100 ) ;
#3487 = CARTESIAN_POINT ( 'NONE',  ( 0.0000000000000000000, 1.469576158976821800E-017, -0.1200000000000000500 ) ) ;
#3488 = ORIENTED_EDGE ( 'NONE', *, *, #2665, .T. ) ;
#3489 = DIRECTION ( 'NONE',  ( -0.0000000000000000000, 0.0000000000000000000, -1.000000000000000000 ) ) ;
#3490 = ADVANCED_FACE ( 'NONE', ( #1237 ), #2100, .T. ) ;
#3491 = ORIENTED_EDGE ( 'NONE', *, *, #1607, .T. ) ;
#3492 = DIRECTION ( 'NONE',  ( 0.0000000000000000000, 1.000000000000000000, 1.224646799147351000E-016 ) ) ;
#3493 = ORIENTED_EDGE ( 'NONE', *, *, #2938, .T. ) ;
#3494 = CARTESIAN_POINT ( 'NONE',  ( -0.1157373309203073400, 0.03121989934366213600, -0.6700000000000039300 ) ) ;
#3495 = DIRECTION ( 'NONE',  ( -1.000000000000000000, 0.0000000000000000000, 0.0000000000000000000 ) ) ;
#3496 = DIRECTION ( 'NONE',  ( 0.0000000000000000000, 0.0000000000000000000, -1.000000000000000000 ) ) ;
#3497 = CARTESIAN_POINT ( 'NONE',  ( -0.04253685640021634400, 0.02464640737616361300, -0.6580126522885252300 ) ) ;
#3498 = CARTESIAN_POINT ( 'NONE',  ( -0.05309112599027984700, 0.07809186302720103100, -0.1235348348807911200 ) ) ;
#3499 = ORIENTED_EDGE ( 'NONE', *, *, #260, .F. ) ;
#3500 = EDGE_LOOP ( 'NONE', ( #780, #3261, #2636, #2356 ) ) ;
#3501 = APPROVAL_PERSON_ORGANIZATION ( #255, #3336, #1540 ) ;
#3502 = ORIENTED_EDGE ( 'NONE', *, *, #3045, .F. ) ;
#3503 = CARTESIAN_POINT ( 'NONE',  ( -0.06161620413993872800, 0.07065766686910526800, -0.1200000000000000500 ) ) ;
#3504 = VERTEX_POINT ( 'NONE', #2679 ) ;
#3505 = CARTESIAN_POINT ( 'NONE',  ( 0.01714724043661936700, -0.1318610251820940300, -0.6137500000000116800 ) ) ;
#3506 = EDGE_CURVE ( 'NONE', #1096, #1112, #927, .T. ) ;
#3507 = CARTESIAN_POINT ( 'NONE',  ( 0.1485635187100022600, -0.08568570252137225300, -0.4024999999999915300 ) ) ;
#3508 = VERTEX_POINT ( 'NONE', #2948 ) ;
#3509 = CARTESIAN_POINT ( 'NONE',  ( 0.03463625370276403300, -0.1293156264603432200, -0.6100000000000075400 ) ) ;
#3510 = VERTEX_POINT ( 'NONE', #1603 ) ;
#3511 = CARTESIAN_POINT ( 'NONE',  ( 0.03315722628287889900, -0.05775330439635686200, -0.5830126522884859800 ) ) ;
#3512 = CARTESIAN_POINT ( 'NONE',  ( -0.09074319850323370200, -0.02434558878672226200, -0.6610419655694258500 ) ) ;
#3513 = CARTESIAN_POINT ( 'NONE',  ( -0.1084533674293893000, -0.06237891507149882800, -0.6425000000000328200 ) ) ;
#3514 = APPROVAL_STATUS ( 'not_yet_approved' ) ;
#3515 = LINE ( 'NONE', #2070, #2044 ) ;
#3516 = CARTESIAN_POINT ( 'NONE',  ( 0.02308436334285711800, 0.1759574061922103400, -0.3462499999999648600 ) ) ;
#3517 = CARTESIAN_POINT ( 'NONE',  ( -0.1191969575057628700, -0.03191693699528335600, -0.6550078740157151400 ) ) ;
#3518 = LINE ( 'NONE', #173, #2669 ) ;
#3519 = VECTOR ( 'NONE', #2140, 39.37007874015748100 ) ;
#3520 = CARTESIAN_POINT ( 'NONE',  ( -0.01129079945898466200, 0.04244640692703535700, -0.6805126522885167600 ) ) ;
#3521 = PLANE ( 'NONE',  #1615 ) ;
#3522 = FACE_OUTER_BOUND ( 'NONE', #879, .T. ) ;
#3523 = CARTESIAN_POINT ( 'NONE',  ( -0.006190119610297196500, -0.09374999999999991700, -0.6271863168631556200 ) ) ;
#3524 = CARTESIAN_POINT ( 'NONE',  ( 0.07456793487570946600, 0.05714892115666987000, -0.2146770174746844600 ) ) ;
#3525 = ORIENTED_EDGE ( 'NONE', *, *, #1946, .F. ) ;
#3526 = DIRECTION ( 'NONE',  ( -0.2588190451025213500, 0.0000000000000000000, 0.9659258262890682000 ) ) ;
#3527 = APPLICATION_CONTEXT ( 'configuration controlled 3d designs of mechanical parts and assemblies' ) ;
#3528 = CARTESIAN_POINT ( 'NONE',  ( -0.1431922727155997300, 0.1101082725437726200, -0.3162499999999965900 ) ) ;
#3529 = CARTESIAN_POINT ( 'NONE',  ( 0.09549999297472075400, -0.02578126593067899300, -0.7600078740157442100 ) ) ;
#3530 = VERTEX_POINT ( 'NONE', #2065 ) ;
#3531 = CARTESIAN_POINT ( 'NONE',  ( -0.06581767824930483100, -0.006423048454132825700, -0.05999999999999999800 ) ) ;
#3532 = AXIS2_PLACEMENT_3D ( 'NONE', #3300, #3604, #1316 ) ;
#3533 = CARTESIAN_POINT ( 'NONE',  ( -0.01442738859332188700, 0.1110828879658838100, -0.6987499999999998700 ) ) ;
#3534 = CARTESIAN_POINT ( 'NONE',  ( 0.03463625370276403300, -0.1293156264603432200, -0.6050000000000076400 ) ) ;
#3535 = CARTESIAN_POINT ( 'NONE',  ( 0.07069030394338460300, 0.06188912839717525300, -0.2128570192243430200 ) ) ;
#3536 = VECTOR ( 'NONE', #1350, 39.37007874015748100 ) ;
#3537 = DIRECTION ( 'NONE',  ( -0.0000000000000000000, 1.224646799147351000E-016, -1.000000000000000000 ) ) ;
#3538 = PERSON_AND_ORGANIZATION ( #822, #3004 ) ;
#3539 = CARTESIAN_POINT ( 'NONE',  ( 0.1650944757267364900, -0.09521355034166746600, -0.2224999999999884300 ) ) ;
#3540 = CARTESIAN_POINT ( 'NONE',  ( -0.09998649480054265500, -0.07669824765986302300, -0.6437578740157409200 ) ) ;
#3541 = CARTESIAN_POINT ( 'NONE',  ( -0.02556082356032276700, 0.1956644502869401000, -0.1587500000000010300 ) ) ;
#3542 = CARTESIAN_POINT ( 'NONE',  ( -0.1733599542337744300, 0.09997747425209045600, -0.1374999999999966200 ) ) ;
#3543 = CARTESIAN_POINT ( 'NONE',  ( 0.05481146389610901800, -0.04226451671431440800, -0.5717626522885122000 ) ) ;
#3544 = EDGE_CURVE ( 'NONE', #3376, #2595, #1757, .T. ) ;
#3545 = EDGE_LOOP ( 'NONE', ( #246, #2034, #3499, #3220 ) ) ;
#3546 = MANIFOLD_SOLID_BREP ( 'CirPattern1', #514 ) ;
#3547 = DIRECTION ( 'NONE',  ( 0.0000000000000000000, 1.224646799147351000E-016, -1.000000000000000000 ) ) ;
#3548 = CARTESIAN_POINT ( 'NONE',  ( 0.02249999999999999900, -0.1150000000000000200, 0.0000000000000000000 ) ) ;
#3549 = CARTESIAN_POINT ( 'NONE',  ( 0.05095292508103167100, 0.1894004372044988100, -0.1699999999999925500 ) ) ;
#3550 = CARTESIAN_POINT ( 'NONE',  ( 0.06515347503384900900, 0.08459527081001684500, -0.7262578740157758000 ) ) ;
#3551 = AXIS2_PLACEMENT_3D ( 'NONE', #1287, #1557, #415 ) ;
#3552 = CARTESIAN_POINT ( 'NONE',  ( 0.1678891227261155900, 0.09670619368362252900, -0.1925000000000120800 ) ) ;
#3553 = CARTESIAN_POINT ( 'NONE',  ( -0.1940070266065436800, 0.05219091158002624900, -0.1300000000000033900 ) ) ;
#3554 = CARTESIAN_POINT ( 'NONE',  ( 0.0000000000000000000, 0.09375000000000002800, -0.7500000000000001100 ) ) ;
#3555 = CARTESIAN_POINT ( 'NONE',  ( -0.06875000000000000600, 8.419446744138054700E-018, 0.0000000000000000000 ) ) ;
#3556 = CARTESIAN_POINT ( 'NONE',  ( -0.09998649480054265500, -0.07669824765986302300, -0.6387499999999929300 ) ) ;
#3557 = FACE_OUTER_BOUND ( 'NONE', #1780, .T. ) ;
#3558 = LINE ( 'NONE', #55, #1595 ) ;
#3559 = CARTESIAN_POINT ( 'NONE',  ( 0.09029771396906043100, 0.05191465075150848700, -0.7375000000000061500 ) ) ;
#3560 = CARTESIAN_POINT ( 'NONE',  ( 0.1356279192366793800, -0.1042950408751182900, -0.4112500000000283700 ) ) ;
#3561 = FACE_OUTER_BOUND ( 'NONE', #627, .T. ) ;
#3562 = ORIENTED_EDGE ( 'NONE', *, *, #1044, .F. ) ;
#3563 = CARTESIAN_POINT ( 'NONE',  ( 0.006423048454132598500, -0.1150000000000000200, -0.05999999999999999800 ) ) ;
#3564 = CARTESIAN_POINT ( 'NONE',  ( 0.03018827202586370200, 0.08897047996624168900, -0.3345849213315208500 ) ) ;
#3565 = CARTESIAN_POINT ( 'NONE',  ( -0.09374999999999997200, -0.0000000000000000000, -0.1450000000000000200 ) ) ;
#3566 = EDGE_CURVE ( 'NONE', #1469, #3417, #1082, .T. ) ;
#3567 = CARTESIAN_POINT ( 'NONE',  ( 0.08806766447690708700, 0.1526962579644353100, -0.3575000000000039800 ) ) ;
#3568 = VERTEX_POINT ( 'NONE', #1589 ) ;
#3569 = AXIS2_PLACEMENT_3D ( 'NONE', #2330, #2313, #377 ) ;
#3570 = VERTEX_POINT ( 'NONE', #756 ) ;
#3571 = CARTESIAN_POINT ( 'NONE',  ( 1.148106374200643600E-017, -0.09374999999999997200, -0.1200000000000000400 ) ) ;
#3572 = ORIENTED_EDGE ( 'NONE', *, *, #2803, .F. ) ;
#3573 = B_SPLINE_CURVE_WITH_KNOTS ( 'NONE', 3,
 ( #2386, #2697, #3553, #3542, #3267, #1294, #1841, #2125, #449, #2399, #1553, #50, #898, #1092, #287, #2488, #3057, #2216, #2252, #2231, #2501, #1116, #2202, #3107, #3347, #1379, #1939, #1132, #3095, #2801, #829, #3375, #3642, #1637, #2527, #3654, #542, #3630, #581, #257, #1368, #1391, #243, #1088, #1420, #3070, #815, #2831, #229, #1983, #8, #1952, #1104, #842, #1926, #1403, #3083, #1666, #530, #555, #3404, #805, #2515, #2787, #1653, #2818 ),
 .UNSPECIFIED., .F., .F.,
 ( 4, 2, 2, 2, 2, 2, 2, 2, 2, 2, 2, 2, 2, 2, 2, 2, 2, 2, 2, 2, 2, 2, 2, 2, 2, 2, 2, 2, 2, 2, 2, 2, 4 ),
 ( 0.0000000000000000000, 0.03125000000000000000, 0.06250000000000000000, 0.09375000000000000000, 0.1250000000000000000, 0.1562500000000000000, 0.1875000000000000000, 0.2187500000000000000, 0.2500000000000000000, 0.2812500000000000000, 0.3125000000000000000, 0.3437500000000000000, 0.3750000000000000000, 0.4062500000000000000, 0.4375000000000000000, 0.4687500000000000000, 0.5000000000000000000, 0.5312500000000000000, 0.5625000000000000000, 0.5937500000000000000, 0.6250000000000000000, 0.6562500000000000000, 0.6875000000000000000, 0.7187500000000000000, 0.7500000000000000000, 0.7812500000000000000, 0.8125000000000000000, 0.8437500000000000000, 0.8750000000000000000, 0.9062500000000000000, 0.9375000000000000000, 0.9687500000000000000, 1.000000000000000000 ),
 .UNSPECIFIED. ) ;
#3574 = CARTESIAN_POINT ( 'NONE',  ( -0.02352122704921201500, 0.02000000000000015000, -1.184004612118490600 ) ) ;
#3575 = DIRECTION ( 'NONE',  ( -0.0000000000000000000, 1.224646799147351000E-016, -1.000000000000000000 ) ) ;
#3576 = CARTESIAN_POINT ( 'NONE',  ( 0.09892304845413270300, -0.02249999999999965200, -0.05999999999999999800 ) ) ;
#3577 = VERTEX_POINT ( 'NONE', #404 ) ;
#3578 = VERTEX_POINT ( 'NONE', #2358 ) ;
#3579 = CARTESIAN_POINT ( 'NONE',  ( 0.06193886824520616900, 0.07064672593880860800, -0.2091579510989493600 ) ) ;
#3580 = CARTESIAN_POINT ( 'NONE',  ( 2.372753173347997100E-017, -0.1937500000000000100, -0.02000000000000005600 ) ) ;
#3581 = VERTEX_POINT ( 'NONE', #2370 ) ;
#3582 = VERTEX_POINT ( 'NONE', #1038 ) ;
#3583 = CARTESIAN_POINT ( 'NONE',  ( -0.01718897351001699400, -0.06588754541579441800, -0.01982102070096070400 ) ) ;
#3584 = ORIENTED_EDGE ( 'NONE', *, *, #3113, .F. ) ;
#3585 = CARTESIAN_POINT ( 'NONE',  ( -0.09374999999999998600, -4.592425496802573600E-017, -0.4630126522884891500 ) ) ;
#3586 = CARTESIAN_POINT ( 'NONE',  ( -0.04632374121319577500, -0.03553543658952210100, -0.4362499999999612800 ) ) ;
#3587 = EDGE_CURVE ( 'NONE', #200, #297, #2484, .T. ) ;
#3588 = CARTESIAN_POINT ( 'NONE',  ( 0.04600097907463768900, 0.1709740795940517800, -0.3550000000000134200 ) ) ;
#3589 = ORIENTED_EDGE ( 'NONE', *, *, #3029, .T. ) ;
#3590 = CARTESIAN_POINT ( 'NONE',  ( 0.08893796900478066800, -0.03027347187889459600, -0.3806149682096681700 ) ) ;
#3591 = AXIS2_PLACEMENT_3D ( 'NONE', #3063, #537, #1918 ) ;
#3592 = CARTESIAN_POINT ( 'NONE',  ( -0.006423048454132598500, -0.1150000000000000200, -0.05999999999999999800 ) ) ;
#3593 = DIRECTION ( 'NONE',  ( 0.9942282112502792700, 0.1072858982069401100, 0.0000000000000000000 ) ) ;
#3594 = CARTESIAN_POINT ( 'NONE',  ( -0.05714678291363059500, 0.09937554070000688400, -0.6874999999999883400 ) ) ;
#3595 = DIRECTION ( 'NONE',  ( 1.000000000000000000, 0.0000000000000000000, 0.0000000000000000000 ) ) ;
#3596 = AXIS2_PLACEMENT_3D ( 'NONE', #1222, #2329, #1256 ) ;
#3597 = LINE ( 'NONE', #1480, #2859 ) ;
#3598 = CARTESIAN_POINT ( 'NONE',  ( -0.09159182550861176600, 0.02000000000000015300, -1.250000000000000000 ) ) ;
#3599 = CARTESIAN_POINT ( 'NONE',  ( -0.1116669123431089200, -0.04687499999999997200, -0.1225000000000000300 ) ) ;
#3600 = VECTOR ( 'NONE', #1895, 39.37007874015748100 ) ;
#3601 = CARTESIAN_POINT ( 'NONE',  ( 0.1909347596988875400, 0.02494170850858196100, -0.2087499999999943000 ) ) ;
#3602 = VECTOR ( 'NONE', #138, 39.37007874015748100 ) ;
#3603 = DIRECTION ( 'NONE',  ( 0.0000000000000000000, -0.0000000000000000000, 1.000000000000000000 ) ) ;
#3604 = DIRECTION ( 'NONE',  ( -0.0000000000000000000, 1.224646799147351000E-016, -1.000000000000000000 ) ) ;
#3605 = LINE ( 'NONE', #3548, #2867 ) ;
#3606 = CARTESIAN_POINT ( 'NONE',  ( 1.148106374200643400E-017, -0.09374999999999998600, -1.148106374200641400E-017 ) ) ;
#3607 = CARTESIAN_POINT ( 'NONE',  ( 0.09896230804607687700, -0.01306746266872038000, -0.7512500000000054100 ) ) ;
#3609 = CARTESIAN_POINT ( 'NONE',  ( -0.09374999999999994400, 1.530808498934188900E-016, -1.250000000000000000 ) ) ;
#3608 = CARTESIAN_POINT ( 'NONE',  ( -0.01180387163263074200, -0.06617351436309638900, -0.03991849451130071600 ) ) ;
#3610 = ORIENTED_EDGE ( 'NONE', *, *, #1607, .F. ) ;
#3611 = CARTESIAN_POINT ( 'NONE',  ( -0.01714724043381914100, -0.1301295138221498800, -0.6162500000000280500 ) ) ;
#3612 = CARTESIAN_POINT ( 'NONE',  ( 0.04081471515833523500, -0.07091657967057206400, -0.2650000000000061800 ) ) ;
#3613 = CARTESIAN_POINT ( 'NONE',  ( -0.09374646169850350800, -0.006174383987330236100, -0.6498338202658035000 ) ) ;
#3614 = CARTESIAN_POINT ( 'NONE',  ( 0.1539814035685036200, 0.1182707206739563900, -0.1937499999999976200 ) ) ;
#3615 = ORIENTED_EDGE ( 'NONE', *, *, #1847, .F. ) ;
#3616 = CARTESIAN_POINT ( 'NONE',  ( 0.09314644650259554200, -0.01226672017082784700, -0.3748429262819083000 ) ) ;
#3617 = DIRECTION ( 'NONE',  ( -0.0000000000000000000, 1.224646799147351000E-016, -1.000000000000000000 ) ) ;
#3618 = EDGE_CURVE ( 'NONE', #1195, #3308, #2064, .T. ) ;
#3619 = DIRECTION ( 'NONE',  ( -0.0000000000000000000, 1.224646799147351000E-016, -1.000000000000000000 ) ) ;
#3620 = CARTESIAN_POINT ( 'NONE',  ( -0.1084533674293893000, -0.06237891507149882800, -0.6425000000000328200 ) ) ;
#3622 = CARTESIAN_POINT ( 'NONE',  ( -0.01999999999999995200, 0.07842370396780766500, -1.076512808980396100 ) ) ;
#3621 = CARTESIAN_POINT ( 'NONE',  ( 0.03255828313692532600, 0.08816275520253501200, -0.7096388428069451100 ) ) ;
#3623 = VECTOR ( 'NONE', #1336, 39.37007874015748900 ) ;
#3624 = DIRECTION ( 'NONE',  ( 0.9942282112502790500, 0.1072858982069419800, 0.0000000000000000000 ) ) ;
#3625 = COORDINATED_UNIVERSAL_TIME_OFFSET ( 6, 0, .BEHIND. ) ;
#3626 = CARTESIAN_POINT ( 'NONE',  ( -0.1191969575056861400, -0.03191693699570515700, -0.6500000000000113500 ) ) ;
#3627 = CARTESIAN_POINT ( 'NONE',  ( 0.03455814791774963800, 0.05985645415820924100, -0.3349999999999822000 ) ) ;
#3628 = CARTESIAN_POINT ( 'NONE',  ( -0.1587293287176372900, -0.04260435046406212800, -0.4699999999999761600 ) ) ;
#3629 = CARTESIAN_POINT ( 'NONE',  ( -0.03021955012154673600, 0.08895666863225786000, -0.3154202149040655800 ) ) ;
#3630 = CARTESIAN_POINT ( 'NONE',  ( -0.1095508731739353700, 0.1426348733494862100, -0.3287500000000254700 ) ) ;
#3631 = EDGE_LOOP ( 'NONE', ( #1833, #3358, #1822, #3277, #1609, #1249, #3525, #114, #1189, #2648, #838, #3274, #2724, #29, #2738, #432 ) ) ;
#3632 = DIRECTION ( 'NONE',  ( -0.0000000000000000000, 1.224646799147351000E-016, -1.000000000000000000 ) ) ;
#3633 = CARTESIAN_POINT ( 'NONE',  ( -0.1214719565753055500, -0.01578731451545267400, -0.6537500000000260300 ) ) ;
#3635 = CARTESIAN_POINT ( 'NONE',  ( -0.07062602771477229100, 0.06195761808048754600, -0.4846480611487903900 ) ) ;
#3634 = CARTESIAN_POINT ( 'NONE',  ( 1.082097410292481900E-016, -0.09374999999999994400, -1.053580696334676300 ) ) ;
#3636 = CARTESIAN_POINT ( 'NONE',  ( 0.02556082356042554300, 0.1948761685389797700, -0.1712500000000032900 ) ) ;
#3637 = CARTESIAN_POINT ( 'NONE',  ( 0.1266090208893264600, 0.07284317937890746900, -0.5525000000000049900 ) ) ;
#3638 = CARTESIAN_POINT ( 'NONE',  ( 0.08308281567517991600, -0.1082942884921213900, -0.5987578740157562000 ) ) ;
#3639 = CARTESIAN_POINT ( 'NONE',  ( -0.01165273117672185900, 0.08941445028900400800, -0.1862500000000048800 ) ) ;
#3640 = CARTESIAN_POINT ( 'NONE',  ( 0.07225467192340875900, -0.04170403376631167500, -0.1999999999999931800 ) ) ;
#3641 = CARTESIAN_POINT ( 'NONE',  ( 0.06193197744778525200, -0.07065166299024071300, -0.5829889727173956900 ) ) ;
#3642 = CARTESIAN_POINT ( 'NONE',  ( -0.1814753785261317400, -0.02370347840012974200, -0.2987499999999928000 ) ) ;
#3643 = CARTESIAN_POINT ( 'NONE',  ( -0.1940070266065436800, 0.05219091158002624900, -0.1300000000000033900 ) ) ;
#3644 = CARTESIAN_POINT ( 'NONE',  ( 0.1712277156051452400, -0.02246524828796562000, -0.3962500000000065400 ) ) ;
#3645 = CARTESIAN_POINT ( 'NONE',  ( 0.08337090741451200200, 0.06392911163834452700, -0.7287499999999721400 ) ) ;
#3646 = VECTOR ( 'NONE', #1565, 39.37007874015748100 ) ;
#3647 = CARTESIAN_POINT ( 'NONE',  ( -0.05721615302297742400, 0.07451786669922738600, -0.4905357554042579200 ) ) ;
#3648 = CARTESIAN_POINT ( 'NONE',  ( -0.1583209796777923500, 0.1217347358802212300, -0.1412500000000042900 ) ) ;
#3649 = VECTOR ( 'NONE', #1084, 39.37007874015748100 ) ;
#3650 = DIRECTION ( 'NONE',  ( 0.0000000000000000000, 1.000000000000000000, 1.233125830473452300E-016 ) ) ;
#3651 = VERTEX_POINT ( 'NONE', #2663 ) ;
#3652 = CARTESIAN_POINT ( 'NONE',  ( 0.08288426826957966100, 0.02222155666347113600, -0.1774999999999878900 ) ) ;
#3653 = CARTESIAN_POINT ( 'NONE',  ( 0.1000200907000127200, 0.008751143134760977800, -0.7500000000027700100 ) ) ;
#3654 = CARTESIAN_POINT ( 'NONE',  ( -0.1568289972158876400, 0.09044962643377124600, -0.3175000000000149400 ) ) ;
#3655 = CARTESIAN_POINT ( 'NONE',  ( -0.01571429324519004600, -0.05827630394003621000, -0.4674999999999915900 ) ) ;
#3656 = CARTESIAN_POINT ( 'NONE',  ( 0.1153641048424870300, -0.1501992268277413400, -0.2337499999999769200 ) ) ;
#3657 = DIRECTION ( 'NONE',  ( -1.000000000000000000, -0.0000000000000000000, -0.0000000000000000000 ) ) ;
#3659 = CARTESIAN_POINT ( 'NONE',  ( -0.02249999999999999900, 0.1149999999999999900, 0.0000000000000000000 ) ) ;
#3658 = CARTESIAN_POINT ( 'NONE',  ( 0.09300694409814278000, -0.01178010396919022800, -0.7500000000000001100 ) ) ;
#3660 = EDGE_LOOP ( 'NONE', ( #3502, #786, #1613, #2828 ) ) ;
#3661 = CARTESIAN_POINT ( 'NONE',  ( 0.06197563788220610000, 0.07060866752304152700, -0.5594131003482985000 ) ) ;
#3662 = EDGE_LOOP ( 'NONE', ( #90, #2512 ) ) ;
#3663 = ORIENTED_EDGE ( 'NONE', *, *, #2258, .F. ) ;
#3664 = CARTESIAN_POINT ( 'NONE',  ( -0.09075267005833165300, 0.02430166443946081200, -0.6596791726594042300 ) ) ;
#3665 = VECTOR ( 'NONE', #2025, 39.37007874015748100 ) ;
#3666 = CARTESIAN_POINT ( 'NONE',  ( 0.1149999999999999400, 0.02250000000000040200, 0.0000000000000000000 ) ) ;
#3667 = CARTESIAN_POINT ( 'NONE',  ( 0.01603162413485100700, -0.05985132127082623500, -0.4524999999999943000 ) ) ;
#3668 = CARTESIAN_POINT ( 'NONE',  ( -0.09908815563762103700, 0.1720218619790810100, -0.1474999999999905600 ) ) ;
#3669 = AXIS2_PLACEMENT_3D ( 'NONE', #2309, #19, #2264 ) ;
#3670 = CARTESIAN_POINT ( 'NONE',  ( -0.06588754541579446000, 0.01718897351001677200, -0.01982102070096070400 ) ) ;
#3671 = FACE_OUTER_BOUND ( 'NONE', #744, .T. ) ;
#3672 = CARTESIAN_POINT ( 'NONE',  ( 0.09283182732871883600, 0.01466680924883286900, -0.7415025240236795500 ) ) ;
#3673 = DIMENSIONAL_EXPONENTS ( 1.000000000000000000, 0.0000000000000000000, 0.0000000000000000000, 0.0000000000000000000, 0.0000000000000000000, 0.0000000000000000000, 0.0000000000000000000 ) ;
ENDSEC;
END-ISO-10303-21;
