ISO-10303-21;
HEADER;
/* Generated by software containing ST-Developer
 * from STEP Tools, Inc. (www.steptools.com) 
 */

FILE_DESCRIPTION(
/* description */ ('STEP AP203',
'CAx-IF Rec.Pracs.---Representation and Presentation of Product Manufa
cturing Information (PMI)---4.0---2014-10-13'),
/* implementation_level */ '2;1');

FILE_NAME(
/* name */ 
'Z:\\talon_parts_2\\antenna_anchors\\66615A7_Female Drilling Anchors_t
hickened.stp',
/* time_stamp */ '2022-04-05T08:20:19-07:00',
/* author */ ('Thomas'),
/* organization */ ('Managed by Terraform'),
/* preprocessor_version */ 'ST-DEVELOPER v18.1',
/* originating_system */ 'Autodesk Inventor 2022',
/* authorisation */ '');

FILE_SCHEMA (('AP242_MANAGED_MODEL_BASED_3D_ENGINEERING_MIM_LF { 1 0 10303 442 1 1 4 }'));
ENDSEC;

DATA;
#10=MECHANICAL_DESIGN_AND_DRAUGHTING_RELATIONSHIP('Isometric','',#25,#26);
#11=MECHANICAL_DESIGN_AND_DRAUGHTING_RELATIONSHIP('Front','',#27,#26);
#12=MECHANICAL_DESIGN_AND_DRAUGHTING_RELATIONSHIP('Top','',#28,#26);
#13=MECHANICAL_DESIGN_AND_DRAUGHTING_RELATIONSHIP('Right','',#29,#26);
#14=MAPPED_ITEM('',#19,#1231);
#15=MAPPED_ITEM('',#20,#1232);
#16=MAPPED_ITEM('',#21,#1233);
#17=MAPPED_ITEM('',#22,#1234);
#18=MAPPED_ITEM('',#23,#1235);
#19=REPRESENTATION_MAP(#1231,#24);
#20=REPRESENTATION_MAP(#1232,#4329);
#21=REPRESENTATION_MAP(#1233,#24);
#22=REPRESENTATION_MAP(#1234,#24);
#23=REPRESENTATION_MAP(#1235,#24);
#24=ADVANCED_BREP_SHAPE_REPRESENTATION('Isometric',(#45),#4318);
#25=DRAUGHTING_MODEL('Isometric',(#14,#31),#4318);
#26=DRAUGHTING_MODEL('',(#15,#1232),#4318);
#27=DRAUGHTING_MODEL('Front',(#16,#32),#4318);
#28=DRAUGHTING_MODEL('Top',(#17,#33),#4318);
#29=DRAUGHTING_MODEL('Right',(#18,#34),#4318);
#30=MECHANICAL_DESIGN_GEOMETRIC_PRESENTATION_REPRESENTATION('',(#43),#4319);
#31=CAMERA_MODEL_D3('Isometric',#1223,#35);
#32=CAMERA_MODEL_D3('Front',#1225,#36);
#33=CAMERA_MODEL_D3('Top',#1227,#37);
#34=CAMERA_MODEL_D3('Right',#1229,#38);
#35=VIEW_VOLUME(.PARALLEL.,#4301,0.668800884600637,0.,.F.,0.,.F.,.F.,#39);
#36=VIEW_VOLUME(.PARALLEL.,#4304,4.63358844910125,0.,.F.,0.,.F.,.F.,#40);
#37=VIEW_VOLUME(.PARALLEL.,#4307,4.63358844910125,0.,.F.,0.,.F.,.F.,#41);
#38=VIEW_VOLUME(.PARALLEL.,#4310,4.63358844910125,0.,.F.,0.,.F.,.F.,#42);
#39=PLANAR_BOX('view window',1.09492218984438,0.78740157480315,#1224);
#40=PLANAR_BOX('view window',1.09492218984438,0.78740157480315,#1226);
#41=PLANAR_BOX('view window',1.09492218984438,0.78740157480315,#1228);
#42=PLANAR_BOX('view window',1.09492218984438,0.78740157480315,#1230);
#43=STYLED_ITEM('',(#4338),#45);
#44=STYLED_ITEM('',(#4339),#15);
#45=MANIFOLD_SOLID_BREP('Solid1',#1114);
#46=B_SPLINE_SURFACE_WITH_KNOTS('',3,3,((#2221,#2222,#2223,#2224,#2225,
#2226,#2227,#2228,#2229,#2230,#2231,#2232,#2233,#2234,#2235,#2236,#2237,
#2238,#2239,#2240,#2241,#2242,#2243,#2244,#2245,#2246,#2247,#2248,#2249,
#2250,#2251,#2252,#2253,#2254,#2255,#2256,#2257,#2258,#2259,#2260,#2261,
#2262,#2263,#2264,#2265,#2266,#2267,#2268,#2269,#2270,#2271,#2272,#2273,
#2274),(#2275,#2276,#2277,#2278,#2279,#2280,#2281,#2282,#2283,#2284,#2285,
#2286,#2287,#2288,#2289,#2290,#2291,#2292,#2293,#2294,#2295,#2296,#2297,
#2298,#2299,#2300,#2301,#2302,#2303,#2304,#2305,#2306,#2307,#2308,#2309,
#2310,#2311,#2312,#2313,#2314,#2315,#2316,#2317,#2318,#2319,#2320,#2321,
#2322,#2323,#2324,#2325,#2326,#2327,#2328),(#2329,#2330,#2331,#2332,#2333,
#2334,#2335,#2336,#2337,#2338,#2339,#2340,#2341,#2342,#2343,#2344,#2345,
#2346,#2347,#2348,#2349,#2350,#2351,#2352,#2353,#2354,#2355,#2356,#2357,
#2358,#2359,#2360,#2361,#2362,#2363,#2364,#2365,#2366,#2367,#2368,#2369,
#2370,#2371,#2372,#2373,#2374,#2375,#2376,#2377,#2378,#2379,#2380,#2381,
#2382),(#2383,#2384,#2385,#2386,#2387,#2388,#2389,#2390,#2391,#2392,#2393,
#2394,#2395,#2396,#2397,#2398,#2399,#2400,#2401,#2402,#2403,#2404,#2405,
#2406,#2407,#2408,#2409,#2410,#2411,#2412,#2413,#2414,#2415,#2416,#2417,
#2418,#2419,#2420,#2421,#2422,#2423,#2424,#2425,#2426,#2427,#2428,#2429,
#2430,#2431,#2432,#2433,#2434,#2435,#2436)),.UNSPECIFIED.,.F.,.F.,.F.,(4,
4),(4,2,2,2,2,2,2,2,2,2,2,2,2,2,2,2,2,2,2,2,2,2,2,2,2,2,4),(-0.228103109367119,
0.771563357534982),(-4.34245366067741E-5,0.03125,0.0625,0.09375,0.125,0.15625,
0.1875,0.21875,0.25,0.28125,0.3125,0.34375,0.375,0.40625,0.4375,0.46875,
0.5,0.53125,0.5625,0.59375,0.625,0.65625,0.6875,0.71875,0.75,0.78125,0.800513841352221),
 .UNSPECIFIED.);
#47=B_SPLINE_SURFACE_WITH_KNOTS('',3,3,((#2550,#2551,#2552,#2553,#2554,
#2555,#2556,#2557,#2558,#2559,#2560,#2561,#2562,#2563,#2564,#2565,#2566,
#2567,#2568,#2569,#2570,#2571,#2572,#2573,#2574,#2575,#2576,#2577,#2578,
#2579,#2580,#2581,#2582,#2583,#2584,#2585,#2586,#2587,#2588,#2589,#2590,
#2591,#2592,#2593,#2594,#2595,#2596,#2597,#2598,#2599,#2600,#2601,#2602,
#2603,#2604,#2605,#2606,#2607,#2608,#2609,#2610,#2611,#2612,#2613),(#2614,
#2615,#2616,#2617,#2618,#2619,#2620,#2621,#2622,#2623,#2624,#2625,#2626,
#2627,#2628,#2629,#2630,#2631,#2632,#2633,#2634,#2635,#2636,#2637,#2638,
#2639,#2640,#2641,#2642,#2643,#2644,#2645,#2646,#2647,#2648,#2649,#2650,
#2651,#2652,#2653,#2654,#2655,#2656,#2657,#2658,#2659,#2660,#2661,#2662,
#2663,#2664,#2665,#2666,#2667,#2668,#2669,#2670,#2671,#2672,#2673,#2674,
#2675,#2676,#2677),(#2678,#2679,#2680,#2681,#2682,#2683,#2684,#2685,#2686,
#2687,#2688,#2689,#2690,#2691,#2692,#2693,#2694,#2695,#2696,#2697,#2698,
#2699,#2700,#2701,#2702,#2703,#2704,#2705,#2706,#2707,#2708,#2709,#2710,
#2711,#2712,#2713,#2714,#2715,#2716,#2717,#2718,#2719,#2720,#2721,#2722,
#2723,#2724,#2725,#2726,#2727,#2728,#2729,#2730,#2731,#2732,#2733,#2734,
#2735,#2736,#2737,#2738,#2739,#2740,#2741),(#2742,#2743,#2744,#2745,#2746,
#2747,#2748,#2749,#2750,#2751,#2752,#2753,#2754,#2755,#2756,#2757,#2758,
#2759,#2760,#2761,#2762,#2763,#2764,#2765,#2766,#2767,#2768,#2769,#2770,
#2771,#2772,#2773,#2774,#2775,#2776,#2777,#2778,#2779,#2780,#2781,#2782,
#2783,#2784,#2785,#2786,#2787,#2788,#2789,#2790,#2791,#2792,#2793,#2794,
#2795,#2796,#2797,#2798,#2799,#2800,#2801,#2802,#2803,#2804,#2805)),
 .UNSPECIFIED.,.F.,.F.,.F.,(4,4),(4,2,1,1,2,1,2,1,2,1,2,1,2,1,2,1,2,2,2,
2,2,2,2,2,2,2,2,2,2,2,2,2,2,2,2,4),(-3.34223678908448,4.25523194003857),
(-0.000107097144589483,0.,0.015625,0.0234375,0.03125,0.046875,0.0625,0.078125,
0.09375,0.109375,0.125,0.140625,0.15625,0.171875,0.1875,0.203125,0.21875,
0.25,0.28125,0.3125,0.34375,0.375,0.40625,0.4375,0.46875,0.5,0.53125,0.5625,
0.59375,0.625,0.65625,0.6875,0.71875,0.75,0.78125,0.80215599916722),
 .UNSPECIFIED.);
#48=B_SPLINE_SURFACE_WITH_KNOTS('',3,3,((#2918,#2919,#2920,#2921,#2922,
#2923,#2924,#2925,#2926,#2927,#2928,#2929,#2930,#2931,#2932,#2933,#2934,
#2935,#2936,#2937,#2938,#2939,#2940,#2941,#2942,#2943,#2944,#2945,#2946,
#2947,#2948,#2949,#2950,#2951,#2952,#2953,#2954,#2955,#2956,#2957,#2958,
#2959,#2960,#2961,#2962,#2963,#2964,#2965),(#2966,#2967,#2968,#2969,#2970,
#2971,#2972,#2973,#2974,#2975,#2976,#2977,#2978,#2979,#2980,#2981,#2982,
#2983,#2984,#2985,#2986,#2987,#2988,#2989,#2990,#2991,#2992,#2993,#2994,
#2995,#2996,#2997,#2998,#2999,#3000,#3001,#3002,#3003,#3004,#3005,#3006,
#3007,#3008,#3009,#3010,#3011,#3012,#3013),(#3014,#3015,#3016,#3017,#3018,
#3019,#3020,#3021,#3022,#3023,#3024,#3025,#3026,#3027,#3028,#3029,#3030,
#3031,#3032,#3033,#3034,#3035,#3036,#3037,#3038,#3039,#3040,#3041,#3042,
#3043,#3044,#3045,#3046,#3047,#3048,#3049,#3050,#3051,#3052,#3053,#3054,
#3055,#3056,#3057,#3058,#3059,#3060,#3061),(#3062,#3063,#3064,#3065,#3066,
#3067,#3068,#3069,#3070,#3071,#3072,#3073,#3074,#3075,#3076,#3077,#3078,
#3079,#3080,#3081,#3082,#3083,#3084,#3085,#3086,#3087,#3088,#3089,#3090,
#3091,#3092,#3093,#3094,#3095,#3096,#3097,#3098,#3099,#3100,#3101,#3102,
#3103,#3104,#3105,#3106,#3107,#3108,#3109)),.UNSPECIFIED.,.F.,.F.,.F.,(4,
4),(4,2,2,2,2,2,2,2,2,2,2,2,2,2,2,2,2,2,2,2,2,2,2,4),(0.228370586230809,
1.23232719552731),(-4.37745131952417E-5,0.03125,0.0625,0.09375,0.125,0.15625,
0.1875,0.21875,0.25,0.28125,0.3125,0.34375,0.375,0.40625,0.4375,0.46875,
0.5,0.53125,0.5625,0.59375,0.625,0.65625,0.6875,0.700186135341512),
 .UNSPECIFIED.);
#49=B_SPLINE_SURFACE_WITH_KNOTS('',3,3,((#3156,#3157,#3158,#3159,#3160,
#3161,#3162,#3163,#3164,#3165,#3166,#3167,#3168,#3169,#3170,#3171,#3172,
#3173,#3174,#3175,#3176,#3177,#3178,#3179,#3180,#3181,#3182,#3183,#3184,
#3185,#3186,#3187,#3188,#3189,#3190,#3191,#3192,#3193,#3194,#3195,#3196,
#3197,#3198,#3199,#3200,#3201,#3202,#3203,#3204,#3205,#3206,#3207,#3208,
#3209,#3210,#3211,#3212,#3213,#3214,#3215,#3216,#3217,#3218,#3219,#3220,
#3221,#3222,#3223),(#3224,#3225,#3226,#3227,#3228,#3229,#3230,#3231,#3232,
#3233,#3234,#3235,#3236,#3237,#3238,#3239,#3240,#3241,#3242,#3243,#3244,
#3245,#3246,#3247,#3248,#3249,#3250,#3251,#3252,#3253,#3254,#3255,#3256,
#3257,#3258,#3259,#3260,#3261,#3262,#3263,#3264,#3265,#3266,#3267,#3268,
#3269,#3270,#3271,#3272,#3273,#3274,#3275,#3276,#3277,#3278,#3279,#3280,
#3281,#3282,#3283,#3284,#3285,#3286,#3287,#3288,#3289,#3290,#3291),(#3292,
#3293,#3294,#3295,#3296,#3297,#3298,#3299,#3300,#3301,#3302,#3303,#3304,
#3305,#3306,#3307,#3308,#3309,#3310,#3311,#3312,#3313,#3314,#3315,#3316,
#3317,#3318,#3319,#3320,#3321,#3322,#3323,#3324,#3325,#3326,#3327,#3328,
#3329,#3330,#3331,#3332,#3333,#3334,#3335,#3336,#3337,#3338,#3339,#3340,
#3341,#3342,#3343,#3344,#3345,#3346,#3347,#3348,#3349,#3350,#3351,#3352,
#3353,#3354,#3355,#3356,#3357,#3358,#3359),(#3360,#3361,#3362,#3363,#3364,
#3365,#3366,#3367,#3368,#3369,#3370,#3371,#3372,#3373,#3374,#3375,#3376,
#3377,#3378,#3379,#3380,#3381,#3382,#3383,#3384,#3385,#3386,#3387,#3388,
#3389,#3390,#3391,#3392,#3393,#3394,#3395,#3396,#3397,#3398,#3399,#3400,
#3401,#3402,#3403,#3404,#3405,#3406,#3407,#3408,#3409,#3410,#3411,#3412,
#3413,#3414,#3415,#3416,#3417,#3418,#3419,#3420,#3421,#3422,#3423,#3424,
#3425,#3426,#3427)),.UNSPECIFIED.,.F.,.F.,.F.,(4,4),(4,2,2,2,2,2,2,2,2,
2,2,2,2,2,2,2,2,2,2,2,2,2,2,2,2,2,2,2,2,2,2,2,2,4),(-3.25375682227246,4.23054181644081),
(0.00360404367018044,0.03125,0.0625,0.09375,0.125,0.15625,0.1875,0.21875,
0.25,0.28125,0.3125,0.34375,0.375,0.40625,0.4375,0.46875,0.5,0.53125,0.5625,
0.59375,0.625,0.65625,0.6875,0.71875,0.75,0.78125,0.8125,0.84375,0.875,
0.90625,0.9375,0.96875,1.,1.00010718470902),.UNSPECIFIED.);
#50=B_SPLINE_SURFACE_WITH_KNOTS('',3,3,((#3695,#3696,#3697,#3698,#3699,
#3700,#3701,#3702,#3703,#3704,#3705,#3706,#3707,#3708,#3709,#3710,#3711,
#3712,#3713,#3714,#3715,#3716,#3717,#3718,#3719,#3720,#3721,#3722,#3723,
#3724,#3725,#3726,#3727,#3728,#3729,#3730,#3731,#3732,#3733,#3734,#3735,
#3736,#3737,#3738,#3739,#3740,#3741,#3742,#3743,#3744,#3745,#3746,#3747,
#3748,#3749,#3750,#3751,#3752,#3753,#3754,#3755,#3756,#3757,#3758,#3759,
#3760),(#3761,#3762,#3763,#3764,#3765,#3766,#3767,#3768,#3769,#3770,#3771,
#3772,#3773,#3774,#3775,#3776,#3777,#3778,#3779,#3780,#3781,#3782,#3783,
#3784,#3785,#3786,#3787,#3788,#3789,#3790,#3791,#3792,#3793,#3794,#3795,
#3796,#3797,#3798,#3799,#3800,#3801,#3802,#3803,#3804,#3805,#3806,#3807,
#3808,#3809,#3810,#3811,#3812,#3813,#3814,#3815,#3816,#3817,#3818,#3819,
#3820,#3821,#3822,#3823,#3824,#3825,#3826),(#3827,#3828,#3829,#3830,#3831,
#3832,#3833,#3834,#3835,#3836,#3837,#3838,#3839,#3840,#3841,#3842,#3843,
#3844,#3845,#3846,#3847,#3848,#3849,#3850,#3851,#3852,#3853,#3854,#3855,
#3856,#3857,#3858,#3859,#3860,#3861,#3862,#3863,#3864,#3865,#3866,#3867,
#3868,#3869,#3870,#3871,#3872,#3873,#3874,#3875,#3876,#3877,#3878,#3879,
#3880,#3881,#3882,#3883,#3884,#3885,#3886,#3887,#3888,#3889,#3890,#3891,
#3892),(#3893,#3894,#3895,#3896,#3897,#3898,#3899,#3900,#3901,#3902,#3903,
#3904,#3905,#3906,#3907,#3908,#3909,#3910,#3911,#3912,#3913,#3914,#3915,
#3916,#3917,#3918,#3919,#3920,#3921,#3922,#3923,#3924,#3925,#3926,#3927,
#3928,#3929,#3930,#3931,#3932,#3933,#3934,#3935,#3936,#3937,#3938,#3939,
#3940,#3941,#3942,#3943,#3944,#3945,#3946,#3947,#3948,#3949,#3950,#3951,
#3952,#3953,#3954,#3955,#3956,#3957,#3958)),.UNSPECIFIED.,.F.,.F.,.F.,(4,
4),(4,2,2,2,2,2,2,2,2,2,2,2,2,2,2,2,2,2,2,2,2,2,2,2,2,2,2,2,2,2,2,2,4),
(0.176007091411979,1.14788993391365),(0.0257222640559739,0.03125,0.0625,
0.09375,0.125,0.15625,0.1875,0.21875,0.25,0.28125,0.3125,0.34375,0.375,
0.40625,0.4375,0.46875,0.5,0.53125,0.5625,0.59375,0.625,0.65625,0.6875,
0.71875,0.75,0.78125,0.8125,0.84375,0.875,0.90625,0.9375,0.96875,1.00004376706805),
 .UNSPECIFIED.);
#51=B_SPLINE_SURFACE_WITH_KNOTS('',3,3,((#3967,#3968,#3969,#3970,#3971,
#3972,#3973,#3974,#3975,#3976,#3977,#3978,#3979,#3980,#3981,#3982,#3983,
#3984,#3985,#3986,#3987,#3988,#3989,#3990,#3991,#3992,#3993,#3994,#3995,
#3996,#3997,#3998,#3999,#4000,#4001,#4002,#4003,#4004,#4005,#4006,#4007,
#4008,#4009,#4010,#4011,#4012,#4013,#4014,#4015,#4016,#4017,#4018,#4019,
#4020,#4021,#4022,#4023,#4024,#4025,#4026,#4027,#4028,#4029,#4030,#4031,
#4032),(#4033,#4034,#4035,#4036,#4037,#4038,#4039,#4040,#4041,#4042,#4043,
#4044,#4045,#4046,#4047,#4048,#4049,#4050,#4051,#4052,#4053,#4054,#4055,
#4056,#4057,#4058,#4059,#4060,#4061,#4062,#4063,#4064,#4065,#4066,#4067,
#4068,#4069,#4070,#4071,#4072,#4073,#4074,#4075,#4076,#4077,#4078,#4079,
#4080,#4081,#4082,#4083,#4084,#4085,#4086,#4087,#4088,#4089,#4090,#4091,
#4092,#4093,#4094,#4095,#4096,#4097,#4098),(#4099,#4100,#4101,#4102,#4103,
#4104,#4105,#4106,#4107,#4108,#4109,#4110,#4111,#4112,#4113,#4114,#4115,
#4116,#4117,#4118,#4119,#4120,#4121,#4122,#4123,#4124,#4125,#4126,#4127,
#4128,#4129,#4130,#4131,#4132,#4133,#4134,#4135,#4136,#4137,#4138,#4139,
#4140,#4141,#4142,#4143,#4144,#4145,#4146,#4147,#4148,#4149,#4150,#4151,
#4152,#4153,#4154,#4155,#4156,#4157,#4158,#4159,#4160,#4161,#4162,#4163,
#4164),(#4165,#4166,#4167,#4168,#4169,#4170,#4171,#4172,#4173,#4174,#4175,
#4176,#4177,#4178,#4179,#4180,#4181,#4182,#4183,#4184,#4185,#4186,#4187,
#4188,#4189,#4190,#4191,#4192,#4193,#4194,#4195,#4196,#4197,#4198,#4199,
#4200,#4201,#4202,#4203,#4204,#4205,#4206,#4207,#4208,#4209,#4210,#4211,
#4212,#4213,#4214,#4215,#4216,#4217,#4218,#4219,#4220,#4221,#4222,#4223,
#4224,#4225,#4226,#4227,#4228,#4229,#4230)),.UNSPECIFIED.,.F.,.F.,.F.,(4,
4),(4,2,2,2,2,2,2,2,2,2,2,2,2,2,2,2,2,2,2,2,2,2,2,2,2,2,2,2,2,2,2,2,4),
(-0.146775128656109,0.818183720780753),(0.0124861927887124,0.03125,0.0625,
0.09375,0.125,0.15625,0.1875,0.21875,0.25,0.28125,0.3125,0.34375,0.375,
0.40625,0.4375,0.46875,0.5,0.53125,0.5625,0.59375,0.625,0.65625,0.6875,
0.71875,0.75,0.78125,0.8125,0.84375,0.875,0.90625,0.9375,0.96875,1.00004347649596),
 .UNSPECIFIED.);
#52=FACE_BOUND('',#197,.T.);
#53=FACE_BOUND('',#202,.T.);
#54=FACE_BOUND('',#204,.T.);
#55=PLANE('',#1183);
#56=PLANE('',#1184);
#57=PLANE('',#1185);
#58=PLANE('',#1186);
#59=PLANE('',#1187);
#60=PLANE('',#1188);
#61=PLANE('',#1189);
#62=PLANE('',#1190);
#63=PLANE('',#1191);
#64=PLANE('',#1192);
#65=PLANE('',#1193);
#66=PLANE('',#1194);
#67=PLANE('',#1195);
#68=PLANE('',#1196);
#69=PLANE('',#1197);
#70=PLANE('',#1198);
#71=PLANE('',#1199);
#72=PLANE('',#1200);
#73=PLANE('',#1201);
#74=PLANE('',#1202);
#75=PLANE('',#1203);
#76=PLANE('',#1204);
#77=PLANE('',#1205);
#78=PLANE('',#1206);
#79=PLANE('',#1207);
#80=PLANE('',#1208);
#81=PLANE('',#1209);
#82=PLANE('',#1210);
#83=PLANE('',#1211);
#84=PLANE('',#1212);
#85=PLANE('',#1213);
#86=PLANE('',#1214);
#87=PLANE('',#1215);
#88=PLANE('',#1216);
#89=PLANE('',#1217);
#90=PLANE('',#1218);
#91=PLANE('',#1219);
#92=PLANE('',#1220);
#93=PLANE('',#1221);
#94=PLANE('',#1222);
#95=TOROIDAL_SURFACE('',#1176,0.19375,0.0803149606299213);
#96=(
BOUNDED_CURVE()
B_SPLINE_CURVE(2,(#2013,#2014,#2015,#2016,#2017),.UNSPECIFIED.,.F.,.F.)
B_SPLINE_CURVE_WITH_KNOTS((3,1,1,3),(-2.63814387927257,-2.6173335908105,
-2.11456618127697,-2.04644177877522),.UNSPECIFIED.)
CURVE()
GEOMETRIC_REPRESENTATION_ITEM()
RATIONAL_B_SPLINE_CURVE((2.43308501369798,2.5070380901359,4.33606729144715,
5.49801012118101,5.6232058863369))
REPRESENTATION_ITEM('')
);
#97=(
BOUNDED_CURVE()
B_SPLINE_CURVE(2,(#2019,#2020,#2021,#2022),.UNSPECIFIED.,.F.,.F.)
B_SPLINE_CURVE_WITH_KNOTS((3,1,3),(-0.77901941198993,-0.378989868841559,
-0.187317311492505),.UNSPECIFIED.)
CURVE()
GEOMETRIC_REPRESENTATION_ITEM()
RATIONAL_B_SPLINE_CURVE((5.62320588633647,4.88805074515023,3.11422767592075,
2.43308501369793))
REPRESENTATION_ITEM('')
);
#98=(
BOUNDED_CURVE()
B_SPLINE_CURVE(2,(#2034,#2035,#2036,#2037,#2038),.UNSPECIFIED.,.F.,.F.)
B_SPLINE_CURVE_WITH_KNOTS((3,1,1,3),(2.0464417787751,2.11456618127686,2.61733359081044,
2.63814387927252),.UNSPECIFIED.)
CURVE()
GEOMETRIC_REPRESENTATION_ITEM()
RATIONAL_B_SPLINE_CURVE((5.62320588633646,5.49801012118059,4.33606729144694,
2.50703809013584,2.43308501369793))
REPRESENTATION_ITEM('')
);
#99=(
BOUNDED_CURVE()
B_SPLINE_CURVE(2,(#2040,#2041,#2042,#2043),.UNSPECIFIED.,.F.,.F.)
B_SPLINE_CURVE_WITH_KNOTS((3,1,3),(0.187317311492478,0.3789898688416,0.779019411989837),
 .UNSPECIFIED.)
CURVE()
GEOMETRIC_REPRESENTATION_ITEM()
RATIONAL_B_SPLINE_CURVE((2.43308501369798,3.11422767592118,4.88805074515069,
5.62320588633692))
REPRESENTATION_ITEM('')
);
#100=CONICAL_SURFACE('',#1144,0.06875,0.0436332312998583);
#101=CONICAL_SURFACE('',#1163,18.3585692187006,0.436332312998579);
#102=CONICAL_SURFACE('',#1170,0.223919424826507,0.785398163397453);
#103=CONICAL_SURFACE('',#1179,0.0282842712474619,0.0436332312998583);
#104=CONICAL_SURFACE('',#1181,0.0282842712474619,0.0436332312998583);
#105=ELLIPSE('',#1138,0.124473512287107,0.113435039370079);
#106=ELLIPSE('',#1147,0.258323005046969,0.0659653559816188);
#107=ELLIPSE('',#1149,0.258323005047255,0.065965355981763);
#108=ELLIPSE('',#1151,0.258323005054429,0.065965355985433);
#109=ELLIPSE('',#1153,0.258323005052028,0.0659653559841996);
#110=ELLIPSE('',#1155,0.258323005047549,0.0659653559819125);
#111=ELLIPSE('',#1157,0.258323005047255,0.065965355981763);
#112=ELLIPSE('',#1159,0.258323005054429,0.065965355985433);
#113=ELLIPSE('',#1161,0.258323005048318,0.0659653559823155);
#114=FACE_OUTER_BOUND('',#172,.T.);
#115=FACE_OUTER_BOUND('',#173,.T.);
#116=FACE_OUTER_BOUND('',#174,.T.);
#117=FACE_OUTER_BOUND('',#175,.T.);
#118=FACE_OUTER_BOUND('',#176,.T.);
#119=FACE_OUTER_BOUND('',#177,.T.);
#120=FACE_OUTER_BOUND('',#178,.T.);
#121=FACE_OUTER_BOUND('',#179,.T.);
#122=FACE_OUTER_BOUND('',#180,.T.);
#123=FACE_OUTER_BOUND('',#181,.T.);
#124=FACE_OUTER_BOUND('',#182,.T.);
#125=FACE_OUTER_BOUND('',#183,.T.);
#126=FACE_OUTER_BOUND('',#184,.T.);
#127=FACE_OUTER_BOUND('',#185,.T.);
#128=FACE_OUTER_BOUND('',#186,.T.);
#129=FACE_OUTER_BOUND('',#187,.T.);
#130=FACE_OUTER_BOUND('',#188,.T.);
#131=FACE_OUTER_BOUND('',#189,.T.);
#132=FACE_OUTER_BOUND('',#190,.T.);
#133=FACE_OUTER_BOUND('',#191,.T.);
#134=FACE_OUTER_BOUND('',#192,.T.);
#135=FACE_OUTER_BOUND('',#193,.T.);
#136=FACE_OUTER_BOUND('',#194,.T.);
#137=FACE_OUTER_BOUND('',#195,.T.);
#138=FACE_OUTER_BOUND('',#196,.T.);
#139=FACE_OUTER_BOUND('',#198,.T.);
#140=FACE_OUTER_BOUND('',#199,.T.);
#141=FACE_OUTER_BOUND('',#200,.T.);
#142=FACE_OUTER_BOUND('',#201,.T.);
#143=FACE_OUTER_BOUND('',#203,.T.);
#144=FACE_OUTER_BOUND('',#205,.T.);
#145=FACE_OUTER_BOUND('',#206,.T.);
#146=FACE_OUTER_BOUND('',#207,.T.);
#147=FACE_OUTER_BOUND('',#208,.T.);
#148=FACE_OUTER_BOUND('',#209,.T.);
#149=FACE_OUTER_BOUND('',#210,.T.);
#150=FACE_OUTER_BOUND('',#211,.T.);
#151=FACE_OUTER_BOUND('',#212,.T.);
#152=FACE_OUTER_BOUND('',#213,.T.);
#153=FACE_OUTER_BOUND('',#214,.T.);
#154=FACE_OUTER_BOUND('',#215,.T.);
#155=FACE_OUTER_BOUND('',#216,.T.);
#156=FACE_OUTER_BOUND('',#217,.T.);
#157=FACE_OUTER_BOUND('',#218,.T.);
#158=FACE_OUTER_BOUND('',#219,.T.);
#159=FACE_OUTER_BOUND('',#220,.T.);
#160=FACE_OUTER_BOUND('',#221,.T.);
#161=FACE_OUTER_BOUND('',#222,.T.);
#162=FACE_OUTER_BOUND('',#223,.T.);
#163=FACE_OUTER_BOUND('',#224,.T.);
#164=FACE_OUTER_BOUND('',#225,.T.);
#165=FACE_OUTER_BOUND('',#226,.T.);
#166=FACE_OUTER_BOUND('',#227,.T.);
#167=FACE_OUTER_BOUND('',#228,.T.);
#168=FACE_OUTER_BOUND('',#229,.T.);
#169=FACE_OUTER_BOUND('',#230,.T.);
#170=FACE_OUTER_BOUND('',#231,.T.);
#171=FACE_OUTER_BOUND('',#232,.T.);
#172=EDGE_LOOP('',(#732,#733,#734));
#173=EDGE_LOOP('',(#735,#736,#737,#738,#739,#740,#741));
#174=EDGE_LOOP('',(#742,#743,#744,#745,#746));
#175=EDGE_LOOP('',(#747,#748,#749,#750,#751,#752));
#176=EDGE_LOOP('',(#753,#754,#755));
#177=EDGE_LOOP('',(#756,#757,#758,#759,#760,#761,#762,#763,#764,#765,#766,
#767,#768,#769,#770,#771,#772,#773,#774,#775));
#178=EDGE_LOOP('',(#776,#777,#778,#779,#780,#781,#782,#783,#784,#785,#786,
#787,#788,#789,#790,#791));
#179=EDGE_LOOP('',(#792,#793,#794,#795,#796));
#180=EDGE_LOOP('',(#797,#798,#799,#800,#801));
#181=EDGE_LOOP('',(#802,#803,#804,#805,#806,#807,#808,#809));
#182=EDGE_LOOP('',(#810,#811,#812,#813));
#183=EDGE_LOOP('',(#814,#815,#816,#817));
#184=EDGE_LOOP('',(#818,#819,#820,#821,#822));
#185=EDGE_LOOP('',(#823,#824,#825,#826,#827));
#186=EDGE_LOOP('',(#828,#829,#830,#831));
#187=EDGE_LOOP('',(#832,#833,#834,#835,#836));
#188=EDGE_LOOP('',(#837,#838,#839,#840,#841));
#189=EDGE_LOOP('',(#842,#843,#844,#845));
#190=EDGE_LOOP('',(#846,#847,#848,#849,#850));
#191=EDGE_LOOP('',(#851,#852,#853,#854,#855));
#192=EDGE_LOOP('',(#856,#857,#858,#859));
#193=EDGE_LOOP('',(#860,#861,#862,#863,#864));
#194=EDGE_LOOP('',(#865,#866,#867,#868,#869));
#195=EDGE_LOOP('',(#870,#871,#872,#873));
#196=EDGE_LOOP('',(#874,#875,#876,#877,#878));
#197=EDGE_LOOP('',(#879,#880,#881,#882,#883,#884,#885,#886,#887,#888,#889,
#890,#891,#892));
#198=EDGE_LOOP('',(#893,#894,#895,#896,#897));
#199=EDGE_LOOP('',(#898,#899,#900,#901,#902));
#200=EDGE_LOOP('',(#903,#904,#905,#906,#907,#908));
#201=EDGE_LOOP('',(#909));
#202=EDGE_LOOP('',(#910,#911,#912,#913,#914,#915,#916,#917,#918,#919,#920,
#921,#922,#923,#924,#925));
#203=EDGE_LOOP('',(#926));
#204=EDGE_LOOP('',(#927));
#205=EDGE_LOOP('',(#928,#929,#930,#931,#932,#933,#934));
#206=EDGE_LOOP('',(#935,#936,#937,#938,#939,#940));
#207=EDGE_LOOP('',(#941,#942,#943,#944,#945,#946,#947,#948));
#208=EDGE_LOOP('',(#949,#950,#951,#952,#953));
#209=EDGE_LOOP('',(#954,#955,#956,#957));
#210=EDGE_LOOP('',(#958,#959,#960,#961,#962));
#211=EDGE_LOOP('',(#963,#964,#965,#966,#967));
#212=EDGE_LOOP('',(#968,#969,#970,#971));
#213=EDGE_LOOP('',(#972,#973,#974,#975));
#214=EDGE_LOOP('',(#976,#977,#978,#979));
#215=EDGE_LOOP('',(#980,#981,#982,#983));
#216=EDGE_LOOP('',(#984));
#217=EDGE_LOOP('',(#985,#986,#987,#988));
#218=EDGE_LOOP('',(#989,#990,#991,#992));
#219=EDGE_LOOP('',(#993,#994,#995,#996));
#220=EDGE_LOOP('',(#997,#998,#999,#1000));
#221=EDGE_LOOP('',(#1001,#1002,#1003,#1004));
#222=EDGE_LOOP('',(#1005,#1006,#1007,#1008));
#223=EDGE_LOOP('',(#1009,#1010,#1011,#1012));
#224=EDGE_LOOP('',(#1013,#1014,#1015,#1016));
#225=EDGE_LOOP('',(#1017,#1018,#1019,#1020));
#226=EDGE_LOOP('',(#1021,#1022,#1023,#1024));
#227=EDGE_LOOP('',(#1025,#1026,#1027,#1028));
#228=EDGE_LOOP('',(#1029,#1030,#1031,#1032));
#229=EDGE_LOOP('',(#1033,#1034,#1035,#1036));
#230=EDGE_LOOP('',(#1037,#1038,#1039,#1040,#1041));
#231=EDGE_LOOP('',(#1042,#1043,#1044,#1045));
#232=EDGE_LOOP('',(#1046,#1047,#1048,#1049));
#233=CIRCLE('',#1135,0.113435039370079);
#234=CIRCLE('',#1137,0.113435039370079);
#235=CIRCLE('',#1141,0.113435039370079);
#236=CIRCLE('',#1143,0.113435039370079);
#237=CIRCLE('',#1145,0.0381873399640415);
#238=CIRCLE('',#1146,0.0661303434254893);
#239=CIRCLE('',#1148,0.06875);
#240=CIRCLE('',#1150,0.0661303434254893);
#241=CIRCLE('',#1152,0.06875);
#242=CIRCLE('',#1154,0.0661303434254893);
#243=CIRCLE('',#1156,0.06875);
#244=CIRCLE('',#1158,0.0661303434254893);
#245=CIRCLE('',#1160,0.06875);
#246=CIRCLE('',#1162,0.0661303434254893);
#247=CIRCLE('',#1164,0.0915918255086118);
#248=CIRCLE('',#1165,0.0915918255086118);
#249=CIRCLE('',#1166,0.00712050078519101);
#250=CIRCLE('',#1167,0.0915918255086118);
#251=CIRCLE('',#1168,0.0915918255086118);
#252=CIRCLE('',#1169,0.00712050078519101);
#253=CIRCLE('',#1171,0.244685039370079);
#254=CIRCLE('',#1172,0.218153810282935);
#255=CIRCLE('',#1173,0.244685039370079);
#256=CIRCLE('',#1175,0.244685039370079);
#257=CIRCLE('',#1177,0.0803149606299213);
#258=CIRCLE('',#1178,0.19375);
#259=CIRCLE('',#1180,0.0282842712474619);
#260=CIRCLE('',#1182,0.0282842712474619);
#261=B_SPLINE_CURVE_WITH_KNOTS('',3,(#1536,#1537,#1538,#1539,#1540,#1541,
#1542,#1543,#1544,#1545,#1546,#1547,#1548,#1549,#1550,#1551,#1552,#1553,
#1554,#1555,#1556,#1557,#1558,#1559,#1560,#1561,#1562,#1563,#1564,#1565,
#1566,#1567),.UNSPECIFIED.,.F.,.F.,(4,2,2,2,2,2,2,2,2,2,2,2,2,2,2,4),(-3.38682548905769,
-3.35480501719977,-3.23428373424361,-3.11376346502251,-3.05354025655747,
-2.99341905158082,-2.9332074479685,-2.87307918114843,-2.81287947863047,
-2.75274314515465,-2.69255539671573,-2.63241000562861,-2.57223403995156,
-2.51207860941048,-2.45191404864052,-2.4011252165271),.UNSPECIFIED.);
#262=B_SPLINE_CURVE_WITH_KNOTS('',3,(#1573,#1574,#1575,#1576,#1577,#1578,
#1579,#1580,#1581,#1582,#1583,#1584,#1585,#1586,#1587,#1588,#1589,#1590,
#1591,#1592,#1593,#1594,#1595,#1596,#1597,#1598,#1599,#1600,#1601,#1602,
#1603,#1604,#1605,#1606,#1607,#1608,#1609,#1610,#1611,#1612,#1613,#1614,
#1615,#1616,#1617,#1618,#1619,#1620,#1621,#1622,#1623,#1624,#1625,#1626,
#1627,#1628,#1629,#1630),.UNSPECIFIED.,.F.,.F.,(4,2,2,2,2,2,2,2,2,2,2,2,
2,2,2,2,2,2,2,2,2,2,2,2,2,2,2,2,4),(-2.4011252165271,-2.39174760093109,
-2.33159387696186,-2.27141543350963,-2.2112718211354,-2.15107733804853,
-2.09094314928171,-2.03072449304445,-1.97059874033561,-1.91036097278934,
-1.8502424363008,-1.78999026433092,-1.72987769339944,-1.66961541656424,
-1.60950754770222,-1.54923905168687,-1.48913462317953,-1.4288633795326,
-1.36876114268347,-1.30849021399005,-1.18768805541906,-1.06688312317099,
-1.00677993864632,-0.88625440900313,-0.765732567533172,-0.645212380088957,
-0.58498593078286,-0.524866680437554,-0.519340522337782),.UNSPECIFIED.);
#263=B_SPLINE_CURVE_WITH_KNOTS('',3,(#1637,#1638,#1639,#1640,#1641,#1642,
#1643,#1644,#1645,#1646,#1647,#1648,#1649,#1650,#1651,#1652,#1653,#1654,
#1655,#1656,#1657,#1658,#1659,#1660,#1661,#1662,#1663,#1664,#1665,#1666,
#1667,#1668,#1669,#1670,#1671,#1672,#1673,#1674,#1675,#1676,#1677,#1678),
 .UNSPECIFIED.,.F.,.F.,(4,2,2,2,2,2,2,2,2,2,2,2,2,2,2,2,2,2,2,2,4),(-1.41220806220401,
-1.39977493379967,-1.34015683032045,-1.28066747912441,-1.22104422783431,
-1.1615558631903,-1.10192836212655,-1.04244027523191,-1.0126674311915,-0.953066652605064,
-0.893513513430099,-0.833921598337695,-0.774359569244986,-0.71477751342371,
-0.655206497589581,-0.595635286735277,-0.536055326372794,-0.476495931292336,
-0.416907216715581,-0.357360588418566,-0.302490209446943),.UNSPECIFIED.);
#264=B_SPLINE_CURVE_WITH_KNOTS('',3,(#1684,#1685,#1686,#1687,#1688,#1689,
#1690,#1691,#1692,#1693,#1694,#1695,#1696,#1697,#1698,#1699,#1700,#1701,
#1702,#1703,#1704,#1705,#1706,#1707,#1708,#1709,#1710,#1711,#1712,#1713,
#1714,#1715,#1716,#1717,#1718,#1719,#1720,#1721),.UNSPECIFIED.,.F.,.F.,
(4,2,2,2,2,2,2,2,2,2,2,2,2,2,2,2,2,2,4),(-3.12090548130386,-3.10297085809824,
-2.98428108867196,-2.86745216613541,-2.80938076753223,-2.69292115863175,
-2.57646755194409,-2.46001645638431,-2.34356415182529,-2.28533809703333,
-2.22723204336537,-2.16902254578685,-2.11090373578517,-2.05271118397326,
-1.99457777816186,-1.93640218903612,-1.87825235909291,-1.82009339409863,
-1.77103249648333),.UNSPECIFIED.);
#265=B_SPLINE_CURVE_WITH_KNOTS('',3,(#1722,#1723,#1724,#1725,#1726,#1727,
#1728,#1729,#1730,#1731,#1732,#1733,#1734,#1735,#1736,#1737,#1738,#1739,
#1740,#1741),.UNSPECIFIED.,.F.,.F.,(4,2,2,2,2,2,2,2,2,4),(-0.519340522337782,
-0.464651699847593,-0.404525686090421,-0.344322545688261,-0.284188758783994,
-0.223997580984203,-0.163855026394029,-0.103674747812741,-0.0435256540743161,
-0.0359628382191884),.UNSPECIFIED.);
#266=B_SPLINE_CURVE_WITH_KNOTS('',3,(#1742,#1743,#1744,#1745,#1746,#1747,
#1748,#1749,#1750,#1751,#1752,#1753,#1754,#1755,#1756,#1757,#1758,#1759,
#1760,#1761,#1762,#1763,#1764,#1765,#1766,#1767,#1768,#1769,#1770,#1771,
#1772,#1773,#1774,#1775,#1776,#1777,#1778,#1779,#1780,#1781,#1782,#1783,
#1784,#1785,#1786,#1787,#1788,#1789,#1790,#1791,#1792,#1793,#1794,#1795,
#1796,#1797,#1798,#1799,#1800,#1801,#1802,#1803,#1804,#1805,#1806,#1807,
#1808,#1809),.UNSPECIFIED.,.F.,.F.,(4,2,2,2,2,2,2,2,2,2,2,2,2,2,2,2,2,2,
2,2,2,2,2,2,2,2,2,2,2,2,2,2,2,4),(-3.27845072770296,-3.27605395494952,-3.21646651042048,
-3.15691937080665,-3.0973234839853,-3.03778996261458,-2.97818612805862,
-2.91866712378534,-2.85905600482357,-2.79955238195758,-2.73993481060986,
-2.6804456920867,-2.62082292187452,-2.56133481779939,-2.50170776257263,
-2.44221996574099,-2.41244734671184,-2.35284650856758,-2.29329400501808,
-2.23370198977105,-2.17414060306604,-2.11455840681222,-2.05498803468646,
-1.99541664361064,-1.93583732245984,-1.87627770806419,-1.81668962203028,
-1.75714273621308,-1.69754622492772,-1.63801299493665,-1.57840855969637,
-1.51888988306297,-1.45927819430608,-1.41220806220401),.UNSPECIFIED.);
#267=B_SPLINE_CURVE_WITH_KNOTS('',3,(#1816,#1817,#1818,#1819,#1820,#1821,
#1822,#1823,#1824,#1825,#1826,#1827,#1828,#1829,#1830,#1831,#1832,#1833,
#1834,#1835,#1836,#1837,#1838,#1839,#1840,#1841,#1842,#1843,#1844,#1845,
#1846,#1847,#1848,#1849,#1850,#1851,#1852,#1853,#1854,#1855,#1856,#1857,
#1858,#1859,#1860,#1861,#1862,#1863),.UNSPECIFIED.,.F.,.F.,(4,2,2,2,2,2,
2,2,2,2,2,2,2,2,2,2,2,2,2,2,2,2,2,4),(-1.77103249648333,-1.76192531766433,
-1.7037822970885,-1.64559415225633,-1.58746609447556,-1.52925418348596,
-1.47113995908402,-1.41289991224352,-1.35479793111591,-1.29653596648079,
-1.23844436687074,-1.18016630764699,-1.12208315564849,-1.06379436285472,
-1.00571767866988,-0.94742303379004,-0.889350813272213,-0.831054708222925,
-0.714231645734949,-0.597402960540724,-0.539331680014903,-0.42287231610461,
-0.306418952300556,-0.212280458664361),.UNSPECIFIED.);
#268=B_SPLINE_CURVE_WITH_KNOTS('',3,(#1865,#1866,#1867,#1868,#1869,#1870,
#1871,#1872,#1873,#1874,#1875,#1876,#1877,#1878,#1879,#1880),
 .UNSPECIFIED.,.F.,.F.,(4,2,2,2,2,2,2,4),(-3.7432800407607,-3.63444127301562,
-3.57391606747967,-3.51433373596647,-3.45476402018002,-3.39519245356731,
-3.3356137844558,-3.27845072770296),.UNSPECIFIED.);
#269=B_SPLINE_CURVE_WITH_KNOTS('',3,(#1881,#1882,#1883,#1884,#1885,#1886,
#1887,#1888,#1889,#1890,#1891,#1892,#1893,#1894,#1895,#1896,#1897,#1898,
#1899,#1900,#1901,#1902,#1903,#1904,#1905,#1906,#1907,#1908,#1909,#1910,
#1911,#1912,#1913,#1914,#1915,#1916,#1917,#1918,#1919,#1920),
 .UNSPECIFIED.,.F.,.F.,(4,2,2,2,2,2,2,2,2,2,2,2,2,2,2,2,2,2,2,4),(-1.44599859908308,
-1.42641525184876,-1.36659311696669,-1.30701881419726,-1.24719191553158,
-1.1876200630775,-1.12778975617739,-1.06821815083921,-1.00838579189102,
-0.948812339456573,-0.888979287921368,-0.829402010144503,-0.709886654597152,
-0.590371563636682,-0.530543937341281,-0.410613059054388,-0.290676853139017,
-0.170738655855823,-0.0508268519075979,-0.0266034082913847),
 .UNSPECIFIED.);
#270=B_SPLINE_CURVE_WITH_KNOTS('',3,(#1923,#1924,#1925,#1926,#1927,#1928,
#1929,#1930,#1931,#1932,#1933,#1934,#1935,#1936,#1937,#1938,#1939,#1940,
#1941,#1942,#1943,#1944,#1945,#1946,#1947,#1948,#1949,#1950,#1951,#1952,
#1953,#1954,#1955,#1956,#1957,#1958,#1959,#1960,#1961,#1962,#1963,#1964,
#1965,#1966),.UNSPECIFIED.,.F.,.F.,(4,2,2,2,2,2,2,2,2,2,2,2,2,2,2,2,2,2,
2,2,2,4),(-2.62899659005594,-2.62060199215894,-2.56089771529226,-2.50115936881464,
-2.44143961490076,-2.38171798526866,-2.32198299634724,-2.26227935358642,
-2.20252959452939,-2.14284516864296,-2.08308132796143,-2.02341730223867,
-1.96364029051931,-1.90399779470214,-1.84420874240092,-1.78460060375478,
-1.72480094884194,-1.66520506404454,-1.60539654038773,-1.54581032313416,
-1.48599431067905,-1.44599859908308),.UNSPECIFIED.);
#271=B_SPLINE_CURVE_WITH_KNOTS('',3,(#2065,#2066,#2067,#2068,#2069,#2070,
#2071,#2072),.UNSPECIFIED.,.F.,.F.,(4,2,2,4),(-2.39550021070811,-2.25906121504866,
-2.07049595345388,-1.87686879699462),.UNSPECIFIED.);
#272=B_SPLINE_CURVE_WITH_KNOTS('',3,(#2074,#2075,#2076,#2077,#2078,#2079,
#2080,#2081),.UNSPECIFIED.,.F.,.F.,(4,2,2,4),(0.180640611989233,0.209064528544206,
0.319768344872447,0.383635320679338),.UNSPECIFIED.);
#273=B_SPLINE_CURVE_WITH_KNOTS('',3,(#2082,#2083,#2084,#2085),
 .UNSPECIFIED.,.F.,.F.,(4,4),(0.61517148240622,0.625723092410412),
 .UNSPECIFIED.);
#274=B_SPLINE_CURVE_WITH_KNOTS('',3,(#2167,#2168,#2169,#2170,#2171,#2172),
 .UNSPECIFIED.,.F.,.F.,(4,2,4),(0.113423850201087,0.131473231548102,0.150493872061778),
 .UNSPECIFIED.);
#275=B_SPLINE_CURVE_WITH_KNOTS('',3,(#2174,#2175,#2176,#2177,#2178,#2179,
#2180,#2181,#2182,#2183,#2184,#2185,#2186,#2187,#2188,#2189,#2190,#2191,
#2192,#2193,#2194,#2195,#2196,#2197,#2198,#2199,#2200,#2201,#2202,#2203,
#2204,#2205,#2206,#2207,#2208,#2209,#2210,#2211,#2212,#2213,#2214,#2215,
#2216),.UNSPECIFIED.,.F.,.F.,(4,3,3,3,3,3,3,3,3,3,3,3,3,3,4),(0.260123044829558,
0.291968087945524,0.301628089010356,0.30730318208147,0.387503217293422,
0.459953721835613,0.489066960825136,0.517547663953579,0.576859075065804,
0.65489102542643,0.684747046939851,0.770714872048945,0.868951836824328,
0.876049467236093,0.910510931673568),.UNSPECIFIED.);
#276=B_SPLINE_CURVE_WITH_KNOTS('',3,(#2217,#2218,#2219,#2220),
 .UNSPECIFIED.,.F.,.F.,(4,4),(0.153258584828915,0.156302990727625),
 .UNSPECIFIED.);
#277=B_SPLINE_CURVE_WITH_KNOTS('',3,(#2438,#2439,#2440,#2441,#2442,#2443,
#2444,#2445,#2446,#2447,#2448,#2449,#2450,#2451,#2452,#2453,#2454,#2455,
#2456,#2457,#2458,#2459,#2460,#2461,#2462,#2463,#2464,#2465,#2466,#2467,
#2468,#2469,#2470,#2471,#2472,#2473,#2474,#2475,#2476,#2477,#2478,#2479,
#2480,#2481,#2482,#2483,#2484,#2485,#2486,#2487,#2488,#2489,#2490,#2491,
#2492,#2493,#2494,#2495,#2496,#2497,#2498,#2499,#2500,#2501,#2502,#2503,
#2504,#2505,#2506,#2507,#2508,#2509,#2510,#2511,#2512,#2513,#2514,#2515,
#2516,#2517,#2518,#2519,#2520,#2521,#2522,#2523,#2524,#2525,#2526,#2527,
#2528,#2529,#2530,#2531,#2532,#2533,#2534,#2535,#2536,#2537,#2538,#2539,
#2540,#2541,#2542,#2543,#2544,#2545),.UNSPECIFIED.,.F.,.F.,(4,2,2,2,2,2,
2,2,2,2,2,2,2,2,2,2,2,2,2,2,2,2,2,2,2,2,2,2,2,2,2,2,2,2,2,2,2,2,2,2,2,2,
2,2,2,2,2,2,2,2,2,2,2,4),(-3.78133822616818,-3.74439190379359,-3.68567535226452,
-3.6263067891454,-3.5665692660486,-3.50624834705848,-3.44547125214596,-3.38417182206313,
-3.32233109230126,-3.26002270300657,-3.19709013295728,-3.13373923637106,
-3.06968361769202,-3.0052545782742,-2.94004266969506,-2.90717443586183,
-2.84218459626624,-2.80897904784632,-2.742245262498,-2.67461384101031,-2.606707078379,
-2.53783183420579,-2.46871551247207,-2.39856217216796,-2.32820034599877,
-2.25673522707806,-2.18509286586844,-2.11228314620251,-2.0393263353824,
-1.96514024808408,-1.89083632459465,-1.81524328933312,-1.73956092193066,
-1.66253162236049,-1.58544084576653,-1.50694726227012,-1.42841947362965,
-1.3484348794939,-1.26844280468129,-1.18694173311393,-1.10545936995988,
-1.02241755812122,-0.939420101486256,-0.85481441792736,-0.770281074402205,
-0.68408943476289,-0.597994633105587,-0.510195905986204,-0.422517881309331,
-0.33309179413133,-0.243809597448426,-0.198892419474251,-0.107927168164446,
-0.0436454927263314),.UNSPECIFIED.);
#278=B_SPLINE_CURVE_WITH_KNOTS('',3,(#2546,#2547,#2548,#2549),
 .UNSPECIFIED.,.F.,.F.,(4,4),(0.0813485337212085,0.269555169957306),
 .UNSPECIFIED.);
#279=B_SPLINE_CURVE_WITH_KNOTS('',3,(#2807,#2808,#2809,#2810,#2811,#2812,
#2813,#2814,#2815,#2816,#2817,#2818,#2819,#2820,#2821,#2822,#2823,#2824,
#2825,#2826,#2827,#2828,#2829,#2830,#2831,#2832,#2833,#2834,#2835,#2836,
#2837,#2838,#2839,#2840,#2841,#2842,#2843,#2844,#2845,#2846,#2847,#2848,
#2849,#2850,#2851,#2852,#2853,#2854,#2855,#2856,#2857,#2858,#2859,#2860,
#2861,#2862,#2863,#2864,#2865,#2866,#2867,#2868,#2869,#2870,#2871,#2872,
#2873,#2874,#2875,#2876,#2877,#2878,#2879,#2880,#2881,#2882,#2883,#2884,
#2885,#2886,#2887,#2888,#2889,#2890,#2891,#2892,#2893,#2894,#2895,#2896,
#2897,#2898,#2899,#2900,#2901,#2902,#2903,#2904,#2905,#2906),
 .UNSPECIFIED.,.F.,.F.,(4,2,2,2,2,2,2,2,2,2,2,2,2,2,2,2,2,2,2,2,2,2,2,2,
2,2,2,2,2,2,2,2,2,2,2,2,2,2,2,2,2,2,2,2,2,2,2,2,2,4),(-3.61786004685532,
-3.61305824513642,-3.56381317173138,-3.4663434198316,-3.40159875269766,
-3.31226375177377,-3.22370554909734,-3.13579553495959,-3.04861367757366,
-2.96210591193262,-2.87627568873804,-2.79114663681112,-2.70664258411756,
-2.62286793616405,-2.53966387286001,-2.45721858178399,-2.37528766302151,
-2.29414600100639,-2.21346079489079,-2.13359643412074,-2.05412902479292,
-1.97551514553861,-1.89723726862878,-1.81984670046425,-1.74272991538738,
-1.6665353164917,-1.59055122170904,-1.51552530191915,-1.44064579949842,
-1.36676159322048,-1.29295920963849,-1.22019040556069,-1.14743867566159,
-1.07576000981653,-1.00403393179262,-0.93342165127191,-0.8626982203141,
-0.79313062492728,-0.723389453264402,-0.654847522089472,-0.586071552931511,
-0.51853966215719,-0.485029035332723,-0.451406382694018,-0.385193973973751,
-0.352291813857137,-0.319293241651352,-0.254367808604454,-0.222056796139664,
-0.200425782380157),.UNSPECIFIED.);
#280=B_SPLINE_CURVE_WITH_KNOTS('',3,(#2908,#2909,#2910,#2911),
 .UNSPECIFIED.,.F.,.F.,(4,4),(0.0623846770958121,0.157319276621777),
 .UNSPECIFIED.);
#281=B_SPLINE_CURVE_WITH_KNOTS('',3,(#2912,#2913,#2914,#2915,#2916,#2917),
 .UNSPECIFIED.,.F.,.F.,(4,2,4),(-0.0618707583113898,-0.0614366334775275,
-0.0490450718365186),.UNSPECIFIED.);
#282=B_SPLINE_CURVE_WITH_KNOTS('',3,(#3111,#3112,#3113,#3114,#3115,#3116,
#3117,#3118,#3119,#3120),.UNSPECIFIED.,.F.,.F.,(4,3,3,4),(-0.214509492380755,
-0.144639891160421,-0.0639165949114506,-0.0408572699173433),
 .UNSPECIFIED.);
#283=B_SPLINE_CURVE_WITH_KNOTS('',3,(#3121,#3122,#3123,#3124,#3125,#3126,
#3127,#3128,#3129,#3130,#3131,#3132,#3133),.UNSPECIFIED.,.F.,.F.,(4,3,3,
3,4),(0.0426118093264775,0.0505067037740859,0.0510703001453209,0.0511292998705878,
0.0515570546855553),.UNSPECIFIED.);
#284=B_SPLINE_CURVE_WITH_KNOTS('',3,(#3430,#3431,#3432,#3433),
 .UNSPECIFIED.,.F.,.F.,(4,4),(0.106887493492351,0.119587493492351),
 .UNSPECIFIED.);
#285=B_SPLINE_CURVE_WITH_KNOTS('',3,(#3435,#3436,#3437,#3438),
 .UNSPECIFIED.,.F.,.F.,(4,4),(-0.174038985984304,-0.0988941626391841),
 .UNSPECIFIED.);
#286=B_SPLINE_CURVE_WITH_KNOTS('',3,(#3439,#3440,#3441,#3442,#3443,#3444,
#3445,#3446,#3447,#3448,#3449,#3450,#3451,#3452,#3453,#3454,#3455,#3456,
#3457,#3458,#3459,#3460,#3461,#3462,#3463,#3464,#3465,#3466,#3467,#3468,
#3469,#3470,#3471,#3472,#3473,#3474,#3475,#3476,#3477,#3478,#3479,#3480,
#3481,#3482,#3483,#3484,#3485,#3486,#3487,#3488,#3489,#3490,#3491,#3492,
#3493,#3494,#3495,#3496,#3497,#3498,#3499,#3500,#3501,#3502,#3503,#3504,
#3505,#3506,#3507,#3508,#3509,#3510,#3511,#3512,#3513,#3514,#3515,#3516,
#3517,#3518,#3519,#3520,#3521,#3522,#3523,#3524,#3525,#3526,#3527,#3528,
#3529,#3530,#3531,#3532,#3533,#3534,#3535,#3536,#3537,#3538,#3539,#3540,
#3541,#3542,#3543,#3544,#3545,#3546,#3547,#3548,#3549,#3550,#3551,#3552,
#3553,#3554,#3555,#3556,#3557,#3558,#3559,#3560,#3561,#3562,#3563,#3564,
#3565,#3566,#3567,#3568),.UNSPECIFIED.,.F.,.F.,(4,2,2,2,2,2,2,2,2,2,2,2,
2,2,2,2,2,2,2,2,2,2,2,2,2,2,2,2,2,2,2,2,2,2,2,2,2,2,2,2,2,2,2,2,2,2,2,2,
2,2,2,2,2,2,2,2,2,2,2,2,2,2,2,2,4),(0.0939641391042953,0.104090706547718,
0.638371572868124,1.18320637728463,1.72045049337466,2.26833713339344,2.80849215996546,
3.35929609153206,3.90232000213145,4.45600539685853,5.00186168185622,5.55839848007592,
6.10705622357419,6.66642022841197,7.21785421141549,7.78002721342469,8.33421804418698,
8.8991879766798,9.45612225495557,10.0238833841304,10.5835538988664,11.1541070531675,
11.7165130189081,12.2898658595973,12.8550131958298,13.4311805359982,13.9990821931526,
14.5780863666567,15.1487627046608,15.7306339936243,16.3041132164748,16.8888903420952,
17.4652089979253,18.0529396822222,19.2131809862796,19.795523246723,20.3897413781518,
20.975636805243,21.5734610029701,22.1629914802409,22.764503642351,23.3577548047426,
23.9630405845182,24.560101541145,25.1692500623392,25.7702131285504,26.3833167110655,
26.9882771488626,27.6054310451406,28.2144868170447,28.8357889587652,29.4490404880535,
30.0745912430169,30.6921411852245,31.3220431237122,31.9439961478941,32.5783538190407,
33.2048163970963,33.8437361138469,34.4748163181865,35.1184059506418,35.754213259873,
36.3420897347889,36.7849470517461,37.1814154239728),.UNSPECIFIED.);
#287=B_SPLINE_CURVE_WITH_KNOTS('',3,(#3570,#3571,#3572,#3573,#3574,#3575,
#3576,#3577,#3578,#3579,#3580,#3581,#3582,#3583,#3584,#3585,#3586,#3587,
#3588,#3589,#3590,#3591,#3592,#3593,#3594,#3595,#3596,#3597,#3598,#3599,
#3600,#3601,#3602,#3603,#3604,#3605,#3606,#3607,#3608,#3609,#3610,#3611,
#3612,#3613,#3614,#3615,#3616,#3617,#3618,#3619,#3620,#3621,#3622,#3623,
#3624,#3625,#3626,#3627,#3628,#3629,#3630,#3631,#3632,#3633,#3634,#3635,
#3636,#3637,#3638,#3639,#3640,#3641,#3642,#3643,#3644,#3645,#3646,#3647,
#3648,#3649,#3650,#3651,#3652,#3653,#3654,#3655,#3656,#3657,#3658,#3659,
#3660,#3661,#3662,#3663,#3664,#3665,#3666,#3667,#3668,#3669,#3670,#3671,
#3672,#3673,#3674,#3675,#3676,#3677,#3678,#3679,#3680,#3681,#3682,#3683,
#3684,#3685,#3686,#3687),.UNSPECIFIED.,.F.,.F.,(4,2,2,2,2,2,2,2,2,2,2,2,
2,2,2,2,2,2,2,2,2,2,2,2,2,2,2,2,2,2,2,2,2,2,2,2,2,2,2,2,2,2,2,2,2,2,2,2,
2,2,2,2,2,2,2,2,2,2,4),(0.0642592459273144,0.1181657234232,0.189208175690938,
0.260080830885896,0.33080149004856,0.401387745979218,0.471856964022541,
0.489356791992189,0.524139478942789,0.559045934389465,0.593767261280437,
0.628616498204134,0.663276994442421,0.698069789954615,0.732670027099092,
0.767407197772709,0.8019477834392,0.836630178708903,0.871111749825274,0.90574024505825,
0.940163460706838,0.974738949643409,1.0091044833901,1.04362787003162,1.07793640160789,
1.11240859159909,1.14666079802819,1.18108268942159,1.21527923575006,1.24965170891338,
1.28379323794884,1.31811714509259,1.35220426667585,1.38648042048488,1.4205137000649,
1.45474286162096,1.48872280804621,1.52290567398694,1.5568327264987,1.59096991542017,
1.6248444299905,1.65893646790563,1.69275870262052,1.72680600767797,1.76057610739112,
1.79457897360101,1.82829695363146,1.8622555337791,1.89592126280255,1.92983555036001,
1.96344873241574,1.99731854250588,2.03087869796501,2.06470364745738,2.09821009327284,
2.12986588690124,2.15360428782425,2.18912328410085,2.21466249946686),
 .UNSPECIFIED.);
#288=B_SPLINE_CURVE_WITH_KNOTS('',3,(#3688,#3689,#3690,#3691,#3692,#3693,
#3694),.UNSPECIFIED.,.F.,.F.,(4,3,4),(-0.321576445720686,-0.202082232806326,
-0.186966150631935),.UNSPECIFIED.);
#289=B_SPLINE_CURVE_WITH_KNOTS('',3,(#3959,#3960,#3961,#3962,#3963,#3964,
#3965,#3966),.UNSPECIFIED.,.F.,.F.,(4,2,2,4),(0.989592343878554,1.00840715054332,
1.14935118277908,1.45050325072372),.UNSPECIFIED.);
#290=B_SPLINE_CURVE_WITH_KNOTS('',3,(#4231,#4232,#4233,#4234,#4235,#4236,
#4237,#4238),.UNSPECIFIED.,.F.,.F.,(4,2,2,4),(0.0809742765539862,0.194195666805177,
0.292196606538126,0.335416912136903),.UNSPECIFIED.);
#291=LINE('',#1534,#379);
#292=LINE('',#1572,#380);
#293=LINE('',#1634,#381);
#294=LINE('',#1682,#382);
#295=LINE('',#1813,#383);
#296=LINE('',#1972,#384);
#297=LINE('',#2009,#385);
#298=LINE('',#2026,#386);
#299=LINE('',#2030,#387);
#300=LINE('',#2047,#388);
#301=LINE('',#2050,#389);
#302=LINE('',#2056,#390);
#303=LINE('',#2061,#391);
#304=LINE('',#2091,#392);
#305=LINE('',#2094,#393);
#306=LINE('',#2097,#394);
#307=LINE('',#2100,#395);
#308=LINE('',#2104,#396);
#309=LINE('',#2105,#397);
#310=LINE('',#2106,#398);
#311=LINE('',#2109,#399);
#312=LINE('',#2111,#400);
#313=LINE('',#2112,#401);
#314=LINE('',#2116,#402);
#315=LINE('',#2117,#403);
#316=LINE('',#2118,#404);
#317=LINE('',#2121,#405);
#318=LINE('',#2122,#406);
#319=LINE('',#2123,#407);
#320=LINE('',#2127,#408);
#321=LINE('',#2128,#409);
#322=LINE('',#2129,#410);
#323=LINE('',#2131,#411);
#324=LINE('',#2132,#412);
#325=LINE('',#2135,#413);
#326=LINE('',#2137,#414);
#327=LINE('',#2138,#415);
#328=LINE('',#2142,#416);
#329=LINE('',#2143,#417);
#330=LINE('',#2144,#418);
#331=LINE('',#2148,#419);
#332=LINE('',#2149,#420);
#333=LINE('',#2150,#421);
#334=LINE('',#2153,#422);
#335=LINE('',#2154,#423);
#336=LINE('',#2155,#424);
#337=LINE('',#2159,#425);
#338=LINE('',#2160,#426);
#339=LINE('',#2161,#427);
#340=LINE('',#2163,#428);
#341=LINE('',#2164,#429);
#342=LINE('',#3136,#430);
#343=LINE('',#3138,#431);
#344=LINE('',#3139,#432);
#345=LINE('',#3141,#433);
#346=LINE('',#3143,#434);
#347=LINE('',#3144,#435);
#348=LINE('',#3146,#436);
#349=LINE('',#3148,#437);
#350=LINE('',#3149,#438);
#351=LINE('',#3151,#439);
#352=LINE('',#3153,#440);
#353=LINE('',#3154,#441);
#354=LINE('',#4241,#442);
#355=LINE('',#4242,#443);
#356=LINE('',#4245,#444);
#357=LINE('',#4246,#445);
#358=LINE('',#4248,#446);
#359=LINE('',#4257,#447);
#360=LINE('',#4259,#448);
#361=LINE('',#4260,#449);
#362=LINE('',#4262,#450);
#363=LINE('',#4264,#451);
#364=LINE('',#4268,#452);
#365=LINE('',#4269,#453);
#366=LINE('',#4272,#454);
#367=LINE('',#4273,#455);
#368=LINE('',#4275,#456);
#369=LINE('',#4279,#457);
#370=LINE('',#4280,#458);
#371=LINE('',#4283,#459);
#372=LINE('',#4284,#460);
#373=LINE('',#4286,#461);
#374=LINE('',#4290,#462);
#375=LINE('',#4291,#463);
#376=LINE('',#4294,#464);
#377=LINE('',#4295,#465);
#378=LINE('',#4297,#466);
#379=VECTOR('',#1240,0.09375);
#380=VECTOR('',#1245,0.09375);
#381=VECTOR('',#1248,0.393700787401575);
#382=VECTOR('',#1253,0.09375);
#383=VECTOR('',#1256,0.09375);
#384=VECTOR('',#1267,0.06875);
#385=VECTOR('',#1304,39.3700787401575);
#386=VECTOR('',#1309,39.3700787401575);
#387=VECTOR('',#1312,39.3700787401575);
#388=VECTOR('',#1317,39.3700787401575);
#389=VECTOR('',#1320,18.3585692187006);
#390=VECTOR('',#1325,0.21);
#391=VECTOR('',#1332,0.225);
#392=VECTOR('',#1343,39.3700787401575);
#393=VECTOR('',#1346,39.3700787401575);
#394=VECTOR('',#1349,39.3700787401575);
#395=VECTOR('',#1352,39.3700787401575);
#396=VECTOR('',#1355,39.3700787401575);
#397=VECTOR('',#1356,39.3700787401575);
#398=VECTOR('',#1357,39.3700787401575);
#399=VECTOR('',#1360,39.3700787401575);
#400=VECTOR('',#1361,39.3700787401575);
#401=VECTOR('',#1362,39.3700787401575);
#402=VECTOR('',#1365,39.3700787401575);
#403=VECTOR('',#1366,39.3700787401575);
#404=VECTOR('',#1367,39.3700787401575);
#405=VECTOR('',#1370,39.3700787401575);
#406=VECTOR('',#1371,39.3700787401575);
#407=VECTOR('',#1372,39.3700787401575);
#408=VECTOR('',#1375,39.3700787401575);
#409=VECTOR('',#1376,39.3700787401575);
#410=VECTOR('',#1377,39.3700787401575);
#411=VECTOR('',#1380,39.3700787401575);
#412=VECTOR('',#1381,39.3700787401575);
#413=VECTOR('',#1384,39.3700787401575);
#414=VECTOR('',#1385,39.3700787401575);
#415=VECTOR('',#1386,39.3700787401575);
#416=VECTOR('',#1389,39.3700787401575);
#417=VECTOR('',#1390,39.3700787401575);
#418=VECTOR('',#1391,39.3700787401575);
#419=VECTOR('',#1394,39.3700787401575);
#420=VECTOR('',#1395,39.3700787401575);
#421=VECTOR('',#1396,39.3700787401575);
#422=VECTOR('',#1399,39.3700787401575);
#423=VECTOR('',#1400,39.3700787401575);
#424=VECTOR('',#1401,39.3700787401575);
#425=VECTOR('',#1404,39.3700787401575);
#426=VECTOR('',#1405,39.3700787401575);
#427=VECTOR('',#1406,39.3700787401575);
#428=VECTOR('',#1409,39.3700787401575);
#429=VECTOR('',#1410,39.3700787401575);
#430=VECTOR('',#1415,39.3700787401575);
#431=VECTOR('',#1416,39.3700787401575);
#432=VECTOR('',#1417,39.3700787401575);
#433=VECTOR('',#1418,39.3700787401575);
#434=VECTOR('',#1419,39.3700787401575);
#435=VECTOR('',#1420,39.3700787401575);
#436=VECTOR('',#1421,39.3700787401575);
#437=VECTOR('',#1422,39.3700787401575);
#438=VECTOR('',#1423,39.3700787401575);
#439=VECTOR('',#1424,39.3700787401575);
#440=VECTOR('',#1425,39.3700787401575);
#441=VECTOR('',#1426,39.3700787401575);
#442=VECTOR('',#1431,39.3700787401575);
#443=VECTOR('',#1432,39.3700787401575);
#444=VECTOR('',#1435,39.3700787401575);
#445=VECTOR('',#1436,39.3700787401575);
#446=VECTOR('',#1439,39.3700787401575);
#447=VECTOR('',#1454,39.3700787401575);
#448=VECTOR('',#1455,39.3700787401575);
#449=VECTOR('',#1456,39.3700787401575);
#450=VECTOR('',#1459,39.3700787401575);
#451=VECTOR('',#1462,39.3700787401575);
#452=VECTOR('',#1467,39.3700787401575);
#453=VECTOR('',#1468,39.3700787401575);
#454=VECTOR('',#1471,39.3700787401575);
#455=VECTOR('',#1472,39.3700787401575);
#456=VECTOR('',#1475,39.3700787401575);
#457=VECTOR('',#1480,39.3700787401575);
#458=VECTOR('',#1481,39.3700787401575);
#459=VECTOR('',#1484,39.3700787401575);
#460=VECTOR('',#1485,39.3700787401575);
#461=VECTOR('',#1488,39.3700787401575);
#462=VECTOR('',#1493,39.3700787401575);
#463=VECTOR('',#1494,39.3700787401575);
#464=VECTOR('',#1497,39.3700787401575);
#465=VECTOR('',#1498,39.3700787401575);
#466=VECTOR('',#1501,39.3700787401575);
#467=VERTEX_POINT('',#1532);
#468=VERTEX_POINT('',#1533);
#469=VERTEX_POINT('',#1535);
#470=VERTEX_POINT('',#1570);
#471=VERTEX_POINT('',#1571);
#472=VERTEX_POINT('',#1631);
#473=VERTEX_POINT('',#1633);
#474=VERTEX_POINT('',#1635);
#475=VERTEX_POINT('',#1680);
#476=VERTEX_POINT('',#1681);
#477=VERTEX_POINT('',#1683);
#478=VERTEX_POINT('',#1811);
#479=VERTEX_POINT('',#1812);
#480=VERTEX_POINT('',#1814);
#481=VERTEX_POINT('',#1864);
#482=VERTEX_POINT('',#1922);
#483=VERTEX_POINT('',#1969);
#484=VERTEX_POINT('',#1971);
#485=VERTEX_POINT('',#1973);
#486=VERTEX_POINT('',#1975);
#487=VERTEX_POINT('',#1977);
#488=VERTEX_POINT('',#1979);
#489=VERTEX_POINT('',#1981);
#490=VERTEX_POINT('',#1983);
#491=VERTEX_POINT('',#1985);
#492=VERTEX_POINT('',#1987);
#493=VERTEX_POINT('',#1989);
#494=VERTEX_POINT('',#1991);
#495=VERTEX_POINT('',#1993);
#496=VERTEX_POINT('',#1995);
#497=VERTEX_POINT('',#1997);
#498=VERTEX_POINT('',#1999);
#499=VERTEX_POINT('',#2001);
#500=VERTEX_POINT('',#2003);
#501=VERTEX_POINT('',#2007);
#502=VERTEX_POINT('',#2008);
#503=VERTEX_POINT('',#2010);
#504=VERTEX_POINT('',#2012);
#505=VERTEX_POINT('',#2018);
#506=VERTEX_POINT('',#2023);
#507=VERTEX_POINT('',#2025);
#508=VERTEX_POINT('',#2027);
#509=VERTEX_POINT('',#2029);
#510=VERTEX_POINT('',#2031);
#511=VERTEX_POINT('',#2033);
#512=VERTEX_POINT('',#2039);
#513=VERTEX_POINT('',#2044);
#514=VERTEX_POINT('',#2046);
#515=VERTEX_POINT('',#2049);
#516=VERTEX_POINT('',#2052);
#517=VERTEX_POINT('',#2053);
#518=VERTEX_POINT('',#2055);
#519=VERTEX_POINT('',#2060);
#520=VERTEX_POINT('',#2064);
#521=VERTEX_POINT('',#2073);
#522=VERTEX_POINT('',#2086);
#523=VERTEX_POINT('',#2090);
#524=VERTEX_POINT('',#2092);
#525=VERTEX_POINT('',#2096);
#526=VERTEX_POINT('',#2098);
#527=VERTEX_POINT('',#2102);
#528=VERTEX_POINT('',#2103);
#529=VERTEX_POINT('',#2108);
#530=VERTEX_POINT('',#2110);
#531=VERTEX_POINT('',#2114);
#532=VERTEX_POINT('',#2115);
#533=VERTEX_POINT('',#2120);
#534=VERTEX_POINT('',#2125);
#535=VERTEX_POINT('',#2126);
#536=VERTEX_POINT('',#2134);
#537=VERTEX_POINT('',#2136);
#538=VERTEX_POINT('',#2140);
#539=VERTEX_POINT('',#2141);
#540=VERTEX_POINT('',#2146);
#541=VERTEX_POINT('',#2147);
#542=VERTEX_POINT('',#2152);
#543=VERTEX_POINT('',#2157);
#544=VERTEX_POINT('',#2158);
#545=VERTEX_POINT('',#2166);
#546=VERTEX_POINT('',#2173);
#547=VERTEX_POINT('',#2437);
#548=VERTEX_POINT('',#2806);
#549=VERTEX_POINT('',#2907);
#550=VERTEX_POINT('',#3110);
#551=VERTEX_POINT('',#3135);
#552=VERTEX_POINT('',#3137);
#553=VERTEX_POINT('',#3140);
#554=VERTEX_POINT('',#3142);
#555=VERTEX_POINT('',#3145);
#556=VERTEX_POINT('',#3147);
#557=VERTEX_POINT('',#3150);
#558=VERTEX_POINT('',#3152);
#559=VERTEX_POINT('',#3428);
#560=VERTEX_POINT('',#3429);
#561=VERTEX_POINT('',#3434);
#562=VERTEX_POINT('',#3569);
#563=VERTEX_POINT('',#4240);
#564=VERTEX_POINT('',#4244);
#565=VERTEX_POINT('',#4256);
#566=VERTEX_POINT('',#4258);
#567=VERTEX_POINT('',#4267);
#568=VERTEX_POINT('',#4271);
#569=VERTEX_POINT('',#4278);
#570=VERTEX_POINT('',#4282);
#571=VERTEX_POINT('',#4289);
#572=VERTEX_POINT('',#4293);
#573=EDGE_CURVE('',#467,#468,#291,.T.);
#574=EDGE_CURVE('',#469,#467,#261,.T.);
#575=EDGE_CURVE('',#469,#468,#233,.T.);
#576=EDGE_CURVE('',#470,#471,#292,.T.);
#577=EDGE_CURVE('',#467,#470,#262,.T.);
#578=EDGE_CURVE('',#468,#472,#234,.T.);
#579=EDGE_CURVE('',#473,#472,#293,.T.);
#580=EDGE_CURVE('',#473,#474,#105,.T.);
#581=EDGE_CURVE('',#471,#474,#263,.T.);
#582=EDGE_CURVE('',#475,#476,#294,.T.);
#583=EDGE_CURVE('',#477,#475,#264,.T.);
#584=EDGE_CURVE('',#470,#477,#265,.T.);
#585=EDGE_CURVE('',#476,#471,#266,.T.);
#586=EDGE_CURVE('',#478,#479,#295,.T.);
#587=EDGE_CURVE('',#480,#478,#235,.F.);
#588=EDGE_CURVE('',#475,#480,#267,.T.);
#589=EDGE_CURVE('',#481,#476,#268,.T.);
#590=EDGE_CURVE('',#479,#481,#269,.T.);
#591=EDGE_CURVE('',#482,#479,#270,.T.);
#592=EDGE_CURVE('',#478,#482,#236,.F.);
#593=EDGE_CURVE('',#483,#483,#237,.T.);
#594=EDGE_CURVE('',#483,#484,#296,.T.);
#595=EDGE_CURVE('',#484,#485,#238,.T.);
#596=EDGE_CURVE('',#485,#486,#106,.T.);
#597=EDGE_CURVE('',#486,#487,#239,.T.);
#598=EDGE_CURVE('',#487,#488,#107,.T.);
#599=EDGE_CURVE('',#488,#489,#240,.T.);
#600=EDGE_CURVE('',#489,#490,#108,.T.);
#601=EDGE_CURVE('',#490,#491,#241,.T.);
#602=EDGE_CURVE('',#491,#492,#109,.T.);
#603=EDGE_CURVE('',#492,#493,#242,.T.);
#604=EDGE_CURVE('',#493,#494,#110,.T.);
#605=EDGE_CURVE('',#494,#495,#243,.T.);
#606=EDGE_CURVE('',#495,#496,#111,.T.);
#607=EDGE_CURVE('',#496,#497,#244,.T.);
#608=EDGE_CURVE('',#497,#498,#112,.T.);
#609=EDGE_CURVE('',#498,#499,#245,.T.);
#610=EDGE_CURVE('',#499,#500,#113,.T.);
#611=EDGE_CURVE('',#500,#484,#246,.T.);
#612=EDGE_CURVE('',#501,#502,#297,.T.);
#613=EDGE_CURVE('',#502,#503,#247,.T.);
#614=EDGE_CURVE('',#503,#504,#96,.T.);
#615=EDGE_CURVE('',#504,#505,#97,.T.);
#616=EDGE_CURVE('',#505,#506,#248,.T.);
#617=EDGE_CURVE('',#506,#507,#298,.T.);
#618=EDGE_CURVE('',#507,#508,#249,.T.);
#619=EDGE_CURVE('',#509,#508,#299,.T.);
#620=EDGE_CURVE('',#509,#510,#250,.T.);
#621=EDGE_CURVE('',#511,#510,#98,.T.);
#622=EDGE_CURVE('',#512,#511,#99,.T.);
#623=EDGE_CURVE('',#512,#513,#251,.T.);
#624=EDGE_CURVE('',#514,#513,#300,.T.);
#625=EDGE_CURVE('',#514,#501,#252,.T.);
#626=EDGE_CURVE('',#501,#515,#301,.T.);
#627=EDGE_CURVE('',#516,#517,#253,.T.);
#628=EDGE_CURVE('',#517,#518,#302,.T.);
#629=EDGE_CURVE('',#518,#518,#254,.T.);
#630=EDGE_CURVE('',#517,#516,#255,.T.);
#631=EDGE_CURVE('',#516,#519,#303,.T.);
#632=EDGE_CURVE('',#519,#519,#256,.T.);
#633=EDGE_CURVE('',#469,#520,#271,.F.);
#634=EDGE_CURVE('',#521,#520,#272,.T.);
#635=EDGE_CURVE('',#521,#472,#273,.F.);
#636=EDGE_CURVE('',#468,#522,#257,.T.);
#637=EDGE_CURVE('',#522,#522,#258,.T.);
#638=EDGE_CURVE('',#514,#523,#304,.T.);
#639=EDGE_CURVE('',#523,#524,#259,.T.);
#640=EDGE_CURVE('',#501,#524,#305,.T.);
#641=EDGE_CURVE('',#525,#507,#306,.T.);
#642=EDGE_CURVE('',#525,#526,#260,.T.);
#643=EDGE_CURVE('',#526,#508,#307,.T.);
#644=EDGE_CURVE('',#527,#528,#308,.T.);
#645=EDGE_CURVE('',#502,#527,#309,.T.);
#646=EDGE_CURVE('',#524,#528,#310,.T.);
#647=EDGE_CURVE('',#529,#525,#311,.T.);
#648=EDGE_CURVE('',#530,#506,#312,.T.);
#649=EDGE_CURVE('',#530,#529,#313,.T.);
#650=EDGE_CURVE('',#531,#532,#314,.T.);
#651=EDGE_CURVE('',#527,#531,#315,.T.);
#652=EDGE_CURVE('',#528,#532,#316,.T.);
#653=EDGE_CURVE('',#532,#533,#317,.T.);
#654=EDGE_CURVE('',#504,#533,#318,.T.);
#655=EDGE_CURVE('',#531,#503,#319,.T.);
#656=EDGE_CURVE('',#534,#535,#320,.T.);
#657=EDGE_CURVE('',#505,#534,#321,.T.);
#658=EDGE_CURVE('',#533,#535,#322,.T.);
#659=EDGE_CURVE('',#535,#529,#323,.T.);
#660=EDGE_CURVE('',#534,#530,#324,.T.);
#661=EDGE_CURVE('',#523,#536,#325,.T.);
#662=EDGE_CURVE('',#513,#537,#326,.T.);
#663=EDGE_CURVE('',#537,#536,#327,.T.);
#664=EDGE_CURVE('',#538,#539,#328,.T.);
#665=EDGE_CURVE('',#538,#509,#329,.T.);
#666=EDGE_CURVE('',#539,#526,#330,.T.);
#667=EDGE_CURVE('',#540,#541,#331,.T.);
#668=EDGE_CURVE('',#540,#538,#332,.T.);
#669=EDGE_CURVE('',#541,#539,#333,.T.);
#670=EDGE_CURVE('',#542,#541,#334,.T.);
#671=EDGE_CURVE('',#511,#542,#335,.T.);
#672=EDGE_CURVE('',#510,#540,#336,.T.);
#673=EDGE_CURVE('',#543,#544,#337,.T.);
#674=EDGE_CURVE('',#543,#512,#338,.T.);
#675=EDGE_CURVE('',#544,#542,#339,.T.);
#676=EDGE_CURVE('',#537,#543,#340,.T.);
#677=EDGE_CURVE('',#536,#544,#341,.T.);
#678=EDGE_CURVE('',#545,#482,#274,.T.);
#679=EDGE_CURVE('',#546,#545,#275,.T.);
#680=EDGE_CURVE('',#480,#546,#276,.T.);
#681=EDGE_CURVE('',#547,#546,#277,.F.);
#682=EDGE_CURVE('',#477,#547,#278,.F.);
#683=EDGE_CURVE('',#548,#545,#279,.T.);
#684=EDGE_CURVE('',#549,#548,#280,.F.);
#685=EDGE_CURVE('',#547,#549,#281,.T.);
#686=EDGE_CURVE('',#550,#481,#282,.T.);
#687=EDGE_CURVE('',#550,#548,#283,.T.);
#688=EDGE_CURVE('',#551,#486,#342,.T.);
#689=EDGE_CURVE('',#552,#551,#343,.T.);
#690=EDGE_CURVE('',#499,#552,#344,.T.);
#691=EDGE_CURVE('',#553,#498,#345,.T.);
#692=EDGE_CURVE('',#554,#553,#346,.T.);
#693=EDGE_CURVE('',#495,#554,#347,.T.);
#694=EDGE_CURVE('',#555,#494,#348,.T.);
#695=EDGE_CURVE('',#556,#555,#349,.T.);
#696=EDGE_CURVE('',#491,#556,#350,.T.);
#697=EDGE_CURVE('',#557,#490,#351,.T.);
#698=EDGE_CURVE('',#558,#557,#352,.T.);
#699=EDGE_CURVE('',#487,#558,#353,.T.);
#700=EDGE_CURVE('',#559,#560,#284,.T.);
#701=EDGE_CURVE('',#561,#560,#285,.T.);
#702=EDGE_CURVE('',#561,#549,#286,.F.);
#703=EDGE_CURVE('',#562,#550,#287,.T.);
#704=EDGE_CURVE('',#559,#562,#288,.T.);
#705=EDGE_CURVE('',#474,#562,#289,.T.);
#706=EDGE_CURVE('',#561,#520,#290,.T.);
#707=EDGE_CURVE('',#521,#563,#354,.T.);
#708=EDGE_CURVE('',#563,#560,#355,.T.);
#709=EDGE_CURVE('',#563,#564,#356,.T.);
#710=EDGE_CURVE('',#564,#559,#357,.T.);
#711=EDGE_CURVE('',#564,#473,#358,.T.);
#712=EDGE_CURVE('',#496,#565,#359,.T.);
#713=EDGE_CURVE('',#565,#566,#360,.T.);
#714=EDGE_CURVE('',#566,#497,#361,.T.);
#715=EDGE_CURVE('',#566,#553,#362,.T.);
#716=EDGE_CURVE('',#565,#554,#363,.T.);
#717=EDGE_CURVE('',#567,#489,#364,.T.);
#718=EDGE_CURVE('',#567,#557,#365,.T.);
#719=EDGE_CURVE('',#568,#558,#366,.T.);
#720=EDGE_CURVE('',#488,#568,#367,.T.);
#721=EDGE_CURVE('',#568,#567,#368,.T.);
#722=EDGE_CURVE('',#569,#493,#369,.T.);
#723=EDGE_CURVE('',#569,#555,#370,.T.);
#724=EDGE_CURVE('',#570,#556,#371,.T.);
#725=EDGE_CURVE('',#492,#570,#372,.T.);
#726=EDGE_CURVE('',#570,#569,#373,.T.);
#727=EDGE_CURVE('',#571,#485,#374,.T.);
#728=EDGE_CURVE('',#571,#551,#375,.T.);
#729=EDGE_CURVE('',#500,#572,#376,.T.);
#730=EDGE_CURVE('',#572,#571,#377,.T.);
#731=EDGE_CURVE('',#572,#552,#378,.T.);
#732=ORIENTED_EDGE('',*,*,#573,.F.);
#733=ORIENTED_EDGE('',*,*,#574,.F.);
#734=ORIENTED_EDGE('',*,*,#575,.T.);
#735=ORIENTED_EDGE('',*,*,#576,.F.);
#736=ORIENTED_EDGE('',*,*,#577,.F.);
#737=ORIENTED_EDGE('',*,*,#573,.T.);
#738=ORIENTED_EDGE('',*,*,#578,.T.);
#739=ORIENTED_EDGE('',*,*,#579,.F.);
#740=ORIENTED_EDGE('',*,*,#580,.T.);
#741=ORIENTED_EDGE('',*,*,#581,.F.);
#742=ORIENTED_EDGE('',*,*,#582,.F.);
#743=ORIENTED_EDGE('',*,*,#583,.F.);
#744=ORIENTED_EDGE('',*,*,#584,.F.);
#745=ORIENTED_EDGE('',*,*,#576,.T.);
#746=ORIENTED_EDGE('',*,*,#585,.F.);
#747=ORIENTED_EDGE('',*,*,#586,.F.);
#748=ORIENTED_EDGE('',*,*,#587,.F.);
#749=ORIENTED_EDGE('',*,*,#588,.F.);
#750=ORIENTED_EDGE('',*,*,#582,.T.);
#751=ORIENTED_EDGE('',*,*,#589,.F.);
#752=ORIENTED_EDGE('',*,*,#590,.F.);
#753=ORIENTED_EDGE('',*,*,#586,.T.);
#754=ORIENTED_EDGE('',*,*,#591,.F.);
#755=ORIENTED_EDGE('',*,*,#592,.F.);
#756=ORIENTED_EDGE('',*,*,#593,.F.);
#757=ORIENTED_EDGE('',*,*,#594,.T.);
#758=ORIENTED_EDGE('',*,*,#595,.T.);
#759=ORIENTED_EDGE('',*,*,#596,.T.);
#760=ORIENTED_EDGE('',*,*,#597,.T.);
#761=ORIENTED_EDGE('',*,*,#598,.T.);
#762=ORIENTED_EDGE('',*,*,#599,.T.);
#763=ORIENTED_EDGE('',*,*,#600,.T.);
#764=ORIENTED_EDGE('',*,*,#601,.T.);
#765=ORIENTED_EDGE('',*,*,#602,.T.);
#766=ORIENTED_EDGE('',*,*,#603,.T.);
#767=ORIENTED_EDGE('',*,*,#604,.T.);
#768=ORIENTED_EDGE('',*,*,#605,.T.);
#769=ORIENTED_EDGE('',*,*,#606,.T.);
#770=ORIENTED_EDGE('',*,*,#607,.T.);
#771=ORIENTED_EDGE('',*,*,#608,.T.);
#772=ORIENTED_EDGE('',*,*,#609,.T.);
#773=ORIENTED_EDGE('',*,*,#610,.T.);
#774=ORIENTED_EDGE('',*,*,#611,.T.);
#775=ORIENTED_EDGE('',*,*,#594,.F.);
#776=ORIENTED_EDGE('',*,*,#612,.T.);
#777=ORIENTED_EDGE('',*,*,#613,.T.);
#778=ORIENTED_EDGE('',*,*,#614,.T.);
#779=ORIENTED_EDGE('',*,*,#615,.T.);
#780=ORIENTED_EDGE('',*,*,#616,.T.);
#781=ORIENTED_EDGE('',*,*,#617,.T.);
#782=ORIENTED_EDGE('',*,*,#618,.T.);
#783=ORIENTED_EDGE('',*,*,#619,.F.);
#784=ORIENTED_EDGE('',*,*,#620,.T.);
#785=ORIENTED_EDGE('',*,*,#621,.F.);
#786=ORIENTED_EDGE('',*,*,#622,.F.);
#787=ORIENTED_EDGE('',*,*,#623,.T.);
#788=ORIENTED_EDGE('',*,*,#624,.F.);
#789=ORIENTED_EDGE('',*,*,#625,.T.);
#790=ORIENTED_EDGE('',*,*,#626,.T.);
#791=ORIENTED_EDGE('',*,*,#626,.F.);
#792=ORIENTED_EDGE('',*,*,#627,.T.);
#793=ORIENTED_EDGE('',*,*,#628,.T.);
#794=ORIENTED_EDGE('',*,*,#629,.F.);
#795=ORIENTED_EDGE('',*,*,#628,.F.);
#796=ORIENTED_EDGE('',*,*,#630,.T.);
#797=ORIENTED_EDGE('',*,*,#627,.F.);
#798=ORIENTED_EDGE('',*,*,#631,.T.);
#799=ORIENTED_EDGE('',*,*,#632,.T.);
#800=ORIENTED_EDGE('',*,*,#631,.F.);
#801=ORIENTED_EDGE('',*,*,#630,.F.);
#802=ORIENTED_EDGE('',*,*,#575,.F.);
#803=ORIENTED_EDGE('',*,*,#633,.T.);
#804=ORIENTED_EDGE('',*,*,#634,.F.);
#805=ORIENTED_EDGE('',*,*,#635,.T.);
#806=ORIENTED_EDGE('',*,*,#578,.F.);
#807=ORIENTED_EDGE('',*,*,#636,.T.);
#808=ORIENTED_EDGE('',*,*,#637,.F.);
#809=ORIENTED_EDGE('',*,*,#636,.F.);
#810=ORIENTED_EDGE('',*,*,#625,.F.);
#811=ORIENTED_EDGE('',*,*,#638,.T.);
#812=ORIENTED_EDGE('',*,*,#639,.T.);
#813=ORIENTED_EDGE('',*,*,#640,.F.);
#814=ORIENTED_EDGE('',*,*,#618,.F.);
#815=ORIENTED_EDGE('',*,*,#641,.F.);
#816=ORIENTED_EDGE('',*,*,#642,.T.);
#817=ORIENTED_EDGE('',*,*,#643,.T.);
#818=ORIENTED_EDGE('',*,*,#644,.F.);
#819=ORIENTED_EDGE('',*,*,#645,.F.);
#820=ORIENTED_EDGE('',*,*,#612,.F.);
#821=ORIENTED_EDGE('',*,*,#640,.T.);
#822=ORIENTED_EDGE('',*,*,#646,.T.);
#823=ORIENTED_EDGE('',*,*,#647,.T.);
#824=ORIENTED_EDGE('',*,*,#641,.T.);
#825=ORIENTED_EDGE('',*,*,#617,.F.);
#826=ORIENTED_EDGE('',*,*,#648,.F.);
#827=ORIENTED_EDGE('',*,*,#649,.T.);
#828=ORIENTED_EDGE('',*,*,#650,.F.);
#829=ORIENTED_EDGE('',*,*,#651,.F.);
#830=ORIENTED_EDGE('',*,*,#644,.T.);
#831=ORIENTED_EDGE('',*,*,#652,.T.);
#832=ORIENTED_EDGE('',*,*,#653,.T.);
#833=ORIENTED_EDGE('',*,*,#654,.F.);
#834=ORIENTED_EDGE('',*,*,#614,.F.);
#835=ORIENTED_EDGE('',*,*,#655,.F.);
#836=ORIENTED_EDGE('',*,*,#650,.T.);
#837=ORIENTED_EDGE('',*,*,#656,.F.);
#838=ORIENTED_EDGE('',*,*,#657,.F.);
#839=ORIENTED_EDGE('',*,*,#615,.F.);
#840=ORIENTED_EDGE('',*,*,#654,.T.);
#841=ORIENTED_EDGE('',*,*,#658,.T.);
#842=ORIENTED_EDGE('',*,*,#659,.T.);
#843=ORIENTED_EDGE('',*,*,#649,.F.);
#844=ORIENTED_EDGE('',*,*,#660,.F.);
#845=ORIENTED_EDGE('',*,*,#656,.T.);
#846=ORIENTED_EDGE('',*,*,#661,.F.);
#847=ORIENTED_EDGE('',*,*,#638,.F.);
#848=ORIENTED_EDGE('',*,*,#624,.T.);
#849=ORIENTED_EDGE('',*,*,#662,.T.);
#850=ORIENTED_EDGE('',*,*,#663,.T.);
#851=ORIENTED_EDGE('',*,*,#664,.F.);
#852=ORIENTED_EDGE('',*,*,#665,.T.);
#853=ORIENTED_EDGE('',*,*,#619,.T.);
#854=ORIENTED_EDGE('',*,*,#643,.F.);
#855=ORIENTED_EDGE('',*,*,#666,.F.);
#856=ORIENTED_EDGE('',*,*,#667,.F.);
#857=ORIENTED_EDGE('',*,*,#668,.T.);
#858=ORIENTED_EDGE('',*,*,#664,.T.);
#859=ORIENTED_EDGE('',*,*,#669,.F.);
#860=ORIENTED_EDGE('',*,*,#670,.F.);
#861=ORIENTED_EDGE('',*,*,#671,.F.);
#862=ORIENTED_EDGE('',*,*,#621,.T.);
#863=ORIENTED_EDGE('',*,*,#672,.T.);
#864=ORIENTED_EDGE('',*,*,#667,.T.);
#865=ORIENTED_EDGE('',*,*,#673,.F.);
#866=ORIENTED_EDGE('',*,*,#674,.T.);
#867=ORIENTED_EDGE('',*,*,#622,.T.);
#868=ORIENTED_EDGE('',*,*,#671,.T.);
#869=ORIENTED_EDGE('',*,*,#675,.F.);
#870=ORIENTED_EDGE('',*,*,#663,.F.);
#871=ORIENTED_EDGE('',*,*,#676,.T.);
#872=ORIENTED_EDGE('',*,*,#673,.T.);
#873=ORIENTED_EDGE('',*,*,#677,.F.);
#874=ORIENTED_EDGE('',*,*,#587,.T.);
#875=ORIENTED_EDGE('',*,*,#592,.T.);
#876=ORIENTED_EDGE('',*,*,#678,.F.);
#877=ORIENTED_EDGE('',*,*,#679,.F.);
#878=ORIENTED_EDGE('',*,*,#680,.F.);
#879=ORIENTED_EDGE('',*,*,#658,.F.);
#880=ORIENTED_EDGE('',*,*,#653,.F.);
#881=ORIENTED_EDGE('',*,*,#652,.F.);
#882=ORIENTED_EDGE('',*,*,#646,.F.);
#883=ORIENTED_EDGE('',*,*,#639,.F.);
#884=ORIENTED_EDGE('',*,*,#661,.T.);
#885=ORIENTED_EDGE('',*,*,#677,.T.);
#886=ORIENTED_EDGE('',*,*,#675,.T.);
#887=ORIENTED_EDGE('',*,*,#670,.T.);
#888=ORIENTED_EDGE('',*,*,#669,.T.);
#889=ORIENTED_EDGE('',*,*,#666,.T.);
#890=ORIENTED_EDGE('',*,*,#642,.F.);
#891=ORIENTED_EDGE('',*,*,#647,.F.);
#892=ORIENTED_EDGE('',*,*,#659,.F.);
#893=ORIENTED_EDGE('',*,*,#583,.T.);
#894=ORIENTED_EDGE('',*,*,#588,.T.);
#895=ORIENTED_EDGE('',*,*,#680,.T.);
#896=ORIENTED_EDGE('',*,*,#681,.F.);
#897=ORIENTED_EDGE('',*,*,#682,.F.);
#898=ORIENTED_EDGE('',*,*,#679,.T.);
#899=ORIENTED_EDGE('',*,*,#683,.F.);
#900=ORIENTED_EDGE('',*,*,#684,.F.);
#901=ORIENTED_EDGE('',*,*,#685,.F.);
#902=ORIENTED_EDGE('',*,*,#681,.T.);
#903=ORIENTED_EDGE('',*,*,#678,.T.);
#904=ORIENTED_EDGE('',*,*,#591,.T.);
#905=ORIENTED_EDGE('',*,*,#590,.T.);
#906=ORIENTED_EDGE('',*,*,#686,.F.);
#907=ORIENTED_EDGE('',*,*,#687,.T.);
#908=ORIENTED_EDGE('',*,*,#683,.T.);
#909=ORIENTED_EDGE('',*,*,#632,.F.);
#910=ORIENTED_EDGE('',*,*,#688,.F.);
#911=ORIENTED_EDGE('',*,*,#689,.F.);
#912=ORIENTED_EDGE('',*,*,#690,.F.);
#913=ORIENTED_EDGE('',*,*,#609,.F.);
#914=ORIENTED_EDGE('',*,*,#691,.F.);
#915=ORIENTED_EDGE('',*,*,#692,.F.);
#916=ORIENTED_EDGE('',*,*,#693,.F.);
#917=ORIENTED_EDGE('',*,*,#605,.F.);
#918=ORIENTED_EDGE('',*,*,#694,.F.);
#919=ORIENTED_EDGE('',*,*,#695,.F.);
#920=ORIENTED_EDGE('',*,*,#696,.F.);
#921=ORIENTED_EDGE('',*,*,#601,.F.);
#922=ORIENTED_EDGE('',*,*,#697,.F.);
#923=ORIENTED_EDGE('',*,*,#698,.F.);
#924=ORIENTED_EDGE('',*,*,#699,.F.);
#925=ORIENTED_EDGE('',*,*,#597,.F.);
#926=ORIENTED_EDGE('',*,*,#629,.T.);
#927=ORIENTED_EDGE('',*,*,#637,.T.);
#928=ORIENTED_EDGE('',*,*,#700,.T.);
#929=ORIENTED_EDGE('',*,*,#701,.F.);
#930=ORIENTED_EDGE('',*,*,#702,.T.);
#931=ORIENTED_EDGE('',*,*,#684,.T.);
#932=ORIENTED_EDGE('',*,*,#687,.F.);
#933=ORIENTED_EDGE('',*,*,#703,.F.);
#934=ORIENTED_EDGE('',*,*,#704,.F.);
#935=ORIENTED_EDGE('',*,*,#589,.T.);
#936=ORIENTED_EDGE('',*,*,#585,.T.);
#937=ORIENTED_EDGE('',*,*,#581,.T.);
#938=ORIENTED_EDGE('',*,*,#705,.T.);
#939=ORIENTED_EDGE('',*,*,#703,.T.);
#940=ORIENTED_EDGE('',*,*,#686,.T.);
#941=ORIENTED_EDGE('',*,*,#633,.F.);
#942=ORIENTED_EDGE('',*,*,#574,.T.);
#943=ORIENTED_EDGE('',*,*,#577,.T.);
#944=ORIENTED_EDGE('',*,*,#584,.T.);
#945=ORIENTED_EDGE('',*,*,#682,.T.);
#946=ORIENTED_EDGE('',*,*,#685,.T.);
#947=ORIENTED_EDGE('',*,*,#702,.F.);
#948=ORIENTED_EDGE('',*,*,#706,.T.);
#949=ORIENTED_EDGE('',*,*,#707,.F.);
#950=ORIENTED_EDGE('',*,*,#634,.T.);
#951=ORIENTED_EDGE('',*,*,#706,.F.);
#952=ORIENTED_EDGE('',*,*,#701,.T.);
#953=ORIENTED_EDGE('',*,*,#708,.F.);
#954=ORIENTED_EDGE('',*,*,#709,.F.);
#955=ORIENTED_EDGE('',*,*,#708,.T.);
#956=ORIENTED_EDGE('',*,*,#700,.F.);
#957=ORIENTED_EDGE('',*,*,#710,.F.);
#958=ORIENTED_EDGE('',*,*,#580,.F.);
#959=ORIENTED_EDGE('',*,*,#711,.F.);
#960=ORIENTED_EDGE('',*,*,#710,.T.);
#961=ORIENTED_EDGE('',*,*,#704,.T.);
#962=ORIENTED_EDGE('',*,*,#705,.F.);
#963=ORIENTED_EDGE('',*,*,#711,.T.);
#964=ORIENTED_EDGE('',*,*,#579,.T.);
#965=ORIENTED_EDGE('',*,*,#635,.F.);
#966=ORIENTED_EDGE('',*,*,#707,.T.);
#967=ORIENTED_EDGE('',*,*,#709,.T.);
#968=ORIENTED_EDGE('',*,*,#645,.T.);
#969=ORIENTED_EDGE('',*,*,#651,.T.);
#970=ORIENTED_EDGE('',*,*,#655,.T.);
#971=ORIENTED_EDGE('',*,*,#613,.F.);
#972=ORIENTED_EDGE('',*,*,#648,.T.);
#973=ORIENTED_EDGE('',*,*,#616,.F.);
#974=ORIENTED_EDGE('',*,*,#657,.T.);
#975=ORIENTED_EDGE('',*,*,#660,.T.);
#976=ORIENTED_EDGE('',*,*,#668,.F.);
#977=ORIENTED_EDGE('',*,*,#672,.F.);
#978=ORIENTED_EDGE('',*,*,#620,.F.);
#979=ORIENTED_EDGE('',*,*,#665,.F.);
#980=ORIENTED_EDGE('',*,*,#623,.F.);
#981=ORIENTED_EDGE('',*,*,#674,.F.);
#982=ORIENTED_EDGE('',*,*,#676,.F.);
#983=ORIENTED_EDGE('',*,*,#662,.F.);
#984=ORIENTED_EDGE('',*,*,#593,.T.);
#985=ORIENTED_EDGE('',*,*,#712,.T.);
#986=ORIENTED_EDGE('',*,*,#713,.T.);
#987=ORIENTED_EDGE('',*,*,#714,.T.);
#988=ORIENTED_EDGE('',*,*,#607,.F.);
#989=ORIENTED_EDGE('',*,*,#714,.F.);
#990=ORIENTED_EDGE('',*,*,#715,.T.);
#991=ORIENTED_EDGE('',*,*,#691,.T.);
#992=ORIENTED_EDGE('',*,*,#608,.F.);
#993=ORIENTED_EDGE('',*,*,#693,.T.);
#994=ORIENTED_EDGE('',*,*,#716,.F.);
#995=ORIENTED_EDGE('',*,*,#712,.F.);
#996=ORIENTED_EDGE('',*,*,#606,.F.);
#997=ORIENTED_EDGE('',*,*,#692,.T.);
#998=ORIENTED_EDGE('',*,*,#715,.F.);
#999=ORIENTED_EDGE('',*,*,#713,.F.);
#1000=ORIENTED_EDGE('',*,*,#716,.T.);
#1001=ORIENTED_EDGE('',*,*,#717,.F.);
#1002=ORIENTED_EDGE('',*,*,#718,.T.);
#1003=ORIENTED_EDGE('',*,*,#697,.T.);
#1004=ORIENTED_EDGE('',*,*,#600,.F.);
#1005=ORIENTED_EDGE('',*,*,#699,.T.);
#1006=ORIENTED_EDGE('',*,*,#719,.F.);
#1007=ORIENTED_EDGE('',*,*,#720,.F.);
#1008=ORIENTED_EDGE('',*,*,#598,.F.);
#1009=ORIENTED_EDGE('',*,*,#720,.T.);
#1010=ORIENTED_EDGE('',*,*,#721,.T.);
#1011=ORIENTED_EDGE('',*,*,#717,.T.);
#1012=ORIENTED_EDGE('',*,*,#599,.F.);
#1013=ORIENTED_EDGE('',*,*,#698,.T.);
#1014=ORIENTED_EDGE('',*,*,#718,.F.);
#1015=ORIENTED_EDGE('',*,*,#721,.F.);
#1016=ORIENTED_EDGE('',*,*,#719,.T.);
#1017=ORIENTED_EDGE('',*,*,#722,.F.);
#1018=ORIENTED_EDGE('',*,*,#723,.T.);
#1019=ORIENTED_EDGE('',*,*,#694,.T.);
#1020=ORIENTED_EDGE('',*,*,#604,.F.);
#1021=ORIENTED_EDGE('',*,*,#696,.T.);
#1022=ORIENTED_EDGE('',*,*,#724,.F.);
#1023=ORIENTED_EDGE('',*,*,#725,.F.);
#1024=ORIENTED_EDGE('',*,*,#602,.F.);
#1025=ORIENTED_EDGE('',*,*,#725,.T.);
#1026=ORIENTED_EDGE('',*,*,#726,.T.);
#1027=ORIENTED_EDGE('',*,*,#722,.T.);
#1028=ORIENTED_EDGE('',*,*,#603,.F.);
#1029=ORIENTED_EDGE('',*,*,#695,.T.);
#1030=ORIENTED_EDGE('',*,*,#723,.F.);
#1031=ORIENTED_EDGE('',*,*,#726,.F.);
#1032=ORIENTED_EDGE('',*,*,#724,.T.);
#1033=ORIENTED_EDGE('',*,*,#727,.F.);
#1034=ORIENTED_EDGE('',*,*,#728,.T.);
#1035=ORIENTED_EDGE('',*,*,#688,.T.);
#1036=ORIENTED_EDGE('',*,*,#596,.F.);
#1037=ORIENTED_EDGE('',*,*,#729,.T.);
#1038=ORIENTED_EDGE('',*,*,#730,.T.);
#1039=ORIENTED_EDGE('',*,*,#727,.T.);
#1040=ORIENTED_EDGE('',*,*,#595,.F.);
#1041=ORIENTED_EDGE('',*,*,#611,.F.);
#1042=ORIENTED_EDGE('',*,*,#690,.T.);
#1043=ORIENTED_EDGE('',*,*,#731,.F.);
#1044=ORIENTED_EDGE('',*,*,#729,.F.);
#1045=ORIENTED_EDGE('',*,*,#610,.F.);
#1046=ORIENTED_EDGE('',*,*,#689,.T.);
#1047=ORIENTED_EDGE('',*,*,#728,.F.);
#1048=ORIENTED_EDGE('',*,*,#730,.F.);
#1049=ORIENTED_EDGE('',*,*,#731,.T.);
#1050=CYLINDRICAL_SURFACE('',#1134,0.113435039370079);
#1051=CYLINDRICAL_SURFACE('',#1136,0.113435039370079);
#1052=CYLINDRICAL_SURFACE('',#1139,0.113435039370079);
#1053=CYLINDRICAL_SURFACE('',#1140,0.113435039370079);
#1054=CYLINDRICAL_SURFACE('',#1142,0.113435039370079);
#1055=CYLINDRICAL_SURFACE('',#1174,0.244685039370079);
#1056=ADVANCED_FACE('',(#114),#1050,.T.);
#1057=ADVANCED_FACE('',(#115),#1051,.T.);
#1058=ADVANCED_FACE('',(#116),#1052,.T.);
#1059=ADVANCED_FACE('',(#117),#1053,.T.);
#1060=ADVANCED_FACE('',(#118),#1054,.T.);
#1061=ADVANCED_FACE('',(#119),#100,.F.);
#1062=ADVANCED_FACE('',(#120),#101,.T.);
#1063=ADVANCED_FACE('',(#121),#102,.T.);
#1064=ADVANCED_FACE('',(#122),#1055,.T.);
#1065=ADVANCED_FACE('',(#123),#95,.F.);
#1066=ADVANCED_FACE('',(#124),#103,.T.);
#1067=ADVANCED_FACE('',(#125),#104,.T.);
#1068=ADVANCED_FACE('',(#126),#55,.F.);
#1069=ADVANCED_FACE('',(#127),#56,.F.);
#1070=ADVANCED_FACE('',(#128),#57,.F.);
#1071=ADVANCED_FACE('',(#129),#58,.F.);
#1072=ADVANCED_FACE('',(#130),#59,.F.);
#1073=ADVANCED_FACE('',(#131),#60,.F.);
#1074=ADVANCED_FACE('',(#132),#61,.T.);
#1075=ADVANCED_FACE('',(#133),#62,.T.);
#1076=ADVANCED_FACE('',(#134),#63,.T.);
#1077=ADVANCED_FACE('',(#135),#64,.T.);
#1078=ADVANCED_FACE('',(#136),#65,.T.);
#1079=ADVANCED_FACE('',(#137),#66,.T.);
#1080=ADVANCED_FACE('',(#138,#52),#67,.T.);
#1081=ADVANCED_FACE('',(#139),#46,.T.);
#1082=ADVANCED_FACE('',(#140),#47,.T.);
#1083=ADVANCED_FACE('',(#141),#48,.T.);
#1084=ADVANCED_FACE('',(#142,#53),#68,.T.);
#1085=ADVANCED_FACE('',(#143,#54),#69,.T.);
#1086=ADVANCED_FACE('',(#144),#49,.T.);
#1087=ADVANCED_FACE('',(#145),#50,.T.);
#1088=ADVANCED_FACE('',(#146),#51,.T.);
#1089=ADVANCED_FACE('',(#147),#70,.F.);
#1090=ADVANCED_FACE('',(#148),#71,.F.);
#1091=ADVANCED_FACE('',(#149),#72,.F.);
#1092=ADVANCED_FACE('',(#150),#73,.T.);
#1093=ADVANCED_FACE('',(#151),#74,.T.);
#1094=ADVANCED_FACE('',(#152),#75,.T.);
#1095=ADVANCED_FACE('',(#153),#76,.T.);
#1096=ADVANCED_FACE('',(#154),#77,.T.);
#1097=ADVANCED_FACE('',(#155),#78,.T.);
#1098=ADVANCED_FACE('',(#156),#79,.F.);
#1099=ADVANCED_FACE('',(#157),#80,.F.);
#1100=ADVANCED_FACE('',(#158),#81,.F.);
#1101=ADVANCED_FACE('',(#159),#82,.F.);
#1102=ADVANCED_FACE('',(#160),#83,.F.);
#1103=ADVANCED_FACE('',(#161),#84,.F.);
#1104=ADVANCED_FACE('',(#162),#85,.F.);
#1105=ADVANCED_FACE('',(#163),#86,.F.);
#1106=ADVANCED_FACE('',(#164),#87,.F.);
#1107=ADVANCED_FACE('',(#165),#88,.F.);
#1108=ADVANCED_FACE('',(#166),#89,.F.);
#1109=ADVANCED_FACE('',(#167),#90,.F.);
#1110=ADVANCED_FACE('',(#168),#91,.F.);
#1111=ADVANCED_FACE('',(#169),#92,.F.);
#1112=ADVANCED_FACE('',(#170),#93,.F.);
#1113=ADVANCED_FACE('',(#171),#94,.F.);
#1114=CLOSED_SHELL('',(#1056,#1057,#1058,#1059,#1060,#1061,#1062,#1063,
#1064,#1065,#1066,#1067,#1068,#1069,#1070,#1071,#1072,#1073,#1074,#1075,
#1076,#1077,#1078,#1079,#1080,#1081,#1082,#1083,#1084,#1085,#1086,#1087,
#1088,#1089,#1090,#1091,#1092,#1093,#1094,#1095,#1096,#1097,#1098,#1099,
#1100,#1101,#1102,#1103,#1104,#1105,#1106,#1107,#1108,#1109,#1110,#1111,
#1112,#1113));
#1115=DERIVED_UNIT_ELEMENT(#1117,1.);
#1116=DERIVED_UNIT_ELEMENT(#4323,-3.);
#1117=(
MASS_UNIT()
NAMED_UNIT(*)
SI_UNIT($,.GRAM.)
);
#1118=DERIVED_UNIT((#1115,#1116));
#1119=MEASURE_REPRESENTATION_ITEM('density measure',
POSITIVE_RATIO_MEASURE(1.),#1118);
#1120=PROPERTY_DEFINITION_REPRESENTATION(#1125,#1122);
#1121=PROPERTY_DEFINITION_REPRESENTATION(#1126,#1123);
#1122=REPRESENTATION('material name',(#1124),#4318);
#1123=REPRESENTATION('density',(#1119),#4318);
#1124=DESCRIPTIVE_REPRESENTATION_ITEM('Generic','Generic');
#1125=PROPERTY_DEFINITION('material property','material name',#4331);
#1126=PROPERTY_DEFINITION('material property','density of part',#4331);
#1127=DATE_TIME_ROLE('creation_date');
#1128=APPLIED_DATE_AND_TIME_ASSIGNMENT(#1129,#1127,(#4331));
#1129=DATE_AND_TIME(#1130,#1131);
#1130=CALENDAR_DATE(2021,9,7);
#1131=LOCAL_TIME(14,52,58.,#1132);
#1132=COORDINATED_UNIVERSAL_TIME_OFFSET(0,0,.BEHIND.);
#1133=AXIS2_PLACEMENT_3D('placement',#1530,#1236,#1237);
#1134=AXIS2_PLACEMENT_3D('',#1531,#1238,#1239);
#1135=AXIS2_PLACEMENT_3D('',#1568,#1241,#1242);
#1136=AXIS2_PLACEMENT_3D('',#1569,#1243,#1244);
#1137=AXIS2_PLACEMENT_3D('',#1632,#1246,#1247);
#1138=AXIS2_PLACEMENT_3D('',#1636,#1249,#1250);
#1139=AXIS2_PLACEMENT_3D('',#1679,#1251,#1252);
#1140=AXIS2_PLACEMENT_3D('',#1810,#1254,#1255);
#1141=AXIS2_PLACEMENT_3D('',#1815,#1257,#1258);
#1142=AXIS2_PLACEMENT_3D('',#1921,#1259,#1260);
#1143=AXIS2_PLACEMENT_3D('',#1967,#1261,#1262);
#1144=AXIS2_PLACEMENT_3D('',#1968,#1263,#1264);
#1145=AXIS2_PLACEMENT_3D('',#1970,#1265,#1266);
#1146=AXIS2_PLACEMENT_3D('',#1974,#1268,#1269);
#1147=AXIS2_PLACEMENT_3D('',#1976,#1270,#1271);
#1148=AXIS2_PLACEMENT_3D('',#1978,#1272,#1273);
#1149=AXIS2_PLACEMENT_3D('',#1980,#1274,#1275);
#1150=AXIS2_PLACEMENT_3D('',#1982,#1276,#1277);
#1151=AXIS2_PLACEMENT_3D('',#1984,#1278,#1279);
#1152=AXIS2_PLACEMENT_3D('',#1986,#1280,#1281);
#1153=AXIS2_PLACEMENT_3D('',#1988,#1282,#1283);
#1154=AXIS2_PLACEMENT_3D('',#1990,#1284,#1285);
#1155=AXIS2_PLACEMENT_3D('',#1992,#1286,#1287);
#1156=AXIS2_PLACEMENT_3D('',#1994,#1288,#1289);
#1157=AXIS2_PLACEMENT_3D('',#1996,#1290,#1291);
#1158=AXIS2_PLACEMENT_3D('',#1998,#1292,#1293);
#1159=AXIS2_PLACEMENT_3D('',#2000,#1294,#1295);
#1160=AXIS2_PLACEMENT_3D('',#2002,#1296,#1297);
#1161=AXIS2_PLACEMENT_3D('',#2004,#1298,#1299);
#1162=AXIS2_PLACEMENT_3D('',#2005,#1300,#1301);
#1163=AXIS2_PLACEMENT_3D('',#2006,#1302,#1303);
#1164=AXIS2_PLACEMENT_3D('',#2011,#1305,#1306);
#1165=AXIS2_PLACEMENT_3D('',#2024,#1307,#1308);
#1166=AXIS2_PLACEMENT_3D('',#2028,#1310,#1311);
#1167=AXIS2_PLACEMENT_3D('',#2032,#1313,#1314);
#1168=AXIS2_PLACEMENT_3D('',#2045,#1315,#1316);
#1169=AXIS2_PLACEMENT_3D('',#2048,#1318,#1319);
#1170=AXIS2_PLACEMENT_3D('',#2051,#1321,#1322);
#1171=AXIS2_PLACEMENT_3D('',#2054,#1323,#1324);
#1172=AXIS2_PLACEMENT_3D('',#2057,#1326,#1327);
#1173=AXIS2_PLACEMENT_3D('',#2058,#1328,#1329);
#1174=AXIS2_PLACEMENT_3D('',#2059,#1330,#1331);
#1175=AXIS2_PLACEMENT_3D('',#2062,#1333,#1334);
#1176=AXIS2_PLACEMENT_3D('',#2063,#1335,#1336);
#1177=AXIS2_PLACEMENT_3D('',#2087,#1337,#1338);
#1178=AXIS2_PLACEMENT_3D('',#2088,#1339,#1340);
#1179=AXIS2_PLACEMENT_3D('',#2089,#1341,#1342);
#1180=AXIS2_PLACEMENT_3D('',#2093,#1344,#1345);
#1181=AXIS2_PLACEMENT_3D('',#2095,#1347,#1348);
#1182=AXIS2_PLACEMENT_3D('',#2099,#1350,#1351);
#1183=AXIS2_PLACEMENT_3D('',#2101,#1353,#1354);
#1184=AXIS2_PLACEMENT_3D('',#2107,#1358,#1359);
#1185=AXIS2_PLACEMENT_3D('',#2113,#1363,#1364);
#1186=AXIS2_PLACEMENT_3D('',#2119,#1368,#1369);
#1187=AXIS2_PLACEMENT_3D('',#2124,#1373,#1374);
#1188=AXIS2_PLACEMENT_3D('',#2130,#1378,#1379);
#1189=AXIS2_PLACEMENT_3D('',#2133,#1382,#1383);
#1190=AXIS2_PLACEMENT_3D('',#2139,#1387,#1388);
#1191=AXIS2_PLACEMENT_3D('',#2145,#1392,#1393);
#1192=AXIS2_PLACEMENT_3D('',#2151,#1397,#1398);
#1193=AXIS2_PLACEMENT_3D('',#2156,#1402,#1403);
#1194=AXIS2_PLACEMENT_3D('',#2162,#1407,#1408);
#1195=AXIS2_PLACEMENT_3D('',#2165,#1411,#1412);
#1196=AXIS2_PLACEMENT_3D('',#3134,#1413,#1414);
#1197=AXIS2_PLACEMENT_3D('',#3155,#1427,#1428);
#1198=AXIS2_PLACEMENT_3D('',#4239,#1429,#1430);
#1199=AXIS2_PLACEMENT_3D('',#4243,#1433,#1434);
#1200=AXIS2_PLACEMENT_3D('',#4247,#1437,#1438);
#1201=AXIS2_PLACEMENT_3D('',#4249,#1440,#1441);
#1202=AXIS2_PLACEMENT_3D('',#4250,#1442,#1443);
#1203=AXIS2_PLACEMENT_3D('',#4251,#1444,#1445);
#1204=AXIS2_PLACEMENT_3D('',#4252,#1446,#1447);
#1205=AXIS2_PLACEMENT_3D('',#4253,#1448,#1449);
#1206=AXIS2_PLACEMENT_3D('',#4254,#1450,#1451);
#1207=AXIS2_PLACEMENT_3D('',#4255,#1452,#1453);
#1208=AXIS2_PLACEMENT_3D('',#4261,#1457,#1458);
#1209=AXIS2_PLACEMENT_3D('',#4263,#1460,#1461);
#1210=AXIS2_PLACEMENT_3D('',#4265,#1463,#1464);
#1211=AXIS2_PLACEMENT_3D('',#4266,#1465,#1466);
#1212=AXIS2_PLACEMENT_3D('',#4270,#1469,#1470);
#1213=AXIS2_PLACEMENT_3D('',#4274,#1473,#1474);
#1214=AXIS2_PLACEMENT_3D('',#4276,#1476,#1477);
#1215=AXIS2_PLACEMENT_3D('',#4277,#1478,#1479);
#1216=AXIS2_PLACEMENT_3D('',#4281,#1482,#1483);
#1217=AXIS2_PLACEMENT_3D('',#4285,#1486,#1487);
#1218=AXIS2_PLACEMENT_3D('',#4287,#1489,#1490);
#1219=AXIS2_PLACEMENT_3D('',#4288,#1491,#1492);
#1220=AXIS2_PLACEMENT_3D('',#4292,#1495,#1496);
#1221=AXIS2_PLACEMENT_3D('',#4296,#1499,#1500);
#1222=AXIS2_PLACEMENT_3D('',#4298,#1502,#1503);
#1223=AXIS2_PLACEMENT_3D('view reference',#4299,#1504,#1505);
#1224=AXIS2_PLACEMENT_3D('view window',#4300,#1506,#1507);
#1225=AXIS2_PLACEMENT_3D('view reference',#4302,#1508,#1509);
#1226=AXIS2_PLACEMENT_3D('view window',#4303,#1510,#1511);
#1227=AXIS2_PLACEMENT_3D('view reference',#4305,#1512,#1513);
#1228=AXIS2_PLACEMENT_3D('view window',#4306,#1514,#1515);
#1229=AXIS2_PLACEMENT_3D('view reference',#4308,#1516,#1517);
#1230=AXIS2_PLACEMENT_3D('view window',#4309,#1518,#1519);
#1231=AXIS2_PLACEMENT_3D('',#4311,#1520,#1521);
#1232=AXIS2_PLACEMENT_3D('',#4312,#1522,#1523);
#1233=AXIS2_PLACEMENT_3D('',#4313,#1524,#1525);
#1234=AXIS2_PLACEMENT_3D('',#4314,#1526,#1527);
#1235=AXIS2_PLACEMENT_3D('',#4315,#1528,#1529);
#1236=DIRECTION('axis',(0.,0.,1.));
#1237=DIRECTION('refdir',(1.,0.,0.));
#1238=DIRECTION('center_axis',(0.,1.22464679914735E-16,-1.));
#1239=DIRECTION('ref_axis',(0.,1.,1.22464679914735E-16));
#1240=DIRECTION('',(0.,-1.22464679914735E-16,1.));
#1241=DIRECTION('center_axis',(0.,1.22464679914735E-16,-1.));
#1242=DIRECTION('ref_axis',(0.,1.,1.22464679914735E-16));
#1243=DIRECTION('center_axis',(0.,1.22464679914735E-16,-1.));
#1244=DIRECTION('ref_axis',(0.,1.,1.22464679914735E-16));
#1245=DIRECTION('',(0.,-1.22464679914735E-16,1.));
#1246=DIRECTION('center_axis',(0.,1.22464679914735E-16,-1.));
#1247=DIRECTION('ref_axis',(0.,1.,1.22464679914735E-16));
#1248=DIRECTION('',(0.,-1.22464679914735E-16,1.));
#1249=DIRECTION('center_axis',(-0.192985136416416,-0.363668756726365,-0.911318699744188));
#1250=DIRECTION('ref_axis',(0.427180640505088,0.804995945878673,-0.411701624355021));
#1251=DIRECTION('center_axis',(0.,1.22464679914735E-16,-1.));
#1252=DIRECTION('ref_axis',(0.,1.,1.22464679914735E-16));
#1253=DIRECTION('',(0.,-1.22464679914735E-16,1.));
#1254=DIRECTION('center_axis',(0.,1.22464679914735E-16,-1.));
#1255=DIRECTION('ref_axis',(0.,1.,1.22464679914735E-16));
#1256=DIRECTION('',(0.,-1.22464679914735E-16,1.));
#1257=DIRECTION('center_axis',(0.,-1.22464679914735E-16,1.));
#1258=DIRECTION('ref_axis',(0.,1.,1.22464679914735E-16));
#1259=DIRECTION('center_axis',(0.,1.22464679914735E-16,-1.));
#1260=DIRECTION('ref_axis',(0.,1.,1.22464679914735E-16));
#1261=DIRECTION('center_axis',(0.,-1.22464679914735E-16,1.));
#1262=DIRECTION('ref_axis',(0.,1.,1.22464679914735E-16));
#1263=DIRECTION('center_axis',(0.,0.,1.));
#1264=DIRECTION('ref_axis',(1.,0.,0.));
#1265=DIRECTION('center_axis',(0.,0.,1.));
#1266=DIRECTION('ref_axis',(1.,0.,0.));
#1267=DIRECTION('',(-0.0436193873653361,-5.34183431177273E-18,0.999048221581858));
#1268=DIRECTION('center_axis',(0.,0.,1.));
#1269=DIRECTION('ref_axis',(-1.78248007339599E-14,-1.,0.));
#1270=DIRECTION('center_axis',(0.,0.965925826289068,0.258819045102521));
#1271=DIRECTION('ref_axis',(8.22826369574863E-13,-0.258819045102521,0.965925826289068));
#1272=DIRECTION('center_axis',(0.,0.,1.));
#1273=DIRECTION('ref_axis',(1.,0.,0.));
#1274=DIRECTION('center_axis',(0.965925826289068,2.84240370458976E-15,0.258819045102521));
#1275=DIRECTION('ref_axis',(0.258819045102521,-7.19000318432901E-13,-0.965925826289068));
#1276=DIRECTION('center_axis',(0.,0.,1.));
#1277=DIRECTION('ref_axis',(-1.,0.,0.));
#1278=DIRECTION('center_axis',(-0.965925826289068,2.84240370458962E-15,
0.258819045102521));
#1279=DIRECTION('ref_axis',(0.258819045102521,4.41739517221862E-14,0.965925826289068));
#1280=DIRECTION('center_axis',(0.,0.,1.));
#1281=DIRECTION('ref_axis',(1.,0.,0.));
#1282=DIRECTION('center_axis',(-2.84240370458979E-15,0.965925826289068,
0.258819045102521));
#1283=DIRECTION('ref_axis',(-2.03937277538074E-13,-0.258819045102521,0.965925826289068));
#1284=DIRECTION('center_axis',(0.,0.,1.));
#1285=DIRECTION('ref_axis',(3.49148133884313E-15,-1.,0.));
#1286=DIRECTION('center_axis',(0.,-0.965925826289068,0.258819045102521));
#1287=DIRECTION('ref_axis',(7.23837423814162E-13,-0.258819045102521,-0.965925826289068));
#1288=DIRECTION('center_axis',(0.,0.,1.));
#1289=DIRECTION('ref_axis',(1.,0.,0.));
#1290=DIRECTION('center_axis',(-0.965925826289068,-2.84240370458976E-15,
0.258819045102521));
#1291=DIRECTION('ref_axis',(0.258819045102521,-7.19000318432901E-13,0.965925826289068));
#1292=DIRECTION('center_axis',(0.,0.,1.));
#1293=DIRECTION('ref_axis',(-1.,1.59872115546023E-14,0.));
#1294=DIRECTION('center_axis',(0.965925826289068,-2.84240370458962E-15,
0.258819045102521));
#1295=DIRECTION('ref_axis',(0.258819045102521,4.41739517221862E-14,-0.965925826289068));
#1296=DIRECTION('center_axis',(0.,0.,1.));
#1297=DIRECTION('ref_axis',(1.,0.,0.));
#1298=DIRECTION('center_axis',(1.42120185229478E-14,-0.965925826289068,
0.258819045102521));
#1299=DIRECTION('ref_axis',(-7.25729307897815E-13,-0.258819045102521,-0.965925826289068));
#1300=DIRECTION('center_axis',(0.,0.,1.));
#1301=DIRECTION('ref_axis',(-1.78248007339599E-14,-1.,0.));
#1302=DIRECTION('center_axis',(0.,0.,1.));
#1303=DIRECTION('ref_axis',(1.,0.,0.));
#1304=DIRECTION('',(-0.422618261740696,-1.10990693043675E-16,0.906307787036652));
#1305=DIRECTION('center_axis',(0.,0.,-1.));
#1306=DIRECTION('ref_axis',(-1.,0.,0.));
#1307=DIRECTION('center_axis',(0.,0.,-1.));
#1308=DIRECTION('ref_axis',(-1.,0.,0.));
#1309=DIRECTION('',(0.,-0.422618261740696,-0.906307787036652));
#1310=DIRECTION('center_axis',(0.,1.22464679914735E-16,-1.));
#1311=DIRECTION('ref_axis',(8.88178419700125E-16,-1.,-1.22464679914735E-16));
#1312=DIRECTION('',(-0.422618261740696,1.87680209924633E-16,-0.906307787036652));
#1313=DIRECTION('center_axis',(0.,0.,-1.));
#1314=DIRECTION('ref_axis',(-1.,0.,0.));
#1315=DIRECTION('center_axis',(0.,0.,-1.));
#1316=DIRECTION('ref_axis',(-1.,0.,0.));
#1317=DIRECTION('',(-2.04830798005992E-16,-0.422618261740696,0.906307787036652));
#1318=DIRECTION('center_axis',(0.,1.22464679914735E-16,-1.));
#1319=DIRECTION('ref_axis',(0.,-1.,-1.22464679914735E-16));
#1320=DIRECTION('',(0.422618261740696,5.17558101501962E-17,-0.906307787036652));
#1321=DIRECTION('center_axis',(0.,-1.22464679914735E-16,1.));
#1322=DIRECTION('ref_axis',(0.,-1.,-1.22464679914735E-16));
#1323=DIRECTION('center_axis',(0.,1.22464679914735E-16,-1.));
#1324=DIRECTION('ref_axis',(0.,1.,1.22464679914735E-16));
#1325=DIRECTION('',(8.65956056235498E-17,-0.707106781186551,-0.707106781186544));
#1326=DIRECTION('center_axis',(0.,1.22464679914735E-16,-1.));
#1327=DIRECTION('ref_axis',(0.,-1.,-1.22464679914735E-16));
#1328=DIRECTION('center_axis',(0.,1.22464679914735E-16,-1.));
#1329=DIRECTION('ref_axis',(0.,1.,1.22464679914735E-16));
#1330=DIRECTION('center_axis',(0.,1.22464679914735E-16,-1.));
#1331=DIRECTION('ref_axis',(0.,1.,1.22464679914735E-16));
#1332=DIRECTION('',(0.,-1.22464679914735E-16,1.));
#1333=DIRECTION('center_axis',(0.,1.22464679914735E-16,-1.));
#1334=DIRECTION('ref_axis',(0.,1.,1.22464679914735E-16));
#1335=DIRECTION('center_axis',(0.,1.22464679914735E-16,-1.));
#1336=DIRECTION('ref_axis',(0.,1.,1.51910566486689E-16));
#1337=DIRECTION('center_axis',(1.,-1.22464679914735E-16,-1.49975978266185E-32));
#1338=DIRECTION('ref_axis',(-1.22464679914735E-16,-1.,-1.59486159041143E-16));
#1339=DIRECTION('center_axis',(0.,-1.22464679914735E-16,1.));
#1340=DIRECTION('ref_axis',(0.,1.,1.22464679914735E-16));
#1341=DIRECTION('center_axis',(0.,-1.22464679914735E-16,1.));
#1342=DIRECTION('ref_axis',(0.,1.,1.22464679914735E-16));
#1343=DIRECTION('',(-1.32033570310016E-16,-0.0436193873653362,0.999048221581858));
#1344=DIRECTION('center_axis',(0.,1.22464679914735E-16,-1.));
#1345=DIRECTION('ref_axis',(0.,1.,1.22464679914735E-16));
#1346=DIRECTION('',(-0.0436193873653361,-1.22348120675408E-16,0.999048221581858));
#1347=DIRECTION('center_axis',(0.,-1.22464679914735E-16,1.));
#1348=DIRECTION('ref_axis',(0.,1.,1.22464679914735E-16));
#1349=DIRECTION('',(0.,-0.043619387365336,-0.999048221581858));
#1350=DIRECTION('center_axis',(0.,1.22464679914735E-16,-1.));
#1351=DIRECTION('ref_axis',(0.,1.,1.22464679914735E-16));
#1352=DIRECTION('',(-0.0436193873653361,1.93708992692159E-17,-0.999048221581858));
#1353=DIRECTION('center_axis',(0.,1.,1.22464679914735E-16));
#1354=DIRECTION('ref_axis',(0.,-1.22464679914735E-16,1.));
#1355=DIRECTION('',(0.,-1.22464679914735E-16,1.));
#1356=DIRECTION('',(-1.,0.,0.));
#1357=DIRECTION('',(-1.,0.,0.));
#1358=DIRECTION('center_axis',(-1.,0.,0.));
#1359=DIRECTION('ref_axis',(0.,0.,1.));
#1360=DIRECTION('',(0.,-1.,0.));
#1361=DIRECTION('',(0.,-1.,0.));
#1362=DIRECTION('',(0.,-1.22464679914735E-16,1.));
#1363=DIRECTION('center_axis',(0.994228211250279,-0.107285898206942,-1.31387331832781E-17));
#1364=DIRECTION('ref_axis',(0.107285898206942,0.994228211250279,0.));
#1365=DIRECTION('',(0.,-1.22464679914735E-16,1.));
#1366=DIRECTION('',(0.107285898206942,0.994228211250279,0.));
#1367=DIRECTION('',(0.107285898206942,0.994228211250279,0.));
#1368=DIRECTION('center_axis',(0.,-1.,-1.22464679914735E-16));
#1369=DIRECTION('ref_axis',(0.,1.22464679914735E-16,-1.));
#1370=DIRECTION('',(1.,0.,0.));
#1371=DIRECTION('',(0.,-1.22464679914735E-16,1.));
#1372=DIRECTION('',(1.,0.,0.));
#1373=DIRECTION('center_axis',(1.,0.,0.));
#1374=DIRECTION('ref_axis',(0.,0.,-1.));
#1375=DIRECTION('',(0.,-1.22464679914735E-16,1.));
#1376=DIRECTION('',(0.,1.,0.));
#1377=DIRECTION('',(0.,1.,0.));
#1378=DIRECTION('center_axis',(0.10728589820694,-0.994228211250279,-1.21757839652965E-16));
#1379=DIRECTION('ref_axis',(0.994228211250279,0.10728589820694,1.54074395550979E-33));
#1380=DIRECTION('',(0.994228211250279,0.10728589820694,0.));
#1381=DIRECTION('',(0.994228211250279,0.10728589820694,0.));
#1382=DIRECTION('center_axis',(-1.,2.22044604925031E-16,-1.22464679914735E-16));
#1383=DIRECTION('ref_axis',(-2.22044604925031E-16,-1.,0.));
#1384=DIRECTION('',(-2.22044604925031E-16,-1.,0.));
#1385=DIRECTION('',(-2.22044604925031E-16,-1.,0.));
#1386=DIRECTION('',(-1.22464679914735E-16,5.43852429378755E-32,1.));
#1387=DIRECTION('center_axis',(4.44089209850062E-16,1.,-6.73452525377561E-48));
#1388=DIRECTION('ref_axis',(-1.,4.44089209850062E-16,0.));
#1389=DIRECTION('',(-1.22464679914735E-16,5.43852429378755E-32,1.));
#1390=DIRECTION('',(-1.,4.44089209850063E-16,0.));
#1391=DIRECTION('',(-1.,4.44089209850063E-16,0.));
#1392=DIRECTION('center_axis',(0.994228211250279,-0.10728589820694,1.21757839652965E-16));
#1393=DIRECTION('ref_axis',(0.10728589820694,0.994228211250279,0.));
#1394=DIRECTION('',(-1.22464679914735E-16,5.43852429378755E-32,1.));
#1395=DIRECTION('',(0.10728589820694,0.994228211250279,0.));
#1396=DIRECTION('',(0.10728589820694,0.994228211250279,0.));
#1397=DIRECTION('center_axis',(-4.44089209850062E-16,-1.,6.73452525377561E-48));
#1398=DIRECTION('ref_axis',(1.,-4.44089209850062E-16,0.));
#1399=DIRECTION('',(1.,-4.44089209850063E-16,0.));
#1400=DIRECTION('',(-1.22464679914735E-16,5.43852429378755E-32,1.));
#1401=DIRECTION('',(1.,-4.44089209850063E-16,0.));
#1402=DIRECTION('center_axis',(1.,-2.22044604925031E-16,1.22464679914735E-16));
#1403=DIRECTION('ref_axis',(2.22044604925031E-16,1.,0.));
#1404=DIRECTION('',(-1.22464679914735E-16,5.43852429378755E-32,1.));
#1405=DIRECTION('',(2.22044604925031E-16,1.,0.));
#1406=DIRECTION('',(2.22044604925031E-16,1.,0.));
#1407=DIRECTION('center_axis',(0.107285898206942,-0.994228211250279,1.31387331832781E-17));
#1408=DIRECTION('ref_axis',(0.994228211250279,0.107285898206942,0.));
#1409=DIRECTION('',(0.994228211250279,0.107285898206942,0.));
#1410=DIRECTION('',(0.994228211250279,0.107285898206942,0.));
#1411=DIRECTION('center_axis',(0.,1.22464679914735E-16,-1.));
#1412=DIRECTION('ref_axis',(0.,1.,1.22464679914735E-16));
#1413=DIRECTION('center_axis',(0.,-1.22464679914735E-16,1.));
#1414=DIRECTION('ref_axis',(0.,-1.,-1.22464679914735E-16));
#1415=DIRECTION('',(1.,3.49148133884313E-15,0.));
#1416=DIRECTION('',(3.49148133884313E-15,-1.,0.));
#1417=DIRECTION('',(-1.,-3.49148133884313E-15,0.));
#1418=DIRECTION('',(0.,-1.,0.));
#1419=DIRECTION('',(-1.,0.,0.));
#1420=DIRECTION('',(0.,1.,0.));
#1421=DIRECTION('',(-1.,-3.49148133884313E-15,0.));
#1422=DIRECTION('',(-3.49148133884313E-15,1.,0.));
#1423=DIRECTION('',(1.,3.49148133884313E-15,0.));
#1424=DIRECTION('',(0.,1.,0.));
#1425=DIRECTION('',(1.,0.,0.));
#1426=DIRECTION('',(0.,-1.,0.));
#1427=DIRECTION('center_axis',(0.,1.22464679914735E-16,-1.));
#1428=DIRECTION('ref_axis',(0.,1.,1.22464679914735E-16));
#1429=DIRECTION('center_axis',(0.192985136416416,0.363668756726366,-0.911318699744188));
#1430=DIRECTION('ref_axis',(0.,0.928778168834883,0.370636092543241));
#1431=DIRECTION('',(-0.97830486454942,0.,-0.207170441904583));
#1432=DIRECTION('',(-0.883330876568911,0.46875,0.));
#1433=DIRECTION('center_axis',(0.46875,0.883330876568911,0.));
#1434=DIRECTION('ref_axis',(-0.883330876568911,0.46875,0.));
#1435=DIRECTION('',(0.,0.,-1.));
#1436=DIRECTION('',(-0.883330876568911,0.46875,0.));
#1437=DIRECTION('center_axis',(0.192985136416416,0.363668756726365,0.911318699744188));
#1438=DIRECTION('ref_axis',(0.,-0.928778168834883,0.37063609254324));
#1439=DIRECTION('',(0.97830486454942,0.,-0.207170441904583));
#1440=DIRECTION('center_axis',(0.,-1.,0.));
#1441=DIRECTION('ref_axis',(0.,0.,-1.));
#1442=DIRECTION('center_axis',(0.,0.,-1.));
#1443=DIRECTION('ref_axis',(-1.,0.,0.));
#1444=DIRECTION('center_axis',(0.,0.,-1.));
#1445=DIRECTION('ref_axis',(-1.,0.,0.));
#1446=DIRECTION('center_axis',(0.,0.,-1.));
#1447=DIRECTION('ref_axis',(-1.,0.,0.));
#1448=DIRECTION('center_axis',(0.,0.,-1.));
#1449=DIRECTION('ref_axis',(-1.,0.,0.));
#1450=DIRECTION('center_axis',(0.,0.,1.));
#1451=DIRECTION('ref_axis',(1.,0.,0.));
#1452=DIRECTION('center_axis',(0.,0.,-1.));
#1453=DIRECTION('ref_axis',(-1.,0.,0.));
#1454=DIRECTION('',(0.,1.,0.));
#1455=DIRECTION('',(-1.,0.,0.));
#1456=DIRECTION('',(0.,-1.,0.));
#1457=DIRECTION('center_axis',(-0.965925826289068,0.,-0.258819045102521));
#1458=DIRECTION('ref_axis',(-0.258819045102521,0.,0.965925826289068));
#1459=DIRECTION('',(-0.250562807085732,0.250562807085732,0.935113126531029));
#1460=DIRECTION('center_axis',(0.965925826289068,0.,-0.258819045102521));
#1461=DIRECTION('ref_axis',(-0.258819045102521,0.,-0.965925826289068));
#1462=DIRECTION('',(0.250562807085732,0.250562807085732,0.935113126531029));
#1463=DIRECTION('center_axis',(0.,0.965925826289068,-0.258819045102521));
#1464=DIRECTION('ref_axis',(0.,0.258819045102521,0.965925826289068));
#1465=DIRECTION('center_axis',(0.965925826289068,0.,-0.258819045102521));
#1466=DIRECTION('ref_axis',(-0.258819045102521,0.,-0.965925826289068));
#1467=DIRECTION('',(0.,1.,0.));
#1468=DIRECTION('',(0.250562807085732,-0.250562807085732,0.935113126531029));
#1469=DIRECTION('center_axis',(-0.965925826289068,0.,-0.258819045102521));
#1470=DIRECTION('ref_axis',(-0.258819045102521,0.,0.965925826289068));
#1471=DIRECTION('',(-0.250562807085732,-0.250562807085732,0.935113126531029));
#1472=DIRECTION('',(0.,-1.,0.));
#1473=DIRECTION('center_axis',(0.,0.,-1.));
#1474=DIRECTION('ref_axis',(-1.,0.,0.));
#1475=DIRECTION('',(1.,0.,0.));
#1476=DIRECTION('center_axis',(0.,-0.965925826289068,-0.258819045102521));
#1477=DIRECTION('ref_axis',(0.,0.258819045102521,-0.965925826289068));
#1478=DIRECTION('center_axis',(-3.37251199719492E-15,0.965925826289068,
-0.258819045102521));
#1479=DIRECTION('ref_axis',(9.03661866112652E-16,-0.258819045102521,-0.965925826289068));
#1480=DIRECTION('',(-1.,-3.49148133884313E-15,0.));
#1481=DIRECTION('',(0.250562807085731,0.250562807085733,0.935113126531029));
#1482=DIRECTION('center_axis',(3.37251199719492E-15,-0.965925826289068,
-0.258819045102521));
#1483=DIRECTION('ref_axis',(9.03661866112652E-16,-0.258819045102521,0.965925826289068));
#1484=DIRECTION('',(0.250562807085733,-0.250562807085731,0.935113126531029));
#1485=DIRECTION('',(1.,3.49148133884313E-15,0.));
#1486=DIRECTION('center_axis',(0.,0.,-1.));
#1487=DIRECTION('ref_axis',(3.49148133884313E-15,-1.,0.));
#1488=DIRECTION('',(-3.49148133884313E-15,1.,0.));
#1489=DIRECTION('center_axis',(0.965925826289068,3.37251199719492E-15,-0.258819045102521));
#1490=DIRECTION('ref_axis',(-0.258819045102521,-9.03661866112652E-16,-0.965925826289068));
#1491=DIRECTION('center_axis',(3.37251199719492E-15,-0.965925826289068,
-0.258819045102521));
#1492=DIRECTION('ref_axis',(9.03661866112652E-16,-0.258819045102521,0.965925826289068));
#1493=DIRECTION('',(1.,3.49148133884313E-15,0.));
#1494=DIRECTION('',(-0.250562807085731,-0.250562807085733,0.935113126531029));
#1495=DIRECTION('center_axis',(0.,0.,-1.));
#1496=DIRECTION('ref_axis',(3.49148133884313E-15,-1.,0.));
#1497=DIRECTION('',(-1.,-3.49148133884313E-15,0.));
#1498=DIRECTION('',(3.49148133884313E-15,-1.,0.));
#1499=DIRECTION('center_axis',(-3.37251199719492E-15,0.965925826289068,
-0.258819045102521));
#1500=DIRECTION('ref_axis',(9.03661866112652E-16,-0.258819045102521,-0.965925826289068));
#1501=DIRECTION('',(-0.250562807085733,0.250562807085731,0.935113126531029));
#1502=DIRECTION('center_axis',(-0.965925826289068,-3.37251199719492E-15,
-0.258819045102521));
#1503=DIRECTION('ref_axis',(-0.258819045102521,-9.03661866112652E-16,0.965925826289068));
#1504=DIRECTION('center_axis',(-0.577350269189626,0.577350269189626,-0.577350269189626));
#1505=DIRECTION('ref_axis',(-0.707106781186548,-0.707106781186548,0.));
#1506=DIRECTION('center_axis',(0.,0.,1.));
#1507=DIRECTION('ref_axis',(1.,0.,0.));
#1508=DIRECTION('center_axis',(-2.22044604925031E-16,0.,-1.));
#1509=DIRECTION('ref_axis',(-1.,0.,2.22044604925031E-16));
#1510=DIRECTION('center_axis',(0.,0.,1.));
#1511=DIRECTION('ref_axis',(1.,0.,0.));
#1512=DIRECTION('center_axis',(0.,-1.,0.));
#1513=DIRECTION('ref_axis',(-1.,0.,0.));
#1514=DIRECTION('center_axis',(0.,0.,1.));
#1515=DIRECTION('ref_axis',(1.,0.,0.));
#1516=DIRECTION('center_axis',(-1.,0.,0.));
#1517=DIRECTION('ref_axis',(0.,0.,1.));
#1518=DIRECTION('center_axis',(0.,0.,1.));
#1519=DIRECTION('ref_axis',(1.,0.,0.));
#1520=DIRECTION('center_axis',(0.,0.,1.));
#1521=DIRECTION('ref_axis',(1.,0.,0.));
#1522=DIRECTION('center_axis',(0.,0.,1.));
#1523=DIRECTION('ref_axis',(1.,0.,0.));
#1524=DIRECTION('center_axis',(0.,0.,1.));
#1525=DIRECTION('ref_axis',(1.,0.,0.));
#1526=DIRECTION('center_axis',(0.,0.,1.));
#1527=DIRECTION('ref_axis',(1.,0.,0.));
#1528=DIRECTION('center_axis',(0.,0.,1.));
#1529=DIRECTION('ref_axis',(1.,0.,0.));
#1530=CARTESIAN_POINT('',(0.,0.,0.));
#1531=CARTESIAN_POINT('Origin',(0.,0.,0.));
#1532=CARTESIAN_POINT('',(-3.69962208240929E-17,-0.113435039370079,-0.216397270217497));
#1533=CARTESIAN_POINT('',(-1.38917857875721E-17,-0.113435039370079,-0.12));
#1534=CARTESIAN_POINT('',(-1.38917857875721E-17,-0.113435039370079,-1.38917857875721E-17));
#1535=CARTESIAN_POINT('',(-0.0169617898732404,0.112159733599841,-0.12));
#1536=CARTESIAN_POINT('Ctrl Pts',(-0.0169617898732404,0.112159733599841,
-0.12));
#1537=CARTESIAN_POINT('Ctrl Pts',(-0.0129735579599873,0.112762869408987,
-0.121041289406352));
#1538=CARTESIAN_POINT('Ctrl Pts',(-0.00894818315506278,0.113154035267248,
-0.122083505314917));
#1539=CARTESIAN_POINT('Ctrl Pts',(0.0103245866582747,0.11398776965772,-0.127061721420398));
#1540=CARTESIAN_POINT('Ctrl Pts',(0.0255294812506962,0.111570846811703,
-0.130960336196874));
#1541=CARTESIAN_POINT('Ctrl Pts',(0.0540740922973597,0.100875155046092,
-0.138826799736698));
#1542=CARTESIAN_POINT('Ctrl Pts',(0.0671232083193662,0.0927053306292359,
-0.142725293338981));
#1543=CARTESIAN_POINT('Ctrl Pts',(0.0836870497829764,0.0769544574462255,
-0.148623986220393));
#1544=CARTESIAN_POINT('Ctrl Pts',(0.0886634114856415,0.0711639307665586,
-0.150586219088467));
#1545=CARTESIAN_POINT('Ctrl Pts',(0.0973728389673496,0.0586842356101733,
-0.154516364760493));
#1546=CARTESIAN_POINT('Ctrl Pts',(0.101086165150089,0.0520278895996404,
-0.156473385776055));
#1547=CARTESIAN_POINT('Ctrl Pts',(0.107129710543303,0.0380619648109425,
-0.160400613419795));
#1548=CARTESIAN_POINT('Ctrl Pts',(0.109442384574699,0.0307871361732584,
-0.162362696866075));
#1549=CARTESIAN_POINT('Ctrl Pts',(0.11257297848579,0.0158948871744361,-0.166292516364194));
#1550=CARTESIAN_POINT('Ctrl Pts',(0.113385106703551,0.00831533087974817,
-0.168249608125146));
#1551=CARTESIAN_POINT('Ctrl Pts',(0.113480564654675,-0.00690116377053128,
-0.172176790739578));
#1552=CARTESIAN_POINT('Ctrl Pts',(0.11276183246451,-0.01449929643869,-0.174138682353189));
#1553=CARTESIAN_POINT('Ctrl Pts',(0.109814857547595,-0.0294284824166105,
-0.178068184979945));
#1554=CARTESIAN_POINT('Ctrl Pts',(0.107595611848385,-0.0367222873252993,
-0.180025392203632));
#1555=CARTESIAN_POINT('Ctrl Pts',(0.10172843336219,-0.0507618641925149,
-0.183952594858241));
#1556=CARTESIAN_POINT('Ctrl Pts',(0.0980942423531252,-0.0574713594906906,
-0.185914254799823));
#1557=CARTESIAN_POINT('Ctrl Pts',(0.0895402420874235,-0.0700564135830129,
-0.189843461207182));
#1558=CARTESIAN_POINT('Ctrl Pts',(0.0846428726912921,-0.0759008758070081,
-0.191800829504333));
#1559=CARTESIAN_POINT('Ctrl Pts',(0.0737494791754241,-0.0865241700231136,
-0.195728125445113));
#1560=CARTESIAN_POINT('Ctrl Pts',(0.067780630407173,-0.0912754136695894,
-0.19768951619503));
#1561=CARTESIAN_POINT('Ctrl Pts',(0.0549841485086217,-0.0995093909984643,
-0.201618457871696));
#1562=CARTESIAN_POINT('Ctrl Pts',(0.0481890790110324,-0.10297179286094,
-0.203576033893369));
#1563=CARTESIAN_POINT('Ctrl Pts',(0.034007332908228,-0.108484544231994,
-0.207503504142478));
#1564=CARTESIAN_POINT('Ctrl Pts',(0.0266566045801781,-0.110520670768928,
-0.209464590264497));
#1565=CARTESIAN_POINT('Ctrl Pts',(0.0128273276509423,-0.112890290089048,
-0.213087136863706));
#1566=CARTESIAN_POINT('Ctrl Pts',(0.00641839316556134,-0.113435039370079,
-0.214740752496568));
#1567=CARTESIAN_POINT('Ctrl Pts',(-6.82961998416066E-18,-0.113435039370079,
-0.216397270217497));
#1568=CARTESIAN_POINT('Origin',(0.,1.46957615897682E-17,-0.12));
#1569=CARTESIAN_POINT('Origin',(0.,0.,0.));
#1570=CARTESIAN_POINT('',(9.44519506819953E-18,-0.113435039370079,-0.400403596360477));
#1571=CARTESIAN_POINT('',(-1.38886820636357E-9,-0.113435039370079,-0.293547862782087));
#1572=CARTESIAN_POINT('',(-1.38917857875721E-17,-0.113435039370079,-1.38917857875721E-17));
#1573=CARTESIAN_POINT('Ctrl Pts',(-8.19554398099279E-18,-0.113435039370079,
-0.216397270217497));
#1574=CARTESIAN_POINT('Ctrl Pts',(-0.00118508777119141,-0.113435039370079,
-0.216703128528635));
#1575=CARTESIAN_POINT('Ctrl Pts',(-0.00237049641310727,-0.113416467956685,
-0.217009091943767));
#1576=CARTESIAN_POINT('Ctrl Pts',(-0.0111589748996928,-0.113140844668679,
-0.219278873788095));
#1577=CARTESIAN_POINT('Ctrl Pts',(-0.0187188958584659,-0.112138198566447,
-0.22123962171787));
#1578=CARTESIAN_POINT('Ctrl Pts',(-0.0335268165216796,-0.108634123465293,
-0.2251681697105));
#1579=CARTESIAN_POINT('Ctrl Pts',(-0.0407371928817384,-0.106140950689149,
-0.227126306223054));
#1580=CARTESIAN_POINT('Ctrl Pts',(-0.0545456728320092,-0.0997503025212752,
-0.23105439728103));
#1581=CARTESIAN_POINT('Ctrl Pts',(-0.0611091894612895,-0.095869810194229,
-0.233014776365575));
#1582=CARTESIAN_POINT('Ctrl Pts',(-0.0733656642674647,-0.0868500474664311,
-0.236943314613164));
#1583=CARTESIAN_POINT('Ctrl Pts',(-0.0790267746304034,-0.0817326077266281,
-0.238901874942673));
#1584=CARTESIAN_POINT('Ctrl Pts',(-0.0892331752438955,-0.0704469636809763,
-0.24283057470705));
#1585=CARTESIAN_POINT('Ctrl Pts',(-0.0937538310269243,-0.0643082818376018,
-0.244790516194165));
#1586=CARTESIAN_POINT('Ctrl Pts',(-0.101503985350347,-0.0512097595463396,
-0.248719343201975));
#1587=CARTESIAN_POINT('Ctrl Pts',(-0.104711947550525,-0.0442821010871147,
-0.250678650075507));
#1588=CARTESIAN_POINT('Ctrl Pts',(-0.109687285305933,-0.0299001185885097,
-0.254608253262297));
#1589=CARTESIAN_POINT('Ctrl Pts',(-0.111444348206827,-0.0224828298257758,
-0.256567750867099));
#1590=CARTESIAN_POINT('Ctrl Pts',(-0.113449801912161,-0.00739448716286253,
-0.260496745224311));
#1591=CARTESIAN_POINT('Ctrl Pts',(-0.113690264130642,0.000238530994207158,
-0.262456707406794));
#1592=CARTESIAN_POINT('Ctrl Pts',(-0.11263866442322,0.0154218953874465,
-0.266387025329772));
#1593=CARTESIAN_POINT('Ctrl Pts',(-0.111352275763394,0.0229342080736581,
-0.268346110014142));
#1594=CARTESIAN_POINT('Ctrl Pts',(-0.107291466736519,0.0376045958356845,
-0.272275169756855));
#1595=CARTESIAN_POINT('Ctrl Pts',(-0.104524126528609,0.0447243525659954,
-0.274235700931389));
#1596=CARTESIAN_POINT('Ctrl Pts',(-0.0976121225704091,0.0582852088315842,
-0.278166558808011));
#1597=CARTESIAN_POINT('Ctrl Pts',(-0.0934880133578095,0.0646938003005055,
-0.280125263580073));
#1598=CARTESIAN_POINT('Ctrl Pts',(-0.0840081084217474,0.0766043233218342,
-0.284054302000479));
#1599=CARTESIAN_POINT('Ctrl Pts',(-0.0786735417359666,0.0820734673924942,
-0.286015318825269));
#1600=CARTESIAN_POINT('Ctrl Pts',(-0.0670038260334541,0.0918464496054103,
-0.289946557899893));
#1601=CARTESIAN_POINT('Ctrl Pts',(-0.0607005321011133,0.0961287336284639,
-0.291904917545111));
#1602=CARTESIAN_POINT('Ctrl Pts',(-0.047314347535477,0.103377704406201,
-0.295833863312294));
#1603=CARTESIAN_POINT('Ctrl Pts',(-0.0402637317097807,0.10632226561089,
-0.297795285887737));
#1604=CARTESIAN_POINT('Ctrl Pts',(-0.0256990942223127,0.110746706499475,
-0.301726763945274));
#1605=CARTESIAN_POINT('Ctrl Pts',(-0.0182228638176657,0.112219468810482,
-0.303684814773658));
#1606=CARTESIAN_POINT('Ctrl Pts',(-0.00306726509160253,0.113649438929432,
-0.307613611798699));
#1607=CARTESIAN_POINT('Ctrl Pts',(0.00457372695293395,0.113598761634402,
-0.309575363995219));
#1608=CARTESIAN_POINT('Ctrl Pts',(0.0197080537362775,0.111968142433722,
-0.313506955571349));
#1609=CARTESIAN_POINT('Ctrl Pts',(0.0271638681672217,0.110396568875891,
-0.315464735191816));
#1610=CARTESIAN_POINT('Ctrl Pts',(0.0416693865245353,0.105779322775355,
-0.319393342288572));
#1611=CARTESIAN_POINT('Ctrl Pts',(0.0486806566463095,0.102741378046856,
-0.321355351950705));
#1612=CARTESIAN_POINT('Ctrl Pts',(0.0686693281065336,0.0915717853828429,
-0.327269560365009));
#1613=CARTESIAN_POINT('Ctrl Pts',(0.0803630283484665,0.0815024673097419,
-0.331170249525258));
#1614=CARTESIAN_POINT('Ctrl Pts',(0.0990609250075368,0.0573394485134204,
-0.339061616078758));
#1615=CARTESIAN_POINT('Ctrl Pts',(0.105873778832061,0.0434927828801261,
-0.342962439839819));
#1616=CARTESIAN_POINT('Ctrl Pts',(0.111664605608768,0.0213609469249883,
-0.348871189488879));
#1617=CARTESIAN_POINT('Ctrl Pts',(0.112844696429694,0.0138331059163849,
-0.350828379499645));
#1618=CARTESIAN_POINT('Ctrl Pts',(0.114102035381767,-0.00897502848689428,
-0.3567232352833));
#1619=CARTESIAN_POINT('Ctrl Pts',(0.111865084117776,-0.0242080305292158,
-0.360622012957813));
#1620=CARTESIAN_POINT('Ctrl Pts',(0.101507353411654,-0.0528778665621625,
-0.368488625882566));
#1621=CARTESIAN_POINT('Ctrl Pts',(0.0934922089874257,-0.0660228606378357,
-0.372387278587601));
#1622=CARTESIAN_POINT('Ctrl Pts',(0.0727490397274769,-0.0883593917517046,
-0.380253748689441));
#1623=CARTESIAN_POINT('Ctrl Pts',(0.060232268578453,-0.0973235733224649,
-0.384152279166301));
#1624=CARTESIAN_POINT('Ctrl Pts',(0.0393670929663403,-0.106657157776864,
-0.390051056013076));
#1625=CARTESIAN_POINT('Ctrl Pts',(0.0321191999790481,-0.109059015847016,
-0.392013324312893));
#1626=CARTESIAN_POINT('Ctrl Pts',(0.0172654443712027,-0.112370859539707,
-0.395943565839888));
#1627=CARTESIAN_POINT('Ctrl Pts',(0.0096974646637568,-0.113275194888683,
-0.397900574451258));
#1628=CARTESIAN_POINT('Ctrl Pts',(0.00139724207504873,-0.113428586609857,
-0.400042991108134));
#1629=CARTESIAN_POINT('Ctrl Pts',(0.000698554978583104,-0.113435039370079,
-0.400223306890551));
#1630=CARTESIAN_POINT('Ctrl Pts',(3.1416251927139E-17,-0.113435039370079,
-0.400403596360477));
#1631=CARTESIAN_POINT('',(-0.103296866031398,-0.046874999999973,-0.12));
#1632=CARTESIAN_POINT('Origin',(0.,1.46957615897682E-17,-0.12));
#1633=CARTESIAN_POINT('',(-0.103296866031398,-0.046874999999973,-0.124272480395408));
#1634=CARTESIAN_POINT('',(-0.103296866031314,-0.046875,-2.8702659355016E-18));
#1635=CARTESIAN_POINT('',(-0.0635416036979113,0.0939679347245054,-0.188895701345659));
#1636=CARTESIAN_POINT('Origin',(0.,2.01886626741791E-17,-0.164852941176471));
#1637=CARTESIAN_POINT('Ctrl Pts',(-1.46865260752782E-9,-0.113435039370079,
-0.293547862458911));
#1638=CARTESIAN_POINT('Ctrl Pts',(0.00158276175250921,-0.113435039390571,
-0.293157122744162));
#1639=CARTESIAN_POINT('Ctrl Pts',(0.00316600563770425,-0.113401912916762,
-0.292766232908041));
#1640=CARTESIAN_POINT('Ctrl Pts',(0.0123378223902913,-0.1130176195709,-0.290499474193319));
#1641=CARTESIAN_POINT('Ctrl Pts',(0.0198758788554664,-0.111938171166877,
-0.288627197705949));
#1642=CARTESIAN_POINT('Ctrl Pts',(0.0346067742254608,-0.108292783537324,
-0.284880283355402));
#1643=CARTESIAN_POINT('Ctrl Pts',(0.0417632485308042,-0.105739234392415,
-0.283014650680242));
#1644=CARTESIAN_POINT('Ctrl Pts',(0.0554748891465556,-0.0992358311637757,
-0.279267021903762));
#1645=CARTESIAN_POINT('Ctrl Pts',(0.0619941454598223,-0.0952992181389314,
-0.277394706873521));
#1646=CARTESIAN_POINT('Ctrl Pts',(0.0741338186777961,-0.0861924078461023,
-0.273647788819105));
#1647=CARTESIAN_POINT('Ctrl Pts',(0.0797256520565775,-0.0810479664452786,
-0.271782205852316));
#1648=CARTESIAN_POINT('Ctrl Pts',(0.089811120494814,-0.0697078483505592,
-0.268034203681483));
#1649=CARTESIAN_POINT('Ctrl Pts',(0.0942767888628797,-0.0635382623683967,
-0.266161886985252));
#1650=CARTESIAN_POINT('Ctrl Pts',(0.101898593698227,-0.050414588495922,
-0.262414962491484));
#1651=CARTESIAN_POINT('Ctrl Pts',(0.105038542662058,-0.0434954749323205,
-0.260549362670135));
#1652=CARTESIAN_POINT('Ctrl Pts',(0.108679316174762,-0.0327216002626295,
-0.257740580449052));
#1653=CARTESIAN_POINT('Ctrl Pts',(0.109712670437643,-0.0290693440855045,
-0.256804038407404));
#1654=CARTESIAN_POINT('Ctrl Pts',(0.112259561134161,-0.0179710959582147,
-0.253991578448871));
#1655=CARTESIAN_POINT('Ctrl Pts',(0.113210593582098,-0.0104179906499943,
-0.252121841424558));
#1656=CARTESIAN_POINT('Ctrl Pts',(0.113588888635304,0.00475870358224597,
-0.248374253088862));
#1657=CARTESIAN_POINT('Ctrl Pts',(0.113016409121446,0.0123437656209053,
-0.246504514293718));
#1658=CARTESIAN_POINT('Ctrl Pts',(0.110364839269806,0.0272901910209174,
-0.242755311500565));
#1659=CARTESIAN_POINT('Ctrl Pts',(0.108291414933964,0.0346139429433083,
-0.240885956610396));
#1660=CARTESIAN_POINT('Ctrl Pts',(0.102713843562546,0.0487336036831328,
-0.237138302924664));
#1661=CARTESIAN_POINT('Ctrl Pts',(0.0992245463384067,0.0554939992348216,
-0.23526813801631));
#1662=CARTESIAN_POINT('Ctrl Pts',(0.0909471990720104,0.0682183278856204,
-0.231519096901519));
#1663=CARTESIAN_POINT('Ctrl Pts',(0.0861794675063993,0.0741500881999207,
-0.229650146645872));
#1664=CARTESIAN_POINT('Ctrl Pts',(0.0755316611532968,0.0849710716025769,
-0.225902437726206));
#1665=CARTESIAN_POINT('Ctrl Pts',(0.0696787610594879,0.0898330800746829,
-0.224031863683826));
#1666=CARTESIAN_POINT('Ctrl Pts',(0.0570901172567766,0.0983149576985016,
-0.220283019522094));
#1667=CARTESIAN_POINT('Ctrl Pts',(0.050385948154572,0.101913547184403,-0.21841449535139));
#1668=CARTESIAN_POINT('Ctrl Pts',(0.0363585485248051,0.107718093853824,
-0.214666745144087));
#1669=CARTESIAN_POINT('Ctrl Pts',(0.0290707389399163,0.109909151420855,
-0.212795785975285));
#1670=CARTESIAN_POINT('Ctrl Pts',(0.0141698461093133,0.112802061675619,
-0.209047175629032));
#1671=CARTESIAN_POINT('Ctrl Pts',(0.00659427041995926,0.113497168436434,
-0.207179097848347));
#1672=CARTESIAN_POINT('Ctrl Pts',(-0.00858563956921451,0.113364170469433,
-0.203431324385131));
#1673=CARTESIAN_POINT('Ctrl Pts',(-0.0161515780783907,0.112535652216672,
-0.201560011141867));
#1674=CARTESIAN_POINT('Ctrl Pts',(-0.030998700829702,0.109380737117371,
-0.197811673248257));
#1675=CARTESIAN_POINT('Ctrl Pts',(-0.0382428046119074,0.107063319886064,
-0.19594406092085));
#1676=CARTESIAN_POINT('Ctrl Pts',(-0.0516131220231739,0.101254466306871,
-0.192344970521944));
#1677=CARTESIAN_POINT('Ctrl Pts',(-0.0577525983031849,0.0978824901276353,
-0.190621513100913));
#1678=CARTESIAN_POINT('Ctrl Pts',(-0.0635416036979113,0.0939679347245053,
-0.188895701345659));
#1679=CARTESIAN_POINT('Origin',(0.,0.,0.));
#1680=CARTESIAN_POINT('',(-1.7190322870027E-17,-0.113435039370079,-0.587971378759896));
#1681=CARTESIAN_POINT('',(-1.23667033914715E-10,-0.113435039370079,-0.469541536014556));
#1682=CARTESIAN_POINT('',(-1.38917857875721E-17,-0.113435039370079,-1.38917857875721E-17));
#1683=CARTESIAN_POINT('',(-0.113322640239843,0.00504850139648526,-0.447708753620681));
#1684=CARTESIAN_POINT('Ctrl Pts',(-0.113322640238122,0.00504850139669061,
-0.44770875361999));
#1685=CARTESIAN_POINT('Ctrl Pts',(-0.113217977161899,0.00739785127324542,
-0.448331867109084));
#1686=CARTESIAN_POINT('Ctrl Pts',(-0.113040496016195,0.0097404737113452,
-0.448953991536006));
#1687=CARTESIAN_POINT('Ctrl Pts',(-0.111134527570104,0.0275406732253472,
-0.453698382153417));
#1688=CARTESIAN_POINT('Ctrl Pts',(-0.106316214268856,0.0424998094663933,
-0.457771328028591));
#1689=CARTESIAN_POINT('Ctrl Pts',(-0.0910751961165498,0.0693336523631778,
-0.465950190080425));
#1690=CARTESIAN_POINT('Ctrl Pts',(-0.0808980667853499,0.0809774627219159,
-0.46996034756748));
#1691=CARTESIAN_POINT('Ctrl Pts',(-0.0626646836787387,0.0948606562452157,
-0.476034070218305));
#1692=CARTESIAN_POINT('Ctrl Pts',(-0.056162067230883,0.0988495632607929,
-0.478044657261736));
#1693=CARTESIAN_POINT('Ctrl Pts',(-0.0355655492118882,0.108791030903268,
-0.484100067710819));
#1694=CARTESIAN_POINT('Ctrl Pts',(-0.0206236803877303,0.112583573566156,
-0.488105640324852));
#1695=CARTESIAN_POINT('Ctrl Pts',(0.00986259212025318,0.114031147066078,
-0.496186587767425));
#1696=CARTESIAN_POINT('Ctrl Pts',(0.0250958212120141,0.11167171922079,-0.500191985120673));
#1697=CARTESIAN_POINT('Ctrl Pts',(0.0537146671220448,0.101069766050087,
-0.508272647522111));
#1698=CARTESIAN_POINT('Ctrl Pts',(0.0668082506107563,0.0929355687302658,
-0.512277905647444));
#1699=CARTESIAN_POINT('Ctrl Pts',(0.0889927869039938,0.0719767392910514,
-0.520358599825981));
#1700=CARTESIAN_POINT('Ctrl Pts',(0.097857281624523,0.0593659672339779,
-0.524363760871934));
#1701=CARTESIAN_POINT('Ctrl Pts',(0.107014413976978,0.0383879868207041,
-0.530424420191273));
#1702=CARTESIAN_POINT('Ctrl Pts',(0.109353430989929,0.0311053605743065,
-0.532441678640017));
#1703=CARTESIAN_POINT('Ctrl Pts',(0.112530588354762,0.0161970160515724,
-0.53648085235887));
#1704=CARTESIAN_POINT('Ctrl Pts',(0.113363834300957,0.00860947661589097,
-0.53849156618638));
#1705=CARTESIAN_POINT('Ctrl Pts',(0.113497623054519,-0.00663160439580191,
-0.542527381074756));
#1706=CARTESIAN_POINT('Ctrl Pts',(0.112795089890737,-0.0142460866142271,
-0.544544327708419));
#1707=CARTESIAN_POINT('Ctrl Pts',(0.109874880146727,-0.0292063841164352,
-0.548583144565462));
#1708=CARTESIAN_POINT('Ctrl Pts',(0.107666913618844,-0.0365149619686382,
-0.550594103190777));
#1709=CARTESIAN_POINT('Ctrl Pts',(0.101815966637917,-0.050588170012909,
-0.554629936685518));
#1710=CARTESIAN_POINT('Ctrl Pts',(0.0981861703225587,-0.0573160139598281,
-0.556646509968844));
#1711=CARTESIAN_POINT('Ctrl Pts',(0.0896363602411205,-0.0699346430157252,
-0.560685004157935));
#1712=CARTESIAN_POINT('Ctrl Pts',(0.0847392166621016,-0.0757944601236859,
-0.562696286501187));
#1713=CARTESIAN_POINT('Ctrl Pts',(0.0738404249352041,-0.0864477351577556,
-0.566732250406467));
#1714=CARTESIAN_POINT('Ctrl Pts',(0.0678658626701136,-0.0912131591766339,
-0.568748394032536));
#1715=CARTESIAN_POINT('Ctrl Pts',(0.0550545796219229,-0.0994713905545731,
-0.572786617581468));
#1716=CARTESIAN_POINT('Ctrl Pts',(0.0482506158212427,-0.102943892307008,
-0.574798304221642));
#1717=CARTESIAN_POINT('Ctrl Pts',(0.0340483198181483,-0.108472563586007,
-0.578834524939656));
#1718=CARTESIAN_POINT('Ctrl Pts',(0.0266861452558481,-0.11051439882841,
-0.580850187698283));
#1719=CARTESIAN_POINT('Ctrl Pts',(0.0128391305999217,-0.112889285971086,
-0.584572075653927));
#1720=CARTESIAN_POINT('Ctrl Pts',(0.0064243125431285,-0.113435039370079,
-0.586270227889965));
#1721=CARTESIAN_POINT('Ctrl Pts',(-1.22933159714892E-17,-0.113435039370079,
-0.587971378759896));
#1722=CARTESIAN_POINT('Ctrl Pts',(3.1416251927139E-17,-0.113435039370079,
-0.400403596360477));
#1723=CARTESIAN_POINT('Ctrl Pts',(-0.00691314807387535,-0.113435039370079,
-0.402187804962474));
#1724=CARTESIAN_POINT('Ctrl Pts',(-0.0138131021830698,-0.112803076470777,
-0.403970423244108));
#1725=CARTESIAN_POINT('Ctrl Pts',(-0.0280904394256815,-0.110164631007887,
-0.407719873160798));
#1726=CARTESIAN_POINT('Ctrl Pts',(-0.0354094807014893,-0.108034678663833,
-0.409676939535293));
#1727=CARTESIAN_POINT('Ctrl Pts',(-0.0495202199027829,-0.102338748075894,
-0.413604129003721));
#1728=CARTESIAN_POINT('Ctrl Pts',(-0.0562751749820001,-0.0987854841327594,
-0.415566081211136));
#1729=CARTESIAN_POINT('Ctrl Pts',(-0.0689635026942865,-0.0903845619064903,
-0.419495675265373));
#1730=CARTESIAN_POINT('Ctrl Pts',(-0.074865937722836,-0.085559504839816,
-0.421452843880765));
#1731=CARTESIAN_POINT('Ctrl Pts',(-0.0856214567638872,-0.0747958159056128,
-0.425380033408279));
#1732=CARTESIAN_POINT('Ctrl Pts',(-0.0904460929328953,-0.0688835867911737,
-0.42734176539348));
#1733=CARTESIAN_POINT('Ctrl Pts',(-0.098834730256807,-0.056187603489188,
-0.431271056016201));
#1734=CARTESIAN_POINT('Ctrl Pts',(-0.102378640609653,-0.049436501448335,
-0.433228372206875));
#1735=CARTESIAN_POINT('Ctrl Pts',(-0.108063660432303,-0.0353223953280567,
-0.437155663888552));
#1736=CARTESIAN_POINT('Ctrl Pts',(-0.110189407072459,-0.0279949626099509,
-0.439117161690323));
#1737=CARTESIAN_POINT('Ctrl Pts',(-0.112940696047454,-0.0130292951525841,
-0.443046121822878));
#1738=CARTESIAN_POINT('Ctrl Pts',(-0.113560082857496,-0.0054289329502053,
-0.445003558030653));
#1739=CARTESIAN_POINT('Ctrl Pts',(-0.113395818055886,0.00313229694524142,
-0.447213735958069));
#1740=CARTESIAN_POINT('Ctrl Pts',(-0.113365341047092,0.0040900053931303,
-0.447461121786566));
#1741=CARTESIAN_POINT('Ctrl Pts',(-0.113322640238122,0.0050485013967012,
-0.447708753619993));
#1742=CARTESIAN_POINT('Ctrl Pts',(-2.47334024570278E-10,-0.113435039370079,
-0.469541536014556));
#1743=CARTESIAN_POINT('Ctrl Pts',(0.00030531273296106,-0.113435039370744,
-0.469466162828399));
#1744=CARTESIAN_POINT('Ctrl Pts',(0.000610654175185786,-0.11343380673599,
-0.469390781444928));
#1745=CARTESIAN_POINT('Ctrl Pts',(0.00850779557696726,-0.113370033242003,
-0.467441070574672));
#1746=CARTESIAN_POINT('Ctrl Pts',(0.0160742124216648,-0.112546722813807,
-0.465569784898982));
#1747=CARTESIAN_POINT('Ctrl Pts',(0.0309235480019264,-0.10940201714422,
-0.461821423278923));
#1748=CARTESIAN_POINT('Ctrl Pts',(0.038169373221207,-0.107089530918597,
-0.459953772279792));
#1749=CARTESIAN_POINT('Ctrl Pts',(0.0520962284232548,-0.101050214986994,
-0.456205997014266));
#1750=CARTESIAN_POINT('Ctrl Pts',(0.0587415743107848,-0.0973375007706425,
-0.454334391948696));
#1751=CARTESIAN_POINT('Ctrl Pts',(0.0711838310232148,-0.0886448148922822,
-0.450586339948745));
#1752=CARTESIAN_POINT('Ctrl Pts',(0.0769503676809076,-0.0836880091391691,
-0.448719170730496));
#1753=CARTESIAN_POINT('Ctrl Pts',(0.087413654515558,-0.0726913402487194,
-0.44497141894314));
#1754=CARTESIAN_POINT('Ctrl Pts',(0.0920826939219273,-0.0666779922587024,
-0.443099538865289));
#1755=CARTESIAN_POINT('Ctrl Pts',(0.100143057096812,-0.0538180383378318,
-0.439351838882452));
#1756=CARTESIAN_POINT('Ctrl Pts',(0.103515931212538,-0.0470049517620254,
-0.437485167850433));
#1757=CARTESIAN_POINT('Ctrl Pts',(0.108855623847139,-0.0327970241948551,
-0.43373747055895));
#1758=CARTESIAN_POINT('Ctrl Pts',(0.110806777017668,-0.0254371707405306,
-0.431865366376201));
#1759=CARTESIAN_POINT('Ctrl Pts',(0.113206630905442,-0.0104519067862556,
-0.428118062951895));
#1760=CARTESIAN_POINT('Ctrl Pts',(0.11365199951899,-0.00286468202267998,
-0.426251904986684));
#1761=CARTESIAN_POINT('Ctrl Pts',(0.113021823609908,0.0122992326892073,
-0.422504297777397));
#1762=CARTESIAN_POINT('Ctrl Pts',(0.111944954422128,0.0198376263321782,
-0.420632026819983));
#1763=CARTESIAN_POINT('Ctrl Pts',(0.108304611104947,0.0345697424752297,
-0.416885113016452));
#1764=CARTESIAN_POINT('Ctrl Pts',(0.105753506738337,0.0417270961010826,
-0.415019476787599));
#1765=CARTESIAN_POINT('Ctrl Pts',(0.0992547974970488,0.0554409444893429,
-0.411271864438613));
#1766=CARTESIAN_POINT('Ctrl Pts',(0.0953204278248977,0.0619615259491282,
-0.40939955013885));
#1767=CARTESIAN_POINT('Ctrl Pts',(0.0862177894849292,0.0741042984813723,
-0.405652632266644));
#1768=CARTESIAN_POINT('Ctrl Pts',(0.0810752609724864,0.0796978956956837,
-0.403787048565628));
#1769=CARTESIAN_POINT('Ctrl Pts',(0.0697386083124135,0.0897872357241089,
-0.400039060811059));
#1770=CARTESIAN_POINT('Ctrl Pts',(0.0635705693648481,0.0942550056480025,
-0.398166743579513));
#1771=CARTESIAN_POINT('Ctrl Pts',(0.0504495297014636,0.101881298873392,
-0.394419819440069));
#1772=CARTESIAN_POINT('Ctrl Pts',(0.0435314940226605,0.105023620252211,
-0.392554221594775));
#1773=CARTESIAN_POINT('Ctrl Pts',(0.0327588783169518,0.108668085019694,
-0.389745448436414));
#1774=CARTESIAN_POINT('Ctrl Pts',(0.0291069870880205,0.109702689298812,
-0.388808908516945));
#1775=CARTESIAN_POINT('Ctrl Pts',(0.018009582585309,0.112253396134452,-0.38599643708083));
#1776=CARTESIAN_POINT('Ctrl Pts',(0.0104567602097054,0.113207022132438,
-0.38412668504091));
#1777=CARTESIAN_POINT('Ctrl Pts',(-0.00471980280242075,0.113590508685225,
-0.380379099519452));
#1778=CARTESIAN_POINT('Ctrl Pts',(-0.0123050151720117,0.113020631697156,
-0.378509378271904));
#1779=CARTESIAN_POINT('Ctrl Pts',(-0.027252352304067,0.110374192171301,
-0.374760169644202));
#1780=CARTESIAN_POINT('Ctrl Pts',(-0.0345768613579931,0.108303264026995,
-0.372890798804388));
#1781=CARTESIAN_POINT('Ctrl Pts',(-0.0486984320578725,0.102730520351378,
-0.369143147598679));
#1782=CARTESIAN_POINT('Ctrl Pts',(-0.0554599813833306,0.0992435605248687,
-0.367272999696814));
#1783=CARTESIAN_POINT('Ctrl Pts',(-0.0681871556288239,0.0909705770759344,
-0.363523951347191));
#1784=CARTESIAN_POINT('Ctrl Pts',(-0.0741205907871755,0.0862048435180742,
-0.361654984249005));
#1785=CARTESIAN_POINT('Ctrl Pts',(-0.0849452189916044,0.075560730041313,
-0.357907277325588));
#1786=CARTESIAN_POINT('Ctrl Pts',(-0.0898092013433151,0.0697095306460101,
-0.35603671946402));
#1787=CARTESIAN_POINT('Ctrl Pts',(-0.0982954027431583,0.0571237873305846,
-0.352287866606547));
#1788=CARTESIAN_POINT('Ctrl Pts',(-0.101896314485322,0.0504207979720944,
-0.350419324744632));
#1789=CARTESIAN_POINT('Ctrl Pts',(-0.107705655955983,0.036395367662191,
-0.34667157588945));
#1790=CARTESIAN_POINT('Ctrl Pts',(-0.109899192808419,0.0291083518398794,
-0.344800631790464));
#1791=CARTESIAN_POINT('Ctrl Pts',(-0.112797211861644,0.0142084345225682,
-0.3410520112195));
#1792=CARTESIAN_POINT('Ctrl Pts',(-0.113494913979985,0.00663303286262734,
-0.339183914947188));
#1793=CARTESIAN_POINT('Ctrl Pts',(-0.113367091631525,-0.00854694257283327,
-0.335436142021647));
#1794=CARTESIAN_POINT('Ctrl Pts',(-0.112541162233498,-0.0161131193528903,
-0.333564842451744));
#1795=CARTESIAN_POINT('Ctrl Pts',(-0.109391322175028,-0.030961343142522,
-0.32981649272893));
#1796=CARTESIAN_POINT('Ctrl Pts',(-0.107076356022346,-0.038206303189986,
-0.327948861161528));
#1797=CARTESIAN_POINT('Ctrl Pts',(-0.101032257002177,-0.0521310526064554,
-0.324201086311103));
#1798=CARTESIAN_POINT('Ctrl Pts',(-0.097317230637743,-0.0587751553719369,
-0.322329469037397));
#1799=CARTESIAN_POINT('Ctrl Pts',(-0.0886202648441153,-0.0712143844624252,
-0.318581430635091));
#1800=CARTESIAN_POINT('Ctrl Pts',(-0.0836615217640874,-0.0769791569295653,
-0.316714281551166));
#1801=CARTESIAN_POINT('Ctrl Pts',(-0.072661286007569,-0.0874386416203932,
-0.312966531359327));
#1802=CARTESIAN_POINT('Ctrl Pts',(-0.0666463009295929,-0.0921056369530225,
-0.311094641039076));
#1803=CARTESIAN_POINT('Ctrl Pts',(-0.0537836026596808,-0.100161549712535,
-0.30734695643773));
#1804=CARTESIAN_POINT('Ctrl Pts',(-0.0469694289229955,-0.103532048408856,
-0.305480306181634));
#1805=CARTESIAN_POINT('Ctrl Pts',(-0.0327597154138436,-0.108866860041964,
-0.301732611860318));
#1806=CARTESIAN_POINT('Ctrl Pts',(-0.0253991584941458,-0.110815498882127,
-0.299860499657179));
#1807=CARTESIAN_POINT('Ctrl Pts',(-0.011977348039974,-0.112960242975564,
-0.296504352388119));
#1808=CARTESIAN_POINT('Ctrl Pts',(-0.0059921276241523,-0.113435039292498,
-0.295027149842797));
#1809=CARTESIAN_POINT('Ctrl Pts',(-1.46865260411301E-9,-0.113435039370079,
-0.293547862458911));
#1810=CARTESIAN_POINT('Origin',(0.,0.,0.));
#1811=CARTESIAN_POINT('',(-1.38917857875721E-17,-0.113435039370079,-0.75));
#1812=CARTESIAN_POINT('',(-3.08495628383483E-17,-0.113435039370079,-0.64190810790889));
#1813=CARTESIAN_POINT('',(-1.38917857875721E-17,-0.113435039370079,-1.38917857875721E-17));
#1814=CARTESIAN_POINT('',(0.0882177857230272,-0.071310100539947,-0.75));
#1815=CARTESIAN_POINT('Origin',(0.,9.18485099360513E-17,-0.75));
#1816=CARTESIAN_POINT('Ctrl Pts',(-1.91229359556498E-17,-0.113435039370079,
-0.587971378759896));
#1817=CARTESIAN_POINT('Ctrl Pts',(-0.00119254571284458,-0.113435039370079,
-0.588287163548264));
#1818=CARTESIAN_POINT('Ctrl Pts',(-0.00238541646025849,-0.113416233469853,
-0.588603059714885));
#1819=CARTESIAN_POINT('Ctrl Pts',(-0.0111930467185944,-0.113138269478542,
-0.590937002084961));
#1820=CARTESIAN_POINT('Ctrl Pts',(-0.0187643334345326,-0.112131400286597,
-0.592952137741886));
#1821=CARTESIAN_POINT('Ctrl Pts',(-0.0335960020002579,-0.10861376486095,
-0.596990046100795));
#1822=CARTESIAN_POINT('Ctrl Pts',(-0.04081845159659,-0.10611076979697,-0.599002791107472));
#1823=CARTESIAN_POINT('Ctrl Pts',(-0.0546444312991642,-0.0996970791287005,
-0.603039962041397));
#1824=CARTESIAN_POINT('Ctrl Pts',(-0.0612135035857437,-0.0958041162012876,
-0.605054531152747));
#1825=CARTESIAN_POINT('Ctrl Pts',(-0.0734807594112327,-0.08675406155023,
-0.609092493834213));
#1826=CARTESIAN_POINT('Ctrl Pts',(-0.0791464080161888,-0.0816182209090438,
-0.611105937938629));
#1827=CARTESIAN_POINT('Ctrl Pts',(-0.0893522357122858,-0.0702970181310097,
-0.615143935051312));
#1828=CARTESIAN_POINT('Ctrl Pts',(-0.0938684817502053,-0.064142052588361,
-0.617157869286459));
#1829=CARTESIAN_POINT('Ctrl Pts',(-0.101607699702547,-0.0510060927893654,
-0.621196090409864));
#1830=CARTESIAN_POINT('Ctrl Pts',(-0.104808070183259,-0.044056919161835,
-0.623210468224589));
#1831=CARTESIAN_POINT('Ctrl Pts',(-0.109758849974313,-0.0296388726351912,
-0.627249479953086));
#1832=CARTESIAN_POINT('Ctrl Pts',(-0.111500188925296,-0.0222076354549626,
-0.62926279227669));
#1833=CARTESIAN_POINT('Ctrl Pts',(-0.113470497028463,-0.0070878168960482,
-0.63330112558973));
#1834=CARTESIAN_POINT('Ctrl Pts',(-0.113690240440633,0.000562646773413223,
-0.635316316645196));
#1835=CARTESIAN_POINT('Ctrl Pts',(-0.112591257251454,0.0157688237014631,
-0.639356112518045));
#1836=CARTESIAN_POINT('Ctrl Pts',(-0.111279790590645,0.0232864683390571,
-0.641368854992007));
#1837=CARTESIAN_POINT('Ctrl Pts',(-0.107164226706674,0.0379690990120626,
-0.645407177880294));
#1838=CARTESIAN_POINT('Ctrl Pts',(-0.104365934870586,0.0450951342996348,
-0.647423065506265));
#1839=CARTESIAN_POINT('Ctrl Pts',(-0.0973919666902291,0.0586535159924331,
-0.651463432870079));
#1840=CARTESIAN_POINT('Ctrl Pts',(-0.0932384505958959,0.0650540295322089,
-0.653475661439476));
#1841=CARTESIAN_POINT('Ctrl Pts',(-0.0836953025135933,0.0769476618811662,
-0.657513871347876));
#1842=CARTESIAN_POINT('Ctrl Pts',(-0.0783259272326916,0.082406857399293,
-0.659530340849633));
#1843=CARTESIAN_POINT('Ctrl Pts',(-0.0665935115069081,0.0921451110093182,
-0.663571087710664));
#1844=CARTESIAN_POINT('Ctrl Pts',(-0.0602635940031464,0.0964039550529474,
-0.665582861755961));
#1845=CARTESIAN_POINT('Ctrl Pts',(-0.0468211100299162,0.103603293829297,
-0.669620876603591));
#1846=CARTESIAN_POINT('Ctrl Pts',(-0.039740367478933,0.106520214139324,
-0.671637816212501));
#1847=CARTESIAN_POINT('Ctrl Pts',(-0.025128798544823,0.11087809490725,-0.675678772165478));
#1848=CARTESIAN_POINT('Ctrl Pts',(-0.0176364075484314,0.112313722185966,
-0.677690154072472));
#1849=CARTESIAN_POINT('Ctrl Pts',(-0.00244779755794557,0.113665609155403,
-0.681727912328524));
#1850=CARTESIAN_POINT('Ctrl Pts',(0.00520988342452719,0.113572500967897,
-0.683745213991973));
#1851=CARTESIAN_POINT('Ctrl Pts',(0.0280092889099562,0.110983349434253,
-0.689826545824914));
#1852=CARTESIAN_POINT('Ctrl Pts',(0.0427131047577123,0.106195173308484,
-0.693836516111344));
#1853=CARTESIAN_POINT('Ctrl Pts',(0.0693342008452902,0.0910747786220574,
-0.701950561430798));
#1854=CARTESIAN_POINT('Ctrl Pts',(0.0809779501644064,0.0808975789245543,
-0.70596071902468));
#1855=CARTESIAN_POINT('Ctrl Pts',(0.0948610340722591,0.0626641117457581,
-0.712034441762763));
#1856=CARTESIAN_POINT('Ctrl Pts',(0.0988499019572061,0.056161471115545,
-0.714045028683294));
#1857=CARTESIAN_POINT('Ctrl Pts',(0.10879124509543,0.0355648936857375,-0.720100438903629));
#1858=CARTESIAN_POINT('Ctrl Pts',(0.112583697583256,0.0206230027944749,
-0.724106011379092));
#1859=CARTESIAN_POINT('Ctrl Pts',(0.114031087749625,-0.00986327712616504,
-0.732186958442732));
#1860=CARTESIAN_POINT('Ctrl Pts',(0.111671568509817,-0.0250964915197845,
-0.736192355671213));
#1861=CARTESIAN_POINT('Ctrl Pts',(0.102085133718777,-0.0509735770019678,
-0.743498885692045));
#1862=CARTESIAN_POINT('Ctrl Pts',(0.0959485133405675,-0.0617464108622804,
-0.746743449387547));
#1863=CARTESIAN_POINT('Ctrl Pts',(0.0882177857230273,-0.0713101005399469,
-0.75));
#1864=CARTESIAN_POINT('',(-0.11333669559176,-0.00472245585019818,-0.512373658599051));
#1865=CARTESIAN_POINT('Ctrl Pts',(-0.113336695591649,-0.00472245585021446,
-0.512373658599094));
#1866=CARTESIAN_POINT('Ctrl Pts',(-0.112873544578004,-0.0158378600194379,
-0.509626000934764));
#1867=CARTESIAN_POINT('Ctrl Pts',(-0.110708927852357,-0.0283432909446437,
-0.506535468510396));
#1868=CARTESIAN_POINT('Ctrl Pts',(-0.102859884679512,-0.0484439951644781,
-0.501208545888663));
#1869=CARTESIAN_POINT('Ctrl Pts',(-0.0993297172366747,-0.0553225131351903,
-0.499308321266598));
#1870=CARTESIAN_POINT('Ctrl Pts',(-0.0909942143108008,-0.068155615044676,
-0.495528916722611));
#1871=CARTESIAN_POINT('Ctrl Pts',(-0.0862305025831376,-0.0740907435515715,
-0.493659932624119));
#1872=CARTESIAN_POINT('Ctrl Pts',(-0.0755901261193625,-0.0849190572665502,
-0.489912227743235));
#1873=CARTESIAN_POINT('Ctrl Pts',(-0.0697406477759313,-0.089785035716628,
-0.488041686288636));
#1874=CARTESIAN_POINT('Ctrl Pts',(-0.0571578401808665,-0.0982756097725309,
-0.484292824697138));
#1875=CARTESIAN_POINT('Ctrl Pts',(-0.050456045223836,-0.101878870155394,
-0.482424264974265));
#1876=CARTESIAN_POINT('Ctrl Pts',(-0.0364326089437514,-0.107693061183373,
-0.478676517516653));
#1877=CARTESIAN_POINT('Ctrl Pts',(-0.0291463969739166,-0.109889105737347,
-0.476805588712794));
#1878=CARTESIAN_POINT('Ctrl Pts',(-0.0145471981834771,-0.112733887438115,
-0.473132371071575));
#1879=CARTESIAN_POINT('Ctrl Pts',(-0.00728171821369006,-0.113435039354202,
-0.471339187340386));
#1880=CARTESIAN_POINT('Ctrl Pts',(-2.47334058035416E-10,-0.113435039370079,
-0.469541536014556));
#1881=CARTESIAN_POINT('Ctrl Pts',(-3.89288339097157E-17,-0.113435039370079,
-0.64190810790889));
#1882=CARTESIAN_POINT('Ctrl Pts',(0.00248245947567854,-0.113435039370079,
-0.64131192192274));
#1883=CARTESIAN_POINT('Ctrl Pts',(0.00496560883852878,-0.113353548595164,
-0.640715512278838));
#1884=CARTESIAN_POINT('Ctrl Pts',(0.0150206296880245,-0.112692150822005,
-0.638294581324363));
#1885=CARTESIAN_POINT('Ctrl Pts',(0.0225268021719805,-0.111434670311705,
-0.636474827005769));
#1886=CARTESIAN_POINT('Ctrl Pts',(0.0371447637178411,-0.107447347773603,
-0.632835885332622));
#1887=CARTESIAN_POINT('Ctrl Pts',(0.0442213558735962,-0.104733639625429,
-0.631025384416116));
#1888=CARTESIAN_POINT('Ctrl Pts',(0.0577575400450299,-0.0979245416615306,
-0.627384907366031));
#1889=CARTESIAN_POINT('Ctrl Pts',(0.0641804134085459,-0.0938404315299361,
-0.625565123427662));
#1890=CARTESIAN_POINT('Ctrl Pts',(0.0760882170392056,-0.0844703785392213,
-0.621926185092074));
#1891=CARTESIAN_POINT('Ctrl Pts',(0.0815471144651261,-0.0792131742843227,
-0.620115683117341));
#1892=CARTESIAN_POINT('Ctrl Pts',(0.0913587162927852,-0.0676663933667326,
-0.616475058782797));
#1893=CARTESIAN_POINT('Ctrl Pts',(0.095681901524527,-0.0614014057298898,
-0.614655287034214));
#1894=CARTESIAN_POINT('Ctrl Pts',(0.102995685645396,-0.0481305533586093,
-0.611016318857576));
#1895=CARTESIAN_POINT('Ctrl Pts',(0.105973582659573,-0.0411613673043602,
-0.609205727963582));
#1896=CARTESIAN_POINT('Ctrl Pts',(0.110508363763251,-0.0267032081057131,
-0.605564958936155));
#1897=CARTESIAN_POINT('Ctrl Pts',(0.112047596985544,-0.0192483534481367,
-0.603745240640987));
#1898=CARTESIAN_POINT('Ctrl Pts',(0.11360998154645,-0.00417579986017308,
-0.600106212456409));
#1899=CARTESIAN_POINT('Ctrl Pts',(0.113635736031204,0.00340314997469932,
-0.598295451752814));
#1900=CARTESIAN_POINT('Ctrl Pts',(0.112175943726473,0.018485637061241,-0.594654542246956));
#1901=CARTESIAN_POINT('Ctrl Pts',(0.110687470020373,0.0259508884126096,
-0.592834918155542));
#1902=CARTESIAN_POINT('Ctrl Pts',(0.106250729927178,0.0404407607963451,
-0.589195803014636));
#1903=CARTESIAN_POINT('Ctrl Pts',(0.103319893977265,0.0474306735937942,
-0.587384798585787));
#1904=CARTESIAN_POINT('Ctrl Pts',(0.0924853414235765,0.0674092061579371,
-0.581923899041795));
#1905=CARTESIAN_POINT('Ctrl Pts',(0.0826540069005724,0.0791571512862437,
-0.57831925986268));
#1906=CARTESIAN_POINT('Ctrl Pts',(0.0589551540216514,0.0980909182965297,
-0.571030705463176));
#1907=CARTESIAN_POINT('Ctrl Pts',(0.0453265529091527,0.105085879354298,
-0.567426085077995));
#1908=CARTESIAN_POINT('Ctrl Pts',(0.023418398294971,0.111250749714034,-0.561957543574666));
#1909=CARTESIAN_POINT('Ctrl Pts',(0.0159218125571886,0.112568424931381,
-0.560138401989802));
#1910=CARTESIAN_POINT('Ctrl Pts',(-0.00682881720087863,0.114247643036637,
-0.554660278468399));
#1911=CARTESIAN_POINT('Ctrl Pts',(-0.0220789165307024,0.112301729001909,
-0.551038992381961));
#1912=CARTESIAN_POINT('Ctrl Pts',(-0.0509016287958229,0.102509519846722,
-0.543729094490501));
#1913=CARTESIAN_POINT('Ctrl Pts',(-0.0641815229715089,0.0947623849771455,
-0.540107632273547));
#1914=CARTESIAN_POINT('Ctrl Pts',(-0.0868921433796393,0.0744912116261111,
-0.532797514693936));
#1915=CARTESIAN_POINT('Ctrl Pts',(-0.0960922117964082,0.0621729190087434,
-0.52917600486201));
#1916=CARTESIAN_POINT('Ctrl Pts',(-0.109081611213558,0.0346451319475896,
-0.52186660809217));
#1917=CARTESIAN_POINT('Ctrl Pts',(-0.112740297642356,0.0197156660915715,
-0.518246038578042));
#1918=CARTESIAN_POINT('Ctrl Pts',(-0.11346756849959,0.00143846636773068,
-0.513853416094093));
#1919=CARTESIAN_POINT('Ctrl Pts',(-0.113465024798296,-0.00164261589180739,
-0.513113930650076));
#1920=CARTESIAN_POINT('Ctrl Pts',(-0.113336695591648,-0.00472245585022431,
-0.512373658599092));
#1921=CARTESIAN_POINT('Origin',(0.,0.,0.));
#1922=CARTESIAN_POINT('',(0.0833607173347169,0.0769317812242298,-0.75));
#1923=CARTESIAN_POINT('Ctrl Pts',(0.083360717334717,0.0769317812242297,
-0.75));
#1924=CARTESIAN_POINT('Ctrl Pts',(0.0826386148864985,0.0777142274007611,
-0.749744317315429));
#1925=CARTESIAN_POINT('Ctrl Pts',(0.0819053327676216,0.0784866837558559,
-0.749488572866037));
#1926=CARTESIAN_POINT('Ctrl Pts',(0.0758677096719702,0.0846699863580005,
-0.747413161908436));
#1927=CARTESIAN_POINT('Ctrl Pts',(0.0700445494775655,0.0895470535669649,
-0.745596838982177));
#1928=CARTESIAN_POINT('Ctrl Pts',(0.0575097034335514,0.098069430810319,
-0.741955440594973));
#1929=CARTESIAN_POINT('Ctrl Pts',(0.0508289091204393,0.101692690263407,
-0.740139778937622));
#1930=CARTESIAN_POINT('Ctrl Pts',(0.0368468176388327,0.107551185561827,
-0.736499047420275));
#1931=CARTESIAN_POINT('Ctrl Pts',(0.0295809671579905,0.109772081905637,
-0.734682170099333));
#1932=CARTESIAN_POINT('Ctrl Pts',(0.0147152250006272,0.112731580957062,
-0.731040923576381));
#1933=CARTESIAN_POINT('Ctrl Pts',(0.00715256039814836,0.113462723924738,
-0.729225821652418));
#1934=CARTESIAN_POINT('Ctrl Pts',(-0.0080069543612269,0.11340574598987,
-0.725585049418275));
#1935=CARTESIAN_POINT('Ctrl Pts',(-0.0155655947451867,0.112617428808826,
-0.723767641932846));
#1936=CARTESIAN_POINT('Ctrl Pts',(-0.0304082060265417,0.109545669579201,
-0.720126595179613));
#1937=CARTESIAN_POINT('Ctrl Pts',(-0.0376551367263363,0.10727070739126,
-0.718312082963344));
#1938=CARTESIAN_POINT('Ctrl Pts',(-0.0515922406839622,0.10130766705633,
-0.71467131177249));
#1939=CARTESIAN_POINT('Ctrl Pts',(-0.0582468505184563,0.0976335289363025,
-0.712853406366829));
#1940=CARTESIAN_POINT('Ctrl Pts',(-0.0707161909179471,0.0890173929449909,
-0.709212611300167));
#1941=CARTESIAN_POINT('Ctrl Pts',(-0.0765005928533677,0.0840983713767442,
-0.707398717252364));
#1942=CARTESIAN_POINT('Ctrl Pts',(-0.0870093352318359,0.0731738008175268,
-0.703757994899506));
#1943=CARTESIAN_POINT('Ctrl Pts',(-0.0917057736794824,0.0671943442354343,
-0.701939631622891));
#1944=CARTESIAN_POINT('Ctrl Pts',(-0.0998279497439266,0.0543986883733536,
-0.69829914405991));
#1945=CARTESIAN_POINT('Ctrl Pts',(-0.103235447107341,0.0476159612392539,
-0.696485894991107));
#1946=CARTESIAN_POINT('Ctrl Pts',(-0.108653132190442,0.0334596996974346,
-0.692845275165492));
#1947=CARTESIAN_POINT('Ctrl Pts',(-0.110647013763712,0.0261207330553087,
-0.69102650157813));
#1948=CARTESIAN_POINT('Ctrl Pts',(-0.11313701353397,0.011171920980109,-0.687386381057932));
#1949=CARTESIAN_POINT('Ctrl Pts',(-0.113630253078394,0.00360017606934838,
-0.685573801994806));
#1950=CARTESIAN_POINT('Ctrl Pts',(-0.113100607257974,-0.0115468699501144,
-0.681933344119617));
#1951=CARTESIAN_POINT('Ctrl Pts',(-0.112075327437252,-0.019083990789331,
-0.680114214775425));
#1952=CARTESIAN_POINT('Ctrl Pts',(-0.10854067929784,-0.0338179064061089,
-0.676474882762659));
#1953=CARTESIAN_POINT('Ctrl Pts',(-0.106044665128181,-0.0409787529996012,
-0.674663367630987));
#1954=CARTESIAN_POINT('Ctrl Pts',(-0.0996542714159462,-0.0547185861679603,
-0.671023479581411));
#1955=CARTESIAN_POINT('Ctrl Pts',(-0.0957714954222012,-0.0612610724978556,
-0.669204071273889));
#1956=CARTESIAN_POINT('Ctrl Pts',(-0.0867731712303497,-0.0734515029107972,
-0.665564892583668));
#1957=CARTESIAN_POINT('Ctrl Pts',(-0.0816844172214229,-0.0790718746038436,
-0.663753797913043));
#1958=CARTESIAN_POINT('Ctrl Pts',(-0.0704444050793166,-0.089233962436338,
-0.660113764819128));
#1959=CARTESIAN_POINT('Ctrl Pts',(-0.0643176717519785,-0.093746214849272,
-0.658294197618442));
#1960=CARTESIAN_POINT('Ctrl Pts',(-0.0512793723903446,-0.101464842238431,
-0.65465513860007));
#1961=CARTESIAN_POINT('Ctrl Pts',(-0.0444035000047792,-0.104656656784698,
-0.652844348051502));
#1962=CARTESIAN_POINT('Ctrl Pts',(-0.0300918595599365,-0.109633975025908,
-0.649204167944281));
#1963=CARTESIAN_POINT('Ctrl Pts',(-0.0226899860956558,-0.1114015034577,
-0.647384485652221));
#1964=CARTESIAN_POINT('Ctrl Pts',(-0.0101371438046328,-0.113095130933124,
-0.644342375414434));
#1965=CARTESIAN_POINT('Ctrl Pts',(-0.00507000831114092,-0.113435039370079,
-0.643125718079119));
#1966=CARTESIAN_POINT('Ctrl Pts',(-4.91732638859567E-17,-0.113435039370079,
-0.64190810790889));
#1967=CARTESIAN_POINT('Origin',(0.,9.18485099360513E-17,-0.75));
#1968=CARTESIAN_POINT('Origin',(0.,0.,0.));
#1969=CARTESIAN_POINT('',(-0.0381873399640415,-4.67660036549152E-18,-0.7));
#1970=CARTESIAN_POINT('Origin',(0.,0.,-0.7));
#1971=CARTESIAN_POINT('',(-0.0661303434254893,-8.09863134025407E-18,-0.06));
#1972=CARTESIAN_POINT('',(-0.06875,-8.41944674413805E-18,0.));
#1973=CARTESIAN_POINT('',(-0.0658176782493048,-0.00642304845413283,-0.06));
#1974=CARTESIAN_POINT('Origin',(0.,0.,-0.06));
#1975=CARTESIAN_POINT('',(-0.0649639323009313,-0.0225000000000002,0.));
#1976=CARTESIAN_POINT('Origin',(-3.74280658959163E-12,-0.0108943161151161,
-0.0433130019149709));
#1977=CARTESIAN_POINT('',(-0.0225,-0.0649639323009314,0.));
#1978=CARTESIAN_POINT('Origin',(0.,0.,0.));
#1979=CARTESIAN_POINT('',(-0.0064230484541326,-0.0658176782493049,-0.06));
#1980=CARTESIAN_POINT('Origin',(-0.0108943161150909,-3.59873985379776E-12,
-0.0433130019150647));
#1981=CARTESIAN_POINT('',(0.0064230484541326,-0.0658176782493049,-0.06));
#1982=CARTESIAN_POINT('Origin',(0.,0.,-0.06));
#1983=CARTESIAN_POINT('',(0.0225,-0.0649639323009314,0.));
#1984=CARTESIAN_POINT('Origin',(0.0108943161149263,7.13340148105612E-14,
-0.0433130019156792));
#1985=CARTESIAN_POINT('',(0.0649639323009315,-0.0224999999999998,0.));
#1986=CARTESIAN_POINT('Origin',(0.,0.,0.));
#1987=CARTESIAN_POINT('',(0.0658176782493049,-0.00642304845413237,-0.06));
#1988=CARTESIAN_POINT('Origin',(1.16217184607268E-12,-0.0108943161149651,
-0.0433130019155333));
#1989=CARTESIAN_POINT('',(0.0658176782493048,0.00642304845413283,-0.06));
#1990=CARTESIAN_POINT('Origin',(0.,0.,-0.06));
#1991=CARTESIAN_POINT('',(0.0649639323009313,0.0225000000000002,0.));
#1992=CARTESIAN_POINT('Origin',(3.44920942201655E-12,0.0108943161150918,
-0.0433130019150614));
#1993=CARTESIAN_POINT('',(0.0225,0.0649639323009314,0.));
#1994=CARTESIAN_POINT('Origin',(0.,0.,0.));
#1995=CARTESIAN_POINT('',(0.0064230484541326,0.0658176782493049,-0.06));
#1996=CARTESIAN_POINT('Origin',(0.0108943161150909,3.59873985379776E-12,
-0.0433130019150647));
#1997=CARTESIAN_POINT('',(-0.0064230484541326,0.0658176782493049,-0.06));
#1998=CARTESIAN_POINT('Origin',(0.,0.,-0.06));
#1999=CARTESIAN_POINT('',(-0.0225,0.0649639323009314,0.));
#2000=CARTESIAN_POINT('Origin',(-0.0108943161149263,-7.13340148105612E-14,
-0.0433130019156792));
#2001=CARTESIAN_POINT('',(-0.0649639323009315,0.0224999999999998,0.));
#2002=CARTESIAN_POINT('Origin',(0.,0.,0.));
#2003=CARTESIAN_POINT('',(-0.0658176782493048,0.00642304845413238,-0.0599999999999999));
#2004=CARTESIAN_POINT('Origin',(-3.04623998816712E-12,0.010894316115094,
-0.0433130019150551));
#2005=CARTESIAN_POINT('Origin',(0.,0.,-0.06));
#2006=CARTESIAN_POINT('Origin',(0.,0.,38.1200787401575));
#2007=CARTESIAN_POINT('',(-0.007120500785191,1.51210818736433E-16,-1.23473003678866));
#2008=CARTESIAN_POINT('',(-0.0915918255086117,1.2902642274097E-16,-1.05358069633468));
#2009=CARTESIAN_POINT('',(0.,1.53080849893419E-16,-1.25));
#2010=CARTESIAN_POINT('',(-0.0893815557036236,0.0200000000000001,-1.05358069633468));
#2011=CARTESIAN_POINT('Origin',(0.,0.,-1.05358069633468));
#2012=CARTESIAN_POINT('',(-0.02,0.0200000000000001,-1.18934418456825));
#2013=CARTESIAN_POINT('Ctrl Pts',(-0.0893815557036248,0.0200000000000003,
-1.05358069633468));
#2014=CARTESIAN_POINT('Ctrl Pts',(-0.0860083991285148,0.0200000000000003,
-1.0606398908207));
#2015=CARTESIAN_POINT('Ctrl Pts',(-0.0390139046794599,0.0200000000000003,
-1.15860711694997));
#2016=CARTESIAN_POINT('Ctrl Pts',(-0.0215549083029183,0.0200000000000003,
-1.18698632879238));
#2017=CARTESIAN_POINT('Ctrl Pts',(-0.0200000000000031,0.0200000000000003,
-1.18934418456825));
#2018=CARTESIAN_POINT('',(-0.02,0.0893815557036237,-1.05358069633468));
#2019=CARTESIAN_POINT('Ctrl Pts',(-0.0200000000000001,0.0200000000000013,
-1.18934418456825));
#2020=CARTESIAN_POINT('Ctrl Pts',(-0.0200000000000001,0.0302698469567935,
-1.17377103603016));
#2021=CARTESIAN_POINT('Ctrl Pts',(-0.0200000000000001,0.0643706792862689,
-1.10592236413589));
#2022=CARTESIAN_POINT('Ctrl Pts',(-0.0200000000000001,0.0893815557036245,
-1.05358069633468));
#2023=CARTESIAN_POINT('',(0.,0.0915918255086117,-1.05358069633468));
#2024=CARTESIAN_POINT('Origin',(0.,0.,-1.05358069633468));
#2025=CARTESIAN_POINT('',(0.,0.00712050078519115,-1.23473003678866));
#2026=CARTESIAN_POINT('',(0.,0.,-1.25));
#2027=CARTESIAN_POINT('',(0.00712050078519098,-3.16213756743221E-18,-1.23473003678866));
#2028=CARTESIAN_POINT('Origin',(0.,0.,-1.23473003678866));
#2029=CARTESIAN_POINT('',(0.0915918255086117,-4.06749414188442E-17,-1.05358069633468));
#2030=CARTESIAN_POINT('',(-1.1962919994658E-62,-2.69381010151024E-47,-1.25));
#2031=CARTESIAN_POINT('',(0.0893815557036237,-0.02,-1.05358069633468));
#2032=CARTESIAN_POINT('Origin',(0.,0.,-1.05358069633468));
#2033=CARTESIAN_POINT('',(0.0200000000000001,-0.02,-1.18934418456825));
#2034=CARTESIAN_POINT('Ctrl Pts',(0.0200000000000015,-0.02,-1.18934418456825));
#2035=CARTESIAN_POINT('Ctrl Pts',(0.0215549083029169,-0.02,-1.18698632879237));
#2036=CARTESIAN_POINT('Ctrl Pts',(0.0390139046794593,-0.02,-1.15860711694997));
#2037=CARTESIAN_POINT('Ctrl Pts',(0.0860083991285146,-0.02,-1.06063989082069));
#2038=CARTESIAN_POINT('Ctrl Pts',(0.0893815557036247,-0.02,-1.05358069633468));
#2039=CARTESIAN_POINT('',(0.0200000000000001,-0.0893815557036236,-1.05358069633468));
#2040=CARTESIAN_POINT('Ctrl Pts',(0.0200000000000003,-0.0893815557036247,
-1.05358069633468));
#2041=CARTESIAN_POINT('Ctrl Pts',(0.0200000000000003,-0.0643706792862599,
-1.10592236413591));
#2042=CARTESIAN_POINT('Ctrl Pts',(0.0200000000000003,-0.0302698469567918,
-1.17377103603016));
#2043=CARTESIAN_POINT('Ctrl Pts',(0.0200000000000003,-0.0200000000000029,
-1.18934418456825));
#2044=CARTESIAN_POINT('',(1.08688952031548E-16,-0.0915918255086117,-1.05358069633468));
#2045=CARTESIAN_POINT('Origin',(0.,0.,-1.05358069633468));
#2046=CARTESIAN_POINT('',(1.49629749952717E-16,-0.00712050078519083,-1.23473003678866));
#2047=CARTESIAN_POINT('',(1.53080849893419E-16,-3.39907768361722E-32,-1.25));
#2048=CARTESIAN_POINT('Origin',(0.,0.,-1.23473003678866));
#2049=CARTESIAN_POINT('',(-3.41480999208033E-17,0.,-1.25));
#2050=CARTESIAN_POINT('',(-18.3585692187006,-2.24827630306068E-15,38.1200787401575));
#2051=CARTESIAN_POINT('Origin',(0.,4.15393150427009E-18,-0.0339194248265069));
#2052=CARTESIAN_POINT('',(-2.99652750263811E-17,-0.244685039370079,-0.0131538102829351));
#2053=CARTESIAN_POINT('',(-2.99652750263811E-17,0.244685039370079,-0.013153810282935));
#2054=CARTESIAN_POINT('Origin',(0.,1.61087716595879E-18,-0.0131538102829351));
#2055=CARTESIAN_POINT('',(2.67161365484795E-17,0.218153810282935,-0.0396850393700787));
#2056=CARTESIAN_POINT('',(-2.74222206880698E-17,0.223919424826507,-0.0339194248265069));
#2057=CARTESIAN_POINT('Origin',(0.,4.86001564386036E-18,-0.0396850393700788));
#2058=CARTESIAN_POINT('Origin',(0.,1.61087716595879E-18,-0.0131538102829351));
#2059=CARTESIAN_POINT('Origin',(0.,0.,0.));
#2060=CARTESIAN_POINT('',(-2.99652750263811E-17,-0.244685039370079,-4.37425515167887E-17));
#2061=CARTESIAN_POINT('',(-2.99652750263811E-17,-0.244685039370079,-2.9965275026381E-17));
#2062=CARTESIAN_POINT('Origin',(0.,1.68722975549458E-33,-1.37772764904077E-17));
#2063=CARTESIAN_POINT('Origin',(0.,1.46957615897682E-17,-0.12));
#2064=CARTESIAN_POINT('',(-0.116304121258355,0.0307716348990656,-0.0874965085866128));
#2065=CARTESIAN_POINT('Ctrl Pts',(-0.116304121258357,0.0307716348990642,
-0.0874965085866235));
#2066=CARTESIAN_POINT('Ctrl Pts',(-0.11216791733877,0.0418803191514971,
-0.0901114170553136));
#2067=CARTESIAN_POINT('Ctrl Pts',(-0.106540675755668,0.052384193949334,
-0.092788605915206));
#2068=CARTESIAN_POINT('Ctrl Pts',(-0.0898324840640033,0.0752341749935033,
-0.0993743405173735));
#2069=CARTESIAN_POINT('Ctrl Pts',(-0.0777006431855543,0.0864627930255521,
-0.10327326222866));
#2070=CARTESIAN_POINT('Ctrl Pts',(-0.0494356624131419,0.103845755068783,
-0.111467456930112));
#2071=CARTESIAN_POINT('Ctrl Pts',(-0.0335331946186214,0.109653658770898,
-0.1156733638903));
#2072=CARTESIAN_POINT('Ctrl Pts',(-0.0169617898732405,0.112159733599841,
-0.12));
#2073=CARTESIAN_POINT('',(-0.103420212533407,-0.0468749999999997,-0.115753640040299));
#2074=CARTESIAN_POINT('Ctrl Pts',(-0.103420212533406,-0.0468749999999994,
-0.115753640040298));
#2075=CARTESIAN_POINT('Ctrl Pts',(-0.105098573315861,-0.0433089627400174,
-0.114686002942));
#2076=CARTESIAN_POINT('Ctrl Pts',(-0.106581112970779,-0.0397198116455362,
-0.113567674086275));
#2077=CARTESIAN_POINT('Ctrl Pts',(-0.112635156585876,-0.0233182559146326,
-0.108304539521548));
#2078=CARTESIAN_POINT('Ctrl Pts',(-0.115734677669009,-0.00716831930308192,
-0.102516151912297));
#2079=CARTESIAN_POINT('Ctrl Pts',(-0.117004543783278,0.0141681642962081,
-0.0942705763740324));
#2080=CARTESIAN_POINT('Ctrl Pts',(-0.116927590036698,0.0224205189774016,
-0.0909611144952158));
#2081=CARTESIAN_POINT('Ctrl Pts',(-0.116304121258359,0.0307716348990681,
-0.087496508586618));
#2082=CARTESIAN_POINT('Ctrl Pts',(-0.103296866031314,-0.046875,-0.12));
#2083=CARTESIAN_POINT('Ctrl Pts',(-0.103296866031314,-0.046875,-0.118615274277665));
#2084=CARTESIAN_POINT('Ctrl Pts',(-0.103336395089629,-0.046875,-0.11719553801376));
#2085=CARTESIAN_POINT('Ctrl Pts',(-0.103420212533405,-0.046875,-0.115753640040299));
#2086=CARTESIAN_POINT('',(-2.372753173348E-17,-0.19375,-0.0396850393700788));
#2087=CARTESIAN_POINT('Origin',(-2.372753173348E-17,-0.19375,-0.12));
#2088=CARTESIAN_POINT('Origin',(0.,4.86001564386036E-18,-0.0396850393700788));
#2089=CARTESIAN_POINT('Origin',(0.,9.18485099360513E-17,-0.75));
#2090=CARTESIAN_POINT('',(8.55681401013163E-17,-0.0282842712474618,-0.75));
#2091=CARTESIAN_POINT('',(1.71183127885098E-16,1.71183127885098E-16,-1.3978163173601));
#2092=CARTESIAN_POINT('',(-0.0282842712474619,9.18485099360513E-17,-0.75));
#2093=CARTESIAN_POINT('Origin',(0.,9.18485099360513E-17,-0.75));
#2094=CARTESIAN_POINT('',(0.,1.71183127885098E-16,-1.3978163173601));
#2095=CARTESIAN_POINT('Origin',(0.,9.18485099360513E-17,-0.75));
#2096=CARTESIAN_POINT('',(0.,0.028284271247462,-0.75));
#2097=CARTESIAN_POINT('',(0.,1.71183127885098E-16,-1.3978163173601));
#2098=CARTESIAN_POINT('',(0.0282842712474619,-1.25607396694702E-17,-0.75));
#2099=CARTESIAN_POINT('Origin',(0.,9.18485099360513E-17,-0.75));
#2100=CARTESIAN_POINT('',(-7.60205800021555E-32,0.,-1.3978163173601));
#2101=CARTESIAN_POINT('Origin',(-0.0937499999999999,1.53080849893419E-16,
-1.25));
#2102=CARTESIAN_POINT('',(-0.0937499999999999,9.3907274782209E-17,-1.05358069633468));
#2103=CARTESIAN_POINT('',(-0.0937499999999999,9.18485099360513E-17,-0.75));
#2104=CARTESIAN_POINT('',(-0.0937499999999999,1.53080849893419E-16,-1.25));
#2105=CARTESIAN_POINT('',(-0.0937499999999999,1.2902642274097E-16,-1.05358069633468));
#2106=CARTESIAN_POINT('',(-0.0937499999999999,9.18485099360513E-17,-0.75));
#2107=CARTESIAN_POINT('Origin',(0.,1.53080849893419E-16,-1.25));
#2108=CARTESIAN_POINT('',(0.,0.09375,-0.75));
#2109=CARTESIAN_POINT('',(0.,9.18485099360513E-17,-0.75));
#2110=CARTESIAN_POINT('',(1.5693003995906E-22,0.0937500000000001,-1.05358069633468));
#2111=CARTESIAN_POINT('',(0.,1.53080849893419E-16,-1.05358069633468));
#2112=CARTESIAN_POINT('',(0.,0.0937500000000001,-1.25));
#2113=CARTESIAN_POINT('Origin',(-0.0915918255086118,0.0200000000000001,
-1.25));
#2114=CARTESIAN_POINT('',(-0.0915918255086118,0.0200000000000001,-1.05358069633468));
#2115=CARTESIAN_POINT('',(-0.0915918255086118,0.0200000000000001,-0.75));
#2116=CARTESIAN_POINT('',(-0.0915918255086118,0.0200000000000001,-1.25));
#2117=CARTESIAN_POINT('',(-0.0915918255086118,0.0200000000000001,-1.05358069633468));
#2118=CARTESIAN_POINT('',(-0.0915918255086118,0.0200000000000001,-0.75));
#2119=CARTESIAN_POINT('Origin',(-0.02,0.0200000000000001,-1.25));
#2120=CARTESIAN_POINT('',(-0.02,0.0200000000000001,-0.75));
#2121=CARTESIAN_POINT('',(-0.02,0.0200000000000001,-0.75));
#2122=CARTESIAN_POINT('',(-0.02,0.0200000000000001,-1.25));
#2123=CARTESIAN_POINT('',(-0.02,0.0200000000000001,-1.05358069633468));
#2124=CARTESIAN_POINT('Origin',(-0.02,0.0915918255086119,-1.25));
#2125=CARTESIAN_POINT('',(-0.02,0.0915918255086119,-1.05358069633468));
#2126=CARTESIAN_POINT('',(-0.02,0.0915918255086119,-0.75));
#2127=CARTESIAN_POINT('',(-0.02,0.0915918255086119,-1.25));
#2128=CARTESIAN_POINT('',(-0.02,0.0915918255086119,-1.05358069633468));
#2129=CARTESIAN_POINT('',(-0.02,0.0915918255086119,-0.75));
#2130=CARTESIAN_POINT('Origin',(0.,0.0937500000000001,-1.25));
#2131=CARTESIAN_POINT('',(0.,0.09375,-0.75));
#2132=CARTESIAN_POINT('',(2.56580556292787E-18,0.0937500000000001,-1.05358069633468));
#2133=CARTESIAN_POINT('Origin',(1.32264168181697E-16,-0.0937499999999999,
-1.25));
#2134=CARTESIAN_POINT('',(7.10280478352708E-17,-0.0937499999999999,-0.75));
#2135=CARTESIAN_POINT('',(7.10318282243297E-17,-0.0937499999999999,-0.75));
#2136=CARTESIAN_POINT('',(7.2564712331707E-17,-0.0937499999999999,-1.05358069633468));
#2137=CARTESIAN_POINT('',(1.08209741029248E-16,-0.0937499999999999,-1.05358069633468));
#2138=CARTESIAN_POINT('',(1.32264168181697E-16,-0.0937499999999999,-1.25));
#2139=CARTESIAN_POINT('Origin',(1.53080849893419E-16,-6.79815536723444E-32,
-1.25));
#2140=CARTESIAN_POINT('',(0.0937500000000001,-4.16332064934034E-17,-1.05358069633468));
#2141=CARTESIAN_POINT('',(0.09375,-4.16333634234434E-17,-0.75));
#2142=CARTESIAN_POINT('',(0.0937500000000001,-4.16333634234434E-17,-1.25));
#2143=CARTESIAN_POINT('',(1.53080849893419E-16,-6.79815536723444E-32,-1.05358069633468));
#2144=CARTESIAN_POINT('',(9.18485099360513E-17,-4.07889322034067E-32,-0.75));
#2145=CARTESIAN_POINT('Origin',(0.0937500000000001,-4.16333634234434E-17,
-1.25));
#2146=CARTESIAN_POINT('',(0.0915918255086119,-0.02,-1.05358069633468));
#2147=CARTESIAN_POINT('',(0.0915918255086119,-0.02,-0.75));
#2148=CARTESIAN_POINT('',(0.0915918255086119,-0.02,-1.25));
#2149=CARTESIAN_POINT('',(0.0937500000000001,-3.90675578605155E-17,-1.05358069633468));
#2150=CARTESIAN_POINT('',(0.09375,-4.16333634234434E-17,-0.75));
#2151=CARTESIAN_POINT('Origin',(0.0915918255086119,-0.02,-1.25));
#2152=CARTESIAN_POINT('',(0.0200000000000001,-0.02,-0.75));
#2153=CARTESIAN_POINT('',(0.0915918255086119,-0.02,-0.75));
#2154=CARTESIAN_POINT('',(0.0200000000000001,-0.02,-1.25));
#2155=CARTESIAN_POINT('',(0.0915918255086119,-0.02,-1.05358069633468));
#2156=CARTESIAN_POINT('Origin',(0.0200000000000001,-0.02,-1.25));
#2157=CARTESIAN_POINT('',(0.0200000000000001,-0.0915918255086118,-1.05358069633468));
#2158=CARTESIAN_POINT('',(0.0200000000000001,-0.0915918255086118,-0.75));
#2159=CARTESIAN_POINT('',(0.0200000000000001,-0.0915918255086118,-1.25));
#2160=CARTESIAN_POINT('',(0.0200000000000001,-0.02,-1.05358069633468));
#2161=CARTESIAN_POINT('',(0.0200000000000001,-0.02,-0.75));
#2162=CARTESIAN_POINT('Origin',(0.0200000000000001,-0.0915918255086118,
-1.25));
#2163=CARTESIAN_POINT('',(0.0200000000000001,-0.0915918255086118,-1.05358069633468));
#2164=CARTESIAN_POINT('',(0.0200000000000001,-0.0915918255086118,-0.75));
#2165=CARTESIAN_POINT('Origin',(0.,-5.51091059616309E-17,-0.75));
#2166=CARTESIAN_POINT('',(0.097851521506364,0.0760187969654614,-0.75));
#2167=CARTESIAN_POINT('Ctrl Pts',(0.097851521506364,0.0760187969654615,
-0.75));
#2168=CARTESIAN_POINT('Ctrl Pts',(0.0955121032595493,0.076310622534044,
-0.75));
#2169=CARTESIAN_POINT('Ctrl Pts',(0.0931630987247598,0.0765343539641112,
-0.75));
#2170=CARTESIAN_POINT('Ctrl Pts',(0.0883239785432069,0.0768485253449287,
-0.75));
#2171=CARTESIAN_POINT('Ctrl Pts',(0.0858404624905862,0.0769306348465483,
-0.75));
#2172=CARTESIAN_POINT('Ctrl Pts',(0.0833607173347169,0.0769317812242298,
-0.75));
#2173=CARTESIAN_POINT('',(0.090448710130643,-0.0712397189948964,-0.75));
#2174=CARTESIAN_POINT('Ctrl Pts',(0.0904487101306429,-0.0712397189948965,
-0.75));
#2175=CARTESIAN_POINT('Ctrl Pts',(0.0919376917228352,-0.0695562584105706,
-0.749999999999995));
#2176=CARTESIAN_POINT('Ctrl Pts',(0.0934405060638811,-0.0677606470689084,
-0.749999999999987));
#2177=CARTESIAN_POINT('Ctrl Pts',(0.0949796875814722,-0.0657896325243025,
-0.749999999999983));
#2178=CARTESIAN_POINT('Ctrl Pts',(0.0954465889778608,-0.0651917371931404,
-0.749999999999982));
#2179=CARTESIAN_POINT('Ctrl Pts',(0.095916728583717,-0.0645776254562754,
-0.749999999999981));
#2180=CARTESIAN_POINT('Ctrl Pts',(0.0963904267344657,-0.0639453275659805,
-0.749999999999981));
#2181=CARTESIAN_POINT('Ctrl Pts',(0.0966687166720206,-0.0635738628682015,
-0.749999999999981));
#2182=CARTESIAN_POINT('Ctrl Pts',(0.0969484968794764,-0.0631957018505211,
-0.749999999999981));
#2183=CARTESIAN_POINT('Ctrl Pts',(0.0972243166585692,-0.0628181076760957,
-0.749999999999981));
#2184=CARTESIAN_POINT('Ctrl Pts',(0.101122183304668,-0.0574819720911335,
-0.749999999999981));
#2185=CARTESIAN_POINT('Ctrl Pts',(0.104539931479967,-0.0518494304004844,
-0.74999999999998));
#2186=CARTESIAN_POINT('Ctrl Pts',(0.10746268005844,-0.0459583277424378,
-0.749999999999976));
#2187=CARTESIAN_POINT('Ctrl Pts',(0.110103010684239,-0.0406364677363001,
-0.749999999999971));
#2188=CARTESIAN_POINT('Ctrl Pts',(0.112327092993672,-0.035132089511574,
-0.749999999999967));
#2189=CARTESIAN_POINT('Ctrl Pts',(0.114130766036574,-0.0294750215449213,
-0.749999999999968));
#2190=CARTESIAN_POINT('Ctrl Pts',(0.114855547246709,-0.0272018065723847,
-0.749999999999968));
#2191=CARTESIAN_POINT('Ctrl Pts',(0.115512272352839,-0.0249038339681944,
-0.749999999999969));
#2192=CARTESIAN_POINT('Ctrl Pts',(0.116099949163428,-0.0225827040963979,
-0.749999999999971));
#2193=CARTESIAN_POINT('Ctrl Pts',(0.116674857670992,-0.0203120048167682,
-0.749999999999973));
#2194=CARTESIAN_POINT('Ctrl Pts',(0.117181449673531,-0.0180277049634084,
-0.749999999999977));
#2195=CARTESIAN_POINT('Ctrl Pts',(0.117619493120141,-0.0157348220868985,
-0.749999999999983));
#2196=CARTESIAN_POINT('Ctrl Pts',(0.118531723932341,-0.0109598655730953,
-0.749999999999997));
#2197=CARTESIAN_POINT('Ctrl Pts',(0.119148175659559,-0.0061436479599824,
-0.750000000000018));
#2198=CARTESIAN_POINT('Ctrl Pts',(0.119468971635234,-0.00130122797769597,
-0.750000000000029));
#2199=CARTESIAN_POINT('Ctrl Pts',(0.119891020869611,0.00506961143747344,
-0.750000000000043));
#2200=CARTESIAN_POINT('Ctrl Pts',(0.119799540287105,0.0114514007939625,
-0.750000000000057));
#2201=CARTESIAN_POINT('Ctrl Pts',(0.119202633729195,0.0178095620414562,
-0.750000000000066));
#2202=CARTESIAN_POINT('Ctrl Pts',(0.118974249651236,0.0202422757967022,
-0.75000000000007));
#2203=CARTESIAN_POINT('Ctrl Pts',(0.118671264764293,0.0226739286179811,
-0.750000000000073));
#2204=CARTESIAN_POINT('Ctrl Pts',(0.118294504340941,0.0250949439633283,
-0.750000000000071));
#2205=CARTESIAN_POINT('Ctrl Pts',(0.117209655371086,0.0320660477221356,
-0.750000000000065));
#2206=CARTESIAN_POINT('Ctrl Pts',(0.11552497994744,0.0388952652831848,-0.750000000000012));
#2207=CARTESIAN_POINT('Ctrl Pts',(0.113261669253869,0.0455416677389378,
-0.749999999999855));
#2208=CARTESIAN_POINT('Ctrl Pts',(0.11067534381644,0.0531366301926264,-0.749999999999676));
#2209=CARTESIAN_POINT('Ctrl Pts',(0.107350460241823,0.0604445688263587,
-0.749999999999523));
#2210=CARTESIAN_POINT('Ctrl Pts',(0.103320942270528,0.0674086801031989,
-0.749999999999514));
#2211=CARTESIAN_POINT('Ctrl Pts',(0.103029809198948,0.0679118378310709,
-0.749999999999514));
#2212=CARTESIAN_POINT('Ctrl Pts',(0.102734976827473,0.068413192799424,-0.749999999999514));
#2213=CARTESIAN_POINT('Ctrl Pts',(0.102436448328942,0.0689127193700375,
-0.749999999999514));
#2214=CARTESIAN_POINT('Ctrl Pts',(0.100986707970547,0.0713385642494187,
-0.749999999999518));
#2215=CARTESIAN_POINT('Ctrl Pts',(0.0994578310111913,0.0737079626459611,
-0.74999999999986));
#2216=CARTESIAN_POINT('Ctrl Pts',(0.0978526392000803,0.076019232122587,
-0.750000000000018));
#2217=CARTESIAN_POINT('Ctrl Pts',(0.0882177857230272,-0.0713101005399469,
-0.75));
#2218=CARTESIAN_POINT('Ctrl Pts',(0.088961681122126,-0.0712936426399544,
-0.75));
#2219=CARTESIAN_POINT('Ctrl Pts',(0.0897053424269087,-0.0712701603745551,
-0.75));
#2220=CARTESIAN_POINT('Ctrl Pts',(0.090448710130643,-0.0712397189948964,
-0.75));
#2221=CARTESIAN_POINT('Ctrl Pts',(-0.181796396172979,0.00311347864309174,
-0.461789211663661));
#2222=CARTESIAN_POINT('Ctrl Pts',(-0.180519383510889,0.0269711257164699,
-0.465548853090061));
#2223=CARTESIAN_POINT('Ctrl Pts',(-0.174499080749926,0.0503579030942309,
-0.469303288013326));
#2224=CARTESIAN_POINT('Ctrl Pts',(-0.154125100293271,0.0927804914170466,
-0.476816031263566));
#2225=CARTESIAN_POINT('Ctrl Pts',(-0.139813358717268,0.111764657877963,
-0.480566231802137));
#2226=CARTESIAN_POINT('Ctrl Pts',(-0.105251893350221,0.142650612847752,
-0.488074059176928));
#2227=CARTESIAN_POINT('Ctrl Pts',(-0.0850488738071186,0.154514820363496,
-0.491824323155924));
#2228=CARTESIAN_POINT('Ctrl Pts',(-0.0419215342009519,0.16955181916115,
-0.499332441672496));
#2229=CARTESIAN_POINT('Ctrl Pts',(-0.0190544219417095,0.172707403994111,
-0.503082783732493));
#2230=CARTESIAN_POINT('Ctrl Pts',(0.02586502065819,0.170082410145052,-0.510591205839428));
#2231=CARTESIAN_POINT('Ctrl Pts',(0.0478581425915274,0.164307731314802,
-0.514341634130513));
#2232=CARTESIAN_POINT('Ctrl Pts',(0.0877208312291408,0.144939981871745,
-0.52185037622066));
#2233=CARTESIAN_POINT('Ctrl Pts',(0.105538144733782,0.13137495261888,-0.525600897891767));
#2234=CARTESIAN_POINT('Ctrl Pts',(0.134464382999129,0.0986971065833991,
-0.533109978462375));
#2235=CARTESIAN_POINT('Ctrl Pts',(0.145535916774279,0.0796300940657232,
-0.536860600760129));
#2236=CARTESIAN_POINT('Ctrl Pts',(0.159481588582568,0.0389921726769515,
-0.544370039990405));
#2237=CARTESIAN_POINT('Ctrl Pts',(0.162338815912001,0.0174777546299846,
-0.548120770622055));
#2238=CARTESIAN_POINT('Ctrl Pts',(0.159656466437776,-0.0247242511630071,
-0.555630590343972));
#2239=CARTESIAN_POINT('Ctrl Pts',(0.154122932045233,-0.0453533346743244,
-0.559381437630207));
#2240=CARTESIAN_POINT('Ctrl Pts',(0.135740394194844,-0.0826829065360639,
-0.566891661429343));
#2241=CARTESIAN_POINT('Ctrl Pts',(0.122919349275904,-0.0993318155312217,
-0.570642634398392));
#2242=CARTESIAN_POINT('Ctrl Pts',(0.0921196839830488,-0.126293533516837,
-0.57815328776604));
#2243=CARTESIAN_POINT('Ctrl Pts',(0.0741865653045738,-0.136569528113729,
-0.581904396234676));
#2244=CARTESIAN_POINT('Ctrl Pts',(0.0360347763541341,-0.149417191368737,
-0.58941550675077));
#2245=CARTESIAN_POINT('Ctrl Pts',(0.0158721231881523,-0.151972363359997,
-0.593166761408528));
#2246=CARTESIAN_POINT('Ctrl Pts',(-0.0236129359265818,-0.149224917801405,
-0.600678358948062));
#2247=CARTESIAN_POINT('Ctrl Pts',(-0.0428774097778042,-0.143928551284542,
-0.604429771449261));
#2248=CARTESIAN_POINT('Ctrl Pts',(-0.0776712348540532,-0.126523543697433,
-0.611941888414474));
#2249=CARTESIAN_POINT('Ctrl Pts',(-0.0931495955605534,-0.114442851787786,
-0.61569347148114));
#2250=CARTESIAN_POINT('Ctrl Pts',(-0.118141164231092,-0.0855149793108942,
-0.623206143061728));
#2251=CARTESIAN_POINT('Ctrl Pts',(-0.127618086095317,-0.068713090883096,
-0.626957910598451));
#2252=CARTESIAN_POINT('Ctrl Pts',(-0.139359718387557,-0.0330434964497223,
-0.63447117506368));
#2253=CARTESIAN_POINT('Ctrl Pts',(-0.141608338147307,-0.0142314407535953,
-0.63822314228728));
#2254=CARTESIAN_POINT('Ctrl Pts',(-0.138786428431903,0.0225372745529,-0.645737041312738));
#2255=CARTESIAN_POINT('Ctrl Pts',(-0.133722394743391,0.0404364669960919,
-0.649489224899679));
#2256=CARTESIAN_POINT('Ctrl Pts',(-0.117285574472843,0.0726913685796832,
-0.657003803933636));
#2257=CARTESIAN_POINT('Ctrl Pts',(-0.105940807305232,0.0869965855574815,
-0.660756222190491));
#2258=CARTESIAN_POINT('Ctrl Pts',(-0.0788769208234893,0.110011161399258,
-0.66827153085866));
#2259=CARTESIAN_POINT('Ctrl Pts',(-0.0632030004296503,0.118684705813784,
-0.672024203928558));
#2260=CARTESIAN_POINT('Ctrl Pts',(-0.0300107564283747,0.129310508421466,
-0.679540296468444));
#2261=CARTESIAN_POINT('Ctrl Pts',(-0.0125478573586591,0.131247073399678,
-0.683293246609066));
#2262=CARTESIAN_POINT('Ctrl Pts',(0.0215052895637761,0.128339207961178,
-0.690810182282664));
#2263=CARTESIAN_POINT('Ctrl Pts',(0.0380383820043672,0.123501566660376,
-0.694563434330034));
#2264=CARTESIAN_POINT('Ctrl Pts',(0.0677504958311322,0.108021422424352,
-0.702081277632719));
#2265=CARTESIAN_POINT('Ctrl Pts',(0.0808793573156232,0.0974071177911904,
-0.70583486001578));
#2266=CARTESIAN_POINT('Ctrl Pts',(0.101908562309422,0.0721975492474164,
-0.713353680058971));
#2267=CARTESIAN_POINT('Ctrl Pts',(0.109773328837842,0.0576475598337358,
-0.717107627564952));
#2268=CARTESIAN_POINT('Ctrl Pts',(0.119271330298664,0.026926615360063,-0.72462749455185));
#2269=CARTESIAN_POINT('Ctrl Pts',(0.12088872877009,0.0108111002292949,-0.72838185678516));
#2270=CARTESIAN_POINT('Ctrl Pts',(0.117881128991508,-0.0205275349936908,
-0.735902828745338));
#2271=CARTESIAN_POINT('Ctrl Pts',(0.113261521590672,-0.0356934137466066,
-0.739657696376919));
#2272=CARTESIAN_POINT('Ctrl Pts',(0.101513101586403,-0.057648567040536,
-0.745737204842365));
#2273=CARTESIAN_POINT('Ctrl Pts',(0.096034305640941,-0.0654003684865072,
-0.748053673231151));
#2274=CARTESIAN_POINT('Ctrl Pts',(0.089755729629223,-0.072344298001116,
-0.750370547035458));
#2275=CARTESIAN_POINT('Ctrl Pts',(-0.158985172121329,0.00353669676022596,
-0.457032059184387));
#2276=CARTESIAN_POINT('Ctrl Pts',(-0.157652338084353,0.024407749020079,
-0.460793023105594));
#2277=CARTESIAN_POINT('Ctrl Pts',(-0.152170334536888,0.0447988699092412,
-0.4645481785885));
#2278=CARTESIAN_POINT('Ctrl Pts',(-0.133977123388842,0.0816654050754009,
-0.472063665264936));
#2279=CARTESIAN_POINT('Ctrl Pts',(-0.121306123200992,0.0980906474053771,
-0.475814705392288));
#2280=CARTESIAN_POINT('Ctrl Pts',(-0.0908802353838222,0.124678720318351,
-0.483325465193379));
#2281=CARTESIAN_POINT('Ctrl Pts',(-0.0731712443892308,0.134805265815109,
-0.48707663802839));
#2282=CARTESIAN_POINT('Ctrl Pts',(-0.0355078540037663,0.14745093315507,
-0.494587892403079));
#2283=CARTESIAN_POINT('Ctrl Pts',(-0.0156094340424733,0.149953753919023,
-0.498339222409993));
#2284=CARTESIAN_POINT('Ctrl Pts',(0.0233470763899704,0.147206674843541,
-0.505851002415264));
#2285=CARTESIAN_POINT('Ctrl Pts',(0.0423474071295722,0.141963061691448,
-0.509602506917441));
#2286=CARTESIAN_POINT('Ctrl Pts',(0.0766530589259354,0.124760714127062,
-0.517114850816913));
#2287=CARTESIAN_POINT('Ctrl Pts',(0.0919075815947149,0.112829856971383,
-0.520866546861325));
#2288=CARTESIAN_POINT('Ctrl Pts',(0.116525708619173,0.0842760719290879,
-0.528379498147745));
#2289=CARTESIAN_POINT('Ctrl Pts',(0.125853183210311,0.0676982850816545,
-0.532131404083324));
#2290=CARTESIAN_POINT('Ctrl Pts',(0.137392981006613,0.0325172377184461,
-0.539645011365312));
#2291=CARTESIAN_POINT('Ctrl Pts',(0.139589302934702,0.0139694252106447,
-0.543397147512754));
#2292=CARTESIAN_POINT('Ctrl Pts',(0.136767905002621,-0.0222706764946415,
-0.550911464988474));
#2293=CARTESIAN_POINT('Ctrl Pts',(0.131756688079379,-0.0399057203398353,
-0.554663854079426));
#2294=CARTESIAN_POINT('Ctrl Pts',(0.115522653010272,-0.0716724299979475,
-0.562178942275826));
#2295=CARTESIAN_POINT('Ctrl Pts',(0.104327777771218,-0.0857538119218152,
-0.565931609864058));
#2296=CARTESIAN_POINT('Ctrl Pts',(0.0776380825900295,-0.108394944944222,
-0.573447536561258));
#2297=CARTESIAN_POINT('Ctrl Pts',(0.0621883122376982,-0.116919046077309,
-0.577200511474406));
#2298=CARTESIAN_POINT('Ctrl Pts',(0.0294847107467778,-0.127343008084204,
-0.58471735281283));
#2299=CARTESIAN_POINT('Ctrl Pts',(0.0122861015724112,-0.129227272984592,
-0.58847066767752));
#2300=CARTESIAN_POINT('Ctrl Pts',(-0.0212383166602714,-0.126319899953569,
-0.595988509468664));
#2301=CARTESIAN_POINT('Ctrl Pts',(-0.0375072049019596,-0.12153506704081,
-0.599742201329157));
#2302=CARTESIAN_POINT('Ctrl Pts',(-0.0667309535921047,-0.106257690087073,
-0.607261140607574));
#2303=CARTESIAN_POINT('Ctrl Pts',(-0.0796359136875532,-0.0957932739672843,
-0.611015251659129));
#2304=CARTESIAN_POINT('Ctrl Pts',(-0.10029139933118,-0.070957923511136,
-0.618535398520422));
#2305=CARTESIAN_POINT('Ctrl Pts',(-0.10800668156814,-0.0566321056852993,
-0.622289976978877));
#2306=CARTESIAN_POINT('Ctrl Pts',(-0.117302392517281,-0.0263999469158076,
-0.629811456757373));
#2307=CARTESIAN_POINT('Ctrl Pts',(-0.118867626389149,-0.0105487836881253,
-0.633566557891933));
#2308=CARTESIAN_POINT('Ctrl Pts',(-0.115859697351749,0.0202607632256859,
-0.641089513737403));
#2309=CARTESIAN_POINT('Ctrl Pts',(-0.111293713738306,0.0351623720679368,
-0.644845201097497));
#2310=CARTESIAN_POINT('Ctrl Pts',(-0.0969584045457397,0.061838002973746,
-0.65236979701852));
#2311=CARTESIAN_POINT('Ctrl Pts',(-0.0872175373436506,0.0735623643492559,
-0.65612614389124));
#2312=CARTESIAN_POINT('Ctrl Pts',(-0.0642243702390319,0.0922211887967028,
-0.663652568328822));
#2313=CARTESIAN_POINT('Ctrl Pts',(-0.0510174564445984,0.0991207362201908,
-0.667409659475154));
#2314=CARTESIAN_POINT('Ctrl Pts',(-0.0232493639610983,0.107272433477017,
-0.674938129456447));
#2315=CARTESIAN_POINT('Ctrl Pts',(-0.00874355127283811,0.108509798062996,
-0.678696063204437));
#2316=CARTESIAN_POINT('Ctrl Pts',(0.0193518504779893,0.105382864917045,
-0.686226829053401));
#2317=CARTESIAN_POINT('Ctrl Pts',(0.0328845797427661,0.101026225852687,
-0.689985719928646));
#2318=CARTESIAN_POINT('Ctrl Pts',(0.0570051893716012,0.0876146624318024,
-0.697519070295398));
#2319=CARTESIAN_POINT('Ctrl Pts',(0.067543435906367,0.0785887209806079,
-0.70127905270168));
#2320=CARTESIAN_POINT('Ctrl Pts',(0.0841912946614419,0.0574227310729073,
-0.708815318988174));
#2321=CARTESIAN_POINT('Ctrl Pts',(0.09026607538508,0.0453285990054992,-0.7125765535857));
#2322=CARTESIAN_POINT('Ctrl Pts',(0.0972536907433639,0.020015944150175,
-0.720116110679298));
#2323=CARTESIAN_POINT('Ctrl Pts',(0.0981516141404806,0.00685328109222203,
-0.723878798885618));
#2324=CARTESIAN_POINT('Ctrl Pts',(0.0948829747489689,-0.018527885818527,
-0.731422052240651));
#2325=CARTESIAN_POINT('Ctrl Pts',(0.0907227805140695,-0.0306890566671108,
-0.735186475565736));
#2326=CARTESIAN_POINT('Ctrl Pts',(0.0806132517971859,-0.0481109408736353,
-0.741286393036026));
#2327=CARTESIAN_POINT('Ctrl Pts',(0.0759703567521284,-0.0542102023499281,
-0.743610073503596));
#2328=CARTESIAN_POINT('Ctrl Pts',(0.0707110734951546,-0.0596235313180409,
-0.745934618764573));
#2329=CARTESIAN_POINT('Ctrl Pts',(-0.136172189271485,0.00405667038639587,
-0.452283461515878));
#2330=CARTESIAN_POINT('Ctrl Pts',(-0.134770892131057,0.0219416387567179,
-0.456045509181679));
#2331=CARTESIAN_POINT('Ctrl Pts',(-0.129814356370824,0.0393350301239521,
-0.459801076307265));
#2332=CARTESIAN_POINT('Ctrl Pts',(-0.113777676661492,0.0706366215601479,
-0.46731873688598));
#2333=CARTESIAN_POINT('Ctrl Pts',(-0.102736132016983,0.0844959808487191,
-0.471070234042009));
#2334=CARTESIAN_POINT('Ctrl Pts',(-0.076426467241103,0.106768337616058,
-0.478583198653394));
#2335=CARTESIAN_POINT('Ctrl Pts',(-0.0612035793613666,0.115146266172061,
-0.482334820443207));
#2336=CARTESIAN_POINT('Ctrl Pts',(-0.0289928677747285,0.12537626533494,
-0.489848295940943));
#2337=CARTESIAN_POINT('Ctrl Pts',(-0.0120599459223668,0.127212926284928,
-0.493600062390691));
#2338=CARTESIAN_POINT('Ctrl Pts',(0.0209347601537138,0.124316491039134,
-0.501114063842061));
#2339=CARTESIAN_POINT('Ctrl Pts',(0.03694009422721,0.119590111533748,-0.50486598481788));
#2340=CARTESIAN_POINT('Ctrl Pts',(0.0656791766357593,0.104527121125556,
-0.512380531239115));
#2341=CARTESIAN_POINT('Ctrl Pts',(0.0783634720184689,0.0942183113235273,
-0.516132614028149));
#2342=CARTESIAN_POINT('Ctrl Pts',(0.0986544595227823,0.069767866905227,
-0.523647725072305));
#2343=CARTESIAN_POINT('Ctrl Pts',(0.106226215386574,0.0556708257594882,
-0.527399975804147));
#2344=CARTESIAN_POINT('Ctrl Pts',(0.115334328387877,0.025934620099688,-0.534915670457409));
#2345=CARTESIAN_POINT('Ctrl Pts',(0.116855571218442,0.0103499850932313,
-0.538668094341304));
#2346=CARTESIAN_POINT('Ctrl Pts',(0.113866393409849,-0.0199295026043351,
-0.54618439007187));
#2347=CARTESIAN_POINT('Ctrl Pts',(0.109362954305878,-0.0345682529330713,
-0.54993699123635));
#2348=CARTESIAN_POINT('Ctrl Pts',(0.0952501705352948,-0.0607622767919985,
-0.557453903155967));
#2349=CARTESIAN_POINT('Ctrl Pts',(0.0856688008971757,-0.0722684659342301,
-0.561206684306453));
#2350=CARTESIAN_POINT('Ctrl Pts',(0.0630675208090466,-0.0905694840295479,
-0.568724224181636));
#2351=CARTESIAN_POINT('Ctrl Pts',(0.0500922722052842,-0.0973297552492411,
-0.572477186125461));
#2352=CARTESIAN_POINT('Ctrl Pts',(0.0228243205072826,-0.10530375417886,
-0.579995361153313));
#2353=CARTESIAN_POINT('Ctrl Pts',(0.00858611451995158,-0.106502734621115,
-0.58374850219177));
#2354=CARTESIAN_POINT('Ctrl Pts',(-0.0189793280756231,-0.103406487559718,
-0.591267313467313));
#2355=CARTESIAN_POINT('Ctrl Pts',(-0.0322505832453836,-0.0991185791936477,
-0.595020628630444));
#2356=CARTESIAN_POINT('Ctrl Pts',(-0.0558949752297376,-0.0859416234670997,
-0.602540069231524));
#2357=CARTESIAN_POINT('Ctrl Pts',(-0.0662192243336276,-0.0770808474659547,
-0.606293549323583));
#2358=CARTESIAN_POINT('Ctrl Pts',(-0.0825201003062051,-0.0563165671492051,
-0.613813601925961));
#2359=CARTESIAN_POINT('Ctrl Pts',(-0.0884624325493431,-0.0444579718234119,
-0.617567232338242));
#2360=CARTESIAN_POINT('Ctrl Pts',(-0.0952875736500752,-0.019650468947841,
-0.625087866259626));
#2361=CARTESIAN_POINT('Ctrl Pts',(-0.0961559600507997,-0.00675624834292211,
-0.628841625502538));
#2362=CARTESIAN_POINT('Ctrl Pts',(-0.0929351632862764,0.0180969133423819,
-0.6363627930562));
#2363=CARTESIAN_POINT('Ctrl Pts',(-0.0888536840047492,0.0299997530651643,
-0.640116650954759));
#2364=CARTESIAN_POINT('Ctrl Pts',(-0.0765947717154682,0.051089315631102,
-0.647638282981775));
#2365=CARTESIAN_POINT('Ctrl Pts',(-0.0684460519926694,0.0602271208992618,
-0.651392198473673));
#2366=CARTESIAN_POINT('Ctrl Pts',(-0.049503399215964,0.0745157371718239,
-0.658914198908109));
#2367=CARTESIAN_POINT('Ctrl Pts',(-0.0387548651921819,0.0796323421639293,
-0.662668117386351));
#2368=CARTESIAN_POINT('Ctrl Pts',(-0.0163974755174736,0.0852906622818553,
-0.670190356707277));
#2369=CARTESIAN_POINT('Ctrl Pts',(-0.00484382458527152,0.0858181966721358,
-0.673944206870842));
#2370=CARTESIAN_POINT('Ctrl Pts',(0.0173002054186965,0.0824510717939752,
-0.681466514285325));
#2371=CARTESIAN_POINT('Ctrl Pts',(0.0278339708341928,0.0785645470130792,
-0.68522020454172));
#2372=CARTESIAN_POINT('Ctrl Pts',(0.0463633220612102,0.0672008567088169,
-0.692742358713599));
#2373=CARTESIAN_POINT('Ctrl Pts',(0.0543095195299049,0.0597530531365192,
-0.696495773413146));
#2374=CARTESIAN_POINT('Ctrl Pts',(0.0665716593466073,0.0426113622333068,
-0.704017491347274));
#2375=CARTESIAN_POINT('Ctrl Pts',(0.0708529598813537,0.0329637537704477,
-0.707770487872054));
#2376=CARTESIAN_POINT('Ctrl Pts',(0.0753222810405805,0.0130412312999413,
-0.715291410680319));
#2377=CARTESIAN_POINT('Ctrl Pts',(0.0754955127065522,0.0028226218876425,
-0.719043820699756));
#2378=CARTESIAN_POINT('Ctrl Pts',(0.0719540855726321,-0.0166191220279996,
-0.726563491847928));
#2379=CARTESIAN_POINT('Ctrl Pts',(0.068245842880706,-0.0257843435999144,
-0.730315134620909));
#2380=CARTESIAN_POINT('Ctrl Pts',(0.0597608270670619,-0.0386877954955566,
-0.736391211343024));
#2381=CARTESIAN_POINT('Ctrl Pts',(0.0559474466900492,-0.0431400036740833,
-0.738705317812071));
#2382=CARTESIAN_POINT('Ctrl Pts',(0.0517001831268928,-0.0470279834893059,
-0.74101968098558));
#2383=CARTESIAN_POINT('Ctrl Pts',(-0.113322640238122,0.00504850139669059,
-0.44770875361999));
#2384=CARTESIAN_POINT('Ctrl Pts',(-0.111789898523537,0.0199520328144474,
-0.451476830212089));
#2385=CARTESIAN_POINT('Ctrl Pts',(-0.107293621179601,0.0343390009243801,
-0.455236957934903));
#2386=CARTESIAN_POINT('Ctrl Pts',(-0.093286593063631,0.0600334651364217,
-0.462767717994274));
#2387=CARTESIAN_POINT('Ctrl Pts',(-0.0838141397984586,0.0712920452385399,
-0.466524252265699));
#2388=CARTESIAN_POINT('Ctrl Pts',(-0.0615134464766036,0.0891559284483761,
-0.474051490127808));
#2389=CARTESIAN_POINT('Ctrl Pts',(-0.0487315972339838,0.095726495697942,
-0.477808638195911));
#2390=CARTESIAN_POINT('Ctrl Pts',(-0.0219059408801702,0.103406215532986,
-0.485337687008207));
#2391=CARTESIAN_POINT('Ctrl Pts',(-0.00791812816879669,0.104500712292422,
-0.489095533457767));
#2392=CARTESIAN_POINT('Ctrl Pts',(0.0191265030603881,0.101295146343314,
-0.496626554473157));
#2393=CARTESIAN_POINT('Ctrl Pts',(0.0321259662553143,0.0970029883415087,
-0.500385177534114));
#2394=CARTESIAN_POINT('Ctrl Pts',(0.0552449859506648,0.0839174087253652,
-0.5079183583593));
#2395=CARTESIAN_POINT('Ctrl Pts',(0.065314543243925,0.0751533849116082,
-0.51167784209275));
#2396=CARTESIAN_POINT('Ctrl Pts',(0.0811597168852051,0.0546686071519565,
-0.519213395306924));
#2397=CARTESIAN_POINT('Ctrl Pts',(0.0869003991801565,0.0429943530681697,
-0.522973833303806));
#2398=CARTESIAN_POINT('Ctrl Pts',(0.0934036629757229,0.0186157002753654,
-0.530511998628708));
#2399=CARTESIAN_POINT('Ctrl Pts',(0.0941518495398713,0.00596785758336155,
-0.534273496285911));
#2400=CARTESIAN_POINT('Ctrl Pts',(0.0907883426399535,-0.0183663973030061,
-0.541814544181232));
#2401=CARTESIAN_POINT('Ctrl Pts',(0.0866851698939459,-0.029994838684623,
-0.545577220763035));
#2402=CARTESIAN_POINT('Ctrl Pts',(0.0744832977803575,-0.0505468527183084,
-0.553121456958614));
#2403=CARTESIAN_POINT('Ctrl Pts',(0.0664149236782113,-0.0594199735546575,
-0.556885447832864));
#2404=CARTESIAN_POINT('Ctrl Pts',(0.0477224533692255,-0.0732261203310722,
-0.564433218747991));
#2405=CARTESIAN_POINT('Ctrl Pts',(0.0371460241022539,-0.0781240838008281,
-0.568198677959741));
#2406=CARTESIAN_POINT('Ctrl Pts',(0.0151994300210395,-0.08342118891756,
-0.575750377109973));
#2407=CARTESIAN_POINT('Ctrl Pts',(0.00388710222616202,-0.0838062570105432,
-0.579517480402227));
#2408=CARTESIAN_POINT('Ctrl Pts',(-0.0177393387998379,-0.0802492396787716,
-0.587073555962029));
#2409=CARTESIAN_POINT('Ctrl Pts',(-0.0279942675268526,-0.0763165207057736,
-0.590842504339877));
#2410=CARTESIAN_POINT('Ctrl Pts',(-0.0459671378341133,-0.0649620021386139,
-0.598403468080851));
#2411=CARTESIAN_POINT('Ctrl Pts',(-0.053633702540103,-0.0575718972245949,
-0.602174492032627));
#2412=CARTESIAN_POINT('Ctrl Pts',(-0.0653737313505179,-0.0406406323886154,
-0.609740929904509));
#2413=CARTESIAN_POINT('Ctrl Pts',(-0.0694117278578196,-0.0311489362576349,
-0.613514294407208));
#2414=CARTESIAN_POINT('Ctrl Pts',(-0.0734628445942925,-0.0116146917776845,
-0.621086879083106));
#2415=CARTESIAN_POINT('Ctrl Pts',(-0.0734622059978878,-0.00163200468769346,
-0.624862889549397));
#2416=CARTESIAN_POINT('Ctrl Pts',(-0.0696638461551513,0.0172897019204571,
-0.632442395312755));
#2417=CARTESIAN_POINT('Ctrl Pts',(-0.0658766476323545,0.0261675793891866,
-0.636221404668175));
#2418=CARTESIAN_POINT('Ctrl Pts',(-0.0553205513243274,0.0415444607377994,
-0.643808725087082));
#2419=CARTESIAN_POINT('Ctrl Pts',(-0.0485853453381,0.0479905539592778,-0.647591142205336));
#2420=CARTESIAN_POINT('Ctrl Pts',(-0.033373543963304,0.0576272469426561,
-0.655187311097172));
#2421=CARTESIAN_POINT('Ctrl Pts',(-0.0249490957488691,0.0607816371906858,
-0.658973610884933));
#2422=CARTESIAN_POINT('Ctrl Pts',(-0.00780115823932728,0.0635321733291955,
-0.666579827110475));
#2423=CARTESIAN_POINT('Ctrl Pts',(0.000859416710795805,0.063114921431688,
-0.670370562656895));
#2424=CARTESIAN_POINT('Ctrl Pts',(0.0170794325284587,0.0590098284768867,
-0.677988219187022));
#2425=CARTESIAN_POINT('Ctrl Pts',(0.0245747607683864,0.055334153539522,
-0.681784036730447));
#2426=CARTESIAN_POINT('Ctrl Pts',(0.0373311293598762,0.0455099856902353,
-0.689414753963706));
#2427=CARTESIAN_POINT('Ctrl Pts',(0.0425368842847623,0.0393980907944963,
-0.693216412423897));
#2428=CARTESIAN_POINT('Ctrl Pts',(0.0500176925090516,0.025849866642183,
-0.700862074005335));
#2429=CARTESIAN_POINT('Ctrl Pts',(0.052255179215481,0.0184695931427241,
-0.704670474089002));
#2430=CARTESIAN_POINT('Ctrl Pts',(0.0536292091300933,0.00367469827080568,
-0.712333257674676));
#2431=CARTESIAN_POINT('Ctrl Pts',(0.0527520207929575,-0.00367259339201709,
-0.716149496226538));
#2432=CARTESIAN_POINT('Ctrl Pts',(0.0482510843053779,-0.0171914183178713,
-0.723831872816333));
#2433=CARTESIAN_POINT('Ctrl Pts',(0.044638951416543,-0.0232945477527028,
-0.727657369327079));
#2434=CARTESIAN_POINT('Ctrl Pts',(0.0372204664677611,-0.0314557842261867,
-0.733884422105367));
#2435=CARTESIAN_POINT('Ctrl Pts',(0.0340306736530549,-0.034145279835871,
-0.736253546832029));
#2436=CARTESIAN_POINT('Ctrl Pts',(0.0306029830526665,-0.036364834987804,
-0.738626242647753));
#2437=CARTESIAN_POINT('',(-0.181718789704715,0.00317317465777611,-0.461782861648392));
#2438=CARTESIAN_POINT('Ctrl Pts',(0.0904487101306428,-0.0712397189948965,
-0.75));
#2439=CARTESIAN_POINT('Ctrl Pts',(0.0936834893209479,-0.0675824385460104,
-0.748790276719934));
#2440=CARTESIAN_POINT('Ctrl Pts',(0.0966868357158344,-0.0637189834452027,
-0.747584392366153));
#2441=CARTESIAN_POINT('Ctrl Pts',(0.103806893301625,-0.0532618792273567,
-0.744471788079495));
#2442=CARTESIAN_POINT('Ctrl Pts',(0.107513762791384,-0.0464419331376733,
-0.742583423832822));
#2443=CARTESIAN_POINT('Ctrl Pts',(0.113580258420428,-0.0319766671117982,
-0.738768357994084));
#2444=CARTESIAN_POINT('Ctrl Pts',(0.11589402386624,-0.0243960015985842,
-0.736860345513345));
#2445=CARTESIAN_POINT('Ctrl Pts',(0.11899114546535,-0.00886864581008691,
-0.733050650753651));
#2446=CARTESIAN_POINT('Ctrl Pts',(0.119758570496794,-0.000969852728271378,
-0.731162383987454));
#2447=CARTESIAN_POINT('Ctrl Pts',(0.119698098485825,0.0150529773360536,
-0.727350211705699));
#2448=CARTESIAN_POINT('Ctrl Pts',(0.118854997865067,0.0230995275776701,
-0.725444706129229));
#2449=CARTESIAN_POINT('Ctrl Pts',(0.115584211212547,0.0389383839990693,
-0.721637147769636));
#2450=CARTESIAN_POINT('Ctrl Pts',(0.113158326734975,0.0466768523980624,
-0.719748930251215));
#2451=CARTESIAN_POINT('Ctrl Pts',(0.106723782771998,0.0617170737801218,
-0.71593977450559));
#2452=CARTESIAN_POINT('Ctrl Pts',(0.10273239065723,0.0689431525838843,-0.714036688462788));
#2453=CARTESIAN_POINT('Ctrl Pts',(0.0933572201802988,0.0825359728270895,
-0.710231261175791));
#2454=CARTESIAN_POINT('Ctrl Pts',(0.0879951905008927,0.0888500088543756,
-0.708343061526384));
#2455=CARTESIAN_POINT('Ctrl Pts',(0.0759692391470187,0.100428292072993,
-0.704536997671565));
#2456=CARTESIAN_POINT('Ctrl Pts',(0.0693502768057275,0.10563198327169,-0.70263624460382));
#2457=CARTESIAN_POINT('Ctrl Pts',(0.0551380103958054,0.114685957156958,
-0.698832944964696));
#2458=CARTESIAN_POINT('Ctrl Pts',(0.0475856460505554,0.118492475165103,
-0.696944745837892));
#2459=CARTESIAN_POINT('Ctrl Pts',(0.0316900134893932,0.124597593820859,
-0.693141808620921));
#2460=CARTESIAN_POINT('Ctrl Pts',(0.0234096789441075,0.126860105779216,
-0.691243302661277));
#2461=CARTESIAN_POINT('Ctrl Pts',(0.00646155806477759,0.129730747072056,
-0.687442127039257));
#2462=CARTESIAN_POINT('Ctrl Pts',(-0.00215000458300835,0.130311323293825,
-0.685553922552618));
#2463=CARTESIAN_POINT('Ctrl Pts',(-0.0195017675488914,0.129744264711337,
-0.681754112536193));
#2464=CARTESIAN_POINT('Ctrl Pts',(-0.0281732388361465,0.128588951168324,
-0.679857768468017));
#2465=CARTESIAN_POINT('Ctrl Pts',(-0.0452337679137755,0.124570823915665,
-0.676058711344948));
#2466=CARTESIAN_POINT('Ctrl Pts',(-0.0535580144793809,0.121702126267557,
-0.674170504777949));
#2467=CARTESIAN_POINT('Ctrl Pts',(-0.065612506213724,0.116148985667832,
-0.671322589477171));
#2468=CARTESIAN_POINT('Ctrl Pts',(-0.0695590605152626,0.114085524872065,
-0.670370393872234));
#2469=CARTESIAN_POINT('Ctrl Pts',(-0.0809775471019094,0.107373774468759,
-0.667541631465829));
#2470=CARTESIAN_POINT('Ctrl Pts',(-0.0881212834583574,0.102172621556558,
-0.665672272484983));
#2471=CARTESIAN_POINT('Ctrl Pts',(-0.098048689893637,0.0933243953519894,
-0.662860457535865));
#2472=CARTESIAN_POINT('Ctrl Pts',(-0.101253430485307,0.0901634539615487,
-0.661912053444449));
#2473=CARTESIAN_POINT('Ctrl Pts',(-0.110402530499406,0.0801970030973225,
-0.659064489738467));
#2474=CARTESIAN_POINT('Ctrl Pts',(-0.115846780096949,0.0729333406621335,
-0.657171793912661));
#2475=CARTESIAN_POINT('Ctrl Pts',(-0.12527356857791,0.0573661850320089,
-0.653377056134799));
#2476=CARTESIAN_POINT('Ctrl Pts',(-0.129201634140911,0.0491049588421912,
-0.651489451128625));
#2477=CARTESIAN_POINT('Ctrl Pts',(-0.135398129285114,0.0318245457132253,
-0.647698387930433));
#2478=CARTESIAN_POINT('Ctrl Pts',(-0.137639660977713,0.0228588561611085,
-0.645807590776536));
#2479=CARTESIAN_POINT('Ctrl Pts',(-0.14034293471427,0.00452151591262123,
-0.642014886302957));
#2480=CARTESIAN_POINT('Ctrl Pts',(-0.140768166473213,-0.00478935258278915,
-0.640127317052459));
#2481=CARTESIAN_POINT('Ctrl Pts',(-0.139764101328105,-0.0234519696607242,
-0.63633911458434));
#2482=CARTESIAN_POINT('Ctrl Pts',(-0.138331461336531,-0.0327480219425491,
-0.634450135589218));
#2483=CARTESIAN_POINT('Ctrl Pts',(-0.13363570965929,-0.0510261984068009,
-0.630659443209214));
#2484=CARTESIAN_POINT('Ctrl Pts',(-0.130360332890095,-0.0599366689902037,
-0.628771929964086));
#2485=CARTESIAN_POINT('Ctrl Pts',(-0.122061110481141,-0.0770518141676787,
-0.624986500046831));
#2486=CARTESIAN_POINT('Ctrl Pts',(-0.117054802671585,-0.0852078439934792,
-0.62309925975945));
#2487=CARTESIAN_POINT('Ctrl Pts',(-0.105445814822484,-0.100510153090537,
-0.619310553399304));
#2488=CARTESIAN_POINT('Ctrl Pts',(-0.0988581321788335,-0.107583625659657,
-0.617423118231294));
#2489=CARTESIAN_POINT('Ctrl Pts',(-0.0843322175063036,-0.120371153630452,
-0.613640364181942));
#2490=CARTESIAN_POINT('Ctrl Pts',(-0.0764265724614998,-0.126050400223084,
-0.6117547843449));
#2491=CARTESIAN_POINT('Ctrl Pts',(-0.0595108757259288,-0.135837524077181,
-0.607968033055684));
#2492=CARTESIAN_POINT('Ctrl Pts',(-0.0505421966262675,-0.13988184303347,
-0.606080698959632));
#2493=CARTESIAN_POINT('Ctrl Pts',(-0.0318865694828798,-0.146160727166768,
-0.602300518193025));
#2494=CARTESIAN_POINT('Ctrl Pts',(-0.0222397399454527,-0.148377804366222,
-0.600416521877943));
#2495=CARTESIAN_POINT('Ctrl Pts',(-0.00252302007211926,-0.150905932638105,
-0.596631689978051));
#2496=CARTESIAN_POINT('Ctrl Pts',(0.00748396798526611,-0.151172197932131,
-0.594744480146892));
#2497=CARTESIAN_POINT('Ctrl Pts',(0.0274469518497988,-0.149727335556101,
-0.5909667663662));
#2498=CARTESIAN_POINT('Ctrl Pts',(0.0373629506682047,-0.148016108492248,
-0.589084278102725));
#2499=CARTESIAN_POINT('Ctrl Pts',(0.056847912510734,-0.142640051746999,
-0.585301325441663));
#2500=CARTESIAN_POINT('Ctrl Pts',(0.0663406866225294,-0.138956367286917,
-0.583414262699966));
#2501=CARTESIAN_POINT('Ctrl Pts',(0.0844910716882902,-0.129761648048637,
-0.579638907725616));
#2502=CARTESIAN_POINT('Ctrl Pts',(0.0931152596882892,-0.124265056861945,
-0.577757853627937));
#2503=CARTESIAN_POINT('Ctrl Pts',(0.109275682083725,-0.111574667125085,
-0.573976735940367));
#2504=CARTESIAN_POINT('Ctrl Pts',(0.116732974668883,-0.104391557136292,
-0.572089842306209));
#2505=CARTESIAN_POINT('Ctrl Pts',(0.130140633207659,-0.0886497044348436,
-0.568316737572769));
#2506=CARTESIAN_POINT('Ctrl Pts',(0.136068483914225,-0.0801151235075604,
-0.5664370454551));
#2507=CARTESIAN_POINT('Ctrl Pts',(0.146241651200797,-0.0618787124918121,
-0.562657714784065));
#2508=CARTESIAN_POINT('Ctrl Pts',(0.150416599378557,-0.05221650049997,-0.560771011152624));
#2509=CARTESIAN_POINT('Ctrl Pts',(0.156812187556365,-0.0322044597732353,
-0.557000048916838));
#2510=CARTESIAN_POINT('Ctrl Pts',(0.159023027253207,-0.0218828370729507,
-0.55512164839546));
#2511=CARTESIAN_POINT('Ctrl Pts',(0.161411793252509,-0.000801449786075125,
-0.551344053556442));
#2512=CARTESIAN_POINT('Ctrl Pts',(0.161538372913127,0.00989466715644559,
-0.549457559481445));
#2513=CARTESIAN_POINT('Ctrl Pts',(0.159692434385,0.0311553173237593,-0.545688633775443));
#2514=CARTESIAN_POINT('Ctrl Pts',(0.157722202104619,0.0416930255858878,
-0.543811456356538));
#2515=CARTESIAN_POINT('Ctrl Pts',(0.151705171530072,0.062386379218934,-0.540035543427246));
#2516=CARTESIAN_POINT('Ctrl Pts',(0.147634025914799,0.0724629464189011,
-0.538149276986157));
#2517=CARTESIAN_POINT('Ctrl Pts',(0.137581615699662,0.0916627772670469,
-0.534382284364603));
#2518=CARTESIAN_POINT('Ctrl Pts',(0.131612150457438,0.100764891429308,-0.532506263527006));
#2519=CARTESIAN_POINT('Ctrl Pts',(0.117875973860132,0.117801437770087,-0.528731976344151));
#2520=CARTESIAN_POINT('Ctrl Pts',(0.110116150094783,0.125652495440219,-0.526845954059761));
#2521=CARTESIAN_POINT('Ctrl Pts',(0.0931873464713251,0.139709058010229,
-0.523080794144999));
#2522=CARTESIAN_POINT('Ctrl Pts',(0.084035907491725,0.145901700771,-0.521205865398141));
#2523=CARTESIAN_POINT('Ctrl Pts',(0.0645040911238376,0.156492313953065,
-0.517433146052754));
#2524=CARTESIAN_POINT('Ctrl Pts',(0.0541615816519588,0.1608147015113,-0.515547382885016));
#2525=CARTESIAN_POINT('Ctrl Pts',(0.0328084269001767,0.167365259205368,
-0.511784023331493));
#2526=CARTESIAN_POINT('Ctrl Pts',(0.0218158109021867,0.169589866650076,
-0.509909995625684));
#2527=CARTESIAN_POINT('Ctrl Pts',(-0.000619535871140174,0.171878532196564,
-0.50613884902178));
#2528=CARTESIAN_POINT('Ctrl Pts',(-0.0119993895086717,0.17188625803499,
-0.504253358386516));
#2529=CARTESIAN_POINT('Ctrl Pts',(-0.0345591189444727,0.169680644054274,
-0.500491640469254));
#2530=CARTESIAN_POINT('Ctrl Pts',(-0.0457231194070406,0.167471375241426,
-0.498618584104492));
#2531=CARTESIAN_POINT('Ctrl Pts',(-0.0676310786349333,0.160853773232849,
-0.494848885213336));
#2532=CARTESIAN_POINT('Ctrl Pts',(-0.0782948516047789,0.15641646468913,
-0.49296367904525));
#2533=CARTESIAN_POINT('Ctrl Pts',(-0.0985620253473314,0.145543838164342,
-0.489203513516111));
#2534=CARTESIAN_POINT('Ctrl Pts',(-0.108154290582094,0.139118023624112,
-0.487331370273975));
#2535=CARTESIAN_POINT('Ctrl Pts',(-0.126089030790605,0.124370559518869,
-0.483563058744957));
#2536=CARTESIAN_POINT('Ctrl Pts',(-0.134345480048483,0.116052176141095,
-0.48167814758058));
#2537=CARTESIAN_POINT('Ctrl Pts',(-0.149082267998688,0.0979636927555241,
-0.477919449162453));
#2538=CARTESIAN_POINT('Ctrl Pts',(-0.1555575099326,0.0882056920203453,-0.47604816297761));
#2539=CARTESIAN_POINT('Ctrl Pts',(-0.163773785119607,0.0727253690683936,
-0.473245210281733));
#2540=CARTESIAN_POINT('Ctrl Pts',(-0.166259593040503,0.0674242761630501,
-0.472311957592203));
#2541=CARTESIAN_POINT('Ctrl Pts',(-0.172994700265674,0.0509948708914692,
-0.469482788654038));
#2542=CARTESIAN_POINT('Ctrl Pts',(-0.176404546764156,0.0395492719683329,
-0.467595702300709));
#2543=CARTESIAN_POINT('Ctrl Pts',(-0.180268247179338,0.0196283328090169,
-0.46438485999122));
#2544=CARTESIAN_POINT('Ctrl Pts',(-0.181276074955406,0.0113707359038114,
-0.463074922504275));
#2545=CARTESIAN_POINT('Ctrl Pts',(-0.181718789704715,0.00317317465777606,
-0.461782861648392));
#2546=CARTESIAN_POINT('Ctrl Pts',(-0.181718789704715,0.00317317465777182,
-0.461782861648391));
#2547=CARTESIAN_POINT('Ctrl Pts',(-0.157418657438924,0.00359558154183906,
-0.456707463512282));
#2548=CARTESIAN_POINT('Ctrl Pts',(-0.133620161878669,0.00417537262113719,
-0.451770274723662));
#2549=CARTESIAN_POINT('Ctrl Pts',(-0.113322640239915,0.00504850139663123,
-0.447708753620354));
#2550=CARTESIAN_POINT('Ctrl Pts',(-0.18184006606695,0.000583894398791951,
-0.499172618011974));
#2551=CARTESIAN_POINT('Ctrl Pts',(-0.181837098184338,0.000656662380569696,
-0.499185473323143));
#2552=CARTESIAN_POINT('Ctrl Pts',(-0.181834145126672,0.00072907198776409,
-0.499198328634312));
#2553=CARTESIAN_POINT('Ctrl Pts',(-0.181394877603444,0.0114981200453863,
-0.501086717021393));
#2554=CARTESIAN_POINT('Ctrl Pts',(-0.178859423241861,0.0300043676998405,
-0.503899217021415));
#2555=CARTESIAN_POINT('Ctrl Pts',(-0.172195208674782,0.0524656139026155,
-0.507648817214485));
#2556=CARTESIAN_POINT('Ctrl Pts',(-0.167770871220042,0.063527712983655,
-0.509523683945502));
#2557=CARTESIAN_POINT('Ctrl Pts',(-0.160349183955405,0.0795913145539057,
-0.512336183945482));
#2558=CARTESIAN_POINT('Ctrl Pts',(-0.148390105493038,0.0999227900286385,
-0.516086183945396));
#2559=CARTESIAN_POINT('Ctrl Pts',(-0.132859253944238,0.117358906185649,
-0.519836183945329));
#2560=CARTESIAN_POINT('Ctrl Pts',(-0.115789783372177,0.133120227417027,
-0.523586183945354));
#2561=CARTESIAN_POINT('Ctrl Pts',(-0.0972667535191217,0.147058411099878,
-0.52733618394541));
#2562=CARTESIAN_POINT('Ctrl Pts',(-0.0765574160505281,0.15705353129898,
-0.531086183945303));
#2563=CARTESIAN_POINT('Ctrl Pts',(-0.0550990048374267,0.164920665927849,
-0.534836183945329));
#2564=CARTESIAN_POINT('Ctrl Pts',(-0.0329966244992022,0.170590679839534,
-0.538586183945487));
#2565=CARTESIAN_POINT('Ctrl Pts',(-0.0103861799749558,0.17185631453174,
-0.542336183945378));
#2566=CARTESIAN_POINT('Ctrl Pts',(0.0120944857110688,0.170895798931521,
-0.546086183945201));
#2567=CARTESIAN_POINT('Ctrl Pts',(0.0343349288082124,0.1676985658729,-0.54983618394537));
#2568=CARTESIAN_POINT('Ctrl Pts',(0.0553771994139611,0.160308212921295,
-0.553586183945449));
#2569=CARTESIAN_POINT('Ctrl Pts',(0.0754566457457625,0.150938340834042,
-0.557336183945416));
#2570=CARTESIAN_POINT('Ctrl Pts',(0.0944739348477874,0.139628199999345,
-0.561086183945419));
#2571=CARTESIAN_POINT('Ctrl Pts',(0.110818838828823,0.124960646565838,-0.564836183945437));
#2572=CARTESIAN_POINT('Ctrl Pts',(0.125538513356083,0.108854798770158,-0.56858618394543));
#2573=CARTESIAN_POINT('Ctrl Pts',(0.138559425668,0.0913883694749058,-0.572336183945293));
#2574=CARTESIAN_POINT('Ctrl Pts',(0.147883439023734,0.0718813499239462,
-0.576086183945316));
#2575=CARTESIAN_POINT('Ctrl Pts',(0.158833789193996,0.041578027818148,-0.581711183945295));
#2576=CARTESIAN_POINT('Ctrl Pts',(0.162034372740174,0.020194340183019,-0.585461183945469));
#2577=CARTESIAN_POINT('Ctrl Pts',(0.160058197060629,-0.0220434529460664,
-0.592961183945509));
#2578=CARTESIAN_POINT('Ctrl Pts',(0.154895575717408,-0.042684891785063,
-0.596711183945112));
#2579=CARTESIAN_POINT('Ctrl Pts',(0.137161547632183,-0.0803222463278403,
-0.604211183945124));
#2580=CARTESIAN_POINT('Ctrl Pts',(0.12468281787097,-0.0971279293324363,
-0.607961183945483));
#2581=CARTESIAN_POINT('Ctrl Pts',(0.0943724427150023,-0.124630163424485,
-0.615461183945503));
#2582=CARTESIAN_POINT('Ctrl Pts',(0.076698835480659,-0.13518697635937,-0.61921118394549));
#2583=CARTESIAN_POINT('Ctrl Pts',(0.0387969254361562,-0.148731956385183,
-0.626711183945517));
#2584=CARTESIAN_POINT('Ctrl Pts',(0.0187678890054008,-0.151651894749539,
-0.63046118394548));
#2585=CARTESIAN_POINT('Ctrl Pts',(-0.0207527740357805,-0.149656338616885,
-0.637961183945584));
#2586=CARTESIAN_POINT('Ctrl Pts',(-0.0400344060559254,-0.144754351034664,
-0.6417111839455));
#2587=CARTESIAN_POINT('Ctrl Pts',(-0.0751531551795664,-0.128041984762718,
-0.649211183945521));
#2588=CARTESIAN_POINT('Ctrl Pts',(-0.0908016719449142,-0.116324636298602,
-0.652961183945489));
#2589=CARTESIAN_POINT('Ctrl Pts',(-0.116367129023702,-0.0879217108703395,
-0.660461183945453));
#2590=CARTESIAN_POINT('Ctrl Pts',(-0.126145690922724,-0.0713943499573166,
-0.664211183945511));
#2591=CARTESIAN_POINT('Ctrl Pts',(-0.138630330342317,-0.0359956562041707,
-0.671711183945453));
#2592=CARTESIAN_POINT('Ctrl Pts',(-0.141269379392378,-0.0173234453941358,
-0.675461183945506));
#2593=CARTESIAN_POINT('Ctrl Pts',(-0.139251129477231,0.0194787546312051,
-0.682961183945503));
#2594=CARTESIAN_POINT('Ctrl Pts',(-0.134608354166838,0.0373992296767624,
-0.686711183945487));
#2595=CARTESIAN_POINT('Ctrl Pts',(-0.118914351035432,0.0699974170413921,
-0.694211183945429));
#2596=CARTESIAN_POINT('Ctrl Pts',(-0.107956919434727,0.0844873073693146,
-0.697961183945461));
#2597=CARTESIAN_POINT('Ctrl Pts',(-0.0814585896338423,0.108113082773693,
-0.705461183945797));
#2598=CARTESIAN_POINT('Ctrl Pts',(-0.0660763504781948,0.117111588200673,
-0.709211183945458));
#2599=CARTESIAN_POINT('Ctrl Pts',(-0.0331790250895994,0.128532050144621,
-0.716711183945551));
#2600=CARTESIAN_POINT('Ctrl Pts',(-0.0158631260080175,0.130888089455705,
-0.72046118394546));
#2601=CARTESIAN_POINT('Ctrl Pts',(0.0182209876423573,0.128842703869945,
-0.727961183945433));
#2602=CARTESIAN_POINT('Ctrl Pts',(0.0347800244831454,0.124456898868682,
-0.731711183945415));
#2603=CARTESIAN_POINT('Ctrl Pts',(0.0648562775582644,0.109776766553258,
-0.739211183945777));
#2604=CARTESIAN_POINT('Ctrl Pts',(0.0781863946181387,0.0995771823075823,
-0.742961183945468));
#2605=CARTESIAN_POINT('Ctrl Pts',(0.0998693435312393,0.0749795891097679,
-0.750461183945741));
#2606=CARTESIAN_POINT('Ctrl Pts',(0.108085844884188,0.0607409118811188,
-0.754211183945464));
#2607=CARTESIAN_POINT('Ctrl Pts',(0.11843749362355,0.0303424235967569,-0.761711183946118));
#2608=CARTESIAN_POINT('Ctrl Pts',(0.120507947703772,0.0143821310944314,
-0.765461183945472));
#2609=CARTESIAN_POINT('Ctrl Pts',(0.118429995566697,-0.016984587049824,
-0.7729611839459));
#2610=CARTESIAN_POINT('Ctrl Pts',(0.114297794637592,-0.0321814459531939,
-0.776711183945486));
#2611=CARTESIAN_POINT('Ctrl Pts',(0.102890043268052,-0.0551749510772488,
-0.782969903845556));
#2612=CARTESIAN_POINT('Ctrl Pts',(0.0971450098994242,-0.0636688015432064,
-0.785478623745608));
#2613=CARTESIAN_POINT('Ctrl Pts',(0.0904487101306429,-0.0712397189948965,
-0.787987343645674));
#2614=CARTESIAN_POINT('Ctrl Pts',(-0.18184006606695,0.000583894398791951,
-0.486510170130057));
#2615=CARTESIAN_POINT('Ctrl Pts',(-0.181837098184338,0.000656662380569696,
-0.486523025441226));
#2616=CARTESIAN_POINT('Ctrl Pts',(-0.181834145126672,0.00072907198776409,
-0.486535880752396));
#2617=CARTESIAN_POINT('Ctrl Pts',(-0.181394877603444,0.0114981200453863,
-0.488424269139573));
#2618=CARTESIAN_POINT('Ctrl Pts',(-0.178859423241861,0.0300043676998405,
-0.491236769139582));
#2619=CARTESIAN_POINT('Ctrl Pts',(-0.172195208674782,0.0524656139026155,
-0.494986369332574));
#2620=CARTESIAN_POINT('Ctrl Pts',(-0.167770871220042,0.0635277129836551,
-0.49686123606356));
#2621=CARTESIAN_POINT('Ctrl Pts',(-0.160349183955405,0.0795913145539057,
-0.499673736063531));
#2622=CARTESIAN_POINT('Ctrl Pts',(-0.148390105493038,0.0999227900286385,
-0.503423736063531));
#2623=CARTESIAN_POINT('Ctrl Pts',(-0.132859253944238,0.117358906185649,
-0.507173736063551));
#2624=CARTESIAN_POINT('Ctrl Pts',(-0.115789783372177,0.133120227417027,
-0.51092373606355));
#2625=CARTESIAN_POINT('Ctrl Pts',(-0.0972667535191217,0.147058411099878,
-0.514673736063543));
#2626=CARTESIAN_POINT('Ctrl Pts',(-0.0765574160505281,0.15705353129898,
-0.518423736063548));
#2627=CARTESIAN_POINT('Ctrl Pts',(-0.0550990048374267,0.164920665927849,
-0.522173736063549));
#2628=CARTESIAN_POINT('Ctrl Pts',(-0.0329966244992022,0.170590679839534,
-0.525923736063546));
#2629=CARTESIAN_POINT('Ctrl Pts',(-0.0103861799749558,0.17185631453174,
-0.529673736063552));
#2630=CARTESIAN_POINT('Ctrl Pts',(0.0120944857110688,0.170895798931521,
-0.53342373606355));
#2631=CARTESIAN_POINT('Ctrl Pts',(0.0343349288082124,0.1676985658729,-0.537173736063561));
#2632=CARTESIAN_POINT('Ctrl Pts',(0.0553771994139611,0.160308212921295,
-0.540923736063564));
#2633=CARTESIAN_POINT('Ctrl Pts',(0.0754566457457625,0.150938340834042,
-0.544673736063525));
#2634=CARTESIAN_POINT('Ctrl Pts',(0.0944739348477874,0.139628199999345,
-0.548423736063525));
#2635=CARTESIAN_POINT('Ctrl Pts',(0.110818838828823,0.124960646565838,-0.552173736063543));
#2636=CARTESIAN_POINT('Ctrl Pts',(0.125538513356083,0.108854798770158,-0.55592373606354));
#2637=CARTESIAN_POINT('Ctrl Pts',(0.138559425668,0.0913883694749058,-0.559673736063551));
#2638=CARTESIAN_POINT('Ctrl Pts',(0.147883439023734,0.0718813499239462,
-0.563423736063549));
#2639=CARTESIAN_POINT('Ctrl Pts',(0.158833789193996,0.0415780278181481,
-0.569048736063533));
#2640=CARTESIAN_POINT('Ctrl Pts',(0.162034372740174,0.020194340183019,-0.572798736063511));
#2641=CARTESIAN_POINT('Ctrl Pts',(0.160058197060629,-0.0220434529460665,
-0.58029873606355));
#2642=CARTESIAN_POINT('Ctrl Pts',(0.154895575717408,-0.042684891785063,
-0.584048736063544));
#2643=CARTESIAN_POINT('Ctrl Pts',(0.137161547632183,-0.0803222463278403,
-0.591548736063557));
#2644=CARTESIAN_POINT('Ctrl Pts',(0.12468281787097,-0.0971279293324363,
-0.595298736063528));
#2645=CARTESIAN_POINT('Ctrl Pts',(0.0943724427150023,-0.124630163424485,
-0.602798736063554));
#2646=CARTESIAN_POINT('Ctrl Pts',(0.076698835480659,-0.13518697635937,-0.606548736063544));
#2647=CARTESIAN_POINT('Ctrl Pts',(0.0387969254361562,-0.148731956385183,
-0.614048736063564));
#2648=CARTESIAN_POINT('Ctrl Pts',(0.0187678890054008,-0.151651894749539,
-0.617798736063522));
#2649=CARTESIAN_POINT('Ctrl Pts',(-0.0207527740357804,-0.149656338616885,
-0.625298736063599));
#2650=CARTESIAN_POINT('Ctrl Pts',(-0.0400344060559253,-0.144754351034664,
-0.629048736063568));
#2651=CARTESIAN_POINT('Ctrl Pts',(-0.0751531551795664,-0.128041984762718,
-0.636548736063564));
#2652=CARTESIAN_POINT('Ctrl Pts',(-0.0908016719449142,-0.116324636298602,
-0.640298736063577));
#2653=CARTESIAN_POINT('Ctrl Pts',(-0.116367129023702,-0.0879217108703394,
-0.647798736063563));
#2654=CARTESIAN_POINT('Ctrl Pts',(-0.126145690922724,-0.0713943499573166,
-0.651548736063602));
#2655=CARTESIAN_POINT('Ctrl Pts',(-0.138630330342317,-0.0359956562041707,
-0.659048736063537));
#2656=CARTESIAN_POINT('Ctrl Pts',(-0.141269379392378,-0.0173234453941358,
-0.662798736063598));
#2657=CARTESIAN_POINT('Ctrl Pts',(-0.139251129477231,0.0194787546312051,
-0.670298736063546));
#2658=CARTESIAN_POINT('Ctrl Pts',(-0.134608354166838,0.0373992296767624,
-0.674048736063591));
#2659=CARTESIAN_POINT('Ctrl Pts',(-0.118914351035432,0.0699974170413921,
-0.681548736063567));
#2660=CARTESIAN_POINT('Ctrl Pts',(-0.107956919434727,0.0844873073693146,
-0.685298736063579));
#2661=CARTESIAN_POINT('Ctrl Pts',(-0.0814585896338422,0.108113082773693,
-0.692798736063569));
#2662=CARTESIAN_POINT('Ctrl Pts',(-0.0660763504781948,0.117111588200673,
-0.696548736063573));
#2663=CARTESIAN_POINT('Ctrl Pts',(-0.0331790250895995,0.128532050144621,
-0.704048736063593));
#2664=CARTESIAN_POINT('Ctrl Pts',(-0.0158631260080175,0.130888089455705,
-0.707798736063582));
#2665=CARTESIAN_POINT('Ctrl Pts',(0.0182209876423573,0.128842703869945,
-0.715298736063597));
#2666=CARTESIAN_POINT('Ctrl Pts',(0.0347800244831454,0.124456898868682,
-0.719048736063568));
#2667=CARTESIAN_POINT('Ctrl Pts',(0.0648562775582643,0.109776766553258,
-0.726548736063609));
#2668=CARTESIAN_POINT('Ctrl Pts',(0.0781863946181386,0.0995771823075824,
-0.730298736063632));
#2669=CARTESIAN_POINT('Ctrl Pts',(0.0998693435312393,0.0749795891097679,
-0.737798736063559));
#2670=CARTESIAN_POINT('Ctrl Pts',(0.108085844884188,0.0607409118811188,
-0.741548736063616));
#2671=CARTESIAN_POINT('Ctrl Pts',(0.11843749362355,0.0303424235967568,-0.749048736063559));
#2672=CARTESIAN_POINT('Ctrl Pts',(0.120507947703772,0.0143821310944314,
-0.752798736063596));
#2673=CARTESIAN_POINT('Ctrl Pts',(0.118429995566697,-0.016984587049824,
-0.760298736063571));
#2674=CARTESIAN_POINT('Ctrl Pts',(0.114297794637592,-0.0321814459531939,
-0.764048736063576));
#2675=CARTESIAN_POINT('Ctrl Pts',(0.102890043268052,-0.0551749510772488,
-0.77030745596364));
#2676=CARTESIAN_POINT('Ctrl Pts',(0.0971450098994242,-0.0636688015432064,
-0.772816175863692));
#2677=CARTESIAN_POINT('Ctrl Pts',(0.0904487101306429,-0.0712397189948965,
-0.775324895763758));
#2678=CARTESIAN_POINT('Ctrl Pts',(-0.18184006606695,0.000583894398791954,
-0.47384772224817));
#2679=CARTESIAN_POINT('Ctrl Pts',(-0.181837098184338,0.000656662380569699,
-0.47386057755934));
#2680=CARTESIAN_POINT('Ctrl Pts',(-0.181834145126672,0.000729071987764092,
-0.47387343287051));
#2681=CARTESIAN_POINT('Ctrl Pts',(-0.181394877603444,0.0114981200453863,
-0.47576182125769));
#2682=CARTESIAN_POINT('Ctrl Pts',(-0.178859423241861,0.0300043676998404,
-0.478574321257704));
#2683=CARTESIAN_POINT('Ctrl Pts',(-0.172195208674782,0.0524656139026155,
-0.482323921450693));
#2684=CARTESIAN_POINT('Ctrl Pts',(-0.167770871220042,0.063527712983655,
-0.484198788181679));
#2685=CARTESIAN_POINT('Ctrl Pts',(-0.160349183955405,0.0795913145539057,
-0.487011288181652));
#2686=CARTESIAN_POINT('Ctrl Pts',(-0.148390105493038,0.0999227900286385,
-0.490761288181659));
#2687=CARTESIAN_POINT('Ctrl Pts',(-0.132859253944238,0.117358906185649,
-0.494511288181684));
#2688=CARTESIAN_POINT('Ctrl Pts',(-0.115789783372177,0.133120227417027,
-0.498261288181685));
#2689=CARTESIAN_POINT('Ctrl Pts',(-0.0972667535191217,0.147058411099878,
-0.502011288181677));
#2690=CARTESIAN_POINT('Ctrl Pts',(-0.0765574160505281,0.15705353129898,
-0.505761288181687));
#2691=CARTESIAN_POINT('Ctrl Pts',(-0.0550990048374266,0.164920665927849,
-0.509511288181686));
#2692=CARTESIAN_POINT('Ctrl Pts',(-0.0329966244992023,0.170590679839534,
-0.513261288181677));
#2693=CARTESIAN_POINT('Ctrl Pts',(-0.0103861799749558,0.17185631453174,
-0.517011288181688));
#2694=CARTESIAN_POINT('Ctrl Pts',(0.0120944857110689,0.170895798931521,
-0.520761288181693));
#2695=CARTESIAN_POINT('Ctrl Pts',(0.0343349288082124,0.1676985658729,-0.524511288181696));
#2696=CARTESIAN_POINT('Ctrl Pts',(0.0553771994139611,0.160308212921295,
-0.528261288181696));
#2697=CARTESIAN_POINT('Ctrl Pts',(0.0754566457457626,0.150938340834042,
-0.532011288181655));
#2698=CARTESIAN_POINT('Ctrl Pts',(0.0944739348477875,0.139628199999345,
-0.535761288181655));
#2699=CARTESIAN_POINT('Ctrl Pts',(0.110818838828823,0.124960646565838,-0.539511288181674));
#2700=CARTESIAN_POINT('Ctrl Pts',(0.125538513356083,0.108854798770158,-0.543261288181675));
#2701=CARTESIAN_POINT('Ctrl Pts',(0.138559425668,0.0913883694749058,-0.547011288181694));
#2702=CARTESIAN_POINT('Ctrl Pts',(0.147883439023734,0.0718813499239462,
-0.550761288181691));
#2703=CARTESIAN_POINT('Ctrl Pts',(0.158833789193996,0.041578027818148,-0.556386288181677));
#2704=CARTESIAN_POINT('Ctrl Pts',(0.162034372740174,0.020194340183019,-0.560136288181646));
#2705=CARTESIAN_POINT('Ctrl Pts',(0.160058197060629,-0.0220434529460664,
-0.567636288181686));
#2706=CARTESIAN_POINT('Ctrl Pts',(0.154895575717408,-0.0426848917850629,
-0.571386288181699));
#2707=CARTESIAN_POINT('Ctrl Pts',(0.137161547632183,-0.0803222463278403,
-0.57888628818171));
#2708=CARTESIAN_POINT('Ctrl Pts',(0.12468281787097,-0.0971279293324363,
-0.58263628818166));
#2709=CARTESIAN_POINT('Ctrl Pts',(0.0943724427150023,-0.124630163424485,
-0.590136288181679));
#2710=CARTESIAN_POINT('Ctrl Pts',(0.076698835480659,-0.13518697635937,-0.593886288181665));
#2711=CARTESIAN_POINT('Ctrl Pts',(0.0387969254361562,-0.148731956385183,
-0.601386288181681));
#2712=CARTESIAN_POINT('Ctrl Pts',(0.0187678890054008,-0.151651894749539,
-0.605136288181673));
#2713=CARTESIAN_POINT('Ctrl Pts',(-0.0207527740357804,-0.149656338616885,
-0.612636288181672));
#2714=CARTESIAN_POINT('Ctrl Pts',(-0.0400344060559254,-0.144754351034664,
-0.61638628818168));
#2715=CARTESIAN_POINT('Ctrl Pts',(-0.0751531551795664,-0.128041984762718,
-0.623886288181673));
#2716=CARTESIAN_POINT('Ctrl Pts',(-0.0908016719449142,-0.116324636298602,
-0.627636288181687));
#2717=CARTESIAN_POINT('Ctrl Pts',(-0.116367129023702,-0.0879217108703395,
-0.635136288181675));
#2718=CARTESIAN_POINT('Ctrl Pts',(-0.126145690922724,-0.0713943499573167,
-0.638886288181713));
#2719=CARTESIAN_POINT('Ctrl Pts',(-0.138630330342317,-0.0359956562041708,
-0.646386288181647));
#2720=CARTESIAN_POINT('Ctrl Pts',(-0.141269379392378,-0.0173234453941359,
-0.650136288181707));
#2721=CARTESIAN_POINT('Ctrl Pts',(-0.139251129477231,0.019478754631205,
-0.657636288181651));
#2722=CARTESIAN_POINT('Ctrl Pts',(-0.134608354166838,0.0373992296767624,
-0.661386288181697));
#2723=CARTESIAN_POINT('Ctrl Pts',(-0.118914351035432,0.0699974170413921,
-0.668886288181674));
#2724=CARTESIAN_POINT('Ctrl Pts',(-0.107956919434727,0.0844873073693147,
-0.672636288181682));
#2725=CARTESIAN_POINT('Ctrl Pts',(-0.0814585896338423,0.108113082773693,
-0.680136288181656));
#2726=CARTESIAN_POINT('Ctrl Pts',(-0.0660763504781948,0.117111588200673,
-0.683886288181675));
#2727=CARTESIAN_POINT('Ctrl Pts',(-0.0331790250895994,0.128532050144621,
-0.691386288181691));
#2728=CARTESIAN_POINT('Ctrl Pts',(-0.0158631260080175,0.130888089455705,
-0.695136288181683));
#2729=CARTESIAN_POINT('Ctrl Pts',(0.0182209876423573,0.128842703869945,
-0.702636288181698));
#2730=CARTESIAN_POINT('Ctrl Pts',(0.0347800244831454,0.124456898868682,
-0.706386288181665));
#2731=CARTESIAN_POINT('Ctrl Pts',(0.0648562775582644,0.109776766553258,
-0.713886288181689));
#2732=CARTESIAN_POINT('Ctrl Pts',(0.0781863946181387,0.0995771823075824,
-0.717636288181724));
#2733=CARTESIAN_POINT('Ctrl Pts',(0.0998693435312393,0.0749795891097679,
-0.725136288181634));
#2734=CARTESIAN_POINT('Ctrl Pts',(0.108085844884188,0.0607409118811188,
-0.728886288181703));
#2735=CARTESIAN_POINT('Ctrl Pts',(0.11843749362355,0.0303424235967569,-0.736386288181617));
#2736=CARTESIAN_POINT('Ctrl Pts',(0.120507947703772,0.0143821310944314,
-0.740136288181686));
#2737=CARTESIAN_POINT('Ctrl Pts',(0.118429995566697,-0.016984587049824,
-0.747636288181649));
#2738=CARTESIAN_POINT('Ctrl Pts',(0.114297794637592,-0.0321814459531939,
-0.75138628818168));
#2739=CARTESIAN_POINT('Ctrl Pts',(0.102890043268052,-0.0551749510772488,
-0.75764500808175));
#2740=CARTESIAN_POINT('Ctrl Pts',(0.0971450098994242,-0.0636688015432064,
-0.760153727981806));
#2741=CARTESIAN_POINT('Ctrl Pts',(0.0904487101306429,-0.0712397189948965,
-0.762662447881872));
#2742=CARTESIAN_POINT('Ctrl Pts',(-0.18184006606695,0.000583894398791958,
-0.461185274366299));
#2743=CARTESIAN_POINT('Ctrl Pts',(-0.181837098184338,0.000656662380569703,
-0.461198129677469));
#2744=CARTESIAN_POINT('Ctrl Pts',(-0.181834145126672,0.000729071987764096,
-0.461210984988638));
#2745=CARTESIAN_POINT('Ctrl Pts',(-0.181394877603444,0.0114981200453862,
-0.463099373375813));
#2746=CARTESIAN_POINT('Ctrl Pts',(-0.178859423241861,0.0300043676998404,
-0.465911873375827));
#2747=CARTESIAN_POINT('Ctrl Pts',(-0.172195208674782,0.0524656139026155,
-0.469661473568825));
#2748=CARTESIAN_POINT('Ctrl Pts',(-0.167770871220042,0.063527712983655,
-0.471536340299814));
#2749=CARTESIAN_POINT('Ctrl Pts',(-0.160349183955405,0.0795913145539057,
-0.474348840299788));
#2750=CARTESIAN_POINT('Ctrl Pts',(-0.148390105493038,0.0999227900286385,
-0.478098840299787));
#2751=CARTESIAN_POINT('Ctrl Pts',(-0.132859253944238,0.117358906185649,
-0.481848840299804));
#2752=CARTESIAN_POINT('Ctrl Pts',(-0.115789783372177,0.133120227417027,
-0.485598840299808));
#2753=CARTESIAN_POINT('Ctrl Pts',(-0.0972667535191217,0.147058411099878,
-0.489348840299807));
#2754=CARTESIAN_POINT('Ctrl Pts',(-0.076557416050528,0.15705353129898,-0.493098840299805));
#2755=CARTESIAN_POINT('Ctrl Pts',(-0.0550990048374266,0.164920665927849,
-0.496848840299807));
#2756=CARTESIAN_POINT('Ctrl Pts',(-0.0329966244992022,0.170590679839534,
-0.500598840299814));
#2757=CARTESIAN_POINT('Ctrl Pts',(-0.0103861799749558,0.17185631453174,
-0.504348840299813));
#2758=CARTESIAN_POINT('Ctrl Pts',(0.0120944857110688,0.170895798931521,
-0.5080988402998));
#2759=CARTESIAN_POINT('Ctrl Pts',(0.0343349288082124,0.1676985658729,-0.51184884029982));
#2760=CARTESIAN_POINT('Ctrl Pts',(0.0553771994139611,0.160308212921295,
-0.515598840299827));
#2761=CARTESIAN_POINT('Ctrl Pts',(0.0754566457457625,0.150938340834042,
-0.519348840299787));
#2762=CARTESIAN_POINT('Ctrl Pts',(0.0944739348477874,0.139628199999345,
-0.523098840299787));
#2763=CARTESIAN_POINT('Ctrl Pts',(0.110818838828823,0.124960646565838,-0.526848840299807));
#2764=CARTESIAN_POINT('Ctrl Pts',(0.125538513356083,0.108854798770158,-0.530598840299808));
#2765=CARTESIAN_POINT('Ctrl Pts',(0.138559425668,0.0913883694749058,-0.534348840299812));
#2766=CARTESIAN_POINT('Ctrl Pts',(0.147883439023734,0.0718813499239462,
-0.538098840299812));
#2767=CARTESIAN_POINT('Ctrl Pts',(0.158833789193996,0.041578027818148,-0.543723840299797));
#2768=CARTESIAN_POINT('Ctrl Pts',(0.162034372740174,0.020194340183019,-0.547473840299787));
#2769=CARTESIAN_POINT('Ctrl Pts',(0.160058197060629,-0.0220434529460664,
-0.554973840299828));
#2770=CARTESIAN_POINT('Ctrl Pts',(0.154895575717408,-0.042684891785063,
-0.558723840299801));
#2771=CARTESIAN_POINT('Ctrl Pts',(0.137161547632183,-0.0803222463278403,
-0.566223840299812));
#2772=CARTESIAN_POINT('Ctrl Pts',(0.12468281787097,-0.0971279293324363,
-0.569973840299799));
#2773=CARTESIAN_POINT('Ctrl Pts',(0.0943724427150023,-0.124630163424485,
-0.577473840299815));
#2774=CARTESIAN_POINT('Ctrl Pts',(0.076698835480659,-0.13518697635937,-0.581223840299799));
#2775=CARTESIAN_POINT('Ctrl Pts',(0.0387969254361562,-0.148731956385183,
-0.588723840299815));
#2776=CARTESIAN_POINT('Ctrl Pts',(0.0187678890054008,-0.151651894749539,
-0.592473840299849));
#2777=CARTESIAN_POINT('Ctrl Pts',(-0.0207527740357804,-0.149656338616885,
-0.599973840299764));
#2778=CARTESIAN_POINT('Ctrl Pts',(-0.0400344060559253,-0.144754351034664,
-0.603723840299809));
#2779=CARTESIAN_POINT('Ctrl Pts',(-0.0751531551795664,-0.128041984762718,
-0.611223840299804));
#2780=CARTESIAN_POINT('Ctrl Pts',(-0.0908016719449142,-0.116324636298602,
-0.614973840299813));
#2781=CARTESIAN_POINT('Ctrl Pts',(-0.116367129023702,-0.0879217108703395,
-0.6224738402998));
#2782=CARTESIAN_POINT('Ctrl Pts',(-0.126145690922724,-0.0713943499573166,
-0.626223840299839));
#2783=CARTESIAN_POINT('Ctrl Pts',(-0.138630330342317,-0.0359956562041707,
-0.633723840299774));
#2784=CARTESIAN_POINT('Ctrl Pts',(-0.141269379392378,-0.0173234453941358,
-0.637473840299832));
#2785=CARTESIAN_POINT('Ctrl Pts',(-0.139251129477231,0.0194787546312051,
-0.644973840299781));
#2786=CARTESIAN_POINT('Ctrl Pts',(-0.134608354166838,0.0373992296767624,
-0.64872384029982));
#2787=CARTESIAN_POINT('Ctrl Pts',(-0.118914351035432,0.0699974170413921,
-0.656223840299793));
#2788=CARTESIAN_POINT('Ctrl Pts',(-0.107956919434727,0.0844873073693146,
-0.659973840299803));
#2789=CARTESIAN_POINT('Ctrl Pts',(-0.0814585896338423,0.108113082773693,
-0.667473840299811));
#2790=CARTESIAN_POINT('Ctrl Pts',(-0.0660763504781948,0.117111588200673,
-0.671223840299795));
#2791=CARTESIAN_POINT('Ctrl Pts',(-0.0331790250895995,0.128532050144621,
-0.678723840299819));
#2792=CARTESIAN_POINT('Ctrl Pts',(-0.0158631260080175,0.130888089455705,
-0.682473840299802));
#2793=CARTESIAN_POINT('Ctrl Pts',(0.0182209876423573,0.128842703869945,
-0.689973840299812));
#2794=CARTESIAN_POINT('Ctrl Pts',(0.0347800244831454,0.124456898868682,
-0.693723840299779));
#2795=CARTESIAN_POINT('Ctrl Pts',(0.0648562775582643,0.109776766553258,
-0.701223840299835));
#2796=CARTESIAN_POINT('Ctrl Pts',(0.0781863946181386,0.0995771823075823,
-0.704973840299834));
#2797=CARTESIAN_POINT('Ctrl Pts',(0.0998693435312392,0.0749795891097679,
-0.71247384029978));
#2798=CARTESIAN_POINT('Ctrl Pts',(0.108085844884188,0.0607409118811188,
-0.716223840299813));
#2799=CARTESIAN_POINT('Ctrl Pts',(0.11843749362355,0.0303424235967569,-0.723723840299801));
#2800=CARTESIAN_POINT('Ctrl Pts',(0.120507947703772,0.0143821310944314,
-0.727473840299801));
#2801=CARTESIAN_POINT('Ctrl Pts',(0.118429995566697,-0.016984587049824,
-0.734973840299812));
#2802=CARTESIAN_POINT('Ctrl Pts',(0.114297794637592,-0.0321814459531939,
-0.738723840299803));
#2803=CARTESIAN_POINT('Ctrl Pts',(0.102890043268052,-0.0551749510772488,
-0.744982560199876));
#2804=CARTESIAN_POINT('Ctrl Pts',(0.0971450098994242,-0.0636688015432064,
-0.747491280099934));
#2805=CARTESIAN_POINT('Ctrl Pts',(0.0904487101306429,-0.0712397189948965,
-0.75));
#2806=CARTESIAN_POINT('',(-0.18184006606695,0.000583894398792469,-0.498761708847551));
#2807=CARTESIAN_POINT('Ctrl Pts',(-0.18184006606695,0.000583894398792451,
-0.498761708847551));
#2808=CARTESIAN_POINT('Ctrl Pts',(-0.181809511399092,0.00133304852807201,
-0.498879982348701));
#2809=CARTESIAN_POINT('Ctrl Pts',(-0.181778282418664,0.002023919135029,
-0.498988766548164));
#2810=CARTESIAN_POINT('Ctrl Pts',(-0.181415401498752,0.00912335965400617,
-0.500108854681109));
#2811=CARTESIAN_POINT('Ctrl Pts',(-0.180735742284965,0.0155724194194852,
-0.501131374246139));
#2812=CARTESIAN_POINT('Ctrl Pts',(-0.17769017436085,0.0346254405797211,
-0.504184324300788));
#2813=CARTESIAN_POINT('Ctrl Pts',(-0.174326267647579,0.0470626515153641,
-0.506219666992377));
#2814=CARTESIAN_POINT('Ctrl Pts',(-0.166593154000677,0.0669379237456229,
-0.509620034359796));
#2815=CARTESIAN_POINT('Ctrl Pts',(-0.162958682052732,0.0746058790485866,
-0.510972647866019));
#2816=CARTESIAN_POINT('Ctrl Pts',(-0.1530069826814,0.0922239574036152,-0.51421615753545));
#2817=CARTESIAN_POINT('Ctrl Pts',(-0.146232417684649,0.101865584532786,
-0.516103152979662));
#2818=CARTESIAN_POINT('Ctrl Pts',(-0.13098883077585,0.119559990395111,-0.519874640458456));
#2819=CARTESIAN_POINT('Ctrl Pts',(-0.122570213101539,0.127584807730287,
-0.521749511086957));
#2820=CARTESIAN_POINT('Ctrl Pts',(-0.10425650386352,0.141843939322242,-0.525525184892507));
#2821=CARTESIAN_POINT('Ctrl Pts',(-0.0944369404757947,0.148044733613333,
-0.527412595144647));
#2822=CARTESIAN_POINT('Ctrl Pts',(-0.0738545586533657,0.158359579165208,
-0.531185862876488));
#2823=CARTESIAN_POINT('Ctrl Pts',(-0.0631503619717814,0.162465191087465,
-0.53306164451701));
#2824=CARTESIAN_POINT('Ctrl Pts',(-0.0410821491967852,0.168485728726034,
-0.536838759830453));
#2825=CARTESIAN_POINT('Ctrl Pts',(-0.0298000870913382,0.170399335469382,
-0.538726588939948));
#2826=CARTESIAN_POINT('Ctrl Pts',(-0.00716477646937006,0.171970479832382,
-0.542501720863493));
#2827=CARTESIAN_POINT('Ctrl Pts',(0.00412897569884816,0.171641371781617,
-0.544378461793742));
#2828=CARTESIAN_POINT('Ctrl Pts',(0.0264806239974896,0.168740512190189,
-0.548157068924685));
#2829=CARTESIAN_POINT('Ctrl Pts',(0.0374632308030647,0.166199355356506,
-0.55004532069107));
#2830=CARTESIAN_POINT('Ctrl Pts',(0.0586419007626258,0.159036404324097,
-0.553822402369201));
#2831=CARTESIAN_POINT('Ctrl Pts',(0.0687855396745439,0.154449342841883,
-0.555700153541888));
#2832=CARTESIAN_POINT('Ctrl Pts',(0.0880027087701155,0.143327766666286,
-0.559480303056431));
#2833=CARTESIAN_POINT('Ctrl Pts',(0.0970194737597003,0.136850377281036,
-0.56136898099897));
#2834=CARTESIAN_POINT('Ctrl Pts',(0.113552210152706,0.122298657453892,-0.565148099216743));
#2835=CARTESIAN_POINT('Ctrl Pts',(0.121030419606816,0.114277164126496,-0.567026914553497));
#2836=CARTESIAN_POINT('Ctrl Pts',(0.134271372925014,0.0968742009975654,
-0.570808657217271));
#2837=CARTESIAN_POINT('Ctrl Pts',(0.140004603321268,0.0875668179830124,
-0.572697764544422));
#2838=CARTESIAN_POINT('Ctrl Pts',(0.149503146340964,0.0680649628154088,
-0.576479006807569));
#2839=CARTESIAN_POINT('Ctrl Pts',(0.153251567034021,0.0579354658455228,
-0.578358943545786));
#2840=CARTESIAN_POINT('Ctrl Pts',(0.158671466937295,0.0370973728116248,
-0.582142330309195));
#2841=CARTESIAN_POINT('Ctrl Pts',(0.160344892583932,0.0264676572960438,
-0.584031869903212));
#2842=CARTESIAN_POINT('Ctrl Pts',(0.161566992609409,0.00514322360043287,
-0.587815323823221));
#2843=CARTESIAN_POINT('Ctrl Pts',(0.161123498203925,-0.0054824993680247,
-0.589696442919933));
#2844=CARTESIAN_POINT('Ctrl Pts',(0.158130426747391,-0.0264652661825608,
-0.593481524929279));
#2845=CARTESIAN_POINT('Ctrl Pts',(0.155613299936601,-0.0367513933369256,
-0.595371499329687));
#2846=CARTESIAN_POINT('Ctrl Pts',(0.148622054604059,-0.0565818272708041,
-0.599157251893213));
#2847=CARTESIAN_POINT('Ctrl Pts',(0.144181213068196,-0.0660624810266049,
-0.601039618509809));
#2848=CARTESIAN_POINT('Ctrl Pts',(0.133492079807827,-0.0839741708814242,
-0.60482644719237));
#2849=CARTESIAN_POINT('Ctrl Pts',(0.12730082962719,-0.0923535007921111,
-0.606716858599833));
#2850=CARTESIAN_POINT('Ctrl Pts',(0.113418431161816,-0.107700101931065,
-0.610504995293908));
#2851=CARTESIAN_POINT('Ctrl Pts',(0.10578316688158,-0.114618459962076,-0.612388679354288));
#2852=CARTESIAN_POINT('Ctrl Pts',(0.0892759624913995,-0.126811367137474,
-0.616177306558041));
#2853=CARTESIAN_POINT('Ctrl Pts',(0.0804758169734589,-0.132061312015147,
-0.618068156848405));
#2854=CARTESIAN_POINT('Ctrl Pts',(0.0620440928036672,-0.140712419440795,
-0.621858760642445));
#2855=CARTESIAN_POINT('Ctrl Pts',(0.0524846480906594,-0.144087462959714,
-0.62374383749282));
#2856=CARTESIAN_POINT('Ctrl Pts',(0.032875201962571,-0.148873912966484,
-0.627534315714965));
#2857=CARTESIAN_POINT('Ctrl Pts',(0.0228996693749196,-0.150291076399582,
-0.6294256064696));
#2858=CARTESIAN_POINT('Ctrl Pts',(0.00288947772596113,-0.151132001593111,
-0.633218756633701));
#2859=CARTESIAN_POINT('Ctrl Pts',(-0.00706607803677335,-0.150557792809177,
-0.635105307809992));
#2860=CARTESIAN_POINT('Ctrl Pts',(-0.0266680867037829,-0.147442600485177,
-0.638897690526539));
#2861=CARTESIAN_POINT('Ctrl Pts',(-0.036249657488474,-0.14493587210119,
-0.640789423084548));
#2862=CARTESIAN_POINT('Ctrl Pts',(-0.0547156532523889,-0.138089055000491,
-0.644585193827618));
#2863=CARTESIAN_POINT('Ctrl Pts',(-0.0635250667860626,-0.133780695501629,
-0.646473307941383));
#2864=CARTESIAN_POINT('Ctrl Pts',(-0.0801086528989116,-0.123502198795291,
-0.650267650058808));
#2865=CARTESIAN_POINT('Ctrl Pts',(-0.087837890754178,-0.117588214724261,
-0.652159825599547));
#2866=CARTESIAN_POINT('Ctrl Pts',(-0.101972648188986,-0.104357647203329,
-0.655958284519597));
#2867=CARTESIAN_POINT('Ctrl Pts',(-0.108318505919905,-0.0970996263369464,
-0.657848058279473));
#2868=CARTESIAN_POINT('Ctrl Pts',(-0.119434524005929,-0.0814780482534906,
-0.661644416721275));
#2869=CARTESIAN_POINT('Ctrl Pts',(-0.124186410010146,-0.073182404123023,
-0.663537036373969));
#2870=CARTESIAN_POINT('Ctrl Pts',(-0.13196001424398,-0.0558161639715627,
-0.667338242708609));
#2871=CARTESIAN_POINT('Ctrl Pts',(-0.134947062582099,-0.0468237428630833,
-0.669229782096379));
#2872=CARTESIAN_POINT('Ctrl Pts',(-0.139070569444055,-0.028445758175884,
-0.673028216557533));
#2873=CARTESIAN_POINT('Ctrl Pts',(-0.140217373210631,-0.0191280021348048,
-0.674921281550572));
#2874=CARTESIAN_POINT('Ctrl Pts',(-0.140648696937116,-0.000440793812856734,
-0.678725284214721));
#2875=CARTESIAN_POINT('Ctrl Pts',(-0.139929826529334,0.00884161338423111,
-0.680618705827185));
#2876=CARTESIAN_POINT('Ctrl Pts',(-0.1366678772129,0.0270483462862809,-0.684419279713759));
#2877=CARTESIAN_POINT('Ctrl Pts',(-0.134160702985643,0.035916455856538,
-0.686312791568418));
#2878=CARTESIAN_POINT('Ctrl Pts',(-0.127437212888598,0.0529980168877863,
-0.690119626973036));
#2879=CARTESIAN_POINT('Ctrl Pts',(-0.12325039373213,0.0611282579955363,
-0.69201505955068));
#2880=CARTESIAN_POINT('Ctrl Pts',(-0.113367110424333,0.0763609942133511,
-0.695817841130285));
#2881=CARTESIAN_POINT('Ctrl Pts',(-0.10772465921418,0.0834279391075513,
-0.697711801903828));
#2882=CARTESIAN_POINT('Ctrl Pts',(-0.0951363607761648,0.0963240518275063,
-0.70152149155023));
#2883=CARTESIAN_POINT('Ctrl Pts',(-0.0882492306790788,0.1020864321634,-0.703419077714236));
#2884=CARTESIAN_POINT('Ctrl Pts',(-0.0735094155845344,0.112099549861357,
-0.707224141506592));
#2885=CARTESIAN_POINT('Ctrl Pts',(-0.0657184264487906,0.116340475305019,
-0.709118554093648));
#2886=CARTESIAN_POINT('Ctrl Pts',(-0.0494214816167403,0.123208895113727,
-0.712931101935749));
#2887=CARTESIAN_POINT('Ctrl Pts',(-0.040994875340405,0.125796244299652,
-0.714831000152282));
#2888=CARTESIAN_POINT('Ctrl Pts',(-0.0238559458589881,0.129232933542285,
-0.718638428593426));
#2889=CARTESIAN_POINT('Ctrl Pts',(-0.0152015574312826,0.130098413097464,
-0.720533297100433));
#2890=CARTESIAN_POINT('Ctrl Pts',(-0.00225128911378914,0.130097943543809,
-0.723381473740236));
#2891=CARTESIAN_POINT('Ctrl Pts',(0.00203407875981125,0.129884564488697,
-0.724326070112631));
#2892=CARTESIAN_POINT('Ctrl Pts',(0.0106011902457861,0.129025254518555,
-0.726229546389762));
#2893=CARTESIAN_POINT('Ctrl Pts',(0.0148689912642029,0.128379532415517,
-0.727185195287455));
#2894=CARTESIAN_POINT('Ctrl Pts',(0.0274142720527046,0.125834669857237,
-0.73003028357528));
#2895=CARTESIAN_POINT('Ctrl Pts',(0.0355637187730902,0.123328272628552,
-0.731925882808296));
#2896=CARTESIAN_POINT('Ctrl Pts',(0.047270929379559,0.118403682578269,-0.734776658545218));
#2897=CARTESIAN_POINT('Ctrl Pts',(0.051065128131416,0.116580052898284,-0.735722607960149));
#2898=CARTESIAN_POINT('Ctrl Pts',(0.0584844138468786,0.112543476106166,
-0.737628598625285));
#2899=CARTESIAN_POINT('Ctrl Pts',(0.0620967825729535,0.110336171907172,
-0.738585354611199));
#2900=CARTESIAN_POINT('Ctrl Pts',(0.0724627526916204,0.10326685871908,-0.741432173693381));
#2901=CARTESIAN_POINT('Ctrl Pts',(0.0788699974842166,0.0979053701397898,
-0.74332851425692));
#2902=CARTESIAN_POINT('Ctrl Pts',(0.0875744189648509,0.0890023640735272,
-0.746181993001467));
#2903=CARTESIAN_POINT('Ctrl Pts',(0.0903096056795351,0.085909522506399,
-0.747129400206359));
#2904=CARTESIAN_POINT('Ctrl Pts',(0.0946182118459162,0.0805139332259883,
-0.748720574961076));
#2905=CARTESIAN_POINT('Ctrl Pts',(0.0962729775907724,0.0782927128805789,
-0.749359719959826));
#2906=CARTESIAN_POINT('Ctrl Pts',(0.0978515215063639,0.0760187969654614,
-0.75));
#2907=CARTESIAN_POINT('',(-0.18184006606695,0.00058389439879196,-0.461385882262525));
#2908=CARTESIAN_POINT('Ctrl Pts',(-0.18184006606695,0.000583894398792543,
-0.498761708847551));
#2909=CARTESIAN_POINT('Ctrl Pts',(-0.18184006606695,0.000583894398792374,
-0.486303099985876));
#2910=CARTESIAN_POINT('Ctrl Pts',(-0.18184006606695,0.000583894398792128,
-0.4738444911242));
#2911=CARTESIAN_POINT('Ctrl Pts',(-0.18184006606695,0.00058389439879196,
-0.461385882262525));
#2912=CARTESIAN_POINT('Ctrl Pts',(-0.181718789704715,0.00317317465777623,
-0.461782861648392));
#2913=CARTESIAN_POINT('Ctrl Pts',(-0.181720192130413,0.0031472065359221,
-0.461778877535866));
#2914=CARTESIAN_POINT('Ctrl Pts',(-0.181721588930005,0.00312123812805051,
-0.461774893460152));
#2915=CARTESIAN_POINT('Ctrl Pts',(-0.181762689437976,0.00235402490714926,
-0.461657189899997));
#2916=CARTESIAN_POINT('Ctrl Pts',(-0.181802065289505,0.00151561584544121,
-0.461528415790241));
#2917=CARTESIAN_POINT('Ctrl Pts',(-0.18184006606695,0.00058389439879212,
-0.461385882262525));
#2918=CARTESIAN_POINT('Ctrl Pts',(-0.113336695591648,-0.00472245585022434,
-0.512373658599092));
#2919=CARTESIAN_POINT('Ctrl Pts',(-0.113086950618339,0.0101060241642526,
-0.516122267541928));
#2920=CARTESIAN_POINT('Ctrl Pts',(-0.109895838856393,0.0246837067821825,
-0.519866083569647));
#2921=CARTESIAN_POINT('Ctrl Pts',(-0.098369125152973,0.0512386752131691,
-0.527355424603822));
#2922=CARTESIAN_POINT('Ctrl Pts',(-0.0900559541153335,0.0631859735822678,
-0.531094231837014));
#2923=CARTESIAN_POINT('Ctrl Pts',(-0.0697636297559825,0.0828313181469475,
-0.538577245411871));
#2924=CARTESIAN_POINT('Ctrl Pts',(-0.0578098789564393,0.0905060978904748,
-0.542315285940049));
#2925=CARTESIAN_POINT('Ctrl Pts',(-0.03218899514854,0.100656427307537,-0.549796943987338));
#2926=CARTESIAN_POINT('Ctrl Pts',(-0.0185536580902405,0.103119715539727,
-0.553534230552321));
#2927=CARTESIAN_POINT('Ctrl Pts',(0.00831556474807924,0.10272449390287,
-0.561014352662008));
#2928=CARTESIAN_POINT('Ctrl Pts',(0.0215162807315799,0.0998665396524641,
-0.564750838605179));
#2929=CARTESIAN_POINT('Ctrl Pts',(0.0455677228576156,0.0895123120741418,
-0.572229252572392));
#2930=CARTESIAN_POINT('Ctrl Pts',(0.0563889342654507,0.0820287343334986,
-0.575964868171371));
#2931=CARTESIAN_POINT('Ctrl Pts',(0.0741862835866264,0.0637687722542507,
-0.583441389031292));
#2932=CARTESIAN_POINT('Ctrl Pts',(0.0811407488179409,0.0530145837386634,
-0.587176050611208));
#2933=CARTESIAN_POINT('Ctrl Pts',(0.0903664047197773,0.0299826789999208,
-0.594650472037054));
#2934=CARTESIAN_POINT('Ctrl Pts',(0.0926264681460453,0.0177326698977236,
-0.598384083650092));
#2935=CARTESIAN_POINT('Ctrl Pts',(0.0923743751319442,-0.00638883194798181,
-0.605856172603663));
#2936=CARTESIAN_POINT('Ctrl Pts',(0.089862499727581,-0.0182316957217061,
-0.60958862528555));
#2937=CARTESIAN_POINT('Ctrl Pts',(0.0806994618948328,-0.0398001392593985,
-0.617058117153419));
#2938=CARTESIAN_POINT('Ctrl Pts',(0.0740589813840245,-0.0495005622767495,
-0.620789287216986));
#2939=CARTESIAN_POINT('Ctrl Pts',(0.057856846186956,-0.0654635869207617,
-0.62825588049474));
#2940=CARTESIAN_POINT('Ctrl Pts',(0.0483136857855094,-0.0717079839195121,
-0.631985627261923));
#2941=CARTESIAN_POINT('Ctrl Pts',(0.0278904763966929,-0.0800331331928862,
-0.639448977377263));
#2942=CARTESIAN_POINT('Ctrl Pts',(0.0170331112470716,-0.082104674565739,
-0.64317714040864));
#2943=CARTESIAN_POINT('Ctrl Pts',(-0.00433083530497713,-0.0820278591506299,
-0.650636852409254));
#2944=CARTESIAN_POINT('Ctrl Pts',(-0.0148145003167887,-0.0798796434720062,
-0.654363248185965));
#2945=CARTESIAN_POINT('Ctrl Pts',(-0.0339031679650945,-0.0719438920137139,
-0.661818868023391));
#2946=CARTESIAN_POINT('Ctrl Pts',(-0.0424885889796827,-0.0661645932270164,
-0.665543285971905));
#2947=CARTESIAN_POINT('Ctrl Pts',(-0.056635151564148,-0.0520550635198743,
-0.672994290079346));
#2948=CARTESIAN_POINT('Ctrl Pts',(-0.0621826086162917,-0.0437386562308252,
-0.676716487800455));
#2949=CARTESIAN_POINT('Ctrl Pts',(-0.0696392434427144,-0.0259517054819955,
-0.684162270606634));
#2950=CARTESIAN_POINT('Ctrl Pts',(-0.0715417960413315,-0.0164973892019667,
-0.687881968103679));
#2951=CARTESIAN_POINT('Ctrl Pts',(-0.0716835134477307,0.00209436477284432,
-0.695321827087563));
#2952=CARTESIAN_POINT('Ctrl Pts',(-0.0699227705967687,0.0112163465178298,
-0.699038699678472));
#2953=CARTESIAN_POINT('Ctrl Pts',(-0.0632636588352437,0.0278281165838693,
-0.706471817605957));
#2954=CARTESIAN_POINT('Ctrl Pts',(-0.0583704583093297,0.0353057384028546,
-0.710185486890884));
#2955=CARTESIAN_POINT('Ctrl Pts',(-0.0464019472348173,0.047658775216134,
-0.717610911210926));
#2956=CARTESIAN_POINT('Ctrl Pts',(-0.0393344129810322,0.0525266989886685,
-0.721320932562073));
#2957=CARTESIAN_POINT('Ctrl Pts',(-0.0242230731850605,0.0591575279029944,
-0.728737553300598));
#2958=CARTESIAN_POINT('Ctrl Pts',(-0.0161870112043375,0.0609176965565839,
-0.732443395434815));
#2959=CARTESIAN_POINT('Ctrl Pts',(-0.000389633772661601,0.0613367989967254,
-0.739849927738139));
#2960=CARTESIAN_POINT('Ctrl Pts',(0.00736605740746804,0.0599967965286164,
-0.743550930551241));
#2961=CARTESIAN_POINT('Ctrl Pts',(0.0215027431561945,0.054682143377906,
-0.75094592392133));
#2962=CARTESIAN_POINT('Ctrl Pts',(0.0278810463106896,0.0507113881611704,
-0.754641194725694));
#2963=CARTESIAN_POINT('Ctrl Pts',(0.0353253234886891,0.0438492222867374,
-0.759830524335542));
#2964=CARTESIAN_POINT('Ctrl Pts',(0.0372952989407028,0.0417203301798371,
-0.761328003191125));
#2965=CARTESIAN_POINT('Ctrl Pts',(0.0390751714763381,0.0394736339401771,
-0.762825784805792));
#2966=CARTESIAN_POINT('Ctrl Pts',(-0.136276524104312,-0.00382756786990825,
-0.507737682088727));
#2967=CARTESIAN_POINT('Ctrl Pts',(-0.135910267724731,0.0140223922147606,
-0.511490954048023));
#2968=CARTESIAN_POINT('Ctrl Pts',(-0.131999544241186,0.0315940066488429,
-0.515239648418083));
#2969=CARTESIAN_POINT('Ctrl Pts',(-0.117933878382114,0.0636349693233638,
-0.522739185282905));
#2970=CARTESIAN_POINT('Ctrl Pts',(-0.107806516514778,0.078067368338768,
-0.526483269898208));
#2971=CARTESIAN_POINT('Ctrl Pts',(-0.0830625345347863,0.101800842513573,
-0.533977410187424));
#2972=CARTESIAN_POINT('Ctrl Pts',(-0.0684773073949196,0.111073248443414,
-0.53772121087813));
#2973=CARTESIAN_POINT('Ctrl Pts',(-0.0371718784015749,0.123287287605928,
-0.545215072572437));
#2974=CARTESIAN_POINT('Ctrl Pts',(-0.0204913338291968,0.126213821900931,
-0.54895864241112));
#2975=CARTESIAN_POINT('Ctrl Pts',(0.0124228043343712,0.125537338875506,
-0.556452181916615));
#2976=CARTESIAN_POINT('Ctrl Pts',(0.0286144966857167,0.121935266841065,
-0.560195530911529));
#2977=CARTESIAN_POINT('Ctrl Pts',(0.0581413368947901,0.108994172279899,
-0.567688727008628));
#2978=CARTESIAN_POINT('Ctrl Pts',(0.0714386479849339,0.0996717180493069,
-0.571431853186517));
#2979=CARTESIAN_POINT('Ctrl Pts',(0.093297382545029,0.0769135506276956,
-0.578924692316419));
#2980=CARTESIAN_POINT('Ctrl Pts',(0.101830583322658,0.0635071391399534,
-0.582667590466648));
#2981=CARTESIAN_POINT('Ctrl Pts',(0.11307464182464,0.0347553341613343,-0.590160062756137));
#2982=CARTESIAN_POINT('Ctrl Pts',(0.115770832987673,0.0194472094780934,
-0.593902727252436));
#2983=CARTESIAN_POINT('Ctrl Pts',(0.115178225568781,-0.010735985083707,
-0.601394825842765));
#2984=CARTESIAN_POINT('Ctrl Pts',(0.111890089684904,-0.025571655276215,
-0.605137251736707));
#2985=CARTESIAN_POINT('Ctrl Pts',(0.100074517910017,-0.0526082000897337,
-0.612628973256883));
#2986=CARTESIAN_POINT('Ctrl Pts',(0.0915624717578624,-0.0647735192198359,
-0.616371156912543));
#2987=CARTESIAN_POINT('Ctrl Pts',(0.0707997420845291,-0.0847640839985639,
-0.62386250248168));
#2988=CARTESIAN_POINT('Ctrl Pts',(0.0585763649918705,-0.0925628128312015,
-0.627604442155984));
#2989=CARTESIAN_POINT('Ctrl Pts',(0.0323847988097819,-0.102847363505179,
-0.63509541877484));
#2990=CARTESIAN_POINT('Ctrl Pts',(0.0184513175485213,-0.105319352281821,
-0.638837115284153));
#2991=CARTESIAN_POINT('Ctrl Pts',(-0.00899875477594917,-0.104823501773655,
-0.646327737633432));
#2992=CARTESIAN_POINT('Ctrl Pts',(-0.0224787063664981,-0.101856104901852,
-0.650069195179289));
#2993=CARTESIAN_POINT('Ctrl Pts',(-0.0470280352645544,-0.0911794425323119,
-0.657559487903648));
#2994=CARTESIAN_POINT('Ctrl Pts',(-0.0580643927856201,-0.0834842645393757,
-0.661300715108536));
#2995=CARTESIAN_POINT('Ctrl Pts',(-0.076195172392179,-0.0647287219015856,
-0.668790715703999));
#2996=CARTESIAN_POINT('Ctrl Pts',(-0.0832649726752863,-0.0536934193445108,
-0.672531726916899));
#2997=CARTESIAN_POINT('Ctrl Pts',(-0.0926028963407966,-0.0300701123236359,
-0.680021489373184));
#2998=CARTESIAN_POINT('Ctrl Pts',(-0.094858098593214,-0.0175139264052211,
-0.683762306307693));
#2999=CARTESIAN_POINT('Ctrl Pts',(-0.0944747586682479,0.00720044070391976,
-0.691251905699601));
#3000=CARTESIAN_POINT('Ctrl Pts',(-0.0918363784130985,0.0193250981648172,
-0.694992559475249));
#3001=CARTESIAN_POINT('Ctrl Pts',(-0.0823149874362536,0.0413910794640339,
-0.70248209775854));
#3002=CARTESIAN_POINT('Ctrl Pts',(-0.075444559308176,0.0513022440348831,
-0.706222631394197));
#3003=CARTESIAN_POINT('Ctrl Pts',(-0.0587105586360262,0.0675836419141034,
-0.713712244770503));
#3004=CARTESIAN_POINT('Ctrl Pts',(-0.0488694898910793,0.0739313889655009,
-0.717452716084544));
#3005=CARTESIAN_POINT('Ctrl Pts',(-0.0278241925145794,0.0823386622119696,
-0.724942584554258));
#3006=CARTESIAN_POINT('Ctrl Pts',(-0.0166485595496168,0.0843863096899041,
-0.7286830690535));
#3007=CARTESIAN_POINT('Ctrl Pts',(0.00532715248975565,0.084135048449792,
-0.736173429502522));
#3008=CARTESIAN_POINT('Ctrl Pts',(0.0160969459308612,0.0818361016895484,
-0.739914021619704));
#3009=CARTESIAN_POINT('Ctrl Pts',(0.0356849277887835,0.0734902917384626,
-0.74740518779079));
#3010=CARTESIAN_POINT('Ctrl Pts',(0.0444750988080275,0.0674548466605851,
-0.751145998353457));
#3011=CARTESIAN_POINT('Ctrl Pts',(0.0546306144243912,0.0571246438633825,
-0.756412976802441));
#3012=CARTESIAN_POINT('Ctrl Pts',(0.0573000880755563,0.0539295952567279,
-0.757932812161393));
#3013=CARTESIAN_POINT('Ctrl Pts',(0.0596892570654536,0.0505679436487174,
-0.75945282032334));
#3014=CARTESIAN_POINT('Ctrl Pts',(-0.159184862062273,-0.00337707933006845,
-0.502954154808452));
#3015=CARTESIAN_POINT('Ctrl Pts',(-0.158759637099616,0.0174809313088625,
-0.506707970161347));
#3016=CARTESIAN_POINT('Ctrl Pts',(-0.154190601864265,0.0380457352891663,
-0.510457628003282));
#3017=CARTESIAN_POINT('Ctrl Pts',(-0.137709491539065,0.0755926352734898,
-0.517958346647987));
#3018=CARTESIAN_POINT('Ctrl Pts',(-0.12582847646008,0.0925340733430893,
-0.521703358991353));
#3019=CARTESIAN_POINT('Ctrl Pts',(-0.0967461415128802,0.120424883850747,
-0.52919865384578));
#3020=CARTESIAN_POINT('Ctrl Pts',(-0.079579359146327,0.131342846923047,
-0.532943400481566));
#3021=CARTESIAN_POINT('Ctrl Pts',(-0.042673052960201,0.145734314673574,
-0.540438391797748));
#3022=CARTESIAN_POINT('Ctrl Pts',(-0.0229771470638827,0.149191404796781,
-0.544182913225602));
#3023=CARTESIAN_POINT('Ctrl Pts',(0.0159452542206743,0.148379424366504,
-0.551677544670964));
#3024=CARTESIAN_POINT('Ctrl Pts',(0.0351256403833867,0.144111618172684,
-0.555421841960584));
#3025=CARTESIAN_POINT('Ctrl Pts',(0.0701504616246748,0.128742247468184,
-0.562916073101016));
#3026=CARTESIAN_POINT('Ctrl Pts',(0.0859532463587466,0.117659193748591,
-0.566660134945493));
#3027=CARTESIAN_POINT('Ctrl Pts',(0.111959634725893,0.0905503787308431,
-0.574153927377407));
#3028=CARTESIAN_POINT('Ctrl Pts',(0.122132202023675,0.0745572278967473,
-0.577897737454791));
#3029=CARTESIAN_POINT('Ctrl Pts',(0.135539542385632,0.0401966537264013,
-0.585391050248675));
#3030=CARTESIAN_POINT('Ctrl Pts',(0.138758305250343,0.0218706975163796,
-0.589134589252353));
#3031=CARTESIAN_POINT('Ctrl Pts',(0.138013546972831,-0.0143226439494018,
-0.596627377089025));
#3032=CARTESIAN_POINT('Ctrl Pts',(0.134051070181519,-0.0321461725130233,
-0.600370623120114));
#3033=CARTESIAN_POINT('Ctrl Pts',(0.119790585528518,-0.0646758329708481,
-0.607862835150447));
#3034=CARTESIAN_POINT('Ctrl Pts',(0.109510066873688,-0.0793423855467893,
-0.611605763571665));
#3035=CARTESIAN_POINT('Ctrl Pts',(0.0843827838820509,-0.103469300982696,
-0.619097342385012));
#3036=CARTESIAN_POINT('Ctrl Pts',(0.0695668646960531,-0.112900202505641,
-0.622839925462519));
#3037=CARTESIAN_POINT('Ctrl Pts',(0.0377578249350148,-0.125331690156357,
-0.630330805953022));
#3038=CARTESIAN_POINT('Ctrl Pts',(0.0208038747216005,-0.128317074505556,
-0.634073012371344));
#3039=CARTESIAN_POINT('Ctrl Pts',(-0.0126580516795368,-0.127650022606711,
-0.641563120409731));
#3040=CARTESIAN_POINT('Ctrl Pts',(-0.0291246811822875,-0.123998498292184,
-0.645304914674742));
#3041=CARTESIAN_POINT('Ctrl Pts',(-0.0591610687673251,-0.11085812898388,
-0.652794165521072));
#3042=CARTESIAN_POINT('Ctrl Pts',(-0.0726935956346758,-0.101385656917148,
-0.65653550723446));
#3043=CARTESIAN_POINT('Ctrl Pts',(-0.0949473788960879,-0.0782501650868231,
-0.66402380363033));
#3044=CARTESIAN_POINT('Ctrl Pts',(-0.103640983066305,-0.0646159944221113,
-0.667764646609807));
#3045=CARTESIAN_POINT('Ctrl Pts',(-0.115106942106309,-0.0353660220202474,
-0.67525187648216));
#3046=CARTESIAN_POINT('Ctrl Pts',(-0.117865043667387,-0.0197867606747697,
-0.6789921676811));
#3047=CARTESIAN_POINT('Ctrl Pts',(-0.117288850357759,0.0109404807581642,
-0.686478201391126));
#3048=CARTESIAN_POINT('Ctrl Pts',(-0.113955342229165,0.0260500173366427,
-0.690217879536675));
#3049=CARTESIAN_POINT('Ctrl Pts',(-0.101949323014766,0.0535951786518764,
-0.697702566642144));
#3050=CARTESIAN_POINT('Ctrl Pts',(-0.0932919242787889,0.0659963194387001,
-0.701441560401198));
#3051=CARTESIAN_POINT('Ctrl Pts',(-0.0721614010161884,0.0863846779033583,
-0.708924726052798));
#3052=CARTESIAN_POINT('Ctrl Pts',(-0.0597148485887605,0.0943463994494389,
-0.712662951204456));
#3053=CARTESIAN_POINT('Ctrl Pts',(-0.0330338065134356,0.104859684613596,
-0.720144392844984));
#3054=CARTESIAN_POINT('Ctrl Pts',(-0.0188328875880219,0.107398193865661,
-0.723881746852321));
#3055=CARTESIAN_POINT('Ctrl Pts',(0.00915517944017894,0.106929447835284,
-0.731361233753324));
#3056=CARTESIAN_POINT('Ctrl Pts',(0.0229069592873161,0.103923019848555,
-0.735097582593518));
#3057=CARTESIAN_POINT('Ctrl Pts',(0.0479633693479052,0.0930694311728949,
-0.74257486684074));
#3058=CARTESIAN_POINT('Ctrl Pts',(0.059235615216945,0.0852363808021949,
-0.746310009067355));
#3059=CARTESIAN_POINT('Ctrl Pts',(0.0722642262276074,0.0718032553061642,
-0.751564670643072));
#3060=CARTESIAN_POINT('Ctrl Pts',(0.0756905524436314,0.0676452775760905,
-0.7530811081237));
#3061=CARTESIAN_POINT('Ctrl Pts',(0.0787556245646857,0.0632672566545027,
-0.754597666357539));
#3062=CARTESIAN_POINT('Ctrl Pts',(-0.182091818475885,-0.00301352098682006,
-0.498164329427512));
#3063=CARTESIAN_POINT('Ctrl Pts',(-0.181619089849973,0.0208517470149047,
-0.501918966585455));
#3064=CARTESIAN_POINT('Ctrl Pts',(-0.176403412544281,0.044411348098683,
-0.505669766688342));
#3065=CARTESIAN_POINT('Ctrl Pts',(-0.157529035899571,0.0874717228642873,
-0.513172352346149));
#3066=CARTESIAN_POINT('Ctrl Pts',(-0.143904703437083,0.106928320850031,
-0.516918522765895));
#3067=CARTESIAN_POINT('Ctrl Pts',(-0.110501844726785,0.138992327040517,
-0.524415814133573));
#3068=CARTESIAN_POINT('Ctrl Pts',(-0.0907607982978988,0.151565678862723,
-0.528161800613389));
#3069=CARTESIAN_POINT('Ctrl Pts',(-0.0482640506615544,0.168156519995683,
-0.535658944612978));
#3070=CARTESIAN_POINT('Ctrl Pts',(-0.0255557281362152,0.172156268431824,
-0.539404789496987));
#3071=CARTESIAN_POINT('Ctrl Pts',(0.0193738748576749,0.17123347963594,-0.546901749291452));
#3072=CARTESIAN_POINT('Ctrl Pts',(0.0415449962673362,0.166312430234388,
-0.550647460146117));
#3073=CARTESIAN_POINT('Ctrl Pts',(0.0820766206299996,0.148538273297291,
-0.558144215238323));
#3074=CARTESIAN_POINT('Ctrl Pts',(0.100391743242356,0.135705471251274,-0.561889789346793));
#3075=CARTESIAN_POINT('Ctrl Pts',(0.13056336378098,0.104264389594386,-0.569386323380859));
#3076=CARTESIAN_POINT('Ctrl Pts',(0.142386005093938,0.0856918744781046,
-0.57313175454992));
#3077=CARTESIAN_POINT('Ctrl Pts',(0.157980305059035,0.0457325981364391,
-0.58062805159002));
#3078=CARTESIAN_POINT('Ctrl Pts',(0.161734521145012,0.0243913902157733,
-0.584373332167661));
#3079=CARTESIAN_POINT('Ctrl Pts',(0.160863582296287,-0.0178122527464538,
-0.591869375490897));
#3080=CARTESIAN_POINT('Ctrl Pts',(0.156239715964246,-0.0386264016053704,
-0.595614496938932));
#3081=CARTESIAN_POINT('Ctrl Pts',(0.139558231741661,-0.0766597607752419,
-0.603110268579407));
#3082=CARTESIAN_POINT('Ctrl Pts',(0.127520070738899,-0.0938352886933655,
-0.606855221603527));
#3083=CARTESIAN_POINT('Ctrl Pts',(0.09804594386882,-0.122117944562242,-0.614350702113434));
#3084=CARTESIAN_POINT('Ctrl Pts',(0.0806443003940616,-0.133192488533073,
-0.618095476655528));
#3085=CARTESIAN_POINT('Ctrl Pts',(0.043226109466928,-0.147795853036992,
-0.625590644919608));
#3086=CARTESIAN_POINT('Ctrl Pts',(0.0232532635049044,-0.151307868982612,
-0.629335230101808));
#3087=CARTESIAN_POINT('Ctrl Pts',(-0.0162231612290626,-0.150495722290056,
-0.636830063154945));
#3088=CARTESIAN_POINT('Ctrl Pts',(-0.0356804503390583,-0.146172726481055,
-0.640574447203746));
#3089=CARTESIAN_POINT('Ctrl Pts',(-0.0712170942816289,-0.130591170538697,
-0.648068920034414));
#3090=CARTESIAN_POINT('Ctrl Pts',(-0.0872546057666879,-0.119351170466947,
-0.651813090189292));
#3091=CARTESIAN_POINT('Ctrl Pts',(-0.113652695495612,-0.0918504289046521,
-0.659307175523418));
#3092=CARTESIAN_POINT('Ctrl Pts',(-0.123982078429153,-0.0756224405476203,
-0.663051117929981));
#3093=CARTESIAN_POINT('Ctrl Pts',(-0.137601345555288,-0.0407498283319812,
-0.670544785995271));
#3094=CARTESIAN_POINT('Ctrl Pts',(-0.140875125593803,-0.022146875006821,
-0.674288485571888));
#3095=CARTESIAN_POINT('Ctrl Pts',(-0.140130211427036,0.0146006925704903,
-0.68178170385412));
#3096=CARTESIAN_POINT('Ctrl Pts',(-0.136112553177785,0.0327012176049799,
-0.685525144100993));
#3097=CARTESIAN_POINT('Ctrl Pts',(-0.121639789567371,0.0657429228342057,
-0.693017877141641));
#3098=CARTESIAN_POINT('Ctrl Pts',(-0.111202263012152,0.0806442962097331,
-0.696761039787986));
#3099=CARTESIAN_POINT('Ctrl Pts',(-0.0856828207613507,0.105163092513546,
-0.704253249195032));
#3100=CARTESIAN_POINT('Ctrl Pts',(-0.0706319497670403,0.114750867001919,
-0.707996113349386));
#3101=CARTESIAN_POINT('Ctrl Pts',(-0.0383104970543627,0.127394342297276,
-0.715487758599532));
#3102=CARTESIAN_POINT('Ctrl Pts',(-0.0210794340293632,0.130434729627095,
-0.71923029829663));
#3103=CARTESIAN_POINT('Ctrl Pts',(0.0129372336335666,0.129767391169322,
-0.726721340254729));
#3104=CARTESIAN_POINT('Ctrl Pts',(0.0296808376588836,0.126060578115355,
-0.730463516767866));
#3105=CARTESIAN_POINT('Ctrl Pts',(0.0602300083665169,0.112707553508377,
-0.737953930203427));
#3106=CARTESIAN_POINT('Ctrl Pts',(0.0739968093874894,0.103077876674286,
-0.741695668423914));
#3107=CARTESIAN_POINT('Ctrl Pts',(0.0899172228749008,0.0865380211491578,
-0.746960840209026));
#3108=CARTESIAN_POINT('Ctrl Pts',(0.094105563738015,0.081415426887925,-0.748480369841769));
#3109=CARTESIAN_POINT('Ctrl Pts',(0.0978515215127748,0.0760187969562252,
-0.750000000002601));
#3110=CARTESIAN_POINT('',(-0.181875143065032,-0.00295784629890837,-0.498218728631085));
#3111=CARTESIAN_POINT('Ctrl Pts',(-0.181875174688162,-0.00295683051515321,
-0.49821884668032));
#3112=CARTESIAN_POINT('Ctrl Pts',(-0.172887531421949,-0.00310650219204301,
-0.500097559758399));
#3113=CARTESIAN_POINT('Ctrl Pts',(-0.163906170004107,-0.00327071665792445,
-0.501973514738759));
#3114=CARTESIAN_POINT('Ctrl Pts',(-0.155234318732136,-0.00346197761226593,
-0.503775403331977));
#3115=CARTESIAN_POINT('Ctrl Pts',(-0.145215349067764,-0.00368294977143103,
-0.505857204159488));
#3116=CARTESIAN_POINT('Ctrl Pts',(-0.134030235341674,-0.00397547904114834,
-0.508168334279574));
#3117=CARTESIAN_POINT('Ctrl Pts',(-0.122868497148071,-0.00436549345269849,
-0.510441101909657));
#3118=CARTESIAN_POINT('Ctrl Pts',(-0.119680047710728,-0.00447690452591065,
-0.511090338125885));
#3119=CARTESIAN_POINT('Ctrl Pts',(-0.116493518809948,-0.00459600596325958,
-0.511736509865929));
#3120=CARTESIAN_POINT('Ctrl Pts',(-0.113336695591795,-0.00472245585018633,
-0.51237365859907));
#3121=CARTESIAN_POINT('Ctrl Pts',(-0.181874454857146,-0.00292573395747089,
-0.498218728631085));
#3122=CARTESIAN_POINT('Ctrl Pts',(-0.181874512215138,-0.00191766016058161,
-0.498373810074192));
#3123=CARTESIAN_POINT('Ctrl Pts',(-0.181863233811712,-0.000747406196925229,
-0.498556030249202));
#3124=CARTESIAN_POINT('Ctrl Pts',(-0.181848904562081,9.59807170983346E-5,
-0.498686839100393));
#3125=CARTESIAN_POINT('Ctrl Pts',(-0.181847176978605,0.000197662335786398,
-0.498702609864091));
#3126=CARTESIAN_POINT('Ctrl Pts',(-0.181845730113322,0.000278458135884685,
-0.498714655648649));
#3127=CARTESIAN_POINT('Ctrl Pts',(-0.18184416862834,0.000362852194223065,
-0.498726917326413));
#3128=CARTESIAN_POINT('Ctrl Pts',(-0.181844005165284,0.000371686932184916,
-0.498728200932299));
#3129=CARTESIAN_POINT('Ctrl Pts',(-0.181843843842799,0.000380400822075247,
-0.498729486904013));
#3130=CARTESIAN_POINT('Ctrl Pts',(-0.181843683798479,0.000389041089724522,
-0.498730779762603));
#3131=CARTESIAN_POINT('Ctrl Pts',(-0.181842523458696,0.000451684027007472,
-0.498740153136537));
#3132=CARTESIAN_POINT('Ctrl Pts',(-0.18184144826075,0.000509454386581027,
-0.498749888513391));
#3133=CARTESIAN_POINT('Ctrl Pts',(-0.18184006606695,0.00058389439879228,
-0.498761708847551));
#3134=CARTESIAN_POINT('Origin',(0.,1.68722975549458E-33,-1.37772764904077E-17));
#3135=CARTESIAN_POINT('',(-0.115,-0.0225000000000004,0.));
#3136=CARTESIAN_POINT('',(0.115,-0.0224999999999996,0.));
#3137=CARTESIAN_POINT('',(-0.115,0.0224999999999996,0.));
#3138=CARTESIAN_POINT('',(-0.115,-0.0225000000000004,0.));
#3139=CARTESIAN_POINT('',(0.115,0.0225000000000004,0.));
#3140=CARTESIAN_POINT('',(-0.0225,0.115,0.));
#3141=CARTESIAN_POINT('',(-0.0225,-0.115,0.));
#3142=CARTESIAN_POINT('',(0.0225,0.115,0.));
#3143=CARTESIAN_POINT('',(-0.0225,0.115,0.));
#3144=CARTESIAN_POINT('',(0.0225,-0.115,0.));
#3145=CARTESIAN_POINT('',(0.115,0.0225000000000004,0.));
#3146=CARTESIAN_POINT('',(0.115,0.0225000000000004,0.));
#3147=CARTESIAN_POINT('',(0.115,-0.0224999999999996,0.));
#3148=CARTESIAN_POINT('',(0.115,-0.0224999999999996,0.));
#3149=CARTESIAN_POINT('',(0.115,-0.0224999999999996,0.));
#3150=CARTESIAN_POINT('',(0.0225,-0.115,0.));
#3151=CARTESIAN_POINT('',(0.0225,-0.115,0.));
#3152=CARTESIAN_POINT('',(-0.0225,-0.115,0.));
#3153=CARTESIAN_POINT('',(-0.0225,-0.115,0.));
#3154=CARTESIAN_POINT('',(-0.0225,-0.115,0.));
#3155=CARTESIAN_POINT('Origin',(0.,0.21,-0.0396850393700787));
#3156=CARTESIAN_POINT('Ctrl Pts',(-0.219305405365589,0.0102446421891988,
-0.140066460465444));
#3157=CARTESIAN_POINT('Ctrl Pts',(-0.217761189144397,0.0356378311531864,
-0.143384392281069));
#3158=CARTESIAN_POINT('Ctrl Pts',(-0.211802092449887,0.0606351972966158,
-0.146701269351784));
#3159=CARTESIAN_POINT('Ctrl Pts',(-0.190394361029567,0.110179438920739,
-0.153768784111362));
#3160=CARTESIAN_POINT('Ctrl Pts',(-0.173899211795917,0.134046405952339,
-0.157518784111367));
#3161=CARTESIAN_POINT('Ctrl Pts',(-0.133008968863756,0.173709053698846,
-0.165018784111358));
#3162=CARTESIAN_POINT('Ctrl Pts',(-0.108767311285803,0.189358518910099,
-0.168768784111353));
#3163=CARTESIAN_POINT('Ctrl Pts',(-0.0560972515643074,0.210235303829134,
-0.176268784111372));
#3164=CARTESIAN_POINT('Ctrl Pts',(-0.0278668295479483,0.215385621906274,
-0.180018784111359));
#3165=CARTESIAN_POINT('Ctrl Pts',(0.0284735817223162,0.214516849959005,
-0.187518784111366));
#3166=CARTESIAN_POINT('Ctrl Pts',(0.05637124571908,0.20850235968381,-0.191268784111355));
#3167=CARTESIAN_POINT('Ctrl Pts',(0.107804347618602,0.186257194061863,-0.19876878411137));
#3168=CARTESIAN_POINT('Ctrl Pts',(0.131145476405927,0.170112000579777,-0.202518784111372));
#3169=CARTESIAN_POINT('Ctrl Pts',(0.169931370395852,0.130096087228926,-0.210018784111353));
#3170=CARTESIAN_POINT('Ctrl Pts',(0.185229415953736,0.106378639362105,-0.213768784111354));
#3171=CARTESIAN_POINT('Ctrl Pts',(0.205630557201666,0.0548518299326346,
-0.221268784111371));
#3172=CARTESIAN_POINT('Ctrl Pts',(0.210656814123871,0.0272401263696978,
-0.225018784111355));
#3173=CARTESIAN_POINT('Ctrl Pts',(0.209786044631704,-0.0278620701947631,
-0.23251878411137));
#3174=CARTESIAN_POINT('Ctrl Pts',(0.203893687233248,-0.0551406568638338,
-0.236268784111374));
#3175=CARTESIAN_POINT('Ctrl Pts',(0.18212048494513,-0.105429038847693,-0.243768784111351));
#3176=CARTESIAN_POINT('Ctrl Pts',(0.166325021787711,-0.128244955125495,
-0.247518784111386));
#3177=CARTESIAN_POINT('Ctrl Pts',(0.127183187873095,-0.166153867300623,
-0.255018784111339));
#3178=CARTESIAN_POINT('Ctrl Pts',(0.103989829077569,-0.181100509130087,
-0.258768784111364));
#3179=CARTESIAN_POINT('Ctrl Pts',(0.0536061576161041,-0.201025899744545,
-0.266268784111361));
#3180=CARTESIAN_POINT('Ctrl Pts',(0.026613121836086,-0.205928051252265,
-0.270018784111363));
#3181=CARTESIAN_POINT('Ctrl Pts',(-0.0272508927151766,-0.205055180376771,
-0.277518784111362));
#3182=CARTESIAN_POINT('Ctrl Pts',(-0.0539104099017602,-0.199284906352101,
-0.281268784111374));
#3183=CARTESIAN_POINT('Ctrl Pts',(-0.103054047619305,-0.177983569875759,
-0.288768784111351));
#3184=CARTESIAN_POINT('Ctrl Pts',(-0.125344730555311,-0.1625377938933,-0.292518784111362));
#3185=CARTESIAN_POINT('Ctrl Pts',(-0.162376593700266,-0.124269962183544,
-0.300018784111363));
#3186=CARTESIAN_POINT('Ctrl Pts',(-0.17697179167861,-0.10160066280095,-0.303768784111352));
#3187=CARTESIAN_POINT('Ctrl Pts',(-0.196421335616246,-0.052360084889374,
-0.311268784111373));
#3188=CARTESIAN_POINT('Ctrl Pts',(-0.201199330830628,-0.0259857058003054,
-0.31501878411136));
#3189=CARTESIAN_POINT('Ctrl Pts',(-0.200324249700595,0.0266401302702955,
-0.322518784111365));
#3190=CARTESIAN_POINT('Ctrl Pts',(-0.194676006170597,0.0526805681034504,
-0.326268784111347));
#3191=CARTESIAN_POINT('Ctrl Pts',(-0.173846431161532,0.100679422119762,
-0.333768784111378));
#3192=CARTESIAN_POINT('Ctrl Pts',(-0.15875029614854,0.12244484167911,-0.337518784111359));
#3193=CARTESIAN_POINT('Ctrl Pts',(-0.12135638358047,0.15859957794251,-0.345018784111366));
#3194=CARTESIAN_POINT('Ctrl Pts',(-0.0992111117659272,0.172843285879895,
-0.348768784111364));
#3195=CARTESIAN_POINT('Ctrl Pts',(-0.0511135795364686,0.191816877690678,
-0.35626878411136));
#3196=CARTESIAN_POINT('Ctrl Pts',(-0.025357845280736,0.196470661125576,
-0.360018784111398));
#3197=CARTESIAN_POINT('Ctrl Pts',(0.0260298160233155,0.195593252554734,
-0.367518784111327));
#3198=CARTESIAN_POINT('Ctrl Pts',(0.0514511636714112,0.190066983772757,
-0.371268784111358));
#3199=CARTESIAN_POINT('Ctrl Pts',(0.0983051911092566,0.169709060368003,
-0.378768784111366));
#3200=CARTESIAN_POINT('Ctrl Pts',(0.119545314414069,0.154962520831997,-0.382518784111361));
#3201=CARTESIAN_POINT('Ctrl Pts',(0.154822838933481,0.118442445432043,-0.390018784111364));
#3202=CARTESIAN_POINT('Ctrl Pts',(0.168715005876918,0.0968211778483647,
-0.393768784111378));
#3203=CARTESIAN_POINT('Ctrl Pts',(0.187212529784981,0.0498666587089821,
-0.401268784111347));
#3204=CARTESIAN_POINT('Ctrl Pts',(0.191742039030811,0.0247295831717936,
-0.405018784111356));
#3205=CARTESIAN_POINT('Ctrl Pts',(0.190862172067781,-0.025419861369101,
-0.412518784111369));
#3206=CARTESIAN_POINT('Ctrl Pts',(0.18545781203578,-0.0502220431996688,
-0.416268784111371));
#3207=CARTESIAN_POINT('Ctrl Pts',(0.165571411504002,-0.0959310877032583,
-0.423768784111354));
#3208=CARTESIAN_POINT('Ctrl Pts',(0.151174404715074,-0.116645726556694,
-0.427518784111361));
#3209=CARTESIAN_POINT('Ctrl Pts',(0.115528054483948,-0.151045685305024,
-0.435018784111363));
#3210=CARTESIAN_POINT('Ctrl Pts',(0.0944307338235206,-0.16458589111391,
-0.438768784111351));
#3211=CARTESIAN_POINT('Ctrl Pts',(0.0486191371968869,-0.182606599111595,
-0.446268784111373));
#3212=CARTESIAN_POINT('Ctrl Pts',(0.0241006594044688,-0.187010885134985,
-0.450018784111333));
#3213=CARTESIAN_POINT('Ctrl Pts',(-0.024810655080656,-0.186126962636961,
-0.457518784111391));
#3214=CARTESIAN_POINT('Ctrl Pts',(-0.0489937675301914,-0.180842213853197,
-0.461268784111353));
#3215=CARTESIAN_POINT('Ctrl Pts',(-0.0935579822063441,-0.16142405702886,
-0.468768784111372));
#3216=CARTESIAN_POINT('Ctrl Pts',(-0.113747326496243,-0.147369814112859,
-0.472518784111334));
#3217=CARTESIAN_POINT('Ctrl Pts',(-0.147270188872648,-0.112593293605378,
-0.48001878411139));
#3218=CARTESIAN_POINT('Ctrl Pts',(-0.160458563728447,-0.0919882422136514,
-0.48376878411137));
#3219=CARTESIAN_POINT('Ctrl Pts',(-0.178004622773272,-0.0473521629978592,
-0.491268784111354));
#3220=CARTESIAN_POINT('Ctrl Pts',(-0.182280209354411,-0.0232039748248635,
-0.495018312818179));
#3221=CARTESIAN_POINT('Ctrl Pts',(-0.181842673047593,0.000443684306114944,
-0.498781647892938));
#3222=CARTESIAN_POINT('Ctrl Pts',(-0.181841418104952,0.000511078469954992,
-0.498794511674514));
#3223=CARTESIAN_POINT('Ctrl Pts',(-0.18184006606695,0.000583894398793185,
-0.498807375456091));
#3224=CARTESIAN_POINT('Ctrl Pts',(-0.219305405365589,0.0102446421891988,
-0.127592629400922));
#3225=CARTESIAN_POINT('Ctrl Pts',(-0.217761189144397,0.0356378311531864,
-0.130910561216547));
#3226=CARTESIAN_POINT('Ctrl Pts',(-0.211802092449887,0.0606351972966158,
-0.134227438287262));
#3227=CARTESIAN_POINT('Ctrl Pts',(-0.190394361029567,0.110179438920739,
-0.14129495304684));
#3228=CARTESIAN_POINT('Ctrl Pts',(-0.173899211795917,0.134046405952339,
-0.145044953046844));
#3229=CARTESIAN_POINT('Ctrl Pts',(-0.133008968863756,0.173709053698846,
-0.152544953046836));
#3230=CARTESIAN_POINT('Ctrl Pts',(-0.108767311285803,0.189358518910099,
-0.156294953046831));
#3231=CARTESIAN_POINT('Ctrl Pts',(-0.0560972515643074,0.210235303829134,
-0.16379495304685));
#3232=CARTESIAN_POINT('Ctrl Pts',(-0.0278668295479483,0.215385621906274,
-0.167544953046837));
#3233=CARTESIAN_POINT('Ctrl Pts',(0.0284735817223162,0.214516849959005,
-0.175044953046844));
#3234=CARTESIAN_POINT('Ctrl Pts',(0.05637124571908,0.20850235968381,-0.178794953046833));
#3235=CARTESIAN_POINT('Ctrl Pts',(0.107804347618602,0.186257194061863,-0.186294953046848));
#3236=CARTESIAN_POINT('Ctrl Pts',(0.131145476405927,0.170112000579777,-0.19004495304685));
#3237=CARTESIAN_POINT('Ctrl Pts',(0.169931370395852,0.130096087228927,-0.197544953046831));
#3238=CARTESIAN_POINT('Ctrl Pts',(0.185229415953736,0.106378639362105,-0.201294953046832));
#3239=CARTESIAN_POINT('Ctrl Pts',(0.205630557201666,0.0548518299326346,
-0.208794953046849));
#3240=CARTESIAN_POINT('Ctrl Pts',(0.210656814123871,0.0272401263696978,
-0.212544953046833));
#3241=CARTESIAN_POINT('Ctrl Pts',(0.209786044631704,-0.027862070194763,
-0.220044953046847));
#3242=CARTESIAN_POINT('Ctrl Pts',(0.203893687233248,-0.0551406568638338,
-0.223794953046852));
#3243=CARTESIAN_POINT('Ctrl Pts',(0.18212048494513,-0.105429038847693,-0.231294953046829));
#3244=CARTESIAN_POINT('Ctrl Pts',(0.166325021787711,-0.128244955125495,
-0.235044953046863));
#3245=CARTESIAN_POINT('Ctrl Pts',(0.127183187873095,-0.166153867300623,
-0.242544953046817));
#3246=CARTESIAN_POINT('Ctrl Pts',(0.103989829077569,-0.181100509130087,
-0.246294953046842));
#3247=CARTESIAN_POINT('Ctrl Pts',(0.0536061576161041,-0.201025899744545,
-0.253794953046839));
#3248=CARTESIAN_POINT('Ctrl Pts',(0.026613121836086,-0.205928051252265,
-0.257544953046841));
#3249=CARTESIAN_POINT('Ctrl Pts',(-0.0272508927151766,-0.205055180376771,
-0.26504495304684));
#3250=CARTESIAN_POINT('Ctrl Pts',(-0.0539104099017602,-0.199284906352101,
-0.268794953046852));
#3251=CARTESIAN_POINT('Ctrl Pts',(-0.103054047619305,-0.177983569875759,
-0.276294953046829));
#3252=CARTESIAN_POINT('Ctrl Pts',(-0.125344730555311,-0.1625377938933,-0.28004495304684));
#3253=CARTESIAN_POINT('Ctrl Pts',(-0.162376593700266,-0.124269962183544,
-0.287544953046841));
#3254=CARTESIAN_POINT('Ctrl Pts',(-0.17697179167861,-0.10160066280095,-0.29129495304683));
#3255=CARTESIAN_POINT('Ctrl Pts',(-0.196421335616246,-0.052360084889374,
-0.298794953046851));
#3256=CARTESIAN_POINT('Ctrl Pts',(-0.201199330830628,-0.0259857058003054,
-0.302544953046838));
#3257=CARTESIAN_POINT('Ctrl Pts',(-0.200324249700595,0.0266401302702955,
-0.310044953046843));
#3258=CARTESIAN_POINT('Ctrl Pts',(-0.194676006170597,0.0526805681034504,
-0.313794953046825));
#3259=CARTESIAN_POINT('Ctrl Pts',(-0.173846431161532,0.100679422119762,
-0.321294953046856));
#3260=CARTESIAN_POINT('Ctrl Pts',(-0.15875029614854,0.12244484167911,-0.325044953046837));
#3261=CARTESIAN_POINT('Ctrl Pts',(-0.12135638358047,0.15859957794251,-0.332544953046844));
#3262=CARTESIAN_POINT('Ctrl Pts',(-0.0992111117659272,0.172843285879895,
-0.336294953046842));
#3263=CARTESIAN_POINT('Ctrl Pts',(-0.0511135795364686,0.191816877690678,
-0.343794953046838));
#3264=CARTESIAN_POINT('Ctrl Pts',(-0.025357845280736,0.196470661125576,
-0.347544953046875));
#3265=CARTESIAN_POINT('Ctrl Pts',(0.0260298160233155,0.195593252554734,
-0.355044953046805));
#3266=CARTESIAN_POINT('Ctrl Pts',(0.0514511636714112,0.190066983772757,
-0.358794953046836));
#3267=CARTESIAN_POINT('Ctrl Pts',(0.0983051911092566,0.169709060368003,
-0.366294953046844));
#3268=CARTESIAN_POINT('Ctrl Pts',(0.119545314414069,0.154962520831997,-0.370044953046838));
#3269=CARTESIAN_POINT('Ctrl Pts',(0.154822838933481,0.118442445432043,-0.377544953046842));
#3270=CARTESIAN_POINT('Ctrl Pts',(0.168715005876917,0.0968211778483647,
-0.381294953046855));
#3271=CARTESIAN_POINT('Ctrl Pts',(0.187212529784981,0.0498666587089821,
-0.388794953046825));
#3272=CARTESIAN_POINT('Ctrl Pts',(0.191742039030811,0.0247295831717936,
-0.392544953046834));
#3273=CARTESIAN_POINT('Ctrl Pts',(0.190862172067781,-0.025419861369101,
-0.400044953046847));
#3274=CARTESIAN_POINT('Ctrl Pts',(0.18545781203578,-0.0502220431996688,
-0.403794953046848));
#3275=CARTESIAN_POINT('Ctrl Pts',(0.165571411504002,-0.0959310877032582,
-0.411294953046832));
#3276=CARTESIAN_POINT('Ctrl Pts',(0.151174404715074,-0.116645726556694,
-0.415044953046839));
#3277=CARTESIAN_POINT('Ctrl Pts',(0.115528054483948,-0.151045685305024,
-0.422544953046841));
#3278=CARTESIAN_POINT('Ctrl Pts',(0.0944307338235206,-0.16458589111391,
-0.426294953046829));
#3279=CARTESIAN_POINT('Ctrl Pts',(0.048619137196887,-0.182606599111595,
-0.433794953046851));
#3280=CARTESIAN_POINT('Ctrl Pts',(0.0241006594044687,-0.187010885134985,
-0.437544953046811));
#3281=CARTESIAN_POINT('Ctrl Pts',(-0.024810655080656,-0.186126962636961,
-0.445044953046869));
#3282=CARTESIAN_POINT('Ctrl Pts',(-0.0489937675301914,-0.180842213853197,
-0.448794953046831));
#3283=CARTESIAN_POINT('Ctrl Pts',(-0.0935579822063441,-0.16142405702886,
-0.456294953046849));
#3284=CARTESIAN_POINT('Ctrl Pts',(-0.113747326496243,-0.147369814112858,
-0.460044953046811));
#3285=CARTESIAN_POINT('Ctrl Pts',(-0.147270188872648,-0.112593293605378,
-0.467544953046867));
#3286=CARTESIAN_POINT('Ctrl Pts',(-0.160458563728447,-0.0919882422136514,
-0.471294953046846));
#3287=CARTESIAN_POINT('Ctrl Pts',(-0.178004622773272,-0.0473521629978592,
-0.478794953046831));
#3288=CARTESIAN_POINT('Ctrl Pts',(-0.182280209354411,-0.0232039748248635,
-0.482544481753647));
#3289=CARTESIAN_POINT('Ctrl Pts',(-0.181842673047593,0.000443684306114943,
-0.486307816828416));
#3290=CARTESIAN_POINT('Ctrl Pts',(-0.181841418104952,0.000511078469954992,
-0.486320680609993));
#3291=CARTESIAN_POINT('Ctrl Pts',(-0.18184006606695,0.000583894398793185,
-0.486333544391569));
#3292=CARTESIAN_POINT('Ctrl Pts',(-0.219305405365589,0.0102446421891988,
-0.1151187983364));
#3293=CARTESIAN_POINT('Ctrl Pts',(-0.217761189144397,0.0356378311531865,
-0.118436730152025));
#3294=CARTESIAN_POINT('Ctrl Pts',(-0.211802092449887,0.0606351972966158,
-0.12175360722274));
#3295=CARTESIAN_POINT('Ctrl Pts',(-0.190394361029567,0.110179438920739,
-0.128821121982318));
#3296=CARTESIAN_POINT('Ctrl Pts',(-0.173899211795917,0.134046405952338,
-0.132571121982322));
#3297=CARTESIAN_POINT('Ctrl Pts',(-0.133008968863756,0.173709053698846,
-0.140071121982314));
#3298=CARTESIAN_POINT('Ctrl Pts',(-0.108767311285803,0.189358518910099,
-0.143821121982309));
#3299=CARTESIAN_POINT('Ctrl Pts',(-0.0560972515643074,0.210235303829134,
-0.151321121982327));
#3300=CARTESIAN_POINT('Ctrl Pts',(-0.0278668295479483,0.215385621906274,
-0.155071121982315));
#3301=CARTESIAN_POINT('Ctrl Pts',(0.0284735817223163,0.214516849959005,
-0.162571121982321));
#3302=CARTESIAN_POINT('Ctrl Pts',(0.05637124571908,0.20850235968381,-0.166321121982311));
#3303=CARTESIAN_POINT('Ctrl Pts',(0.107804347618602,0.186257194061863,-0.173821121982325));
#3304=CARTESIAN_POINT('Ctrl Pts',(0.131145476405927,0.170112000579777,-0.177571121982328));
#3305=CARTESIAN_POINT('Ctrl Pts',(0.169931370395852,0.130096087228926,-0.185071121982309));
#3306=CARTESIAN_POINT('Ctrl Pts',(0.185229415953736,0.106378639362105,-0.18882112198231));
#3307=CARTESIAN_POINT('Ctrl Pts',(0.205630557201666,0.0548518299326346,
-0.196321121982327));
#3308=CARTESIAN_POINT('Ctrl Pts',(0.210656814123871,0.0272401263696979,
-0.200071121982311));
#3309=CARTESIAN_POINT('Ctrl Pts',(0.209786044631704,-0.0278620701947631,
-0.207571121982325));
#3310=CARTESIAN_POINT('Ctrl Pts',(0.203893687233248,-0.0551406568638338,
-0.21132112198233));
#3311=CARTESIAN_POINT('Ctrl Pts',(0.18212048494513,-0.105429038847693,-0.218821121982307));
#3312=CARTESIAN_POINT('Ctrl Pts',(0.166325021787711,-0.128244955125495,
-0.222571121982341));
#3313=CARTESIAN_POINT('Ctrl Pts',(0.127183187873095,-0.166153867300623,
-0.230071121982295));
#3314=CARTESIAN_POINT('Ctrl Pts',(0.10398982907757,-0.181100509130087,-0.23382112198232));
#3315=CARTESIAN_POINT('Ctrl Pts',(0.053606157616104,-0.201025899744545,
-0.241321121982317));
#3316=CARTESIAN_POINT('Ctrl Pts',(0.026613121836086,-0.205928051252265,
-0.245071121982319));
#3317=CARTESIAN_POINT('Ctrl Pts',(-0.0272508927151766,-0.205055180376771,
-0.252571121982318));
#3318=CARTESIAN_POINT('Ctrl Pts',(-0.0539104099017603,-0.199284906352101,
-0.25632112198233));
#3319=CARTESIAN_POINT('Ctrl Pts',(-0.103054047619305,-0.177983569875759,
-0.263821121982307));
#3320=CARTESIAN_POINT('Ctrl Pts',(-0.125344730555311,-0.1625377938933,-0.267571121982318));
#3321=CARTESIAN_POINT('Ctrl Pts',(-0.162376593700266,-0.124269962183544,
-0.275071121982318));
#3322=CARTESIAN_POINT('Ctrl Pts',(-0.17697179167861,-0.101600662800951,
-0.278821121982308));
#3323=CARTESIAN_POINT('Ctrl Pts',(-0.196421335616246,-0.052360084889374,
-0.286321121982328));
#3324=CARTESIAN_POINT('Ctrl Pts',(-0.201199330830628,-0.0259857058003054,
-0.290071121982316));
#3325=CARTESIAN_POINT('Ctrl Pts',(-0.200324249700595,0.0266401302702955,
-0.29757112198232));
#3326=CARTESIAN_POINT('Ctrl Pts',(-0.194676006170597,0.0526805681034504,
-0.301321121982302));
#3327=CARTESIAN_POINT('Ctrl Pts',(-0.173846431161532,0.100679422119762,
-0.308821121982334));
#3328=CARTESIAN_POINT('Ctrl Pts',(-0.15875029614854,0.12244484167911,-0.312571121982315));
#3329=CARTESIAN_POINT('Ctrl Pts',(-0.12135638358047,0.15859957794251,-0.320071121982321));
#3330=CARTESIAN_POINT('Ctrl Pts',(-0.0992111117659272,0.172843285879895,
-0.32382112198232));
#3331=CARTESIAN_POINT('Ctrl Pts',(-0.0511135795364686,0.191816877690678,
-0.331321121982316));
#3332=CARTESIAN_POINT('Ctrl Pts',(-0.025357845280736,0.196470661125576,
-0.335071121982353));
#3333=CARTESIAN_POINT('Ctrl Pts',(0.0260298160233155,0.195593252554734,
-0.342571121982283));
#3334=CARTESIAN_POINT('Ctrl Pts',(0.0514511636714112,0.190066983772757,
-0.346321121982314));
#3335=CARTESIAN_POINT('Ctrl Pts',(0.0983051911092566,0.169709060368003,
-0.353821121982322));
#3336=CARTESIAN_POINT('Ctrl Pts',(0.119545314414069,0.154962520831997,-0.357571121982316));
#3337=CARTESIAN_POINT('Ctrl Pts',(0.154822838933481,0.118442445432043,-0.36507112198232));
#3338=CARTESIAN_POINT('Ctrl Pts',(0.168715005876918,0.0968211778483647,
-0.368821121982333));
#3339=CARTESIAN_POINT('Ctrl Pts',(0.187212529784981,0.0498666587089821,
-0.376321121982303));
#3340=CARTESIAN_POINT('Ctrl Pts',(0.191742039030811,0.0247295831717936,
-0.380071121982311));
#3341=CARTESIAN_POINT('Ctrl Pts',(0.190862172067781,-0.025419861369101,
-0.387571121982325));
#3342=CARTESIAN_POINT('Ctrl Pts',(0.18545781203578,-0.0502220431996688,
-0.391321121982326));
#3343=CARTESIAN_POINT('Ctrl Pts',(0.165571411504002,-0.0959310877032583,
-0.39882112198231));
#3344=CARTESIAN_POINT('Ctrl Pts',(0.151174404715074,-0.116645726556694,
-0.402571121982317));
#3345=CARTESIAN_POINT('Ctrl Pts',(0.115528054483948,-0.151045685305024,
-0.410071121982319));
#3346=CARTESIAN_POINT('Ctrl Pts',(0.0944307338235205,-0.16458589111391,
-0.413821121982307));
#3347=CARTESIAN_POINT('Ctrl Pts',(0.0486191371968869,-0.182606599111595,
-0.421321121982329));
#3348=CARTESIAN_POINT('Ctrl Pts',(0.0241006594044688,-0.187010885134985,
-0.425071121982289));
#3349=CARTESIAN_POINT('Ctrl Pts',(-0.024810655080656,-0.186126962636961,
-0.432571121982347));
#3350=CARTESIAN_POINT('Ctrl Pts',(-0.0489937675301914,-0.180842213853197,
-0.436321121982309));
#3351=CARTESIAN_POINT('Ctrl Pts',(-0.0935579822063441,-0.16142405702886,
-0.443821121982327));
#3352=CARTESIAN_POINT('Ctrl Pts',(-0.113747326496243,-0.147369814112859,
-0.44757112198229));
#3353=CARTESIAN_POINT('Ctrl Pts',(-0.147270188872648,-0.112593293605378,
-0.455071121982346));
#3354=CARTESIAN_POINT('Ctrl Pts',(-0.160458563728447,-0.0919882422136514,
-0.458821121982325));
#3355=CARTESIAN_POINT('Ctrl Pts',(-0.178004622773272,-0.0473521629978592,
-0.46632112198231));
#3356=CARTESIAN_POINT('Ctrl Pts',(-0.182280209354411,-0.0232039748248636,
-0.470070650689131));
#3357=CARTESIAN_POINT('Ctrl Pts',(-0.181842673047593,0.000443684306114942,
-0.473833985763894));
#3358=CARTESIAN_POINT('Ctrl Pts',(-0.181841418104952,0.000511078469954991,
-0.473846849545471));
#3359=CARTESIAN_POINT('Ctrl Pts',(-0.18184006606695,0.000583894398793185,
-0.473859713327047));
#3360=CARTESIAN_POINT('Ctrl Pts',(-0.219305405365589,0.0102446421891988,
-0.102644967271878));
#3361=CARTESIAN_POINT('Ctrl Pts',(-0.217761189144397,0.0356378311531866,
-0.105962899087503));
#3362=CARTESIAN_POINT('Ctrl Pts',(-0.211802092449887,0.0606351972966158,
-0.109279776158217));
#3363=CARTESIAN_POINT('Ctrl Pts',(-0.190394361029567,0.110179438920739,
-0.116347290917796));
#3364=CARTESIAN_POINT('Ctrl Pts',(-0.173899211795917,0.134046405952339,
-0.1200972909178));
#3365=CARTESIAN_POINT('Ctrl Pts',(-0.133008968863756,0.173709053698846,
-0.127597290917792));
#3366=CARTESIAN_POINT('Ctrl Pts',(-0.108767311285803,0.189358518910099,
-0.131347290917786));
#3367=CARTESIAN_POINT('Ctrl Pts',(-0.0560972515643074,0.210235303829134,
-0.138847290917805));
#3368=CARTESIAN_POINT('Ctrl Pts',(-0.0278668295479482,0.215385621906274,
-0.142597290917793));
#3369=CARTESIAN_POINT('Ctrl Pts',(0.0284735817223162,0.214516849959005,
-0.150097290917799));
#3370=CARTESIAN_POINT('Ctrl Pts',(0.05637124571908,0.20850235968381,-0.153847290917788));
#3371=CARTESIAN_POINT('Ctrl Pts',(0.107804347618602,0.186257194061863,-0.161347290917803));
#3372=CARTESIAN_POINT('Ctrl Pts',(0.131145476405927,0.170112000579777,-0.165097290917806));
#3373=CARTESIAN_POINT('Ctrl Pts',(0.169931370395852,0.130096087228926,-0.172597290917786));
#3374=CARTESIAN_POINT('Ctrl Pts',(0.185229415953736,0.106378639362105,-0.176347290917787));
#3375=CARTESIAN_POINT('Ctrl Pts',(0.205630557201666,0.0548518299326346,
-0.183847290917804));
#3376=CARTESIAN_POINT('Ctrl Pts',(0.210656814123871,0.0272401263696978,
-0.187597290917789));
#3377=CARTESIAN_POINT('Ctrl Pts',(0.209786044631704,-0.0278620701947631,
-0.195097290917803));
#3378=CARTESIAN_POINT('Ctrl Pts',(0.203893687233248,-0.0551406568638338,
-0.198847290917808));
#3379=CARTESIAN_POINT('Ctrl Pts',(0.18212048494513,-0.105429038847693,-0.206347290917784));
#3380=CARTESIAN_POINT('Ctrl Pts',(0.166325021787711,-0.128244955125495,
-0.210097290917819));
#3381=CARTESIAN_POINT('Ctrl Pts',(0.127183187873095,-0.166153867300623,
-0.217597290917773));
#3382=CARTESIAN_POINT('Ctrl Pts',(0.103989829077569,-0.181100509130087,
-0.221347290917797));
#3383=CARTESIAN_POINT('Ctrl Pts',(0.0536061576161041,-0.201025899744545,
-0.228847290917794));
#3384=CARTESIAN_POINT('Ctrl Pts',(0.026613121836086,-0.205928051252265,
-0.232597290917797));
#3385=CARTESIAN_POINT('Ctrl Pts',(-0.0272508927151766,-0.205055180376771,
-0.240097290917795));
#3386=CARTESIAN_POINT('Ctrl Pts',(-0.0539104099017602,-0.199284906352101,
-0.243847290917808));
#3387=CARTESIAN_POINT('Ctrl Pts',(-0.103054047619305,-0.177983569875759,
-0.251347290917785));
#3388=CARTESIAN_POINT('Ctrl Pts',(-0.125344730555311,-0.1625377938933,-0.255097290917796));
#3389=CARTESIAN_POINT('Ctrl Pts',(-0.162376593700266,-0.124269962183544,
-0.262597290917796));
#3390=CARTESIAN_POINT('Ctrl Pts',(-0.17697179167861,-0.10160066280095,-0.266347290917786));
#3391=CARTESIAN_POINT('Ctrl Pts',(-0.196421335616246,-0.052360084889374,
-0.273847290917806));
#3392=CARTESIAN_POINT('Ctrl Pts',(-0.201199330830628,-0.0259857058003054,
-0.277597290917794));
#3393=CARTESIAN_POINT('Ctrl Pts',(-0.200324249700595,0.0266401302702955,
-0.285097290917798));
#3394=CARTESIAN_POINT('Ctrl Pts',(-0.194676006170597,0.0526805681034504,
-0.28884729091778));
#3395=CARTESIAN_POINT('Ctrl Pts',(-0.173846431161532,0.100679422119762,
-0.296347290917812));
#3396=CARTESIAN_POINT('Ctrl Pts',(-0.15875029614854,0.12244484167911,-0.300097290917792));
#3397=CARTESIAN_POINT('Ctrl Pts',(-0.12135638358047,0.15859957794251,-0.307597290917799));
#3398=CARTESIAN_POINT('Ctrl Pts',(-0.0992111117659272,0.172843285879895,
-0.311347290917797));
#3399=CARTESIAN_POINT('Ctrl Pts',(-0.0511135795364686,0.191816877690678,
-0.318847290917794));
#3400=CARTESIAN_POINT('Ctrl Pts',(-0.025357845280736,0.196470661125576,
-0.322597290917831));
#3401=CARTESIAN_POINT('Ctrl Pts',(0.0260298160233155,0.195593252554734,
-0.330097290917761));
#3402=CARTESIAN_POINT('Ctrl Pts',(0.0514511636714112,0.190066983772757,
-0.333847290917792));
#3403=CARTESIAN_POINT('Ctrl Pts',(0.0983051911092566,0.169709060368003,
-0.3413472909178));
#3404=CARTESIAN_POINT('Ctrl Pts',(0.119545314414069,0.154962520831997,-0.345097290917794));
#3405=CARTESIAN_POINT('Ctrl Pts',(0.154822838933481,0.118442445432043,-0.352597290917797));
#3406=CARTESIAN_POINT('Ctrl Pts',(0.168715005876918,0.0968211778483647,
-0.356347290917811));
#3407=CARTESIAN_POINT('Ctrl Pts',(0.187212529784981,0.0498666587089821,
-0.363847290917781));
#3408=CARTESIAN_POINT('Ctrl Pts',(0.191742039030811,0.0247295831717936,
-0.367597290917789));
#3409=CARTESIAN_POINT('Ctrl Pts',(0.190862172067781,-0.025419861369101,
-0.375097290917802));
#3410=CARTESIAN_POINT('Ctrl Pts',(0.18545781203578,-0.0502220431996688,
-0.378847290917804));
#3411=CARTESIAN_POINT('Ctrl Pts',(0.165571411504002,-0.0959310877032583,
-0.386347290917787));
#3412=CARTESIAN_POINT('Ctrl Pts',(0.151174404715074,-0.116645726556694,
-0.390097290917795));
#3413=CARTESIAN_POINT('Ctrl Pts',(0.115528054483948,-0.151045685305024,
-0.397597290917797));
#3414=CARTESIAN_POINT('Ctrl Pts',(0.0944307338235206,-0.16458589111391,
-0.401347290917785));
#3415=CARTESIAN_POINT('Ctrl Pts',(0.0486191371968869,-0.182606599111595,
-0.408847290917807));
#3416=CARTESIAN_POINT('Ctrl Pts',(0.0241006594044688,-0.187010885134985,
-0.412597290917767));
#3417=CARTESIAN_POINT('Ctrl Pts',(-0.024810655080656,-0.186126962636961,
-0.420097290917825));
#3418=CARTESIAN_POINT('Ctrl Pts',(-0.0489937675301914,-0.180842213853197,
-0.423847290917787));
#3419=CARTESIAN_POINT('Ctrl Pts',(-0.0935579822063441,-0.16142405702886,
-0.431347290917804));
#3420=CARTESIAN_POINT('Ctrl Pts',(-0.113747326496243,-0.147369814112859,
-0.435097290917767));
#3421=CARTESIAN_POINT('Ctrl Pts',(-0.147270188872648,-0.112593293605378,
-0.442597290917824));
#3422=CARTESIAN_POINT('Ctrl Pts',(-0.160458563728447,-0.0919882422136514,
-0.446347290917803));
#3423=CARTESIAN_POINT('Ctrl Pts',(-0.178004622773272,-0.0473521629978592,
-0.453847290917787));
#3424=CARTESIAN_POINT('Ctrl Pts',(-0.182280209354411,-0.0232039748248636,
-0.457596819624605));
#3425=CARTESIAN_POINT('Ctrl Pts',(-0.181842673047593,0.000443684306114942,
-0.461360154699373));
#3426=CARTESIAN_POINT('Ctrl Pts',(-0.181841418104952,0.000511078469954991,
-0.461373018480949));
#3427=CARTESIAN_POINT('Ctrl Pts',(-0.18184006606695,0.000583894398793184,
-0.461385882262525));
#3428=CARTESIAN_POINT('',(-0.219305405365589,0.0102446421891988,-0.1225));
#3429=CARTESIAN_POINT('',(-0.219305405365589,0.0102446421891988,-0.1175));
#3430=CARTESIAN_POINT('Ctrl Pts',(-0.219305405365589,0.0102446421891988,
-0.1225));
#3431=CARTESIAN_POINT('Ctrl Pts',(-0.219305405365589,0.0102446421891988,
-0.120833333333333));
#3432=CARTESIAN_POINT('Ctrl Pts',(-0.219305405365589,0.0102446421891988,
-0.119166666666667));
#3433=CARTESIAN_POINT('Ctrl Pts',(-0.219305405365589,0.0102446421891988,
-0.1175));
#3434=CARTESIAN_POINT('',(-0.216053400207605,0.036814745182665,-0.106208335532175));
#3435=CARTESIAN_POINT('Ctrl Pts',(-0.216053400207605,0.036814745182665,
-0.106208335532175));
#3436=CARTESIAN_POINT('Ctrl Pts',(-0.217723873411795,0.027772190240732,
-0.110170584099627));
#3437=CARTESIAN_POINT('Ctrl Pts',(-0.218772612100533,0.0190059282530585,
-0.113890914405652));
#3438=CARTESIAN_POINT('Ctrl Pts',(-0.219305405365589,0.0102446421891988,
-0.1175));
#3439=CARTESIAN_POINT('Ctrl Pts',(-0.18184006606695,0.000583894398791844,
-0.461385882262525));
#3440=CARTESIAN_POINT('Ctrl Pts',(-0.181845318888699,0.000300996215337501,
-0.461341259485244));
#3441=CARTESIAN_POINT('Ctrl Pts',(-0.181849843679719,4.99272816987954E-5,
-0.461301771109905));
#3442=CARTESIAN_POINT('Ctrl Pts',(-0.182037545343441,-0.0120091848147883,
-0.459403019720148));
#3443=CARTESIAN_POINT('Ctrl Pts',(-0.181053799004076,-0.023857682585886,
-0.457542642912676));
#3444=CARTESIAN_POINT('Ctrl Pts',(-0.176788477303981,-0.0473829091905709,
-0.453789431625527));
#3445=CARTESIAN_POINT('Ctrl Pts',(-0.173462724784801,-0.0590470510718028,
-0.451897637168033));
#3446=CARTESIAN_POINT('Ctrl Pts',(-0.16461730646663,-0.0813454787860048,
-0.448145408027227));
#3447=CARTESIAN_POINT('Ctrl Pts',(-0.159134689415655,-0.0919794268484007,
-0.446285386460309));
#3448=CARTESIAN_POINT('Ctrl Pts',(-0.14610078521769,-0.112201936391232,
-0.442532893762758));
#3449=CARTESIAN_POINT('Ctrl Pts',(-0.138511919673446,-0.121763678972356,
-0.440641117861794));
#3450=CARTESIAN_POINT('Ctrl Pts',(-0.121691079105734,-0.139083035116205,
-0.436888937301041));
#3451=CARTESIAN_POINT('Ctrl Pts',(-0.112494946603747,-0.146854455620032,
-0.435029092691918));
#3452=CARTESIAN_POINT('Ctrl Pts',(-0.0925838098813585,-0.160627539630813,
-0.431277106307642));
#3453=CARTESIAN_POINT('Ctrl Pts',(-0.0818440148918968,-0.166590201292758,
-0.429385599769489));
#3454=CARTESIAN_POINT('Ctrl Pts',(-0.0595319856060474,-0.17620549019777,
-0.425633806963338));
#3455=CARTESIAN_POINT('Ctrl Pts',(-0.0479881449697758,-0.179884734938056,
-0.423774149530433));
#3456=CARTESIAN_POINT('Ctrl Pts',(-0.0241717946356926,-0.185012714541766,
-0.420022664055935));
#3457=CARTESIAN_POINT('Ctrl Pts',(-0.0118909888929028,-0.18641590294217,
-0.418131420679977));
#3458=CARTESIAN_POINT('Ctrl Pts',(0.0125545493587465,-0.186754368882415,
-0.414380032457993));
#3459=CARTESIAN_POINT('Ctrl Pts',(0.0247028390464225,-0.185725441788652,
-0.41252057266595));
#3460=CARTESIAN_POINT('Ctrl Pts',(0.0488163376259835,-0.181313852367043,
-0.408769583149883));
#3461=CARTESIAN_POINT('Ctrl Pts',(0.0607720002832829,-0.177885770337331,
-0.40687859668744));
#3462=CARTESIAN_POINT('Ctrl Pts',(0.0836247700845579,-0.168780456043391,
-0.403127630153083));
#3463=CARTESIAN_POINT('Ctrl Pts',(0.0945202076158673,-0.163143013821424,
-0.401268378731519));
#3464=CARTESIAN_POINT('Ctrl Pts',(0.115233539520298,-0.149751464250271,
-0.397517880644034));
#3465=CARTESIAN_POINT('Ctrl Pts',(0.125025304748536,-0.1419588171274,-0.395627144828596));
#3466=CARTESIAN_POINT('Ctrl Pts',(0.142758588102358,-0.124690883528927,
-0.391876617422477));
#3467=CARTESIAN_POINT('Ctrl Pts',(0.150713833610588,-0.115253400624314,
-0.390017585377554));
#3468=CARTESIAN_POINT('Ctrl Pts',(0.164807258614041,-0.0948267437881457,
-0.386267574558513));
#3469=CARTESIAN_POINT('Ctrl Pts',(0.170906466648116,-0.0838117538954813,
-0.384377083130504));
#3470=CARTESIAN_POINT('Ctrl Pts',(0.180737143246914,-0.0609307270145207,
-0.380627012710559));
#3471=CARTESIAN_POINT('Ctrl Pts',(0.184495972843635,-0.0490946464390057,
-0.378768211349029));
#3472=CARTESIAN_POINT('Ctrl Pts',(0.189727274858692,-0.0246805532488519,
-0.375018683974539));
#3473=CARTESIAN_POINT('Ctrl Pts',(0.191153661297057,-0.0120934954563492,
-0.373128430712159));
#3474=CARTESIAN_POINT('Ctrl Pts',(0.19147822041935,0.0129594131280209,-0.369378835630061));
#3475=CARTESIAN_POINT('Ctrl Pts',(0.190413427857025,0.0254079535101946,
-0.367520276576334));
#3476=CARTESIAN_POINT('Ctrl Pts',(0.185873422836684,0.0501139961625393,
-0.363771229115729));
#3477=CARTESIAN_POINT('Ctrl Pts',(0.182351921292568,0.0623621727448691,
-0.361881207866322));
#3478=CARTESIAN_POINT('Ctrl Pts',(0.173006239577968,0.0857719686272533,
-0.358132107047724));
#3479=CARTESIAN_POINT('Ctrl Pts',(0.167223168818904,0.0969318509598397,
-0.356273802264067));
#3480=CARTESIAN_POINT('Ctrl Pts',(0.153490566660899,0.118146130021129,-0.3525252314312));
#3481=CARTESIAN_POINT('Ctrl Pts',(0.145501631690813,0.128173984148042,-0.350635436141768));
#3482=CARTESIAN_POINT('Ctrl Pts',(0.127802666846961,0.146333002330841,-0.346886849178811));
#3483=CARTESIAN_POINT('Ctrl Pts',(0.118131432444287,0.15447852224563,-0.345028810991488));
#3484=CARTESIAN_POINT('Ctrl Pts',(0.0972010757043628,0.168908489805392,
-0.341280713705927));
#3485=CARTESIAN_POINT('Ctrl Pts',(0.0859156333256179,0.17515299101307,-0.339391138459366));
#3486=CARTESIAN_POINT('Ctrl Pts',(0.0624762523785901,0.185216657407286,
-0.335643085700686));
#3487=CARTESIAN_POINT('Ctrl Pts',(0.0503526309613803,0.189064221226818,
-0.333785326822269));
#3488=CARTESIAN_POINT('Ctrl Pts',(0.0253456663635545,0.194418959819106,
-0.330037700154944));
#3489=CARTESIAN_POINT('Ctrl Pts',(0.0124534217542093,0.195878757086733,
-0.328148339204552));
#3490=CARTESIAN_POINT('Ctrl Pts',(-0.0132036569923167,0.196210397361841,
-0.324400841859332));
#3491=CARTESIAN_POINT('Ctrl Pts',(-0.0259515769405721,0.195120320338271,
-0.322543375418569));
#3492=CARTESIAN_POINT('Ctrl Pts',(-0.0512534642941316,0.190473004529518,
-0.318796216549388));
#3493=CARTESIAN_POINT('Ctrl Pts',(-0.0637971691564521,0.186868243254666,
-0.316907064360873));
#3494=CARTESIAN_POINT('Ctrl Pts',(-0.0877692172080943,0.177303481022799,
-0.313160144601421));
#3495=CARTESIAN_POINT('Ctrl Pts',(-0.0991968875459584,0.171385221092428,
-0.31130298416797));
#3496=CARTESIAN_POINT('Ctrl Pts',(-0.120923602602436,0.157330391637846,
-0.307556290324059));
#3497=CARTESIAN_POINT('Ctrl Pts',(-0.131194425659272,0.149153672790305,
-0.305667341615289));
#3498=CARTESIAN_POINT('Ctrl Pts',(-0.149792558027074,0.13104193734376,-0.301921022694908));
#3499=CARTESIAN_POINT('Ctrl Pts',(-0.15813566082265,0.121145597438304,-0.300064182314352));
#3500=CARTESIAN_POINT('Ctrl Pts',(-0.172920575190095,0.0997249586008617,
-0.29631795071623));
#3501=CARTESIAN_POINT('Ctrl Pts',(-0.179320283237256,0.0881744705869465,
-0.294429200503769));
#3502=CARTESIAN_POINT('Ctrl Pts',(-0.189636910957833,0.0641889075949255,
-0.290683506882635));
#3503=CARTESIAN_POINT('Ctrl Pts',(-0.193583597343566,0.0517831199772055,
-0.288827001110206));
#3504=CARTESIAN_POINT('Ctrl Pts',(-0.19908464447384,0.0261888087961189,
-0.285081228910384));
#3505=CARTESIAN_POINT('Ctrl Pts',(-0.200589443469291,0.0129926407245342,
-0.283192672559386));
#3506=CARTESIAN_POINT('Ctrl Pts',(-0.201132588083558,-0.0263389098496597,
-0.277582905343178));
#3507=CARTESIAN_POINT('Ctrl Pts',(-0.196345226522682,-0.0524830426929755,
-0.273871194879387));
#3508=CARTESIAN_POINT('Ctrl Pts',(-0.181971180198216,-0.088985445429975,
-0.268308827837712));
#3509=CARTESIAN_POINT('Ctrl Pts',(-0.175968428558246,-0.100703869950235,
-0.266453050552891));
#3510=CARTESIAN_POINT('Ctrl Pts',(-0.16168817965846,-0.123001771562215,
-0.262708349362171));
#3511=CARTESIAN_POINT('Ctrl Pts',(-0.153368627710345,-0.133550278097559,
-0.26082011434954));
#3512=CARTESIAN_POINT('Ctrl Pts',(-0.134927775290899,-0.15266713714104,
-0.257075911363186));
#3513=CARTESIAN_POINT('Ctrl Pts',(-0.124842886059254,-0.161250096627628,
-0.2552201948207));
#3514=CARTESIAN_POINT('Ctrl Pts',(-0.102998810896387,-0.17648194565001,
-0.251475871980092));
#3515=CARTESIAN_POINT('Ctrl Pts',(-0.091211803740635,-0.183086444953318,
-0.249587826258621));
#3516=CARTESIAN_POINT('Ctrl Pts',(-0.066723289411008,-0.193763703744938,
-0.245843747389289));
#3517=CARTESIAN_POINT('Ctrl Pts',(-0.0540505750529177,-0.197863150567543,
-0.243988082352423));
#3518=CARTESIAN_POINT('Ctrl Pts',(-0.0278948576072373,-0.203620734721655,
-0.240244128146998));
#3519=CARTESIAN_POINT('Ctrl Pts',(-0.0144022328513014,-0.205227206578369,
-0.238356269083821));
#3520=CARTESIAN_POINT('Ctrl Pts',(0.0124614285355559,-0.205736400284758,
-0.234612296886223));
#3521=CARTESIAN_POINT('Ctrl Pts',(0.0258150569578431,-0.204674362664021,
-0.232756674966835));
#3522=CARTESIAN_POINT('Ctrl Pts',(0.0523347217022713,-0.199970659841567,
-0.229013079843686));
#3523=CARTESIAN_POINT('Ctrl Pts',(0.0654907345694042,-0.19627723004893,
-0.227125405029921));
#3524=CARTESIAN_POINT('Ctrl Pts',(0.0906524724038245,-0.186424353219002,
-0.223381523273298));
#3525=CARTESIAN_POINT('Ctrl Pts',(0.102654436491209,-0.180304104984145,
-0.221525936896156));
#3526=CARTESIAN_POINT('Ctrl Pts',(0.12549068594947,-0.165739870293539,-0.217782691463851));
#3527=CARTESIAN_POINT('Ctrl Pts',(0.136296581070429,-0.157251240555581,
-0.215895198710583));
#3528=CARTESIAN_POINT('Ctrl Pts',(0.155893460180463,-0.138423516567387,
-0.21215139232302));
#3529=CARTESIAN_POINT('Ctrl Pts',(0.164694834880441,-0.128122513775902,
-0.210295834693367));
#3530=CARTESIAN_POINT('Ctrl Pts',(0.180318203489266,-0.105811909047302,
-0.20655292972232));
#3531=CARTESIAN_POINT('Ctrl Pts',(0.187097276021945,-0.093771055578951,
-0.204665617057613));
#3532=CARTESIAN_POINT('Ctrl Pts',(0.198073259093474,-0.0687424923030299,
-0.200921872079781));
#3533=CARTESIAN_POINT('Ctrl Pts',(0.20229342346624,-0.0557868657188998,
-0.199066337155204));
#3534=CARTESIAN_POINT('Ctrl Pts',(0.208237427313228,-0.0290509193200787,
-0.195323763578227));
#3535=CARTESIAN_POINT('Ctrl Pts',(0.209909692579106,-0.0152571914603169,
-0.193436629239484));
#3536=CARTESIAN_POINT('Ctrl Pts',(0.210491565790041,0.0122199689713745,
-0.189692932762057));
#3537=CARTESIAN_POINT('Ctrl Pts',(0.209434389515223,0.025881463926619,-0.187837415217119));
#3538=CARTESIAN_POINT('Ctrl Pts',(0.204684016768918,0.0530091816411467,
-0.184095164133351));
#3539=CARTESIAN_POINT('Ctrl Pts',(0.20093771829941,0.0664689625694902,-0.182208206566911));
#3540=CARTESIAN_POINT('Ctrl Pts',(0.19092016018664,0.0922267637549927,-0.178464546688634));
#3541=CARTESIAN_POINT('Ctrl Pts',(0.184687929718876,0.104515869577936,-0.17660904188778));
#3542=CARTESIAN_POINT('Ctrl Pts',(0.169850478968088,0.127897788240914,-0.172867104562227));
#3543=CARTESIAN_POINT('Ctrl Pts',(0.161198027755236,0.138965046872003,-0.170980322416483));
#3544=CARTESIAN_POINT('Ctrl Pts',(0.141992187909368,0.159051988747423,-0.167236688190687));
#3545=CARTESIAN_POINT('Ctrl Pts',(0.131478750008954,0.168077055874181,-0.165381192157377));
#3546=CARTESIAN_POINT('Ctrl Pts',(0.108708591928444,0.184102561032996,-0.161639560024846));
#3547=CARTESIAN_POINT('Ctrl Pts',(0.0964171633259026,0.191061740300117,
-0.159752952147064));
#3548=CARTESIAN_POINT('Ctrl Pts',(0.0708527815642007,0.202348733153027,
-0.156009333531615));
#3549=CARTESIAN_POINT('Ctrl Pts',(0.0576156504663396,0.206695745815925,
-0.154153842917338));
#3550=CARTESIAN_POINT('Ctrl Pts',(0.0303018071993907,0.212838355807021,
-0.150412507582995));
#3551=CARTESIAN_POINT('Ctrl Pts',(0.0162078809146417,0.214582626556797,
-0.148526073015956));
#3552=CARTESIAN_POINT('Ctrl Pts',(-0.0118834566613878,0.215249848105102,
-0.144782460828702));
#3553=CARTESIAN_POINT('Ctrl Pts',(-0.0258537810788718,0.214203616552394,
-0.142926972885334));
#3554=CARTESIAN_POINT('Ctrl Pts',(-0.0535919981345129,0.209418458229265,
-0.139185926126776));
#3555=CARTESIAN_POINT('Ctrl Pts',(-0.067357033190702,0.205625246910747,
-0.137299664104857));
#3556=CARTESIAN_POINT('Ctrl Pts',(-0.0937161618963309,0.195454238773258,
-0.133556049976827));
#3557=CARTESIAN_POINT('Ctrl Pts',(-0.106295511106589,0.189115207748591,
-0.131700562528759));
#3558=CARTESIAN_POINT('Ctrl Pts',(-0.13022975787504,0.174014380797376,-0.12795979629769));
#3559=CARTESIAN_POINT('Ctrl Pts',(-0.141561938088658,0.165202952112446,
-0.126073706243995));
#3560=CARTESIAN_POINT('Ctrl Pts',(-0.162147845152014,0.145627255257951,
-0.122330082576147));
#3561=CARTESIAN_POINT('Ctrl Pts',(-0.171401327942726,0.134904967543087,
-0.120474593993231));
#3562=CARTESIAN_POINT('Ctrl Pts',(-0.18706439131618,0.112775635155204,-0.11691029982343));
#3563=CARTESIAN_POINT('Ctrl Pts',(-0.193640078307778,0.101475065320755,
-0.115200080369858));
#3564=CARTESIAN_POINT('Ctrl Pts',(-0.203308494692067,0.0807841655832993,
-0.112205517568914));
#3565=CARTESIAN_POINT('Ctrl Pts',(-0.206844039608797,0.0716383120181961,
-0.110924125401119));
#3566=CARTESIAN_POINT('Ctrl Pts',(-0.212358988131445,0.0539398833116545,
-0.10849775958655));
#3567=CARTESIAN_POINT('Ctrl Pts',(-0.214462795582695,0.0454249579508505,
-0.107352639800791));
#3568=CARTESIAN_POINT('Ctrl Pts',(-0.216053400207605,0.036814745182665,
-0.106208335532175));
#3569=CARTESIAN_POINT('',(-0.208193389023711,0.0671117028750587,-0.147546372091651));
#3570=CARTESIAN_POINT('Ctrl Pts',(-0.208193389023708,0.0671117028750621,
-0.147546372091618));
#3571=CARTESIAN_POINT('Ctrl Pts',(-0.201239271267069,0.0877385541305656,
-0.150397473444735));
#3572=CARTESIAN_POINT('Ctrl Pts',(-0.19123959969446,0.107181533268964,-0.153234270403322));
#3573=CARTESIAN_POINT('Ctrl Pts',(-0.161637023792814,0.148267539320151,
-0.159894920295235));
#3574=CARTESIAN_POINT('Ctrl Pts',(-0.1404836264424,0.167916433016902,-0.163627746042579));
#3575=CARTESIAN_POINT('Ctrl Pts',(-0.0916331740332511,0.197961793108568,
-0.171212515563764));
#3576=CARTESIAN_POINT('Ctrl Pts',(-0.0646950762769988,0.207899237615431,
-0.174945252543126));
#3577=CARTESIAN_POINT('Ctrl Pts',(-0.0083507594921721,0.216781762768338,
-0.182530625063434));
#3578=CARTESIAN_POINT('Ctrl Pts',(0.0201783804347158,0.215590360647739,
-0.186263271083311));
#3579=CARTESIAN_POINT('Ctrl Pts',(0.0752991853099353,0.202176898692346,
-0.193849206281245));
#3580=CARTESIAN_POINT('Ctrl Pts',(0.101027315359392,0.190161869001913,-0.197581759777327));
#3581=CARTESIAN_POINT('Ctrl Pts',(0.146488519208295,0.156750818541545,-0.205168216344679));
#3582=CARTESIAN_POINT('Ctrl Pts',(0.165501447761973,0.135874472222614,-0.208900676407361));
#3583=CARTESIAN_POINT('Ctrl Pts',(0.183576597518288,0.105850699622752,-0.213639546977998));
#3584=CARTESIAN_POINT('Ctrl Pts',(0.186878921289048,0.0997018338516557,
-0.214582872972545));
#3585=CARTESIAN_POINT('Ctrl Pts',(0.195813767782742,0.0808881284238993,
-0.21740285480042));
#3586=CARTESIAN_POINT('Ctrl Pts',(0.200483620557242,0.0678605664883667,
-0.219269628937112));
#3587=CARTESIAN_POINT('Ctrl Pts',(0.207232762897356,0.0410381894369854,
-0.223025206061798));
#3588=CARTESIAN_POINT('Ctrl Pts',(0.209294366940773,0.0272742207594274,
-0.224908846522314));
#3589=CARTESIAN_POINT('Ctrl Pts',(0.210676128291185,-0.000322924799103206,
-0.228671140223608));
#3590=CARTESIAN_POINT('Ctrl Pts',(0.209999683049145,-0.0140688910386428,
-0.230538041102145));
#3591=CARTESIAN_POINT('Ctrl Pts',(0.205975183450579,-0.0412778936207388,
-0.234293870582926));
#3592=CARTESIAN_POINT('Ctrl Pts',(0.20262216536243,-0.0547067746135534,
-0.236177767806367));
#3593=CARTESIAN_POINT('Ctrl Pts',(0.19337155445173,-0.0805814268603463,
-0.239940380985306));
#3594=CARTESIAN_POINT('Ctrl Pts',(0.187510423152988,-0.0929487870184316,
-0.241807407708865));
#3595=CARTESIAN_POINT('Ctrl Pts',(0.173442604403714,-0.11640519519664,-0.245563488111078));
#3596=CARTESIAN_POINT('Ctrl Pts',(0.165243546374036,-0.127461674656658,
-0.247447648539978));
#3597=CARTESIAN_POINT('Ctrl Pts',(0.146883625133819,-0.147699998029516,
-0.251210582124257));
#3598=CARTESIAN_POINT('Ctrl Pts',(0.136786072974031,-0.156824153528856,
-0.253077733764323));
#3599=CARTESIAN_POINT('Ctrl Pts',(0.114924437587715,-0.173004400332521,
-0.256834063745027));
#3600=CARTESIAN_POINT('Ctrl Pts',(0.103178698165578,-0.180033821730645,
-0.258718493818996));
#3601=CARTESIAN_POINT('Ctrl Pts',(0.0786013010163389,-0.191621669470532,
-0.26248174849708));
#3602=CARTESIAN_POINT('Ctrl Pts',(0.0658495379227681,-0.196151642474399,
-0.264349024088832));
#3603=CARTESIAN_POINT('Ctrl Pts',(0.0396042078559664,-0.202677268417721,
-0.268105602408603));
#3604=CARTESIAN_POINT('Ctrl Pts',(0.0261364869708673,-0.204655308734223,
-0.269990308556219));
#3605=CARTESIAN_POINT('Ctrl Pts',(-0.000852478972855029,-0.205927215560219,
-0.273753884753452));
#3606=CARTESIAN_POINT('Ctrl Pts',(-0.0142899029035926,-0.205225695106191,
-0.27562128329096));
#3607=CARTESIAN_POINT('Ctrl Pts',(-0.0408796183544851,-0.201212878310058,
-0.279378108825146));
#3608=CARTESIAN_POINT('Ctrl Pts',(-0.0540025308704117,-0.197894686968041,
-0.281263097462464));
#3609=CARTESIAN_POINT('Ctrl Pts',(-0.079272144481198,-0.188772785694736,
-0.285026995322775));
#3610=CARTESIAN_POINT('Ctrl Pts',(-0.0913441361092597,-0.183005384245841,
-0.28689451575127));
#3611=CARTESIAN_POINT('Ctrl Pts',(-0.114231296361056,-0.169183190393364,
-0.290651587502131));
#3612=CARTESIAN_POINT('Ctrl Pts',(-0.125017649465508,-0.161132293213379,
-0.292536865027404));
#3613=CARTESIAN_POINT('Ctrl Pts',(-0.14474426302867,-0.143120947372008,
-0.296301084393834));
#3614=CARTESIAN_POINT('Ctrl Pts',(-0.15363030459961,-0.133222229807654,
-0.298168725605069));
#3615=CARTESIAN_POINT('Ctrl Pts',(-0.169376387526278,-0.111804000286399,
-0.301926042717299));
#3616=CARTESIAN_POINT('Ctrl Pts',(-0.176211819313866,-0.100297811329847,
-0.303811615505604));
#3617=CARTESIAN_POINT('Ctrl Pts',(-0.187457789138974,-0.0762373389796521,
-0.307576155896745));
#3618=CARTESIAN_POINT('Ctrl Pts',(-0.191842568852307,-0.0637600985572534,
-0.309443916721925));
#3619=CARTESIAN_POINT('Ctrl Pts',(-0.198134213622841,-0.0380901827071792,
-0.313201478495672));
#3620=CARTESIAN_POINT('Ctrl Pts',(-0.200023415980965,-0.0249178037230128,
-0.315087352896079));
#3621=CARTESIAN_POINT('Ctrl Pts',(-0.201174652021407,0.00146264246836599,
-0.318852213484295));
#3622=CARTESIAN_POINT('Ctrl Pts',(-0.200442761367118,0.0145906533046499,
-0.320720092684256));
#3623=CARTESIAN_POINT('Ctrl Pts',(-0.196431519902577,0.0405586001263003,
-0.324477898591214));
#3624=CARTESIAN_POINT('Ctrl Pts',(-0.193143030603206,0.0533743556210446,
-0.326364080924211));
#3625=CARTESIAN_POINT('Ctrl Pts',(-0.184140174565387,0.0780344796606079,
-0.330129260522329));
#3626=CARTESIAN_POINT('Ctrl Pts',(-0.178462048446057,0.0898082963426804,
-0.331997256784185));
#3627=CARTESIAN_POINT('Ctrl Pts',(-0.164877260945269,0.112120135797404,
-0.335755306491165));
#3628=CARTESIAN_POINT('Ctrl Pts',(-0.156970337608597,0.122633333828102,
-0.337641803038371));
#3629=CARTESIAN_POINT('Ctrl Pts',(-0.139300529539252,0.141840507146141,
-0.341407300066988));
#3630=CARTESIAN_POINT('Ctrl Pts',(-0.129597694965394,0.150484201348134,
-0.343275411994398));
#3631=CARTESIAN_POINT('Ctrl Pts',(-0.108617728373715,0.165787515363642,
-0.347033705380549));
#3632=CARTESIAN_POINT('Ctrl Pts',(-0.097348456663163,0.172424622590824,
-0.34892052238663));
#3633=CARTESIAN_POINT('Ctrl Pts',(-0.0738015126976982,0.183319029265347,
-0.352686334858469));
#3634=CARTESIAN_POINT('Ctrl Pts',(-0.0615977487469995,0.18755367122492,
-0.354554560961982));
#3635=CARTESIAN_POINT('Ctrl Pts',(-0.0365018479285184,0.193601609526971,
-0.358313098139306));
#3636=CARTESIAN_POINT('Ctrl Pts',(-0.0236240832818798,0.195397053428037,
-0.360200241805392));
#3637=CARTESIAN_POINT('Ctrl Pts',(0.00214719370264905,0.196417571361715,
-0.363966367302627));
#3638=CARTESIAN_POINT('Ctrl Pts',(0.0149648457661893,0.195650457607077,
-0.36583470599259));
#3639=CARTESIAN_POINT('Ctrl Pts',(0.0403086158137198,0.19163147709439,-0.369593487332234));
#3640=CARTESIAN_POINT('Ctrl Pts',(0.0528159959278855,0.188367971151049,
-0.371480963811777));
#3641=CARTESIAN_POINT('Ctrl Pts',(0.0768621873509197,0.179475348651587,
-0.375247399462743));
#3642=CARTESIAN_POINT('Ctrl Pts',(0.0883351244368123,0.173882494245283,
-0.377115849039892));
#3643=CARTESIAN_POINT('Ctrl Pts',(0.110065955810683,0.160527615808486,-0.380874875196587));
#3644=CARTESIAN_POINT('Ctrl Pts',(0.120303102019152,0.152760876200752,-0.382762690591537));
#3645=CARTESIAN_POINT('Ctrl Pts',(0.138983447563193,0.135426375494205,-0.386529433046753));
#3646=CARTESIAN_POINT('Ctrl Pts',(0.147380834706378,0.125916862173211,-0.388397991691394));
#3647=CARTESIAN_POINT('Ctrl Pts',(0.16223342725781,0.105370543848791,-0.392157263629479));
#3648=CARTESIAN_POINT('Ctrl Pts',(0.16866815683595,0.0943358803100072,-0.39404542398834));
#3649=CARTESIAN_POINT('Ctrl Pts',(0.179201958596021,0.0712996998738872,
-0.397812469402018));
#3650=CARTESIAN_POINT('Ctrl Pts',(0.18328193201586,0.0593686301746179,-0.399681135165211));
#3651=CARTESIAN_POINT('Ctrl Pts',(0.189077266222788,0.0348455839308685,
-0.403440654189084));
#3652=CARTESIAN_POINT('Ctrl Pts',(0.19077442630451,0.0222619017680502,-0.40532916550074));
#3653=CARTESIAN_POINT('Ctrl Pts',(0.191655038270522,-0.00289921073424563,
-0.409096509503554));
#3654=CARTESIAN_POINT('Ctrl Pts',(0.19084834586182,-0.0154054693257315,
-0.41096528029584));
#3655=CARTESIAN_POINT('Ctrl Pts',(0.186813189083103,-0.0401227596402361,
-0.414725048080411));
#3656=CARTESIAN_POINT('Ctrl Pts',(0.183570399267186,-0.0523205170101955,
-0.416613916273577));
#3657=CARTESIAN_POINT('Ctrl Pts',(0.174780149868963,-0.0757483437623265,
-0.420381553953982));
#3658=CARTESIAN_POINT('Ctrl Pts',(0.169269071587075,-0.0869178070589536,
-0.422250427534881));
#3659=CARTESIAN_POINT('Ctrl Pts',(0.156137390785654,-0.10806239294194,-0.426010446157956));
#3660=CARTESIAN_POINT('Ctrl Pts',(0.148507483324285,-0.118020741708252,
-0.427899677095794));
#3661=CARTESIAN_POINT('Ctrl Pts',(0.131502956415198,-0.136167257590828,
-0.431667602974239));
#3662=CARTESIAN_POINT('Ctrl Pts',(0.122184642135762,-0.144314682322815,
-0.433536576940958));
#3663=CARTESIAN_POINT('Ctrl Pts',(0.102067918682685,-0.158709339312871,
-0.437296848917321));
#3664=CARTESIAN_POINT('Ctrl Pts',(0.0912659089321779,-0.164937954478371,
-0.439186448396662));
#3665=CARTESIAN_POINT('Ctrl Pts',(0.0687384238838945,-0.175102828410641,
-0.44295465640522));
#3666=CARTESIAN_POINT('Ctrl Pts',(0.0570795642380526,-0.179024063965371,
-0.444823728180301));
#3667=CARTESIAN_POINT('Ctrl Pts',(0.0331284457461014,-0.184558816696221,
-0.44858425649836));
#3668=CARTESIAN_POINT('Ctrl Pts',(0.0208385239809411,-0.18615360663137,
-0.450474230246526));
#3669=CARTESIAN_POINT('Ctrl Pts',(-0.00371105367855881,-0.186886079443286,
-0.454242713707069));
#3670=CARTESIAN_POINT('Ctrl Pts',(-0.0159047823529081,-0.186036007578816,
-0.456111880527859));
#3671=CARTESIAN_POINT('Ctrl Pts',(-0.0399934379521063,-0.181977197069643,
-0.459872668688653));
#3672=CARTESIAN_POINT('Ctrl Pts',(-0.0518803009823957,-0.178751353321894,
-0.461763022360282));
#3673=CARTESIAN_POINT('Ctrl Pts',(-0.0746853534124746,-0.170056666424585,
-0.465531773957489));
#3674=CARTESIAN_POINT('Ctrl Pts',(-0.085548869827314,-0.164624434437092,
-0.467401032861178));
#3675=CARTESIAN_POINT('Ctrl Pts',(-0.10610249564151,-0.151710083383879,
-0.471162084916206));
#3676=CARTESIAN_POINT('Ctrl Pts',(-0.115779475152892,-0.144214134629339,
-0.473052824094551));
#3677=CARTESIAN_POINT('Ctrl Pts',(-0.133385594868325,-0.127535229790319,
-0.476821835861461));
#3678=CARTESIAN_POINT('Ctrl Pts',(-0.141279738280454,-0.118406480635843,
-0.478691183674667));
#3679=CARTESIAN_POINT('Ctrl Pts',(-0.154770401756586,-0.0993373611850364,
-0.482333788670753));
#3680=CARTESIAN_POINT('Ctrl Pts',(-0.160468600983953,-0.0894712804168691,
-0.484105877100781));
#3681=CARTESIAN_POINT('Ctrl Pts',(-0.168760095376516,-0.0714303076065,-0.487211076253547));
#3682=CARTESIAN_POINT('Ctrl Pts',(-0.171755859600348,-0.0634846645065163,
-0.488536971744358));
#3683=CARTESIAN_POINT('Ctrl Pts',(-0.177834032072721,-0.0431725768433054,
-0.491860618476834));
#3684=CARTESIAN_POINT('Ctrl Pts',(-0.180205731236166,-0.0306222474004557,
-0.493855902161473));
#3685=CARTESIAN_POINT('Ctrl Pts',(-0.182008820239561,-0.00885344937783198,
-0.497292177794999));
#3686=CARTESIAN_POINT('Ctrl Pts',(-0.181875523239474,-0.0063423271693114,
-0.497685749354018));
#3687=CARTESIAN_POINT('Ctrl Pts',(-0.181875143065032,-0.00295784629890014,
-0.498218728631086));
#3688=CARTESIAN_POINT('Ctrl Pts',(-0.219305405365589,0.0102446421891988,
-0.1225));
#3689=CARTESIAN_POINT('Ctrl Pts',(-0.218294228429867,0.0268724995141306,
-0.129349606313373));
#3690=CARTESIAN_POINT('Ctrl Pts',(-0.215679749297035,0.0426759072385906,
-0.136209732472374));
#3691=CARTESIAN_POINT('Ctrl Pts',(-0.210349766019795,0.0603561459777879,
-0.144393870461486));
#3692=CARTESIAN_POINT('Ctrl Pts',(-0.209675520269797,0.0625927056832869,
-0.145429168316945));
#3693=CARTESIAN_POINT('Ctrl Pts',(-0.20894702280559,0.0648763234259325,
-0.146494733643419));
#3694=CARTESIAN_POINT('Ctrl Pts',(-0.208193389023714,0.0671117028750442,
-0.147546372091684));
#3695=CARTESIAN_POINT('Ctrl Pts',(-0.110950407165339,0.0322095054638934,
-0.16900075234328));
#3696=CARTESIAN_POINT('Ctrl Pts',(-0.110140360108977,0.0347538418479559,
-0.169663368004518));
#3697=CARTESIAN_POINT('Ctrl Pts',(-0.10924249544356,0.0372688096017312,
-0.1703262142608));
#3698=CARTESIAN_POINT('Ctrl Pts',(-0.102694728318088,0.053756324945717,
-0.174736456342797));
#3699=CARTESIAN_POINT('Ctrl Pts',(-0.0943902246790245,0.066569247520603,
-0.178480133298699));
#3700=CARTESIAN_POINT('Ctrl Pts',(-0.0736159545878263,0.087987426414238,
-0.185974890833139));
#3701=CARTESIAN_POINT('Ctrl Pts',(-0.0611756683924841,0.0965636121810623,
-0.189718317513685));
#3702=CARTESIAN_POINT('Ctrl Pts',(-0.03407837486102,0.10829457075786,-0.197212908551787));
#3703=CARTESIAN_POINT('Ctrl Pts',(-0.0194597345139793,0.111432509496439,
-0.20095616280256));
#3704=CARTESIAN_POINT('Ctrl Pts',(0.00975321962476054,0.111913854987522,
-0.208450535193283));
#3705=CARTESIAN_POINT('Ctrl Pts',(0.0243058470645902,0.109255968147506,
-0.212193635971864));
#3706=CARTESIAN_POINT('Ctrl Pts',(0.051197034829956,0.0986525841028526,
-0.21968776651622));
#3707=CARTESIAN_POINT('Ctrl Pts',(0.0634968195388404,0.0907215907734909,
-0.223430715829025));
#3708=CARTESIAN_POINT('Ctrl Pts',(0.0840728759184448,0.070863983717009,
-0.230924589613431));
#3709=CARTESIAN_POINT('Ctrl Pts',(0.0923190566207543,0.0589653470796722,
-0.234667384169341));
#3710=CARTESIAN_POINT('Ctrl Pts',(0.103623311312035,0.0330378493580205,
-0.242160988364618));
#3711=CARTESIAN_POINT('Ctrl Pts',(0.106664380225029,0.019046054483167,-0.245903623077824));
#3712=CARTESIAN_POINT('Ctrl Pts',(0.107200132441855,-0.00892265311938435,
-0.253396945037114));
#3713=CARTESIAN_POINT('Ctrl Pts',(0.104693263815033,-0.02285912099681,-0.257139414074392));
#3714=CARTESIAN_POINT('Ctrl Pts',(0.0946173645795451,-0.0486218427564973,
-0.264632440730171));
#3715=CARTESIAN_POINT('Ctrl Pts',(0.0870622354892565,-0.0604104139207057,
-0.268374737815388));
#3716=CARTESIAN_POINT('Ctrl Pts',(0.0681247449039566,-0.0801464363224307,
-0.275867455465978));
#3717=CARTESIAN_POINT('Ctrl Pts',(0.0567694059446257,-0.0880645983151087,
-0.279609573959872));
#3718=CARTESIAN_POINT('Ctrl Pts',(0.0320140881192124,-0.0989458914217603,
-0.287101968172301));
#3719=CARTESIAN_POINT('Ctrl Pts',(0.0186499763237018,-0.101892402977426,
-0.290843901081265));
#3720=CARTESIAN_POINT('Ctrl Pts',(-0.00807370873916213,-0.102487182355558,
-0.298335956627163));
#3721=CARTESIAN_POINT('Ctrl Pts',(-0.0213941129175593,-0.100133795198384,
-0.30207769659212));
#3722=CARTESIAN_POINT('Ctrl Pts',(-0.0460294514263897,-0.0905901238133461,
-0.309569397390116));
#3723=CARTESIAN_POINT('Ctrl Pts',(-0.057307863636326,-0.0834131475143348,
-0.313310936665588));
#3724=CARTESIAN_POINT('Ctrl Pts',(-0.076206749033209,-0.0653998791423517,
-0.32080226572456));
#3725=CARTESIAN_POINT('Ctrl Pts',(-0.0837987952042445,-0.0545895982758183,
-0.324543596154992));
#3726=CARTESIAN_POINT('Ctrl Pts',(-0.0942615016713521,-0.0310092394215514,
-0.332034535513201));
#3727=CARTESIAN_POINT('Ctrl Pts',(-0.0971159612186442,-0.0182737391792286,
-0.335775648506991));
#3728=CARTESIAN_POINT('Ctrl Pts',(-0.0977750311889226,0.00720399133475273,
-0.343266179167001));
#3729=CARTESIAN_POINT('Ctrl Pts',(-0.0955778792105769,0.0199084317535666,
-0.347007065668526));
#3730=CARTESIAN_POINT('Ctrl Pts',(-0.0865718218508281,0.0434175659928049,
-0.354497167526924));
#3731=CARTESIAN_POINT('Ctrl Pts',(-0.0797755854457353,0.0541869972168991,
-0.35823781798675));
#3732=CARTESIAN_POINT('Ctrl Pts',(-0.0626912143164706,0.0722519869904804,
-0.365727469758899));
#3733=CARTESIAN_POINT('Ctrl Pts',(-0.0524279965820501,0.0795200583618359,
-0.369467874100703));
#3734=CARTESIAN_POINT('Ctrl Pts',(-0.0300257837851996,0.0895691087893861,
-0.376957053240151));
#3735=CARTESIAN_POINT('Ctrl Pts',(-0.0179199665833701,0.0923343479308352,
-0.380697200825615));
#3736=CARTESIAN_POINT('Ctrl Pts',(0.00631070559387401,0.0930636676879132,
-0.388185883436386));
#3737=CARTESIAN_POINT('Ctrl Pts',(0.0183992731013709,0.0910258752038224,
-0.391925763027936));
#3738=CARTESIAN_POINT('Ctrl Pts',(0.0407834922375118,0.0825635555112808,
-0.39941392377034));
#3739=CARTESIAN_POINT('Ctrl Pts',(0.0510452581728158,0.0761510064060823,
-0.403153523489921));
#3740=CARTESIAN_POINT('Ctrl Pts',(0.0682799915762905,0.0600008738551246,
-0.410641135478917));
#3741=CARTESIAN_POINT('Ctrl Pts',(0.0752265042931203,0.0502870166389973,
-0.414380442764868));
#3742=CARTESIAN_POINT('Ctrl Pts',(0.0848674759899897,0.0290666211706789,
-0.421867477459617));
#3743=CARTESIAN_POINT('Ctrl Pts',(0.0875467069553875,0.017591731093458,
-0.425606479019609));
#3744=CARTESIAN_POINT('Ctrl Pts',(0.0883530500730585,-0.00539056844456162,
-0.433092906104512));
#3745=CARTESIAN_POINT('Ctrl Pts',(0.0864781763737861,-0.0168633383651089,
-0.436831587865099));
#3746=CARTESIAN_POINT('Ctrl Pts',(0.0785665857238841,-0.0381240508510093,
-0.44431737512063));
#3747=CARTESIAN_POINT('Ctrl Pts',(0.0725410967126957,-0.0478796246226313,
-0.448055722174625));
#3748=CARTESIAN_POINT('Ctrl Pts',(0.0573313326925772,-0.0642881988019941,
-0.455540835332834));
#3749=CARTESIAN_POINT('Ctrl Pts',(0.0481694816180325,-0.0709158897994119,
-0.459278831890734));
#3750=CARTESIAN_POINT('Ctrl Pts',(0.0281351525568871,-0.0801551121975982,
-0.466763234467444));
#3751=CARTESIAN_POINT('Ctrl Pts',(0.0172926444586298,-0.0827519965857737,
-0.470500863824908));
#3752=CARTESIAN_POINT('Ctrl Pts',(-0.00443971237027617,-0.0836430862662511,
-0.477984516901376));
#3753=CARTESIAN_POINT('Ctrl Pts',(-0.015296727772052,-0.0819352149955853,
-0.481721761475399));
#3754=CARTESIAN_POINT('Ctrl Pts',(-0.0354354833192158,-0.0745823481690167,
-0.489204623334628));
#3755=CARTESIAN_POINT('Ctrl Pts',(-0.0446864916055896,-0.0689478358056106,
-0.492941464970065));
#3756=CARTESIAN_POINT('Ctrl Pts',(-0.060273576996029,-0.0546854380230715,
-0.500423490107197));
#3757=CARTESIAN_POINT('Ctrl Pts',(-0.0665854722932346,-0.0460787797812225,
-0.504159913631812));
#3758=CARTESIAN_POINT('Ctrl Pts',(-0.0754364891290265,-0.0272220720676832,
-0.511646275112356));
#3759=CARTESIAN_POINT('Ctrl Pts',(-0.0779556838694117,-0.0169991308923202,
-0.515387408476877));
#3760=CARTESIAN_POINT('Ctrl Pts',(-0.0784433797317023,-0.00674409363759081,
-0.519132653098143));
#3761=CARTESIAN_POINT('Ctrl Pts',(-0.143229255041257,0.0444177809301725,
-0.162017870936389));
#3762=CARTESIAN_POINT('Ctrl Pts',(-0.142136490771877,0.0477110571634288,
-0.162681020591133));
#3763=CARTESIAN_POINT('Ctrl Pts',(-0.140929923110041,0.0509650384332907,
-0.163344327830319));
#3764=CARTESIAN_POINT('Ctrl Pts',(-0.132156374457499,0.0722928100284623,
-0.167757812226101));
#3765=CARTESIAN_POINT('Ctrl Pts',(-0.121143825371019,0.0888385903959053,
-0.171504929009556));
#3766=CARTESIAN_POINT('Ctrl Pts',(-0.093722217040092,0.116404708800142,
-0.179005383411897));
#3767=CARTESIAN_POINT('Ctrl Pts',(-0.0773490401059383,0.127390712146739,
-0.182752388518833));
#3768=CARTESIAN_POINT('Ctrl Pts',(-0.0417542402045314,0.142251934298868,
-0.190252904160537));
#3769=CARTESIAN_POINT('Ctrl Pts',(-0.0225786662095815,0.14610786653392,
-0.193999865155405));
#3770=CARTESIAN_POINT('Ctrl Pts',(0.0156839078098385,0.146222374583526,
-0.20150040971436));
#3771=CARTESIAN_POINT('Ctrl Pts',(0.0347211696513571,0.142480338961683,
-0.205247346562327));
#3772=CARTESIAN_POINT('Ctrl Pts',(0.0698310164622804,0.12806785373655,-0.212747911798081));
#3773=CARTESIAN_POINT('Ctrl Pts',(0.0858575653834132,0.117415676413657,
-0.216494830974871));
#3774=CARTESIAN_POINT('Ctrl Pts',(0.112564601916651,0.0908877422904932,
-0.223995415999288));
#3775=CARTESIAN_POINT('Ctrl Pts',(0.12320965490062,0.0750463226060195,-0.227742319962529));
#3776=CARTESIAN_POINT('Ctrl Pts',(0.137619032752681,0.0406060064129593,
-0.235242926252715));
#3777=CARTESIAN_POINT('Ctrl Pts',(0.141363807757686,0.0220522275830785,
-0.238989816301612));
#3778=CARTESIAN_POINT('Ctrl Pts',(0.141502808639896,-0.0149708319445039,
-0.246490446203429));
#3779=CARTESIAN_POINT('Ctrl Pts',(0.137896222242615,-0.0333911123425445,
-0.250237323348473));
#3780=CARTESIAN_POINT('Ctrl Pts',(0.123980911751338,-0.0673652682509092,
-0.257737979637062));
#3781=CARTESIAN_POINT('Ctrl Pts',(0.113690111638003,-0.0828737060682715,
-0.261484844868545));
#3782=CARTESIAN_POINT('Ctrl Pts',(0.0880562916158322,-0.108721944733337,
-0.268985530629072));
#3783=CARTESIAN_POINT('Ctrl Pts',(0.0727470933780508,-0.119026728142101,
-0.272732385004633));
#3784=CARTESIAN_POINT('Ctrl Pts',(0.0394615760012812,-0.132985084510888,
-0.280233103611418));
#3785=CARTESIAN_POINT('Ctrl Pts',(0.0215297487743369,-0.136619294372646,
-0.283979948288382));
#3786=CARTESIAN_POINT('Ctrl Pts',(-0.0142538190723389,-0.136783791258992,
-0.291480703415405));
#3787=CARTESIAN_POINT('Ctrl Pts',(-0.0320572061308763,-0.13331319773703,
-0.295227539668127));
#3788=CARTESIAN_POINT('Ctrl Pts',(-0.064896081503056,-0.119896018924887,
-0.302728335309904));
#3789=CARTESIAN_POINT('Ctrl Pts',(-0.0798867023671529,-0.109967045724484,
-0.306475164542107));
#3790=CARTESIAN_POINT('Ctrl Pts',(-0.10487689598087,-0.0852280776337789,
-0.31397600504012));
#3791=CARTESIAN_POINT('Ctrl Pts',(-0.114841857743739,-0.0704513969665027,
-0.317722828796897));
#3792=CARTESIAN_POINT('Ctrl Pts',(-0.12835017748746,-0.0383210716279827,
-0.325223718868995));
#3793=CARTESIAN_POINT('Ctrl Pts',(-0.131874352422701,-0.0210112939086588,
-0.328970538849391));
#3794=CARTESIAN_POINT('Ctrl Pts',(-0.132065410265591,0.0135328014453631,
-0.33647148362202));
#3795=CARTESIAN_POINT('Ctrl Pts',(-0.128731338424987,0.0307194117525879,
-0.340218301692706));
#3796=CARTESIAN_POINT('Ctrl Pts',(-0.115813268772002,0.0624234396855854,
-0.34771930673596));
#3797=CARTESIAN_POINT('Ctrl Pts',(-0.106246565954863,0.0768965577497174,
-0.35146612494618));
#3798=CARTESIAN_POINT('Ctrl Pts',(-0.0824031839621374,0.101029488238596,
-0.358967196312302));
#3799=CARTESIAN_POINT('Ctrl Pts',(-0.0681593079602644,0.110655091640542,
-0.362714016909771));
#3800=CARTESIAN_POINT('Ctrl Pts',(-0.0371845468831116,0.123714383667132,
-0.370215161175276));
#3801=CARTESIAN_POINT('Ctrl Pts',(-0.0204969027445985,0.127129063357392,
-0.373961986623651));
#3802=CARTESIAN_POINT('Ctrl Pts',(0.0128077714857526,0.127347758440913,
-0.381463210935071));
#3803=CARTESIAN_POINT('Ctrl Pts',(0.0293777384279509,0.124150738723217,
-0.385210043933334));
#3804=CARTESIAN_POINT('Ctrl Pts',(0.0599473877739201,0.111732749914935,
-0.392711356057116));
#3805=CARTESIAN_POINT('Ctrl Pts',(0.0739033333834615,0.10252875385875,-0.396458199560387));
#3806=CARTESIAN_POINT('Ctrl Pts',(0.0971798133339918,0.0795816685823696,
-0.403959607937331));
#3807=CARTESIAN_POINT('Ctrl Pts',(0.106466533184318,0.0658708693524746,
-0.407706465180406));
#3808=CARTESIAN_POINT('Ctrl Pts',(0.119077823645263,0.0360520068787377,
-0.415207978984279));
#3809=CARTESIAN_POINT('Ctrl Pts',(0.12238355111516,0.0199865602048962,-0.418954853508243));
#3810=CARTESIAN_POINT('Ctrl Pts',(0.122630957246007,-0.0120787894061447,
-0.426456482708065));
#3811=CARTESIAN_POINT('Ctrl Pts',(0.119571513189392,-0.0280322675166604,
-0.430203378392959));
#3812=CARTESIAN_POINT('Ctrl Pts',(0.107654551933149,-0.057468049916381,
-0.437705133814961));
#3813=CARTESIAN_POINT('Ctrl Pts',(0.0988136820086043,-0.0709071703881658,
-0.441452054927684));
#3814=CARTESIAN_POINT('Ctrl Pts',(0.0767635580694035,-0.0933280425565203,
-0.448953948300834));
#3815=CARTESIAN_POINT('Ctrl Pts',(0.0635860836450288,-0.102276361190671,
-0.452700899588768));
#3816=CARTESIAN_POINT('Ctrl Pts',(0.0349233923358143,-0.114440685294849,
-0.460202943523718));
#3817=CARTESIAN_POINT('Ctrl Pts',(0.0194801829381195,-0.11763799662207,
-0.463949930450863));
#3818=CARTESIAN_POINT('Ctrl Pts',(-0.0113460101788554,-0.117915172086766,
-0.47145213818174));
#3819=CARTESIAN_POINT('Ctrl Pts',(-0.0266831632805352,-0.114993799758859,
-0.47519916763093));
#3820=CARTESIAN_POINT('Ctrl Pts',(-0.0549856743907923,-0.103578779727201,
-0.482701551953535));
#3821=CARTESIAN_POINT('Ctrl Pts',(-0.0679082758376581,-0.0951013934718928,
-0.486448634490459));
#3822=CARTESIAN_POINT('Ctrl Pts',(-0.0894745175818473,-0.0739488768444103,
-0.493951203858527));
#3823=CARTESIAN_POINT('Ctrl Pts',(-0.0980847250161264,-0.061304823797806,
-0.497698363373523));
#3824=CARTESIAN_POINT('Ctrl Pts',(-0.109811657790023,-0.0337794650416478,
-0.505206349776825));
#3825=CARTESIAN_POINT('Ctrl Pts',(-0.112900798433301,-0.0189370797080186,
-0.508958662111305));
#3826=CARTESIAN_POINT('Ctrl Pts',(-0.113047430079333,-0.00412255961493621,
-0.512715419964893));
#3827=CARTESIAN_POINT('Ctrl Pts',(-0.175726656873064,0.055792088481464,
-0.154762682784186));
#3828=CARTESIAN_POINT('Ctrl Pts',(-0.174370809927447,0.0598380916795629,
-0.155425800756439));
#3829=CARTESIAN_POINT('Ctrl Pts',(-0.172874999853492,0.0638356059536115,
-0.156089060858102));
#3830=CARTESIAN_POINT('Ctrl Pts',(-0.162005125886894,0.0900374743785953,
-0.160502134509156));
#3831=CARTESIAN_POINT('Ctrl Pts',(-0.148388721825114,0.110368613193848,
-0.164249403645152));
#3832=CARTESIAN_POINT('Ctrl Pts',(-0.114505515352424,0.144223239461176,
-0.171749106031828));
#3833=CARTESIAN_POINT('Ctrl Pts',(-0.0942778080068576,0.157709632086817,
-0.175496248062601));
#3834=CARTESIAN_POINT('Ctrl Pts',(-0.0503064933390639,0.175907071572287,
-0.182995957054591));
#3835=CARTESIAN_POINT('Ctrl Pts',(-0.0266128611175084,0.180597551749851,
-0.186743036773004));
#3836=CARTESIAN_POINT('Ctrl Pts',(0.0206652516394706,0.180587873222975,
-0.194242716929321));
#3837=CARTESIAN_POINT('Ctrl Pts',(0.0441959105046746,0.175887437570406,
-0.197989752382794));
#3838=CARTESIAN_POINT('Ctrl Pts',(0.0875871019851166,0.157909326877203,
-0.205489391625657));
#3839=CARTESIAN_POINT('Ctrl Pts',(0.107397969665014,0.144651800864043,-0.209236387508075));
#3840=CARTESIAN_POINT('Ctrl Pts',(0.140390790444499,0.111659955513041,-0.216735980687351));
#3841=CARTESIAN_POINT('Ctrl Pts',(0.153534685057336,0.0919630954120684,
-0.220482937625988));
#3842=CARTESIAN_POINT('Ctrl Pts',(0.171276902552873,0.049145181741474,-0.227982481601722));
#3843=CARTESIAN_POINT('Ctrl Pts',(0.175854454315157,0.0260731295964641,
-0.231729398954632));
#3844=CARTESIAN_POINT('Ctrl Pts',(0.175865769243,-0.0199651513445663,-0.239228891103836));
#3845=CARTESIAN_POINT('Ctrl Pts',(0.171299083269819,-0.0428783327204842,
-0.242975767803262));
#3846=CARTESIAN_POINT('Ctrl Pts',(0.153815084835727,-0.0851321848267152,
-0.250475205562139));
#3847=CARTESIAN_POINT('Ctrl Pts',(0.140917581810591,-0.104423828411128,
-0.254222040366938));
#3848=CARTESIAN_POINT('Ctrl Pts',(0.108817709390763,-0.136555160168326,
-0.261721421085246));
#3849=CARTESIAN_POINT('Ctrl Pts',(0.0896522735914039,-0.149357247353566,
-0.265468212654683));
#3850=CARTESIAN_POINT('Ctrl Pts',(0.0479882666475486,-0.166645166542893,
-0.272967533544189));
#3851=CARTESIAN_POINT('Ctrl Pts',(0.0255380425408429,-0.171110448951046,
-0.276714280456604));
#3852=CARTESIAN_POINT('Ctrl Pts',(-0.0192602730834057,-0.171143944923748,
-0.284213538567718));
#3853=CARTESIAN_POINT('Ctrl Pts',(-0.0415560081000044,-0.166711662754679,
-0.287960239323247));
#3854=CARTESIAN_POINT('Ctrl Pts',(-0.0826728531044082,-0.149722987964378,
-0.295459431528885));
#3855=CARTESIAN_POINT('Ctrl Pts',(-0.101445559930694,-0.137186094903678,
-0.299206084546167));
#3856=CARTESIAN_POINT('Ctrl Pts',(-0.132716188436062,-0.105979223391942,
-0.306705207527892));
#3857=CARTESIAN_POINT('Ctrl Pts',(-0.145176970127614,-0.0873456494669836,
-0.310451811139043));
#3858=CARTESIAN_POINT('Ctrl Pts',(-0.162011735830607,-0.046836219470489,
-0.317950861372651));
#3859=CARTESIAN_POINT('Ctrl Pts',(-0.166365395304045,-0.0250080400846495,
-0.321697413817382));
#3860=CARTESIAN_POINT('Ctrl Pts',(-0.166422418209507,0.0185501210254518,
-0.329196387557486));
#3861=CARTESIAN_POINT('Ctrl Pts',(-0.162125236909164,0.0402284572911624,
-0.332942886976666));
#3862=CARTESIAN_POINT('Ctrl Pts',(-0.145633234888474,0.0802086408194737,
-0.340441780239895));
#3863=CARTESIAN_POINT('Ctrl Pts',(-0.133457593798052,0.0984627283028367,
-0.344188224668641));
#3864=CARTESIAN_POINT('Ctrl Pts',(-0.103144867060849,0.128873507587474,
-0.35168703321569));
#3865=CARTESIAN_POINT('Ctrl Pts',(-0.0850436396488691,0.14099353538078,
-0.355433420575511));
#3866=CARTESIAN_POINT('Ctrl Pts',(-0.0456895377798699,0.15737640374759,
-0.362932139891693));
#3867=CARTESIAN_POINT('Ctrl Pts',(-0.0244836472545294,0.161619152550003,
-0.366678467982043));
#3868=CARTESIAN_POINT('Ctrl Pts',(0.0178341372619439,0.161701186924822,
-0.374177093256152));
#3869=CARTESIAN_POINT('Ctrl Pts',(0.0388951213768554,0.157539877381916,
-0.377923359745554));
#3870=CARTESIAN_POINT('Ctrl Pts',(0.0777390122808843,0.141546043148797,
-0.385421885846666));
#3871=CARTESIAN_POINT('Ctrl Pts',(0.0954748257121523,0.129732367193337,
-0.389168088262714));
#3872=CARTESIAN_POINT('Ctrl Pts',(0.125026689466073,0.100315059907219,-0.396666509715207));
#3873=CARTESIAN_POINT('Ctrl Pts',(0.136806569611624,0.0827467209410922,
-0.400412645434101));
#3874=CARTESIAN_POINT('Ctrl Pts',(0.152738924597212,0.0445487925842916,
-0.407910956390169));
#3875=CARTESIAN_POINT('Ctrl Pts',(0.156871549963373,0.0239654685680244,
-0.411657022625211));
#3876=CARTESIAN_POINT('Ctrl Pts',(0.156980239917835,-0.0171116770975589,
-0.419155216835009));
#3877=CARTESIAN_POINT('Ctrl Pts',(0.152955658244815,-0.0375553528889177,
-0.422901210624277));
#3878=CARTESIAN_POINT('Ctrl Pts',(0.137461655570724,-0.0752633442357116,
-0.430399281403154));
#3879=CARTESIAN_POINT('Ctrl Pts',(0.126010741173051,-0.0924812594876779,
-0.434145199596851));
#3880=CARTESIAN_POINT('Ctrl Pts',(0.0974902798918738,-0.121175231312824,
-0.441643139787717));
#3881=CARTESIAN_POINT('Ctrl Pts',(0.0804554404305838,-0.132615631344244,
-0.445388979037645));
#3882=CARTESIAN_POINT('Ctrl Pts',(0.0434146394276887,-0.14809900423174,
-0.452886780965382));
#3883=CARTESIAN_POINT('Ctrl Pts',(0.0234542058493928,-0.152122376803584,
-0.456632537722166));
#3884=CARTESIAN_POINT('Ctrl Pts',(-0.0163819992896839,-0.152259555061487,
-0.464130193127873));
#3885=CARTESIAN_POINT('Ctrl Pts',(-0.0362083857903743,-0.148372647091739,
-0.467875863668317));
#3886=CARTESIAN_POINT('Ctrl Pts',(-0.072780929708971,-0.133380351417342,
-0.475373363583639));
#3887=CARTESIAN_POINT('Ctrl Pts',(-0.0894812908158487,-0.122293062533835,
-0.479118944157617));
#3888=CARTESIAN_POINT('Ctrl Pts',(-0.117318609796319,-0.0946711042099873,
-0.486616278490956));
#3889=CARTESIAN_POINT('Ctrl Pts',(-0.128420051220509,-0.0781703507491675,
-0.490361767186627));
#3890=CARTESIAN_POINT('Ctrl Pts',(-0.14346704514967,-0.0422628529350587,
-0.497864165844483));
#3891=CARTESIAN_POINT('Ctrl Pts',(-0.147381830928596,-0.0228981619578116,
-0.501614473745111));
#3892=CARTESIAN_POINT('Ctrl Pts',(-0.147455721434707,-0.00357306967057544,
-0.505368386953939));
#3893=CARTESIAN_POINT('Ctrl Pts',(-0.208242843424775,0.0671288999036908,
-0.147535362811957));
#3894=CARTESIAN_POINT('Ctrl Pts',(-0.206624771209783,0.0719281680566664,
-0.148198562269228));
#3895=CARTESIAN_POINT('Ctrl Pts',(-0.204840553749546,0.0766697949360717,
-0.148861885706292));
#3896=CARTESIAN_POINT('Ctrl Pts',(-0.19187972563916,0.107749792289537,-0.153275364345197));
#3897=CARTESIAN_POINT('Ctrl Pts',(-0.175663292501395,0.131870489448946,
-0.157023303947822));
#3898=CARTESIAN_POINT('Ctrl Pts',(-0.135323834204859,0.172023277228289,
-0.164523715317776));
#3899=CARTESIAN_POINT('Ctrl Pts',(-0.111243307484837,0.188015243086779,
-0.168271548913631));
#3900=CARTESIAN_POINT('Ctrl Pts',(-0.0588963404647587,0.209559491299868,
-0.175771995077605));
#3901=CARTESIAN_POINT('Ctrl Pts',(-0.0306840974032554,0.215089723476216,
-0.179519785077086));
#3902=CARTESIAN_POINT('Ctrl Pts',(0.0256130320760355,0.21496544438753,-0.187020233690287));
#3903=CARTESIAN_POINT('Ctrl Pts',(0.0536396391870721,0.209310909159267,
-0.190767997985917));
#3904=CARTESIAN_POINT('Ctrl Pts',(0.10531905682703,0.187774085117447,-0.198268439067818));
#3905=CARTESIAN_POINT('Ctrl Pts',(0.128918172881803,0.171913896243281,-0.202016182859038));
#3906=CARTESIAN_POINT('Ctrl Pts',(0.168205528322175,0.132461288619164,-0.209516613129695));
#3907=CARTESIAN_POINT('Ctrl Pts',(0.183852723286711,0.108909689953425,-0.213264337780501));
#3908=CARTESIAN_POINT('Ctrl Pts',(0.20493657374149,0.0577132494254655,-0.220764755978572));
#3909=CARTESIAN_POINT('Ctrl Pts',(0.210350980807714,0.030121676877683,-0.224512461687707));
#3910=CARTESIAN_POINT('Ctrl Pts',(0.210241689546847,-0.0249363274072249,
-0.232012867154074));
#3911=CARTESIAN_POINT('Ctrl Pts',(0.204717813222148,-0.0523451819676737,
-0.235760553762448));
#3912=CARTESIAN_POINT('Ctrl Pts',(0.183669154403771,-0.102885590196542,
-0.243260946011652));
#3913=CARTESIAN_POINT('Ctrl Pts',(0.168166176139093,-0.125964016093142,
-0.247008613246454));
#3914=CARTESIAN_POINT('Ctrl Pts',(0.129600574270164,-0.164385988093136,
-0.254508991836526));
#3915=CARTESIAN_POINT('Ctrl Pts',(0.106578314367591,-0.179688893749095,
-0.258256639385222));
#3916=CARTESIAN_POINT('Ctrl Pts',(0.0565326048860408,-0.200312830302188,
-0.265757003877865));
#3917=CARTESIAN_POINT('Ctrl Pts',(0.0295618572401458,-0.205611809455935,
-0.269504631410071));
#3918=CARTESIAN_POINT('Ctrl Pts',(-0.0242569942434556,-0.20551815391495,
-0.277004981358528));
#3919=CARTESIAN_POINT('Ctrl Pts',(-0.0510481189657322,-0.200125304743478,
-0.280752588532819));
#3920=CARTESIAN_POINT('Ctrl Pts',(-0.100449736552602,-0.179565465075228,
-0.288252923477496));
#3921=CARTESIAN_POINT('Ctrl Pts',(-0.123007640823425,-0.164420014951158,
-0.292000509943042));
#3922=CARTESIAN_POINT('Ctrl Pts',(-0.160564686977146,-0.126741958707732,
-0.299500829410116));
#3923=CARTESIAN_POINT('Ctrl Pts',(-0.175523586353015,-0.104249264489485,
-0.303248394806965));
#3924=CARTESIAN_POINT('Ctrl Pts',(-0.195688248248429,-0.0553546186910675,
-0.31074869830758));
#3925=CARTESIAN_POINT('Ctrl Pts',(-0.200872154066871,-0.0290047973686451,
-0.314496242266541));
#3926=CARTESIAN_POINT('Ctrl Pts',(-0.200794864149554,0.0235748362292844,
-0.321996529296117));
#3927=CARTESIAN_POINT('Ctrl Pts',(-0.195533414940163,0.0497482741957041,
-0.32574405143859));
#3928=CARTESIAN_POINT('Ctrl Pts',(-0.175463105729802,0.0980113234421171,
-0.333244321476051));
#3929=CARTESIAN_POINT('Ctrl Pts',(-0.160675517458407,0.120048891708438,
-0.336991821413857));
#3930=CARTESIAN_POINT('Ctrl Pts',(-0.12388558904333,0.156741497459526,-0.344492073921078));
#3931=CARTESIAN_POINT('Ctrl Pts',(-0.10192270204674,0.171356694868872,-0.348239551256063));
#3932=CARTESIAN_POINT('Ctrl Pts',(-0.0541794785104554,0.191062764837409,
-0.35573978567721));
#3933=CARTESIAN_POINT('Ctrl Pts',(-0.0284506922499463,0.196131977364618,
-0.359487240000807));
#3934=CARTESIAN_POINT('Ctrl Pts',(0.0228896518135498,0.196071834425503,
-0.366987455761875));
#3935=CARTESIAN_POINT('Ctrl Pts',(0.048445448594386,0.19094218480284,-0.370734886654887));
#3936=CARTESIAN_POINT('Ctrl Pts',(0.0955701659942581,0.171362168626161,
-0.378235083162771));
#3937=CARTESIAN_POINT('Ctrl Pts',(0.117087596548304,0.15693280026582,-0.381982490194938));
#3938=CARTESIAN_POINT('Ctrl Pts',(0.152916280880819,0.12103162482389,-0.389482666836827));
#3939=CARTESIAN_POINT('Ctrl Pts',(0.167188102095031,0.0995988046503757,
-0.393230049566569));
#3940=CARTESIAN_POINT('Ctrl Pts',(0.186436311380605,0.0530073894441837,
-0.400730205709067));
#3941=CARTESIAN_POINT('Ctrl Pts',(0.191391238041593,0.0278997557003695,
-0.404477563683154));
#3942=CARTESIAN_POINT('Ctrl Pts',(0.191349079995017,-0.0222012201957903,
-0.411977698671391));
#3943=CARTESIAN_POINT('Ctrl Pts',(0.186351659011718,-0.0471394237287936,
-0.415725031424768));
#3944=CARTESIAN_POINT('Ctrl Pts',(0.167262754463452,-0.093126061451714,
-0.42322514458125));
#3945=CARTESIAN_POINT('Ctrl Pts',(0.153191991382066,-0.114123566017316,
-0.426972451637307));
#3946=CARTESIAN_POINT('Ctrl Pts',(0.118180240222704,-0.149088885203364,
-0.434472542259559));
#3947=CARTESIAN_POINT('Ctrl Pts',(0.0972777683759111,-0.163017678334976,
-0.438219823132435));
#3948=CARTESIAN_POINT('Ctrl Pts',(0.0518385743513771,-0.181808813350184,
-0.445719890487687));
#3949=CARTESIAN_POINT('Ctrl Pts',(0.0273522269217388,-0.186649887808103,
-0.449467144690421));
#3950=CARTESIAN_POINT('Ctrl Pts',(-0.021509306043002,-0.18662662132633,
-0.456967187999323));
#3951=CARTESIAN_POINT('Ctrl Pts',(-0.0458299446675781,-0.181761877797436,
-0.46071441507231));
#3952=CARTESIAN_POINT('Ctrl Pts',(-0.090678810670715,-0.163164987116253,
-0.46821443345656));
#3953=CARTESIAN_POINT('Ctrl Pts',(-0.111156542589018,-0.149453203087395,
-0.471961633077294));
#3954=CARTESIAN_POINT('Ctrl Pts',(-0.145259221748235,-0.115331671839963,
-0.479461625302045));
#3955=CARTESIAN_POINT('Ctrl Pts',(-0.158845118656226,-0.0949597080868255,
-0.483208798818927));
#3956=CARTESIAN_POINT('Ctrl Pts',(-0.177193285179635,-0.0506424553688171,
-0.490714007746236));
#3957=CARTESIAN_POINT('Ctrl Pts',(-0.181920579351013,-0.0267438303538272,
-0.494465943528843));
#3958=CARTESIAN_POINT('Ctrl Pts',(-0.181906325161378,-0.00289836659421601,
-0.498221487615417));
#3959=CARTESIAN_POINT('Ctrl Pts',(-0.0635416036979114,0.0939679347245057,
-0.188895701345659));
#3960=CARTESIAN_POINT('Ctrl Pts',(-0.0650709728200298,0.0935644576403875,
-0.18841082430063));
#3961=CARTESIAN_POINT('Ctrl Pts',(-0.0665892563216869,0.0931609702978449,
-0.187928290705053));
#3962=CARTESIAN_POINT('Ctrl Pts',(-0.0793595241788028,0.0897535903596518,
-0.18386425744058));
#3963=CARTESIAN_POINT('Ctrl Pts',(-0.0925344523603224,0.0861465611985851,
-0.179634859835641));
#3964=CARTESIAN_POINT('Ctrl Pts',(-0.133114315489306,0.0764081734708223,
-0.167155298314108));
#3965=CARTESIAN_POINT('Ctrl Pts',(-0.162686521739171,0.0711654826412749,
-0.158800812542975));
#3966=CARTESIAN_POINT('Ctrl Pts',(-0.208193389023851,0.0671117028748323,
-0.14754637209157));
#3967=CARTESIAN_POINT('Ctrl Pts',(-0.216054517368208,0.0368149083716283,
-0.106208572789394));
#3968=CARTESIAN_POINT('Ctrl Pts',(-0.212922752875666,0.053759588881874,
-0.108460367584409));
#3969=CARTESIAN_POINT('Ctrl Pts',(-0.20780980736863,0.0703075879205579,
-0.110711539986123));
#3970=CARTESIAN_POINT('Ctrl Pts',(-0.189200082689502,0.11215542705581,-0.116715729402635));
#3971=CARTESIAN_POINT('Ctrl Pts',(-0.172421114092914,0.13589083963483,-0.120464463356029));
#3972=CARTESIAN_POINT('Ctrl Pts',(-0.131140055873987,0.175084971568627,
-0.127967572197067));
#3973=CARTESIAN_POINT('Ctrl Pts',(-0.106684838329389,0.190503041189155,
-0.131716357140059));
#3974=CARTESIAN_POINT('Ctrl Pts',(-0.0538319485490787,0.210794351425266,
-0.139219469563381));
#3975=CARTESIAN_POINT('Ctrl Pts',(-0.0254922464298342,0.21564742215368,
-0.142968270238856));
#3976=CARTESIAN_POINT('Ctrl Pts',(0.0307929785853344,0.214164468120402,
-0.150471405913637));
#3977=CARTESIAN_POINT('Ctrl Pts',(0.0586775808004744,0.207831823190881,
-0.15422021151593));
#3978=CARTESIAN_POINT('Ctrl Pts',(0.109823358592657,0.185037251669102,-0.1617233768249));
#3979=CARTESIAN_POINT('Ctrl Pts',(0.133029728820445,0.16860167099462,-0.165472184163614));
#3980=CARTESIAN_POINT('Ctrl Pts',(0.171337513021952,0.128185734615729,-0.172975381463898));
#3981=CARTESIAN_POINT('Ctrl Pts',(0.186398487925038,0.104250600136285,-0.17672418965894));
#3982=CARTESIAN_POINT('Ctrl Pts',(0.20620165687969,0.0525358791679626,-0.18422742010053));
#3983=CARTESIAN_POINT('Ctrl Pts',(0.21092385683182,0.0248134373842256,-0.187976228973948));
#3984=CARTESIAN_POINT('Ctrl Pts',(0.209425253354688,-0.0302335213357451,
-0.195479493352904));
#3985=CARTESIAN_POINT('Ctrl Pts',(0.203207858750756,-0.0574977110984098,
-0.199228302942799));
#3986=CARTESIAN_POINT('Ctrl Pts',(0.180872516160084,-0.107493445053155,
-0.206731601959881));
#3987=CARTESIAN_POINT('Ctrl Pts',(0.164780769323578,-0.130170671824515,
-0.210480412373004));
#3988=CARTESIAN_POINT('Ctrl Pts',(0.125229077898653,-0.167591574225355,
-0.217983746712324));
#3989=CARTESIAN_POINT('Ctrl Pts',(0.101814051257836,-0.182295184706407,
-0.22173255808001));
#3990=CARTESIAN_POINT('Ctrl Pts',(0.0512371132585337,-0.201609549358652,
-0.229235928432911));
#3991=CARTESIAN_POINT('Ctrl Pts',(0.0241319288006596,-0.206200532626795,
-0.232984740898026));
#3992=CARTESIAN_POINT('Ctrl Pts',(-0.0296767984729356,-0.204685560959922,
-0.240488147970999));
#3993=CARTESIAN_POINT('Ctrl Pts',(-0.0563204837180475,-0.198583059697226,
-0.244236961683457));
#3994=CARTESIAN_POINT('Ctrl Pts',(-0.105165905831642,-0.176706273708491,
-0.25174040620103));
#3995=CARTESIAN_POINT('Ctrl Pts',(-0.127313775756212,-0.160958051829954,
-0.255489221317308));
#3996=CARTESIAN_POINT('Ctrl Pts',(-0.163847276562343,-0.122270083001734,
-0.262992704023229));
#3997=CARTESIAN_POINT('Ctrl Pts',(-0.178193205578955,-0.0993749542304513,
-0.266741520705766));
#3998=CARTESIAN_POINT('Ctrl Pts',(-0.197018072321224,-0.0499355122281919,
-0.274245042363981));
#3999=CARTESIAN_POINT('Ctrl Pts',(-0.201477460401741,-0.0234475103620784,
-0.277993860781615));
#4000=CARTESIAN_POINT('Ctrl Pts',(-0.199945356548221,0.0291229846758411,
-0.285497422176669));
#4001=CARTESIAN_POINT('Ctrl Pts',(-0.193957364209974,0.0551460885587056,
-0.289246242504888));
#4002=CARTESIAN_POINT('Ctrl Pts',(-0.172538417008354,0.102840900541902,
-0.296749844443092));
#4003=CARTESIAN_POINT('Ctrl Pts',(-0.157133388859443,0.124459191834539,
-0.300498666863916));
#4004=CARTESIAN_POINT('Ctrl Pts',(-0.119308584110836,0.160104731228484,
-0.308002310173674));
#4005=CARTESIAN_POINT('Ctrl Pts',(-0.0969331282857947,0.174092641402568,
-0.311751134876485));
#4006=CARTESIAN_POINT('Ctrl Pts',(-0.0486308752957035,0.192427266614389,
-0.319254820409235));
#4007=CARTESIAN_POINT('Ctrl Pts',(-0.0227599759816743,0.196754654831374,
-0.323003647590628));
#4008=CARTESIAN_POINT('Ctrl Pts',(0.0285722858258618,0.195204600266991,
-0.330507376221629));
#4009=CARTESIAN_POINT('Ctrl Pts',(0.0539747259957088,0.189330705288703,
-0.334256206086023));
#4010=CARTESIAN_POINT('Ctrl Pts',(0.10051860816724,0.168368827817269,-0.341759978714706));
#4011=CARTESIAN_POINT('Ctrl Pts',(0.12160708313446,0.153306638560663,-0.345508811475338));
#4012=CARTESIAN_POINT('Ctrl Pts',(0.156364061040226,0.116344399352507,-0.353012629025382));
#4013=CARTESIAN_POINT('Ctrl Pts',(0.169993590707908,0.0944883754672894,
-0.356761464905854));
#4014=CARTESIAN_POINT('Ctrl Pts',(0.187837177026086,0.047322982403757,-0.364265328323559));
#4015=CARTESIAN_POINT('Ctrl Pts',(0.19203213147087,0.0220690999928195,-0.368014167563742));
#4016=CARTESIAN_POINT('Ctrl Pts',(0.190463248166652,-0.0280249275822398,
-0.375518077808956));
#4017=CARTESIAN_POINT('Ctrl Pts',(0.184703009264894,-0.0528066152578847,
-0.379266920683294));
#4018=CARTESIAN_POINT('Ctrl Pts',(0.164197375985447,-0.098199225124587,
-0.386770878699697));
#4019=CARTESIAN_POINT('Ctrl Pts',(0.149477645584904,-0.118757627375294,
-0.390519725575986));
#4020=CARTESIAN_POINT('Ctrl Pts',(0.113377328260652,-0.152625401733729,
-0.398023732189067));
#4021=CARTESIAN_POINT('Ctrl Pts',(0.0920404800302885,-0.165896158451439,
-0.401772583722827));
#4022=CARTESIAN_POINT('Ctrl Pts',(0.046011589435154,-0.183247856774694,
-0.409276639301168));
#4023=CARTESIAN_POINT('Ctrl Pts',(0.021374639953868,-0.187309897804204,
-0.413025497077153));
#4024=CARTESIAN_POINT('Ctrl Pts',(-0.0274811660744853,-0.185721266313669,
-0.420529600409726));
#4025=CARTESIAN_POINT('Ctrl Pts',(-0.0516419795255282,-0.180074164434214,
-0.424278469061379));
#4026=CARTESIAN_POINT('Ctrl Pts',(-0.0958829948604871,-0.160023966916299,
-0.431782613643857));
#4027=CARTESIAN_POINT('Ctrl Pts',(-0.115910961960033,-0.145646138314728,
-0.435531507878774));
#4028=CARTESIAN_POINT('Ctrl Pts',(-0.148888994340602,-0.110407311963593,
-0.443035669510539));
#4029=CARTESIAN_POINT('Ctrl Pts',(-0.161800270005611,-0.0895888619584806,
-0.446784639018885));
#4030=CARTESIAN_POINT('Ctrl Pts',(-0.178671393109839,-0.0446657864478783,
-0.4542939451234));
#4031=CARTESIAN_POINT('Ctrl Pts',(-0.182598224113699,-0.0206110379965145,
-0.458047896681546));
#4032=CARTESIAN_POINT('Ctrl Pts',(-0.181780193538354,0.00323050965371079,
-0.461805311675318));
#4033=CARTESIAN_POINT('Ctrl Pts',(-0.182219168688499,0.0319002061581022,
-0.099037209699976));
#4034=CARTESIAN_POINT('Ctrl Pts',(-0.179474097085084,0.0461866048721376,
-0.101289243134356));
#4035=CARTESIAN_POINT('Ctrl Pts',(-0.175059441923234,0.0601217234401122,
-0.10354060896338));
#4036=CARTESIAN_POINT('Ctrl Pts',(-0.159104957991144,0.0953197458783128,
-0.109545815321623));
#4037=CARTESIAN_POINT('Ctrl Pts',(-0.144810398796037,0.115231509479616,
-0.113294709631889));
#4038=CARTESIAN_POINT('Ctrl Pts',(-0.109774025292414,0.148016990833302,
-0.120799128049422));
#4039=CARTESIAN_POINT('Ctrl Pts',(-0.0890769312825275,0.160852620576601,
-0.124548084320011));
#4040=CARTESIAN_POINT('Ctrl Pts',(-0.0444453282200954,0.177611503877476,
-0.132052544095825));
#4041=CARTESIAN_POINT('Ctrl Pts',(-0.0205657903490793,0.181516160156943,
-0.135801528263752));
#4042=CARTESIAN_POINT('Ctrl Pts',(0.0267721428926906,0.179914345137349,
-0.143306050593998));
#4043=CARTESIAN_POINT('Ctrl Pts',(0.0501729980342823,0.174411571281903,
-0.147055052581264));
#4044=CARTESIAN_POINT('Ctrl Pts',(0.0930064851671287,0.154929781513283,
-0.154559645563436));
#4045=CARTESIAN_POINT('Ctrl Pts',(0.112387558927072,0.140976118806588,-0.158308662906809));
#4046=CARTESIAN_POINT('Ctrl Pts',(0.14428244215815,0.106800691654376,-0.165813330733477));
#4047=CARTESIAN_POINT('Ctrl Pts',(0.156758434845101,0.0866219944857309,
-0.169562363313324));
#4048=CARTESIAN_POINT('Ctrl Pts',(0.173023543327454,0.0431262735711456,
-0.177067109083517));
#4049=CARTESIAN_POINT('Ctrl Pts',(0.176794266901606,0.0198634055689349,
-0.180816157526589));
#4050=CARTESIAN_POINT('Ctrl Pts',(0.175170596172833,-0.0262362184210286,
-0.188320984102289));
#4051=CARTESIAN_POINT('Ctrl Pts',(0.1697799516085,-0.0490160187897823,-0.192070049301552));
#4052=CARTESIAN_POINT('Ctrl Pts',(0.150751552512213,-0.0906969947118902,
-0.199574959573174));
#4053=CARTESIAN_POINT('Ctrl Pts',(0.137139029450745,-0.109547097361859,
-0.203324042544687));
#4054=CARTESIAN_POINT('Ctrl Pts',(0.103823303257013,-0.140550486177222,
-0.210829039518078));
#4055=CARTESIAN_POINT('Ctrl Pts',(0.0841628861923655,-0.152666335044971,
-0.214578141361286));
#4056=CARTESIAN_POINT('Ctrl Pts',(0.0418024645069107,-0.168436507003296,
-0.222083228190724));
#4057=CARTESIAN_POINT('Ctrl Pts',(0.0191562163133662,-0.172072674691371,
-0.22583235007988));
#4058=CARTESIAN_POINT('Ctrl Pts',(-0.0257051204346776,-0.170425874035144,
-0.233337530086274));
#4059=CARTESIAN_POINT('Ctrl Pts',(-0.0478637108760777,-0.165146720344482,
-0.237086673270431));
#4060=CARTESIAN_POINT('Ctrl Pts',(-0.0883916744372876,-0.146570514639291,
-0.24459194995511));
#4061=CARTESIAN_POINT('Ctrl Pts',(-0.106710421571882,-0.133298579527791,
-0.248341115762989));
#4062=CARTESIAN_POINT('Ctrl Pts',(-0.136821365715304,-0.100841623714236,
-0.255846492820749));
#4063=CARTESIAN_POINT('Ctrl Pts',(-0.148576494672555,-0.0816991131902243,
-0.259595682665423));
#4064=CARTESIAN_POINT('Ctrl Pts',(-0.163850464234304,-0.040473485091424,
-0.267101163998412));
#4065=CARTESIAN_POINT('Ctrl Pts',(-0.16735138573811,-0.0184437286906116,
-0.270850379383832));
#4066=CARTESIAN_POINT('Ctrl Pts',(-0.165680058700071,0.0251793016892227,
-0.278355969115721));
#4067=CARTESIAN_POINT('Ctrl Pts',(-0.160511692977085,0.0467165325351626,
-0.282105211643466));
#4068=CARTESIAN_POINT('Ctrl Pts',(-0.142386366824858,0.0860909170907086,
-0.289610914135817));
#4069=CARTESIAN_POINT('Ctrl Pts',(-0.129454413488628,0.103877891103893,
-0.293360185511827));
#4070=CARTESIAN_POINT('Ctrl Pts',(-0.0978552073531252,0.133095338185805,
-0.300866005380631));
#4071=CARTESIAN_POINT('Ctrl Pts',(-0.0792301937999976,0.144489113870629,
-0.304615307423883));
#4072=CARTESIAN_POINT('Ctrl Pts',(-0.0391388067828627,0.159265483818654,
-0.312121249558194));
#4073=CARTESIAN_POINT('Ctrl Pts',(-0.017725403421718,0.162630398632193,
-0.315870584208665));
#4074=CARTESIAN_POINT('Ctrl Pts',(0.0246592943336467,0.160933005238409,
-0.323376653790589));
#4075=CARTESIAN_POINT('Ctrl Pts',(0.0455749979257628,0.15587465287696,-0.32712602311892));
#4076=CARTESIAN_POINT('Ctrl Pts',(0.0837951729394146,0.138198758402851,
-0.334632225644685));
#4077=CARTESIAN_POINT('Ctrl Pts',(0.101049910373972,0.125606119227624,-0.338381631863058));
#4078=CARTESIAN_POINT('Ctrl Pts',(0.129372693503295,0.0948635395377748,
-0.345887973165626));
#4079=CARTESIAN_POINT('Ctrl Pts',(0.140404414223966,0.0767555729778772,
-0.349637418640013));
#4080=CARTESIAN_POINT('Ctrl Pts',(0.15468163697619,0.0377978222485465,-0.357143904911612));
#4081=CARTESIAN_POINT('Ctrl Pts',(0.15790970318598,0.0170006219285641,-0.360893392180099));
#4082=CARTESIAN_POINT('Ctrl Pts',(0.156184538829729,-0.0241457069863756,
-0.368400029988245));
#4083=CARTESIAN_POINT('Ctrl Pts',(0.151235343045826,-0.0444396935950328,
-0.372149561794668));
#4084=CARTESIAN_POINT('Ctrl Pts',(0.13400727878203,-0.0815049536968246,
-0.379656358076803));
#4085=CARTESIAN_POINT('Ctrl Pts',(0.121753216826597,-0.0982269361398863,
-0.383405937451871));
#4086=CARTESIAN_POINT('Ctrl Pts',(0.0918660228271098,-0.125653757191069,
-0.390912899429473));
#4087=CARTESIAN_POINT('Ctrl Pts',(0.074274610266879,-0.136322637681051,
-0.394662529929208));
#4088=CARTESIAN_POINT('Ctrl Pts',(0.0364498290441637,-0.150098998924553,
-0.402169664752087));
#4089=CARTESIAN_POINT('Ctrl Pts',(0.0162686782935582,-0.153189266613201,
-0.405919351212048));
#4090=CARTESIAN_POINT('Ctrl Pts',(-0.0236392453014756,-0.151434461547475,
-0.413426664703911));
#4091=CARTESIAN_POINT('Ctrl Pts',(-0.0433112714273053,-0.146593424925564,
-0.417176415695217));
#4092=CARTESIAN_POINT('Ctrl Pts',(-0.0792208689141305,-0.129811494779089,
-0.424683908121367));
#4093=CARTESIAN_POINT('Ctrl Pts',(-0.0954094245739447,-0.117895041133432,
-0.42843374405233));
#4094=CARTESIAN_POINT('Ctrl Pts',(-0.121938986768588,-0.0888621279383716,
-0.43594139589619));
#4095=CARTESIAN_POINT('Ctrl Pts',(-0.132243851859008,-0.0717862127505939,
-0.439691377662843));
#4096=CARTESIAN_POINT('Ctrl Pts',(-0.145527188495112,-0.0350690882136923,
-0.44720431404512));
#4097=CARTESIAN_POINT('Ctrl Pts',(-0.148476566082563,-0.0154749867953463,
-0.450959519897278));
#4098=CARTESIAN_POINT('Ctrl Pts',(-0.147572331935611,0.00388526965966633,
-0.454718623336305));
#4099=CARTESIAN_POINT('Ctrl Pts',(-0.148381803581806,0.0270346105431961,
-0.0918390148169107));
#4100=CARTESIAN_POINT('Ctrl Pts',(-0.146019690456705,0.0386622772315929,
-0.0940909150288584));
#4101=CARTESIAN_POINT('Ctrl Pts',(-0.142299681184042,0.0499836382599104,
-0.0963421011251996));
#4102=CARTESIAN_POINT('Ctrl Pts',(-0.128991216409009,0.0785284504734777,
-0.102347306128095));
#4103=CARTESIAN_POINT('Ctrl Pts',(-0.117175831380789,0.0946133512949182,
-0.106095707727696));
#4104=CARTESIAN_POINT('Ctrl Pts',(-0.0883754205314978,0.120982187672992,
-0.113600083827943));
#4105=CARTESIAN_POINT('Ctrl Pts',(-0.0714329581382093,0.131230612547253,
-0.117348522614934));
#4106=CARTESIAN_POINT('Ctrl Pts',(-0.0350177987220642,0.144446800713617,
-0.124852894222773));
#4107=CARTESIAN_POINT('Ctrl Pts',(-0.0155970546476955,0.147397555957351,
-0.12860133503213));
#4108=CARTESIAN_POINT('Ctrl Pts',(0.0227941661885209,0.145666055012458,
-0.136105719610931));
#4109=CARTESIAN_POINT('Ctrl Pts',(0.0417105111580231,0.14098782106817,-0.139854150735446));
#4110=CARTESIAN_POINT('Ctrl Pts',(0.076228345941156,0.124809085599648,-0.147358552493108));
#4111=CARTESIAN_POINT('Ctrl Pts',(0.0917815547182054,0.113332937785904,
-0.1511069696669));
#4112=CARTESIAN_POINT('Ctrl Pts',(0.117257154111315,0.0853907079769543,
-0.158611388651473));
#4113=CARTESIAN_POINT('Ctrl Pts',(0.127144375149573,0.0689655181633999,
-0.162359789806787));
#4114=CARTESIAN_POINT('Ctrl Pts',(0.139863326721821,0.0336846859366183,
-0.169864224678073));
#4115=CARTESIAN_POINT('Ctrl Pts',(0.142678280007957,0.0148801780331313,
-0.173612608348246));
#4116=CARTESIAN_POINT('Ctrl Pts',(0.140921161271701,-0.0222728575529432,
-0.181117057205552));
#4117=CARTESIAN_POINT('Ctrl Pts',(0.136353176485214,-0.0405678383571176,
-0.184865422037121));
#4118=CARTESIAN_POINT('Ctrl Pts',(0.120624336452846,-0.0739318591515343,
-0.192369882657874));
#4119=CARTESIAN_POINT('Ctrl Pts',(0.109487721541015,-0.0889531047860879,
-0.196118227256483));
#4120=CARTESIAN_POINT('Ctrl Pts',(0.0824024822247707,-0.113534703012717,
-0.203622697155465));
#4121=CARTESIAN_POINT('Ctrl Pts',(0.0664944747942946,-0.123060268651831,
-0.207371020033712));
#4122=CARTESIAN_POINT('Ctrl Pts',(0.0323474036499594,-0.135280975010177,
-0.214875496466224));
#4123=CARTESIAN_POINT('Ctrl Pts',(0.0141590789624158,-0.137959579840179,
-0.218623796021317));
#4124=CARTESIAN_POINT('Ctrl Pts',(-0.0217558360107574,-0.136175735031266,
-0.226128275969357));
#4125=CARTESIAN_POINT('Ctrl Pts',(-0.0394293353063525,-0.131717442684588,
-0.229876550467935));
#4126=CARTESIAN_POINT('Ctrl Pts',(-0.0716391544736798,-0.116437456166611,
-0.237381030619215));
#4127=CARTESIAN_POINT('Ctrl Pts',(-0.0861281273286577,-0.105639892640736,
-0.241129278186007));
#4128=CARTESIAN_POINT('Ctrl Pts',(-0.109814957571761,-0.0794108271555736,
-0.24863375490925));
#4129=CARTESIAN_POINT('Ctrl Pts',(-0.118978399240601,-0.0640196701963358,
-0.252381973513917));
#4130=CARTESIAN_POINT('Ctrl Pts',(-0.13069983241068,-0.031005895300319,
-0.259886442831891));
#4131=CARTESIAN_POINT('Ctrl Pts',(-0.133241527204638,-0.0134336236950823,
-0.263634630276327));
#4132=CARTESIAN_POINT('Ctrl Pts',(-0.131429822163476,0.021243209427268,
-0.271139087835528));
#4133=CARTESIAN_POINT('Ctrl Pts',(-0.127080650845243,0.0382951337662123,
-0.27488724173971));
#4134=CARTESIAN_POINT('Ctrl Pts',(-0.112248448762183,0.0693503540684428,
-0.282391682778535));
#4135=CARTESIAN_POINT('Ctrl Pts',(-0.101789441492129,0.0833067492324631,
-0.286139800564404));
#4136=CARTESIAN_POINT('Ctrl Pts',(-0.076415708183094,0.106098034685849,
-0.293644219877302));
#4137=CARTESIAN_POINT('Ctrl Pts',(-0.0615410581617065,0.114898880444465,
-0.297392298752805));
#4138=CARTESIAN_POINT('Ctrl Pts',(-0.0296600939198101,0.126119998596977,
-0.304896690651908));
#4139=CARTESIAN_POINT('Ctrl Pts',(-0.0127037362225405,0.128524214501888,
-0.308644727591989));
#4140=CARTESIAN_POINT('Ctrl Pts',(0.0207350694604448,0.12668349772542,-0.316149085865206));
#4141=CARTESIAN_POINT('Ctrl Pts',(0.037165331692767,0.122442866795238,-0.319897077592183));
#4142=CARTESIAN_POINT('Ctrl Pts',(0.0670655663917821,0.108057360493244,
-0.327401395456972));
#4143=CARTESIAN_POINT('Ctrl Pts',(0.0804890827012211,0.0979364041905002,
-0.331149338419539));
#4144=CARTESIAN_POINT('Ctrl Pts',(0.102384052262615,0.0734171404698519,
-0.338653608472212));
#4145=CARTESIAN_POINT('Ctrl Pts',(0.110821831643184,0.0590586432767698,
-0.342401498822932));
#4146=CARTESIAN_POINT('Ctrl Pts',(0.121541594125588,0.0283099821865447,
-0.3499057129815));
#4147=CARTESIAN_POINT('Ctrl Pts',(0.123807761617316,0.0119693884082835,
-0.353653546557327));
#4148=CARTESIAN_POINT('Ctrl Pts',(0.121936878010025,-0.0202314671107614,
-0.361157695990669));
#4149=CARTESIAN_POINT('Ctrl Pts',(0.117804203930475,-0.0360399909384379,
-0.364905468305299));
#4150=CARTESIAN_POINT('Ctrl Pts',(0.103864295286959,-0.064784877162495,
-0.372409543333456));
#4151=CARTESIAN_POINT('Ctrl Pts',(0.0940808793872676,-0.0776752235025537,
-0.376157249613172));
#4152=CARTESIAN_POINT('Ctrl Pts',(0.0704152053120066,-0.0986731310248044,
-0.383661239518993));
#4153=CARTESIAN_POINT('Ctrl Pts',(0.0565724997308069,-0.106747380110745,
-0.387408874891173));
#4154=CARTESIAN_POINT('Ctrl Pts',(0.0269556054093631,-0.116964773695205,
-0.394912767454025));
#4155=CARTESIAN_POINT('Ctrl Pts',(0.0112306202999014,-0.119092318359041,
-0.398660327644633));
#4156=CARTESIAN_POINT('Ctrl Pts',(-0.0197324108457866,-0.117190150931167,
-0.406164107769495));
#4157=CARTESIAN_POINT('Ctrl Pts',(-0.0349191093357336,-0.113164809980311,
-0.409911591489917));
#4158=CARTESIAN_POINT('Ctrl Pts',(-0.0625083761182467,-0.0996694837454224,
-0.41741523686082));
#4159=CARTESIAN_POINT('Ctrl Pts',(-0.0748651873772796,-0.0902229473879068,
-0.421162653807812));
#4160=CARTESIAN_POINT('Ctrl Pts',(-0.0949655004620867,-0.0674102336473216,
-0.428666120593984));
#4161=CARTESIAN_POINT('Ctrl Pts',(-0.102675461425925,-0.0540824486594371,
-0.43241351975253));
#4162=CARTESIAN_POINT('Ctrl Pts',(-0.112396833409752,-0.025577849617541,
-0.439921904827806));
#4163=CARTESIAN_POINT('Ctrl Pts',(-0.114382920123695,-0.0104452239130212,
-0.44367451833617));
#4164=CARTESIAN_POINT('Ctrl Pts',(-0.113407098539325,0.00443558655927297,
-0.447430904674311));
#4165=CARTESIAN_POINT('Ctrl Pts',(-0.114351211323555,0.0230074480995471,
-0.0849233337573464));
#4166=CARTESIAN_POINT('Ctrl Pts',(-0.112305087118617,0.031965332334389,
-0.0871769319963608));
#4167=CARTESIAN_POINT('Ctrl Pts',(-0.109213686997611,0.0406537848669324,
-0.0894296920076943));
#4168=CARTESIAN_POINT('Ctrl Pts',(-0.0983818705143127,0.0624740470018428,
-0.0954407393371835));
#4169=CARTESIAN_POINT('Ctrl Pts',(-0.0889478197072657,0.0746657748005441,
-0.0991912180023389));
#4170=CARTESIAN_POINT('Ctrl Pts',(-0.0662179577524585,0.0944504112426725,
-0.106703165923797));
#4171=CARTESIAN_POINT('Ctrl Pts',(-0.052963449814241,0.102010435314179,
-0.110453777837981));
#4172=CARTESIAN_POINT('Ctrl Pts',(-0.0246738421269728,0.111460248441444,
-0.117965994594474));
#4173=CARTESIAN_POINT('Ctrl Pts',(-0.00968844718079245,0.113335058645536,
-0.121716711160056));
#4174=CARTESIAN_POINT('Ctrl Pts',(0.019754334101994,0.111226246718341,-0.129229226800457));
#4175=CARTESIAN_POINT('Ctrl Pts',(0.0341604572108654,0.107247705184023,
-0.132980041565477));
#4176=CARTESIAN_POINT('Ctrl Pts',(0.0602637397672476,0.0941380430108443,
-0.140492873670049));
#4177=CARTESIAN_POINT('Ctrl Pts',(0.0719156761527834,0.0850311900857639,
-0.144243787935823));
#4178=CARTESIAN_POINT('Ctrl Pts',(0.0907863313156962,0.0631392415556087,
-0.151756950663079));
#4179=CARTESIAN_POINT('Ctrl Pts',(0.0979726800869102,0.0503938191207738,
-0.155507968266498));
#4180=CARTESIAN_POINT('Ctrl Pts',(0.106897595616913,0.0232274275259758,
-0.163021475181283));
#4181=CARTESIAN_POINT('Ctrl Pts',(0.108621521504901,0.00885542148181117,
-0.166772600914486));
#4182=CARTESIAN_POINT('Ctrl Pts',(0.106456445769287,-0.0193488436648221,
-0.174286465870604));
#4183=CARTESIAN_POINT('Ctrl Pts',(0.102572699357899,-0.0331303611412441,
-0.178037705015922));
#4184=CARTESIAN_POINT('Ctrl Pts',(0.0898839471312548,-0.0580674442860312,
-0.185551942452064));
#4185=CARTESIAN_POINT('Ctrl Pts',(0.0811032182330465,-0.0691782467003825,
-0.189303300652312));
#4186=CARTESIAN_POINT('Ctrl Pts',(0.0600455956956231,-0.0871317086421443,
-0.196817925712024));
#4187=CARTESIAN_POINT('Ctrl Pts',(0.0478082253922671,-0.0939424006451989,
-0.200569408946431));
#4188=CARTESIAN_POINT('Ctrl Pts',(0.021763193491294,-0.102338092305103,
-0.208084437545451));
#4189=CARTESIAN_POINT('Ctrl Pts',(0.00800421056192441,-0.103908760060248,
-0.21183605213735));
#4190=CARTESIAN_POINT('Ctrl Pts',(-0.0189615099430815,-0.101682615843611,
-0.219351501020563));
#4191=CARTESIAN_POINT('Ctrl Pts',(-0.0321178828570043,-0.0978912372684158,
-0.223103253652955));
#4192=CARTESIAN_POINT('Ctrl Pts',(-0.055886816655765,-0.0856188478854421,
-0.230619140448122));
#4193=CARTESIAN_POINT('Ctrl Pts',(-0.0664550292325754,-0.0771621385812926,
-0.234371038188126));
#4194=CARTESIAN_POINT('Ctrl Pts',(-0.0834876390038713,-0.0569352885201562,
-0.241887381462222));
#4195=CARTESIAN_POINT('Ctrl Pts',(-0.0899204622274106,-0.0452045399924935,
-0.245639431783953));
#4196=CARTESIAN_POINT('Ctrl Pts',(-0.0977820412832958,-0.020278931475117,
-0.253156251103681));
#4197=CARTESIAN_POINT('Ctrl Pts',(-0.0991967815321087,-0.00713248296867707,
-0.256908461916231));
#4198=CARTESIAN_POINT('Ctrl Pts',(-0.0969041485929832,0.0185946047828406,
-0.264425777910963));
#4199=CARTESIAN_POINT('Ctrl Pts',(-0.0932024033976673,0.0311252440472773,
-0.268178157587738));
#4200=CARTESIAN_POINT('Ctrl Pts',(-0.0813412496330395,0.0537238025160952,
-0.275695992019781));
#4201=CARTESIAN_POINT('Ctrl Pts',(-0.0732061885013157,0.0637477835640366,
-0.279448549428177));
#4202=CARTESIAN_POINT('Ctrl Pts',(-0.0538061069051142,0.0798553939914467,
-0.286966925265616));
#4203=CARTESIAN_POINT('Ctrl Pts',(-0.0425803700829925,0.0859078469819121,
-0.290719669802859));
#4204=CARTESIAN_POINT('Ctrl Pts',(-0.0187720099985635,0.0932297788598925,
-0.298238611299144));
#4205=CARTESIAN_POINT('Ctrl Pts',(-0.00623755097962845,0.0944855713263667,
-0.301991552926899));
#4206=CARTESIAN_POINT('Ctrl Pts',(0.0182507874387489,0.0921203149859674,
-0.309511085706651));
#4207=CARTESIAN_POINT('Ctrl Pts',(0.0301550176034944,0.0885051090056056,
-0.313264234990825));
#4208=CARTESIAN_POINT('Ctrl Pts',(0.0515806621547592,0.0770493894234166,
-0.320784386140411));
#4209=CARTESIAN_POINT('Ctrl Pts',(0.0610585433106562,0.0692332940643991,
-0.324537754294737));
#4210=CARTESIAN_POINT('Ctrl Pts',(0.0762364376402345,0.0506554545573477,
-0.33205855246019));
#4211=CARTESIAN_POINT('Ctrl Pts',(0.0819056769990493,0.0399329113479711,
-0.335812151393031));
#4212=CARTESIAN_POINT('Ctrl Pts',(0.0886816712680846,0.0172393508003917,
-0.343333626882132));
#4213=CARTESIAN_POINT('Ctrl Pts',(0.089775084119987,0.00531627336801036,
-0.347087469255753));
#4214=CARTESIAN_POINT('Ctrl Pts',(0.0873302340739415,-0.0179331600810933,
-0.354609654134157));
#4215=CARTESIAN_POINT('Ctrl Pts',(0.0837980527566218,-0.0292102012136027,
-0.358363753450719));
#4216=CARTESIAN_POINT('Ctrl Pts',(0.0727411785530518,-0.0494600219191523,
-0.365886681609864));
#4217=CARTESIAN_POINT('Ctrl Pts',(0.0652410049472936,-0.0583896650439463,
-0.36964105237376));
#4218=CARTESIAN_POINT('Ctrl Pts',(0.0474802725825904,-0.0726324565046869,
-0.377164759478043));
#4219=CARTESIAN_POINT('Ctrl Pts',(0.037258866863751,-0.0779152310171463,
-0.3809194176096));
#4220=CARTESIAN_POINT('Ctrl Pts',(0.0156773380632808,-0.0841381162650513,
-0.38844394062278));
#4221=CARTESIAN_POINT('Ctrl Pts',(0.0043649736556705,-0.0850652178667543,
-0.392198904689358));
#4222=CARTESIAN_POINT('Ctrl Pts',(-0.0176453608417825,-0.0825328512827016,
-0.399724279989464));
#4223=CARTESIAN_POINT('Ctrl Pts',(-0.0282942753920352,-0.0790796339537705,
-0.403479575125363));
#4224=CARTESIAN_POINT('Ctrl Pts',(-0.0473649708213756,-0.0684141887909045,
-0.411005831926963));
#4225=CARTESIAN_POINT('Ctrl Pts',(-0.0557438157469514,-0.0612262941442971,
-0.414761502659597));
#4226=CARTESIAN_POINT('Ctrl Pts',(-0.0690454995135747,-0.0442771360956641,
-0.422288640719588));
#4227=CARTESIAN_POINT('Ctrl Pts',(-0.0739377410253266,-0.0345539457181664,
-0.426044795631733));
#4228=CARTESIAN_POINT('Ctrl Pts',(-0.0796038334867845,-0.0140681404773145,
-0.433577933709537));
#4229=CARTESIAN_POINT('Ctrl Pts',(-0.0803571851996771,-0.00334830442963668,
-0.437340172989861));
#4230=CARTESIAN_POINT('Ctrl Pts',(-0.0790362046910654,0.00704790064892414,
-0.441109039408917));
#4231=CARTESIAN_POINT('Ctrl Pts',(-0.216053400207606,0.0368147451826651,
-0.106208335532175));
#4232=CARTESIAN_POINT('Ctrl Pts',(-0.201124556810875,0.036185806985455,
-0.103297916040109));
#4233=CARTESIAN_POINT('Ctrl Pts',(-0.186105318672004,0.035466051824921,
-0.100404595316206));
#4234=CARTESIAN_POINT('Ctrl Pts',(-0.158763939100484,0.0339201700853131,
-0.0952315521454066));
#4235=CARTESIAN_POINT('Ctrl Pts',(-0.145891068412545,0.0330957994997167,
-0.0928345039369879));
#4236=CARTESIAN_POINT('Ctrl Pts',(-0.127582712723988,0.0317145420762052,
-0.0895086418087997));
#4237=CARTESIAN_POINT('Ctrl Pts',(-0.121946980715754,0.0312608854741397,
-0.0884962278440587));
#4238=CARTESIAN_POINT('Ctrl Pts',(-0.116304121258354,0.0307716348990577,
-0.0874965085866211));
#4239=CARTESIAN_POINT('Origin',(-0.00842982873785616,-0.046875,-0.0956380293541818));
#4240=CARTESIAN_POINT('',(-0.111666912343109,-0.046875,-0.1175));
#4241=CARTESIAN_POINT('',(-0.00842982873785616,-0.046875,-0.0956380293541818));
#4242=CARTESIAN_POINT('',(-0.111666912343109,-0.046875,-0.1175));
#4243=CARTESIAN_POINT('Origin',(-0.111666912343109,-0.046875,-0.1175));
#4244=CARTESIAN_POINT('',(-0.111666912343109,-0.046875,-0.1225));
#4245=CARTESIAN_POINT('',(-0.111666912343109,-0.046875,-0.1175));
#4246=CARTESIAN_POINT('',(-0.111666912343109,-0.046875,-0.1225));
#4247=CARTESIAN_POINT('Origin',(-0.111666912343109,-0.046875,-0.1225));
#4248=CARTESIAN_POINT('',(-0.111666912343109,-0.046875,-0.1225));
#4249=CARTESIAN_POINT('Origin',(-0.105416912343109,-0.046875,-0.12));
#4250=CARTESIAN_POINT('Origin',(0.191591825508612,0.,-1.05358069633468));
#4251=CARTESIAN_POINT('Origin',(0.191591825508612,0.,-1.05358069633468));
#4252=CARTESIAN_POINT('Origin',(0.191591825508612,0.,-1.05358069633468));
#4253=CARTESIAN_POINT('Origin',(0.191591825508612,0.,-1.05358069633468));
#4254=CARTESIAN_POINT('Origin',(0.,0.,-0.7));
#4255=CARTESIAN_POINT('Origin',(0.0225,0.115,-0.06));
#4256=CARTESIAN_POINT('',(0.0064230484541326,0.0989230484541326,-0.06));
#4257=CARTESIAN_POINT('',(0.0064230484541326,-0.115,-0.06));
#4258=CARTESIAN_POINT('',(-0.0064230484541326,0.0989230484541326,-0.06));
#4259=CARTESIAN_POINT('',(-0.0225,0.0989230484541326,-0.06));
#4260=CARTESIAN_POINT('',(-0.0064230484541326,-0.115,-0.06));
#4261=CARTESIAN_POINT('Origin',(-0.0225,-0.115,0.));
#4262=CARTESIAN_POINT('',(-0.0225,0.115,0.));
#4263=CARTESIAN_POINT('Origin',(0.0225,-0.115,0.));
#4264=CARTESIAN_POINT('',(0.00806020433222318,0.100560204332223,-0.0538900510830559));
#4265=CARTESIAN_POINT('Origin',(-0.0225,0.115,0.));
#4266=CARTESIAN_POINT('Origin',(0.0225,-0.115,0.));
#4267=CARTESIAN_POINT('',(0.0064230484541326,-0.0989230484541326,-0.06));
#4268=CARTESIAN_POINT('',(0.0064230484541326,-0.115,-0.06));
#4269=CARTESIAN_POINT('',(0.0196748225867393,-0.112174822586739,-0.0105437056466849));
#4270=CARTESIAN_POINT('Origin',(-0.0225,-0.115,0.));
#4271=CARTESIAN_POINT('',(-0.0064230484541326,-0.0989230484541326,-0.06));
#4272=CARTESIAN_POINT('',(-0.0225,-0.115,0.));
#4273=CARTESIAN_POINT('',(-0.0064230484541326,-0.115,-0.06));
#4274=CARTESIAN_POINT('Origin',(0.0225,0.115,-0.06));
#4275=CARTESIAN_POINT('',(-0.0225,-0.0989230484541326,-0.06));
#4276=CARTESIAN_POINT('Origin',(-0.0225,-0.115,0.));
#4277=CARTESIAN_POINT('Origin',(0.115,0.0225000000000004,0.));
#4278=CARTESIAN_POINT('',(0.0989230484541326,0.00642304845413294,-0.06));
#4279=CARTESIAN_POINT('',(0.115,0.006423048454133,-0.06));
#4280=CARTESIAN_POINT('',(0.112174822586739,0.0196748225867397,-0.0105437056466849));
#4281=CARTESIAN_POINT('Origin',(0.115,-0.0224999999999996,0.));
#4282=CARTESIAN_POINT('',(0.0989230484541326,-0.00642304845413225,-0.06));
#4283=CARTESIAN_POINT('',(0.115,-0.0224999999999996,0.));
#4284=CARTESIAN_POINT('',(0.115,-0.0064230484541322,-0.06));
#4285=CARTESIAN_POINT('Origin',(-0.115,0.0224999999999996,-0.06));
#4286=CARTESIAN_POINT('',(0.0989230484541327,-0.0224999999999997,-0.06));
#4287=CARTESIAN_POINT('Origin',(0.115,-0.0224999999999996,0.));
#4288=CARTESIAN_POINT('Origin',(0.115,-0.0224999999999996,0.));
#4289=CARTESIAN_POINT('',(-0.0989230484541326,-0.00642304845413294,-0.06));
#4290=CARTESIAN_POINT('',(0.115,-0.0064230484541322,-0.06));
#4291=CARTESIAN_POINT('',(-0.115,-0.0225000000000004,0.));
#4292=CARTESIAN_POINT('Origin',(-0.115,0.0224999999999996,-0.06));
#4293=CARTESIAN_POINT('',(-0.0989230484541326,0.00642304845413225,-0.06));
#4294=CARTESIAN_POINT('',(0.115,0.006423048454133,-0.06));
#4295=CARTESIAN_POINT('',(-0.0989230484541325,-0.0225000000000003,-0.06));
#4296=CARTESIAN_POINT('Origin',(0.115,0.0225000000000004,0.));
#4297=CARTESIAN_POINT('',(-0.100560204332223,0.00806020433222283,-0.0538900510830559));
#4298=CARTESIAN_POINT('Origin',(-0.115,-0.0225000000000004,0.));
#4299=CARTESIAN_POINT('Origin',(0.386132370758437,-0.386132370758437,0.386132370758437));
#4300=CARTESIAN_POINT('Origin',(-0.54746109492219,-0.393700787401575,0.668800884600637));
#4301=CARTESIAN_POINT('',(0.,0.,0.));
#4302=CARTESIAN_POINT('Origin',(1.02886331656587E-15,0.,4.63358844910125));
#4303=CARTESIAN_POINT('Origin',(-0.54746109492219,-0.393700787401575,4.63358844910125));
#4304=CARTESIAN_POINT('',(0.,0.,0.));
#4305=CARTESIAN_POINT('Origin',(0.,4.63358844910125,0.));
#4306=CARTESIAN_POINT('Origin',(-0.54746109492219,-0.393700787401575,4.63358844910125));
#4307=CARTESIAN_POINT('',(0.,0.,0.));
#4308=CARTESIAN_POINT('Origin',(4.63358844910125,0.,0.));
#4309=CARTESIAN_POINT('Origin',(-0.54746109492219,-0.393700787401575,4.63358844910125));
#4310=CARTESIAN_POINT('',(0.,0.,0.));
#4311=CARTESIAN_POINT('Origin',(0.,0.,0.));
#4312=CARTESIAN_POINT('Origin',(0.,0.,0.));
#4313=CARTESIAN_POINT('Origin',(0.,0.,0.));
#4314=CARTESIAN_POINT('Origin',(0.,0.,0.));
#4315=CARTESIAN_POINT('Origin',(0.,0.,0.));
#4316=UNCERTAINTY_MEASURE_WITH_UNIT(LENGTH_MEASURE(0.000393700787401575),
#4321,'DISTANCE_ACCURACY_VALUE',
'Maximum model space distance between geometric entities at asserted c
onnectivities');
#4317=UNCERTAINTY_MEASURE_WITH_UNIT(LENGTH_MEASURE(0.000393700787401575),
#4321,'DISTANCE_ACCURACY_VALUE',
'Maximum model space distance between geometric entities at asserted c
onnectivities');
#4318=(
GEOMETRIC_REPRESENTATION_CONTEXT(3)
GLOBAL_UNCERTAINTY_ASSIGNED_CONTEXT((#4316))
GLOBAL_UNIT_ASSIGNED_CONTEXT((#4321,#4325,#4326))
REPRESENTATION_CONTEXT('','3D')
);
#4319=(
GEOMETRIC_REPRESENTATION_CONTEXT(3)
GLOBAL_UNCERTAINTY_ASSIGNED_CONTEXT((#4317))
GLOBAL_UNIT_ASSIGNED_CONTEXT((#4321,#4325,#4326))
REPRESENTATION_CONTEXT('','3D')
);
#4320=DIMENSIONAL_EXPONENTS(1.,0.,0.,0.,0.,0.,0.);
#4321=(
CONVERSION_BASED_UNIT('inch',#4324)
LENGTH_UNIT()
NAMED_UNIT(#4320)
);
#4322=(
LENGTH_UNIT()
NAMED_UNIT(*)
SI_UNIT(.MILLI.,.METRE.)
);
#4323=(
LENGTH_UNIT()
NAMED_UNIT(*)
SI_UNIT(.CENTI.,.METRE.)
);
#4324=LENGTH_MEASURE_WITH_UNIT(LENGTH_MEASURE(25.4),#4322);
#4325=(
NAMED_UNIT(*)
PLANE_ANGLE_UNIT()
SI_UNIT($,.RADIAN.)
);
#4326=(
NAMED_UNIT(*)
SI_UNIT($,.STERADIAN.)
SOLID_ANGLE_UNIT()
);
#4327=SHAPE_DEFINITION_REPRESENTATION(#4328,#4329);
#4328=PRODUCT_DEFINITION_SHAPE('',$,#4331);
#4329=SHAPE_REPRESENTATION('',(#1133,#45),#4318);
#4330=PRODUCT_DEFINITION_CONTEXT('part definition',#4335,'design');
#4331=PRODUCT_DEFINITION('66615A7_Female Drilling Anchors_thickened',
'66615A7_Female Drilling Anchors_thickened',#4332,#4330);
#4332=PRODUCT_DEFINITION_FORMATION('ANY',$,#4337);
#4333=PRODUCT_RELATED_PRODUCT_CATEGORY(
'66615A7_Female Drilling Anchors_thickened',
'66615A7_Female Drilling Anchors_thickened',(#4337));
#4334=APPLICATION_PROTOCOL_DEFINITION('international standard',
'ap242_managed_model_based_3d_engineering',2011,#4335);
#4335=APPLICATION_CONTEXT('Managed model based 3d engineering');
#4336=PRODUCT_CONTEXT('part definition',#4335,'mechanical');
#4337=PRODUCT('66615A7_Female Drilling Anchors_thickened',
'66615A7_Female Drilling Anchors_thickened','STEP AP203',(#4336));
#4338=PRESENTATION_STYLE_ASSIGNMENT((#4340));
#4339=PRESENTATION_STYLE_ASSIGNMENT((NULL_STYLE(.NULL.)));
#4340=SURFACE_STYLE_USAGE(.BOTH.,#4343);
#4341=SURFACE_STYLE_RENDERING_WITH_PROPERTIES($,#4347,(#4342));
#4342=SURFACE_STYLE_TRANSPARENT(0.);
#4343=SURFACE_SIDE_STYLE('',(#4344,#4341));
#4344=SURFACE_STYLE_FILL_AREA(#4345);
#4345=FILL_AREA_STYLE('',(#4346));
#4346=FILL_AREA_STYLE_COLOUR('',#4347);
#4347=COLOUR_RGB('',0.749019607843137,0.749019607843137,0.749019607843137);
ENDSEC;
END-ISO-10303-21;
