ISO-10303-21;
HEADER;
/* Generated by software containing ST-Developer
 * from STEP Tools, Inc. (www.steptools.com) 
 */

FILE_DESCRIPTION(
/* description */ ('',
'CAx-IF Rec.Pracs.---Representation and Presentation of Product Manufa
cturing Information (PMI)---4.0---2014-10-13'),
/* implementation_level */ '2;1');

FILE_NAME(
/* name */ 'Z:\\talon_parts_2\\antenna_anchors\\block.stp',
/* time_stamp */ '2022-04-05T08:33:29-07:00',
/* author */ ('Thomas'),
/* organization */ (''),
/* preprocessor_version */ 'ST-DEVELOPER v18.1',
/* originating_system */ 'Autodesk Inventor 2022',
/* authorisation */ '');

FILE_SCHEMA (('AP242_MANAGED_MODEL_BASED_3D_ENGINEERING_MIM_LF { 1 0 10303 442 1 1 4 }'));
ENDSEC;

DATA;
#10=CONSTRUCTIVE_GEOMETRY_REPRESENTATION_RELATIONSHIP('CGRR','None',#3994,
#11);
#11=CONSTRUCTIVE_GEOMETRY_REPRESENTATION('Supplemental geometry',(#45,#46,
#47,#48),#3986);
#12=MECHANICAL_DESIGN_AND_DRAUGHTING_RELATIONSHIP('Isometric','',#27,#28);
#13=MECHANICAL_DESIGN_AND_DRAUGHTING_RELATIONSHIP('Front','',#29,#28);
#14=MECHANICAL_DESIGN_AND_DRAUGHTING_RELATIONSHIP('Top','',#30,#28);
#15=MECHANICAL_DESIGN_AND_DRAUGHTING_RELATIONSHIP('Right','',#31,#28);
#16=MAPPED_ITEM('',#21,#577);
#17=MAPPED_ITEM('',#22,#578);
#18=MAPPED_ITEM('',#23,#579);
#19=MAPPED_ITEM('',#24,#580);
#20=MAPPED_ITEM('',#25,#581);
#21=REPRESENTATION_MAP(#577,#26);
#22=REPRESENTATION_MAP(#578,#3994);
#23=REPRESENTATION_MAP(#579,#26);
#24=REPRESENTATION_MAP(#580,#26);
#25=REPRESENTATION_MAP(#581,#26);
#26=ADVANCED_BREP_SHAPE_REPRESENTATION('Isometric',(#82),#3986);
#27=DRAUGHTING_MODEL('Isometric',(#16,#33),#3986);
#28=DRAUGHTING_MODEL('',(#17,#578),#3986);
#29=DRAUGHTING_MODEL('Front',(#18,#34),#3986);
#30=DRAUGHTING_MODEL('Top',(#19,#35),#3986);
#31=DRAUGHTING_MODEL('Right',(#20,#36),#3986);
#32=MECHANICAL_DESIGN_GEOMETRIC_PRESENTATION_REPRESENTATION('',(#60,#61,
#62,#63,#64,#65,#66,#67,#68,#69,#70,#71,#72,#73,#74,#75,#76,#77,#78,#79,
#80),#3987);
#33=CAMERA_MODEL_D3('Isometric',#569,#37);
#34=CAMERA_MODEL_D3('Front',#571,#38);
#35=CAMERA_MODEL_D3('Top',#573,#39);
#36=CAMERA_MODEL_D3('Right',#575,#40);
#37=VIEW_VOLUME(.PARALLEL.,#3969,16.9875424688562,0.,.F.,0.,.F.,.F.,#41);
#38=VIEW_VOLUME(.PARALLEL.,#3972,117.693146607172,0.,.F.,0.,.F.,.F.,#42);
#39=VIEW_VOLUME(.PARALLEL.,#3975,117.693146607172,0.,.F.,0.,.F.,.F.,#43);
#40=VIEW_VOLUME(.PARALLEL.,#3978,117.693146607172,0.,.F.,0.,.F.,.F.,#44);
#41=PLANAR_BOX('view window',27.8110236220472,20.,#570);
#42=PLANAR_BOX('view window',27.8110236220472,20.,#572);
#43=PLANAR_BOX('view window',27.8110236220472,20.,#574);
#44=PLANAR_BOX('view window',27.8110236220472,20.,#576);
#45=GEOMETRIC_CURVE_SET('Sketch4',(#50,#51,#52,#53,#3949));
#46=GEOMETRIC_CURVE_SET('Sketch7',(#194,#3951));
#47=GEOMETRIC_CURVE_SET('Sketch11',(#54,#55,#56,#57,#58,#59,#3964));
#48=GEOMETRIC_CURVE_SET('Sketch12',(#195,#3966));
#49=INVISIBILITY((#61,#62,#63,#64,#65,#66,#67,#68,#69,#70,#71,#72,#73,#74,
#75,#76,#77,#78,#79,#80));
#50=POLYLINE('',(#3941,#3942));
#51=POLYLINE('',(#3943,#3944));
#52=POLYLINE('',(#3945,#3946));
#53=POLYLINE('',(#3947,#3948));
#54=POLYLINE('',(#3952,#3953));
#55=POLYLINE('',(#3954,#3955));
#56=POLYLINE('',(#3956,#3957));
#57=POLYLINE('',(#3958,#3959));
#58=POLYLINE('',(#3960,#3961));
#59=POLYLINE('',(#3962,#3963));
#60=STYLED_ITEM('',(#4003),#82);
#61=STYLED_ITEM('',(#4005),#50);
#62=STYLED_ITEM('',(#4005),#51);
#63=STYLED_ITEM('',(#4005),#52);
#64=STYLED_ITEM('',(#4005),#53);
#65=STYLED_ITEM('',(#4006),#3949);
#66=STYLED_ITEM('',(#4005),#194);
#67=STYLED_ITEM('',(#4007),#3951);
#68=STYLED_ITEM('',(#4004),#54);
#69=STYLED_ITEM('',(#4004),#55);
#70=STYLED_ITEM('',(#4005),#56);
#71=STYLED_ITEM('',(#4005),#57);
#72=STYLED_ITEM('',(#4005),#58);
#73=STYLED_ITEM('',(#4005),#59);
#74=STYLED_ITEM('',(#4008),#3964);
#75=STYLED_ITEM('',(#4009),#195);
#76=STYLED_ITEM('',(#4010),#3966);
#77=STYLED_ITEM('',(#4011),#45);
#78=STYLED_ITEM('',(#4012),#46);
#79=STYLED_ITEM('',(#4013),#47);
#80=STYLED_ITEM('',(#4014),#48);
#81=STYLED_ITEM('',(#4015),#17);
#82=MANIFOLD_SOLID_BREP('Solid4',#518);
#83=TOROIDAL_SURFACE('',#558,4.92125,2.04);
#84=ELLIPSE('',#556,3.16162721209252,2.88125000000001);
#85=ELLIPSE('',#559,1.3339888499611,0.95697631464608);
#86=B_SPLINE_SURFACE_WITH_KNOTS('',3,3,((#1065,#1066,#1067,#1068,#1069,
#1070,#1071,#1072,#1073,#1074,#1075,#1076,#1077,#1078,#1079,#1080,#1081,
#1082,#1083,#1084,#1085,#1086,#1087,#1088,#1089,#1090,#1091,#1092,#1093,
#1094,#1095,#1096,#1097,#1098,#1099,#1100,#1101,#1102,#1103,#1104,#1105,
#1106,#1107,#1108,#1109,#1110,#1111,#1112,#1113,#1114,#1115,#1116,#1117,
#1118,#1119,#1120,#1121,#1122,#1123,#1124,#1125,#1126,#1127,#1128,#1129,
#1130),(#1131,#1132,#1133,#1134,#1135,#1136,#1137,#1138,#1139,#1140,#1141,
#1142,#1143,#1144,#1145,#1146,#1147,#1148,#1149,#1150,#1151,#1152,#1153,
#1154,#1155,#1156,#1157,#1158,#1159,#1160,#1161,#1162,#1163,#1164,#1165,
#1166,#1167,#1168,#1169,#1170,#1171,#1172,#1173,#1174,#1175,#1176,#1177,
#1178,#1179,#1180,#1181,#1182,#1183,#1184,#1185,#1186,#1187,#1188,#1189,
#1190,#1191,#1192,#1193,#1194,#1195,#1196),(#1197,#1198,#1199,#1200,#1201,
#1202,#1203,#1204,#1205,#1206,#1207,#1208,#1209,#1210,#1211,#1212,#1213,
#1214,#1215,#1216,#1217,#1218,#1219,#1220,#1221,#1222,#1223,#1224,#1225,
#1226,#1227,#1228,#1229,#1230,#1231,#1232,#1233,#1234,#1235,#1236,#1237,
#1238,#1239,#1240,#1241,#1242,#1243,#1244,#1245,#1246,#1247,#1248,#1249,
#1250,#1251,#1252,#1253,#1254,#1255,#1256,#1257,#1258,#1259,#1260,#1261,
#1262),(#1263,#1264,#1265,#1266,#1267,#1268,#1269,#1270,#1271,#1272,#1273,
#1274,#1275,#1276,#1277,#1278,#1279,#1280,#1281,#1282,#1283,#1284,#1285,
#1286,#1287,#1288,#1289,#1290,#1291,#1292,#1293,#1294,#1295,#1296,#1297,
#1298,#1299,#1300,#1301,#1302,#1303,#1304,#1305,#1306,#1307,#1308,#1309,
#1310,#1311,#1312,#1313,#1314,#1315,#1316,#1317,#1318,#1319,#1320,#1321,
#1322,#1323,#1324,#1325,#1326,#1327,#1328)),.UNSPECIFIED.,.F.,.F.,.F.,(4,
4),(4,2,2,2,2,2,2,2,2,2,2,2,2,2,2,2,2,2,2,2,2,2,2,2,2,2,2,2,2,2,2,2,4),
(-0.1467814487142,0.818183720780753),(0.0124798786023462,0.03125,0.0625,
0.09375,0.125,0.15625,0.1875,0.21875,0.25,0.28125,0.3125,0.34375,0.375,
0.40625,0.4375,0.46875,0.5,0.53125,0.5625,0.59375,0.625,0.65625,0.6875,
0.71875,0.75,0.78125,0.8125,0.84375,0.875,0.90625,0.9375,0.96875,1.00006073238842),
 .UNSPECIFIED.);
#87=B_SPLINE_SURFACE_WITH_KNOTS('',3,3,((#1925,#1926,#1927,#1928,#1929,
#1930,#1931,#1932,#1933,#1934,#1935,#1936,#1937,#1938,#1939,#1940,#1941,
#1942,#1943,#1944,#1945,#1946,#1947,#1948,#1949,#1950,#1951,#1952,#1953,
#1954,#1955,#1956,#1957,#1958,#1959,#1960,#1961,#1962,#1963,#1964,#1965,
#1966,#1967,#1968,#1969,#1970,#1971,#1972,#1973,#1974,#1975,#1976,#1977,
#1978,#1979,#1980,#1981,#1982,#1983,#1984,#1985,#1986,#1987,#1988),(#1989,
#1990,#1991,#1992,#1993,#1994,#1995,#1996,#1997,#1998,#1999,#2000,#2001,
#2002,#2003,#2004,#2005,#2006,#2007,#2008,#2009,#2010,#2011,#2012,#2013,
#2014,#2015,#2016,#2017,#2018,#2019,#2020,#2021,#2022,#2023,#2024,#2025,
#2026,#2027,#2028,#2029,#2030,#2031,#2032,#2033,#2034,#2035,#2036,#2037,
#2038,#2039,#2040,#2041,#2042,#2043,#2044,#2045,#2046,#2047,#2048,#2049,
#2050,#2051,#2052),(#2053,#2054,#2055,#2056,#2057,#2058,#2059,#2060,#2061,
#2062,#2063,#2064,#2065,#2066,#2067,#2068,#2069,#2070,#2071,#2072,#2073,
#2074,#2075,#2076,#2077,#2078,#2079,#2080,#2081,#2082,#2083,#2084,#2085,
#2086,#2087,#2088,#2089,#2090,#2091,#2092,#2093,#2094,#2095,#2096,#2097,
#2098,#2099,#2100,#2101,#2102,#2103,#2104,#2105,#2106,#2107,#2108,#2109,
#2110,#2111,#2112,#2113,#2114,#2115,#2116),(#2117,#2118,#2119,#2120,#2121,
#2122,#2123,#2124,#2125,#2126,#2127,#2128,#2129,#2130,#2131,#2132,#2133,
#2134,#2135,#2136,#2137,#2138,#2139,#2140,#2141,#2142,#2143,#2144,#2145,
#2146,#2147,#2148,#2149,#2150,#2151,#2152,#2153,#2154,#2155,#2156,#2157,
#2158,#2159,#2160,#2161,#2162,#2163,#2164,#2165,#2166,#2167,#2168,#2169,
#2170,#2171,#2172,#2173,#2174,#2175,#2176,#2177,#2178,#2179,#2180)),
 .UNSPECIFIED.,.F.,.F.,.F.,(4,4),(4,2,1,1,2,1,2,1,2,1,2,1,2,1,2,1,2,2,2,
2,2,2,2,2,2,2,2,2,2,2,2,2,2,2,2,4),(-3.34223678908448,4.26110923858935),
(-0.000107097144589483,0.,0.015625,0.0234375,0.03125,0.046875,0.0625,0.078125,
0.09375,0.109375,0.125,0.140625,0.15625,0.171875,0.1875,0.203125,0.21875,
0.25,0.28125,0.3125,0.34375,0.375,0.40625,0.4375,0.46875,0.5,0.53125,0.5625,
0.59375,0.625,0.65625,0.6875,0.71875,0.75,0.78125,0.802359074490892),
 .UNSPECIFIED.);
#88=B_SPLINE_SURFACE_WITH_KNOTS('',3,3,((#2770,#2771,#2772,#2773,#2774,
#2775,#2776,#2777,#2778,#2779,#2780,#2781,#2782,#2783,#2784,#2785,#2786,
#2787,#2788,#2789,#2790,#2791,#2792,#2793,#2794,#2795,#2796,#2797,#2798,
#2799,#2800,#2801,#2802,#2803,#2804,#2805,#2806,#2807,#2808,#2809,#2810,
#2811,#2812,#2813,#2814,#2815,#2816,#2817,#2818,#2819,#2820,#2821,#2822,
#2823),(#2824,#2825,#2826,#2827,#2828,#2829,#2830,#2831,#2832,#2833,#2834,
#2835,#2836,#2837,#2838,#2839,#2840,#2841,#2842,#2843,#2844,#2845,#2846,
#2847,#2848,#2849,#2850,#2851,#2852,#2853,#2854,#2855,#2856,#2857,#2858,
#2859,#2860,#2861,#2862,#2863,#2864,#2865,#2866,#2867,#2868,#2869,#2870,
#2871,#2872,#2873,#2874,#2875,#2876,#2877),(#2878,#2879,#2880,#2881,#2882,
#2883,#2884,#2885,#2886,#2887,#2888,#2889,#2890,#2891,#2892,#2893,#2894,
#2895,#2896,#2897,#2898,#2899,#2900,#2901,#2902,#2903,#2904,#2905,#2906,
#2907,#2908,#2909,#2910,#2911,#2912,#2913,#2914,#2915,#2916,#2917,#2918,
#2919,#2920,#2921,#2922,#2923,#2924,#2925,#2926,#2927,#2928,#2929,#2930,
#2931),(#2932,#2933,#2934,#2935,#2936,#2937,#2938,#2939,#2940,#2941,#2942,
#2943,#2944,#2945,#2946,#2947,#2948,#2949,#2950,#2951,#2952,#2953,#2954,
#2955,#2956,#2957,#2958,#2959,#2960,#2961,#2962,#2963,#2964,#2965,#2966,
#2967,#2968,#2969,#2970,#2971,#2972,#2973,#2974,#2975,#2976,#2977,#2978,
#2979,#2980,#2981,#2982,#2983,#2984,#2985)),.UNSPECIFIED.,.F.,.F.,.F.,(4,
4),(4,2,2,2,2,2,2,2,2,2,2,2,2,2,2,2,2,2,2,2,2,2,2,2,2,2,4),(-0.228103109367119,
0.771576882387289),(-0.000297014451348562,0.03125,0.0625,0.09375,0.125,
0.15625,0.1875,0.21875,0.25,0.28125,0.3125,0.34375,0.375,0.40625,0.4375,
0.46875,0.5,0.53125,0.5625,0.59375,0.625,0.65625,0.6875,0.71875,0.75,0.78125,
0.800531834954195),.UNSPECIFIED.);
#89=B_SPLINE_SURFACE_WITH_KNOTS('',3,3,((#3036,#3037,#3038,#3039,#3040,
#3041,#3042,#3043,#3044,#3045,#3046,#3047,#3048,#3049,#3050,#3051,#3052,
#3053,#3054,#3055,#3056,#3057,#3058,#3059,#3060,#3061,#3062,#3063,#3064,
#3065,#3066,#3067,#3068,#3069,#3070,#3071,#3072,#3073,#3074,#3075,#3076,
#3077,#3078,#3079,#3080,#3081,#3082,#3083),(#3084,#3085,#3086,#3087,#3088,
#3089,#3090,#3091,#3092,#3093,#3094,#3095,#3096,#3097,#3098,#3099,#3100,
#3101,#3102,#3103,#3104,#3105,#3106,#3107,#3108,#3109,#3110,#3111,#3112,
#3113,#3114,#3115,#3116,#3117,#3118,#3119,#3120,#3121,#3122,#3123,#3124,
#3125,#3126,#3127,#3128,#3129,#3130,#3131),(#3132,#3133,#3134,#3135,#3136,
#3137,#3138,#3139,#3140,#3141,#3142,#3143,#3144,#3145,#3146,#3147,#3148,
#3149,#3150,#3151,#3152,#3153,#3154,#3155,#3156,#3157,#3158,#3159,#3160,
#3161,#3162,#3163,#3164,#3165,#3166,#3167,#3168,#3169,#3170,#3171,#3172,
#3173,#3174,#3175,#3176,#3177,#3178,#3179),(#3180,#3181,#3182,#3183,#3184,
#3185,#3186,#3187,#3188,#3189,#3190,#3191,#3192,#3193,#3194,#3195,#3196,
#3197,#3198,#3199,#3200,#3201,#3202,#3203,#3204,#3205,#3206,#3207,#3208,
#3209,#3210,#3211,#3212,#3213,#3214,#3215,#3216,#3217,#3218,#3219,#3220,
#3221,#3222,#3223,#3224,#3225,#3226,#3227)),.UNSPECIFIED.,.F.,.F.,.F.,(4,
4),(4,2,2,2,2,2,2,2,2,2,2,2,2,2,2,2,2,2,2,2,2,2,2,4),(0.228347171973729,
1.23232951576097),(-6.71887702751674E-5,0.03125,0.0625,0.09375,0.125,0.15625,
0.1875,0.21875,0.25,0.28125,0.3125,0.34375,0.375,0.40625,0.4375,0.46875,
0.5,0.53125,0.5625,0.59375,0.625,0.65625,0.6875,0.700188455575173),
 .UNSPECIFIED.);
#90=B_SPLINE_SURFACE_WITH_KNOTS('',3,3,((#3244,#3245,#3246,#3247,#3248,
#3249,#3250,#3251,#3252,#3253,#3254,#3255,#3256,#3257,#3258,#3259,#3260,
#3261,#3262,#3263,#3264,#3265,#3266,#3267,#3268,#3269,#3270,#3271,#3272,
#3273,#3274,#3275,#3276,#3277,#3278,#3279,#3280,#3281,#3282,#3283,#3284,
#3285,#3286,#3287,#3288,#3289,#3290,#3291,#3292,#3293,#3294,#3295,#3296,
#3297,#3298,#3299,#3300,#3301,#3302,#3303,#3304,#3305,#3306,#3307,#3308,
#3309,#3310,#3311),(#3312,#3313,#3314,#3315,#3316,#3317,#3318,#3319,#3320,
#3321,#3322,#3323,#3324,#3325,#3326,#3327,#3328,#3329,#3330,#3331,#3332,
#3333,#3334,#3335,#3336,#3337,#3338,#3339,#3340,#3341,#3342,#3343,#3344,
#3345,#3346,#3347,#3348,#3349,#3350,#3351,#3352,#3353,#3354,#3355,#3356,
#3357,#3358,#3359,#3360,#3361,#3362,#3363,#3364,#3365,#3366,#3367,#3368,
#3369,#3370,#3371,#3372,#3373,#3374,#3375,#3376,#3377,#3378,#3379),(#3380,
#3381,#3382,#3383,#3384,#3385,#3386,#3387,#3388,#3389,#3390,#3391,#3392,
#3393,#3394,#3395,#3396,#3397,#3398,#3399,#3400,#3401,#3402,#3403,#3404,
#3405,#3406,#3407,#3408,#3409,#3410,#3411,#3412,#3413,#3414,#3415,#3416,
#3417,#3418,#3419,#3420,#3421,#3422,#3423,#3424,#3425,#3426,#3427,#3428,
#3429,#3430,#3431,#3432,#3433,#3434,#3435,#3436,#3437,#3438,#3439,#3440,
#3441,#3442,#3443,#3444,#3445,#3446,#3447),(#3448,#3449,#3450,#3451,#3452,
#3453,#3454,#3455,#3456,#3457,#3458,#3459,#3460,#3461,#3462,#3463,#3464,
#3465,#3466,#3467,#3468,#3469,#3470,#3471,#3472,#3473,#3474,#3475,#3476,
#3477,#3478,#3479,#3480,#3481,#3482,#3483,#3484,#3485,#3486,#3487,#3488,
#3489,#3490,#3491,#3492,#3493,#3494,#3495,#3496,#3497,#3498,#3499,#3500,
#3501,#3502,#3503,#3504,#3505,#3506,#3507,#3508,#3509,#3510,#3511,#3512,
#3513,#3514,#3515)),.UNSPECIFIED.,.F.,.F.,.F.,(4,4),(4,2,2,2,2,2,2,2,2,
2,2,2,2,2,2,2,2,2,2,2,2,2,2,2,2,2,2,2,2,2,2,2,2,4),(-3.25375682227246,4.23054181644081),
(0.00360404367018044,0.03125,0.0625,0.09375,0.125,0.15625,0.1875,0.21875,
0.25,0.28125,0.3125,0.34375,0.375,0.40625,0.4375,0.46875,0.5,0.53125,0.5625,
0.59375,0.625,0.65625,0.6875,0.71875,0.75,0.78125,0.8125,0.84375,0.875,
0.90625,0.9375,0.96875,1.,1.00010718470902),.UNSPECIFIED.);
#91=B_SPLINE_SURFACE_WITH_KNOTS('',3,3,((#3657,#3658,#3659,#3660,#3661,
#3662,#3663,#3664,#3665,#3666,#3667,#3668,#3669,#3670,#3671,#3672,#3673,
#3674,#3675,#3676,#3677,#3678,#3679,#3680,#3681,#3682,#3683,#3684,#3685,
#3686,#3687,#3688,#3689,#3690,#3691,#3692,#3693,#3694,#3695,#3696,#3697,
#3698,#3699,#3700,#3701,#3702,#3703,#3704,#3705,#3706,#3707,#3708,#3709,
#3710,#3711,#3712,#3713,#3714,#3715,#3716,#3717,#3718,#3719,#3720,#3721,
#3722),(#3723,#3724,#3725,#3726,#3727,#3728,#3729,#3730,#3731,#3732,#3733,
#3734,#3735,#3736,#3737,#3738,#3739,#3740,#3741,#3742,#3743,#3744,#3745,
#3746,#3747,#3748,#3749,#3750,#3751,#3752,#3753,#3754,#3755,#3756,#3757,
#3758,#3759,#3760,#3761,#3762,#3763,#3764,#3765,#3766,#3767,#3768,#3769,
#3770,#3771,#3772,#3773,#3774,#3775,#3776,#3777,#3778,#3779,#3780,#3781,
#3782,#3783,#3784,#3785,#3786,#3787,#3788),(#3789,#3790,#3791,#3792,#3793,
#3794,#3795,#3796,#3797,#3798,#3799,#3800,#3801,#3802,#3803,#3804,#3805,
#3806,#3807,#3808,#3809,#3810,#3811,#3812,#3813,#3814,#3815,#3816,#3817,
#3818,#3819,#3820,#3821,#3822,#3823,#3824,#3825,#3826,#3827,#3828,#3829,
#3830,#3831,#3832,#3833,#3834,#3835,#3836,#3837,#3838,#3839,#3840,#3841,
#3842,#3843,#3844,#3845,#3846,#3847,#3848,#3849,#3850,#3851,#3852,#3853,
#3854),(#3855,#3856,#3857,#3858,#3859,#3860,#3861,#3862,#3863,#3864,#3865,
#3866,#3867,#3868,#3869,#3870,#3871,#3872,#3873,#3874,#3875,#3876,#3877,
#3878,#3879,#3880,#3881,#3882,#3883,#3884,#3885,#3886,#3887,#3888,#3889,
#3890,#3891,#3892,#3893,#3894,#3895,#3896,#3897,#3898,#3899,#3900,#3901,
#3902,#3903,#3904,#3905,#3906,#3907,#3908,#3909,#3910,#3911,#3912,#3913,
#3914,#3915,#3916,#3917,#3918,#3919,#3920)),.UNSPECIFIED.,.F.,.F.,.F.,(4,
4),(4,2,2,2,2,2,2,2,2,2,2,2,2,2,2,2,2,2,2,2,2,2,2,2,2,2,2,2,2,2,2,2,4),
(0.175984578850518,1.14788993391365),(0.0257222640559739,0.03125,0.0625,
0.09375,0.125,0.15625,0.1875,0.21875,0.25,0.28125,0.3125,0.34375,0.375,
0.40625,0.4375,0.46875,0.5,0.53125,0.5625,0.59375,0.625,0.65625,0.6875,
0.71875,0.75,0.78125,0.8125,0.84375,0.875,0.90625,0.9375,0.96875,1.00004554764168),
 .UNSPECIFIED.);
#92=FACE_BOUND('',#134,.T.);
#93=FACE_BOUND('',#154,.T.);
#94=PLANE('',#545);
#95=PLANE('',#547);
#96=PLANE('',#548);
#97=PLANE('',#549);
#98=PLANE('',#560);
#99=PLANE('',#561);
#100=PLANE('',#562);
#101=PLANE('',#563);
#102=PLANE('',#564);
#103=PLANE('',#565);
#104=PLANE('',#566);
#105=FACE_OUTER_BOUND('',#129,.T.);
#106=FACE_OUTER_BOUND('',#130,.T.);
#107=FACE_OUTER_BOUND('',#131,.T.);
#108=FACE_OUTER_BOUND('',#132,.T.);
#109=FACE_OUTER_BOUND('',#133,.T.);
#110=FACE_OUTER_BOUND('',#135,.T.);
#111=FACE_OUTER_BOUND('',#136,.T.);
#112=FACE_OUTER_BOUND('',#137,.T.);
#113=FACE_OUTER_BOUND('',#138,.T.);
#114=FACE_OUTER_BOUND('',#139,.T.);
#115=FACE_OUTER_BOUND('',#140,.T.);
#116=FACE_OUTER_BOUND('',#141,.T.);
#117=FACE_OUTER_BOUND('',#142,.T.);
#118=FACE_OUTER_BOUND('',#143,.T.);
#119=FACE_OUTER_BOUND('',#144,.T.);
#120=FACE_OUTER_BOUND('',#145,.T.);
#121=FACE_OUTER_BOUND('',#146,.T.);
#122=FACE_OUTER_BOUND('',#147,.T.);
#123=FACE_OUTER_BOUND('',#148,.T.);
#124=FACE_OUTER_BOUND('',#149,.T.);
#125=FACE_OUTER_BOUND('',#150,.T.);
#126=FACE_OUTER_BOUND('',#151,.T.);
#127=FACE_OUTER_BOUND('',#152,.T.);
#128=FACE_OUTER_BOUND('',#153,.T.);
#129=EDGE_LOOP('',(#356,#357,#358));
#130=EDGE_LOOP('',(#359,#360,#361,#362,#363,#364));
#131=EDGE_LOOP('',(#365,#366,#367,#368,#369));
#132=EDGE_LOOP('',(#370,#371,#372));
#133=EDGE_LOOP('',(#373,#374,#375,#376));
#134=EDGE_LOOP('',(#377,#378,#379,#380,#381));
#135=EDGE_LOOP('',(#382,#383,#384,#385));
#136=EDGE_LOOP('',(#386,#387,#388,#389));
#137=EDGE_LOOP('',(#390,#391,#392,#393,#394,#395,#396,#397));
#138=EDGE_LOOP('',(#398,#399,#400,#401,#402,#403));
#139=EDGE_LOOP('',(#404,#405,#406,#407,#408,#409,#410,#411));
#140=EDGE_LOOP('',(#412,#413,#414,#415,#416,#417,#418));
#141=EDGE_LOOP('',(#419,#420,#421,#422,#423));
#142=EDGE_LOOP('',(#424,#425,#426,#427,#428,#429,#430));
#143=EDGE_LOOP('',(#431,#432,#433,#434,#435));
#144=EDGE_LOOP('',(#436,#437,#438,#439));
#145=EDGE_LOOP('',(#440,#441,#442,#443,#444,#445,#446,#447));
#146=EDGE_LOOP('',(#448,#449,#450,#451,#452,#453,#454));
#147=EDGE_LOOP('',(#455,#456,#457,#458,#459,#460));
#148=EDGE_LOOP('',(#461,#462,#463,#464));
#149=EDGE_LOOP('',(#465,#466,#467,#468,#469));
#150=EDGE_LOOP('',(#470,#471,#472,#473,#474));
#151=EDGE_LOOP('',(#475,#476,#477,#478));
#152=EDGE_LOOP('',(#479,#480,#481,#482));
#153=EDGE_LOOP('',(#483,#484,#485,#486));
#154=EDGE_LOOP('',(#487));
#155=B_SPLINE_CURVE_WITH_KNOTS('',3,(#704,#705,#706,#707,#708,#709,#710,
#711,#712,#713,#714,#715,#716,#717,#718,#719,#720,#721,#722,#723,#724,#725,
#726,#727,#728,#729,#730,#731,#732,#733,#734,#735,#736,#737),
 .UNSPECIFIED.,.F.,.F.,(4,2,2,2,2,2,2,2,2,2,2,2,2,2,2,2,4),(-1.15635338799931,
-1.06182553827325,-0.945938709546908,-0.826510704013497,-0.707095587669725,
-0.647786920462582,-0.588305900495772,-0.528673505573859,-0.469488868907056,
-0.409857756435329,-0.350666841066622,-0.291042144072474,-0.231842641695365,
-0.173794926020999,-0.0868697146468257,-0.0433406300967609,-7.28821021542275E-6),
 .UNSPECIFIED.);
#156=B_SPLINE_CURVE_WITH_KNOTS('',3,(#740,#741,#742,#743,#744,#745,#746,
#747,#748,#749,#750,#751,#752,#753,#754,#755,#756,#757,#758,#759,#760,#761,
#762,#763,#764,#765,#766,#767,#768,#769,#770,#771,#772,#773,#774,#775,#776,
#777,#778,#779,#780,#781,#782,#783,#784,#785,#786,#787),.UNSPECIFIED.,.F.,
 .F.,(4,2,2,2,2,2,2,2,2,2,2,2,2,2,2,2,2,2,2,2,2,2,2,4),(-1.41004608422933,
-1.34513473232736,-1.28044897848419,-1.23715954575815,-1.17966042472725,
-1.12028295990844,-1.06086491398811,-1.00146022292342,-0.942072178383443,
-0.882640902514551,-0.823284988688109,-0.763828177780544,-0.704506406469124,
-0.644946596609761,-0.585701855020884,-0.526174960849555,-0.466912134561955,
-0.407424531158832,-0.34814192363376,-0.288693320569207,-0.229390314886661,
-0.17197334774185,-0.0859768346645372,0.),.UNSPECIFIED.);
#157=B_SPLINE_CURVE_WITH_KNOTS('',3,(#789,#790,#791,#792,#793,#794,#795,
#796,#797,#798,#799,#800,#801,#802,#803,#804,#805,#806),.UNSPECIFIED.,.F.,
 .F.,(4,2,2,2,2,2,2,2,4),(2.9772567499854,3.02593711873653,3.08556967352079,
3.14507287196352,3.20469116118646,3.26130461219724,3.30387260774417,3.36761521134055,
3.43146444715403),.UNSPECIFIED.);
#158=B_SPLINE_CURVE_WITH_KNOTS('',3,(#810,#811,#812,#813,#814,#815,#816,
#817,#818,#819,#820,#821,#822,#823,#824,#825,#826,#827,#828,#829,#830,#831,
#832,#833,#834,#835,#836,#837,#838,#839,#840,#841,#842,#843,#844,#845),
 .UNSPECIFIED.,.F.,.F.,(4,2,2,2,2,2,2,2,2,2,2,2,2,2,2,2,2,4),(-1.61131916383744,
-1.50935763814273,-1.40738464681008,-1.34701187257728,-1.28716105781758,
-1.22678814843806,-1.10588368832313,-0.984970598691363,-0.925115175723312,
-0.805058942756289,-0.685003810013611,-0.564958609074694,-0.444916232524918,
-0.324869482948177,-0.265063623762997,-0.204730283095146,-0.102376921035227,
-0.0196681151225866),.UNSPECIFIED.);
#159=B_SPLINE_CURVE_WITH_KNOTS('',3,(#852,#853,#854,#855,#856,#857,#858,
#859,#860,#861,#862,#863,#864,#865,#866,#867,#868,#869),.UNSPECIFIED.,.F.,
 .F.,(4,2,2,2,2,2,2,2,4),(1.99096149942293E-5,0.0865929773074273,0.17316536551752,
0.230710385405788,0.290668558153779,0.350447936103897,0.41042084342754,
0.470179267657648,0.481233916010324),.UNSPECIFIED.);
#160=B_SPLINE_CURVE_WITH_KNOTS('',3,(#870,#871,#872,#873,#874,#875,#876,
#877,#878,#879,#880,#881,#882,#883,#884,#885,#886,#887,#888,#889,#890,#891,
#892,#893,#894,#895,#896,#897,#898,#899,#900,#901,#902,#903,#904,#905,#906,
#907,#908,#909,#910,#911,#912,#913,#914,#915,#916,#917),.UNSPECIFIED.,.F.,
 .F.,(4,2,2,2,2,2,2,2,2,2,2,2,2,2,2,2,2,2,2,2,2,2,2,4),(-1.39268446041131,
-1.33904138435064,-1.28514948231941,-1.17741321441356,-1.1172254886233,
-1.05727422774264,-0.997124487902719,-0.937140401577794,-0.877029870290981,
-0.8170081372746,-0.756936716997362,-0.696872602747819,-0.637045638403084,
-0.576756003117076,-0.516901957954226,-0.456634622422462,-0.396743058429452,
-0.336502953789347,-0.276556188458029,-0.216348149847324,-0.162407370168729,
-0.0811248086838576,-0.0406623714329371,-7.91829343426117E-6),
 .UNSPECIFIED.);
#161=B_SPLINE_CURVE_WITH_KNOTS('',3,(#918,#919,#920,#921,#922,#923,#924,
#925,#926,#927,#928,#929,#930,#931,#932,#933,#934,#935,#936,#937,#938,#939,
#940,#941,#942,#943,#944,#945,#946,#947,#948,#949,#950,#951,#952,#953,#954,
#955,#956,#957,#958,#959,#960,#961,#962,#963,#964,#965,#966,#967,#968,#969,
#970,#971,#972,#973,#974,#975,#976,#977,#978,#979,#980,#981,#982,#983),
 .UNSPECIFIED.,.F.,.F.,(4,2,2,2,2,2,2,2,2,2,2,2,2,2,2,2,2,2,2,2,2,2,2,2,
2,2,2,2,2,2,2,2,4),(1.1106736369498,1.14970615871033,1.20926145779336,1.26879262653856,
1.32836450008592,1.38788154913293,1.44747119781798,1.50697525146898,1.56659607032576,
1.62608833985729,1.68573811968022,1.71551109237379,1.77519877834508,1.89443093253922,
1.95387010698711,2.0135630068705,2.07299698829394,2.13268999837905,2.192120727996,
2.25181208653703,2.31124156631521,2.37092953610504,2.43035980997219,2.49004267788778,
2.54947581370735,2.60915188894869,2.66858996118576,2.72825757238545,2.78770264488222,
2.84736013689904,2.90681427299117,2.9664600320085,2.9772567499854),
 .UNSPECIFIED.);
#162=B_SPLINE_CURVE_WITH_KNOTS('',3,(#990,#991,#992,#993,#994,#995,#996,
#997,#998,#999,#1000,#1001,#1002,#1003,#1004,#1005,#1006,#1007,#1008,#1009,
#1010,#1011,#1012,#1013,#1014,#1015,#1016,#1017,#1018,#1019,#1020,#1021,
#1022,#1023),.UNSPECIFIED.,.F.,.F.,(4,2,2,2,2,2,2,2,2,2,2,2,2,2,2,2,4),
(2.35399137580736,2.38784996537514,2.44762397634885,2.50764864425388,2.56743125441258,
2.62743666938385,2.68722993382463,2.74720891447725,2.80701484033853,2.86695969521425,
2.92678016784962,2.98668765545193,3.0465243045591,3.1064098639136,3.16330955224677,
3.24886921508986,3.33447756286835),.UNSPECIFIED.);
#163=B_SPLINE_CURVE_WITH_KNOTS('',3,(#1035,#1036,#1037,#1038,#1039,#1040),
 .UNSPECIFIED.,.F.,.F.,(4,2,4),(-0.299380799965228,-0.150309737146398,0.),
 .UNSPECIFIED.);
#164=B_SPLINE_CURVE_WITH_KNOTS('',3,(#1042,#1043,#1044,#1045,#1046,#1047,
#1048,#1049),.UNSPECIFIED.,.F.,.F.,(4,2,2,4),(-0.422240740706612,-0.309903174614511,
-0.184242642831021,-2.81493674598551E-6),.UNSPECIFIED.);
#165=B_SPLINE_CURVE_WITH_KNOTS('',3,(#1330,#1331,#1332,#1333,#1334,#1335,
#1336,#1337,#1338,#1339,#1340,#1341,#1342,#1343,#1344,#1345,#1346,#1347,
#1348,#1349,#1350,#1351,#1352,#1353,#1354,#1355,#1356,#1357,#1358,#1359,
#1360,#1361,#1362,#1363,#1364,#1365,#1366,#1367,#1368,#1369,#1370,#1371,
#1372,#1373,#1374,#1375,#1376,#1377,#1378,#1379,#1380,#1381,#1382,#1383,
#1384,#1385,#1386,#1387,#1388,#1389,#1390,#1391,#1392,#1393,#1394,#1395,
#1396,#1397,#1398,#1399,#1400,#1401,#1402,#1403,#1404,#1405,#1406,#1407,
#1408,#1409,#1410,#1411,#1412,#1413,#1414,#1415,#1416,#1417,#1418,#1419,
#1420,#1421,#1422,#1423,#1424,#1425,#1426,#1427,#1428,#1429,#1430,#1431,
#1432,#1433,#1434,#1435,#1436,#1437,#1438,#1439,#1440,#1441,#1442,#1443,
#1444,#1445,#1446,#1447,#1448,#1449,#1450,#1451,#1452,#1453,#1454,#1455,
#1456,#1457,#1458,#1459,#1460,#1461,#1462,#1463,#1464,#1465,#1466,#1467,
#1468,#1469,#1470,#1471,#1472,#1473,#1474,#1475,#1476,#1477,#1478,#1479,
#1480,#1481,#1482,#1483,#1484,#1485,#1486,#1487,#1488,#1489,#1490,#1491,
#1492,#1493,#1494,#1495,#1496,#1497,#1498,#1499,#1500,#1501,#1502,#1503,
#1504,#1505,#1506,#1507,#1508,#1509,#1510,#1511,#1512,#1513,#1514,#1515,
#1516,#1517,#1518,#1519,#1520,#1521,#1522,#1523,#1524,#1525,#1526,#1527,
#1528,#1529,#1530,#1531,#1532,#1533,#1534,#1535,#1536,#1537,#1538,#1539,
#1540,#1541,#1542,#1543,#1544,#1545,#1546,#1547,#1548,#1549,#1550,#1551,
#1552,#1553,#1554,#1555,#1556,#1557,#1558,#1559,#1560,#1561,#1562,#1563,
#1564,#1565,#1566,#1567,#1568,#1569,#1570,#1571,#1572,#1573,#1574,#1575,
#1576,#1577,#1578,#1579,#1580,#1581,#1582,#1583,#1584,#1585,#1586,#1587,
#1588,#1589,#1590,#1591,#1592,#1593,#1594,#1595,#1596,#1597,#1598,#1599,
#1600,#1601,#1602,#1603,#1604,#1605,#1606,#1607,#1608,#1609,#1610,#1611,
#1612,#1613,#1614,#1615,#1616,#1617,#1618,#1619,#1620,#1621,#1622,#1623,
#1624,#1625,#1626,#1627,#1628,#1629,#1630,#1631,#1632,#1633,#1634,#1635,
#1636,#1637,#1638,#1639,#1640,#1641,#1642,#1643,#1644,#1645,#1646,#1647,
#1648,#1649,#1650,#1651,#1652,#1653,#1654,#1655,#1656,#1657,#1658,#1659,
#1660,#1661,#1662,#1663,#1664,#1665,#1666,#1667,#1668,#1669,#1670,#1671,
#1672,#1673,#1674,#1675,#1676,#1677,#1678,#1679,#1680,#1681,#1682,#1683,
#1684,#1685,#1686,#1687,#1688,#1689,#1690,#1691,#1692,#1693,#1694,#1695,
#1696,#1697,#1698,#1699,#1700,#1701,#1702,#1703,#1704,#1705,#1706,#1707,
#1708,#1709,#1710,#1711,#1712,#1713,#1714,#1715,#1716,#1717,#1718,#1719,
#1720,#1721,#1722,#1723,#1724,#1725,#1726,#1727,#1728,#1729,#1730,#1731,
#1732,#1733,#1734,#1735,#1736,#1737,#1738,#1739,#1740,#1741,#1742,#1743,
#1744,#1745,#1746,#1747,#1748,#1749,#1750,#1751,#1752,#1753,#1754,#1755,
#1756,#1757,#1758,#1759,#1760,#1761,#1762,#1763,#1764,#1765,#1766,#1767,
#1768,#1769,#1770,#1771,#1772,#1773,#1774,#1775,#1776,#1777,#1778,#1779,
#1780,#1781,#1782,#1783,#1784,#1785,#1786,#1787,#1788,#1789,#1790,#1791,
#1792,#1793,#1794,#1795,#1796,#1797,#1798,#1799,#1800,#1801,#1802,#1803,
#1804,#1805,#1806,#1807),.UNSPECIFIED.,.F.,.F.,(4,3,3,3,3,3,3,3,3,3,3,3,
3,3,3,3,3,3,3,3,3,3,3,3,3,3,3,3,3,3,3,3,3,3,3,3,3,3,3,3,3,3,3,3,3,3,3,3,
3,3,3,3,3,3,3,3,3,3,3,3,3,3,3,3,3,3,3,3,3,3,3,3,3,3,3,3,3,3,3,3,3,3,3,3,
3,3,3,3,3,3,3,3,3,3,3,3,3,3,3,3,3,3,3,3,3,3,3,3,3,3,3,3,3,3,3,3,3,3,3,3,
3,3,3,3,3,3,3,3,3,3,3,3,3,3,3,3,3,3,3,3,3,3,3,3,3,3,3,3,3,3,3,3,3,3,3,3,
3,3,3,4),(0.0939641391042953,0.0956989229264077,0.0967330148116609,0.0990274228260067,
0.104090706547718,0.317807678524027,0.53848542267651,0.638371572868124,
0.874820437414996,1.10954964186493,1.17352548714408,1.18320637728463,1.59339550897946,
1.72045049337466,2.11879642507678,2.25802496546508,2.26833713339344,2.61060414451052,
2.80849215996546,3.17189927856617,3.34832531531018,3.35929609153206,3.69841942065292,
3.90232000213145,4.26808541570945,4.44440261416081,4.45600539685853,4.7963231625154,
5.00186168185622,5.3717991711235,5.54625828826955,5.55839848007592,5.90045669732634,
6.10705622357419,6.48075334298708,6.65386836922412,6.66642022841197,7.01029382248628,
7.21785421141549,7.59464031648607,7.76720209401376,7.78002721342469,8.12570706131074,
8.33421804418698,8.71337520346296,8.88623388682806,8.8991879766798,9.24665620178414,
9.45612225495557,9.83692954473694,10.0109486203153,10.0238833841304,10.3731301233033,
10.5835538988664,10.965300079063,11.1413437382504,11.1541070531675,11.5051319383429,
11.7165130189081,12.0985056205818,12.2774302266748,12.2898658595973,12.6426763283243,
12.8550131958298,13.2365902203832,13.4192332856792,13.4311805359982,13.7857903831538,
13.9990821931526,14.3796258321625,14.566793019609,14.5780863666567,14.9345150092164,
15.1487627046608,15.5277126003098,15.7201652407887,15.7306339936243,16.0889062987214,
16.3041132164748,16.6809774848346,16.879422417742,16.8888903420952,17.2490367881002,
17.4652089979253,17.8395719453258,18.0446547765747,18.0529396822222,18.419597873468,
18.7830656954803,19.137651246341,19.2131809862796,19.2162697897196,19.5900714385349,
19.795523246723,20.1503403293762,20.3897413781518,20.3944568168803,20.7761152059157,
20.975636805243,21.3326297586469,21.5734610029701,21.5799078475597,21.9703389329705,
22.1629914802409,22.5222095335197,22.764503642351,22.7727845877602,23.1730514413043,
23.3577548047426,23.7192494781967,23.9630405845182,23.9732565228712,24.3845966443715,
24.560101541145,24.9239264835346,25.1692500623392,25.1815003485424,25.6053479202582,
25.7702131285504,26.1364239638041,26.3833167110655,26.3976994225242,26.8356828119363,
26.9882771488626,27.3569313354422,27.6054310451406,27.6220432373445,28.075906135827,
28.2144868170447,28.5856436185665,28.8357889587652,28.8547269205106,29.32604715456,
29.4490404880535,29.8227610779455,30.0745912430169,30.0959507600824,30.5853964433572,
30.6921411852245,31.068489116416,31.3220431237122,31.3459197633377,31.8517217707735,
31.9439961478941,32.3230386674234,32.5783538190407,32.6048432398801,33.1209146757079,
33.2048163970963,33.5866318850797,33.8437361138469,33.8729343455437,34.3891811219205,
34.4748163181865,34.8595811432001,35.1184059506418,35.1504092117332,35.6560224522592,
35.754213259873,35.8128819497103),.UNSPECIFIED.);
#166=B_SPLINE_CURVE_WITH_KNOTS('',3,(#1809,#1810,#1811,#1812,#1813,#1814),
 .UNSPECIFIED.,.F.,.F.,(4,2,4),(-0.00376531009205861,-0.00228066596650954,
0.),.UNSPECIFIED.);
#167=B_SPLINE_CURVE_WITH_KNOTS('',3,(#1815,#1816,#1817,#1818,#1819,#1820,
#1821,#1822,#1823,#1824,#1825,#1826,#1827,#1828,#1829,#1830),
 .UNSPECIFIED.,.F.,.F.,(4,3,3,3,3,4),(0.0813571404291755,0.136167105069342,
0.180686418066113,0.221573114515593,0.26015600402784,0.269555169957306),
 .UNSPECIFIED.);
#168=B_SPLINE_CURVE_WITH_KNOTS('',3,(#1831,#1832,#1833,#1834,#1835,#1836,
#1837,#1838,#1839,#1840,#1841,#1842,#1843,#1844,#1845,#1846,#1847,#1848,
#1849,#1850,#1851,#1852,#1853,#1854,#1855,#1856,#1857,#1858,#1859,#1860,
#1861,#1862,#1863,#1864,#1865,#1866,#1867,#1868,#1869,#1870,#1871,#1872,
#1873,#1874,#1875,#1876,#1877,#1878,#1879,#1880,#1881,#1882,#1883,#1884,
#1885,#1886),.UNSPECIFIED.,.F.,.F.,(4,2,2,2,2,2,2,2,2,2,2,2,2,2,2,2,2,2,
2,2,2,2,2,2,2,2,2,4),(0.481233916010324,0.530165354793603,0.589913702015897,
0.649911074535624,0.709652155379774,0.76965863346663,0.829395382285254,
0.889408688389966,0.949144034742485,1.00916183472616,1.06889865348921,1.12891856878064,
1.1886596481528,1.24867926032483,1.30842727273902,1.42827464698062,1.54812604250074,
1.66798468899135,1.72775107859807,1.84807072385239,1.96838965869491,2.02843174369321,
2.08819246071698,2.14823788549586,2.20800098918689,2.26804506256175,2.32781261205608,
2.35399137580736),.UNSPECIFIED.);
#169=B_SPLINE_CURVE_WITH_KNOTS('',3,(#1887,#1888,#1889,#1890),
 .UNSPECIFIED.,.F.,.F.,(4,4),(0.333379975951732,0.352647140900379),
 .UNSPECIFIED.);
#170=B_SPLINE_CURVE_WITH_KNOTS('',3,(#1894,#1895,#1896,#1897),
 .UNSPECIFIED.,.F.,.F.,(4,4),(-0.113861520829399,-4.38557845342524E-5),
 .UNSPECIFIED.);
#171=B_SPLINE_CURVE_WITH_KNOTS('',3,(#1900,#1901,#1902,#1903),
 .UNSPECIFIED.,.F.,.F.,(4,4),(-0.0413035753537925,-0.0230709009371632),
 .UNSPECIFIED.);
#172=B_SPLINE_CURVE_WITH_KNOTS('',3,(#1904,#1905,#1906,#1907),
 .UNSPECIFIED.,.F.,.F.,(4,4),(-0.0397680583163696,-0.0326347249930877),
 .UNSPECIFIED.);
#173=B_SPLINE_CURVE_WITH_KNOTS('',3,(#1915,#1916,#1917,#1918),
 .UNSPECIFIED.,.F.,.F.,(4,4),(-0.0354724566516071,-0.0132166018723333),
 .UNSPECIFIED.);
#174=B_SPLINE_CURVE_WITH_KNOTS('',3,(#1920,#1921,#1922,#1923),
 .UNSPECIFIED.,.F.,.F.,(4,4),(-0.0049999999999233,0.),.UNSPECIFIED.);
#175=B_SPLINE_CURVE_WITH_KNOTS('',3,(#2181,#2182,#2183,#2184,#2185,#2186,
#2187,#2188,#2189,#2190,#2191,#2192,#2193,#2194,#2195,#2196,#2197,#2198,
#2199,#2200,#2201,#2202,#2203,#2204,#2205,#2206,#2207,#2208,#2209,#2210,
#2211,#2212,#2213,#2214,#2215,#2216,#2217,#2218,#2219,#2220,#2221,#2222,
#2223,#2224,#2225,#2226,#2227,#2228,#2229,#2230,#2231,#2232,#2233,#2234,
#2235,#2236,#2237,#2238,#2239,#2240,#2241,#2242,#2243,#2244,#2245,#2246,
#2247,#2248,#2249,#2250,#2251,#2252,#2253,#2254,#2255,#2256,#2257,#2258,
#2259,#2260,#2261,#2262,#2263,#2264,#2265,#2266,#2267,#2268,#2269,#2270,
#2271,#2272,#2273,#2274,#2275,#2276,#2277,#2278,#2279,#2280,#2281,#2282,
#2283,#2284,#2285,#2286,#2287,#2288,#2289,#2290,#2291,#2292,#2293,#2294,
#2295,#2296,#2297,#2298,#2299,#2300,#2301,#2302,#2303,#2304,#2305,#2306,
#2307,#2308),.UNSPECIFIED.,.F.,.F.,(4,2,2,2,2,2,2,2,2,2,2,2,2,2,2,2,2,2,
2,2,2,2,2,2,2,2,2,2,2,2,2,2,2,2,2,2,2,2,2,2,2,2,2,2,2,2,2,2,2,2,2,2,2,2,
2,2,2,2,2,2,2,2,2,4),(-2.51720674802581,-2.49904048321805,-2.46706669239669,
-2.44564748019044,-2.41690872315187,-2.37647469832204,-2.33582042130398,
-2.29454810573221,-2.2530748416863,-2.21095277078824,-2.16864702144412,
-2.12566216512319,-2.0825104658778,-2.06079896630079,-2.0168789281407,-1.97282037833296,
-1.92819929661198,-1.88341893656204,-1.83810215889609,-1.79260578330756,
-1.7696370113291,-1.72368566171484,-1.70050944029582,-1.67714052944299,
-1.63040848505303,-1.60682804360747,-1.58305428076583,-1.53553200992857,
-1.51154315588171,-1.48735988951579,-1.43903797034624,-1.41463653555901,
-1.39003925500167,-1.34090855500953,-1.31609048370531,-1.26602219153175,
-1.24082286392127,-1.21565839452523,-1.1649329742429,-1.13931183172804,
-1.11373291015514,-1.06215076106638,-1.0361041418913,-1.01010702182196,
-0.957663739616704,-0.931188205890155,-0.878241754270623,-0.824369926374564,
-0.797466679960103,-0.743297392354299,-0.688300716905872,-0.63334021006591,
-0.577634863245273,-0.521856176783809,-0.465407132349899,-0.408695706393844,
-0.351422001884082,-0.293593656365727,-0.23531761907468,-0.186522828186469,
-0.157399955207219,-0.142770213293474,-0.0198434662912672,-9.96490903689134E-6),
 .UNSPECIFIED.);
#176=B_SPLINE_CURVE_WITH_KNOTS('',3,(#2312,#2313,#2314,#2315,#2316,#2317,
#2318,#2319,#2320,#2321,#2322,#2323,#2324,#2325,#2326,#2327,#2328,#2329,
#2330,#2331,#2332,#2333,#2334,#2335,#2336,#2337,#2338,#2339,#2340,#2341,
#2342,#2343,#2344,#2345,#2346,#2347,#2348,#2349,#2350,#2351,#2352,#2353,
#2354,#2355,#2356,#2357,#2358,#2359,#2360,#2361,#2362,#2363,#2364,#2365,
#2366,#2367,#2368,#2369,#2370,#2371,#2372,#2373,#2374,#2375,#2376,#2377,
#2378,#2379,#2380,#2381,#2382,#2383,#2384,#2385,#2386,#2387,#2388,#2389,
#2390,#2391,#2392,#2393,#2394,#2395,#2396,#2397,#2398,#2399,#2400,#2401,
#2402,#2403,#2404,#2405,#2406,#2407,#2408,#2409,#2410,#2411,#2412,#2413,
#2414,#2415,#2416,#2417,#2418,#2419,#2420,#2421,#2422,#2423,#2424,#2425,
#2426,#2427,#2428,#2429,#2430,#2431,#2432,#2433,#2434,#2435,#2436,#2437,
#2438,#2439,#2440,#2441,#2442,#2443,#2444,#2445,#2446,#2447,#2448,#2449,
#2450,#2451,#2452,#2453,#2454,#2455,#2456,#2457,#2458,#2459,#2460,#2461,
#2462,#2463,#2464,#2465,#2466,#2467,#2468,#2469,#2470,#2471,#2472,#2473,
#2474,#2475,#2476,#2477,#2478,#2479,#2480,#2481,#2482,#2483,#2484,#2485,
#2486,#2487,#2488,#2489,#2490,#2491,#2492,#2493,#2494,#2495,#2496,#2497,
#2498,#2499,#2500,#2501,#2502,#2503,#2504,#2505,#2506,#2507,#2508,#2509,
#2510,#2511,#2512,#2513,#2514,#2515,#2516,#2517,#2518,#2519,#2520,#2521,
#2522,#2523,#2524,#2525,#2526,#2527,#2528,#2529,#2530,#2531,#2532,#2533,
#2534,#2535,#2536,#2537,#2538,#2539,#2540,#2541,#2542,#2543,#2544,#2545,
#2546,#2547,#2548,#2549,#2550,#2551,#2552,#2553,#2554,#2555,#2556,#2557,
#2558,#2559,#2560,#2561,#2562,#2563,#2564,#2565,#2566,#2567,#2568,#2569,
#2570,#2571,#2572,#2573,#2574,#2575,#2576,#2577,#2578,#2579,#2580,#2581,
#2582,#2583,#2584,#2585,#2586,#2587,#2588,#2589,#2590,#2591,#2592,#2593,
#2594,#2595,#2596,#2597,#2598,#2599,#2600,#2601,#2602,#2603,#2604,#2605,
#2606,#2607,#2608,#2609,#2610,#2611,#2612,#2613,#2614,#2615,#2616,#2617,
#2618,#2619,#2620,#2621,#2622,#2623,#2624,#2625,#2626,#2627,#2628,#2629,
#2630,#2631,#2632,#2633,#2634,#2635,#2636,#2637,#2638,#2639,#2640,#2641,
#2642,#2643,#2644,#2645,#2646,#2647,#2648,#2649,#2650,#2651,#2652,#2653,
#2654,#2655,#2656,#2657,#2658,#2659,#2660,#2661,#2662,#2663,#2664,#2665,
#2666,#2667,#2668,#2669,#2670,#2671,#2672,#2673,#2674,#2675,#2676,#2677,
#2678,#2679,#2680,#2681,#2682,#2683,#2684,#2685,#2686,#2687,#2688,#2689,
#2690,#2691,#2692,#2693,#2694,#2695,#2696,#2697,#2698,#2699,#2700,#2701,
#2702,#2703,#2704,#2705,#2706,#2707,#2708,#2709,#2710,#2711,#2712,#2713,
#2714,#2715,#2716,#2717,#2718,#2719,#2720),.UNSPECIFIED.,.F.,.F.,(4,3,3,
3,3,3,3,3,3,3,3,3,3,3,3,3,3,3,3,3,3,3,3,3,3,3,3,3,3,3,3,3,3,3,3,3,3,3,3,
3,3,3,3,3,3,3,3,3,3,3,3,3,3,3,3,3,3,3,3,3,3,3,3,3,3,3,3,3,3,3,3,3,3,3,3,
3,3,3,3,3,3,3,3,3,3,3,3,3,3,3,3,3,3,3,3,3,3,3,3,3,3,3,3,3,3,3,3,3,3,3,3,
3,3,3,3,3,3,3,3,3,3,3,3,3,3,3,3,3,3,3,3,3,3,3,3,3,4),(-3.61786004685532,
-3.61738917110055,-3.61305824513642,-3.60182975925499,-3.58951311850899,
-3.57570696795566,-3.56381317173138,-3.53637390398551,-3.52914691260266,
-3.49721956343289,-3.48399978229126,-3.4663434198316,-3.43889947563957,
-3.41000613147722,-3.40159875269766,-3.34935287652384,-3.31226375177377,
-3.28218842553199,-3.2605304293439,-3.23047568802334,-3.22370554909734,
-3.17614827417318,-3.17258604315576,-3.13579553495959,-3.10575968113443,
-3.08533594511493,-3.05527150562579,-3.04861367757366,-2.99891613628801,
-2.96210591193262,-2.93242442965509,-2.9131417734031,-2.88340303422662,
-2.87627568873804,-2.82815626535223,-2.79114663681112,-2.76195898889743,
-2.74379047157843,-2.71453015919657,-2.70664258411756,-2.66017856002228,
-2.62286793616405,-2.59421878459084,-2.57717464635747,-2.54844580036556,
-2.53966387286001,-2.49489396446268,-2.45721858178399,-2.42912194816572,
-2.4132168822758,-2.38505807421614,-2.37528766302151,-2.32726790010002,
-2.29414600100639,-2.26655522757649,-2.2518601589651,-2.2242224148103,-2.21346079489079,
-2.16612437092445,-2.13359643412074,-2.10647713128957,-2.09304407978968,
-2.06587906088435,-2.05412902479292,-2.0074792865067,-1.97551514553861,
-1.94885409874912,-1.93671435475012,-1.91000726638081,-1.89723726862878,
-1.85128450173514,-1.81984670046425,-1.79362505166801,-1.78281652214308,
-1.75654802319559,-1.74272991538738,-1.69746937568297,-1.6665353164917,
-1.64073057101048,-1.63129564972814,-1.60544289363,-1.59055122170904,-1.54597105735376,
-1.51552530191915,-1.49011191881909,-1.48209664418753,-1.45663376452012,
-1.44064579949842,-1.39673103729707,-1.36676159322048,-1.34171109939399,
-1.33516486452933,-1.31006307520401,-1.29295920963849,-1.24969384560681,
-1.22019040556069,-1.19547125383184,-1.19044687211305,-1.16567433036126,
-1.14743867566159,-1.10480681729953,-1.07576000981653,-1.05133720219147,
-1.04789127363184,-1.02341271327943,-1.00403393179262,-0.962020447892424,
-0.93342165127191,-0.909256101865941,-0.907449664017898,-0.883225768357234,
-0.8626982203141,-0.821289175653979,-0.79313062492728,-0.769077690819335,
-0.745064127775045,-0.723389453264402,-0.682572483865636,-0.654847522089472,
-0.632736262308401,-0.608882230633527,-0.586071552931511,-0.545836258537636,
-0.51853966215719,-0.498420227495619,-0.485029035332723,-0.451406382694018,
-0.411947667281665,-0.385193973973751,-0.366792928373255,-0.352291813857137,
-0.319293241651352,-0.280590404343919,-0.254367808604454,-0.237716456958512,
-0.222056796139664,-0.200425782380157),.UNSPECIFIED.);
#177=B_SPLINE_CURVE_WITH_KNOTS('',3,(#2721,#2722,#2723,#2724,#2725,#2726,
#2727,#2728,#2729,#2730,#2731,#2732,#2733,#2734,#2735,#2736,#2737,#2738,
#2739,#2740,#2741,#2742,#2743,#2744,#2745,#2746,#2747,#2748,#2749,#2750,
#2751,#2752,#2753,#2754,#2755,#2756,#2757,#2758,#2759,#2760,#2761,#2762,
#2763,#2764,#2765,#2766,#2767,#2768,#2769),.UNSPECIFIED.,.F.,.F.,(4,3,3,
3,3,3,3,3,3,3,3,3,3,3,3,3,4),(0.477036435506782,0.487273968127367,0.493471728026098,
0.513490746585012,0.533009311064763,0.576859075065804,0.61974063746221,
0.65224384220103,0.66339246033922,0.684747046939851,0.728353749038315,0.770714872048945,
0.814274891749798,0.858078547395853,0.868951836824328,0.876049467236093,
0.910510931673568),.UNSPECIFIED.);
#178=B_SPLINE_CURVE_WITH_KNOTS('',3,(#2988,#2989,#2990,#2991,#2992,#2993,
#2994,#2995,#2996,#2997,#2998,#2999,#3000,#3001,#3002,#3003,#3004,#3005,
#3006,#3007,#3008,#3009,#3010,#3011,#3012,#3013,#3014,#3015,#3016,#3017,
#3018,#3019,#3020,#3021),.UNSPECIFIED.,.F.,.F.,(4,2,2,2,2,2,2,2,2,2,2,2,
2,2,2,2,4),(9.7603553519988E-7,0.0684981145116157,0.136925407699553,0.256156491728553,
0.375386045884422,0.494616370723595,0.554244320480191,0.613734544314117,
0.673346016630862,0.732846854414599,0.792441660375739,0.851954316019397,
0.911532524596072,0.971058190677529,1.03062010839553,1.09015997166994,1.1106736369498),
 .UNSPECIFIED.);
#179=B_SPLINE_CURVE_WITH_KNOTS('',3,(#3030,#3031,#3032,#3033,#3034,#3035),
 .UNSPECIFIED.,.F.,.F.,(4,2,4),(0.,0.0185527536602131,0.0205203926667168),
 .UNSPECIFIED.);
#180=B_SPLINE_CURVE_WITH_KNOTS('',3,(#3229,#3230,#3231,#3232,#3233,#3234),
 .UNSPECIFIED.,.F.,.F.,(4,2,4),(3.65946252744345E-6,0.00467615598064348,
0.00941047872246307),.UNSPECIFIED.);
#181=B_SPLINE_CURVE_WITH_KNOTS('',3,(#3235,#3236,#3237,#3238,#3239,#3240,
#3241,#3242,#3243),.UNSPECIFIED.,.F.,.F.,(4,3,2,4),(-0.214507617033585,
-0.144639891160421,-0.0639165949114506,-0.0408572699173433),
 .UNSPECIFIED.);
#182=B_SPLINE_CURVE_WITH_KNOTS('',3,(#3519,#3520,#3521,#3522,#3523,#3524),
 .UNSPECIFIED.,.F.,.F.,(4,2,4),(0.,0.0772323334968546,0.160718260547609),
 .UNSPECIFIED.);
#183=B_SPLINE_CURVE_WITH_KNOTS('',3,(#3525,#3526,#3527,#3528,#3529,#3530,
#3531,#3532,#3533,#3534,#3535,#3536,#3537,#3538,#3539,#3540,#3541,#3542,
#3543,#3544,#3545,#3546,#3547,#3548,#3549,#3550,#3551,#3552,#3553,#3554,
#3555,#3556,#3557,#3558,#3559,#3560,#3561,#3562,#3563,#3564,#3565,#3566,
#3567,#3568,#3569,#3570,#3571,#3572,#3573,#3574,#3575,#3576,#3577,#3578,
#3579,#3580,#3581,#3582,#3583,#3584,#3585,#3586,#3587,#3588,#3589,#3590,
#3591,#3592,#3593,#3594,#3595,#3596,#3597,#3598,#3599,#3600,#3601,#3602,
#3603,#3604,#3605,#3606,#3607,#3608,#3609,#3610,#3611,#3612,#3613,#3614,
#3615,#3616,#3617,#3618,#3619,#3620,#3621,#3622,#3623,#3624,#3625,#3626,
#3627,#3628,#3629,#3630,#3631,#3632,#3633,#3634,#3635,#3636,#3637,#3638,
#3639,#3640,#3641,#3642,#3643,#3644,#3645,#3646,#3647,#3648,#3649,#3650,
#3651,#3652,#3653,#3654,#3655,#3656),.UNSPECIFIED.,.F.,.F.,(4,2,2,2,2,2,
2,2,2,2,2,2,2,2,2,2,2,2,2,2,2,2,2,2,2,2,2,2,2,2,2,2,2,2,2,2,2,2,2,2,2,2,
2,2,2,2,2,2,2,2,2,2,2,2,2,2,2,2,2,2,2,2,2,2,2,4),(1.41506110332308E-8,0.104441076464272,
0.208492341062874,0.27766013274402,0.369581896335233,0.477652657036273,
0.586770715309488,0.694448900301518,0.748611634096897,0.856955930506864,
0.964964754006294,1.07263275590017,1.17997633791545,1.28697401939269,1.3936588723889,
1.49999241397813,1.60602527435043,1.7117010876372,1.81708891837417,1.92211365002609,
2.0268636389601,2.13124416772537,2.23536372311279,2.3391071541804,2.44260389999188,
2.5457175594541,2.6485993297193,2.75109075876866,2.85336559145321,2.9552425399765,
3.05691867058319,3.15818909040814,3.25927494479246,3.35990821810227,3.46044698370651,
3.56050228164145,3.66045514397772,3.75994134891212,3.85931695461777,3.95824311191035,
4.05705026187704,4.15542556926128,4.25367320515735,4.35150699795129,4.44920418249444,
4.54650590406339,4.64366178437366,4.74044091226077,4.83706464012146,4.93333050128069,
5.02943105988976,5.12519240185992,5.22077825932652,5.3160423738063,5.41112088883381,
5.50589206511335,5.60046862826773,5.69474543790388,5.78882177265401,5.88258738722743,
5.9761531270544,6.05343819516907,6.08237005672969,6.13269330236242,6.20759903433451,
6.28228339038947),.UNSPECIFIED.);
#184=B_SPLINE_CURVE_WITH_KNOTS('',3,(#3921,#3922,#3923,#3924,#3925,#3926),
 .UNSPECIFIED.,.F.,.F.,(4,2,4),(-0.487806963096525,-0.247671511013066,0.),
 .UNSPECIFIED.);
#185=CIRCLE('',#539,2.88125000000001);
#186=CIRCLE('',#541,2.88125000000001);
#187=CIRCLE('',#544,2.88125000000001);
#188=CIRCLE('',#546,2.88181478406398);
#189=CIRCLE('',#550,3.);
#190=CIRCLE('',#552,3.);
#191=CIRCLE('',#553,3.);
#192=CIRCLE('',#554,3.);
#193=CIRCLE('',#557,2.88125000000001);
#194=CIRCLE('',#567,3.);
#195=CIRCLE('',#568,1.91188186974294);
#196=LINE('',#701,#221);
#197=LINE('',#808,#222);
#198=LINE('',#850,#223);
#199=LINE('',#987,#224);
#200=LINE('',#1027,#225);
#201=LINE('',#1029,#226);
#202=LINE('',#1031,#227);
#203=LINE('',#1032,#228);
#204=LINE('',#1053,#229);
#205=LINE('',#1054,#230);
#206=LINE('',#1057,#231);
#207=LINE('',#1059,#232);
#208=LINE('',#1060,#233);
#209=LINE('',#1063,#234);
#210=LINE('',#1064,#235);
#211=LINE('',#1912,#236);
#212=LINE('',#2310,#237);
#213=LINE('',#3025,#238);
#214=LINE('',#3517,#239);
#215=LINE('',#3929,#240);
#216=LINE('',#3930,#241);
#217=LINE('',#3932,#242);
#218=LINE('',#3936,#243);
#219=LINE('',#3937,#244);
#220=LINE('',#3939,#245);
#221=VECTOR('',#586,2.88125000000001);
#222=VECTOR('',#591,2.88125000000001);
#223=VECTOR('',#596,2.88125000000001);
#224=VECTOR('',#599,2.88125000000001);
#225=VECTOR('',#604,10.);
#226=VECTOR('',#605,10.);
#227=VECTOR('',#606,10.);
#228=VECTOR('',#607,10.);
#229=VECTOR('',#610,10.);
#230=VECTOR('',#611,10.);
#231=VECTOR('',#614,10.);
#232=VECTOR('',#615,10.);
#233=VECTOR('',#616,10.);
#234=VECTOR('',#619,10.);
#235=VECTOR('',#620,10.);
#236=VECTOR('',#629,3.);
#237=VECTOR('',#634,10.);
#238=VECTOR('',#639,10.);
#239=VECTOR('',#648,10.);
#240=VECTOR('',#651,1000.);
#241=VECTOR('',#652,1000.);
#242=VECTOR('',#655,1000.);
#243=VECTOR('',#660,10.);
#244=VECTOR('',#661,10.);
#245=VECTOR('',#664,10.);
#246=VERTEX_POINT('',#699);
#247=VERTEX_POINT('',#700);
#248=VERTEX_POINT('',#702);
#249=VERTEX_POINT('',#739);
#250=VERTEX_POINT('',#788);
#251=VERTEX_POINT('',#807);
#252=VERTEX_POINT('',#809);
#253=VERTEX_POINT('',#848);
#254=VERTEX_POINT('',#849);
#255=VERTEX_POINT('',#851);
#256=VERTEX_POINT('',#985);
#257=VERTEX_POINT('',#986);
#258=VERTEX_POINT('',#988);
#259=VERTEX_POINT('',#1025);
#260=VERTEX_POINT('',#1026);
#261=VERTEX_POINT('',#1028);
#262=VERTEX_POINT('',#1030);
#263=VERTEX_POINT('',#1033);
#264=VERTEX_POINT('',#1034);
#265=VERTEX_POINT('',#1041);
#266=VERTEX_POINT('',#1050);
#267=VERTEX_POINT('',#1052);
#268=VERTEX_POINT('',#1056);
#269=VERTEX_POINT('',#1058);
#270=VERTEX_POINT('',#1062);
#271=VERTEX_POINT('',#1329);
#272=VERTEX_POINT('',#1808);
#273=VERTEX_POINT('',#1892);
#274=VERTEX_POINT('',#1893);
#275=VERTEX_POINT('',#1898);
#276=VERTEX_POINT('',#1909);
#277=VERTEX_POINT('',#1911);
#278=VERTEX_POINT('',#1913);
#279=VERTEX_POINT('',#1919);
#280=VERTEX_POINT('',#2309);
#281=VERTEX_POINT('',#2311);
#282=VERTEX_POINT('',#2987);
#283=VERTEX_POINT('',#3022);
#284=VERTEX_POINT('',#3024);
#285=VERTEX_POINT('',#3228);
#286=VERTEX_POINT('',#3516);
#287=VERTEX_POINT('',#3518);
#288=VERTEX_POINT('',#3928);
#289=VERTEX_POINT('',#3935);
#290=EDGE_CURVE('',#246,#247,#196,.T.);
#291=EDGE_CURVE('',#247,#248,#185,.T.);
#292=EDGE_CURVE('',#248,#246,#155,.T.);
#293=EDGE_CURVE('',#246,#249,#156,.T.);
#294=EDGE_CURVE('',#249,#250,#157,.F.);
#295=EDGE_CURVE('',#250,#251,#197,.T.);
#296=EDGE_CURVE('',#251,#252,#158,.T.);
#297=EDGE_CURVE('',#252,#247,#186,.T.);
#298=EDGE_CURVE('',#253,#254,#198,.T.);
#299=EDGE_CURVE('',#254,#255,#159,.F.);
#300=EDGE_CURVE('',#255,#251,#160,.T.);
#301=EDGE_CURVE('',#250,#253,#161,.F.);
#302=EDGE_CURVE('',#256,#257,#199,.T.);
#303=EDGE_CURVE('',#258,#256,#187,.T.);
#304=EDGE_CURVE('',#258,#257,#162,.F.);
#305=EDGE_CURVE('',#259,#260,#200,.T.);
#306=EDGE_CURVE('',#261,#259,#201,.T.);
#307=EDGE_CURVE('',#262,#261,#202,.T.);
#308=EDGE_CURVE('',#260,#262,#203,.T.);
#309=EDGE_CURVE('',#263,#264,#163,.T.);
#310=EDGE_CURVE('',#265,#263,#164,.T.);
#311=EDGE_CURVE('',#266,#265,#188,.T.);
#312=EDGE_CURVE('',#267,#266,#204,.T.);
#313=EDGE_CURVE('',#264,#267,#205,.T.);
#314=EDGE_CURVE('',#261,#268,#206,.T.);
#315=EDGE_CURVE('',#269,#268,#207,.T.);
#316=EDGE_CURVE('',#262,#269,#208,.T.);
#317=EDGE_CURVE('',#259,#270,#209,.T.);
#318=EDGE_CURVE('',#268,#270,#210,.T.);
#319=EDGE_CURVE('',#263,#271,#165,.F.);
#320=EDGE_CURVE('',#272,#271,#166,.T.);
#321=EDGE_CURVE('',#255,#272,#167,.F.);
#322=EDGE_CURVE('',#257,#254,#168,.F.);
#323=EDGE_CURVE('',#258,#265,#169,.F.);
#324=EDGE_CURVE('',#273,#274,#170,.T.);
#325=EDGE_CURVE('',#275,#273,#189,.T.);
#326=EDGE_CURVE('',#248,#275,#171,.T.);
#327=EDGE_CURVE('',#274,#252,#172,.T.);
#328=EDGE_CURVE('',#276,#276,#190,.T.);
#329=EDGE_CURVE('',#276,#277,#211,.T.);
#330=EDGE_CURVE('',#278,#277,#191,.T.);
#331=EDGE_CURVE('',#275,#278,#173,.T.);
#332=EDGE_CURVE('',#279,#273,#174,.T.);
#333=EDGE_CURVE('',#277,#279,#192,.T.);
#334=EDGE_CURVE('',#272,#274,#175,.F.);
#335=EDGE_CURVE('',#271,#280,#212,.F.);
#336=EDGE_CURVE('',#280,#281,#176,.T.);
#337=EDGE_CURVE('',#279,#281,#177,.T.);
#338=EDGE_CURVE('',#253,#282,#178,.F.);
#339=EDGE_CURVE('',#283,#282,#84,.T.);
#340=EDGE_CURVE('',#283,#284,#213,.T.);
#341=EDGE_CURVE('',#256,#284,#193,.T.);
#342=EDGE_CURVE('',#266,#284,#85,.F.);
#343=EDGE_CURVE('',#281,#278,#179,.T.);
#344=EDGE_CURVE('',#285,#280,#180,.T.);
#345=EDGE_CURVE('',#285,#249,#181,.T.);
#346=EDGE_CURVE('',#286,#264,#214,.T.);
#347=EDGE_CURVE('',#286,#287,#182,.T.);
#348=EDGE_CURVE('',#287,#285,#183,.T.);
#349=EDGE_CURVE('',#282,#287,#184,.T.);
#350=EDGE_CURVE('',#267,#288,#215,.T.);
#351=EDGE_CURVE('',#288,#286,#216,.T.);
#352=EDGE_CURVE('',#288,#283,#217,.T.);
#353=EDGE_CURVE('',#289,#269,#218,.T.);
#354=EDGE_CURVE('',#260,#289,#219,.T.);
#355=EDGE_CURVE('',#270,#289,#220,.T.);
#356=ORIENTED_EDGE('',*,*,#290,.T.);
#357=ORIENTED_EDGE('',*,*,#291,.T.);
#358=ORIENTED_EDGE('',*,*,#292,.T.);
#359=ORIENTED_EDGE('',*,*,#293,.T.);
#360=ORIENTED_EDGE('',*,*,#294,.T.);
#361=ORIENTED_EDGE('',*,*,#295,.T.);
#362=ORIENTED_EDGE('',*,*,#296,.T.);
#363=ORIENTED_EDGE('',*,*,#297,.T.);
#364=ORIENTED_EDGE('',*,*,#290,.F.);
#365=ORIENTED_EDGE('',*,*,#298,.T.);
#366=ORIENTED_EDGE('',*,*,#299,.T.);
#367=ORIENTED_EDGE('',*,*,#300,.T.);
#368=ORIENTED_EDGE('',*,*,#295,.F.);
#369=ORIENTED_EDGE('',*,*,#301,.T.);
#370=ORIENTED_EDGE('',*,*,#302,.F.);
#371=ORIENTED_EDGE('',*,*,#303,.F.);
#372=ORIENTED_EDGE('',*,*,#304,.T.);
#373=ORIENTED_EDGE('',*,*,#305,.F.);
#374=ORIENTED_EDGE('',*,*,#306,.F.);
#375=ORIENTED_EDGE('',*,*,#307,.F.);
#376=ORIENTED_EDGE('',*,*,#308,.F.);
#377=ORIENTED_EDGE('',*,*,#309,.F.);
#378=ORIENTED_EDGE('',*,*,#310,.F.);
#379=ORIENTED_EDGE('',*,*,#311,.F.);
#380=ORIENTED_EDGE('',*,*,#312,.F.);
#381=ORIENTED_EDGE('',*,*,#313,.F.);
#382=ORIENTED_EDGE('',*,*,#307,.T.);
#383=ORIENTED_EDGE('',*,*,#314,.T.);
#384=ORIENTED_EDGE('',*,*,#315,.F.);
#385=ORIENTED_EDGE('',*,*,#316,.F.);
#386=ORIENTED_EDGE('',*,*,#306,.T.);
#387=ORIENTED_EDGE('',*,*,#317,.T.);
#388=ORIENTED_EDGE('',*,*,#318,.F.);
#389=ORIENTED_EDGE('',*,*,#314,.F.);
#390=ORIENTED_EDGE('',*,*,#310,.T.);
#391=ORIENTED_EDGE('',*,*,#319,.T.);
#392=ORIENTED_EDGE('',*,*,#320,.F.);
#393=ORIENTED_EDGE('',*,*,#321,.F.);
#394=ORIENTED_EDGE('',*,*,#299,.F.);
#395=ORIENTED_EDGE('',*,*,#322,.F.);
#396=ORIENTED_EDGE('',*,*,#304,.F.);
#397=ORIENTED_EDGE('',*,*,#323,.T.);
#398=ORIENTED_EDGE('',*,*,#324,.F.);
#399=ORIENTED_EDGE('',*,*,#325,.F.);
#400=ORIENTED_EDGE('',*,*,#326,.F.);
#401=ORIENTED_EDGE('',*,*,#291,.F.);
#402=ORIENTED_EDGE('',*,*,#297,.F.);
#403=ORIENTED_EDGE('',*,*,#327,.F.);
#404=ORIENTED_EDGE('',*,*,#328,.F.);
#405=ORIENTED_EDGE('',*,*,#329,.T.);
#406=ORIENTED_EDGE('',*,*,#330,.F.);
#407=ORIENTED_EDGE('',*,*,#331,.F.);
#408=ORIENTED_EDGE('',*,*,#325,.T.);
#409=ORIENTED_EDGE('',*,*,#332,.F.);
#410=ORIENTED_EDGE('',*,*,#333,.F.);
#411=ORIENTED_EDGE('',*,*,#329,.F.);
#412=ORIENTED_EDGE('',*,*,#332,.T.);
#413=ORIENTED_EDGE('',*,*,#324,.T.);
#414=ORIENTED_EDGE('',*,*,#334,.F.);
#415=ORIENTED_EDGE('',*,*,#320,.T.);
#416=ORIENTED_EDGE('',*,*,#335,.T.);
#417=ORIENTED_EDGE('',*,*,#336,.T.);
#418=ORIENTED_EDGE('',*,*,#337,.F.);
#419=ORIENTED_EDGE('',*,*,#300,.F.);
#420=ORIENTED_EDGE('',*,*,#321,.T.);
#421=ORIENTED_EDGE('',*,*,#334,.T.);
#422=ORIENTED_EDGE('',*,*,#327,.T.);
#423=ORIENTED_EDGE('',*,*,#296,.F.);
#424=ORIENTED_EDGE('',*,*,#302,.T.);
#425=ORIENTED_EDGE('',*,*,#322,.T.);
#426=ORIENTED_EDGE('',*,*,#298,.F.);
#427=ORIENTED_EDGE('',*,*,#338,.T.);
#428=ORIENTED_EDGE('',*,*,#339,.F.);
#429=ORIENTED_EDGE('',*,*,#340,.T.);
#430=ORIENTED_EDGE('',*,*,#341,.F.);
#431=ORIENTED_EDGE('',*,*,#311,.T.);
#432=ORIENTED_EDGE('',*,*,#323,.F.);
#433=ORIENTED_EDGE('',*,*,#303,.T.);
#434=ORIENTED_EDGE('',*,*,#341,.T.);
#435=ORIENTED_EDGE('',*,*,#342,.F.);
#436=ORIENTED_EDGE('',*,*,#330,.T.);
#437=ORIENTED_EDGE('',*,*,#333,.T.);
#438=ORIENTED_EDGE('',*,*,#337,.T.);
#439=ORIENTED_EDGE('',*,*,#343,.T.);
#440=ORIENTED_EDGE('',*,*,#292,.F.);
#441=ORIENTED_EDGE('',*,*,#326,.T.);
#442=ORIENTED_EDGE('',*,*,#331,.T.);
#443=ORIENTED_EDGE('',*,*,#343,.F.);
#444=ORIENTED_EDGE('',*,*,#336,.F.);
#445=ORIENTED_EDGE('',*,*,#344,.F.);
#446=ORIENTED_EDGE('',*,*,#345,.T.);
#447=ORIENTED_EDGE('',*,*,#293,.F.);
#448=ORIENTED_EDGE('',*,*,#309,.T.);
#449=ORIENTED_EDGE('',*,*,#346,.F.);
#450=ORIENTED_EDGE('',*,*,#347,.T.);
#451=ORIENTED_EDGE('',*,*,#348,.T.);
#452=ORIENTED_EDGE('',*,*,#344,.T.);
#453=ORIENTED_EDGE('',*,*,#335,.F.);
#454=ORIENTED_EDGE('',*,*,#319,.F.);
#455=ORIENTED_EDGE('',*,*,#294,.F.);
#456=ORIENTED_EDGE('',*,*,#345,.F.);
#457=ORIENTED_EDGE('',*,*,#348,.F.);
#458=ORIENTED_EDGE('',*,*,#349,.F.);
#459=ORIENTED_EDGE('',*,*,#338,.F.);
#460=ORIENTED_EDGE('',*,*,#301,.F.);
#461=ORIENTED_EDGE('',*,*,#313,.T.);
#462=ORIENTED_EDGE('',*,*,#350,.T.);
#463=ORIENTED_EDGE('',*,*,#351,.T.);
#464=ORIENTED_EDGE('',*,*,#346,.T.);
#465=ORIENTED_EDGE('',*,*,#339,.T.);
#466=ORIENTED_EDGE('',*,*,#349,.T.);
#467=ORIENTED_EDGE('',*,*,#347,.F.);
#468=ORIENTED_EDGE('',*,*,#351,.F.);
#469=ORIENTED_EDGE('',*,*,#352,.T.);
#470=ORIENTED_EDGE('',*,*,#312,.T.);
#471=ORIENTED_EDGE('',*,*,#342,.T.);
#472=ORIENTED_EDGE('',*,*,#340,.F.);
#473=ORIENTED_EDGE('',*,*,#352,.F.);
#474=ORIENTED_EDGE('',*,*,#350,.F.);
#475=ORIENTED_EDGE('',*,*,#308,.T.);
#476=ORIENTED_EDGE('',*,*,#316,.T.);
#477=ORIENTED_EDGE('',*,*,#353,.F.);
#478=ORIENTED_EDGE('',*,*,#354,.F.);
#479=ORIENTED_EDGE('',*,*,#305,.T.);
#480=ORIENTED_EDGE('',*,*,#354,.T.);
#481=ORIENTED_EDGE('',*,*,#355,.F.);
#482=ORIENTED_EDGE('',*,*,#317,.F.);
#483=ORIENTED_EDGE('',*,*,#355,.T.);
#484=ORIENTED_EDGE('',*,*,#353,.T.);
#485=ORIENTED_EDGE('',*,*,#315,.T.);
#486=ORIENTED_EDGE('',*,*,#318,.T.);
#487=ORIENTED_EDGE('',*,*,#328,.T.);
#488=CYLINDRICAL_SURFACE('',#538,2.88125000000001);
#489=CYLINDRICAL_SURFACE('',#540,2.88125000000001);
#490=CYLINDRICAL_SURFACE('',#542,2.88125000000001);
#491=CYLINDRICAL_SURFACE('',#543,2.88125000000001);
#492=CYLINDRICAL_SURFACE('',#551,3.);
#493=CYLINDRICAL_SURFACE('',#555,2.88125000000001);
#494=ADVANCED_FACE('',(#105),#488,.F.);
#495=ADVANCED_FACE('',(#106),#489,.F.);
#496=ADVANCED_FACE('',(#107),#490,.F.);
#497=ADVANCED_FACE('',(#108),#491,.F.);
#498=ADVANCED_FACE('',(#109,#92),#94,.F.);
#499=ADVANCED_FACE('',(#110),#95,.T.);
#500=ADVANCED_FACE('',(#111),#96,.T.);
#501=ADVANCED_FACE('',(#112),#86,.F.);
#502=ADVANCED_FACE('',(#113),#97,.T.);
#503=ADVANCED_FACE('',(#114),#492,.F.);
#504=ADVANCED_FACE('',(#115),#87,.F.);
#505=ADVANCED_FACE('',(#116),#88,.F.);
#506=ADVANCED_FACE('',(#117),#493,.F.);
#507=ADVANCED_FACE('',(#118),#83,.T.);
#508=ADVANCED_FACE('',(#119),#98,.F.);
#509=ADVANCED_FACE('',(#120),#89,.F.);
#510=ADVANCED_FACE('',(#121),#90,.F.);
#511=ADVANCED_FACE('',(#122),#91,.F.);
#512=ADVANCED_FACE('',(#123),#99,.T.);
#513=ADVANCED_FACE('',(#124),#100,.T.);
#514=ADVANCED_FACE('',(#125),#101,.F.);
#515=ADVANCED_FACE('',(#126),#102,.T.);
#516=ADVANCED_FACE('',(#127),#103,.T.);
#517=ADVANCED_FACE('',(#128,#93),#104,.T.);
#518=CLOSED_SHELL('',(#494,#495,#496,#497,#498,#499,#500,#501,#502,#503,
#504,#505,#506,#507,#508,#509,#510,#511,#512,#513,#514,#515,#516,#517));
#519=DERIVED_UNIT_ELEMENT(#521,1.);
#520=DERIVED_UNIT_ELEMENT(#3989,-3.);
#521=(
MASS_UNIT()
NAMED_UNIT(*)
SI_UNIT($,.GRAM.)
);
#522=DERIVED_UNIT((#519,#520));
#523=MEASURE_REPRESENTATION_ITEM('density measure',
POSITIVE_RATIO_MEASURE(1.),#522);
#524=PROPERTY_DEFINITION_REPRESENTATION(#529,#526);
#525=PROPERTY_DEFINITION_REPRESENTATION(#530,#527);
#526=REPRESENTATION('material name',(#528),#3986);
#527=REPRESENTATION('density',(#523),#3986);
#528=DESCRIPTIVE_REPRESENTATION_ITEM('Generic','Generic');
#529=PROPERTY_DEFINITION('material property','material name',#3996);
#530=PROPERTY_DEFINITION('material property','density of part',#3996);
#531=DATE_TIME_ROLE('creation_date');
#532=APPLIED_DATE_AND_TIME_ASSIGNMENT(#533,#531,(#3996));
#533=DATE_AND_TIME(#534,#535);
#534=CALENDAR_DATE(2022,4,4);
#535=LOCAL_TIME(0,0,0.,#536);
#536=COORDINATED_UNIVERSAL_TIME_OFFSET(0,0,.BEHIND.);
#537=AXIS2_PLACEMENT_3D('placement',#697,#582,#583);
#538=AXIS2_PLACEMENT_3D('',#698,#584,#585);
#539=AXIS2_PLACEMENT_3D('',#703,#587,#588);
#540=AXIS2_PLACEMENT_3D('',#738,#589,#590);
#541=AXIS2_PLACEMENT_3D('',#846,#592,#593);
#542=AXIS2_PLACEMENT_3D('',#847,#594,#595);
#543=AXIS2_PLACEMENT_3D('',#984,#597,#598);
#544=AXIS2_PLACEMENT_3D('',#989,#600,#601);
#545=AXIS2_PLACEMENT_3D('',#1024,#602,#603);
#546=AXIS2_PLACEMENT_3D('',#1051,#608,#609);
#547=AXIS2_PLACEMENT_3D('',#1055,#612,#613);
#548=AXIS2_PLACEMENT_3D('',#1061,#617,#618);
#549=AXIS2_PLACEMENT_3D('',#1891,#621,#622);
#550=AXIS2_PLACEMENT_3D('',#1899,#623,#624);
#551=AXIS2_PLACEMENT_3D('',#1908,#625,#626);
#552=AXIS2_PLACEMENT_3D('',#1910,#627,#628);
#553=AXIS2_PLACEMENT_3D('',#1914,#630,#631);
#554=AXIS2_PLACEMENT_3D('',#1924,#632,#633);
#555=AXIS2_PLACEMENT_3D('',#2986,#635,#636);
#556=AXIS2_PLACEMENT_3D('',#3023,#637,#638);
#557=AXIS2_PLACEMENT_3D('',#3026,#640,#641);
#558=AXIS2_PLACEMENT_3D('',#3027,#642,#643);
#559=AXIS2_PLACEMENT_3D('',#3028,#644,#645);
#560=AXIS2_PLACEMENT_3D('',#3029,#646,#647);
#561=AXIS2_PLACEMENT_3D('',#3927,#649,#650);
#562=AXIS2_PLACEMENT_3D('',#3931,#653,#654);
#563=AXIS2_PLACEMENT_3D('',#3933,#656,#657);
#564=AXIS2_PLACEMENT_3D('',#3934,#658,#659);
#565=AXIS2_PLACEMENT_3D('',#3938,#662,#663);
#566=AXIS2_PLACEMENT_3D('',#3940,#665,#666);
#567=AXIS2_PLACEMENT_3D('',#3950,#667,#668);
#568=AXIS2_PLACEMENT_3D('',#3965,#669,#670);
#569=AXIS2_PLACEMENT_3D('view reference',#3967,#671,#672);
#570=AXIS2_PLACEMENT_3D('view window',#3968,#673,#674);
#571=AXIS2_PLACEMENT_3D('view reference',#3970,#675,#676);
#572=AXIS2_PLACEMENT_3D('view window',#3971,#677,#678);
#573=AXIS2_PLACEMENT_3D('view reference',#3973,#679,#680);
#574=AXIS2_PLACEMENT_3D('view window',#3974,#681,#682);
#575=AXIS2_PLACEMENT_3D('view reference',#3976,#683,#684);
#576=AXIS2_PLACEMENT_3D('view window',#3977,#685,#686);
#577=AXIS2_PLACEMENT_3D('',#3979,#687,#688);
#578=AXIS2_PLACEMENT_3D('',#3980,#689,#690);
#579=AXIS2_PLACEMENT_3D('',#3981,#691,#692);
#580=AXIS2_PLACEMENT_3D('',#3982,#693,#694);
#581=AXIS2_PLACEMENT_3D('',#3983,#695,#696);
#582=DIRECTION('axis',(0.,0.,1.));
#583=DIRECTION('refdir',(1.,0.,0.));
#584=DIRECTION('center_axis',(0.,1.22464679914735E-16,-1.));
#585=DIRECTION('ref_axis',(0.,1.,1.22464679914735E-16));
#586=DIRECTION('',(0.,1.22464679914735E-16,-1.));
#587=DIRECTION('center_axis',(0.,0.,-1.));
#588=DIRECTION('ref_axis',(0.,1.,1.22464679914735E-16));
#589=DIRECTION('center_axis',(0.,1.22464679914735E-16,-1.));
#590=DIRECTION('ref_axis',(0.,1.,1.22464679914735E-16));
#591=DIRECTION('',(0.,1.22464679914735E-16,-1.));
#592=DIRECTION('center_axis',(0.,0.,-1.));
#593=DIRECTION('ref_axis',(0.,1.,1.22464679914735E-16));
#594=DIRECTION('center_axis',(0.,1.22464679914735E-16,-1.));
#595=DIRECTION('ref_axis',(0.,1.,1.22464679914735E-16));
#596=DIRECTION('',(0.,1.22464679914735E-16,-1.));
#597=DIRECTION('center_axis',(0.,1.22464679914735E-16,-1.));
#598=DIRECTION('ref_axis',(0.,1.,1.22464679914735E-16));
#599=DIRECTION('',(0.,1.22464679914735E-16,-1.));
#600=DIRECTION('center_axis',(0.,1.22464679914735E-16,-1.));
#601=DIRECTION('ref_axis',(0.,1.,1.22464679914735E-16));
#602=DIRECTION('center_axis',(0.,0.,-1.));
#603=DIRECTION('ref_axis',(-1.,0.,0.));
#604=DIRECTION('',(-1.,-1.48029736616688E-16,0.));
#605=DIRECTION('',(0.,-1.,0.));
#606=DIRECTION('',(1.,0.,0.));
#607=DIRECTION('',(-2.77555756156289E-16,1.,0.));
#608=DIRECTION('center_axis',(0.,-6.12323399573675E-17,1.));
#609=DIRECTION('ref_axis',(-1.,0.,0.));
#610=DIRECTION('',(1.,0.,0.));
#611=DIRECTION('',(0.883330876568911,-0.46875,0.));
#612=DIRECTION('center_axis',(0.,1.,0.));
#613=DIRECTION('ref_axis',(1.,0.,0.));
#614=DIRECTION('',(0.,0.,-1.));
#615=DIRECTION('',(1.,0.,0.));
#616=DIRECTION('',(0.,0.,-1.));
#617=DIRECTION('center_axis',(1.,0.,0.));
#618=DIRECTION('ref_axis',(0.,-1.,0.));
#619=DIRECTION('',(0.,0.,-1.));
#620=DIRECTION('',(0.,-1.,0.));
#621=DIRECTION('center_axis',(0.,0.,-1.));
#622=DIRECTION('ref_axis',(-1.,0.,0.));
#623=DIRECTION('center_axis',(0.,0.,1.));
#624=DIRECTION('ref_axis',(-1.,0.,0.));
#625=DIRECTION('center_axis',(0.,0.,1.));
#626=DIRECTION('ref_axis',(-1.,0.,0.));
#627=DIRECTION('center_axis',(0.,0.,1.));
#628=DIRECTION('ref_axis',(-1.,0.,0.));
#629=DIRECTION('',(0.,0.,1.));
#630=DIRECTION('center_axis',(0.,1.22464679914735E-16,-1.));
#631=DIRECTION('ref_axis',(-1.,0.,0.));
#632=DIRECTION('center_axis',(0.,1.22464679914735E-16,-1.));
#633=DIRECTION('ref_axis',(-1.,0.,0.));
#634=DIRECTION('',(0.,-1.55981416109064E-14,1.));
#635=DIRECTION('center_axis',(0.,1.22464679914735E-16,-1.));
#636=DIRECTION('ref_axis',(0.,1.,1.22464679914735E-16));
#637=DIRECTION('center_axis',(-0.192985136416416,-0.363668756726365,-0.911318699744188));
#638=DIRECTION('ref_axis',(0.427180640505088,0.804995945878673,-0.411701624355021));
#639=DIRECTION('',(0.,-1.22464679914735E-16,1.));
#640=DIRECTION('center_axis',(0.,1.22464679914735E-16,-1.));
#641=DIRECTION('ref_axis',(0.,1.,1.22464679914735E-16));
#642=DIRECTION('center_axis',(0.,1.22464679914735E-16,-1.));
#643=DIRECTION('ref_axis',(0.893799281297815,-0.448467217030978,-6.37944636164572E-17));
#644=DIRECTION('center_axis',(0.000573828612357882,-0.999999835221432,1.66683354214755E-5));
#645=DIRECTION('ref_axis',(0.0378066059927072,5.03809427815464E-6,-0.999285074699872));
#646=DIRECTION('center_axis',(0.,1.22464679914735E-16,-1.));
#647=DIRECTION('ref_axis',(0.,1.,1.22464679914735E-16));
#648=DIRECTION('',(0.,0.,1.));
#649=DIRECTION('center_axis',(0.46875,0.883330876568911,0.));
#650=DIRECTION('ref_axis',(-0.883330876568911,0.46875,0.));
#651=DIRECTION('',(0.,0.,-1.));
#652=DIRECTION('',(-0.883330876568911,0.46875,0.));
#653=DIRECTION('center_axis',(0.192985136416416,0.363668756726365,0.911318699744188));
#654=DIRECTION('ref_axis',(-4.16333634234434E-17,-0.928778168834883,0.37063609254324));
#655=DIRECTION('',(0.97830486454942,0.,-0.207170441904583));
#656=DIRECTION('center_axis',(0.,-1.,0.));
#657=DIRECTION('ref_axis',(0.,0.,-1.));
#658=DIRECTION('center_axis',(-1.,-2.77555756156289E-16,0.));
#659=DIRECTION('ref_axis',(-2.77555756156289E-16,1.,0.));
#660=DIRECTION('',(-2.77555756156289E-16,1.,0.));
#661=DIRECTION('',(0.,0.,-1.));
#662=DIRECTION('center_axis',(1.48029736616688E-16,-1.,0.));
#663=DIRECTION('ref_axis',(-1.,-1.48029736616688E-16,0.));
#664=DIRECTION('',(-1.,-1.48029736616688E-16,0.));
#665=DIRECTION('center_axis',(0.,0.,-1.));
#666=DIRECTION('ref_axis',(-1.,0.,0.));
#667=DIRECTION('center_axis',(0.,0.,-1.));
#668=DIRECTION('ref_axis',(-1.,0.,0.));
#669=DIRECTION('center_axis',(0.,0.,1.));
#670=DIRECTION('ref_axis',(1.,0.,0.));
#671=DIRECTION('center_axis',(-0.577350269189626,0.577350269189626,-0.577350269189626));
#672=DIRECTION('ref_axis',(-0.707106781186548,-0.707106781186548,0.));
#673=DIRECTION('center_axis',(0.,0.,1.));
#674=DIRECTION('ref_axis',(1.,0.,0.));
#675=DIRECTION('center_axis',(-2.22044604925031E-16,0.,-1.));
#676=DIRECTION('ref_axis',(-1.,0.,2.22044604925031E-16));
#677=DIRECTION('center_axis',(0.,0.,1.));
#678=DIRECTION('ref_axis',(1.,0.,0.));
#679=DIRECTION('center_axis',(0.,-1.,0.));
#680=DIRECTION('ref_axis',(-1.,0.,0.));
#681=DIRECTION('center_axis',(0.,0.,1.));
#682=DIRECTION('ref_axis',(1.,0.,0.));
#683=DIRECTION('center_axis',(-1.,0.,0.));
#684=DIRECTION('ref_axis',(0.,0.,1.));
#685=DIRECTION('center_axis',(0.,0.,1.));
#686=DIRECTION('ref_axis',(1.,0.,0.));
#687=DIRECTION('center_axis',(0.,0.,1.));
#688=DIRECTION('ref_axis',(1.,0.,0.));
#689=DIRECTION('center_axis',(0.,0.,1.));
#690=DIRECTION('ref_axis',(1.,0.,0.));
#691=DIRECTION('center_axis',(0.,0.,1.));
#692=DIRECTION('ref_axis',(1.,0.,0.));
#693=DIRECTION('center_axis',(0.,0.,1.));
#694=DIRECTION('ref_axis',(1.,0.,0.));
#695=DIRECTION('center_axis',(0.,0.,1.));
#696=DIRECTION('ref_axis',(1.,0.,0.));
#697=CARTESIAN_POINT('',(0.,0.,0.));
#698=CARTESIAN_POINT('Origin',(0.,0.,0.));
#699=CARTESIAN_POINT('',(1.18537471203561E-5,-2.88124999997562,-16.3045152975999));
#700=CARTESIAN_POINT('',(-3.52851359004332E-16,-2.88125,-19.0000000000001));
#701=CARTESIAN_POINT('',(-3.52851359004332E-16,-2.88125000000001,-3.52851359004331E-16));
#702=CARTESIAN_POINT('',(1.97159944099975,2.10104669313881,-19.));
#703=CARTESIAN_POINT('Origin',(0.,2.32682891837997E-15,-19.));
#704=CARTESIAN_POINT('Ctrl Pts',(1.97159944099975,2.10104669313881,-19.0000000000001));
#705=CARTESIAN_POINT('Ctrl Pts',(1.74881291712346,2.31010715208586,-18.926636577574));
#706=CARTESIAN_POINT('Ctrl Pts',(1.49385020884284,2.48271769153895,-18.8535972490602));
#707=CARTESIAN_POINT('Ctrl Pts',(0.875567582382531,2.77057254919126,-18.6898671921671));
#708=CARTESIAN_POINT('Ctrl Pts',(0.507307180563121,2.86100155238142,-18.6004718844289));
#709=CARTESIAN_POINT('Ctrl Pts',(-0.254604829631243,2.89596635724891,-18.4173630475665));
#710=CARTESIAN_POINT('Ctrl Pts',(-0.640933079876327,2.83560373747437,-18.3252893261486));
#711=CARTESIAN_POINT('Ctrl Pts',(-1.36658201069009,2.56590433091669,-18.1394255802602));
#712=CARTESIAN_POINT('Ctrl Pts',(-1.69852281860141,2.35932837954533,-18.0473594147176));
#713=CARTESIAN_POINT('Ctrl Pts',(-2.11940339467747,1.96129656592358,-17.9082707920293));
#714=CARTESIAN_POINT('Ctrl Pts',(-2.24550020731871,1.81556655805137,-17.8622004308478));
#715=CARTESIAN_POINT('Ctrl Pts',(-2.46710439518178,1.50072118919669,-17.7697146055633));
#716=CARTESIAN_POINT('Ctrl Pts',(-2.56196593616689,1.33232888320511,-17.7235447766597));
#717=CARTESIAN_POINT('Ctrl Pts',(-2.71682706151985,0.978677602787347,-17.6308409393384));
#718=CARTESIAN_POINT('Ctrl Pts',(-2.77634334706401,0.79427645507039,-17.5845151218292));
#719=CARTESIAN_POINT('Ctrl Pts',(-2.85724832032761,0.41776862709872,-17.4920067700812));
#720=CARTESIAN_POINT('Ctrl Pts',(-2.87871889924003,0.22666582096328,-17.4460655701831));
#721=CARTESIAN_POINT('Ctrl Pts',(-2.8833770403149,-0.158410952033444,-17.3535876120442));
#722=CARTESIAN_POINT('Ctrl Pts',(-2.86626273398474,-0.35141669263775,-17.3072584400024));
#723=CARTESIAN_POINT('Ctrl Pts',(-2.79391760835938,-0.729678482502901,-17.2147453359831));
#724=CARTESIAN_POINT('Ctrl Pts',(-2.73914902705026,-0.914040478613074,-17.1687990577545));
#725=CARTESIAN_POINT('Ctrl Pts',(-2.59324934638475,-1.27043561717697,-17.0763157655747));
#726=CARTESIAN_POINT('Ctrl Pts',(-2.50222532717107,-1.44146316604604,-17.0299879980443));
#727=CARTESIAN_POINT('Ctrl Pts',(-2.28808130928212,-1.76156204114175,-16.9374730993412));
#728=CARTESIAN_POINT('Ctrl Pts',(-2.16572790609046,-1.90998440245361,-16.8915200974495));
#729=CARTESIAN_POINT('Ctrl Pts',(-1.89598736546028,-2.17766641912374,-16.8002526552992));
#730=CARTESIAN_POINT('Ctrl Pts',(-1.7497827298625,-2.29679310515845,-16.7551422570699));
#731=CARTESIAN_POINT('Ctrl Pts',(-1.35825716910763,-2.55658245868069,-16.6422668125115));
#732=CARTESIAN_POINT('Ctrl Pts',(-1.10191875175573,-2.67707852408372,-16.5749972701194));
#733=CARTESIAN_POINT('Ctrl Pts',(-0.697125870614928,-2.79920006995292,-16.4734024198793));
#734=CARTESIAN_POINT('Ctrl Pts',(-0.559245165379906,-2.82997371996368,-16.4395495774578));
#735=CARTESIAN_POINT('Ctrl Pts',(-0.28071290753268,-2.87098033074213,-16.371929363839));
#736=CARTESIAN_POINT('Ctrl Pts',(-0.140450436308313,-2.88125,-16.3382503507603));
#737=CARTESIAN_POINT('Ctrl Pts',(4.46344350368832E-13,-2.88125,-16.3045181445333));
#738=CARTESIAN_POINT('Origin',(0.,0.,0.));
#739=CARTESIAN_POINT('',(-2.87875206803159,-0.119950378594733,-13.0142909284164));
#740=CARTESIAN_POINT('Ctrl Pts',(1.18537471203561E-5,-2.88124999997562,
-16.3045152975999));
#741=CARTESIAN_POINT('Ctrl Pts',(0.210400632419386,-2.8812491344154,-16.2539858869472));
#742=CARTESIAN_POINT('Ctrl Pts',(0.420156822693314,-2.85820441170588,-16.2035678526767));
#743=CARTESIAN_POINT('Ctrl Pts',(0.830180959882993,-2.76701222537654,-16.1026683474599));
#744=CARTESIAN_POINT('Ctrl Pts',(1.02925762484847,-2.69929350966946,-16.052484287153));
#745=CARTESIAN_POINT('Ctrl Pts',(1.34634265439622,-2.55120539416692,-15.9684147657434));
#746=CARTESIAN_POINT('Ctrl Pts',(1.46896196609579,-2.48262726596688,-15.9347376772661));
#747=CARTESIAN_POINT('Ctrl Pts',(1.74167812377253,-2.30280035900406,-15.8562584122776));
#748=CARTESIAN_POINT('Ctrl Pts',(1.88694216798631,-2.18535639420326,-15.8116146330957));
#749=CARTESIAN_POINT('Ctrl Pts',(2.15708849405148,-1.91979394636688,-15.7206349781667));
#750=CARTESIAN_POINT('Ctrl Pts',(2.28046915156707,-1.77146796904803,-15.6744965526599));
#751=CARTESIAN_POINT('Ctrl Pts',(2.49587967703808,-1.45233384477085,-15.5819965903817));
#752=CARTESIAN_POINT('Ctrl Pts',(2.58734808390325,-1.28231039411753,-15.535871581983));
#753=CARTESIAN_POINT('Ctrl Pts',(2.73497337243386,-0.926603494490926,-15.443374958484));
#754=CARTESIAN_POINT('Ctrl Pts',(2.79076602968588,-0.741820289268005,-15.3972138058621));
#755=CARTESIAN_POINT('Ctrl Pts',(2.86464478679651,-0.363953082506295,-15.3047191422299));
#756=CARTESIAN_POINT('Ctrl Pts',(2.88255631866233,-0.171818309885795,-15.2586186943574));
#757=CARTESIAN_POINT('Ctrl Pts',(2.87979449129888,0.213284109927236,-15.1661227245755));
#758=CARTESIAN_POINT('Ctrl Pts',(2.85909999991127,0.405281210706454,-15.1199399378364));
#759=CARTESIAN_POINT('Ctrl Pts',(2.77975794839525,0.782021340660495,-15.0274530249961));
#760=CARTESIAN_POINT('Ctrl Pts',(2.72135729080634,0.965829559307274,-14.981378698476));
#761=CARTESIAN_POINT('Ctrl Pts',(2.56866552151803,1.31935424118491,-14.8888858228071));
#762=CARTESIAN_POINT('Ctrl Pts',(2.47469865378521,1.48815464974498,-14.8426828035218));
#763=CARTESIAN_POINT('Ctrl Pts',(2.25472815324368,1.8040981532034,-14.7502062112897));
#764=CARTESIAN_POINT('Ctrl Pts',(2.12934853837901,1.95049848597659,-14.704159436822));
#765=CARTESIAN_POINT('Ctrl Pts',(1.8507443915876,2.21666687041228,-14.6116108358047));
#766=CARTESIAN_POINT('Ctrl Pts',(1.69811469273888,2.33565260813669,-14.5653282556807));
#767=CARTESIAN_POINT('Ctrl Pts',(1.37222643398041,2.54076130557967,-14.4728352438107));
#768=CARTESIAN_POINT('Ctrl Pts',(1.1998957464664,2.62654215188244,-14.4268489817904));
#769=CARTESIAN_POINT('Ctrl Pts',(0.839885668976789,2.76286401795823,-14.334383687632));
#770=CARTESIAN_POINT('Ctrl Pts',(0.653045774193589,2.8128911847358,-14.2881272149479));
#771=CARTESIAN_POINT('Ctrl Pts',(0.273026167375167,2.87470916527649,-14.1956494186525));
#772=CARTESIAN_POINT('Ctrl Pts',(0.0808293003597794,2.88651390189887,-14.1496500424922));
#773=CARTESIAN_POINT('Ctrl Pts',(-0.30377083793876,2.87167191062777,-14.0571988841668));
#774=CARTESIAN_POINT('Ctrl Pts',(-0.495203432895084,2.84491655631989,-14.0109739467389));
#775=CARTESIAN_POINT('Ctrl Pts',(-0.869199259133531,2.75372720672159,-13.9185148922354));
#776=CARTESIAN_POINT('Ctrl Pts',(-1.05085331348718,2.6896519449413,-13.8725018083298));
#777=CARTESIAN_POINT('Ctrl Pts',(-1.39917730956928,2.526070103399,-13.7800616435959));
#778=CARTESIAN_POINT('Ctrl Pts',(-1.56492897020279,2.42687565470391,-13.7338692929499));
#779=CARTESIAN_POINT('Ctrl Pts',(-1.87376290000783,2.19717070043156,-13.6414280546207));
#780=CARTESIAN_POINT('Ctrl Pts',(-2.01612453481938,2.06731406844292,-13.5954005093005));
#781=CARTESIAN_POINT('Ctrl Pts',(-2.26877628004093,1.78574557606524,-13.5045221642598));
#782=CARTESIAN_POINT('Ctrl Pts',(-2.37935089712921,1.63551928722292,-13.4599033788839));
#783=CARTESIAN_POINT('Ctrl Pts',(-2.61742019838414,1.23628596187839,-13.3482655241158));
#784=CARTESIAN_POINT('Ctrl Pts',(-2.72468387706023,0.977438613207204,-13.2816866048209));
#785=CARTESIAN_POINT('Ctrl Pts',(-2.86150131990619,0.437107674215474,-13.147771207084));
#786=CARTESIAN_POINT('Ctrl Pts',(-2.89035321182252,0.158471557885919,-13.0812248582198));
#787=CARTESIAN_POINT('Ctrl Pts',(-2.87875206802788,-0.119950378595699,-13.0142909284169));
#788=CARTESIAN_POINT('',(-3.09524134651075E-8,-2.88125,-11.9263605812076));
#789=CARTESIAN_POINT('Ctrl Pts',(-3.27307488404149E-8,-2.88125,-11.9263605740048));
#790=CARTESIAN_POINT('Ctrl Pts',(-0.15741552402405,-2.88124999821178,-11.9652249715886));
#791=CARTESIAN_POINT('Ctrl Pts',(-0.314625614505252,-2.868349493841,-12.0040282018958));
#792=CARTESIAN_POINT('Ctrl Pts',(-0.660437059558533,-2.81116766547022,-12.0905815210744));
#793=CARTESIAN_POINT('Ctrl Pts',(-0.847182975268355,-2.76063796024334,-12.1381496506731));
#794=CARTESIAN_POINT('Ctrl Pts',(-1.20736770086517,-2.62315512125881,-12.2333474401728));
#795=CARTESIAN_POINT('Ctrl Pts',(-1.37992822134569,-2.53662715454222,-12.2807509146306));
#796=CARTESIAN_POINT('Ctrl Pts',(-1.70551210544557,-2.3302470351736,-12.375945326859));
#797=CARTESIAN_POINT('Ctrl Pts',(-1.85767626304491,-2.21085102595448,-12.4235022444988));
#798=CARTESIAN_POINT('Ctrl Pts',(-2.12883911633644,-1.95018201093439,-12.5163758793165));
#799=CARTESIAN_POINT('Ctrl Pts',(-2.2485047372696,-1.81090912068636,-12.5614897076144));
#800=CARTESIAN_POINT('Ctrl Pts',(-2.43355648449548,-1.54867044230282,-12.6407491594978));
#801=CARTESIAN_POINT('Ctrl Pts',(-2.5048050397743,-1.43056925299521,-12.674738224173));
#802=CARTESIAN_POINT('Ctrl Pts',(-2.66095971450415,-1.12402971657758,-12.7597169942182));
#803=CARTESIAN_POINT('Ctrl Pts',(-2.73458181804853,-0.930706002503018,-12.8104779012698));
#804=CARTESIAN_POINT('Ctrl Pts',(-2.83936386340054,-0.531325429898114,-12.9124271548951));
#805=CARTESIAN_POINT('Ctrl Pts',(-2.87014824109964,-0.326407440114295,-12.9633384537905));
#806=CARTESIAN_POINT('Ctrl Pts',(-2.87875132614813,-0.119968182033496,-13.0143630839844));
#807=CARTESIAN_POINT('',(-1.40167733475322E-5,-2.88124999996591,-14.9344200867111));
#808=CARTESIAN_POINT('',(-3.52851359004332E-16,-2.88125000000001,-3.52851359004331E-16));
#809=CARTESIAN_POINT('',(2.35507977269795,-1.65987976273253,-19.));
#810=CARTESIAN_POINT('Ctrl Pts',(-1.40167733475322E-5,-2.88124999996591,
-14.9344200867111));
#811=CARTESIAN_POINT('Ctrl Pts',(-0.328562519210501,-2.88124840163536,-15.0214192643609));
#812=CARTESIAN_POINT('Ctrl Pts',(-0.654704216038239,-2.825050363467,-15.1079007179208));
#813=CARTESIAN_POINT('Ctrl Pts',(-1.27394584168644,-2.60511678001981,-15.2818921587292));
#814=CARTESIAN_POINT('Ctrl Pts',(-1.56250048476722,-2.4429821584035,-15.3683822576593));
#815=CARTESIAN_POINT('Ctrl Pts',(-1.9684187980077,-2.11300115404077,-15.50691081166));
#816=CARTESIAN_POINT('Ctrl Pts',(-2.10655151994933,-1.97531857632996,-15.5582773934735));
#817=CARTESIAN_POINT('Ctrl Pts',(-2.35188671107054,-1.67553579194242,-15.6609371091852));
#818=CARTESIAN_POINT('Ctrl Pts',(-2.45873364634588,-1.51440549428465,-15.7119134946986));
#819=CARTESIAN_POINT('Ctrl Pts',(-2.63941398855103,-1.17172551016443,-15.8144984939399));
#820=CARTESIAN_POINT('Ctrl Pts',(-2.71248278724568,-0.990898572729641,-15.8658739871438));
#821=CARTESIAN_POINT('Ctrl Pts',(-2.87549237640272,-0.430009672634533,-16.0206762110271));
#822=CARTESIAN_POINT('Ctrl Pts',(-2.90722214983798,-0.037727290016653,-16.1227372228176));
#823=CARTESIAN_POINT('Ctrl Pts',(-2.8128515119841,0.735698316709487,-16.3292474755014));
#824=CARTESIAN_POINT('Ctrl Pts',(-2.68771291385976,1.10886611612388,-16.4313197035112));
#825=CARTESIAN_POINT('Ctrl Pts',(-2.39542888798748,1.61267385586432,-16.5857002790973));
#826=CARTESIAN_POINT('Ctrl Pts',(-2.28214082218285,1.76935978084157,-16.6366675382246));
#827=CARTESIAN_POINT('Ctrl Pts',(-1.89712205731765,2.20276783311954,-16.7901899262363));
#828=CARTESIAN_POINT('Ctrl Pts',(-1.5845608675566,2.43729858566968,-16.891746262039));
#829=CARTESIAN_POINT('Ctrl Pts',(-0.885541968467803,2.76894749279007,-17.0966469601581));
#830=CARTESIAN_POINT('Ctrl Pts',(-0.506191310008452,2.86269527346803,-17.1982078956599));
#831=CARTESIAN_POINT('Ctrl Pts',(0.266807428208199,2.89483037633664,-17.403108102836));
#832=CARTESIAN_POINT('Ctrl Pts',(0.652597331306358,2.8329039670809,-17.5046636846364));
#833=CARTESIAN_POINT('Ctrl Pts',(1.37666437768411,2.5604718928521,-17.7095599824325));
#834=CARTESIAN_POINT('Ctrl Pts',(1.70758345631669,2.3527386728261,-17.8111120692595));
#835=CARTESIAN_POINT('Ctrl Pts',(2.26765602538737,1.81905678156761,-18.016011040818));
#836=CARTESIAN_POINT('Ctrl Pts',(2.49111321686954,1.4985281855303,-18.1175594415175));
#837=CARTESIAN_POINT('Ctrl Pts',(2.72110994884502,0.966591504383646,-18.2710432217992));
#838=CARTESIAN_POINT('Ctrl Pts',(2.77964995866371,0.782484230519572,-18.3220052146052));
#839=CARTESIAN_POINT('Ctrl Pts',(2.85944467059807,0.403694887867777,-18.4245883566144));
#840=CARTESIAN_POINT('Ctrl Pts',(2.88016330323556,0.209896068159734,-18.4759295812238));
#841=CARTESIAN_POINT('Ctrl Pts',(2.88298128945152,-0.314317394862322,-18.6147438280984));
#842=CARTESIAN_POINT('Ctrl Pts',(2.82811295699521,-0.641996073697589,-18.7015512907924));
#843=CARTESIAN_POINT('Ctrl Pts',(2.63081958065471,-1.20474941544184,-18.8594008827016));
#844=CARTESIAN_POINT('Ctrl Pts',(2.50827321832282,-1.44252499210318,-18.9296003216163));
#845=CARTESIAN_POINT('Ctrl Pts',(2.35507977269795,-1.65987976273253,-19.));
#846=CARTESIAN_POINT('Origin',(0.,2.32682891837997E-15,-19.));
#847=CARTESIAN_POINT('Origin',(0.,0.,0.));
#848=CARTESIAN_POINT('',(-1.90094926808383E-8,-2.88125,-7.45603635155448));
#849=CARTESIAN_POINT('',(-4.71328670418223E-16,-2.88125,-10.1702552723121));
#850=CARTESIAN_POINT('',(-3.52851359004332E-16,-2.88125000000001,-3.52851359004331E-16));
#851=CARTESIAN_POINT('',(-2.87843152716874,0.128122924642495,-11.3717157864656));
#852=CARTESIAN_POINT('Ctrl Pts',(-2.87840045817628,0.128110752361515,-11.3716985065987));
#853=CARTESIAN_POINT('Ctrl Pts',(-2.89082431796842,-0.151029312456017,-11.2995688690066));
#854=CARTESIAN_POINT('Ctrl Pts',(-2.86257681979075,-0.43049453214494,-11.2278710351667));
#855=CARTESIAN_POINT('Ctrl Pts',(-2.72652159586771,-0.97249696821739,-11.0835509190026));
#856=CARTESIAN_POINT('Ctrl Pts',(-2.61943321918515,-1.23217078212217,-11.0118360752029));
#857=CARTESIAN_POINT('Ctrl Pts',(-2.38173852805221,-1.63199833079523,-10.8917684152089));
#858=CARTESIAN_POINT('Ctrl Pts',(-2.27161469103654,-1.78209496691808,-10.8438978001391));
#859=CARTESIAN_POINT('Ctrl Pts',(-2.01882560935335,-2.06479844706066,-10.7459813502443));
#860=CARTESIAN_POINT('Ctrl Pts',(-1.87562888273853,-2.19569280009542,-10.696191962928));
#861=CARTESIAN_POINT('Ctrl Pts',(-1.56562531266507,-2.42644697987924,-10.5964350345552));
#862=CARTESIAN_POINT('Ctrl Pts',(-1.39967431229362,-2.52581442522755,-10.5467114755841));
#863=CARTESIAN_POINT('Ctrl Pts',(-1.04984856724951,-2.69014610977853,-10.4469292825828));
#864=CARTESIAN_POINT('Ctrl Pts',(-0.866804217096892,-2.75458148015869,-10.3971260866487));
#865=CARTESIAN_POINT('Ctrl Pts',(-0.49124168402287,-2.8456076291194,-10.2973694255042));
#866=CARTESIAN_POINT('Ctrl Pts',(-0.299707896606877,-2.8721031076233,-10.2476607986644));
#867=CARTESIAN_POINT('Ctrl Pts',(-0.0713145379188555,-2.88058827338601,
-10.1886611176089));
#868=CARTESIAN_POINT('Ctrl Pts',(-0.0356520251862326,-2.88125,-10.1794564426479));
#869=CARTESIAN_POINT('Ctrl Pts',(-3.00107161343988E-15,-2.88125,-10.1702552723121));
#870=CARTESIAN_POINT('Ctrl Pts',(-2.87839506204832,0.128231935475943,-11.3718023419477));
#871=CARTESIAN_POINT('Ctrl Pts',(-2.87070232022166,0.300909279893217,-11.4175958915092));
#872=CARTESIAN_POINT('Ctrl Pts',(-2.84748649604229,0.472545511821461,-11.4633316652016));
#873=CARTESIAN_POINT('Ctrl Pts',(-2.77039181872865,0.810361395693816,-11.5551260348514));
#874=CARTESIAN_POINT('Ctrl Pts',(-2.71652863221819,0.975822558326628,-11.6010022711015));
#875=CARTESIAN_POINT('Ctrl Pts',(-2.51129089519211,1.45448852790183,-11.7389346712946));
#876=CARTESIAN_POINT('Ctrl Pts',(-2.31793954649909,1.74621806602722,-11.830223975968));
#877=CARTESIAN_POINT('Ctrl Pts',(-1.94299021279035,2.13635311824725,-11.9735051264349));
#878=CARTESIAN_POINT('Ctrl Pts',(-1.79482713627867,2.26225720099831,-12.0247820247395));
#879=CARTESIAN_POINT('Ctrl Pts',(-1.47609735658521,2.4819455552629,-12.1273575546897));
#880=CARTESIAN_POINT('Ctrl Pts',(-1.30642031132514,2.57530314806771,-12.1783747803797));
#881=CARTESIAN_POINT('Ctrl Pts',(-0.950348823131822,2.7269039143542,-12.2808527200642));
#882=CARTESIAN_POINT('Ctrl Pts',(-0.764815600499177,2.78464034351586,-12.3321025833099));
#883=CARTESIAN_POINT('Ctrl Pts',(-0.385508751916202,2.86187720441957,-12.4346671542935));
#884=CARTESIAN_POINT('Ctrl Pts',(-0.192712738437206,2.88128836388593,-12.4857070078061));
#885=CARTESIAN_POINT('Ctrl Pts',(0.194265634917966,2.88121144127857,-12.5881823433325));
#886=CARTESIAN_POINT('Ctrl Pts',(0.387458492736019,2.86164145705914,-12.6394030874743));
#887=CARTESIAN_POINT('Ctrl Pts',(0.766697494764542,2.78409412728973,-12.7419594333198));
#888=CARTESIAN_POINT('Ctrl Pts',(0.951797828831574,2.72636904948864,-12.7930263600742));
#889=CARTESIAN_POINT('Ctrl Pts',(1.30778276598644,2.57464045919513,-12.895504506193));
#890=CARTESIAN_POINT('Ctrl Pts',(1.47774585774822,2.48099464564942,-12.9466949000773));
#891=CARTESIAN_POINT('Ctrl Pts',(1.79629374586494,2.26105880454776,-13.0492469784696));
#892=CARTESIAN_POINT('Ctrl Pts',(1.944075686803,2.13532886672105,-13.1003454401945));
#893=CARTESIAN_POINT('Ctrl Pts',(2.21166364038742,1.85669286120968,-13.2026565241451));
#894=CARTESIAN_POINT('Ctrl Pts',(2.33090075480808,1.70460105820366,-13.2536408795487));
#895=CARTESIAN_POINT('Ctrl Pts',(2.53800324845804,1.37763551277713,-13.356170145127));
#896=CARTESIAN_POINT('Ctrl Pts',(2.62509032041332,1.20342915541047,-13.4074556596709));
#897=CARTESIAN_POINT('Ctrl Pts',(2.76237937762885,0.841461666289591,-13.5099890601416));
#898=CARTESIAN_POINT('Ctrl Pts',(2.81249630387595,0.654722471854287,-13.5609962129546));
#899=CARTESIAN_POINT('Ctrl Pts',(2.87487936697148,0.272728875698943,-13.6635226110562));
#900=CARTESIAN_POINT('Ctrl Pts',(2.88672232394895,0.0784007891156778,-13.7147860618969));
#901=CARTESIAN_POINT('Ctrl Pts',(2.87118349338731,-0.308462334667298,-13.8173407602207));
#902=CARTESIAN_POINT('Ctrl Pts',(2.8440850136752,-0.500024363013629,-13.8683779504953));
#903=CARTESIAN_POINT('Ctrl Pts',(2.75172998849408,-0.875934202053343,-13.970906554941));
#904=CARTESIAN_POINT('Ctrl Pts',(2.68648860044733,-1.05927184351998,-14.0221442829414));
#905=CARTESIAN_POINT('Ctrl Pts',(2.52054184581537,-1.40917727993284,-14.124733302665));
#906=CARTESIAN_POINT('Ctrl Pts',(2.42042917241247,-1.57493989189078,-14.1758135036762));
#907=CARTESIAN_POINT('Ctrl Pts',(2.18803785917357,-1.8846032249886,-14.278355867418));
#908=CARTESIAN_POINT('Ctrl Pts',(2.05621602419259,-2.02761267045585,-14.32956578219));
#909=CARTESIAN_POINT('Ctrl Pts',(1.78095573575428,-2.27156480159236,-14.4270108040353));
#910=CARTESIAN_POINT('Ctrl Pts',(1.64071605916158,-2.37483934565661,-14.4729913385203));
#911=CARTESIAN_POINT('Ctrl Pts',(1.26796824461304,-2.60047207041499,-14.5884003835442));
#912=CARTESIAN_POINT('Ctrl Pts',(1.02646349105425,-2.70491526336127,-14.6573997237495));
#913=CARTESIAN_POINT('Ctrl Pts',(0.648614161254341,-2.81032003912863,-14.7613564594967));
#914=CARTESIAN_POINT('Ctrl Pts',(0.52079883361798,-2.83678850014928,-14.7958641369992));
#915=CARTESIAN_POINT('Ctrl Pts',(0.261846538281536,-2.87231588273409,-14.8650895833304));
#916=CARTESIAN_POINT('Ctrl Pts',(0.130999843048656,-2.88125000000003,-14.8997278032477));
#917=CARTESIAN_POINT('Ctrl Pts',(-5.82554837702531E-13,-2.88125,-14.9344163750896));
#918=CARTESIAN_POINT('Ctrl Pts',(-2.0101505807113E-8,-2.88125,-7.45603634713114));
#919=CARTESIAN_POINT('Ctrl Pts',(-0.126170246566518,-2.88124999911976,-7.48718432810923));
#920=CARTESIAN_POINT('Ctrl Pts',(-0.252276915032128,-2.87296247694107,-7.51830912846911));
#921=CARTESIAN_POINT('Ctrl Pts',(-0.568571314485476,-2.83116106218159,-7.59707660063675));
#922=CARTESIAN_POINT('Ctrl Pts',(-0.756622896109652,-2.78680220274679,-7.64457214731397));
#923=CARTESIAN_POINT('Ctrl Pts',(-1.12096408643168,-2.6612316975781,-7.73974799412868));
#924=CARTESIAN_POINT('Ctrl Pts',(-1.29634530597322,-2.58034973779242,-7.78716802431083));
#925=CARTESIAN_POINT('Ctrl Pts',(-1.62844648052917,-2.38472823470308,-7.88232940500635));
#926=CARTESIAN_POINT('Ctrl Pts',(-1.78431406395723,-2.27046004760885,-7.92984148756982));
#927=CARTESIAN_POINT('Ctrl Pts',(-2.07074878929057,-2.01263424028462,-8.02501363301514));
#928=CARTESIAN_POINT('Ctrl Pts',(-2.20062096050921,-1.8697501024045,-8.072422532919));
#929=CARTESIAN_POINT('Ctrl Pts',(-2.43004528247772,-1.56002196750952,-8.16759017638482));
#930=CARTESIAN_POINT('Ctrl Pts',(-2.52898068623466,-1.39393133368307,-8.21511966724721));
#931=CARTESIAN_POINT('Ctrl Pts',(-2.69206299346895,-1.04473822600566,-8.31028892273137));
#932=CARTESIAN_POINT('Ctrl Pts',(-2.7558505258498,-0.862536684049253,-8.35768870838704));
#933=CARTESIAN_POINT('Ctrl Pts',(-2.8462086541162,-0.487774145679923,-8.45287444650959));
#934=CARTESIAN_POINT('Ctrl Pts',(-2.87247767676284,-0.296140392993375,-8.5004305680909));
#935=CARTESIAN_POINT('Ctrl Pts',(-2.88630084333396,0.0890742694308239,-8.59561014613048));
#936=CARTESIAN_POINT('Ctrl Pts',(-2.87390360642618,0.281682190576467,-8.6430017908333));
#937=CARTESIAN_POINT('Ctrl Pts',(-2.81079493661273,0.662038628533252,-8.73820501852891));
#938=CARTESIAN_POINT('Ctrl Pts',(-2.7601415760269,0.848812125499351,-8.78578494582501));
#939=CARTESIAN_POINT('Ctrl Pts',(-2.65678118050738,1.11910607782134,-8.85723668270835));
#940=CARTESIAN_POINT('Ctrl Pts',(-2.61787507939033,1.20731726343856,-8.88100446369306));
#941=CARTESIAN_POINT('Ctrl Pts',(-2.48791241841155,1.4660162776072,-8.95247058528087));
#942=CARTESIAN_POINT('Ctrl Pts',(-2.38406615424691,1.62945931202737,-9.00004756537593));
#943=CARTESIAN_POINT('Ctrl Pts',(-2.02611632707802,2.08454464945279,-9.14306913432776));
#944=CARTESIAN_POINT('Ctrl Pts',(-1.72907303202469,2.33683121874277,-9.23732985458005));
#945=CARTESIAN_POINT('Ctrl Pts',(-1.22275074729582,2.61600452109558,-9.38015339668863));
#946=CARTESIAN_POINT('Ctrl Pts',(-1.04543023045916,2.69177958952333,-9.42751927301714));
#947=CARTESIAN_POINT('Ctrl Pts',(-0.677553743794473,2.80710512909488,-9.52269153409399));
#948=CARTESIAN_POINT('Ctrl Pts',(-0.487882158022493,2.84620563867971,-9.57027967875845));
#949=CARTESIAN_POINT('Ctrl Pts',(-0.104419535191196,2.88577357065567,-9.66550523438062));
#950=CARTESIAN_POINT('Ctrl Pts',(0.0883951257177127,2.88630930466023,-9.71286282608423));
#951=CARTESIAN_POINT('Ctrl Pts',(0.472085077530013,2.84886888737862,-9.80803301101016));
#952=CARTESIAN_POINT('Ctrl Pts',(0.661970603227089,2.81082026456275,-9.85562493021161));
#953=CARTESIAN_POINT('Ctrl Pts',(1.03044196535615,2.69755033554307,-9.95084697897487));
#954=CARTESIAN_POINT('Ctrl Pts',(1.20815591278952,2.62277527458129,-9.99819821698922));
#955=CARTESIAN_POINT('Ctrl Pts',(1.54677015505658,2.43852785031435,-10.0933667566464));
#956=CARTESIAN_POINT('Ctrl Pts',(1.70673093046833,2.32937396660817,-10.1409610477014));
#957=CARTESIAN_POINT('Ctrl Pts',(2.00174062709558,2.08125474991088,-10.2361789890327));
#958=CARTESIAN_POINT('Ctrl Pts',(2.13616054893485,1.94304070072378,-10.2835259679064));
#959=CARTESIAN_POINT('Ctrl Pts',(2.37597270733968,1.64123892388346,-10.3786933382115));
#960=CARTESIAN_POINT('Ctrl Pts',(2.48062581941726,1.47831148176742,-10.4262885946753));
#961=CARTESIAN_POINT('Ctrl Pts',(2.65536963119706,1.13472462146825,-10.5215018253993));
#962=CARTESIAN_POINT('Ctrl Pts',(2.72517184603359,0.955001667278493,-10.5688467933618));
#963=CARTESIAN_POINT('Ctrl Pts',(2.82814067133352,0.583545375446013,-10.6640135021687));
#964=CARTESIAN_POINT('Ctrl Pts',(2.86088846720666,0.392708671168993,-10.7116083149023));
#965=CARTESIAN_POINT('Ctrl Pts',(2.88765035469471,0.00817574658913797,-10.8068162172553));
#966=CARTESIAN_POINT('Ctrl Pts',(2.88175919152138,-0.184545421086333,-10.8541615675941));
#967=CARTESIAN_POINT('Ctrl Pts',(2.83156023134115,-0.56671221815084,-10.9493281423748));
#968=CARTESIAN_POINT('Ctrl Pts',(2.78722294292445,-0.755170670026861,-10.9969211001156));
#969=CARTESIAN_POINT('Ctrl Pts',(2.66176693933232,-1.11964028219493,-11.0921230299946));
#970=CARTESIAN_POINT('Ctrl Pts',(2.58110907565853,-1.29478756814073,-11.1394712939437));
#971=CARTESIAN_POINT('Ctrl Pts',(2.38572015806843,-1.62702936057201,-11.234638270584));
#972=CARTESIAN_POINT('Ctrl Pts',(2.27135421585191,-1.78320891066014,-11.2822279602264));
#973=CARTESIAN_POINT('Ctrl Pts',(2.01359128114061,-2.06979626146333,-11.3774232349845));
#974=CARTESIAN_POINT('Ctrl Pts',(1.8709488128919,-2.1995812998859,-11.4247770762745));
#975=CARTESIAN_POINT('Ctrl Pts',(1.56138053501267,-2.42918980810672,-11.5199449895407));
#976=CARTESIAN_POINT('Ctrl Pts',(1.39515357739909,-2.52832316356757,-11.5675299966975));
#977=CARTESIAN_POINT('Ctrl Pts',(1.04597913376741,-2.69156934198536,-11.6627179048073));
#978=CARTESIAN_POINT('Ctrl Pts',(0.863965121378624,-2.75539156831538,-11.7100800652446));
#979=CARTESIAN_POINT('Ctrl Pts',(0.489338549540069,-2.84594539787076,-11.8052494857584));
#980=CARTESIAN_POINT('Ctrl Pts',(0.297641083834936,-2.87232780013747,-11.8528272147467));
#981=CARTESIAN_POINT('Ctrl Pts',(0.0698357570688256,-2.8806154291441,-11.9091181589031));
#982=CARTESIAN_POINT('Ctrl Pts',(0.0349128224568703,-2.88125000039661,-11.9177409199056));
#983=CARTESIAN_POINT('Ctrl Pts',(-3.27307492567486E-8,-2.88125,-11.9263605740048));
#984=CARTESIAN_POINT('Origin',(0.,0.,0.));
#985=CARTESIAN_POINT('',(-3.52851359004332E-16,-2.88125000000001,-3.048));
#986=CARTESIAN_POINT('',(-5.32043992077411E-16,-2.88125000000001,-5.49657160767433));
#987=CARTESIAN_POINT('',(-3.52851359004332E-16,-2.88125000000001,-3.52851359004331E-16));
#988=CARTESIAN_POINT('',(-0.430833759200144,2.84885657871207,-3.04800262581409));
#989=CARTESIAN_POINT('Origin',(0.,3.73272344380112E-16,-3.048));
#990=CARTESIAN_POINT('Ctrl Pts',(-1.04083408558608E-16,-2.88125000000001,
-5.49657160767433));
#991=CARTESIAN_POINT('Ctrl Pts',(0.109143231035218,-2.88125000000001,-5.46840159912243));
#992=CARTESIAN_POINT('Ctrl Pts',(0.218267822602307,-2.87504837777788,-5.44024329224808));
#993=CARTESIAN_POINT('Ctrl Pts',(0.518524436647739,-2.84076650560021,-5.36224030925435));
#994=CARTESIAN_POINT('Ctrl Pts',(0.707519623672416,-2.79968483089097,-5.31253209118284));
#995=CARTESIAN_POINT('Ctrl Pts',(1.07521474307246,-2.68012037384783,-5.21267720096067));
#996=CARTESIAN_POINT('Ctrl Pts',(1.25293883414773,-2.60178373426946,-5.16282466916374));
#997=CARTESIAN_POINT('Ctrl Pts',(1.5892911965775,-2.41101342028993,-5.06301214017326));
#998=CARTESIAN_POINT('Ctrl Pts',(1.74713914246797,-2.29920306326644,-5.01329212335665));
#999=CARTESIAN_POINT('Ctrl Pts',(2.03864449059529,-2.04524731053289,-4.91345181722771));
#1000=CARTESIAN_POINT('Ctrl Pts',(2.17147243530356,-1.90363265137496,-4.86361781563718));
#1001=CARTESIAN_POINT('Ctrl Pts',(2.40628642659377,-1.59644313652677,-4.76380807541265));
#1002=CARTESIAN_POINT('Ctrl Pts',(2.50778398238599,-1.43173418544999,-4.71407475045896));
#1003=CARTESIAN_POINT('Ctrl Pts',(2.67657952479032,-1.08397279962037,-4.61425478906168));
#1004=CARTESIAN_POINT('Ctrl Pts',(2.74334337024293,-0.901744698479783,-4.56444371557537));
#1005=CARTESIAN_POINT('Ctrl Pts',(2.83917587802945,-0.527200858379828,-4.46464080922153));
#1006=CARTESIAN_POINT('Ctrl Pts',(2.8681098432276,-0.335864833635302,-4.41489273688705));
#1007=CARTESIAN_POINT('Ctrl Pts',(2.8873027827876,0.0501517689019643,-4.31509937524655));
#1008=CARTESIAN_POINT('Ctrl Pts',(2.8774232501637,0.243862264075745,-4.26531587227092));
#1009=CARTESIAN_POINT('Ctrl Pts',(2.81904863382028,0.625973631970667,-4.16552439118613));
#1010=CARTESIAN_POINT('Ctrl Pts',(2.77078146825885,0.813417422734637,-4.11576086332415));
#1011=CARTESIAN_POINT('Ctrl Pts',(2.63738690683213,1.17608531803694,-4.01599549443592));
#1012=CARTESIAN_POINT('Ctrl Pts',(2.5525439568111,1.35037247103355,-3.96624082594188));
#1013=CARTESIAN_POINT('Ctrl Pts',(2.34935120753828,1.67912090250644,-3.86646189677437));
#1014=CARTESIAN_POINT('Ctrl Pts',(2.23155494678518,1.83277411526497,-3.81668348052552));
#1015=CARTESIAN_POINT('Ctrl Pts',(1.96689003302364,2.11430911497451,-3.71693009031512));
#1016=CARTESIAN_POINT('Ctrl Pts',(1.82066902235851,2.24145560402279,-3.66719145888205));
#1017=CARTESIAN_POINT('Ctrl Pts',(1.51285020018551,2.45898572766176,-3.56987297187191));
#1018=CARTESIAN_POINT('Ctrl Pts',(1.35308552913445,2.55038950037215,-3.52252720002824));
#1019=CARTESIAN_POINT('Ctrl Pts',(0.934033357380803,2.73960575762007,-3.40382816368838));
#1020=CARTESIAN_POINT('Ctrl Pts',(0.667323303789998,2.81647533369964,-3.33294590203462));
#1021=CARTESIAN_POINT('Ctrl Pts',(0.12007397165921,2.8919755774762,-3.1902592562614));
#1022=CARTESIAN_POINT('Ctrl Pts',(-0.157637033835838,2.89017223768132,-3.11933410338639));
#1023=CARTESIAN_POINT('Ctrl Pts',(-0.430833761679748,2.84885658331495,-3.04800263264498));
#1024=CARTESIAN_POINT('Origin',(0.,1.11022302462516E-15,-3.));
#1025=CARTESIAN_POINT('',(15.,-8.,-3.));
#1026=CARTESIAN_POINT('',(-15.,-8.,-3.));
#1027=CARTESIAN_POINT('',(7.5,-8.,-3.));
#1028=CARTESIAN_POINT('',(15.,8.,-3.));
#1029=CARTESIAN_POINT('',(15.,4.,-3.));
#1030=CARTESIAN_POINT('',(-15.,8.,-3.));
#1031=CARTESIAN_POINT('',(-7.5,8.,-3.));
#1032=CARTESIAN_POINT('',(-15.,-4.,-3.));
#1033=CARTESIAN_POINT('',(-4.616851366728,3.05321629857068,-2.99999506719308));
#1034=CARTESIAN_POINT('',(-5.57035729628596,0.26021391160565,-3.));
#1035=CARTESIAN_POINT('Ctrl Pts',(-4.616851366728,3.05321629857068,-3.));
#1036=CARTESIAN_POINT('Ctrl Pts',(-4.89538205337453,2.64446057611567,-3.));
#1037=CARTESIAN_POINT('Ctrl Pts',(-5.11872972557376,2.19942251841177,-3.));
#1038=CARTESIAN_POINT('Ctrl Pts',(-5.44205029700744,1.25542304234258,-3.));
#1039=CARTESIAN_POINT('Ctrl Pts',(-5.53994458286497,0.760322489801234,-3.));
#1040=CARTESIAN_POINT('Ctrl Pts',(-5.57035729628596,0.26021391160565,-3.));
#1041=CARTESIAN_POINT('',(-0.614223857467129,2.81559682883894,-3.00000000000001));
#1042=CARTESIAN_POINT('Ctrl Pts',(-0.614223857467153,2.81559682883891,-3.));
#1043=CARTESIAN_POINT('Ctrl Pts',(-0.912055047912529,3.03825588508458,-3.));
#1044=CARTESIAN_POINT('Ctrl Pts',(-1.2482430345798,3.20368691866739,-2.9999999999998));
#1045=CARTESIAN_POINT('Ctrl Pts',(-2.00406951494582,3.43582407984829,-2.9999999999998));
#1046=CARTESIAN_POINT('Ctrl Pts',(-2.42297053640833,3.48688538417867,-3.));
#1047=CARTESIAN_POINT('Ctrl Pts',(-3.45415130129236,3.45776135568707,-3.));
#1048=CARTESIAN_POINT('Ctrl Pts',(-4.0570367650587,3.30577019202766,-3.));
#1049=CARTESIAN_POINT('Ctrl Pts',(-4.61682907478528,3.05320032402651,-3.));
#1050=CARTESIAN_POINT('',(-2.62436079946074,-1.1906245559244,-3.));
#1051=CARTESIAN_POINT('Origin',(0.,3.70333192062159E-16,-3.));
#1052=CARTESIAN_POINT('',(-2.83633957351497,-1.190625,-3.));
#1053=CARTESIAN_POINT('',(-1.33879478675748,-1.190625,-3.));
#1054=CARTESIAN_POINT('',(-1.97627525550748,-1.64702832491486,-3.));
#1055=CARTESIAN_POINT('Origin',(-15.,8.,0.));
#1056=CARTESIAN_POINT('',(15.,8.,-20.));
#1057=CARTESIAN_POINT('',(15.,8.,0.));
#1058=CARTESIAN_POINT('',(-15.,8.,-20.));
#1059=CARTESIAN_POINT('',(15.,8.,-20.));
#1060=CARTESIAN_POINT('',(-15.,8.,0.));
#1061=CARTESIAN_POINT('Origin',(15.,8.,0.));
#1062=CARTESIAN_POINT('',(15.,-8.,-20.));
#1063=CARTESIAN_POINT('',(15.,-8.,0.));
#1064=CARTESIAN_POINT('',(15.,-8.,-20.));
#1065=CARTESIAN_POINT('Ctrl Pts',(-5.4878819152988,0.934666625683938,-2.69764358744819));
#1066=CARTESIAN_POINT('Ctrl Pts',(-5.40834201534434,1.36521445157491,-2.75485843259048));
#1067=CARTESIAN_POINT('Ctrl Pts',(-5.27844512847088,1.78568362193931,-2.81205744073048));
#1068=CARTESIAN_POINT('Ctrl Pts',(-4.8056971200872,2.84875624951302,-2.96458310516351));
#1069=CARTESIAN_POINT('Ctrl Pts',(-4.37951007782313,3.45163763731403,-3.05980094749969));
#1070=CARTESIAN_POINT('Ctrl Pts',(-3.33096808248605,4.44717178684029,-3.25037991140847));
#1071=CARTESIAN_POINT('Ctrl Pts',(-2.70980368126156,4.83879204403712,-3.34559904887496));
#1072=CARTESIAN_POINT('Ctrl Pts',(-1.36733617778946,5.35419308698609,-3.5361781037549));
#1073=CARTESIAN_POINT('Ctrl Pts',(-0.64750551799683,5.47746155681929,-3.63139764082038));
#1074=CARTESIAN_POINT('Ctrl Pts',(0.782143662772827,5.43979458369474,-3.82197728626777));
#1075=CARTESIAN_POINT('Ctrl Pts',(1.49041479677083,5.27894498831561,-3.917196948468));
#1076=CARTESIAN_POINT('Ctrl Pts',(2.78952170116241,4.69996121833039,-4.10777734660331));
#1077=CARTESIAN_POINT('Ctrl Pts',(3.37896541406435,4.28249623053123,-4.20299705290184));
#1078=CARTESIAN_POINT('Ctrl Pts',(4.35198633331171,3.25592833201496,-4.39357826359514));
#1079=CARTESIAN_POINT('Ctrl Pts',(4.73453638595434,2.64797404148694,-4.48879799163722));
#1080=CARTESIAN_POINT('Ctrl Pts',(5.23753864316583,1.33441602698055,-4.67938004409733));
#1081=CARTESIAN_POINT('Ctrl Pts',(5.35748299680956,0.6302637800045,-4.77459978936258));
#1082=CARTESIAN_POINT('Ctrl Pts',(5.31941853090852,-0.76793343688857,-4.9651827038084));
#1083=CARTESIAN_POINT('Ctrl Pts',(5.161496295357,-1.46044609491427,-5.06040246726417));
#1084=CARTESIAN_POINT('Ctrl Pts',(4.59417694313564,-2.73034188706635,-5.2509862614939));
#1085=CARTESIAN_POINT('Ctrl Pts',(4.18544533616569,-3.30634535708716,-5.3462060458512));
#1086=CARTESIAN_POINT('Ctrl Pts',(3.18082926174796,-4.25683948089964,-5.53679073724013));
#1087=CARTESIAN_POINT('Ctrl Pts',(2.58608571123325,-4.63031247860974,-5.63201054583438));
#1088=CARTESIAN_POINT('Ctrl Pts',(1.30142738537955,-5.12089910960055,-5.82259615194141));
#1089=CARTESIAN_POINT('Ctrl Pts',(0.612953474798586,-5.23751056113753,-5.9178159884009));
#1090=CARTESIAN_POINT('Ctrl Pts',(-0.753792663384394,-5.19903034659171,
-6.10840252716958));
#1091=CARTESIAN_POINT('Ctrl Pts',(-1.43054450701631,-5.04402640360568,-6.20362239530158));
#1092=CARTESIAN_POINT('Ctrl Pts',(-2.67122237975093,-4.48835439224926,-6.39420988513353));
#1093=CARTESIAN_POINT('Ctrl Pts',(-3.23378018686077,-4.08834832067751,-6.48942978891196));
#1094=CARTESIAN_POINT('Ctrl Pts',(-4.16173431268453,-3.10567080268764,-6.68001824869692));
#1095=CARTESIAN_POINT('Ctrl Pts',(-4.52612220271427,-2.52413265905292,-6.77523819224712));
#1096=CARTESIAN_POINT('Ctrl Pts',(-5.00427559013776,-1.26836673287283,-6.96582764138774));
#1097=CARTESIAN_POINT('Ctrl Pts',(-5.11754452573117,-0.595569260467347,
-7.06104762899752));
#1098=CARTESIAN_POINT('Ctrl Pts',(-5.0786291573348,0.739725778966468,-7.25163808741959));
#1099=CARTESIAN_POINT('Ctrl Pts',(-4.92653374288683,1.4007148563857,-7.34685812354564));
#1100=CARTESIAN_POINT('Ctrl Pts',(-4.38249084019633,2.61216723328991,-7.53744961172767));
#1101=CARTESIAN_POINT('Ctrl Pts',(-3.9912018909601,3.16127374424387,-7.63266970099253));
#1102=CARTESIAN_POINT('Ctrl Pts',(-3.03044874329461,4.06667365296084,-7.8232622399741));
#1103=CARTESIAN_POINT('Ctrl Pts',(-2.46211029358041,4.42196786605452,-7.91848238718727));
#1104=CARTESIAN_POINT('Ctrl Pts',(-1.23522896978063,4.88766912227688,-8.10907599859289));
#1105=CARTESIAN_POINT('Ctrl Pts',(-0.578105902572159,4.99758526333631,-8.204296208747));
#1106=CARTESIAN_POINT('Ctrl Pts',(0.725738012859525,4.95821395093436,-8.3948909148061));
#1107=CARTESIAN_POINT('Ctrl Pts',(1.37096223239909,4.80901661146758,-8.49011119309247));
#1108=CARTESIAN_POINT('Ctrl Pts',(2.55318099372385,4.27658328373579,-8.68070701664829));
#1109=CARTESIAN_POINT('Ctrl Pts',(3.08883017122011,3.89400244412324,-8.77592736848214));
#1110=CARTESIAN_POINT('Ctrl Pts',(3.97166062118294,2.95515846414927,-8.9665243329937));
#1111=CARTESIAN_POINT('Ctrl Pts',(4.31785197124786,2.40001358689687,-9.06174476405344));
#1112=CARTESIAN_POINT('Ctrl Pts',(4.77108084361837,1.20200850684054,-9.25234289355413));
#1113=CARTESIAN_POINT('Ctrl Pts',(4.87763316906724,0.560557669376772,-9.34756340993136));
#1114=CARTESIAN_POINT('Ctrl Pts',(4.83778361113636,-0.711835096617182,-9.53816272879851));
#1115=CARTESIAN_POINT('Ctrl Pts',(4.69147313825905,-1.34129220328537,-9.63338333746286));
#1116=CARTESIAN_POINT('Ctrl Pts',(4.17062841720298,-2.49426864988542,-9.82398386966297));
#1117=CARTESIAN_POINT('Ctrl Pts',(3.79674603447166,-3.01645398172093,-9.91920457995513));
#1118=CARTESIAN_POINT('Ctrl Pts',(2.87979487361093,-3.87669866495459,-10.1098063464524));
#1119=CARTESIAN_POINT('Ctrl Pts',(2.33783705930024,-4.21377718412012,-10.2050271750211));
#1120=CARTESIAN_POINT('Ctrl Pts',(1.16869914370444,-4.65451210589809,-10.3956301851742));
#1121=CARTESIAN_POINT('Ctrl Pts',(0.542918403094692,-4.75768843303705,-10.4908511722706));
#1122=CARTESIAN_POINT('Ctrl Pts',(-0.69802353570465,-4.71733727611087,-10.6814553953158));
#1123=CARTESIAN_POINT('Ctrl Pts',(-1.31171043761008,-4.5739004860844,-10.7766766586275));
#1124=CARTESIAN_POINT('Ctrl Pts',(-2.43543638513415,-4.0646238380135,-10.9672819293516));
#1125=CARTESIAN_POINT('Ctrl Pts',(-2.94414866562322,-3.69942576311886,-11.0625038424485));
#1126=CARTESIAN_POINT('Ctrl Pts',(-3.78179390637062,-2.80435647657376,-11.2531095461534));
#1127=CARTESIAN_POINT('Ctrl Pts',(-4.10974160906053,-2.2755659786322,-11.3483333711602));
#1128=CARTESIAN_POINT('Ctrl Pts',(-4.53838815846041,-1.13420094682338,-11.5391223690176));
#1129=CARTESIAN_POINT('Ctrl Pts',(-4.63812188668352,-0.522849087166228,
-11.6345252697952));
#1130=CARTESIAN_POINT('Ctrl Pts',(-4.61719950608896,0.083056398727497,-11.730016333661));
#1131=CARTESIAN_POINT('Ctrl Pts',(-4.62844851774877,0.809900519940937,-2.5154897747651));
#1132=CARTESIAN_POINT('Ctrl Pts',(-4.5587286594463,1.17290404860849,-2.57271068432429));
#1133=CARTESIAN_POINT('Ctrl Pts',(-4.44657188629645,1.52698227797808,-2.62991460571932));
#1134=CARTESIAN_POINT('Ctrl Pts',(-4.04127595235129,2.42112713207221,-2.78246610424143));
#1135=CARTESIAN_POINT('Ctrl Pts',(-3.67819332393018,2.92688720081047,-2.87768801988612));
#1136=CARTESIAN_POINT('Ctrl Pts',(-2.78826736212242,3.75964056212569,-3.06830024770555));
#1137=CARTESIAN_POINT('Ctrl Pts',(-2.2625599250386,4.08566641841439,-3.16352373715069));
#1138=CARTESIAN_POINT('Ctrl Pts',(-1.12891447349596,4.51134323297398,-3.3541370154857));
#1139=CARTESIAN_POINT('Ctrl Pts',(-0.522372728052224,4.61052181985212,-3.44936121353184));
#1140=CARTESIAN_POINT('Ctrl Pts',(0.680013753018879,4.56983576150298,-3.63997608076593));
#1141=CARTESIAN_POINT('Ctrl Pts',(1.27439696569148,4.43006503123544,-3.73520073143243));
#1142=CARTESIAN_POINT('Ctrl Pts',(2.36237030563093,3.93522647212739,-3.92581739324323));
#1143=CARTESIAN_POINT('Ctrl Pts',(2.85465085273209,3.580802615064,-4.02104243396459));
#1144=CARTESIAN_POINT('Ctrl Pts',(3.66478302261103,2.71274469150214,-4.21166099684476));
#1145=CARTESIAN_POINT('Ctrl Pts',(3.98167409818978,2.20020453455989,-4.30688642458297));
#1146=CARTESIAN_POINT('Ctrl Pts',(4.39480903351068,1.09541049008992,-4.49750696724932));
#1147=CARTESIAN_POINT('Ctrl Pts',(4.49058573029574,0.504532159458136,-4.59273279792453));
#1148=CARTESIAN_POINT('Ctrl Pts',(4.44934453818513,-0.666401266575826,-4.783355393073));
#1149=CARTESIAN_POINT('Ctrl Pts',(4.3124218925374,-1.24500968812128,-4.87858164936731));
#1150=CARTESIAN_POINT('Ctrl Pts',(3.82909945766951,-2.30370924374141,-5.06920637041612));
#1151=CARTESIAN_POINT('Ctrl Pts',(3.48334054812947,-2.78250312497928,-5.16443307813823));
#1152=CARTESIAN_POINT('Ctrl Pts',(2.63711902981479,-3.56999133753308,-5.35506000143774));
#1153=CARTESIAN_POINT('Ctrl Pts',(2.13774318787931,-3.87773476060702,-5.4502871885144));
#1154=CARTESIAN_POINT('Ctrl Pts',(1.06178574434101,-4.27829830931843,-5.64091639418523));
#1155=CARTESIAN_POINT('Ctrl Pts',(0.486569556994607,-4.37065728719354,-5.7361440904434));
#1156=CARTESIAN_POINT('Ctrl Pts',(-0.652911373039153,-4.32882859612207,
-5.92677566283874));
#1157=CARTESIAN_POINT('Ctrl Pts',(-1.21574106252018,-4.19473781926394,-6.02200390000536));
#1158=CARTESIAN_POINT('Ctrl Pts',(-2.24515410456918,-3.72290109764109,-6.21263792806124));
#1159=CARTESIAN_POINT('Ctrl Pts',(-2.71045155602172,-3.38579312254146,-6.30786673988689));
#1160=CARTESIAN_POINT('Ctrl Pts',(-3.4752716746812,-2.56138437274717,-6.49850331745356));
#1161=CARTESIAN_POINT('Ctrl Pts',(-3.77385281249563,-2.07516335729521,-6.59373273983144));
#1162=CARTESIAN_POINT('Ctrl Pts',(-4.16181282135568,-1.02802967135611,-6.78437196602609));
#1163=CARTESIAN_POINT('Ctrl Pts',(-4.25073654670394,-0.468472375691061,
-6.87960203715778));
#1164=CARTESIAN_POINT('Ctrl Pts',(-4.20828488664363,0.639555572515477,-7.07024401672447));
#1165=CARTESIAN_POINT('Ctrl Pts',(-4.07700812471907,1.18660272834346,-7.1654747772914));
#1166=CARTESIAN_POINT('Ctrl Pts',(-3.61662374477127,2.18671486398791,-7.35611962101684));
#1167=CARTESIAN_POINT('Ctrl Pts',(-3.28815130723778,2.63850527842432,-7.45135111435132));
#1168=CARTESIAN_POINT('Ctrl Pts',(-2.48552940007034,3.38063057240273,-7.64199893948495));
#1169=CARTESIAN_POINT('Ctrl Pts',(-2.01245280800822,3.67003333751094,-7.73723121179052));
#1170=CARTESIAN_POINT('Ctrl Pts',(-0.994128846019329,4.04535431708583,-7.92788214251783));
#1171=CARTESIAN_POINT('Ctrl Pts',(-0.450226917707947,4.13082347299111,-8.02311524307157));
#1172=CARTESIAN_POINT('Ctrl Pts',(0.626347381735522,4.08770972847481,-8.21376941102185));
#1173=CARTESIAN_POINT('Ctrl Pts',(1.15760774536125,3.95922730642335,-8.30900339241981));
#1174=CARTESIAN_POINT('Ctrl Pts',(2.12840295889978,3.51025849201,-8.49966093720132));
#1175=CARTESIAN_POINT('Ctrl Pts',(2.56667456445274,3.19040463458625,-8.59489585563485));
#1176=CARTESIAN_POINT('Ctrl Pts',(3.28607539458499,2.409541039856,-8.78555692540924));
#1177=CARTESIAN_POINT('Ctrl Pts',(3.5662819639402,1.94959744171941,-8.8807928409761));
#1178=CARTESIAN_POINT('Ctrl Pts',(3.9289246054765,0.96006784188429,-9.07145759303071));
#1179=CARTESIAN_POINT('Ctrl Pts',(4.01091780724572,0.43181747096453,-9.1666945702005));
#1180=CARTESIAN_POINT('Ctrl Pts',(3.96709868107987,-0.613302259792841,-9.35736317135536));
#1181=CARTESIAN_POINT('Ctrl Pts',(3.84138883649722,-1.12877101204583,-9.45260127982392));
#1182=CARTESIAN_POINT('Ctrl Pts',(3.40379491016857,-2.07023138696735,-9.64327390629558));
#1183=CARTESIAN_POINT('Ctrl Pts',(3.09254091447254,-2.49497101587437,-9.73851322304553));
#1184=CARTESIAN_POINT('Ctrl Pts',(2.33340411687502,-3.19161440958779,-9.92919005826551));
#1185=CARTESIAN_POINT('Ctrl Pts',(1.88658099058361,-3.46260483731308,-10.0244306736226));
#1186=CARTESIAN_POINT('Ctrl Pts',(0.925828816616675,-3.81252559702932,-10.2151118992025));
#1187=CARTESIAN_POINT('Ctrl Pts',(0.413226104905779,-3.89101871663578,-10.310353935993));
#1188=CARTESIAN_POINT('Ctrl Pts',(-0.600438130532689,-3.84644671699588,
-10.5010396998619));
#1189=CARTESIAN_POINT('Ctrl Pts',(-1.10010908647689,-3.72348411540264,-10.5962833757955));
#1190=CARTESIAN_POINT('Ctrl Pts',(-2.01221563096386,-3.29722199617017,-10.7869736846997));
#1191=CARTESIAN_POINT('Ctrl Pts',(-2.42340621961242,-2.99454325178489,-10.882219518151));
#1192=CARTESIAN_POINT('Ctrl Pts',(-3.09725923848134,-2.25710518705912,-11.0729138763775));
#1193=CARTESIAN_POINT('Ctrl Pts',(-3.35900367514847,-1.82337569421991,-11.1681634141098));
#1194=CARTESIAN_POINT('Ctrl Pts',(-3.69649469971891,-0.890500687110715,
-11.3590446497902));
#1195=CARTESIAN_POINT('Ctrl Pts',(-3.77139871243508,-0.392517452988053,
-11.4544794208155));
#1196=CARTESIAN_POINT('Ctrl Pts',(-3.74831051490449,0.0994991485615134,
-11.5500134087632));
#1197=CARTESIAN_POINT('Ctrl Pts',(-3.76896402984153,0.686381618367827,-2.3326543836686));
#1198=CARTESIAN_POINT('Ctrl Pts',(-3.70896933497974,0.981829419048884,-2.38987190870839));
#1199=CARTESIAN_POINT('Ctrl Pts',(-3.61446008281125,1.26949442851124,-2.44707126150291));
#1200=CARTESIAN_POINT('Ctrl Pts',(-3.2763819889254,1.99462531281895,-2.59962272462234));
#1201=CARTESIAN_POINT('Ctrl Pts',(-2.97627081305251,2.40318244134745,-2.69483212490667));
#1202=CARTESIAN_POINT('Ctrl Pts',(-2.24473936759078,3.07295198069067,-2.88544327659331));
#1203=CARTESIAN_POINT('Ctrl Pts',(-1.81440020927727,3.33326241973625,-2.98065362142136));
#1204=CARTESIAN_POINT('Ctrl Pts',(-0.889453808349487,3.66895422573183,-3.17126465895536));
#1205=CARTESIAN_POINT('Ctrl Pts',(-0.396166171000799,3.74390358791569,-3.26647505513443));
#1206=CARTESIAN_POINT('Ctrl Pts',(0.578972326891499,3.69992352668444,-3.4570864220833));
#1207=CARTESIAN_POINT('Ctrl Pts',(1.05944823943232,3.58109626809948,-3.55229657224945));
#1208=CARTESIAN_POINT('Ctrl Pts',(1.9362026427594,3.17015587663142,-3.7429083754916));
#1209=CARTESIAN_POINT('Ctrl Pts',(2.33125479470777,2.87866132800907,-3.8381181712905));
#1210=CARTESIAN_POINT('Ctrl Pts',(2.97833611808389,2.16892768434372,-4.02873041204406));
#1211=CARTESIAN_POINT('Ctrl Pts',(3.22947198176974,1.75172725091745,-4.12393980095376));
#1212=CARTESIAN_POINT('Ctrl Pts',(3.55253398287643,0.855592762447924,-4.31455244517521));
#1213=CARTESIAN_POINT('Ctrl Pts',(3.62403397784638,0.3779575243133,-4.40976138994144));
#1214=CARTESIAN_POINT('Ctrl Pts',(3.57940322981275,-0.565731068280439,-4.60037438935056));
#1215=CARTESIAN_POINT('Ctrl Pts',(3.46337630240685,-1.03042433156118,-4.69558285559424));
#1216=CARTESIAN_POINT('Ctrl Pts',(3.06386325983909,-1.87787186163529,-4.88619615373491));
#1217=CARTESIAN_POINT('Ctrl Pts',(2.78099284915602,-2.25941215128992,-4.98140410603824));
#1218=CARTESIAN_POINT('Ctrl Pts',(2.09302676777583,-2.88378584889564,-5.17201763978298));
#1219=CARTESIAN_POINT('Ctrl Pts',(1.68896276839865,-3.12573566777248,-5.2672250403647));
#1220=CARTESIAN_POINT('Ctrl Pts',(0.821625813486339,-3.43614224559964,-5.45783873999506));
#1221=CARTESIAN_POINT('Ctrl Pts',(0.359641629562388,-3.50417899259686,-5.55304554814294));
#1222=CARTESIAN_POINT('Ctrl Pts',(-0.552598699534199,-3.45886940803091,
-5.74365933699837));
#1223=CARTESIAN_POINT('Ctrl Pts',(-1.00150633310641,-3.34562867147826,-5.83886550868364));
#1224=CARTESIAN_POINT('Ctrl Pts',(-1.81963714417278,-2.95751651358114,-6.02947930262855));
#1225=CARTESIAN_POINT('Ctrl Pts',(-2.18765770694251,-2.68325801060203,-6.12468479021783));
#1226=CARTESIAN_POINT('Ctrl Pts',(-2.78930430210602,-2.01703874875705,-6.3152984970141));
#1227=CARTESIAN_POINT('Ctrl Pts',(-3.02205617475718,-1.62610275305096,-6.4105032489352));
#1228=CARTESIAN_POINT('Ctrl Pts',(-3.31978121939821,-0.787551525153813,
-6.6011167675572));
#1229=CARTESIAN_POINT('Ctrl Pts',(-3.38434045464364,-0.341215090105818,
-6.69632072797655));
#1230=CARTESIAN_POINT('Ctrl Pts',(-3.33832322660475,0.539577960071515,-6.88693394784115));
#1231=CARTESIAN_POINT('Ctrl Pts',(-3.22785416741655,0.972697590436631,-6.98213705630438));
#1232=CARTESIAN_POINT('Ctrl Pts',(-2.85111574024655,1.7615015929541,-7.17274985646242));
#1233=CARTESIAN_POINT('Ctrl Pts',(-2.58545656897809,2.11599468431223,-7.26795204748492));
#1234=CARTESIAN_POINT('Ctrl Pts',(-1.94096274915858,2.69489444671694,-7.45856429571074));
#1235=CARTESIAN_POINT('Ctrl Pts',(-1.56314603158622,2.91843638620533,-7.55376549837234));
#1236=CARTESIAN_POINT('Ctrl Pts',(-0.753368196892647,3.2034534359434,-7.7443770501891));
#1237=CARTESIAN_POINT('Ctrl Pts',(-0.322675975759877,3.26452071097858,-7.83957718765122));
#1238=CARTESIAN_POINT('Ctrl Pts',(0.526671177577678,3.21776659211811,-8.03018788526652));
#1239=CARTESIAN_POINT('Ctrl Pts',(0.944000591224297,3.11005446244649,-8.12538687427373));
#1240=CARTESIAN_POINT('Ctrl Pts',(1.70346796240262,2.7446621149798,-8.31599654540536));
#1241=CARTESIAN_POINT('Ctrl Pts',(2.04442593305383,2.48758944145602,-8.41119429575203));
#1242=CARTESIAN_POINT('Ctrl Pts',(2.60055927735836,1.86479915454286,-8.60180275234033));
#1243=CARTESIAN_POINT('Ctrl Pts',(2.81487933419604,1.50009272096534,-8.69699916629895));
#1244=CARTESIAN_POINT('Ctrl Pts',(3.08716195732997,0.719075389236097,-8.88760620305499));
#1245=CARTESIAN_POINT('Ctrl Pts',(3.14472280671801,0.304023572375182,-8.98280117488139));
#1246=CARTESIAN_POINT('Ctrl Pts',(3.09720245857724,-0.513879646957128,-9.17340656748792));
#1247=CARTESIAN_POINT('Ctrl Pts',(2.99223243705936,-0.915416906032507,-9.26859998322696));
#1248=CARTESIAN_POINT('Ctrl Pts',(2.63815827789567,-1.64553842935316,-9.45920348580577));
#1249=CARTESIAN_POINT('Ctrl Pts',(2.38965913420587,-1.97295388528881,-9.55439522420186));
#1250=CARTESIAN_POINT('Ctrl Pts',(1.78855003035474,-2.50630186012754,-9.74499656452958));
#1251=CARTESIAN_POINT('Ctrl Pts',(1.43694470615687,-2.71138825129702,-9.84018650181465));
#1252=CARTESIAN_POINT('Ctrl Pts',(0.684674253637771,-2.97091071286424,-10.030785369479));
#1253=CARTESIAN_POINT('Ctrl Pts',(0.285258897778797,-3.02495054703004,-10.1259733970888));
#1254=CARTESIAN_POINT('Ctrl Pts',(-0.501203582682285,-2.97663559920127,
-10.3165694086677));
#1255=CARTESIAN_POINT('Ctrl Pts',(-0.886946479227603,-2.87439184387168,
-10.4117554938669));
#1256=CARTESIAN_POINT('Ctrl Pts',(-1.58771527264344,-2.53161008672966,-10.6023480825263));
#1257=CARTESIAN_POINT('Ctrl Pts',(-1.90157894039291,-2.29166768750365,-10.6975324716068));
#1258=CARTESIAN_POINT('Ctrl Pts',(-2.41212802375939,-1.71222378303822,-10.8881205240376));
#1259=CARTESIAN_POINT('Ctrl Pts',(-2.60796150099354,-1.37369744468962,-10.9833044612081));
#1260=CARTESIAN_POINT('Ctrl Pts',(-2.85495315079602,-0.649479536715333,
-11.1740700561616));
#1261=CARTESIAN_POINT('Ctrl Pts',(-2.90538744429568,-0.264885962252782,
-11.269438938465));
#1262=CARTESIAN_POINT('Ctrl Pts',(-2.88050494989591,0.113288725930388,-11.3649038675166));
#1263=CARTESIAN_POINT('Ctrl Pts',(-2.90457322525641,0.584159481595737,-2.15699489072858));
#1264=CARTESIAN_POINT('Ctrl Pts',(-2.85260205641092,0.811770913817201,-2.21425556257654));
#1265=CARTESIAN_POINT('Ctrl Pts',(-2.7740623843544,1.03253616412385,-2.27149490124279));
#1266=CARTESIAN_POINT('Ctrl Pts',(-2.49889951106354,1.58684079384681,-2.42419477916446));
#1267=CARTESIAN_POINT('Ctrl Pts',(-2.25927462056455,1.89651067993382,-2.51945693725941));
#1268=CARTESIAN_POINT('Ctrl Pts',(-1.68193612691245,2.39904044556388,-2.71026041446444));
#1269=CARTESIAN_POINT('Ctrl Pts',(-1.34527162528172,2.59106505698015,-2.80552595708472));
#1270=CARTESIAN_POINT('Ctrl Pts',(-0.626715590025109,2.83109031041268,-2.99633626269964));
#1271=CARTESIAN_POINT('Ctrl Pts',(-0.246086558392128,2.87871048959661,-3.09160446346542));
#1272=CARTESIAN_POINT('Ctrl Pts',(0.501760086190648,2.82514666664586,-3.28242236073161));
#1273=CARTESIAN_POINT('Ctrl Pts',(0.867675613155981,2.72409171167418,-3.37769305576312));
#1274=CARTESIAN_POINT('Ctrl Pts',(1.53069899008809,2.39110629247545,-3.56851899121924));
#1275=CARTESIAN_POINT('Ctrl Pts',(1.8266581742807,2.1597922281784,-3.6637922135699));
#1276=CARTESIAN_POINT('Ctrl Pts',(2.30597281541868,1.60373673551246,-3.85462654684221));
#1277=CARTESIAN_POINT('Ctrl Pts',(2.48850607420752,1.28000300566765,-3.94990239396905));
#1278=CARTESIAN_POINT('Ctrl Pts',(2.71519892866959,0.589976659159785,-4.14074546960459));
#1279=CARTESIAN_POINT('Ctrl Pts',(2.75898664622449,0.224927705638004,-4.23602406322794));
#1280=CARTESIAN_POINT('Ctrl Pts',(2.70399372253989,-0.491460629086481,-4.42687623311334));
#1281=CARTESIAN_POINT('Ctrl Pts',(2.60534656369063,-0.8415111729876,-4.52215770740442));
#1282=CARTESIAN_POINT('Ctrl Pts',(2.28305225713387,-1.47491308486519,-4.71301933828243));
#1283=CARTESIAN_POINT('Ctrl Pts',(2.06002174311938,-1.75712746618972,-4.80830383656872));
#1284=CARTESIAN_POINT('Ctrl Pts',(1.52515813066883,-2.21314539951047,-4.99917531308541));
#1285=CARTESIAN_POINT('Ctrl Pts',(1.21432892496358,-2.38613697638805,-5.09446298723935));
#1286=CARTESIAN_POINT('Ctrl Pts',(0.552785114678868,-2.59938754454962,-5.28534471365445));
#1287=CARTESIAN_POINT('Ctrl Pts',(0.20330694827288,-2.6392825055303,-5.38063572428869));
#1288=CARTESIAN_POINT('Ctrl Pts',(-0.48162235255427,-2.58273844242772,-5.5715281259223));
#1289=CARTESIAN_POINT('Ctrl Pts',(-0.815794224567909,-2.48643742661776,
-5.66682264278506));
#1290=CARTESIAN_POINT('Ctrl Pts',(-1.41952514305643,-2.17471873629023,-5.8577261673823));
#1291=CARTESIAN_POINT('Ctrl Pts',(-1.68795774250742,-1.95991831996483,-5.9530243699784));
#1292=CARTESIAN_POINT('Ctrl Pts',(-2.12058603069833,-1.44615632841197,-6.14393948914044));
#1293=CARTESIAN_POINT('Ctrl Pts',(-2.28397974057623,-1.14819531580933,-6.23924156731241));
#1294=CARTESIAN_POINT('Ctrl Pts',(-2.48366384859571,-0.515084859467972,
-6.4301687780335));
#1295=CARTESIAN_POINT('Ctrl Pts',(-2.51959825091556,-0.181165067404398,
-6.52547493267227));
#1296=CARTESIAN_POINT('Ctrl Pts',(-2.46136537426177,0.472302961484151,-6.71641475893846));
#1297=CARTESIAN_POINT('Ctrl Pts',(-2.36734104630075,0.790581198800844,-6.81172520272855));
#1298=CARTESIAN_POINT('Ctrl Pts',(-2.0660677406792,1.36458458390882,-7.00267819730244));
#1299=CARTESIAN_POINT('Ctrl Pts',(-1.85943718793342,1.61919370252653,-7.0979931554757));
#1300=CARTESIAN_POINT('Ctrl Pts',(-1.3666751153899,2.02832700738275,-7.28895990174665));
#1301=CARTESIAN_POINT('Ctrl Pts',(-1.08154140010801,2.18205931334057,-7.38427961299262));
#1302=CARTESIAN_POINT('Ctrl Pts',(-0.476809053963513,2.36803638304127,-7.57526072699826));
#1303=CARTESIAN_POINT('Ctrl Pts',(-0.158433794882563,2.39993351168971,-7.67058544434323));
#1304=CARTESIAN_POINT('Ctrl Pts',(0.463570000944222,2.33985600064357,-7.86158157694894));
#1305=CARTESIAN_POINT('Ctrl Pts',(0.765937447128758,2.24802976874238,-7.95691156876696));
#1306=CARTESIAN_POINT('Ctrl Pts',(1.31014881873088,1.95705449135478,-8.14792340796644));
#1307=CARTESIAN_POINT('Ctrl Pts',(1.55088700009067,1.75852566923574,-8.24325895908632));
#1308=CARTESIAN_POINT('Ctrl Pts',(1.93640551606196,1.28664854575663,-8.43428723248883));
#1309=CARTESIAN_POINT('Ctrl Pts',(2.08040419577585,1.01429594823847,-8.52962864538299));
#1310=CARTESIAN_POINT('Ctrl Pts',(2.25251445020935,0.437879510329949,-8.72067412280615));
#1311=CARTESIAN_POINT('Ctrl Pts',(2.28028713664767,0.135033343547463,-8.81602171909613));
#1312=CARTESIAN_POINT('Ctrl Pts',(2.21818794547811,-0.45550226605977,-9.00708521500759));
#1313=CARTESIAN_POINT('Ctrl Pts',(2.12847054001819,-0.741939110825509,-9.10243933764826));
#1314=CARTESIAN_POINT('Ctrl Pts',(1.84762593524752,-1.25628455674647,-9.29352171289054));
#1315=CARTESIAN_POINT('Ctrl Pts',(1.65712152566126,-1.48309749211624,-9.3888827302935));
#1316=CARTESIAN_POINT('Ctrl Pts',(1.2059989235978,-1.84486439521905,-9.57998489074229));
#1317=CARTESIAN_POINT('Ctrl Pts',(0.946375218339276,-1.97904686783552,-9.67535320728384));
#1318=CARTESIAN_POINT('Ctrl Pts',(0.398204386807332,-2.1371081531323,-9.86647609181861));
#1319=CARTESIAN_POINT('Ctrl Pts',(0.110870330854031,-2.16065653381556,-9.96185217910969));
#1320=CARTESIAN_POINT('Ctrl Pts',(-0.448192165381275,-2.09633442258062,
-10.1529967117324));
#1321=CARTESIAN_POINT('Ctrl Pts',(-0.718674594957694,-2.00862270242577,
-10.2483812081842));
#1322=CARTESIAN_POINT('Ctrl Pts',(-1.20307025886294,-1.73772039528897,-10.4395481309449));
#1323=CARTESIAN_POINT('Ctrl Pts',(-1.41589291997257,-1.55514787126515,-10.5349421675538));
#1324=CARTESIAN_POINT('Ctrl Pts',(-1.7537556876448,-1.12463925682987,-10.7261314742775));
#1325=CARTESIAN_POINT('Ctrl Pts',(-1.8780186220433,-0.877670221241427,-10.821537809046));
#1326=CARTESIAN_POINT('Ctrl Pts',(-2.02197707808597,-0.357187205243273,
-11.0129323078499));
#1327=CARTESIAN_POINT('Ctrl Pts',(-2.04109359103857,-0.0847466426194932,
-11.1085457825138));
#1328=CARTESIAN_POINT('Ctrl Pts',(-2.00746404572236,0.179453499951535,-11.2043279625387));
#1329=CARTESIAN_POINT('',(-4.61873767813362,0.0148309169180653,-11.7192017667848));
#1330=CARTESIAN_POINT('Ctrl Pts',(-4.61873767810053,0.0148309177293124,
-11.7192014094681));
#1331=CARTESIAN_POINT('Ctrl Pts',(-4.6187605345877,0.0135999491167518,-11.7190072433637));
#1332=CARTESIAN_POINT('Ctrl Pts',(-4.61878150757614,0.0124724090239112,
-11.7188169045572));
#1333=CARTESIAN_POINT('Ctrl Pts',(-4.61880290226867,0.0113197208087079,
-11.7186302697973));
#1334=CARTESIAN_POINT('Ctrl Pts',(-4.61881565548763,0.0106326118361805,
-11.7185190181888));
#1335=CARTESIAN_POINT('Ctrl Pts',(-4.61882853738272,0.00993774904709546,
-11.718409082726));
#1336=CARTESIAN_POINT('Ctrl Pts',(-4.61884188315984,0.00921644573332493,
-11.7183004373034));
#1337=CARTESIAN_POINT('Ctrl Pts',(-4.61887149431761,0.00761604239635744,
-11.7180593785234));
#1338=CARTESIAN_POINT('Ctrl Pts',(-4.61889878608166,0.00609495247365828,
-11.7178246706821));
#1339=CARTESIAN_POINT('Ctrl Pts',(-4.61892417313691,0.00464275883707536,
-11.7175960285887));
#1340=CARTESIAN_POINT('Ctrl Pts',(-4.61898019711468,0.00143806797350204,
-11.7170914627998));
#1341=CARTESIAN_POINT('Ctrl Pts',(-4.61902955535387,-0.00158062956630768,
-11.7166164370412));
#1342=CARTESIAN_POINT('Ctrl Pts',(-4.61907359538918,-0.00442940272127579,
-11.7161678878908));
#1343=CARTESIAN_POINT('Ctrl Pts',(-4.62093248845329,-0.124673735448891,
-11.6972350033293));
#1344=CARTESIAN_POINT('Ctrl Pts',(-4.61796341362545,-0.244973680682471,
-11.6783145449978));
#1345=CARTESIAN_POINT('Ctrl Pts',(-4.61031392243415,-0.36497002568791,-11.659404986737));
#1346=CARTESIAN_POINT('Ctrl Pts',(-4.60241528694254,-0.488874657488883,
-11.6398795432435));
#1347=CARTESIAN_POINT('Ctrl Pts',(-4.58952652853639,-0.612456336576419,
-11.6203657218258));
#1348=CARTESIAN_POINT('Ctrl Pts',(-4.57175889868554,-0.735341137458241,
-11.6008618612868));
#1349=CARTESIAN_POINT('Ctrl Pts',(-4.56371667335536,-0.790962920816091,
-11.5920337597009));
#1350=CARTESIAN_POINT('Ctrl Pts',(-4.55467418479864,-0.846442146092306,
-11.5832076990852));
#1351=CARTESIAN_POINT('Ctrl Pts',(-4.54463835127368,-0.901744869003464,
-11.5743835262491));
#1352=CARTESIAN_POINT('Ctrl Pts',(-4.52088168994269,-1.03265657211355,-11.5534950883259));
#1353=CARTESIAN_POINT('Ctrl Pts',(-4.49156429197204,-1.16256751445183,-11.5326218104561));
#1354=CARTESIAN_POINT('Ctrl Pts',(-4.45674736172808,-1.29099423101274,-11.5117623248355));
#1355=CARTESIAN_POINT('Ctrl Pts',(-4.42218365023293,-1.41848691771364,-11.4910545473871));
#1356=CARTESIAN_POINT('Ctrl Pts',(-4.38219995440085,-1.54451783608447,-11.4703603628634));
#1357=CARTESIAN_POINT('Ctrl Pts',(-4.33680601980619,-1.66860553658409,-11.4496784346993));
#1358=CARTESIAN_POINT('Ctrl Pts',(-4.32443382545975,-1.70242585113256,-11.4440415398809));
#1359=CARTESIAN_POINT('Ctrl Pts',(-4.31165945270513,-1.73610172088512,-11.4384055555016));
#1360=CARTESIAN_POINT('Ctrl Pts',(-4.29848246857183,-1.76962314618618,-11.4327704544374));
#1361=CARTESIAN_POINT('Ctrl Pts',(-4.29648851389689,-1.77469564244282,-11.4319177451985));
#1362=CARTESIAN_POINT('Ctrl Pts',(-4.29448550667256,-1.77976484023963,-11.4310650571442));
#1363=CARTESIAN_POINT('Ctrl Pts',(-4.29247345633629,-1.78483072122313,-11.4302123902065));
#1364=CARTESIAN_POINT('Ctrl Pts',(-4.20722084336605,-1.99947723530623,-11.3940840274465));
#1365=CARTESIAN_POINT('Ctrl Pts',(-4.10591997084723,-2.20768837281204,-11.3579990813028));
#1366=CARTESIAN_POINT('Ctrl Pts',(-3.98984128139223,-2.40734794136851,-11.3219490103736));
#1367=CARTESIAN_POINT('Ctrl Pts',(-3.95388621837926,-2.46919195771891,-11.3107825975034));
#1368=CARTESIAN_POINT('Ctrl Pts',(-3.91651355278221,-2.53021579838915,-11.29961953068));
#1369=CARTESIAN_POINT('Ctrl Pts',(-3.87776162318713,-2.59035742643639,-11.2884595560682));
#1370=CARTESIAN_POINT('Ctrl Pts',(-3.75626561440566,-2.77891494720268,-11.2534705274544));
#1371=CARTESIAN_POINT('Ctrl Pts',(-3.62124233172734,-2.95874898668903,-11.2185200595009));
#1372=CARTESIAN_POINT('Ctrl Pts',(-3.47389228030603,-3.12800747618402,-11.1836030976682));
#1373=CARTESIAN_POINT('Ctrl Pts',(-3.42239098218089,-3.18716613845534,-11.1713990377196));
#1374=CARTESIAN_POINT('Ctrl Pts',(-3.36938389126311,-3.24503332131984,-11.1591990709423));
#1375=CARTESIAN_POINT('Ctrl Pts',(-3.31492244518492,-3.30153146802161,-11.1470029815194));
#1376=CARTESIAN_POINT('Ctrl Pts',(-3.31088867756792,-3.30571608688499,-11.1460996601038));
#1377=CARTESIAN_POINT('Ctrl Pts',(-3.30684726256455,-3.30989292851869,-11.1451963599587));
#1378=CARTESIAN_POINT('Ctrl Pts',(-3.30279823164907,-3.31406197230297,-11.1442930809965));
#1379=CARTESIAN_POINT('Ctrl Pts',(-3.16840847781755,-3.45243502491178,-11.1143127128779));
#1380=CARTESIAN_POINT('Ctrl Pts',(-3.02542889090838,-3.58241758247727,-11.0843620645076));
#1381=CARTESIAN_POINT('Ctrl Pts',(-2.87500138236802,-3.70315094854627,-11.0544362821284));
#1382=CARTESIAN_POINT('Ctrl Pts',(-2.78802893054531,-3.7729551815999,-11.0371341364538));
#1383=CARTESIAN_POINT('Ctrl Pts',(-2.69856745055476,-3.83966832236279,-11.019840302954));
#1384=CARTESIAN_POINT('Ctrl Pts',(-2.60684197565734,-3.90313108633872,-11.0025538435459));
#1385=CARTESIAN_POINT('Ctrl Pts',(-2.43839473311909,-4.01967589144935,-10.9708085031832));
#1386=CARTESIAN_POINT('Ctrl Pts',(-2.26235263533496,-4.12522857045549,-10.9390941030472));
#1387=CARTESIAN_POINT('Ctrl Pts',(-2.08009348912146,-4.21888514461588,-10.907406771062));
#1388=CARTESIAN_POINT('Ctrl Pts',(-1.9916107457162,-4.26435331887114,-10.8920232793499));
#1389=CARTESIAN_POINT('Ctrl Pts',(-1.90166277707987,-4.30701846476577,-10.8766461672911));
#1390=CARTESIAN_POINT('Ctrl Pts',(-1.810407221654,-4.34678164020213,-10.8612749918368));
#1391=CARTESIAN_POINT('Ctrl Pts',(-1.80473263815115,-4.34925425086456,-10.8603191594139));
#1392=CARTESIAN_POINT('Ctrl Pts',(-1.79905348805617,-4.35171543910671,-10.8593633499464));
#1393=CARTESIAN_POINT('Ctrl Pts',(-1.79336981659404,-4.35416519676926,-10.858407563328));
#1394=CARTESIAN_POINT('Ctrl Pts',(-1.61767891297113,-4.4298909209352,-10.8288627495962));
#1395=CARTESIAN_POINT('Ctrl Pts',(-1.43736982031782,-4.49481816153195,-10.7993466281001));
#1396=CARTESIAN_POINT('Ctrl Pts',(-1.25377823357615,-4.54860549313555,-10.7698545778688));
#1397=CARTESIAN_POINT('Ctrl Pts',(-1.14339234125716,-4.58094555130431,-10.752122249613));
#1398=CARTESIAN_POINT('Ctrl Pts',(-1.03182015645741,-4.60925935100412,-10.7343986233858));
#1399=CARTESIAN_POINT('Ctrl Pts',(-0.919353766161629,-4.63348158758285,
-10.7166826947665));
#1400=CARTESIAN_POINT('Ctrl Pts',(-0.717606838998044,-4.67693245131144,
-10.6849031190959));
#1401=CARTESIAN_POINT('Ctrl Pts',(-0.513029686355314,-4.70720522561899,
-10.6531538492671));
#1402=CARTESIAN_POINT('Ctrl Pts',(-0.307254170291888,-4.72399572094899,
-10.6214309282081));
#1403=CARTESIAN_POINT('Ctrl Pts',(-0.208060093554918,-4.7320895783431,-10.6061388957737));
#1404=CARTESIAN_POINT('Ctrl Pts',(-0.108587321214689,-4.73705123652029,
-10.5908529860596));
#1405=CARTESIAN_POINT('Ctrl Pts',(-0.00901694508757744,-4.73885066670371,
-10.5755727558145));
#1406=CARTESIAN_POINT('Ctrl Pts',(-0.00246458690879201,-4.73896908054866,
-10.574567220378));
#1407=CARTESIAN_POINT('Ctrl Pts',(0.00408760171757276,-4.73907379165454,
-10.5735617095363));
#1408=CARTESIAN_POINT('Ctrl Pts',(0.0106395681899434,-4.73916481150686,
-10.572556223163));
#1409=CARTESIAN_POINT('Ctrl Pts',(0.202813346552074,-4.74183448770251,-10.5430646016388));
#1410=CARTESIAN_POINT('Ctrl Pts',(0.395117276363611,-4.73272583760072,-10.5136014017371));
#1411=CARTESIAN_POINT('Ctrl Pts',(0.586184922412041,-4.71203655149579,-10.4841620499517));
#1412=CARTESIAN_POINT('Ctrl Pts',(0.70158225110256,-4.69954103800411,-10.4663818416084));
#1413=CARTESIAN_POINT('Ctrl Pts',(0.816528644885547,-4.68282228868044,-10.4486103323043));
#1414=CARTESIAN_POINT('Ctrl Pts',(0.930724890528518,-4.66193289271041,-10.4308465144697));
#1415=CARTESIAN_POINT('Ctrl Pts',(1.13626043944848,-4.62433521650721,-10.3988743946423));
#1416=CARTESIAN_POINT('Ctrl Pts',(1.33931898111605,-4.57323383382584,-10.3669323406686));
#1417=CARTESIAN_POINT('Ctrl Pts',(1.53823865600388,-4.50898097401294,-10.3350162770011));
#1418=CARTESIAN_POINT('Ctrl Pts',(1.63204734496007,-4.47867991634164,-10.3199649549487));
#1419=CARTESIAN_POINT('Ctrl Pts',(1.72493603501744,-4.44545454006899,-10.3049194130854));
#1420=CARTESIAN_POINT('Ctrl Pts',(1.81673336195918,-4.40934462586391,-10.2898792239645));
#1421=CARTESIAN_POINT('Ctrl Pts',(1.82312131791479,-4.40683182348515,-10.288832613253));
#1422=CARTESIAN_POINT('Ctrl Pts',(1.82950339035074,-4.40430528700506,-10.2877860284617));
#1423=CARTESIAN_POINT('Ctrl Pts',(1.83587952916194,-4.40176505124075,-10.2867394694468));
#1424=CARTESIAN_POINT('Ctrl Pts',(2.0155316062861,-4.33019216913199,-10.2572519525592));
#1425=CARTESIAN_POINT('Ctrl Pts',(2.19076617330355,-4.24762244209253,-10.2277926842577));
#1426=CARTESIAN_POINT('Ctrl Pts',(2.36038973176825,-4.1547667024785,-10.1983571138721));
#1427=CARTESIAN_POINT('Ctrl Pts',(2.4628405575399,-4.09868282305044,-10.1805783423361));
#1428=CARTESIAN_POINT('Ctrl Pts',(2.5632448795846,-4.03884750165831,-10.1628082158746));
#1429=CARTESIAN_POINT('Ctrl Pts',(2.66134487727383,-3.97542500773614,-10.1450457318056));
#1430=CARTESIAN_POINT('Ctrl Pts',(2.83878810387105,-3.86070643255283,-10.1129169595342));
#1431=CARTESIAN_POINT('Ctrl Pts',(3.00865229459817,-3.73427529290677,-10.0808180346313));
#1432=CARTESIAN_POINT('Ctrl Pts',(3.16950816125859,-3.59711233129641,-10.0487448045876));
#1433=CARTESIAN_POINT('Ctrl Pts',(3.24402457075366,-3.53357164964698,-10.0338868948738));
#1434=CARTESIAN_POINT('Ctrl Pts',(3.31660842762626,-3.4677282213209,-10.0190344992807));
#1435=CARTESIAN_POINT('Ctrl Pts',(3.38712123182758,-3.39968093064382,-10.0041872049932));
#1436=CARTESIAN_POINT('Ctrl Pts',(3.39223382550887,-3.39474710121688,-10.003110688695));
#1437=CARTESIAN_POINT('Ctrl Pts',(3.3973350400543,-3.38980215628006,-10.0020341992148));
#1438=CARTESIAN_POINT('Ctrl Pts',(3.40242483936725,-3.38484615197711,-10.0009577363954));
#1439=CARTESIAN_POINT('Ctrl Pts',(3.54186614098378,-3.24907032893776,-9.97146671573773));
#1440=CARTESIAN_POINT('Ctrl Pts',(3.67296137010806,-3.10477196685508,-9.94200378741768));
#1441=CARTESIAN_POINT('Ctrl Pts',(3.79487486873152,-2.95307257198893,-9.91256441845862));
#1442=CARTESIAN_POINT('Ctrl Pts',(3.86846124938435,-2.86150757269463,-9.89479496195987));
#1443=CARTESIAN_POINT('Ctrl Pts',(3.93870321226453,-2.76724687683219,-9.87703408877122));
#1444=CARTESIAN_POINT('Ctrl Pts',(4.005424665104,-2.67054218454104,-9.85928080206421));
#1445=CARTESIAN_POINT('Ctrl Pts',(4.12654467489838,-2.4949933501107,-9.8270531126431));
#1446=CARTESIAN_POINT('Ctrl Pts',(4.23603616527958,-2.31142728053611,-9.79485503786874));
#1447=CARTESIAN_POINT('Ctrl Pts',(4.33293909341726,-2.12131901496827,-9.76268240169292));
#1448=CARTESIAN_POINT('Ctrl Pts',(4.37731902490104,-2.03425258712601,-9.74794786872703));
#1449=CARTESIAN_POINT('Ctrl Pts',(4.41905921292873,-1.94581397435227,-9.73321867147628));
#1450=CARTESIAN_POINT('Ctrl Pts',(4.45807113895523,-1.85614476246717,-9.71849440878338));
#1451=CARTESIAN_POINT('Ctrl Pts',(4.46097057947392,-1.84948037614486,-9.71740007358366));
#1452=CARTESIAN_POINT('Ctrl Pts',(4.46385466623319,-1.84280983569019,-9.71630576564118));
#1453=CARTESIAN_POINT('Ctrl Pts',(4.46672338666504,-1.83613321049233,-9.71521148479126));
#1454=CARTESIAN_POINT('Ctrl Pts',(4.54404499364092,-1.65617583864721,-9.68571695724516));
#1455=CARTESIAN_POINT('Ctrl Pts',(4.61032210828086,-1.47151034121325,-9.65625036789853));
#1456=CARTESIAN_POINT('Ctrl Pts',(4.66521014467649,-1.28350195533605,-9.62680719985939));
#1457=CARTESIAN_POINT('Ctrl Pts',(4.69831811578613,-1.17009698374756,-9.60904734505624));
#1458=CARTESIAN_POINT('Ctrl Pts',(4.72728323674553,-1.05547610158093,-9.59129601184793));
#1459=CARTESIAN_POINT('Ctrl Pts',(4.75203889555796,-0.939940671445926,-9.57355220893626));
#1460=CARTESIAN_POINT('Ctrl Pts',(4.79705467910017,-0.729850608651889,-9.54128681066351));
#1461=CARTESIAN_POINT('Ctrl Pts',(4.82814046148206,-0.516780168107545,-9.50905077916323));
#1462=CARTESIAN_POINT('Ctrl Pts',(4.84497019313091,-0.302476617255555,-9.47683997174728));
#1463=CARTESIAN_POINT('Ctrl Pts',(4.85264290926731,-0.204775100260653,-9.46215498526125));
#1464=CARTESIAN_POINT('Ctrl Pts',(4.85735319448624,-0.106817050218178,-9.44747524152692));
#1465=CARTESIAN_POINT('Ctrl Pts',(4.85907348095212,-0.008766533105804,-9.43280034799151));
#1466=CARTESIAN_POINT('Ctrl Pts',(4.85920239981819,-0.00141859325136934,
-9.43170060636603));
#1467=CARTESIAN_POINT('Ctrl Pts',(4.859314510721,0.00592915583502126,-9.43060089197953));
#1468=CARTESIAN_POINT('Ctrl Pts',(4.85940982889829,0.0132766437728362,-9.42950120466681));
#1469=CARTESIAN_POINT('Ctrl Pts',(4.86196655331983,0.210358694456979,-9.40000423474506));
#1470=CARTESIAN_POINT('Ctrl Pts',(4.85244099868378,0.407563004887165,-9.37053504896621));
#1471=CARTESIAN_POINT('Ctrl Pts',(4.83103913037648,0.603487275458437,-9.3410891453958));
#1472=CARTESIAN_POINT('Ctrl Pts',(4.81813733228119,0.721597308871517,-9.32333812024492));
#1473=CARTESIAN_POINT('Ctrl Pts',(4.80092057291894,0.839242188779324,-9.30559555608595));
#1474=CARTESIAN_POINT('Ctrl Pts',(4.77944294854392,0.956116544810779,-9.28786046665117));
#1475=CARTESIAN_POINT('Ctrl Pts',(4.74039683197581,1.16859301100387,-9.25561824296178));
#1476=CARTESIAN_POINT('Ctrl Pts',(4.68727464188698,1.37847855466458,-9.22340512865459));
#1477=CARTESIAN_POINT('Ctrl Pts',(4.62044535981821,1.58402609856194,-9.19121707147556));
#1478=CARTESIAN_POINT('Ctrl Pts',(4.58990610755272,1.67795600625085,-9.17650796241892));
#1479=CARTESIAN_POINT('Ctrl Pts',(4.55650497756701,1.77098049500798,-9.16180408592572));
#1480=CARTESIAN_POINT('Ctrl Pts',(4.52027970290612,1.8629355242783,-9.14710505529834));
#1481=CARTESIAN_POINT('Ctrl Pts',(4.51758709366016,1.86977050246254,-9.14601248260858));
#1482=CARTESIAN_POINT('Ctrl Pts',(4.51487913514352,1.8765989182568,-9.14491993669166));
#1483=CARTESIAN_POINT('Ctrl Pts',(4.51215586783199,1.88342071323134,-9.1438274173888));
#1484=CARTESIAN_POINT('Ctrl Pts',(4.43862594165444,2.06761345801017,-9.11432871068932));
#1485=CARTESIAN_POINT('Ctrl Pts',(4.35381630493086,2.24726599880445,-9.08485763484494));
#1486=CARTESIAN_POINT('Ctrl Pts',(4.25845900235988,2.42115395366608,-9.05540970157693));
#1487=CARTESIAN_POINT('Ctrl Pts',(4.20100551351124,2.52592274856901,-9.03766710127247));
#1488=CARTESIAN_POINT('Ctrl Pts',(4.13972398549095,2.62859932225428,-9.01993290207669));
#1489=CARTESIAN_POINT('Ctrl Pts',(4.07478210218449,2.72892100563504,-9.00220612231587));
#1490=CARTESIAN_POINT('Ctrl Pts',(3.95696596747882,2.91092239458938,-8.97004658880892));
#1491=CARTESIAN_POINT('Ctrl Pts',(3.8271256289938,3.08513481821755,-8.93791590471968));
#1492=CARTESIAN_POINT('Ctrl Pts',(3.68627007977401,3.25008633564946,-8.90581016321153));
#1493=CARTESIAN_POINT('Ctrl Pts',(3.62131402366173,3.32615433638824,-8.89100448208302));
#1494=CARTESIAN_POINT('Ctrl Pts',(3.55401574322548,3.40025351941459,-8.87620410531176));
#1495=CARTESIAN_POINT('Ctrl Pts',(3.48447554751388,3.47224307155331,-8.86140864975351));
#1496=CARTESIAN_POINT('Ctrl Pts',(3.47943382422001,3.47746237526995,-8.86033596665033));
#1497=CARTESIAN_POINT('Ctrl Pts',(3.47438078405161,3.48267010126721,-8.85926330941489));
#1498=CARTESIAN_POINT('Ctrl Pts',(3.46931648396307,3.48786621286806,-8.85819067790116));
#1499=CARTESIAN_POINT('Ctrl Pts',(3.33003484995026,3.63077301175963,-8.82869047702179));
#1500=CARTESIAN_POINT('Ctrl Pts',(3.18201549292575,3.76511503890184,-8.7992177553402));
#1501=CARTESIAN_POINT('Ctrl Pts',(3.02641089047433,3.89003614538802,-8.76976803670988));
#1502=CARTESIAN_POINT('Ctrl Pts',(2.93270850526974,3.96526146299266,-8.75203392836224));
#1503=CARTESIAN_POINT('Ctrl Pts',(2.83625622517137,4.03707126350911,-8.73430816147059));
#1504=CARTESIAN_POINT('Ctrl Pts',(2.73731073517119,4.10528621403786,-8.71658975859762));
#1505=CARTESIAN_POINT('Ctrl Pts',(2.55850360140131,4.22855933931399,-8.68457034232417));
#1506=CARTESIAN_POINT('Ctrl Pts',(2.37159051822076,4.34006574134743,-8.65257952047278));
#1507=CARTESIAN_POINT('Ctrl Pts',(2.17805880077715,4.43883747048524,-8.62061358246672));
#1508=CARTESIAN_POINT('Ctrl Pts',(2.08740891342753,4.48510196003733,-8.60564079806967));
#1509=CARTESIAN_POINT('Ctrl Pts',(1.9953069614787,4.52857321699995,-8.59067347310799));
#1510=CARTESIAN_POINT('Ctrl Pts',(1.90190570571448,4.56915576058765,-8.57571122626416));
#1511=CARTESIAN_POINT('Ctrl Pts',(1.89541412383234,4.57197633192291,-8.57467131893387));
#1512=CARTESIAN_POINT('Ctrl Pts',(1.88891684759811,4.57478269299467,-8.57363143613362));
#1513=CARTESIAN_POINT('Ctrl Pts',(1.88241393819903,4.57757483272875,-8.57259157773541));
#1514=CARTESIAN_POINT('Ctrl Pts',(1.69792035210815,4.65679043313075,-8.54308982811237));
#1515=CARTESIAN_POINT('Ctrl Pts',(1.5086016455592,4.72467933729025,-8.51361540820228));
#1516=CARTESIAN_POINT('Ctrl Pts',(1.31585918119458,4.78088976158366,-8.48416385232053));
#1517=CARTESIAN_POINT('Ctrl Pts',(1.19985828341474,4.81471966878193,-8.46643860980814));
#1518=CARTESIAN_POINT('Ctrl Pts',(1.08261760735344,4.8443203852654,-8.44872164901752));
#1519=CARTESIAN_POINT('Ctrl Pts',(0.964444368720469,4.86962416882348,-8.43101199643986));
#1520=CARTESIAN_POINT('Ctrl Pts',(0.752082788232084,4.91509598233128,-8.39918711074834));
#1521=CARTESIAN_POINT('Ctrl Pts',(0.536754063376771,4.94668025333758,-8.36739057797924));
#1522=CARTESIAN_POINT('Ctrl Pts',(0.32018468973308,4.96405596817149,-8.33561892860877));
#1523=CARTESIAN_POINT('Ctrl Pts',(0.216523065195274,4.97237290974492,-8.32041132684784));
#1524=CARTESIAN_POINT('Ctrl Pts',(0.11257696405494,4.97743524298777,-8.30520942609473));
#1525=CARTESIAN_POINT('Ctrl Pts',(0.00853402843076663,4.97921170373994,
-8.29001284586862));
#1526=CARTESIAN_POINT('Ctrl Pts',(0.00172825678096315,4.97932790755667,
-8.28901879034475));
#1527=CARTESIAN_POINT('Ctrl Pts',(-0.00507734802562743,4.9794300388671,
-8.28802475758675));
#1528=CARTESIAN_POINT('Ctrl Pts',(-0.0118827324992887,4.97951810931068,
-8.28703074748812));
#1529=CARTESIAN_POINT('Ctrl Pts',(-0.213875348675082,4.98213215402435,-8.2575272416826));
#1530=CARTESIAN_POINT('Ctrl Pts',(-0.4159929306961,4.97235865792967,-8.22805091853494));
#1531=CARTESIAN_POINT('Ctrl Pts',(-0.616797138427222,4.95041060508591,-8.19859732107247));
#1532=CARTESIAN_POINT('Ctrl Pts',(-0.737577464371093,4.93720922347018,-8.18088148163896));
#1533=CARTESIAN_POINT('Ctrl Pts',(-0.857882661751417,4.91960431854553,-8.16317386394591));
#1534=CARTESIAN_POINT('Ctrl Pts',(-0.977401566464719,4.89765114290144,-8.14547349813089));
#1535=CARTESIAN_POINT('Ctrl Pts',(-1.19064069144719,4.85848348171712,-8.11389346878473));
#1536=CARTESIAN_POINT('Ctrl Pts',(-1.40133045209945,4.80548122212564,-8.08234157406897));
#1537=CARTESIAN_POINT('Ctrl Pts',(-1.60777872323149,4.73900403912124,-8.05081462263211));
#1538=CARTESIAN_POINT('Ctrl Pts',(-1.70931856859985,4.7063077959133,-8.03530835679476));
#1539=CARTESIAN_POINT('Ctrl Pts',(-1.80983285477471,4.67035244202066,-8.01980812493979));
#1540=CARTESIAN_POINT('Ctrl Pts',(-1.90912357954043,4.63118407734628,-8.00431354735865));
#1541=CARTESIAN_POINT('Ctrl Pts',(-1.91511461156207,4.62882072540627,-8.00337863112484));
#1542=CARTESIAN_POINT('Ctrl Pts',(-1.92110070953202,4.62644586241279,-8.00244373547659));
#1543=CARTESIAN_POINT('Ctrl Pts',(-1.92708183575603,4.62405951458869,-8.00150886033049));
#1544=CARTESIAN_POINT('Ctrl Pts',(-2.11585179846119,4.54874413536308,-7.97200332243458));
#1545=CARTESIAN_POINT('Ctrl Pts',(-2.29996948799178,4.4618644132907,-7.94252482267036));
#1546=CARTESIAN_POINT('Ctrl Pts',(-2.47817982510051,4.36417257803286,-7.9130689109827));
#1547=CARTESIAN_POINT('Ctrl Pts',(-2.5853012779549,4.30545044387042,-7.89536309152057));
#1548=CARTESIAN_POINT('Ctrl Pts',(-2.69028872083903,4.24282264384767,-7.87766543349061));
#1549=CARTESIAN_POINT('Ctrl Pts',(-2.79287465082243,4.1764600657724,-7.8599749704057));
#1550=CARTESIAN_POINT('Ctrl Pts',(-2.97432317180479,4.05908147747787,-7.82868502291708));
#1551=CARTESIAN_POINT('Ctrl Pts',(-3.14821696585411,3.93004352169492,-7.79742302585022));
#1552=CARTESIAN_POINT('Ctrl Pts',(-3.31315817002677,3.79030847199251,-7.76618609430176));
#1553=CARTESIAN_POINT('Ctrl Pts',(-3.3969248384736,3.71934294438201,-7.75032217660186));
#1554=CARTESIAN_POINT('Ctrl Pts',(-3.47838315850355,3.64561880437161,-7.73446472378774));
#1555=CARTESIAN_POINT('Ctrl Pts',(-3.55735483255843,3.56926412919457,-7.71861335797625));
#1556=CARTESIAN_POINT('Ctrl Pts',(-3.561650616366,3.56511070100423,-7.71775109892709));
#1557=CARTESIAN_POINT('Ctrl Pts',(-3.56593872615503,3.56094979201896,-7.71688885788925));
#1558=CARTESIAN_POINT('Ctrl Pts',(-3.57021914234241,3.55678143284628,-7.71602663480192));
#1559=CARTESIAN_POINT('Ctrl Pts',(-3.71670789781406,3.41412760648101,-7.68651875952223));
#1560=CARTESIAN_POINT('Ctrl Pts',(-3.85442062132043,3.26251327076196,-7.65703778040206));
#1561=CARTESIAN_POINT('Ctrl Pts',(-3.98248036970535,3.10312131285463,-7.62757925248063));
#1562=CARTESIAN_POINT('Ctrl Pts',(-4.05940326702706,3.00737779182913,-7.60988411136776));
#1563=CARTESIAN_POINT('Ctrl Pts',(-4.13284394691532,2.90882867457591,-7.59219707101019));
#1564=CARTESIAN_POINT('Ctrl Pts',(-4.20261989548726,2.807735324082,-7.5745171680295));
#1565=CARTESIAN_POINT('Ctrl Pts',(-4.32480956337614,2.63070350759745,-7.54355662191396));
#1566=CARTESIAN_POINT('Ctrl Pts',(-4.43573072791183,2.4459099570864,-7.51262388787517));
#1567=CARTESIAN_POINT('Ctrl Pts',(-4.53448240120432,2.25474719646991,-7.48171640625076));
#1568=CARTESIAN_POINT('Ctrl Pts',(-4.5864819427536,2.15408686756681,-7.46544149341812));
#1569=CARTESIAN_POINT('Ctrl Pts',(-4.63510801621043,2.0516606179905,-7.44917358243883));
#1570=CARTESIAN_POINT('Ctrl Pts',(-4.68023495411804,1.94767187583479,-7.43291229959161));
#1571=CARTESIAN_POINT('Ctrl Pts',(-4.68238798684174,1.94271051184382,-7.432136464232));
#1572=CARTESIAN_POINT('Ctrl Pts',(-4.68453291195083,1.93774591582468,-7.43136064396002));
#1573=CARTESIAN_POINT('Ctrl Pts',(-4.68666972479169,1.93277811407804,-7.43058483873506));
#1574=CARTESIAN_POINT('Ctrl Pts',(-4.76795106183036,1.74380996469662,-7.40107430568304));
#1575=CARTESIAN_POINT('Ctrl Pts',(-4.83762514951576,1.54988857021768,-7.3715905293667));
#1576=CARTESIAN_POINT('Ctrl Pts',(-4.89533247868157,1.35245145698417,-7.3421290680742));
#1577=CARTESIAN_POINT('Ctrl Pts',(-4.92997039058453,1.23394295150639,-7.32444529175785));
#1578=CARTESIAN_POINT('Ctrl Pts',(-4.96029784753219,1.11416816185357,-7.30676955512241));
#1579=CARTESIAN_POINT('Ctrl Pts',(-4.98624596618286,0.993439680032906,-7.28910089763427));
#1580=CARTESIAN_POINT('Ctrl Pts',(-5.03118242765226,0.78436437693943,-7.25850265052738));
#1581=CARTESIAN_POINT('Ctrl Pts',(-5.06297189861271,0.572480216637363,-7.22793213535601));
#1582=CARTESIAN_POINT('Ctrl Pts',(-5.08132438586802,0.359376683633643,-7.19738712689563));
#1583=CARTESIAN_POINT('Ctrl Pts',(-5.09137821216924,0.242634692469717,-7.18065401572886));
#1584=CARTESIAN_POINT('Ctrl Pts',(-5.09740037409861,0.125526546477768,-7.16392855924763));
#1585=CARTESIAN_POINT('Ctrl Pts',(-5.09934947274653,0.00831119076886358,
-7.1472103916187));
#1586=CARTESIAN_POINT('Ctrl Pts',(-5.09942821214318,0.00357594230084879,
-7.1465350135748));
#1587=CARTESIAN_POINT('Ctrl Pts',(-5.09950029881289,-0.00115921237574089,
-7.14585964742622));
#1588=CARTESIAN_POINT('Ctrl Pts',(-5.09956573662305,-0.00589425590012604,
-7.14518429314882));
#1589=CARTESIAN_POINT('Ctrl Pts',(-5.10246176346193,-0.21544914620156,-7.11529569956236));
#1590=CARTESIAN_POINT('Ctrl Pts',(-5.09233550427717,-0.425113613164264,
-7.08543717138749));
#1591=CARTESIAN_POINT('Ctrl Pts',(-5.06942602346788,-0.633362717267835,
-7.05560577543423));
#1592=CARTESIAN_POINT('Ctrl Pts',(-5.0467158828192,-0.839799802574373,-7.02603394866587));
#1593=CARTESIAN_POINT('Ctrl Pts',(-5.01144422950379,-1.04484514422633,-6.99648878400711));
#1594=CARTESIAN_POINT('Ctrl Pts',(-4.96389274138883,-1.24702755276691,-6.96696742417057));
#1595=CARTESIAN_POINT('Ctrl Pts',(-4.91750329619905,-1.44426911409629,-6.93816749469719));
#1596=CARTESIAN_POINT('Ctrl Pts',(-4.85942717792398,-1.63878523681359,-6.90939022079801));
#1597=CARTESIAN_POINT('Ctrl Pts',(-4.78996844717477,-1.82923546234826,-6.88063294958379));
#1598=CARTESIAN_POINT('Ctrl Pts',(-4.77517314641528,-1.86980298116273,-6.87450740608411));
#1599=CARTESIAN_POINT('Ctrl Pts',(-4.75986153399727,-1.91018613558707,-6.86838277015877));
#1600=CARTESIAN_POINT('Ctrl Pts',(-4.74403678562563,-1.95037217182044,-6.86225901616823));
#1601=CARTESIAN_POINT('Ctrl Pts',(-4.74338962945581,-1.95201558760681,-6.86200858405491));
#1602=CARTESIAN_POINT('Ctrl Pts',(-4.7427416064127,-1.95365869585231,-6.8617581541373));
#1603=CARTESIAN_POINT('Ctrl Pts',(-4.74209271664467,-1.95530149566711,-6.86150772641256));
#1604=CARTESIAN_POINT('Ctrl Pts',(-4.66356519946705,-2.15411028728638,-6.83120139639379));
#1605=CARTESIAN_POINT('Ctrl Pts',(-4.57253636875565,-2.34789436689327,-6.80092718200075));
#1606=CARTESIAN_POINT('Ctrl Pts',(-4.46984797352154,-2.53527784402872,-6.77068006503988));
#1607=CARTESIAN_POINT('Ctrl Pts',(-4.413407568436,-2.63826902751884,-6.75405540623545));
#1608=CARTESIAN_POINT('Ctrl Pts',(-4.35344571929075,-2.73932708502936,-6.73743893331619));
#1609=CARTESIAN_POINT('Ctrl Pts',(-4.29010754318585,-2.83822762925805,-6.72082981307363));
#1610=CARTESIAN_POINT('Ctrl Pts',(-4.18072195507972,-3.00902974039799,-6.69214571609792));
#1611=CARTESIAN_POINT('Ctrl Pts',(-4.06128636711431,-3.17336066095157,-6.66348891993815));
#1612=CARTESIAN_POINT('Ctrl Pts',(-3.93258746940522,-3.33009493689283,-6.63485897052582));
#1613=CARTESIAN_POINT('Ctrl Pts',(-3.84575216018781,-3.43584618697028,-6.61554186249808));
#1614=CARTESIAN_POINT('Ctrl Pts',(-3.75470042750239,-3.5381398934675,-6.59623697625796));
#1615=CARTESIAN_POINT('Ctrl Pts',(-3.65968033891861,-3.6366422395913,-6.57694417233382));
#1616=CARTESIAN_POINT('Ctrl Pts',(-3.65780874559024,-3.63858242231036,-6.57656416549897));
#1617=CARTESIAN_POINT('Ctrl Pts',(-3.65593557140637,-3.6405211773965,-6.57618416389943));
#1618=CARTESIAN_POINT('Ctrl Pts',(-3.65406081804583,-3.64245850217592,-6.57580416752511));
#1619=CARTESIAN_POINT('Ctrl Pts',(-3.50232194736463,-3.79926178113402,-6.54504800412003));
#1620=CARTESIAN_POINT('Ctrl Pts',(-3.34062137563383,-3.94628778528442,-6.51432607104508));
#1621=CARTESIAN_POINT('Ctrl Pts',(-3.17032907723957,-4.08254713644681,-6.48363302913147));
#1622=CARTESIAN_POINT('Ctrl Pts',(-3.08130446071111,-4.15378016694808,-6.46758746328841));
#1623=CARTESIAN_POINT('Ctrl Pts',(-2.98993228863974,-4.22207142381343,-6.45154979322843));
#1624=CARTESIAN_POINT('Ctrl Pts',(-2.89641102223473,-4.28728454319243,-6.43551925613698));
#1625=CARTESIAN_POINT('Ctrl Pts',(-2.72907859701082,-4.40396676790534,-6.40683670346991));
#1626=CARTESIAN_POINT('Ctrl Pts',(-2.55489426549749,-4.51077159123517,-6.37818116144923));
#1627=CARTESIAN_POINT('Ctrl Pts',(-2.37502214978077,-4.606955513874,-6.34955234811579));
#1628=CARTESIAN_POINT('Ctrl Pts',(-2.25367850690471,-4.67184221136236,-6.33023904606642));
#1629=CARTESIAN_POINT('Ctrl Pts',(-2.1297466445693,-4.73189629845042,-6.31093790822961));
#1630=CARTESIAN_POINT('Ctrl Pts',(-2.00358537209799,-4.78690293435641,-6.29164884803969));
#1631=CARTESIAN_POINT('Ctrl Pts',(-2.00020814370251,-4.78837541453264,-6.29113249654355));
#1632=CARTESIAN_POINT('Ctrl Pts',(-1.99682922101546,-4.78984432063626,-6.29061615506545));
#1633=CARTESIAN_POINT('Ctrl Pts',(-1.99344861051753,-4.79130964809382,-6.29009982357954));
#1634=CARTESIAN_POINT('Ctrl Pts',(-1.78871350209131,-4.8800521921068,-6.25882997370583));
#1635=CARTESIAN_POINT('Ctrl Pts',(-1.57831583935262,-4.95543199336603,-6.22759677222398));
#1636=CARTESIAN_POINT('Ctrl Pts',(-1.36398890095997,-5.01704498382005,-6.19639447579984));
#1637=CARTESIAN_POINT('Ctrl Pts',(-1.2582323867558,-5.04744701890243,-6.18099815590777));
#1638=CARTESIAN_POINT('Ctrl Pts',(-1.15151933701161,-5.07449790831301,-6.16560936073483));
#1639=CARTESIAN_POINT('Ctrl Pts',(-1.04405833834339,-5.09815379063261,-6.15022740027135));
#1640=CARTESIAN_POINT('Ctrl Pts',(-0.843687612433284,-5.14226231717865,
-6.12154634740392));
#1641=CARTESIAN_POINT('Ctrl Pts',(-0.640746248278384,-5.17455787585134,
-6.09289201567796));
#1642=CARTESIAN_POINT('Ctrl Pts',(-0.436602229996741,-5.19479716521377,
-6.06426429477749));
#1643=CARTESIAN_POINT('Ctrl Pts',(-0.29890621908829,-5.2084486521997,-6.04495477494647));
#1644=CARTESIAN_POINT('Ctrl Pts',(-0.160662955297884,-5.21661606124392,
-6.02565736187025));
#1645=CARTESIAN_POINT('Ctrl Pts',(-0.02228841009233,-5.21923766874636,-6.00637202169619));
#1646=CARTESIAN_POINT('Ctrl Pts',(-0.0175591491936796,-5.2193272680714,
-6.00571290187711));
#1647=CARTESIAN_POINT('Ctrl Pts',(-0.0128295705100602,-5.21941039358088,
-6.00505379898668));
#1648=CARTESIAN_POINT('Ctrl Pts',(-0.00809969016444697,-5.21948704168876,
-6.00439471296955));
#1649=CARTESIAN_POINT('Ctrl Pts',(0.22052327859428,-5.22319189608108,-5.97253720476803));
#1650=CARTESIAN_POINT('Ctrl Pts',(0.449250126058045,-5.21174557226734,-5.94071911864058));
#1651=CARTESIAN_POINT('Ctrl Pts',(0.676221752180882,-5.18546244390223,-5.90893420274076));
#1652=CARTESIAN_POINT('Ctrl Pts',(0.780957936001114,-5.17333407961793,-5.89426703552139));
#1653=CARTESIAN_POINT('Ctrl Pts',(0.885320542538131,-5.15804711539187,-5.87960693145814));
#1654=CARTESIAN_POINT('Ctrl Pts',(0.989128219288003,-5.1396359663834,-5.86495327624632));
#1655=CARTESIAN_POINT('Ctrl Pts',(1.19229681086193,-5.10360233832792,-5.83627367774253));
#1656=CARTESIAN_POINT('Ctrl Pts',(1.3933138018423,-5.05560302526723,-5.80762051231114));
#1657=CARTESIAN_POINT('Ctrl Pts',(1.59081415161279,-4.9959380375175,-5.77899383959507));
#1658=CARTESIAN_POINT('Ctrl Pts',(1.72400789499323,-4.9557001185651,-5.75968808290142));
#1659=CARTESIAN_POINT('Ctrl Pts',(1.8556026976442,-4.91015739254605,-5.74039437541252));
#1660=CARTESIAN_POINT('Ctrl Pts',(1.9851883334794,-4.85941237523076,-5.72111273542228));
#1661=CARTESIAN_POINT('Ctrl Pts',(1.99061855153414,-4.85728593191443,-5.72030474841874));
#1662=CARTESIAN_POINT('Ctrl Pts',(1.99604546070319,-4.85515026928682,-5.71949678780805));
#1663=CARTESIAN_POINT('Ctrl Pts',(2.00146903100965,-4.85300539270783,-5.71868885348464));
#1664=CARTESIAN_POINT('Ctrl Pts',(2.21984662802782,-4.7666429106612,-5.68615774461617));
#1665=CARTESIAN_POINT('Ctrl Pts',(2.43222484483427,-4.66556573413634,-5.65366925355749));
#1666=CARTESIAN_POINT('Ctrl Pts',(2.63690446073223,-4.55084907556918,-5.62121648803215));
#1667=CARTESIAN_POINT('Ctrl Pts',(2.7242343198493,-4.50190336308531,-5.60736999223503));
#1668=CARTESIAN_POINT('Ctrl Pts',(2.8101631050666,-4.45047515452609,-5.59353000005635));
#1669=CARTESIAN_POINT('Ctrl Pts',(2.89456092424871,-4.39664999017253,-5.5796959761592));
#1670=CARTESIAN_POINT('Ctrl Pts',(3.06951918619032,-4.28506941504296,-5.55101778518034));
#1671=CARTESIAN_POINT('Ctrl Pts',(3.23787929433892,-4.16319641794207,-5.52236574139087));
#1672=CARTESIAN_POINT('Ctrl Pts',(3.39848793572534,-4.03183482636549,-5.49374007150921));
#1673=CARTESIAN_POINT('Ctrl Pts',(3.5067847623065,-3.94325899769531,-5.47443806396975));
#1674=CARTESIAN_POINT('Ctrl Pts',(3.61155802167865,-3.85036965225241,-5.45514804778164));
#1675=CARTESIAN_POINT('Ctrl Pts',(3.71246595604639,-3.75341969415696,-5.4358700924517));
#1676=CARTESIAN_POINT('Ctrl Pts',(3.71750481567088,-3.74857847693747,-5.43490744356424));
#1677=CARTESIAN_POINT('Ctrl Pts',(3.72253426565442,-3.74372691784609,-5.43394483355479));
#1678=CARTESIAN_POINT('Ctrl Pts',(3.72755426269224,-3.7388650448117,-5.43298226223745));
#1679=CARTESIAN_POINT('Ctrl Pts',(3.90124110716368,-3.57064913169414,-5.39967826356379));
#1680=CARTESIAN_POINT('Ctrl Pts',(4.06313360608783,-3.3905385124879,-5.36642058282177));
#1681=CARTESIAN_POINT('Ctrl Pts',(4.21199431443469,-3.20030409277664,-5.33320151950789));
#1682=CARTESIAN_POINT('Ctrl Pts',(4.26989709205066,-3.12630806372526,-5.32028020496468));
#1683=CARTESIAN_POINT('Ctrl Pts',(4.32582866600394,-3.05078052286252,-5.30736473323437));
#1684=CARTESIAN_POINT('Ctrl Pts',(4.37971825671431,-2.97382636085588,-5.29445465113035));
#1685=CARTESIAN_POINT('Ctrl Pts',(4.4994218147297,-2.80289006546265,-5.26577781870779));
#1686=CARTESIAN_POINT('Ctrl Pts',(4.60903871554098,-2.62492514523097,-5.23712685052573));
#1687=CARTESIAN_POINT('Ctrl Pts',(4.70780621181069,-2.44112221987438,-5.20850213630754));
#1688=CARTESIAN_POINT('Ctrl Pts',(4.77439347834326,-2.31720559909902,-5.18920386970108));
#1689=CARTESIAN_POINT('Ctrl Pts',(4.83605041397366,-2.19063577477381,-5.16991753608163));
#1690=CARTESIAN_POINT('Ctrl Pts',(4.89255667830267,-2.06177905771599,-5.15064325487217));
#1691=CARTESIAN_POINT('Ctrl Pts',(4.89584844488742,-2.05427252298984,-5.14952043361362));
#1692=CARTESIAN_POINT('Ctrl Pts',(4.89912289644846,-2.04675785979247,-5.14839766724878));
#1693=CARTESIAN_POINT('Ctrl Pts',(4.9023799866654,-2.03923513553639,-5.1472749554688));
#1694=CARTESIAN_POINT('Ctrl Pts',(5.00156513801447,-1.81015258203021,-5.11308605359573));
#1695=CARTESIAN_POINT('Ctrl Pts',(5.08436736400268,-1.57422852062084,-5.07894776983038));
#1696=CARTESIAN_POINT('Ctrl Pts',(5.15029185682657,-1.3337496647976,-5.04485138207189));
#1697=CARTESIAN_POINT('Ctrl Pts',(5.17326008921358,-1.2499663240677,-5.03297212864044));
#1698=CARTESIAN_POINT('Ctrl Pts',(5.19418008980828,-1.16563007031653,-5.02109796071516));
#1699=CARTESIAN_POINT('Ctrl Pts',(5.21303242250277,-1.08083738071925,-5.00922850943444));
#1700=CARTESIAN_POINT('Ctrl Pts',(5.25857796183673,-0.875985872851895,-4.98055298323092));
#1701=CARTESIAN_POINT('Ctrl Pts',(5.29204980095996,-0.668479032091674,-4.95190304198726));
#1702=CARTESIAN_POINT('Ctrl Pts',(5.31319693757562,-0.459716718813471,-4.92327923319843));
#1703=CARTESIAN_POINT('Ctrl Pts',(5.32745164429332,-0.318995750127555,-4.90398470614997));
#1704=CARTESIAN_POINT('Ctrl Pts',(5.33610732251493,-0.177704235639802,-4.8847020530084));
#1705=CARTESIAN_POINT('Ctrl Pts',(5.33910002443991,-0.0362671800014307,
-4.86543144146106));
#1706=CARTESIAN_POINT('Ctrl Pts',(5.33930008640234,-0.0268121204527691,
-4.86414320211744));
#1707=CARTESIAN_POINT('Ctrl Pts',(5.33947485541002,-0.0173559156718462,
-4.86285503776602));
#1708=CARTESIAN_POINT('Ctrl Pts',(5.3396243061958,-0.00789868657832931,
-4.86156694791593));
#1709=CARTESIAN_POINT('Ctrl Pts',(5.34370746186752,0.25048294995122,-4.8263749524412));
#1710=CARTESIAN_POINT('Ctrl Pts',(5.32887227586088,0.508893258784377,-4.79123856781595));
#1711=CARTESIAN_POINT('Ctrl Pts',(5.29558529085632,0.7648216797304,-4.75614778360412));
#1712=CARTESIAN_POINT('Ctrl Pts',(5.28542157605823,0.842965839643551,-4.74543330397426));
#1713=CARTESIAN_POINT('Ctrl Pts',(5.27353790235205,0.920878810923751,-4.73472307567423));
#1714=CARTESIAN_POINT('Ctrl Pts',(5.25994833992862,0.998489717931841,-4.72401681374197));
#1715=CARTESIAN_POINT('Ctrl Pts',(5.22355179115396,1.20635286130232,-4.69534252884081));
#1716=CARTESIAN_POINT('Ctrl Pts',(5.17491587718863,1.41204430826107,-4.66669355402406));
#1717=CARTESIAN_POINT('Ctrl Pts',(5.11434565324808,1.61416657069835,-4.63807058817093));
#1718=CARTESIAN_POINT('Ctrl Pts',(5.07352366315817,1.75038916420009,-4.61877981537229));
#1719=CARTESIAN_POINT('Ctrl Pts',(5.02728170962246,1.88499101295902,-4.59950085646668));
#1720=CARTESIAN_POINT('Ctrl Pts',(4.97572369694733,2.01755269354999,-4.58023392540154));
#1721=CARTESIAN_POINT('Ctrl Pts',(4.9718203515125,2.02758865118142,-4.57877526779404));
#1722=CARTESIAN_POINT('Ctrl Pts',(4.96788632759525,2.03761346536251,-4.57731670995513));
#1723=CARTESIAN_POINT('Ctrl Pts',(4.9639216590736,2.04762696004319,-4.57585825113147));
#1724=CARTESIAN_POINT('Ctrl Pts',(4.86525061301921,2.29683871366344,-4.53956072538068));
#1725=CARTESIAN_POINT('Ctrl Pts',(4.7478795929339,2.53830744439093,-4.50332452890226));
#1726=CARTESIAN_POINT('Ctrl Pts',(4.61334608806453,2.76968938831002,-4.46713804898947));
#1727=CARTESIAN_POINT('Ctrl Pts',(4.57823890820024,2.83006964474059,-4.45769500905539));
#1728=CARTESIAN_POINT('Ctrl Pts',(4.54196312742152,2.88976326117406,-4.44825535469362));
#1729=CARTESIAN_POINT('Ctrl Pts',(4.5045463047946,2.94872913649777,-4.43881887954209));
#1730=CARTESIAN_POINT('Ctrl Pts',(4.39085366286979,3.12789951170053,-4.410145739625));
#1731=CARTESIAN_POINT('Ctrl Pts',(4.26662251994583,3.30034955697917,-4.38149764008957));
#1732=CARTESIAN_POINT('Ctrl Pts',(4.13267377098166,3.46489784746334,-4.35287542367513));
#1733=CARTESIAN_POINT('Ctrl Pts',(4.04241292778725,3.57577807262521,-4.33358845453478));
#1734=CARTESIAN_POINT('Ctrl Pts',(3.94774026698405,3.68307112587367,-4.31431323810637));
#1735=CARTESIAN_POINT('Ctrl Pts',(3.84891348077088,3.78642728229827,-4.29505003224481));
#1736=CARTESIAN_POINT('Ctrl Pts',(3.84053127434995,3.79519365699507,-4.29341618201));
#1737=CARTESIAN_POINT('Ctrl Pts',(3.83211871911481,3.80393220453865,-4.29178246163666));
#1738=CARTESIAN_POINT('Ctrl Pts',(3.82367595438259,3.81264271517053,-4.29014887000093));
#1739=CARTESIAN_POINT('Ctrl Pts',(3.63021302446606,4.0122409464799,-4.2527157027673));
#1740=CARTESIAN_POINT('Ctrl Pts',(3.42146287063441,4.19651283108995,-4.2153501331819));
#1741=CARTESIAN_POINT('Ctrl Pts',(3.19997468757959,4.36373889873026,-4.17803863882301));
#1742=CARTESIAN_POINT('Ctrl Pts',(3.15166963610043,4.40020975552547,-4.1699012581695));
#1743=CARTESIAN_POINT('Ctrl Pts',(3.10275868257713,4.43587002898936,-4.16176644958327));
#1744=CARTESIAN_POINT('Ctrl Pts',(3.0532682204096,4.47070221665667,-4.15363407278928));
#1745=CARTESIAN_POINT('Ctrl Pts',(2.87878062762854,4.59350940638937,-4.12496190469414));
#1746=CARTESIAN_POINT('Ctrl Pts',(2.6970825002937,4.70602346762206,-4.09631451327821));
#1747=CARTESIAN_POINT('Ctrl Pts',(2.50939101542055,4.80746214163538,-4.06769287650301));
#1748=CARTESIAN_POINT('Ctrl Pts',(2.3829390698119,4.87580364203757,-4.04840984051885));
#1749=CARTESIAN_POINT('Ctrl Pts',(2.25376703008159,4.93911895795718,-4.02913849461212));
#1750=CARTESIAN_POINT('Ctrl Pts',(2.12224865830395,4.99718221975127,-4.00987913784712));
#1751=CARTESIAN_POINT('Ctrl Pts',(2.10986385397544,5.0026499131714,-4.00806552533198));
#1752=CARTESIAN_POINT('Ctrl Pts',(2.09745755091379,5.00807134776613,-4.00625207877061));
#1753=CARTESIAN_POINT('Ctrl Pts',(2.08503003538856,5.01344633257005,-4.00443879652537));
#1754=CARTESIAN_POINT('Ctrl Pts',(1.8217659245806,5.12730984713463,-3.966026280607));
#1755=CARTESIAN_POINT('Ctrl Pts',(1.54978697147486,5.21997267151526,-3.92768750328377));
#1756=CARTESIAN_POINT('Ctrl Pts',(1.27235128746512,5.29078558149324,-3.88940689609403));
#1757=CARTESIAN_POINT('Ctrl Pts',(1.22173819270338,5.30370410902824,-3.88242329553036));
#1758=CARTESIAN_POINT('Ctrl Pts',(1.17094339643938,5.31589554472852,-3.87544163094822));
#1759=CARTESIAN_POINT('Ctrl Pts',(1.11998654848595,5.32735608631994,-3.86846180782243));
#1760=CARTESIAN_POINT('Ctrl Pts',(0.910667205042446,5.37443342995029,-3.83979025428804));
#1761=CARTESIAN_POINT('Ctrl Pts',(0.698602011606258,5.40917646500129,-3.81114322073422));
#1762=CARTESIAN_POINT('Ctrl Pts',(0.48522293009099,5.43132626665404,-3.78252181061848));
#1763=CARTESIAN_POINT('Ctrl Pts',(0.341495222137038,5.4462459120128,-3.76324302450161));
#1764=CARTESIAN_POINT('Ctrl Pts',(0.197171307053797,5.45545289178303,-3.74397586396714));
#1765=CARTESIAN_POINT('Ctrl Pts',(0.0526851475201052,5.45888099577086,-3.72472066624148));
#1766=CARTESIAN_POINT('Ctrl Pts',(0.0376944403054628,5.45923666792208,-3.72272290374024));
#1767=CARTESIAN_POINT('Ctrl Pts',(0.0227011583398896,5.45953016278606,-3.72072535001298));
#1768=CARTESIAN_POINT('Ctrl Pts',(0.0077057526144755,5.45976139268904,-3.71872800272063));
#1769=CARTESIAN_POINT('Ctrl Pts',(-0.284437311231716,5.46426625328087,-3.67981534052013));
#1770=CARTESIAN_POINT('Ctrl Pts',(-0.576483227783496,5.4451179463886,-3.64098103172133));
#1771=CARTESIAN_POINT('Ctrl Pts',(-0.865048333732453,5.40300222882772,-3.60220777987806));
#1772=CARTESIAN_POINT('Ctrl Pts',(-0.911962592962695,5.39615515116453,-3.59590411269629));
#1773=CARTESIAN_POINT('Ctrl Pts',(-0.958784959464695,5.38870102811886,-3.58960205934251));
#1774=CARTESIAN_POINT('Ctrl Pts',(-1.00550102388826,5.38064282724681,-3.58330154549085));
#1775=CARTESIAN_POINT('Ctrl Pts',(-1.21809400338116,5.34397199562007,-3.5546295024027));
#1776=CARTESIAN_POINT('Ctrl Pts',(-1.4285002719383,5.2947847115777,-3.52598173153439));
#1777=CARTESIAN_POINT('Ctrl Pts',(-1.63528939061301,5.2333910142991,-3.49735945111474));
#1778=CARTESIAN_POINT('Ctrl Pts',(-1.77453559341929,5.19205015808252,-3.47808598116799));
#1779=CARTESIAN_POINT('Ctrl Pts',(-1.91214212557169,5.14517542339061,-3.45882406938482));
#1780=CARTESIAN_POINT('Ctrl Pts',(-2.04768053130085,5.09287201260035,-3.43957408772496));
#1781=CARTESIAN_POINT('Ctrl Pts',(-2.06307305048763,5.08693213711051,-3.43738794933526));
#1782=CARTESIAN_POINT('Ctrl Pts',(-2.07843971900972,5.0809219418433,-3.43520207004268));
#1783=CARTESIAN_POINT('Ctrl Pts',(-2.0937799481964,5.07484154878826,-3.43301644656373));
#1784=CARTESIAN_POINT('Ctrl Pts',(-2.3650067796268,4.96733560985474,-3.39437297366113));
#1785=CARTESIAN_POINT('Ctrl Pts',(-2.62713791998304,4.83820893965762,-3.35580947042328));
#1786=CARTESIAN_POINT('Ctrl Pts',(-2.87737754051117,4.68936053280728,-3.31730778833891));
#1787=CARTESIAN_POINT('Ctrl Pts',(-2.91888737650057,4.6646695068914,-3.31092111581573));
#1788=CARTESIAN_POINT('Ctrl Pts',(-2.96007010255997,4.63943575366887,-3.30453614438138));
#1789=CARTESIAN_POINT('Ctrl Pts',(-3.00091307746176,4.61366787136377,-3.29815279119858));
#1790=CARTESIAN_POINT('Ctrl Pts',(-3.18442337201765,4.49789100439313,-3.26947194643528));
#1791=CARTESIAN_POINT('Ctrl Pts',(-3.36108990026818,4.37131729315804,-3.24081514778593));
#1792=CARTESIAN_POINT('Ctrl Pts',(-3.52970149523729,4.23478569827105,-3.21218371745782));
#1793=CARTESIAN_POINT('Ctrl Pts',(-3.64312367097483,4.14294319745231,-3.19292383724087));
#1794=CARTESIAN_POINT('Ctrl Pts',(-3.75290173109438,4.04659537604262,-3.17367543625514));
#1795=CARTESIAN_POINT('Ctrl Pts',(-3.85867865719349,3.9460041596653,-3.15443891696843));
#1796=CARTESIAN_POINT('Ctrl Pts',(-3.87175779986476,3.93356622145898,-3.15206035304596));
#1797=CARTESIAN_POINT('Ctrl Pts',(-3.88477642467577,3.92106280182036,-3.14968210686062));
#1798=CARTESIAN_POINT('Ctrl Pts',(-3.89773389437785,3.90849433757005,-3.14730417387318));
#1799=CARTESIAN_POINT('Ctrl Pts',(-4.10244641496685,3.7099276377612,-3.10973567733474));
#1800=CARTESIAN_POINT('Ctrl Pts',(-4.29128727172158,3.49570689620716,-3.07224535568263));
#1801=CARTESIAN_POINT('Ctrl Pts',(-4.46256352211545,3.2684346723643,-3.0348153088643));
#1802=CARTESIAN_POINT('Ctrl Pts',(-4.49582561258948,3.22429808451684,-3.02754634074493));
#1803=CARTESIAN_POINT('Ctrl Pts',(-4.52842532466348,3.17966912315851,-3.02027964584211));
#1804=CARTESIAN_POINT('Ctrl Pts',(-4.56035033842668,3.13456663982782,-3.01301509305318));
#1805=CARTESIAN_POINT('Ctrl Pts',(-4.57942543085173,3.107618051974,-3.00867454626741));
#1806=CARTESIAN_POINT('Ctrl Pts',(-4.59826005978978,3.08049983845782,-3.00433453633654));
#1807=CARTESIAN_POINT('Ctrl Pts',(-4.616851366728,3.05321629857068,-2.99999506719308));
#1808=CARTESIAN_POINT('',(-4.6155722683038,0.0805996636768411,-11.7292684723309));
#1809=CARTESIAN_POINT('Ctrl Pts',(-4.61557233161821,0.0805995693401916,
-11.7292691128068));
#1810=CARTESIAN_POINT('Ctrl Pts',(-4.61615587456075,0.0702981119295615,
-11.7276941093864));
#1811=CARTESIAN_POINT('Ctrl Pts',(-4.61669909029093,0.0599919742892038,
-11.7261177322));
#1812=CARTESIAN_POINT('Ctrl Pts',(-4.61797028074361,0.0338557288599747,
-11.7221174859558));
#1813=CARTESIAN_POINT('Ctrl Pts',(-4.61843143295904,0.022339584272956,-11.7203509709892));
#1814=CARTESIAN_POINT('Ctrl Pts',(-4.61873767819979,0.0148309152955677,
-11.7192021231875));
#1815=CARTESIAN_POINT('Ctrl Pts',(-4.61557213889374,0.0805997615105089,
-11.7292691039324));
#1816=CARTESIAN_POINT('Ctrl Pts',(-4.43577578198575,0.0836871740124568,
-11.6919520474844));
#1817=CARTESIAN_POINT('Ctrl Pts',(-4.25711038045976,0.087053382161974,-11.6547039434746));
#1818=CARTESIAN_POINT('Ctrl Pts',(-4.08142082814057,0.0908608066455111,
-11.6181515524686));
#1819=CARTESIAN_POINT('Ctrl Pts',(-3.93871724821107,0.0939533815706542,
-11.5884619267471));
#1820=CARTESIAN_POINT('Ctrl Pts',(-3.79797685717995,0.0973394350862574,
-11.5592319486696));
#1821=CARTESIAN_POINT('Ctrl Pts',(-3.6601940321446,0.101091309032159,-11.5307731268902));
#1822=CARTESIAN_POINT('Ctrl Pts',(-3.53365379232598,0.104537043496973,-11.5046364430763));
#1823=CARTESIAN_POINT('Ctrl Pts',(-3.409608091513,0.108292175190447,-11.4791504422429));
#1824=CARTESIAN_POINT('Ctrl Pts',(-3.28883376724894,0.112379973059591,-11.454528262139));
#1825=CARTESIAN_POINT('Ctrl Pts',(-3.17486460824011,0.1162374393562,-11.4312934464901));
#1826=CARTESIAN_POINT('Ctrl Pts',(-3.06380853519669,0.120391456859394,-11.4088278680366));
#1827=CARTESIAN_POINT('Ctrl Pts',(-2.95632499159037,0.124823378779141,-11.3872827278303));
#1828=CARTESIAN_POINT('Ctrl Pts',(-2.9301409583618,0.125903037924341,-11.3820341228052));
#1829=CARTESIAN_POINT('Ctrl Pts',(-2.90416897228651,0.12699899282001,-11.3768400059935));
#1830=CARTESIAN_POINT('Ctrl Pts',(-2.87841863200476,0.128110581784126,-11.3717022970528));
#1831=CARTESIAN_POINT('Ctrl Pts',(-3.40005801291454E-15,-2.88125,-10.1702552723121));
#1832=CARTESIAN_POINT('Ctrl Pts',(0.157807361414414,-2.88125,-10.1295279249868));
#1833=CARTESIAN_POINT('Ctrl Pts',(0.315408292392172,-2.86828522742644,-10.0888655411325));
#1834=CARTESIAN_POINT('Ctrl Pts',(0.661451638845229,-2.81091980115181,-9.99831193776815));
#1835=CARTESIAN_POINT('Ctrl Pts',(0.848048914100112,-2.76036265516574,-9.94861063829233));
#1836=CARTESIAN_POINT('Ctrl Pts',(1.20908686129705,-2.62244323930777,-9.84884797104213));
#1837=CARTESIAN_POINT('Ctrl Pts',(1.38255388404565,-2.53527978901937,-9.79902011835508));
#1838=CARTESIAN_POINT('Ctrl Pts',(1.70867064161424,-2.32792264007233,-9.69924683276773));
#1839=CARTESIAN_POINT('Ctrl Pts',(1.86058594461093,-2.20839313947905,-9.64955174853253));
#1840=CARTESIAN_POINT('Ctrl Pts',(2.13887239414472,-1.94018974875805,-9.54979317568936));
#1841=CARTESIAN_POINT('Ctrl Pts',(2.26441683868934,-1.79207323440943,-9.49995506940392));
#1842=CARTESIAN_POINT('Ctrl Pts',(2.4833880304917,-1.47362055590601,-9.40017231895495));
#1843=CARTESIAN_POINT('Ctrl Pts',(2.57640678174052,-1.30418687869562,-9.35048224052204));
#1844=CARTESIAN_POINT('Ctrl Pts',(2.72755167897138,-0.948463048382162,-9.25072633851889));
#1845=CARTESIAN_POINT('Ctrl Pts',(2.78512793755335,-0.763007796044294,-9.200879464534));
#1846=CARTESIAN_POINT('Ctrl Pts',(2.86201473660351,-0.384243995215286,-9.10108676793695));
#1847=CARTESIAN_POINT('Ctrl Pts',(2.88130847588656,-0.191925524812912,-9.05140040442105));
#1848=CARTESIAN_POINT('Ctrl Pts',(2.88119098074356,0.19458889197658,-8.95164581091321));
#1849=CARTESIAN_POINT('Ctrl Pts',(2.86159661291914,0.387800052517672,-8.90179173748932));
#1850=CARTESIAN_POINT('Ctrl Pts',(2.78411729522108,0.766462283279019,-8.80198880740813));
#1851=CARTESIAN_POINT('Ctrl Pts',(2.72660607014915,0.950997075536237,-8.75230480679123));
#1852=CARTESIAN_POINT('Ctrl Pts',(2.57522771161883,1.30664896302592,-8.65255026629041));
#1853=CARTESIAN_POINT('Ctrl Pts',(2.48157751394539,1.47678694040992,-8.60269063355362));
#1854=CARTESIAN_POINT('Ctrl Pts',(2.2620721644129,1.79493963571239,-8.50287738893235));
#1855=CARTESIAN_POINT('Ctrl Pts',(2.13691788287461,1.94225735759189,-8.453194352457));
#1856=CARTESIAN_POINT('Ctrl Pts',(1.85841068914562,2.21030289601167,-8.35343874377472));
#1857=CARTESIAN_POINT('Ctrl Pts',(1.70564337814221,2.33021605106405,-8.30357526006259));
#1858=CARTESIAN_POINT('Ctrl Pts',(1.37911259563814,2.53709199349379,-8.20375184575487));
#1859=CARTESIAN_POINT('Ctrl Pts',(1.20626375809096,2.62368410479431,-8.15406834183401));
#1860=CARTESIAN_POINT('Ctrl Pts',(0.664598629090511,2.83011345459992,-8.00447512240557));
#1861=CARTESIAN_POINT('Ctrl Pts',(0.279067922334198,2.8936750069532,-7.90553538744819));
#1862=CARTESIAN_POINT('Ctrl Pts',(-0.494053438609824,2.86481329102573,-7.7058806887584));
#1863=CARTESIAN_POINT('Ctrl Pts',(-0.87378483873332,2.77267816708912,-7.60693525219882));
#1864=CARTESIAN_POINT('Ctrl Pts',(-1.57419926170552,2.44400469604782,-7.40727137039309));
#1865=CARTESIAN_POINT('Ctrl Pts',(-1.88775774831594,2.21079914346006,-7.30831902783516));
#1866=CARTESIAN_POINT('Ctrl Pts',(-2.27463701096032,1.77899972265116,-7.15870161193106));
#1867=CARTESIAN_POINT('Ctrl Pts',(-2.3886061319569,1.62276633180651,-7.10903034929967));
#1868=CARTESIAN_POINT('Ctrl Pts',(-2.68238489693841,1.1212545661273,-6.95891444236099));
#1869=CARTESIAN_POINT('Ctrl Pts',(-2.80891430023253,0.749933928605935,-6.85975150975457));
#1870=CARTESIAN_POINT('Ctrl Pts',(-2.90722884125188,-0.0204725957951422,
-6.6591567102868));
#1871=CARTESIAN_POINT('Ctrl Pts',(-2.87800784527017,-0.411666644856717,
-6.55999559977196));
#1872=CARTESIAN_POINT('Ctrl Pts',(-2.71935249273786,-0.971738578509288,
-6.40964675443219));
#1873=CARTESIAN_POINT('Ctrl Pts',(-2.64785958453372,-1.15238753845917,-6.35975884246363));
#1874=CARTESIAN_POINT('Ctrl Pts',(-2.470106092953,-1.49578813524878,-6.25996419220328));
#1875=CARTESIAN_POINT('Ctrl Pts',(-2.36446272141276,-1.65774506244291,-6.21028182529498));
#1876=CARTESIAN_POINT('Ctrl Pts',(-2.12183495925822,-1.95881963554595,-6.11041197912432));
#1877=CARTESIAN_POINT('Ctrl Pts',(-1.98531581390967,-2.09706520128901,-6.06052768207567));
#1878=CARTESIAN_POINT('Ctrl Pts',(-1.68729230818496,-2.34347042652141,-5.9607253627156));
#1879=CARTESIAN_POINT('Ctrl Pts',(-1.52666714627437,-2.45114116140068,-5.91103600565716));
#1880=CARTESIAN_POINT('Ctrl Pts',(-1.18552860988811,-2.63318782603953,-5.81116694686543));
#1881=CARTESIAN_POINT('Ctrl Pts',(-1.00578651117133,-2.70694529275567,-5.76128955016719));
#1882=CARTESIAN_POINT('Ctrl Pts',(-0.635074089077846,-2.81700108072779,
-5.66148131155912));
#1883=CARTESIAN_POINT('Ctrl Pts',(-0.445102515523014,-2.85319028695929,
-5.61178332740746));
#1884=CARTESIAN_POINT('Ctrl Pts',(-0.168784879928926,-2.87754269488851,
-5.54014215313265));
#1885=CARTESIAN_POINT('Ctrl Pts',(-0.0843872111244744,-2.88125000000001,
-5.51835205559126));
#1886=CARTESIAN_POINT('Ctrl Pts',(-1.73472347597681E-16,-2.88125000000001,
-5.49657160767433));
#1887=CARTESIAN_POINT('Ctrl Pts',(-0.614223857467128,2.81559682883895,-3.00000000000001));
#1888=CARTESIAN_POINT('Ctrl Pts',(-0.553467669685355,2.82846656624259,-3.01595118769316));
#1889=CARTESIAN_POINT('Ctrl Pts',(-0.492312476143808,2.83955911090015,-3.03195057871396));
#1890=CARTESIAN_POINT('Ctrl Pts',(-0.430833761680149,2.8488565833166,-3.04800263264532));
#1891=CARTESIAN_POINT('Origin',(0.,0.,-19.));
#1892=CARTESIAN_POINT('',(2.92953692067989,-0.646384893367231,-19.));
#1893=CARTESIAN_POINT('',(2.42611996483873,-1.65345837498067,-19.));
#1894=CARTESIAN_POINT('Ctrl Pts',(2.92953692067989,-0.646384893367231,-19.));
#1895=CARTESIAN_POINT('Ctrl Pts',(2.82744591256,-1.01094152254079,-19.));
#1896=CARTESIAN_POINT('Ctrl Pts',(2.65735809589644,-1.35268507409851,-19.));
#1897=CARTESIAN_POINT('Ctrl Pts',(2.42611996483873,-1.65345837498067,-19.));
#1898=CARTESIAN_POINT('',(2.13440260734018,2.10815689875764,-19.));
#1899=CARTESIAN_POINT('Origin',(0.,0.,-19.));
#1900=CARTESIAN_POINT('Ctrl Pts',(1.97159944099974,2.10104669313905,-19.));
#1901=CARTESIAN_POINT('Ctrl Pts',(2.02409744605569,2.10475146202955,-19.));
#1902=CARTESIAN_POINT('Ctrl Pts',(2.078345429425,2.10718660740246,-19.));
#1903=CARTESIAN_POINT('Ctrl Pts',(2.13440260734018,2.10815689875764,-19.));
#1904=CARTESIAN_POINT('Ctrl Pts',(2.42611996483872,-1.65345837498055,-19.));
#1905=CARTESIAN_POINT('Ctrl Pts',(2.40245597046403,-1.65583973076725,-19.));
#1906=CARTESIAN_POINT('Ctrl Pts',(2.37877504336252,-1.65798272497092,-19.));
#1907=CARTESIAN_POINT('Ctrl Pts',(2.35507977269795,-1.6598797627325,-19.));
#1908=CARTESIAN_POINT('Origin',(0.,0.,-20.));
#1909=CARTESIAN_POINT('',(3.,3.67394039744206E-16,-20.));
#1910=CARTESIAN_POINT('Origin',(0.,0.,-20.));
#1911=CARTESIAN_POINT('',(3.,3.67394039744206E-16,-19.05));
#1912=CARTESIAN_POINT('',(3.,3.67394039744206E-16,-20.));
#1913=CARTESIAN_POINT('',(2.28104795801943,1.94854310007909,-19.05));
#1914=CARTESIAN_POINT('Origin',(0.,0.,-19.05));
#1915=CARTESIAN_POINT('Ctrl Pts',(2.13440260734018,2.10815689875764,-19.));
#1916=CARTESIAN_POINT('Ctrl Pts',(2.18520102039351,2.05672606581837,-19.0166727339218));
#1917=CARTESIAN_POINT('Ctrl Pts',(2.23411397084925,2.00348603450384,-19.0333346446298));
#1918=CARTESIAN_POINT('Ctrl Pts',(2.28104795806737,1.94854310011267,-19.0499999999757));
#1919=CARTESIAN_POINT('',(2.92953693269049,-0.646384845355276,-19.0499999999992));
#1920=CARTESIAN_POINT('Ctrl Pts',(2.92953693269049,-0.646384845355276,-19.0499999999992));
#1921=CARTESIAN_POINT('Ctrl Pts',(2.92953693269049,-0.646384845355276,-19.0333333333328));
#1922=CARTESIAN_POINT('Ctrl Pts',(2.92953692067989,-0.646384893367233,-19.0166666666664));
#1923=CARTESIAN_POINT('Ctrl Pts',(2.92953692067989,-0.646384893367233,-19.));
#1924=CARTESIAN_POINT('Origin',(0.,0.,-19.05));
#1925=CARTESIAN_POINT('Ctrl Pts',(-4.61873767810053,0.0148309177293156,
-12.6789844975041));
#1926=CARTESIAN_POINT('Ctrl Pts',(-4.61866229388218,0.0166792244664703,
-12.6793110224078));
#1927=CARTESIAN_POINT('Ctrl Pts',(-4.61858728621747,0.0185184284892079,
-12.6796375473115));
#1928=CARTESIAN_POINT('Ctrl Pts',(-4.60742989112748,0.292052249152812,-12.7276026123434));
#1929=CARTESIAN_POINT('Ctrl Pts',(-4.54302935034327,0.762110939575949,-12.7990401123439));
#1930=CARTESIAN_POINT('Ctrl Pts',(-4.37375830033946,1.33262659312643,-12.8942799572479));
#1931=CARTESIAN_POINT('Ctrl Pts',(-4.26138012898907,1.61360390978484,-12.9419015722157));
#1932=CARTESIAN_POINT('Ctrl Pts',(-4.07286927246729,2.0216193896692,-13.0133390722152));
#1933=CARTESIAN_POINT('Ctrl Pts',(-3.76910867952316,2.53803886672742,-13.1085890722131));
#1934=CARTESIAN_POINT('Ctrl Pts',(-3.37462505018365,2.98091621711548,-13.2038390722114));
#1935=CARTESIAN_POINT('Ctrl Pts',(-2.9410604976533,3.38125377639249,-13.299089072212));
#1936=CARTESIAN_POINT('Ctrl Pts',(-2.47057553938569,3.7352836419369,-13.3943390722134));
#1937=CARTESIAN_POINT('Ctrl Pts',(-1.94455836768341,3.98915969499409,-13.4895890722107));
#1938=CARTESIAN_POINT('Ctrl Pts',(-1.39951472287064,4.18898491456736,-13.5848390722114));
#1939=CARTESIAN_POINT('Ctrl Pts',(-0.838114262279736,4.33300326792416,-13.6800890722154));
#1940=CARTESIAN_POINT('Ctrl Pts',(-0.263808971363877,4.3651503891062,-13.7753390722126));
#1941=CARTESIAN_POINT('Ctrl Pts',(0.307199937061148,4.34075329286063,-13.8705890722081));
#1942=CARTESIAN_POINT('Ctrl Pts',(0.872107191728595,4.25954357317166,-13.9658390722124));
#1943=CARTESIAN_POINT('Ctrl Pts',(1.40658086511461,4.07182860820089,-14.0610890722144));
#1944=CARTESIAN_POINT('Ctrl Pts',(1.91659880194237,3.83383385718467,-14.1563390722136));
#1945=CARTESIAN_POINT('Ctrl Pts',(2.3996379451338,3.54655627998336,-14.2515890722136));
#1946=CARTESIAN_POINT('Ctrl Pts',(2.8147985062521,3.17400042277229,-14.3468390722141));
#1947=CARTESIAN_POINT('Ctrl Pts',(3.18867823924451,2.76491188876201,-14.4420890722139));
#1948=CARTESIAN_POINT('Ctrl Pts',(3.5194094119672,2.32126458466261,-14.5373390722104));
#1949=CARTESIAN_POINT('Ctrl Pts',(3.75623935120284,1.82578628806823,-14.632589072211));
#1950=CARTESIAN_POINT('Ctrl Pts',(4.0343782455275,1.05608190658096,-14.7754640722105));
#1951=CARTESIAN_POINT('Ctrl Pts',(4.11567306760042,0.512936240648683,-14.8707140722149));
#1952=CARTESIAN_POINT('Ctrl Pts',(4.06547820533998,-0.559903704830087,-15.0612140722159));
#1953=CARTESIAN_POINT('Ctrl Pts',(3.93434762322216,-1.0841962513406,-15.1564640722058));
#1954=CARTESIAN_POINT('Ctrl Pts',(3.48390330985745,-2.04018505672714,-15.3469640722061));
#1955=CARTESIAN_POINT('Ctrl Pts',(3.16694357392264,-2.46704940504388,-15.4422140722153));
#1956=CARTESIAN_POINT('Ctrl Pts',(2.39706004496106,-3.16560615098192,-15.6327140722158));
#1957=CARTESIAN_POINT('Ctrl Pts',(1.94815042120874,-3.433749199528,-15.7279640722154));
#1958=CARTESIAN_POINT('Ctrl Pts',(0.985441906078367,-3.77779169218365,-15.9184640722161));
#1959=CARTESIAN_POINT('Ctrl Pts',(0.47670438073718,-3.85195812663829,-16.0137140722152));
#1960=CARTESIAN_POINT('Ctrl Pts',(-0.527120460508825,-3.80127100086888,
-16.2042140722178));
#1961=CARTESIAN_POINT('Ctrl Pts',(-1.01687391382051,-3.67676051628047,-16.2994640722157));
#1962=CARTESIAN_POINT('Ctrl Pts',(-1.90889014156099,-3.25226641297304,-16.4899640722162));
#1963=CARTESIAN_POINT('Ctrl Pts',(-2.30636246740082,-2.95464576198449,-16.5852140722154));
#1964=CARTESIAN_POINT('Ctrl Pts',(-2.95572507720203,-2.23321145610662,-16.7757140722145));
#1965=CARTESIAN_POINT('Ctrl Pts',(-3.20410054943719,-1.81341648891584,-16.870964072216));
#1966=CARTESIAN_POINT('Ctrl Pts',(-3.52121039069485,-0.914289667585936,
-17.0614640722145));
#1967=CARTESIAN_POINT('Ctrl Pts',(-3.5882422365664,-0.440015513011049,-17.1567140722159));
#1968=CARTESIAN_POINT('Ctrl Pts',(-3.53697868872167,0.49476036763261,-17.3472140722158));
#1969=CARTESIAN_POINT('Ctrl Pts',(-3.41905219583769,0.949940433789765,-17.4424640722154));
#1970=CARTESIAN_POINT('Ctrl Pts',(-3.02042451629997,1.77793439285136,-17.6329640722139));
#1971=CARTESIAN_POINT('Ctrl Pts',(-2.74210575364207,2.14597760718059,-17.7282140722147));
#1972=CARTESIAN_POINT('Ctrl Pts',(-2.06904817669959,2.7460723024518,-17.9187140722232));
#1973=CARTESIAN_POINT('Ctrl Pts',(-1.67833930214615,2.97463434029709,-18.0139640722146));
#1974=CARTESIAN_POINT('Ctrl Pts',(-0.842747237275825,3.26471407367337,-18.204464072217));
#1975=CARTESIAN_POINT('Ctrl Pts',(-0.402923400603645,3.32455747217491,-18.2997140722147));
#1976=CARTESIAN_POINT('Ctrl Pts',(0.462813086115875,3.2726046782966,-18.490214072214));
#1977=CARTESIAN_POINT('Ctrl Pts',(0.883412621871893,3.16120523126452,-18.5854640722135));
#1978=CARTESIAN_POINT('Ctrl Pts',(1.64734944997992,2.78832987045275,-18.7759640722227));
#1979=CARTESIAN_POINT('Ctrl Pts',(1.98593442330072,2.52926043061259,-18.8712140722149));
#1980=CARTESIAN_POINT('Ctrl Pts',(2.53668132569348,1.9044815633881,-19.0617140722218));
#1981=CARTESIAN_POINT('Ctrl Pts',(2.74538046005838,1.54281916178042,-19.1569640722148));
#1982=CARTESIAN_POINT('Ctrl Pts',(3.00831233803817,0.770697559357625,-19.3474640722314));
#1983=CARTESIAN_POINT('Ctrl Pts',(3.06090187167581,0.365306129798558,-19.442714072215));
#1984=CARTESIAN_POINT('Ctrl Pts',(3.0081218873941,-0.43140851106553,-19.6332140722259));
#1985=CARTESIAN_POINT('Ctrl Pts',(2.90316398379484,-0.817408727211125,-19.7284640722153));
#1986=CARTESIAN_POINT('Ctrl Pts',(2.61227889757237,-1.40371776427748,-19.8880545312637));
#1987=CARTESIAN_POINT('Ctrl Pts',(2.46464551060985,-1.62137718294476,-19.9523949903115));
#1988=CARTESIAN_POINT('Ctrl Pts',(2.29243389177527,-1.8150861133098,-20.0167354493598));
#1989=CARTESIAN_POINT('Ctrl Pts',(-4.61873767810053,0.0148309177293156,
-12.3571095156648));
#1990=CARTESIAN_POINT('Ctrl Pts',(-4.61866229388219,0.0166792244664703,
-12.3574360405685));
#1991=CARTESIAN_POINT('Ctrl Pts',(-4.61858728621747,0.0185184284892079,
-12.3577625654722));
#1992=CARTESIAN_POINT('Ctrl Pts',(-4.60742989112748,0.292052249152812,-12.4057276305065));
#1993=CARTESIAN_POINT('Ctrl Pts',(-4.54302935034327,0.762110939575949,-12.4771651305067));
#1994=CARTESIAN_POINT('Ctrl Pts',(-4.37375830033946,1.33262659312643,-12.5724049754087));
#1995=CARTESIAN_POINT('Ctrl Pts',(-4.26138012898907,1.61360390978484,-12.6200265903758));
#1996=CARTESIAN_POINT('Ctrl Pts',(-4.07286927246729,2.0216193896692,-12.691464090375));
#1997=CARTESIAN_POINT('Ctrl Pts',(-3.76910867952316,2.53803886672742,-12.786714090375));
#1998=CARTESIAN_POINT('Ctrl Pts',(-3.37462505018365,2.98091621711548,-12.8819640903755));
#1999=CARTESIAN_POINT('Ctrl Pts',(-2.9410604976533,3.38125377639249,-12.9772140903755));
#2000=CARTESIAN_POINT('Ctrl Pts',(-2.47057553938569,3.7352836419369,-13.0724640903753));
#2001=CARTESIAN_POINT('Ctrl Pts',(-1.94455836768341,3.98915969499409,-13.1677140903755));
#2002=CARTESIAN_POINT('Ctrl Pts',(-1.39951472287064,4.18898491456736,-13.2629640903755));
#2003=CARTESIAN_POINT('Ctrl Pts',(-0.838114262279736,4.33300326792416,-13.3582140903754));
#2004=CARTESIAN_POINT('Ctrl Pts',(-0.263808971363877,4.3651503891062,-13.4534640903756));
#2005=CARTESIAN_POINT('Ctrl Pts',(0.307199937061148,4.34075329286063,-13.5487140903755));
#2006=CARTESIAN_POINT('Ctrl Pts',(0.872107191728595,4.25954357317166,-13.6439640903758));
#2007=CARTESIAN_POINT('Ctrl Pts',(1.40658086511461,4.07182860820089,-13.7392140903759));
#2008=CARTESIAN_POINT('Ctrl Pts',(1.91659880194237,3.83383385718467,-13.8344640903749));
#2009=CARTESIAN_POINT('Ctrl Pts',(2.3996379451338,3.54655627998336,-13.9297140903749));
#2010=CARTESIAN_POINT('Ctrl Pts',(2.8147985062521,3.17400042277229,-14.0249640903753));
#2011=CARTESIAN_POINT('Ctrl Pts',(3.18867823924451,2.76491188876201,-14.1202140903753));
#2012=CARTESIAN_POINT('Ctrl Pts',(3.5194094119672,2.32126458466261,-14.2154640903755));
#2013=CARTESIAN_POINT('Ctrl Pts',(3.75623935120284,1.82578628806823,-14.3107140903755));
#2014=CARTESIAN_POINT('Ctrl Pts',(4.0343782455275,1.05608190658096,-14.4535890903751));
#2015=CARTESIAN_POINT('Ctrl Pts',(4.11567306760042,0.512936240648683,-14.5488390903745));
#2016=CARTESIAN_POINT('Ctrl Pts',(4.06547820533998,-0.559903704830089,-14.7393390903755));
#2017=CARTESIAN_POINT('Ctrl Pts',(3.93434762322216,-1.0841962513406,-14.8345890903754));
#2018=CARTESIAN_POINT('Ctrl Pts',(3.48390330985745,-2.04018505672714,-15.0250890903757));
#2019=CARTESIAN_POINT('Ctrl Pts',(3.16694357392264,-2.46704940504388,-15.120339090375));
#2020=CARTESIAN_POINT('Ctrl Pts',(2.39706004496106,-3.16560615098192,-15.3108390903756));
#2021=CARTESIAN_POINT('Ctrl Pts',(1.94815042120874,-3.433749199528,-15.4060890903754));
#2022=CARTESIAN_POINT('Ctrl Pts',(0.985441906078368,-3.77779169218365,-15.5965890903759));
#2023=CARTESIAN_POINT('Ctrl Pts',(0.47670438073718,-3.85195812663829,-15.6918390903748));
#2024=CARTESIAN_POINT('Ctrl Pts',(-0.527120460508822,-3.80127100086888,
-15.8823390903768));
#2025=CARTESIAN_POINT('Ctrl Pts',(-1.0168739138205,-3.67676051628047,-15.977589090376));
#2026=CARTESIAN_POINT('Ctrl Pts',(-1.90889014156099,-3.25226641297304,-16.1680890903759));
#2027=CARTESIAN_POINT('Ctrl Pts',(-2.30636246740082,-2.95464576198449,-16.2633390903762));
#2028=CARTESIAN_POINT('Ctrl Pts',(-2.95572507720203,-2.23321145610662,-16.4538390903759));
#2029=CARTESIAN_POINT('Ctrl Pts',(-3.20410054943719,-1.81341648891584,-16.5490890903768));
#2030=CARTESIAN_POINT('Ctrl Pts',(-3.52121039069485,-0.914289667585936,
-16.7395890903752));
#2031=CARTESIAN_POINT('Ctrl Pts',(-3.5882422365664,-0.440015513011049,-16.8348390903767));
#2032=CARTESIAN_POINT('Ctrl Pts',(-3.53697868872167,0.49476036763261,-17.0253390903754));
#2033=CARTESIAN_POINT('Ctrl Pts',(-3.41905219583769,0.949940433789765,-17.1205890903766));
#2034=CARTESIAN_POINT('Ctrl Pts',(-3.02042451629997,1.77793439285136,-17.311089090376));
#2035=CARTESIAN_POINT('Ctrl Pts',(-2.74210575364207,2.14597760718059,-17.4063390903763));
#2036=CARTESIAN_POINT('Ctrl Pts',(-2.06904817669959,2.7460723024518,-17.596839090376));
#2037=CARTESIAN_POINT('Ctrl Pts',(-1.67833930214615,2.97463434029709,-17.6920890903761));
#2038=CARTESIAN_POINT('Ctrl Pts',(-0.842747237275827,3.26471407367337,-17.8825890903766));
#2039=CARTESIAN_POINT('Ctrl Pts',(-0.402923400603645,3.32455747217491,-17.9778390903763));
#2040=CARTESIAN_POINT('Ctrl Pts',(0.462813086115875,3.2726046782966,-18.1683390903767));
#2041=CARTESIAN_POINT('Ctrl Pts',(0.883412621871893,3.16120523126452,-18.263589090376));
#2042=CARTESIAN_POINT('Ctrl Pts',(1.64734944997991,2.78832987045275,-18.454089090377));
#2043=CARTESIAN_POINT('Ctrl Pts',(1.98593442330072,2.52926043061259,-18.5493390903776));
#2044=CARTESIAN_POINT('Ctrl Pts',(2.53668132569348,1.90448156338811,-18.7398390903757));
#2045=CARTESIAN_POINT('Ctrl Pts',(2.74538046005838,1.54281916178042,-18.8350890903772));
#2046=CARTESIAN_POINT('Ctrl Pts',(3.00831233803817,0.770697559357623,-19.0255890903757));
#2047=CARTESIAN_POINT('Ctrl Pts',(3.06090187167581,0.365306129798558,-19.1208390903767));
#2048=CARTESIAN_POINT('Ctrl Pts',(3.0081218873941,-0.43140851106553,-19.311339090376));
#2049=CARTESIAN_POINT('Ctrl Pts',(2.90316398379484,-0.817408727211125,-19.4065890903762));
#2050=CARTESIAN_POINT('Ctrl Pts',(2.61227889757237,-1.40371776427748,-19.5661795494244));
#2051=CARTESIAN_POINT('Ctrl Pts',(2.46464551060985,-1.62137718294476,-19.6305200084722));
#2052=CARTESIAN_POINT('Ctrl Pts',(2.29243389177527,-1.8150861133098,-19.6948604675205));
#2053=CARTESIAN_POINT('Ctrl Pts',(-4.61873767810053,0.0148309177293156,
-12.0352345338262));
#2054=CARTESIAN_POINT('Ctrl Pts',(-4.61866229388219,0.0166792244664704,
-12.0355610587299));
#2055=CARTESIAN_POINT('Ctrl Pts',(-4.61858728621747,0.0185184284892079,
-12.0358875836337));
#2056=CARTESIAN_POINT('Ctrl Pts',(-4.60742989112748,0.292052249152812,-12.083852648668));
#2057=CARTESIAN_POINT('Ctrl Pts',(-4.54302935034327,0.762110939575946,-12.1552901486684));
#2058=CARTESIAN_POINT('Ctrl Pts',(-4.37375830033946,1.33262659312643,-12.2505299935703));
#2059=CARTESIAN_POINT('Ctrl Pts',(-4.26138012898907,1.61360390978484,-12.2981516085373));
#2060=CARTESIAN_POINT('Ctrl Pts',(-4.07286927246729,2.0216193896692,-12.3695891085367));
#2061=CARTESIAN_POINT('Ctrl Pts',(-3.76910867952316,2.53803886672742,-12.4648391085368));
#2062=CARTESIAN_POINT('Ctrl Pts',(-3.37462505018365,2.98091621711548,-12.5600891085375));
#2063=CARTESIAN_POINT('Ctrl Pts',(-2.9410604976533,3.38125377639249,-12.6553391085375));
#2064=CARTESIAN_POINT('Ctrl Pts',(-2.47057553938569,3.7352836419369,-12.7505891085373));
#2065=CARTESIAN_POINT('Ctrl Pts',(-1.94455836768341,3.98915969499409,-12.8458391085376));
#2066=CARTESIAN_POINT('Ctrl Pts',(-1.39951472287064,4.18898491456737,-12.9410891085375));
#2067=CARTESIAN_POINT('Ctrl Pts',(-0.838114262279739,4.33300326792416,-13.0363391085373));
#2068=CARTESIAN_POINT('Ctrl Pts',(-0.263808971363877,4.3651503891062,-13.1315891085376));
#2069=CARTESIAN_POINT('Ctrl Pts',(0.30719993706115,4.34075329286063,-13.2268391085377));
#2070=CARTESIAN_POINT('Ctrl Pts',(0.872107191728595,4.25954357317166,-13.3220891085378));
#2071=CARTESIAN_POINT('Ctrl Pts',(1.40658086511461,4.07182860820089,-13.4173391085378));
#2072=CARTESIAN_POINT('Ctrl Pts',(1.91659880194237,3.83383385718467,-13.5125891085367));
#2073=CARTESIAN_POINT('Ctrl Pts',(2.3996379451338,3.54655627998336,-13.6078391085367));
#2074=CARTESIAN_POINT('Ctrl Pts',(2.8147985062521,3.17400042277229,-13.7030891085372));
#2075=CARTESIAN_POINT('Ctrl Pts',(3.18867823924451,2.76491188876201,-13.7983391085372));
#2076=CARTESIAN_POINT('Ctrl Pts',(3.5194094119672,2.32126458466261,-13.8935891085377));
#2077=CARTESIAN_POINT('Ctrl Pts',(3.75623935120284,1.82578628806823,-13.9888391085377));
#2078=CARTESIAN_POINT('Ctrl Pts',(4.0343782455275,1.05608190658096,-14.1317141085373));
#2079=CARTESIAN_POINT('Ctrl Pts',(4.11567306760042,0.512936240648683,-14.2269641085365));
#2080=CARTESIAN_POINT('Ctrl Pts',(4.06547820533998,-0.559903704830087,-14.4174641085375));
#2081=CARTESIAN_POINT('Ctrl Pts',(3.93434762322216,-1.0841962513406,-14.5127141085379));
#2082=CARTESIAN_POINT('Ctrl Pts',(3.48390330985745,-2.04018505672714,-14.7032141085381));
#2083=CARTESIAN_POINT('Ctrl Pts',(3.16694357392264,-2.46704940504388,-14.7984641085369));
#2084=CARTESIAN_POINT('Ctrl Pts',(2.39706004496106,-3.16560615098192,-14.9889641085373));
#2085=CARTESIAN_POINT('Ctrl Pts',(1.94815042120874,-3.433749199528,-15.084214108537));
#2086=CARTESIAN_POINT('Ctrl Pts',(0.985441906078368,-3.77779169218365,-15.2747141085374));
#2087=CARTESIAN_POINT('Ctrl Pts',(0.47670438073718,-3.85195812663829,-15.3699641085372));
#2088=CARTESIAN_POINT('Ctrl Pts',(-0.527120460508822,-3.80127100086888,
-15.5604641085372));
#2089=CARTESIAN_POINT('Ctrl Pts',(-1.01687391382051,-3.67676051628047,-15.6557141085374));
#2090=CARTESIAN_POINT('Ctrl Pts',(-1.90889014156099,-3.25226641297304,-15.8462141085372));
#2091=CARTESIAN_POINT('Ctrl Pts',(-2.30636246740082,-2.95464576198449,-15.9414641085376));
#2092=CARTESIAN_POINT('Ctrl Pts',(-2.95572507720203,-2.23321145610662,-16.1319641085373));
#2093=CARTESIAN_POINT('Ctrl Pts',(-3.20410054943719,-1.81341648891584,-16.2272141085382));
#2094=CARTESIAN_POINT('Ctrl Pts',(-3.52121039069485,-0.914289667585939,
-16.4177141085365));
#2095=CARTESIAN_POINT('Ctrl Pts',(-3.5882422365664,-0.440015513011052,-16.5129641085381));
#2096=CARTESIAN_POINT('Ctrl Pts',(-3.53697868872167,0.494760367632607,-16.7034641085366));
#2097=CARTESIAN_POINT('Ctrl Pts',(-3.41905219583769,0.949940433789765,-16.7987141085378));
#2098=CARTESIAN_POINT('Ctrl Pts',(-3.02042451629997,1.77793439285136,-16.9892141085372));
#2099=CARTESIAN_POINT('Ctrl Pts',(-2.74210575364207,2.14597760718059,-17.0844641085374));
#2100=CARTESIAN_POINT('Ctrl Pts',(-2.06904817669959,2.7460723024518,-17.2749641085368));
#2101=CARTESIAN_POINT('Ctrl Pts',(-1.67833930214615,2.97463434029709,-17.3702141085372));
#2102=CARTESIAN_POINT('Ctrl Pts',(-0.842747237275825,3.26471407367337,-17.5607141085377));
#2103=CARTESIAN_POINT('Ctrl Pts',(-0.402923400603645,3.32455747217491,-17.6559641085375));
#2104=CARTESIAN_POINT('Ctrl Pts',(0.462813086115875,3.2726046782966,-17.8464641085378));
#2105=CARTESIAN_POINT('Ctrl Pts',(0.883412621871893,3.16120523126452,-17.941714108537));
#2106=CARTESIAN_POINT('Ctrl Pts',(1.64734944997992,2.78832987045275,-18.1322141085376));
#2107=CARTESIAN_POINT('Ctrl Pts',(1.98593442330072,2.52926043061259,-18.2274641085385));
#2108=CARTESIAN_POINT('Ctrl Pts',(2.53668132569348,1.90448156338811,-18.4179641085362));
#2109=CARTESIAN_POINT('Ctrl Pts',(2.74538046005838,1.54281916178042,-18.513214108538));
#2110=CARTESIAN_POINT('Ctrl Pts',(3.00831233803817,0.770697559357625,-18.7037141085358));
#2111=CARTESIAN_POINT('Ctrl Pts',(3.06090187167581,0.365306129798558,-18.7989641085375));
#2112=CARTESIAN_POINT('Ctrl Pts',(3.0081218873941,-0.43140851106553,-18.9894641085366));
#2113=CARTESIAN_POINT('Ctrl Pts',(2.90316398379484,-0.817408727211125,-19.0847141085374));
#2114=CARTESIAN_POINT('Ctrl Pts',(2.61227889757237,-1.40371776427748,-19.2443045675857));
#2115=CARTESIAN_POINT('Ctrl Pts',(2.46464551060985,-1.62137718294476,-19.3086450266337));
#2116=CARTESIAN_POINT('Ctrl Pts',(2.29243389177527,-1.8150861133098,-19.3729854856819));
#2117=CARTESIAN_POINT('Ctrl Pts',(-4.61873767810053,0.0148309177293157,
-11.713359551988));
#2118=CARTESIAN_POINT('Ctrl Pts',(-4.61866229388219,0.0166792244664705,
-11.7136860768918));
#2119=CARTESIAN_POINT('Ctrl Pts',(-4.61858728621747,0.018518428489208,-11.7140126017955));
#2120=CARTESIAN_POINT('Ctrl Pts',(-4.60742989112748,0.292052249152809,-11.7619776668297));
#2121=CARTESIAN_POINT('Ctrl Pts',(-4.54302935034327,0.762110939575947,-11.8334151668301));
#2122=CARTESIAN_POINT('Ctrl Pts',(-4.37375830033946,1.33262659312643,-11.9286550117322));
#2123=CARTESIAN_POINT('Ctrl Pts',(-4.26138012898907,1.61360390978484,-11.9762766266993));
#2124=CARTESIAN_POINT('Ctrl Pts',(-4.07286927246729,2.0216193896692,-12.0477141266987));
#2125=CARTESIAN_POINT('Ctrl Pts',(-3.76910867952316,2.53803886672742,-12.1429641266986));
#2126=CARTESIAN_POINT('Ctrl Pts',(-3.37462505018365,2.98091621711548,-12.2382141266991));
#2127=CARTESIAN_POINT('Ctrl Pts',(-2.9410604976533,3.38125377639249,-12.3334641266992));
#2128=CARTESIAN_POINT('Ctrl Pts',(-2.47057553938569,3.7352836419369,-12.4287141266992));
#2129=CARTESIAN_POINT('Ctrl Pts',(-1.94455836768341,3.98915969499409,-12.5239641266991));
#2130=CARTESIAN_POINT('Ctrl Pts',(-1.39951472287064,4.18898491456737,-12.6192141266992));
#2131=CARTESIAN_POINT('Ctrl Pts',(-0.838114262279736,4.33300326792417,-12.7144641266993));
#2132=CARTESIAN_POINT('Ctrl Pts',(-0.263808971363877,4.3651503891062,-12.8097141266993));
#2133=CARTESIAN_POINT('Ctrl Pts',(0.307199937061148,4.34075329286063,-12.904964126699));
#2134=CARTESIAN_POINT('Ctrl Pts',(0.872107191728595,4.25954357317166,-13.0002141266995));
#2135=CARTESIAN_POINT('Ctrl Pts',(1.40658086511461,4.07182860820089,-13.0954641266997));
#2136=CARTESIAN_POINT('Ctrl Pts',(1.91659880194237,3.83383385718467,-13.1907141266986));
#2137=CARTESIAN_POINT('Ctrl Pts',(2.3996379451338,3.54655627998337,-13.2859641266986));
#2138=CARTESIAN_POINT('Ctrl Pts',(2.8147985062521,3.17400042277229,-13.3812141266992));
#2139=CARTESIAN_POINT('Ctrl Pts',(3.18867823924451,2.76491188876201,-13.4764641266992));
#2140=CARTESIAN_POINT('Ctrl Pts',(3.5194094119672,2.32126458466261,-13.5717141266993));
#2141=CARTESIAN_POINT('Ctrl Pts',(3.75623935120285,1.82578628806823,-13.6669641266993));
#2142=CARTESIAN_POINT('Ctrl Pts',(4.0343782455275,1.05608190658096,-13.8098391266989));
#2143=CARTESIAN_POINT('Ctrl Pts',(4.11567306760042,0.512936240648683,-13.9050891266986));
#2144=CARTESIAN_POINT('Ctrl Pts',(4.06547820533998,-0.559903704830087,-14.0955891266997));
#2145=CARTESIAN_POINT('Ctrl Pts',(3.93434762322216,-1.0841962513406,-14.190839126699));
#2146=CARTESIAN_POINT('Ctrl Pts',(3.48390330985745,-2.04018505672714,-14.3813391266993));
#2147=CARTESIAN_POINT('Ctrl Pts',(3.16694357392264,-2.46704940504388,-14.4765891266989));
#2148=CARTESIAN_POINT('Ctrl Pts',(2.39706004496106,-3.16560615098192,-14.6670891266994));
#2149=CARTESIAN_POINT('Ctrl Pts',(1.94815042120874,-3.433749199528,-14.7623391266989));
#2150=CARTESIAN_POINT('Ctrl Pts',(0.985441906078368,-3.77779169218365,-14.9528391266994));
#2151=CARTESIAN_POINT('Ctrl Pts',(0.476704380737181,-3.85195812663829,-15.0480891267002));
#2152=CARTESIAN_POINT('Ctrl Pts',(-0.527120460508822,-3.80127100086888,
-15.2385891266981));
#2153=CARTESIAN_POINT('Ctrl Pts',(-1.0168739138205,-3.67676051628047,-15.3338391266992));
#2154=CARTESIAN_POINT('Ctrl Pts',(-1.90889014156099,-3.25226641297304,-15.5243391266991));
#2155=CARTESIAN_POINT('Ctrl Pts',(-2.30636246740082,-2.95464576198449,-15.6195891266993));
#2156=CARTESIAN_POINT('Ctrl Pts',(-2.95572507720203,-2.23321145610662,-15.810089126699));
#2157=CARTESIAN_POINT('Ctrl Pts',(-3.20410054943719,-1.81341648891584,-15.9053391267));
#2158=CARTESIAN_POINT('Ctrl Pts',(-3.52121039069485,-0.914289667585936,
-16.0958391266983));
#2159=CARTESIAN_POINT('Ctrl Pts',(-3.5882422365664,-0.440015513011049,-16.1910891266998));
#2160=CARTESIAN_POINT('Ctrl Pts',(-3.53697868872167,0.49476036763261,-16.3815891266985));
#2161=CARTESIAN_POINT('Ctrl Pts',(-3.41905219583769,0.949940433789765,-16.4768391266995));
#2162=CARTESIAN_POINT('Ctrl Pts',(-3.02042451629997,1.77793439285136,-16.6673391266988));
#2163=CARTESIAN_POINT('Ctrl Pts',(-2.74210575364207,2.14597760718059,-16.7625891266991));
#2164=CARTESIAN_POINT('Ctrl Pts',(-2.0690481766996,2.7460723024518,-16.9530891266993));
#2165=CARTESIAN_POINT('Ctrl Pts',(-1.67833930214615,2.97463434029709,-17.0483391266988));
#2166=CARTESIAN_POINT('Ctrl Pts',(-0.842747237275827,3.26471407367337,-17.2388391266995));
#2167=CARTESIAN_POINT('Ctrl Pts',(-0.402923400603645,3.32455747217491,-17.334089126699));
#2168=CARTESIAN_POINT('Ctrl Pts',(0.462813086115875,3.2726046782966,-17.5245891266993));
#2169=CARTESIAN_POINT('Ctrl Pts',(0.883412621871894,3.16120523126452,-17.6198391266984));
#2170=CARTESIAN_POINT('Ctrl Pts',(1.64734944997991,2.78832987045275,-17.8103391266999));
#2171=CARTESIAN_POINT('Ctrl Pts',(1.98593442330072,2.52926043061259,-17.9055891266998));
#2172=CARTESIAN_POINT('Ctrl Pts',(2.53668132569348,1.90448156338811,-18.0960891266985));
#2173=CARTESIAN_POINT('Ctrl Pts',(2.74538046005838,1.54281916178042,-18.1913391266993));
#2174=CARTESIAN_POINT('Ctrl Pts',(3.00831233803817,0.770697559357625,-18.381839126699));
#2175=CARTESIAN_POINT('Ctrl Pts',(3.06090187167581,0.365306129798558,-18.477089126699));
#2176=CARTESIAN_POINT('Ctrl Pts',(3.0081218873941,-0.43140851106553,-18.6675891266993));
#2177=CARTESIAN_POINT('Ctrl Pts',(2.90316398379484,-0.817408727211125,-18.7628391266991));
#2178=CARTESIAN_POINT('Ctrl Pts',(2.61227889757237,-1.40371776427748,-18.9224295857475));
#2179=CARTESIAN_POINT('Ctrl Pts',(2.46464551060985,-1.62137718294476,-18.9867700447955));
#2180=CARTESIAN_POINT('Ctrl Pts',(2.29243389177527,-1.8150861133098,-19.0511105038437));
#2181=CARTESIAN_POINT('Ctrl Pts',(2.42611996483873,-1.65345837498067,-19.));
#2182=CARTESIAN_POINT('Ctrl Pts',(2.48163198054878,-1.5812534487111,-18.9775202030692));
#2183=CARTESIAN_POINT('Ctrl Pts',(2.53379920097687,-1.50646883505199,-18.9550952451624));
#2184=CARTESIAN_POINT('Ctrl Pts',(2.66801565980312,-1.29365662094976,-18.8933140857937));
#2185=CARTESIAN_POINT('Ctrl Pts',(2.74220823088041,-1.15144152573677,-18.8542554638328));
#2186=CARTESIAN_POINT('Ctrl Pts',(2.84650896188514,-0.904563253523065,-18.789072958178));
#2187=CARTESIAN_POINT('Ctrl Pts',(2.88296500144662,-0.80328492683385,-18.7630084438673));
#2188=CARTESIAN_POINT('Ctrl Pts',(2.95540428505569,-0.562076338191663,-18.7021001777401));
#2189=CARTESIAN_POINT('Ctrl Pts',(2.98690713905976,-0.420972162116753,-18.6673500808231));
#2190=CARTESIAN_POINT('Ctrl Pts',(3.03810923972115,-0.0772726100625652,
-18.5839542612667));
#2191=CARTESIAN_POINT('Ctrl Pts',(3.04760584620375,0.125890933735564,-18.5357022466392));
#2192=CARTESIAN_POINT('Ctrl Pts',(3.02600211363268,0.532616652260095,-18.4390633117231));
#2193=CARTESIAN_POINT('Ctrl Pts',(2.99473763918169,0.735162862964892,-18.3909113797392));
#2194=CARTESIAN_POINT('Ctrl Pts',(2.89187596469093,1.13389756774629,-18.2942103158021));
#2195=CARTESIAN_POINT('Ctrl Pts',(2.81995111405801,1.32876010079909,-18.2459851442387));
#2196=CARTESIAN_POINT('Ctrl Pts',(2.63790481235426,1.70253325931921,-18.1494365020493));
#2197=CARTESIAN_POINT('Ctrl Pts',(2.52803135524016,1.88048230219361,-18.1013365673676));
#2198=CARTESIAN_POINT('Ctrl Pts',(2.27288986436299,2.21446777333712,-18.004716511182));
#2199=CARTESIAN_POINT('Ctrl Pts',(2.12781507128785,2.36911855134752,-17.9565150435369));
#2200=CARTESIAN_POINT('Ctrl Pts',(1.80830941187455,2.64812763495255,-17.8600554802898));
#2201=CARTESIAN_POINT('Ctrl Pts',(1.63445323743161,2.77174454432147,-17.812005514908));
#2202=CARTESIAN_POINT('Ctrl Pts',(1.26213238989353,2.98441739408174,-17.7154644484301));
#2203=CARTESIAN_POINT('Ctrl Pts',(1.06437658365773,3.07223263533118,-17.6672856287953));
#2204=CARTESIAN_POINT('Ctrl Pts',(0.653533045757321,3.20771820941528,-17.5709118208267));
#2205=CARTESIAN_POINT('Ctrl Pts',(0.441216830190676,3.25496225596271,-17.5229097468261));
#2206=CARTESIAN_POINT('Ctrl Pts',(0.117601602559323,3.29396178868372,-17.4510004525851));
#2207=CARTESIAN_POINT('Ctrl Pts',(0.00879429262612478,3.30159742398453,
-17.4270399189803));
#2208=CARTESIAN_POINT('Ctrl Pts',(-0.321292424668911,3.30827440309642,-17.3546063576439));
#2209=CARTESIAN_POINT('Ctrl Pts',(-0.54235899947461,3.29050966340191,-17.3064290828605));
#2210=CARTESIAN_POINT('Ctrl Pts',(-0.978066937935673,3.2115629484039,-17.2101895727356));
#2211=CARTESIAN_POINT('Ctrl Pts',(-1.1916389699565,3.15049820716611,-17.1623881837391));
#2212=CARTESIAN_POINT('Ctrl Pts',(-1.60755104495047,2.98534664238436,-17.0661360552424));
#2213=CARTESIAN_POINT('Ctrl Pts',(-1.80821887500475,2.88131646582243,-17.0179922499863));
#2214=CARTESIAN_POINT('Ctrl Pts',(-2.18645292946493,2.63499468333885,-16.9217958209892));
#2215=CARTESIAN_POINT('Ctrl Pts',(-2.36302583978078,2.49323843668575,-16.8740120437799));
#2216=CARTESIAN_POINT('Ctrl Pts',(-2.68856897325905,2.17379845730986,-16.7777996599532));
#2217=CARTESIAN_POINT('Ctrl Pts',(-2.83598431077907,1.99688480329378,-16.7296878493737));
#2218=CARTESIAN_POINT('Ctrl Pts',(-3.09408943814252,1.61619635207813,-16.6335327960867));
#2219=CARTESIAN_POINT('Ctrl Pts',(-3.20402688537582,1.41333117052875,-16.5857657936714));
#2220=CARTESIAN_POINT('Ctrl Pts',(-3.33851093656163,1.09271964436905,-16.5138080662173));
#2221=CARTESIAN_POINT('Ctrl Pts',(-3.37823253075944,0.98292766592963,-16.4897297557933));
#2222=CARTESIAN_POINT('Ctrl Pts',(-3.48085677202196,0.648255717851225,-16.4176038264896));
#2223=CARTESIAN_POINT('Ctrl Pts',(-3.52704429221865,0.418614536964356,-16.3697700500966));
#2224=CARTESIAN_POINT('Ctrl Pts',(-3.56203751886703,0.0690812388383993,
-16.2980486249687));
#2225=CARTESIAN_POINT('Ctrl Pts',(-3.56790578862643,-0.0484788678499507,
-16.2741141312781));
#2226=CARTESIAN_POINT('Ctrl Pts',(-3.56795627077444,-0.285044067085942,
-16.226058052959));
#2227=CARTESIAN_POINT('Ctrl Pts',(-3.56204095489919,-0.403789387063636,
-16.2019913789109));
#2228=CARTESIAN_POINT('Ctrl Pts',(-3.52670005192071,-0.758385417582661,
-16.1299183518448));
#2229=CARTESIAN_POINT('Ctrl Pts',(-3.47973501339979,-0.992136583235461,
-16.0821215011532));
#2230=CARTESIAN_POINT('Ctrl Pts',(-3.37511339702348,-1.33408798887308,-16.0104429723154));
#2231=CARTESIAN_POINT('Ctrl Pts',(-3.33437340561953,-1.4468073118825,-15.9865150834198));
#2232=CARTESIAN_POINT('Ctrl Pts',(-3.24138088257889,-1.66895794996668,-15.9384808126683));
#2233=CARTESIAN_POINT('Ctrl Pts',(-3.18913203017139,-1.77812725548767,-15.9144252098077));
#2234=CARTESIAN_POINT('Ctrl Pts',(-3.01656935522846,-2.09709281697154,-15.8424026738304));
#2235=CARTESIAN_POINT('Ctrl Pts',(-2.88063822132577,-2.29804083469298,-15.7946410863149));
#2236=CARTESIAN_POINT('Ctrl Pts',(-2.64806560141184,-2.57793834586738,-15.723003892185));
#2237=CARTESIAN_POINT('Ctrl Pts',(-2.56551030763116,-2.66776827773471,-15.69908246423));
#2238=CARTESIAN_POINT('Ctrl Pts',(-2.39092766171207,-2.83978563445336,-15.651069351633));
#2239=CARTESIAN_POINT('Ctrl Pts',(-2.29899216077941,-2.92174456278723,-15.6270242956478));
#2240=CARTESIAN_POINT('Ctrl Pts',(-2.01177899661093,-3.15333590506479,-15.5550499737873));
#2241=CARTESIAN_POINT('Ctrl Pts',(-1.80533157289531,-3.28855457451316,-15.5073220678478));
#2242=CARTESIAN_POINT('Ctrl Pts',(-1.47717623499123,-3.45996312750135,-15.435724685067));
#2243=CARTESIAN_POINT('Ctrl Pts',(-1.36440400124828,-3.51188068685901,-15.4118095926971));
#2244=CARTESIAN_POINT('Ctrl Pts',(-1.13301969015959,-3.6048123106386,-15.3638169477138));
#2245=CARTESIAN_POINT('Ctrl Pts',(-1.01456409467234,-3.64565686931193,-15.339781960429));
#2246=CARTESIAN_POINT('Ctrl Pts',(-0.654194279826821,-3.75028986769031,
-15.267853744336));
#2247=CARTESIAN_POINT('Ctrl Pts',(-0.407456268605747,-3.79619660686669,
-15.2201580496959));
#2248=CARTESIAN_POINT('Ctrl Pts',(-0.0322962007588819,-3.82835116416903,
-15.1485990303094));
#2249=CARTESIAN_POINT('Ctrl Pts',(0.093917228584786,-3.83284507841821,-15.1246901693634));
#2250=CARTESIAN_POINT('Ctrl Pts',(0.474981827140711,-3.82754601076336,-15.0526000896397));
#2251=CARTESIAN_POINT('Ctrl Pts',(0.729123079475845,-3.79858181537341,-15.0046485003814));
#2252=CARTESIAN_POINT('Ctrl Pts',(1.10372936109935,-3.71796435542066,-14.9327411185371));
#2253=CARTESIAN_POINT('Ctrl Pts',(1.22776992348341,-3.68475283480887,-14.9087223156172));
#2254=CARTESIAN_POINT('Ctrl Pts',(1.47188577965098,-3.60620091294854,-14.8608171504135));
#2255=CARTESIAN_POINT('Ctrl Pts',(1.59168725112359,-3.56095935399524,-14.836985464002));
#2256=CARTESIAN_POINT('Ctrl Pts',(1.9457566331587,-3.40690891893575,-14.7651809800266));
#2257=CARTESIAN_POINT('Ctrl Pts',(2.17193464431154,-3.28054084866853,-14.7174265678125));
#2258=CARTESIAN_POINT('Ctrl Pts',(2.49097771631342,-3.0586981015133,-14.6457265485063));
#2259=CARTESIAN_POINT('Ctrl Pts',(2.59431964954767,-2.97895679510781,-14.6217194518678));
#2260=CARTESIAN_POINT('Ctrl Pts',(2.79250851835782,-2.80967741826838,-14.5738429980634));
#2261=CARTESIAN_POINT('Ctrl Pts',(2.88714200178363,-2.72033848157772,-14.5500269293456));
#2262=CARTESIAN_POINT('Ctrl Pts',(3.15891378251279,-2.4372041682693,-14.4782577509726));
#2263=CARTESIAN_POINT('Ctrl Pts',(3.3216068789347,-2.23009284096906,-14.4305159517193));
#2264=CARTESIAN_POINT('Ctrl Pts',(3.53401626525816,-1.89709806353504,-14.3588388093658));
#2265=CARTESIAN_POINT('Ctrl Pts',(3.59972277501191,-1.78186535049265,-14.3348430190895));
#2266=CARTESIAN_POINT('Ctrl Pts',(3.71932261725149,-1.54557046086002,-14.2869941234091));
#2267=CARTESIAN_POINT('Ctrl Pts',(3.77309766328911,-1.42477628929039,-14.2631930246989));
#2268=CARTESIAN_POINT('Ctrl Pts',(3.91716925640431,-1.05293288304431,-14.1914587093705));
#2269=CARTESIAN_POINT('Ctrl Pts',(3.9887206802397,-0.795032411537238,-14.1437303982979));
#2270=CARTESIAN_POINT('Ctrl Pts',(4.05765327667397,-0.399655595255872,-14.0720758464388));
#2271=CARTESIAN_POINT('Ctrl Pts',(4.07419581550584,-0.265906462179462,-14.0480903924268));
#2272=CARTESIAN_POINT('Ctrl Pts',(4.10382156310775,0.136966504749127,-13.9762823972869));
#2273=CARTESIAN_POINT('Ctrl Pts',(4.0967418380167,0.406691644126266,-13.9287705712294));
#2274=CARTESIAN_POINT('Ctrl Pts',(4.02991808055225,0.944600275465472,-13.8331797018291));
#2275=CARTESIAN_POINT('Ctrl Pts',(3.96931731540516,1.21221364712951,-13.7851892932421));
#2276=CARTESIAN_POINT('Ctrl Pts',(3.83964970739841,1.60120716832909,-13.7134580417334));
#2277=CARTESIAN_POINT('Ctrl Pts',(3.79015273147027,1.72826318153721,-13.6896884059637));
#2278=CARTESIAN_POINT('Ctrl Pts',(3.62220714402066,2.10356863249813,-13.6180431133365));
#2279=CARTESIAN_POINT('Ctrl Pts',(3.48509149107627,2.3432601653801,-13.5703321810035));
#2280=CARTESIAN_POINT('Ctrl Pts',(3.16478089465402,2.79464203133669,-13.4746123213145));
#2281=CARTESIAN_POINT('Ctrl Pts',(2.98180254944208,3.00470795237302,-13.4268708828798));
#2282=CARTESIAN_POINT('Ctrl Pts',(2.57484171198048,3.38734844039084,-13.3310314012873));
#2283=CARTESIAN_POINT('Ctrl Pts',(2.35245051126403,3.55845675821402,-13.2832951001111));
#2284=CARTESIAN_POINT('Ctrl Pts',(1.87564870419484,3.85612332119479,-13.1875623195163));
#2285=CARTESIAN_POINT('Ctrl Pts',(1.62219324296462,3.98124378991013,-13.1398463605535));
#2286=CARTESIAN_POINT('Ctrl Pts',(1.09151677315365,4.18055657810473,-13.0440446263602));
#2287=CARTESIAN_POINT('Ctrl Pts',(0.8161292846817,4.25396863503616,-12.9962849419978));
#2288=CARTESIAN_POINT('Ctrl Pts',(0.253078047150619,4.34636123109905,-12.9005390495442));
#2289=CARTESIAN_POINT('Ctrl Pts',(-0.0330549696823618,4.36438387230351,
-12.8528372622123));
#2290=CARTESIAN_POINT('Ctrl Pts',(-0.607763334931534,4.34376498364845,-12.7570668517602));
#2291=CARTESIAN_POINT('Ctrl Pts',(-0.894681093238634,4.30491010594255,-12.7092585448427));
#2292=CARTESIAN_POINT('Ctrl Pts',(-1.45829959647871,4.17131457460959,-12.6134576861875));
#2293=CARTESIAN_POINT('Ctrl Pts',(-1.73312808259107,4.07632371444985,-12.5657518924546));
#2294=CARTESIAN_POINT('Ctrl Pts',(-2.26318264621295,3.83272245296862,-12.4700023956683));
#2295=CARTESIAN_POINT('Ctrl Pts',(-2.51718231817516,3.68405740275046,-12.422114882213));
#2296=CARTESIAN_POINT('Ctrl Pts',(-2.99334084619843,3.33835982385308,-12.3261957422592));
#2297=CARTESIAN_POINT('Ctrl Pts',(-3.21371183469954,3.14175318541593,-12.2784255770316));
#2298=CARTESIAN_POINT('Ctrl Pts',(-3.57944461533351,2.74558861243676,-12.1912564810803));
#2299=CARTESIAN_POINT('Ctrl Pts',(-3.73095772996709,2.55198586414357,-12.1517747630879));
#2300=CARTESIAN_POINT('Ctrl Pts',(-3.94712219815472,2.22405493157005,-12.0886576204782));
#2301=CARTESIAN_POINT('Ctrl Pts',(-4.02198801383493,2.09756778231967,-12.0651098641973));
#2302=CARTESIAN_POINT('Ctrl Pts',(-4.12505651930038,1.90255273491445,-12.029822720959));
#2303=CARTESIAN_POINT('Ctrl Pts',(-4.15793964884023,1.8365077431586,-12.0180393780938));
#2304=CARTESIAN_POINT('Ctrl Pts',(-4.45188008993724,1.20834422182444,-11.9073976774614));
#2305=CARTESIAN_POINT('Ctrl Pts',(-4.5584188291234,0.679318564030961,-11.8233850960423));
#2306=CARTESIAN_POINT('Ctrl Pts',(-4.60653647210752,0.211414450025267,-11.749792980038));
#2307=CARTESIAN_POINT('Ctrl Pts',(-4.61187841909758,0.145809221773369,-11.7395099110664));
#2308=CARTESIAN_POINT('Ctrl Pts',(-4.61557231506849,0.0805998614971318,
-11.7292672297861));
#2309=CARTESIAN_POINT('',(-4.61873767752286,0.0148309488405385,-12.6685469768763));
#2310=CARTESIAN_POINT('',(-4.61873767810053,0.0148309177293306,-12.6685474047278));
#2311=CARTESIAN_POINT('',(2.48545297653961,1.93089434054193,-19.0499983581647));
#2312=CARTESIAN_POINT('Ctrl Pts',(-4.61873767810053,0.0148309177293282,
-12.6685474047278));
#2313=CARTESIAN_POINT('Ctrl Pts',(-4.61866157306547,0.0166968977994073,
-12.6688419983065));
#2314=CARTESIAN_POINT('Ctrl Pts',(-4.61858656387535,0.0185361373718614,
-12.6691342745209));
#2315=CARTESIAN_POINT('Ctrl Pts',(-4.61851133161687,0.0203805255047854,
-12.6694242386294));
#2316=CARTESIAN_POINT('Ctrl Pts',(-4.61781937553657,0.0373444663574851,
-12.6720912119728));
#2317=CARTESIAN_POINT('Ctrl Pts',(-4.6170659343523,0.0529776282414639,-12.6745625390028));
#2318=CARTESIAN_POINT('Ctrl Pts',(-4.61629635608697,0.0674257852300253,
-12.6768423355064));
#2319=CARTESIAN_POINT('Ctrl Pts',(-4.61430112486888,0.104884501472755,-12.6827530028937));
#2320=CARTESIAN_POINT('Ctrl Pts',(-4.61176268739242,0.142357047344534,-12.6886662262752));
#2321=CARTESIAN_POINT('Ctrl Pts',(-4.60873738506363,0.179777024548362,-12.6945821004972));
#2322=CARTESIAN_POINT('Ctrl Pts',(-4.60541890006707,0.220823379400661,-12.7010712833008));
#2323=CARTESIAN_POINT('Ctrl Pts',(-4.60151481691025,0.261806858977957,-12.7075636556158));
#2324=CARTESIAN_POINT('Ctrl Pts',(-4.59707304226669,0.302697343190584,-12.7140593278778));
#2325=CARTESIAN_POINT('Ctrl Pts',(-4.59209410273946,0.348532907682546,-12.721340552608));
#2326=CARTESIAN_POINT('Ctrl Pts',(-4.58643997506332,0.394252304640006,-12.7286259236939));
#2327=CARTESIAN_POINT('Ctrl Pts',(-4.58014106109014,0.439873916903486,-12.7359155790424));
#2328=CARTESIAN_POINT('Ctrl Pts',(-4.57471463908049,0.479176266793796,-12.7421955102169));
#2329=CARTESIAN_POINT('Ctrl Pts',(-4.56880898619946,0.518407736410039,-12.7484786205711));
#2330=CARTESIAN_POINT('Ctrl Pts',(-4.56242232554577,0.557602131699792,-12.7547649901335));
#2331=CARTESIAN_POINT('Ctrl Pts',(-4.54768814914203,0.648024523862297,-12.76926779263));
#2332=CARTESIAN_POINT('Ctrl Pts',(-4.53024042310327,0.739137216411644,-12.7837849355637));
#2333=CARTESIAN_POINT('Ctrl Pts',(-4.51016665971192,0.829171755955304,-12.7983168135074));
#2334=CARTESIAN_POINT('Ctrl Pts',(-4.50487960480964,0.85288517452999,-12.8021442391388));
#2335=CARTESIAN_POINT('Ctrl Pts',(-4.49941051773208,0.876523542943699,-12.8059726870039));
#2336=CARTESIAN_POINT('Ctrl Pts',(-4.49376128265136,0.900054080712426,-12.8098021644479));
#2337=CARTESIAN_POINT('Ctrl Pts',(-4.46880413362354,1.00400711672651,-12.8267200016244));
#2338=CARTESIAN_POINT('Ctrl Pts',(-4.44032799339421,1.10585162501989,-12.8436579320964));
#2339=CARTESIAN_POINT('Ctrl Pts',(-4.40834697501014,1.20670548613509,-12.8606165975061));
#2340=CARTESIAN_POINT('Ctrl Pts',(-4.39510497168953,1.2484648556381,-12.8676384721997));
#2341=CARTESIAN_POINT('Ctrl Pts',(-4.38126253919622,1.29005488854753,-12.8746639019022));
#2342=CARTESIAN_POINT('Ctrl Pts',(-4.36682263875234,1.33155646559722,-12.8816929324726));
#2343=CARTESIAN_POINT('Ctrl Pts',(-4.34753668285134,1.38698604337811,-12.8910809178077));
#2344=CARTESIAN_POINT('Ctrl Pts',(-4.3271848139535,1.44225781500439,-12.9004753265213));
#2345=CARTESIAN_POINT('Ctrl Pts',(-4.30579366777015,1.49714336503487,-12.9098762677259));
#2346=CARTESIAN_POINT('Ctrl Pts',(-4.27254460962464,1.58245402715041,-12.9244885020613));
#2347=CARTESIAN_POINT('Ctrl Pts',(-4.23679716872366,1.6668116056955,-12.9390796614874));
#2348=CARTESIAN_POINT('Ctrl Pts',(-4.19854317681514,1.74960906974629,-12.9536791205928));
#2349=CARTESIAN_POINT('Ctrl Pts',(-4.15826887272594,1.83677932515312,-12.9690496224991));
#2350=CARTESIAN_POINT('Ctrl Pts',(-4.11525584033241,1.92264497276512,-12.984428629491));
#2351=CARTESIAN_POINT('Ctrl Pts',(-4.06949116877513,2.00721795256954,-12.9998500870297));
#2352=CARTESIAN_POINT('Ctrl Pts',(-4.05617457494847,2.03182697919299,-13.0043374192725));
#2353=CARTESIAN_POINT('Ctrl Pts',(-4.04262472953803,2.05632635950938,-13.0088283457703));
#2354=CARTESIAN_POINT('Ctrl Pts',(-4.02884066028425,2.08071587607135,-13.0133237028387));
#2355=CARTESIAN_POINT('Ctrl Pts',(-3.94318247902622,2.23227936519762,-13.0412591479887));
#2356=CARTESIAN_POINT('Ctrl Pts',(-3.84884266093963,2.37894878996712,-13.069250338701));
#2357=CARTESIAN_POINT('Ctrl Pts',(-3.74642792042431,2.51965333505988,-13.0973001502884));
#2358=CARTESIAN_POINT('Ctrl Pts',(-3.67372413276878,2.61953889173972,-13.1172125919464));
#2359=CARTESIAN_POINT('Ctrl Pts',(-3.59695206460001,2.71641786045834,-13.1371545757091));
#2360=CARTESIAN_POINT('Ctrl Pts',(-3.51631451274215,2.81002804754511,-13.1571271302294));
#2361=CARTESIAN_POINT('Ctrl Pts',(-3.45092605464813,2.88593592984648,-13.1733227427472));
#2362=CARTESIAN_POINT('Ctrl Pts',(-3.38317219138158,2.95949709110595,-13.1895106250799));
#2363=CARTESIAN_POINT('Ctrl Pts',(-3.31304661322933,3.03074858209222,-13.205713201463));
#2364=CARTESIAN_POINT('Ctrl Pts',(-3.26254742688306,3.08205856648841,-13.2173810827927));
#2365=CARTESIAN_POINT('Ctrl Pts',(-3.21081746207647,3.13217011836538,-13.2290565841646));
#2366=CARTESIAN_POINT('Ctrl Pts',(-3.15784277391847,3.18108499675398,-13.240748079742));
#2367=CARTESIAN_POINT('Ctrl Pts',(-3.08432994589415,3.24896403800643,-13.256972335771));
#2368=CARTESIAN_POINT('Ctrl Pts',(-3.0085451109223,3.31432402477269,-13.2732273918989));
#2369=CARTESIAN_POINT('Ctrl Pts',(-2.93048310957897,3.37716914053465,-13.2895356263484));
#2370=CARTESIAN_POINT('Ctrl Pts',(-2.91289884264754,3.39132564782216,-13.2932092235251));
#2371=CARTESIAN_POINT('Ctrl Pts',(-2.89519892644152,3.40535436178871,-13.296885519086));
#2372=CARTESIAN_POINT('Ctrl Pts',(-2.87738313501348,3.41925500550521,-13.3005647688188));
#2373=CARTESIAN_POINT('Ctrl Pts',(-2.75223496594391,3.51690096847207,-13.3264098944458));
#2374=CARTESIAN_POINT('Ctrl Pts',(-2.62188016782983,3.60782266747081,-13.3523033940242));
#2375=CARTESIAN_POINT('Ctrl Pts',(-2.48706240010035,3.69155152619941,-13.3782475274799));
#2376=CARTESIAN_POINT('Ctrl Pts',(-2.47696400748489,3.69782315421199,-13.3801908473414));
#2377=CARTESIAN_POINT('Ctrl Pts',(-2.46684059538013,3.70405443863721,-13.3821344512898));
#2378=CARTESIAN_POINT('Ctrl Pts',(-2.45669248602702,3.7102451888151,-13.3840783402751));
#2379=CARTESIAN_POINT('Ctrl Pts',(-2.35188342156568,3.77418288517614,-13.4041547090719));
#2380=CARTESIAN_POINT('Ctrl Pts',(-2.24443891744693,3.8337960507826,-13.4242614817015));
#2381=CARTESIAN_POINT('Ctrl Pts',(-2.13470585757585,3.88887286195374,-13.4443997044508));
#2382=CARTESIAN_POINT('Ctrl Pts',(-2.04511954013491,3.93383769474896,-13.4608405948992));
#2383=CARTESIAN_POINT('Ctrl Pts',(-1.95421275213061,3.97568196653218,-13.4772724220209));
#2384=CARTESIAN_POINT('Ctrl Pts',(-1.86199112670694,4.01440927829619,-13.4937191912142));
#2385=CARTESIAN_POINT('Ctrl Pts',(-1.79928240053233,4.0407430191919,-13.5049026413113));
#2386=CARTESIAN_POINT('Ctrl Pts',(-1.73596522818603,4.06563461640311,-13.5160930001862));
#2387=CARTESIAN_POINT('Ctrl Pts',(-1.67203654527702,4.08907230478073,-13.5272978151898));
#2388=CARTESIAN_POINT('Ctrl Pts',(-1.57793133273886,4.12357338545086,-13.5437916869448));
#2389=CARTESIAN_POINT('Ctrl Pts',(-1.4826602184866,4.15482167277513,-13.5603168834669));
#2390=CARTESIAN_POINT('Ctrl Pts',(-1.38623056066033,4.18281442609607,-13.5768974787587));
#2391=CARTESIAN_POINT('Ctrl Pts',(-1.36487602713695,4.18901347525459,-13.5805692835331));
#2392=CARTESIAN_POINT('Ctrl Pts',(-1.34346465576246,4.19505266855363,-13.5842438051161));
#2393=CARTESIAN_POINT('Ctrl Pts',(-1.32199649925246,4.20093163132073,-13.5879213049565));
#2394=CARTESIAN_POINT('Ctrl Pts',(-1.1617468523512,4.24481531118553,-13.6153721040334));
#2395=CARTESIAN_POINT('Ctrl Pts',(-0.999037806443343,4.2795733022105,-13.6428782382625));
#2396=CARTESIAN_POINT('Ctrl Pts',(-0.834888054698498,4.30503545988047,-13.6704423891095));
#2397=CARTESIAN_POINT('Ctrl Pts',(-0.713304792563278,4.32389489864057,-13.6908587427277));
#2398=CARTESIAN_POINT('Ctrl Pts',(-0.590932032902063,4.33765537236347,-13.711306925092));
#2399=CARTESIAN_POINT('Ctrl Pts',(-0.468188431276239,4.34624330269715,-13.7317880258174));
#2400=CARTESIAN_POINT('Ctrl Pts',(-0.369215602391445,4.35316807717118,-13.7483027153867));
#2401=CARTESIAN_POINT('Ctrl Pts',(-0.270227634589587,4.35671897577491,-13.7648070647676));
#2402=CARTESIAN_POINT('Ctrl Pts',(-0.171236088033208,4.3568954627651,-13.7813259856111));
#2403=CARTESIAN_POINT('Ctrl Pts',(-0.106925958698984,4.35701011802164,-13.7920575477784));
#2404=CARTESIAN_POINT('Ctrl Pts',(-0.0426142346752041,4.35569955707822,
-13.8027952598123));
#2405=CARTESIAN_POINT('Ctrl Pts',(0.0216954828486351,4.35295184098341,-13.8135459521158));
#2406=CARTESIAN_POINT('Ctrl Pts',(0.120877353383598,4.34871416691992,-13.8301262422068));
#2407=CARTESIAN_POINT('Ctrl Pts',(0.219886076230715,4.34104430786331,-13.8467374064548));
#2408=CARTESIAN_POINT('Ctrl Pts',(0.318711462981187,4.32994316582145,-13.8634045009559));
#2409=CARTESIAN_POINT('Ctrl Pts',(0.342396484401666,4.32728260667062,-13.86739902608));
#2410=CARTESIAN_POINT('Ctrl Pts',(0.366070909711882,4.32442473056663,-13.871396763809));
#2411=CARTESIAN_POINT('Ctrl Pts',(0.389734461716541,4.32136912639005,-13.8753980590713));
#2412=CARTESIAN_POINT('Ctrl Pts',(0.549496112046092,4.30073957906304,-13.9024123270238));
#2413=CARTESIAN_POINT('Ctrl Pts',(0.708064486744354,4.271183386288,-13.9294809447636));
#2414=CARTESIAN_POINT('Ctrl Pts',(0.864498796408237,4.23291726185121,-13.9566064365599));
#2415=CARTESIAN_POINT('Ctrl Pts',(0.984815609960351,4.20348600620713,-13.9774692047466));
#2416=CARTESIAN_POINT('Ctrl Pts',(1.10386956530936,4.1689033741032,-13.9983656165618));
#2417=CARTESIAN_POINT('Ctrl Pts',(1.22122244389509,4.12925989976332,-14.0192968204728));
#2418=CARTESIAN_POINT('Ctrl Pts',(1.31377280543177,4.09799506904981,-14.0358042169058));
#2419=CARTESIAN_POINT('Ctrl Pts',(1.40504889009814,4.06366082672932,-14.052300003001));
#2420=CARTESIAN_POINT('Ctrl Pts',(1.49504005834174,4.02625775146125,-14.0688096620083));
#2421=CARTESIAN_POINT('Ctrl Pts',(1.55105711403686,4.0029753539621,-14.079086475902));
#2422=CARTESIAN_POINT('Ctrl Pts',(1.60657597512195,3.97850289752744,-14.0893686651664));
#2423=CARTESIAN_POINT('Ctrl Pts',(1.66158983352849,3.95283123269278,-14.0996623761329));
#2424=CARTESIAN_POINT('Ctrl Pts',(1.7501893958397,3.91148713624088,-14.1162403496218));
#2425=CARTESIAN_POINT('Ctrl Pts',(1.83732863968855,3.86709479882757,-14.1328482068947));
#2426=CARTESIAN_POINT('Ctrl Pts',(1.92300174243275,3.81965806438014,-14.1495116220022));
#2427=CARTESIAN_POINT('Ctrl Pts',(1.9460962679227,3.8068707503018,-14.1540035062999));
#2428=CARTESIAN_POINT('Ctrl Pts',(1.9690840739087,3.79386198359472,-14.1584994277431));
#2429=CARTESIAN_POINT('Ctrl Pts',(1.9919646272461,3.78063134452042,-14.1629998892393));
#2430=CARTESIAN_POINT('Ctrl Pts',(2.1267490915374,3.70269246893626,-14.1895111489488));
#2431=CARTESIAN_POINT('Ctrl Pts',(2.25722729011822,3.61738790054089,-14.2160755066087));
#2432=CARTESIAN_POINT('Ctrl Pts',(2.38266829961552,3.52523670998092,-14.2426953122114));
#2433=CARTESIAN_POINT('Ctrl Pts',(2.4833974640149,3.45123927915098,-14.2640710232772));
#2434=CARTESIAN_POINT('Ctrl Pts',(2.5808785227033,3.37282800895172,-14.2854824876996));
#2435=CARTESIAN_POINT('Ctrl Pts',(2.67471743291647,3.29026523844221,-14.3069309222626));
#2436=CARTESIAN_POINT('Ctrl Pts',(2.74677211558212,3.22686899678141,-14.3234002114156));
#2437=CARTESIAN_POINT('Ctrl Pts',(2.81650607495122,3.16118408800138,-14.339856590884));
#2438=CARTESIAN_POINT('Ctrl Pts',(2.88391286489744,3.09321095955302,-14.356325987484));
#2439=CARTESIAN_POINT('Ctrl Pts',(2.92401494759873,3.05277194709334,-14.3661240672474));
#2440=CARTESIAN_POINT('Ctrl Pts',(2.9632927039059,3.01152230944685,-14.3759267542617));
#2441=CARTESIAN_POINT('Ctrl Pts',(3.0017383727483,2.96945615576715,-14.3857395078529));
#2442=CARTESIAN_POINT('Ctrl Pts',(3.06654069270761,2.89855130660499,-14.402279451546));
#2443=CARTESIAN_POINT('Ctrl Pts',(3.12886926481553,2.82544649200766,-14.418847995374));
#2444=CARTESIAN_POINT('Ctrl Pts',(3.18872481246725,2.75014398659585,-14.4354712831203));
#2445=CARTESIAN_POINT('Ctrl Pts',(3.20702165183318,2.72712527071359,-14.4405527440301));
#2446=CARTESIAN_POINT('Ctrl Pts',(3.22508708630963,2.70390101604999,-14.4456393203353));
#2447=CARTESIAN_POINT('Ctrl Pts',(3.24292027342667,2.68047083937087,-14.4507317588001));
#2448=CARTESIAN_POINT('Ctrl Pts',(3.3338331343171,2.56102475387377,-14.4766928024827));
#2449=CARTESIAN_POINT('Ctrl Pts',(3.41831752476132,2.43673655923406,-14.5027055061122));
#2450=CARTESIAN_POINT('Ctrl Pts',(3.49593410359544,2.30830683653887,-14.5287720362888));
#2451=CARTESIAN_POINT('Ctrl Pts',(3.56125106345682,2.20022890823674,-14.5507078975551));
#2452=CARTESIAN_POINT('Ctrl Pts',(3.62170461367295,2.08921882004057,-14.572681877642));
#2453=CARTESIAN_POINT('Ctrl Pts',(3.67701007162977,1.97569215719265,-14.5946952677481));
#2454=CARTESIAN_POINT('Ctrl Pts',(3.71825443542445,1.89102899453426,-14.6111118802024));
#2455=CARTESIAN_POINT('Ctrl Pts',(3.75653471112504,1.80518481800132,-14.6275142497003));
#2456=CARTESIAN_POINT('Ctrl Pts',(3.79184689233545,1.71815664511357,-14.6439286823077));
#2457=CARTESIAN_POINT('Ctrl Pts',(3.81183656713062,1.66889135437217,-14.6532206364867));
#2458=CARTESIAN_POINT('Ctrl Pts',(3.8308742635059,1.61924624572332,-14.6625164563079));
#2459=CARTESIAN_POINT('Ctrl Pts',(3.84895231597773,1.56921816090581,-14.6718209137604));
#2460=CARTESIAN_POINT('Ctrl Pts',(3.88095824497985,1.48064693160572,-14.688293805688));
#2461=CARTESIAN_POINT('Ctrl Pts',(3.90991975612813,1.3910336322653,-14.7047937716053));
#2462=CARTESIAN_POINT('Ctrl Pts',(3.93583371120245,1.30037287602401,-14.7213472926016));
#2463=CARTESIAN_POINT('Ctrl Pts',(3.94482521383348,1.26891583189712,-14.7270909557038));
#2464=CARTESIAN_POINT('Ctrl Pts',(3.95344936002499,1.23733262226565,-14.7328410664019));
#2465=CARTESIAN_POINT('Ctrl Pts',(3.96170455630249,1.20562289040626,-14.7385987308906));
#2466=CARTESIAN_POINT('Ctrl Pts',(4.00227731831007,1.04977542648073,-14.7668965863464));
#2467=CARTESIAN_POINT('Ctrl Pts',(4.03374195462355,0.891602527098676,-14.7952567289002));
#2468=CARTESIAN_POINT('Ctrl Pts',(4.05588187528488,0.732143043265202,-14.8236819035657));
#2469=CARTESIAN_POINT('Ctrl Pts',(4.07115300894884,0.622154975608777,-14.8432883262073));
#2470=CARTESIAN_POINT('Ctrl Pts',(4.08198863116007,0.511555652360328,-14.8629256887052));
#2471=CARTESIAN_POINT('Ctrl Pts',(4.08832918259383,0.400694555069772,-14.8825948918632));
#2472=CARTESIAN_POINT('Ctrl Pts',(4.09361090625149,0.308346486232086,-14.8989794755595));
#2473=CARTESIAN_POINT('Ctrl Pts',(4.09576440988926,0.216061511626451,-14.9153484008672));
#2474=CARTESIAN_POINT('Ctrl Pts',(4.09479363882904,0.123833305637257,-14.9317284503673));
#2475=CARTESIAN_POINT('Ctrl Pts',(4.09427659832736,0.0747118187619281,-14.9404525969329));
#2476=CARTESIAN_POINT('Ctrl Pts',(4.09287241173243,0.0256063965826794,-14.9491798991132));
#2477=CARTESIAN_POINT('Ctrl Pts',(4.0905756364702,-0.0234837320907076,-14.957914403372));
#2478=CARTESIAN_POINT('Ctrl Pts',(4.0862559773548,-0.115809971095097,-14.9743418186096));
#2479=CARTESIAN_POINT('Ctrl Pts',(4.07879264902388,-0.207922993280914,-14.9907947091756));
#2480=CARTESIAN_POINT('Ctrl Pts',(4.06818250550305,-0.299832245216491,-15.0072999946688));
#2481=CARTESIAN_POINT('Ctrl Pts',(4.0640511143438,-0.335619986461853,-15.0137268436961));
#2482=CARTESIAN_POINT('Ctrl Pts',(4.05944206970663,-0.371376693142424,-15.0201616367257));
#2483=CARTESIAN_POINT('Ctrl Pts',(4.05435314128566,-0.407102291387061,-15.026605963013));
#2484=CARTESIAN_POINT('Ctrl Pts',(4.03196880927329,-0.564246111518906,-15.0549521937473));
#2485=CARTESIAN_POINT('Ctrl Pts',(4.00040071807659,-0.720036493536602,-15.0833618630671));
#2486=CARTESIAN_POINT('Ctrl Pts',(3.95984832728773,-0.873442705825194,-15.1118376591302));
#2487=CARTESIAN_POINT('Ctrl Pts',(3.93198214107651,-0.978858095508373,-15.1314052313541));
#2488=CARTESIAN_POINT('Ctrl Pts',(3.89987471080744,-1.08314723301827,-15.1510040283501));
#2489=CARTESIAN_POINT('Ctrl Pts',(3.86360452158287,-1.18597229347609,-15.1706349223623));
#2490=CARTESIAN_POINT('Ctrl Pts',(3.83336521525179,-1.27169995490192,-15.1870016585245));
#2491=CARTESIAN_POINT('Ctrl Pts',(3.80031990484553,-1.3561765859877,-15.2033512559216));
#2492=CARTESIAN_POINT('Ctrl Pts',(3.76446970475844,-1.4394139233518,-15.2197110361066));
#2493=CARTESIAN_POINT('Ctrl Pts',(3.74671196271585,-1.48064401862695,-15.2278145545164));
#2494=CARTESIAN_POINT('Ctrl Pts',(3.72826527945675,-1.52156976851506,-15.2359205713092));
#2495=CARTESIAN_POINT('Ctrl Pts',(3.70912546653981,-1.56219065403387,-15.2440324069113));
#2496=CARTESIAN_POINT('Ctrl Pts',(3.67041993639741,-1.64433633203409,-15.2604365848818));
#2497=CARTESIAN_POINT('Ctrl Pts',(3.62895193705328,-1.72509459663301,-15.2768645588979));
#2498=CARTESIAN_POINT('Ctrl Pts',(3.58471451901288,-1.8044778575309,-15.2933437889167));
#2499=CARTESIAN_POINT('Ctrl Pts',(3.56557993786727,-1.83881452351506,-15.3004717628803));
#2500=CARTESIAN_POINT('Ctrl Pts',(3.54592668600722,-1.87289354354176,-15.3076093265018));
#2501=CARTESIAN_POINT('Ctrl Pts',(3.52575186835956,-1.90671399775605,-15.3147587020029));
#2502=CARTESIAN_POINT('Ctrl Pts',(3.44565424517679,-2.04098723109262,-15.343142997459));
#2503=CARTESIAN_POINT('Ctrl Pts',(3.35771753908791,-2.17053192707308,-15.3715918706608));
#2504=CARTESIAN_POINT('Ctrl Pts',(3.26251489665905,-2.29448383585799,-15.4001079387653));
#2505=CARTESIAN_POINT('Ctrl Pts',(3.19728257607324,-2.37941499369979,-15.4196469898776));
#2506=CARTESIAN_POINT('Ctrl Pts',(3.12864015395481,-2.46172039570778,-15.4392175884195));
#2507=CARTESIAN_POINT('Ctrl Pts',(3.05678586396222,-2.54112425180918,-15.458820576312));
#2508=CARTESIAN_POINT('Ctrl Pts',(2.99685274736663,-2.60735440405694,-15.4751712793682));
#2509=CARTESIAN_POINT('Ctrl Pts',(2.93485884752655,-2.67138121677517,-15.4915033370713));
#2510=CARTESIAN_POINT('Ctrl Pts',(2.87079856147884,-2.73321967894104,-15.5078446035664));
#2511=CARTESIAN_POINT('Ctrl Pts',(2.84162958400913,-2.76137697921182,-15.5152853763702));
#2512=CARTESIAN_POINT('Ctrl Pts',(2.81203166251528,-2.78908007669856,-15.5227280584438));
#2513=CARTESIAN_POINT('Ctrl Pts',(2.78200180944185,-2.8163277780129,-15.53017527937));
#2514=CARTESIAN_POINT('Ctrl Pts',(2.71593699458117,-2.87627193885541,-15.5465589516615));
#2515=CARTESIAN_POINT('Ctrl Pts',(2.64790163221434,-2.93391048098823,-15.5629645914265));
#2516=CARTESIAN_POINT('Ctrl Pts',(2.57788240861435,-2.98925656390714,-15.5794201973654));
#2517=CARTESIAN_POINT('Ctrl Pts',(2.54440270780958,-3.01572030060074,-15.5872884474698));
#2518=CARTESIAN_POINT('Ctrl Pts',(2.51046903968324,-3.04165926679353,-15.5951681212178));
#2519=CARTESIAN_POINT('Ctrl Pts',(2.4760779617873,-3.06707118491185,-15.6030622793797));
#2520=CARTESIAN_POINT('Ctrl Pts',(2.35232185654275,-3.15851583292873,-15.6314693642421));
#2521=CARTESIAN_POINT('Ctrl Pts',(2.22324390381582,-3.24268271560491,-15.6599421297218));
#2522=CARTESIAN_POINT('Ctrl Pts',(2.08969318828267,-3.31900213074514,-15.6884831057312));
#2523=CARTESIAN_POINT('Ctrl Pts',(1.99832674533845,-3.37121475619689,-15.7080089274067));
#2524=CARTESIAN_POINT('Ctrl Pts',(1.90486797289059,-3.41975494422583,-15.7275666741934));
#2525=CARTESIAN_POINT('Ctrl Pts',(1.80960056303409,-3.46444771503207,-15.7471571561695));
#2526=CARTESIAN_POINT('Ctrl Pts',(1.73013989905638,-3.50172507198568,-15.7634971900574));
#2527=CARTESIAN_POINT('Ctrl Pts',(1.64965630578602,-3.53622083150762,-15.7798170589142));
#2528=CARTESIAN_POINT('Ctrl Pts',(1.56813561393057,-3.56794911830915,-15.7961451503003));
#2529=CARTESIAN_POINT('Ctrl Pts',(1.53453289078911,-3.58102747685688,-15.8028755683302));
#2530=CARTESIAN_POINT('Ctrl Pts',(1.5007537106613,-3.59363506018421,-15.8096073834317));
#2531=CARTESIAN_POINT('Ctrl Pts',(1.46679616364355,-3.60577044585582,-15.8163425837492));
#2532=CARTESIAN_POINT('Ctrl Pts',(1.38426747312765,-3.63526366831564,-15.8327114711212));
#2533=CARTESIAN_POINT('Ctrl Pts',(1.30083452798318,-3.66192043704211,-15.8491003535971));
#2534=CARTESIAN_POINT('Ctrl Pts',(1.21647660879733,-3.68575106545322,-15.8655377711693));
#2535=CARTESIAN_POINT('Ctrl Pts',(1.17210152577044,-3.69828677193498,-15.8741844018182));
#2536=CARTESIAN_POINT('Ctrl Pts',(1.12747034215637,-3.71003959809947,-15.8828444626687));
#2537=CARTESIAN_POINT('Ctrl Pts',(1.08257945851348,-3.72100528282509,-15.8915221079823));
#2538=CARTESIAN_POINT('Ctrl Pts',(0.935541553636408,-3.75692284952805,-15.9199453129324));
#2539=CARTESIAN_POINT('Ctrl Pts',(0.786441677355524,-3.78421075428695,-15.9484353033575));
#2540=CARTESIAN_POINT('Ctrl Pts',(0.636267665507559,-3.80267224069784,-15.9769945072732));
#2541=CARTESIAN_POINT('Ctrl Pts',(0.533628770747701,-3.81529004678507,-15.9965137642275));
#2542=CARTESIAN_POINT('Ctrl Pts',(0.430488937695465,-3.82378566384733,-16.0160653526272));
#2543=CARTESIAN_POINT('Ctrl Pts',(0.327171469243422,-3.82810771642116,-16.0356500476531));
#2544=CARTESIAN_POINT('Ctrl Pts',(0.240985528992778,-3.83171311026664,-16.0519873174353));
#2545=CARTESIAN_POINT('Ctrl Pts',(0.154937280461095,-3.83240823559025,-16.0683029079532));
#2546=CARTESIAN_POINT('Ctrl Pts',(0.0690046332183896,-3.83020158689167,
-16.0846257420902));
#2547=CARTESIAN_POINT('Ctrl Pts',(0.0375853052149881,-3.82939477572649,
-16.0905938170437));
#2548=CARTESIAN_POINT('Ctrl Pts',(0.00618142396540415,-3.82819954316103,
-16.0965628603487));
#2549=CARTESIAN_POINT('Ctrl Pts',(-0.0252080398858221,-3.82661456375358,
-16.1025342857066));
#2550=CARTESIAN_POINT('Ctrl Pts',(-0.111218736606241,-3.8222715401273,-16.1188966695268));
#2551=CARTESIAN_POINT('Ctrl Pts',(-0.196965445147134,-3.81501594181543,
-16.1352769383302));
#2552=CARTESIAN_POINT('Ctrl Pts',(-0.282475295011316,-3.80485123854058,
-16.1517041767369));
#2553=CARTESIAN_POINT('Ctrl Pts',(-0.33173057074881,-3.79899617899612,-16.1611665738598));
#2554=CARTESIAN_POINT('Ctrl Pts',(-0.380907063059673,-3.79217494193521,
-16.1706445553836));
#2555=CARTESIAN_POINT('Ctrl Pts',(-0.43000771704981,-3.78438066419185,-16.1801436800085));
#2556=CARTESIAN_POINT('Ctrl Pts',(-0.576996936020665,-3.76104747603986,
-16.2085805499083));
#2557=CARTESIAN_POINT('Ctrl Pts',(-0.722573879938908,-3.72910192785414,
-16.2370853319555));
#2558=CARTESIAN_POINT('Ctrl Pts',(-0.865766216976494,-3.68873903493705,
-16.2656603377466));
#2559=CARTESIAN_POINT('Ctrl Pts',(-0.96355856333963,-3.66117343969622,-16.2851754662895));
#2560=CARTESIAN_POINT('Ctrl Pts',(-1.060238285358,-3.62968300384793,-16.3047233480642));
#2561=CARTESIAN_POINT('Ctrl Pts',(-1.15549288711664,-3.5943434472208,-16.3243047193918));
#2562=CARTESIAN_POINT('Ctrl Pts',(-1.23500287634109,-3.56484515826947,-16.3406494900854));
#2563=CARTESIAN_POINT('Ctrl Pts',(-1.31327367064562,-3.53276161670544,-16.3569710962929));
#2564=CARTESIAN_POINT('Ctrl Pts',(-1.39033211953223,-3.49809167292761,-16.3732989965999));
#2565=CARTESIAN_POINT('Ctrl Pts',(-1.41463603169049,-3.48715691781272,-16.3784487479968));
#2566=CARTESIAN_POINT('Ctrl Pts',(-1.43881920050555,-3.47596452115618,-16.3835991254961));
#2567=CARTESIAN_POINT('Ctrl Pts',(-1.46288202769075,-3.46451346462675,-16.3887510533272));
#2568=CARTESIAN_POINT('Ctrl Pts',(-1.5393246826513,-3.42813581222225,-16.4051176688765));
#2569=CARTESIAN_POINT('Ctrl Pts',(-1.61441440889512,-3.3892203528773,-16.4214999304084));
#2570=CARTESIAN_POINT('Ctrl Pts',(-1.68818172464303,-3.3477604070841,-16.4379274689697));
#2571=CARTESIAN_POINT('Ctrl Pts',(-1.73449970907084,-3.32172799551866,-16.4482422061613));
#2572=CARTESIAN_POINT('Ctrl Pts',(-1.78029576817807,-3.29469154894519,-16.458574793807));
#2573=CARTESIAN_POINT('Ctrl Pts',(-1.82557085495901,-3.26664124360306,-16.4689325669725));
#2574=CARTESIAN_POINT('Ctrl Pts',(-1.94992968780185,-3.18959438447474,-16.4973826633345));
#2575=CARTESIAN_POINT('Ctrl Pts',(-2.06973112164264,-3.10527602360956,-16.5259018307663));
#2576=CARTESIAN_POINT('Ctrl Pts',(-2.18416556150606,-3.0142313834105,-16.5544922492629));
#2577=CARTESIAN_POINT('Ctrl Pts',(-2.2622608619018,-2.95209835305483,-16.5740036596705));
#2578=CARTESIAN_POINT('Ctrl Pts',(-2.33785663713113,-2.88683386325312,-16.5935482539962));
#2579=CARTESIAN_POINT('Ctrl Pts',(-2.41069836850232,-2.81862476757337,-16.6131267251232));
#2580=CARTESIAN_POINT('Ctrl Pts',(-2.47158442756173,-2.76161097960087,-16.6294917390635));
#2581=CARTESIAN_POINT('Ctrl Pts',(-2.53035481567256,-2.70272589939055,-16.6458321615475));
#2582=CARTESIAN_POINT('Ctrl Pts',(-2.5870361341048,-2.64195671647757,-16.6621779840183));
#2583=CARTESIAN_POINT('Ctrl Pts',(-2.60184818633283,-2.62607641700575,-16.6664495003282));
#2584=CARTESIAN_POINT('Ctrl Pts',(-2.61651738323023,-2.61006725832766,-16.6707213853976));
#2585=CARTESIAN_POINT('Ctrl Pts',(-2.63104377230143,-2.59392860904555,-16.6749941744354));
#2586=CARTESIAN_POINT('Ctrl Pts',(-2.68674576981019,-2.53204433775829,-16.6913783483117));
#2587=CARTESIAN_POINT('Ctrl Pts',(-2.74024794107,-2.46837652708162,-16.707775813854));
#2588=CARTESIAN_POINT('Ctrl Pts',(-2.79157968854116,-2.40290668569571,-16.7242167471221));
#2589=CARTESIAN_POINT('Ctrl Pts',(-2.82655613171864,-2.35829682338079,-16.7354192757046));
#2590=CARTESIAN_POINT('Ctrl Pts',(-2.86052401525069,-2.31284967603173,-16.7466419854462));
#2591=CARTESIAN_POINT('Ctrl Pts',(-2.8934804790418,-2.26655274000375,-16.7578944225642));
#2592=CARTESIAN_POINT('Ctrl Pts',(-2.97684604325634,-2.14944156515682,-16.7863582096705));
#2593=CARTESIAN_POINT('Ctrl Pts',(-3.05331347382889,-2.02747446075738,-16.8148922645887));
#2594=CARTESIAN_POINT('Ctrl Pts',(-3.12235389155911,-1.90145313918283,-16.8434986194111));
#2595=CARTESIAN_POINT('Ctrl Pts',(-3.16943381035445,-1.8155169038403,-16.8630058139842));
#2596=CARTESIAN_POINT('Ctrl Pts',(-3.21306059372139,-1.72769647326505,-16.8825466289135));
#2597=CARTESIAN_POINT('Ctrl Pts',(-3.25307443785833,-1.63825739842764,-16.9021217085765));
#2598=CARTESIAN_POINT('Ctrl Pts',(-3.28659962281743,-1.56332179573391,-16.9185224863684));
#2599=CARTESIAN_POINT('Ctrl Pts',(-3.31748343695517,-1.48749705814414,-16.9348973399999));
#2600=CARTESIAN_POINT('Ctrl Pts',(-3.34574661789955,-1.41075945620492,-16.9512767862461));
#2601=CARTESIAN_POINT('Ctrl Pts',(-3.35149135425659,-1.39516187387052,-16.9546060505828));
#2602=CARTESIAN_POINT('Ctrl Pts',(-3.35712766240834,-1.37952651212625,-16.9579355046592));
#2603=CARTESIAN_POINT('Ctrl Pts',(-3.36265547006602,-1.36385307825089,-16.9612654047381));
#2604=CARTESIAN_POINT('Ctrl Pts',(-3.38991013614437,-1.28657575005367,-16.9776833628775));
#2605=CARTESIAN_POINT('Ctrl Pts',(-3.41448101189464,-1.20852309839653,-16.9941121631144));
#2606=CARTESIAN_POINT('Ctrl Pts',(-3.43639134303709,-1.12966537620825,-17.0105825203877));
#2607=CARTESIAN_POINT('Ctrl Pts',(-3.45252005671823,-1.07161633922868,-17.0227067404628));
#2608=CARTESIAN_POINT('Ctrl Pts',(-3.46720603107767,-1.01313075552894,-17.0348534793848));
#2609=CARTESIAN_POINT('Ctrl Pts',(-3.48044060038873,-0.954194781774324,
-17.0470349890141));
#2610=CARTESIAN_POINT('Ctrl Pts',(-3.51138077191775,-0.816412501570103,
-17.075513286158));
#2611=CARTESIAN_POINT('Ctrl Pts',(-3.53422245767726,-0.676857116485241,
-17.1040630887954));
#2612=CARTESIAN_POINT('Ctrl Pts',(-3.54878908917917,-0.536456832974163,
-17.1326862633949));
#2613=CARTESIAN_POINT('Ctrl Pts',(-3.55871392373174,-0.440796447469278,
-17.152188388662));
#2614=CARTESIAN_POINT('Ctrl Pts',(-3.56479816824549,-0.344744614068619,
-17.1717245750092));
#2615=CARTESIAN_POINT('Ctrl Pts',(-3.56699767885174,-0.248602182405039,
-17.1912954127916));
#2616=CARTESIAN_POINT('Ctrl Pts',(-3.56884704644358,-0.167764792116976,
-17.2077507429169));
#2617=CARTESIAN_POINT('Ctrl Pts',(-3.5679488258371,-0.0871324431794113,
-17.2241789547568));
#2618=CARTESIAN_POINT('Ctrl Pts',(-3.56431317361587,-0.00667403171559156,
-17.2406110767898));
#2619=CARTESIAN_POINT('Ctrl Pts',(-3.56380020237954,0.00467822320046868,
-17.2429295620139));
#2620=CARTESIAN_POINT('Ctrl Pts',(-3.56323265039803,0.0160270146322431,
-17.245248125081));
#2621=CARTESIAN_POINT('Ctrl Pts',(-3.56261046264403,0.02737242731078,-17.2475668531461));
#2622=CARTESIAN_POINT('Ctrl Pts',(-3.55819067847756,0.107965905721261,-17.2640382117075));
#2623=CARTESIAN_POINT('Ctrl Pts',(-3.55102904697749,0.188231529326537,-17.2805178962995));
#2624=CARTESIAN_POINT('Ctrl Pts',(-3.54113820654572,0.268207477005685,-17.2970371483829));
#2625=CARTESIAN_POINT('Ctrl Pts',(-3.53330798970745,0.331521511489828,-17.310114836443));
#2626=CARTESIAN_POINT('Ctrl Pts',(-3.52376625589247,0.394653935414535,-17.3232173226772));
#2627=CARTESIAN_POINT('Ctrl Pts',(-3.51249702311456,0.457617259221655,-17.3363601078497));
#2628=CARTESIAN_POINT('Ctrl Pts',(-3.48806516034731,0.594122673293945,-17.364853859824));
#2629=CARTESIAN_POINT('Ctrl Pts',(-3.45562367909934,0.729149425507283,-17.3934203979836));
#2630=CARTESIAN_POINT('Ctrl Pts',(-3.4153639579842,0.861788147280822,-17.4220614038059));
#2631=CARTESIAN_POINT('Ctrl Pts',(-3.38795895679684,0.952076013838557,-17.4415574851702));
#2632=CARTESIAN_POINT('Ctrl Pts',(-3.35693242563645,1.04125700519582,-17.4610880718378));
#2633=CARTESIAN_POINT('Ctrl Pts',(-3.32235830792787,1.12904226374502,-17.4806536941656));
#2634=CARTESIAN_POINT('Ctrl Pts',(-3.29314370282609,1.20321947584019,-17.4971863482941));
#2635=CARTESIAN_POINT('Ctrl Pts',(-3.26149901546371,1.27615231919488,-17.5136908833112));
#2636=CARTESIAN_POINT('Ctrl Pts',(-3.22742139321155,1.34787366864055,-17.5301988181068));
#2637=CARTESIAN_POINT('Ctrl Pts',(-3.22487400206502,1.35323502657928,-17.5314328292897));
#2638=CARTESIAN_POINT('Ctrl Pts',(-3.2223129936351,1.35858960517509,-17.5326668594704));
#2639=CARTESIAN_POINT('Ctrl Pts',(-3.21973835606883,1.36393741332055,-17.5339009218148));
#2640=CARTESIAN_POINT('Ctrl Pts',(-3.18521308754835,1.43565023016029,-17.5504494000817));
#2641=CARTESIAN_POINT('Ctrl Pts',(-3.14831208734611,1.50600485205184,-17.5670036620745));
#2642=CARTESIAN_POINT('Ctrl Pts',(-3.10903456229115,1.57504330899313,-17.5835954555362));
#2643=CARTESIAN_POINT('Ctrl Pts',(-3.07575043269137,1.6335471211602,-17.5976554912206));
#2644=CARTESIAN_POINT('Ctrl Pts',(-3.0407588496047,1.69110547002263,-17.6117424783306));
#2645=CARTESIAN_POINT('Ctrl Pts',(-3.00403642630739,1.74772567269542,-17.625875736199));
#2646=CARTESIAN_POINT('Ctrl Pts',(-2.92995838916671,1.86194235830329,-17.6543859462365));
#2647=CARTESIAN_POINT('Ctrl Pts',(-2.8491928648252,1.97176872741957,-17.6829702679274));
#2648=CARTESIAN_POINT('Ctrl Pts',(-2.76225811225227,2.07645221644706,-17.7116301765361));
#2649=CARTESIAN_POINT('Ctrl Pts',(-2.70314163998564,2.14763800110408,-17.7311191914845));
#2650=CARTESIAN_POINT('Ctrl Pts',(-2.64117360967313,2.21644576574126,-17.7506431588177));
#2651=CARTESIAN_POINT('Ctrl Pts',(-2.57653021488092,2.28264237349781,-17.7702025424257));
#2652=CARTESIAN_POINT('Ctrl Pts',(-2.52131205644151,2.33918728093965,-17.7869100984958));
#2653=CARTESIAN_POINT('Ctrl Pts',(-2.46433276611782,2.39363858302186,-17.8035885533826));
#2654=CARTESIAN_POINT('Ctrl Pts',(-2.40557696517083,2.44602495481619,-17.8202702897449));
#2655=CARTESIAN_POINT('Ctrl Pts',(-2.34691733870172,2.49832557793764,-17.8369247205943));
#2656=CARTESIAN_POINT('Ctrl Pts',(-2.28660883318549,2.54846245564325,-17.8535824221849));
#2657=CARTESIAN_POINT('Ctrl Pts',(-2.22463670767264,2.59647610957869,-17.8702756184189));
#2658=CARTESIAN_POINT('Ctrl Pts',(-2.16870058329383,2.63981329861631,-17.8853429199371));
#2659=CARTESIAN_POINT('Ctrl Pts',(-2.11140849448934,2.68142031811624,-17.9004391385581));
#2660=CARTESIAN_POINT('Ctrl Pts',(-2.05273194874267,2.72129507327671,-17.9155879697926));
#2661=CARTESIAN_POINT('Ctrl Pts',(-1.94223438297803,2.79638578157633,-17.9441157052665));
#2662=CARTESIAN_POINT('Ctrl Pts',(-1.82735875571482,2.8649547826305,-17.97271892444));
#2663=CARTESIAN_POINT('Ctrl Pts',(-1.70886041428077,2.92651598578845,-18.001398873073));
#2664=CARTESIAN_POINT('Ctrl Pts',(-1.62837031334504,2.96833148629202,-18.020879752994));
#2665=CARTESIAN_POINT('Ctrl Pts',(-1.54620978913393,3.00691428624632,-18.0403960344863));
#2666=CARTESIAN_POINT('Ctrl Pts',(-1.4626262762009,3.04212048215659,-18.0599481079638));
#2667=CARTESIAN_POINT('Ctrl Pts',(-1.39596660745914,3.07019818880809,-18.075541311641));
#2668=CARTESIAN_POINT('Ctrl Pts',(-1.32861167856992,3.09604393723607,-18.0911092472));
#2669=CARTESIAN_POINT('Ctrl Pts',(-1.26054326971099,3.11967420698523,-18.1066779244861));
#2670=CARTESIAN_POINT('Ctrl Pts',(-1.18710982462211,3.14516697441068,-18.12347369844));
#2671=CARTESIAN_POINT('Ctrl Pts',(-1.11300178786514,3.1680303035032,-18.1402703356516));
#2672=CARTESIAN_POINT('Ctrl Pts',(-1.03819238955747,3.18829830742999,-18.1571004936019));
#2673=CARTESIAN_POINT('Ctrl Pts',(-0.966655087304475,3.20767980702465,-18.1731945155227));
#2674=CARTESIAN_POINT('Ctrl Pts',(-0.894475961231306,3.22468775678214,-18.1893191899768));
#2675=CARTESIAN_POINT('Ctrl Pts',(-0.821626595588935,3.23930770011399,-18.2055030739174));
#2676=CARTESIAN_POINT('Ctrl Pts',(-0.69312906862731,3.26509552332833,-18.2340495004327));
#2677=CARTESIAN_POINT('Ctrl Pts',(-0.563158331430301,3.28331509789982,-18.2626728312571));
#2678=CARTESIAN_POINT('Ctrl Pts',(-0.432583548660579,3.29381218380378,-18.2913740570323));
#2679=CARTESIAN_POINT('Ctrl Pts',(-0.343998459464061,3.30093366064166,-18.3108456624327));
#2680=CARTESIAN_POINT('Ctrl Pts',(-0.255136072118941,3.30450171920873,-18.3303531197134));
#2681=CARTESIAN_POINT('Ctrl Pts',(-0.16627423696263,3.30448014707707,-18.349896738203));
#2682=CARTESIAN_POINT('Ctrl Pts',(-0.100777064296244,3.30446424695944,-18.3643017046601));
#2683=CARTESIAN_POINT('Ctrl Pts',(-0.0354069955582348,3.30250283507561,
-18.3787066902436));
#2684=CARTESIAN_POINT('Ctrl Pts',(0.0299448427561106,3.29858107523576,-18.393142212111));
#2685=CARTESIAN_POINT('Ctrl Pts',(0.0734420403556741,3.2959708110551,-18.402750277673));
#2686=CARTESIAN_POINT('Ctrl Pts',(0.116877543914501,3.29249506359038,-18.4123718709088));
#2687=CARTESIAN_POINT('Ctrl Pts',(0.160283917240476,3.28814854661522,-18.4220159899945));
#2688=CARTESIAN_POINT('Ctrl Pts',(0.269268792887997,3.27723529642315,-18.4462304783));
#2689=CARTESIAN_POINT('Ctrl Pts',(0.377675948699523,3.26086481334315,-18.4705039603014));
#2690=CARTESIAN_POINT('Ctrl Pts',(0.484996363703284,3.23911191314285,-18.4948415939314));
#2691=CARTESIAN_POINT('Ctrl Pts',(0.610944954347625,3.21358324627589,-18.5234036401667));
#2692=CARTESIAN_POINT('Ctrl Pts',(0.735346723603733,3.18065016168523,-18.5520440357758));
#2693=CARTESIAN_POINT('Ctrl Pts',(0.85735585405746,3.14050200378458,-18.5807635600696));
#2694=CARTESIAN_POINT('Ctrl Pts',(0.940080160280117,3.1132808565139,-18.6002358955695));
#2695=CARTESIAN_POINT('Ctrl Pts',(1.02170425867827,3.08274402202841,-18.6197446071204));
#2696=CARTESIAN_POINT('Ctrl Pts',(1.10196332228046,3.04896401828701,-18.6392899376254));
#2697=CARTESIAN_POINT('Ctrl Pts',(1.15716507226688,3.02573031436149,-18.6527331102656));
#2698=CARTESIAN_POINT('Ctrl Pts',(1.21160771870019,3.00101415178798,-18.6661731318915));
#2699=CARTESIAN_POINT('Ctrl Pts',(1.2653810359259,2.97476755085864,-18.6796368759144));
#2700=CARTESIAN_POINT('Ctrl Pts',(1.3077575969068,2.95408367375738,-18.6902471041661));
#2701=CARTESIAN_POINT('Ctrl Pts',(1.34965978446812,2.9324781488922,-18.7008720649137));
#2702=CARTESIAN_POINT('Ctrl Pts',(1.39113100413784,2.90992482498396,-18.7115249103884));
#2703=CARTESIAN_POINT('Ctrl Pts',(1.48550244263742,2.85860273614456,-18.7357664050822));
#2704=CARTESIAN_POINT('Ctrl Pts',(1.57727321482971,2.80256334458294,-18.7600680071245));
#2705=CARTESIAN_POINT('Ctrl Pts',(1.66600932201238,2.74206730345513,-18.7844348669753));
#2706=CARTESIAN_POINT('Ctrl Pts',(1.77008470740083,2.67111367482804,-18.8130138796252));
#2707=CARTESIAN_POINT('Ctrl Pts',(1.86994374557649,2.59405621853393,-18.841672741289));
#2708=CARTESIAN_POINT('Ctrl Pts',(1.96489221285008,2.5113867953462,-18.870411989163));
#2709=CARTESIAN_POINT('Ctrl Pts',(2.02922329156711,2.45537522061211,-18.8898838866074));
#2710=CARTESIAN_POINT('Ctrl Pts',(2.091300321963,2.396788596146,-18.9093926858309));
#2711=CARTESIAN_POINT('Ctrl Pts',(2.15091162873192,2.3357927427598,-18.9289385539163));
#2712=CARTESIAN_POINT('Ctrl Pts',(2.18876481614881,2.29706036806397,-18.9413501826486));
#2713=CARTESIAN_POINT('Ctrl Pts',(2.22554427479321,2.25744197654429,-18.9537565195849));
#2714=CARTESIAN_POINT('Ctrl Pts',(2.26130787449711,2.21687099700034,-18.9661801030595));
#2715=CARTESIAN_POINT('Ctrl Pts',(2.2949415309673,2.17871626984932,-18.9778637854118));
#2716=CARTESIAN_POINT('Ctrl Pts',(2.32762503603284,2.13977900400085,-18.9895627211988));
#2717=CARTESIAN_POINT('Ctrl Pts',(2.35940328709814,2.09999970927935,-19.001295656929));
#2718=CARTESIAN_POINT('Ctrl Pts',(2.40329924333873,2.04505174575586,-19.0175026040113));
#2719=CARTESIAN_POINT('Ctrl Pts',(2.44534536229128,1.98864386083567,-19.0337368869796));
#2720=CARTESIAN_POINT('Ctrl Pts',(2.48545297653961,1.93089434054193,-19.0499983581647));
#2721=CARTESIAN_POINT('Ctrl Pts',(2.9295369340209,-0.646384845727843,-19.0499999999992));
#2722=CARTESIAN_POINT('Ctrl Pts',(2.93529415450913,-0.625826394337969,-19.0499999999992));
#2723=CARTESIAN_POINT('Ctrl Pts',(2.94083586051182,-0.605193153564809,-19.0499999999992));
#2724=CARTESIAN_POINT('Ctrl Pts',(2.94616082980769,-0.584486850886391,-19.0499999999993));
#2725=CARTESIAN_POINT('Ctrl Pts',(2.94938454419151,-0.571951340900983,-19.0499999999993));
#2726=CARTESIAN_POINT('Ctrl Pts',(2.95252854557794,-0.559389882330863,-19.0499999999993));
#2727=CARTESIAN_POINT('Ctrl Pts',(2.95558947207146,-0.546816316918287,-19.0499999999993));
#2728=CARTESIAN_POINT('Ctrl Pts',(2.96547639013259,-0.506203185164408,-19.0499999999993));
#2729=CARTESIAN_POINT('Ctrl Pts',(2.97450542651035,-0.465429124705877,-19.0499999999994));
#2730=CARTESIAN_POINT('Ctrl Pts',(2.98267455372033,-0.424538396652342,-19.0499999999995));
#2731=CARTESIAN_POINT('Ctrl Pts',(2.99063946147653,-0.38466989311966,-19.0499999999996));
#2732=CARTESIAN_POINT('Ctrl Pts',(2.99778743357628,-0.344690326668057,-19.0499999999997));
#2733=CARTESIAN_POINT('Ctrl Pts',(3.00412278862948,-0.304605770631491,-19.0499999999999));
#2734=CARTESIAN_POINT('Ctrl Pts',(3.01835558859968,-0.214553127461272,-19.0500000000002));
#2735=CARTESIAN_POINT('Ctrl Pts',(3.02848778703613,-0.123984955716076,-19.0500000000005));
#2736=CARTESIAN_POINT('Ctrl Pts',(3.03451187953496,-0.0330511906334776,
-19.0500000000007));
#2737=CARTESIAN_POINT('Ctrl Pts',(3.04040296023414,0.0558747593724792,-19.0500000000009));
#2738=CARTESIAN_POINT('Ctrl Pts',(3.04234508456026,0.144885990675083,-19.0500000000011));
#2739=CARTESIAN_POINT('Ctrl Pts',(3.04039341575973,0.233833911597077,-19.0500000000013));
#2740=CARTESIAN_POINT('Ctrl Pts',(3.03891409721207,0.301254320818509,-19.0500000000014));
#2741=CARTESIAN_POINT('Ctrl Pts',(3.03519663166684,0.368638729468776,-19.0500000000016));
#2742=CARTESIAN_POINT('Ctrl Pts',(3.02924543903836,0.435924779346006,-19.0500000000017));
#2743=CARTESIAN_POINT('Ctrl Pts',(3.02720417650395,0.459003933605907,-19.0500000000017));
#2744=CARTESIAN_POINT('Ctrl Pts',(3.02489968698368,0.482074777191868,-19.0500000000017));
#2745=CARTESIAN_POINT('Ctrl Pts',(3.02233141092026,0.505135216271296,-19.0500000000018));
#2746=CARTESIAN_POINT('Ctrl Pts',(3.01741201436987,0.549306263953284,-19.0500000000018));
#2747=CARTESIAN_POINT('Ctrl Pts',(3.01152517028085,0.593428005096789,-19.0500000000018));
#2748=CARTESIAN_POINT('Ctrl Pts',(3.0046804102599,0.637411576668542,-19.0500000000018));
#2749=CARTESIAN_POINT('Ctrl Pts',(2.99070320635749,0.727227340308714,-19.0500000000017));
#2750=CARTESIAN_POINT('Ctrl Pts',(2.97279348137769,0.816117577294931,-19.0500000000013));
#2751=CARTESIAN_POINT('Ctrl Pts',(2.95104664158978,0.903942929328065,-19.0500000000004));
#2752=CARTESIAN_POINT('Ctrl Pts',(2.9299209771617,0.989259643546141,-19.0499999999995));
#2753=CARTESIAN_POINT('Ctrl Pts',(2.90517397529591,1.07357204731886,-19.0499999999983));
#2754=CARTESIAN_POINT('Ctrl Pts',(2.87684639904827,1.15675836056902,-19.0499999999963));
#2755=CARTESIAN_POINT('Ctrl Pts',(2.8477171009625,1.24229899751363,-19.0499999999943));
#2756=CARTESIAN_POINT('Ctrl Pts',(2.81488265144283,1.32640100177621,-19.0499999999924));
#2757=CARTESIAN_POINT('Ctrl Pts',(2.77844906622714,1.40894790215701,-19.0499999999909));
#2758=CARTESIAN_POINT('Ctrl Pts',(2.74181170399224,1.49195649636246,-19.0499999999894));
#2759=CARTESIAN_POINT('Ctrl Pts',(2.70153460825012,1.57339314114482,-19.0499999999883));
#2760=CARTESIAN_POINT('Ctrl Pts',(2.65767549835233,1.65312403857207,-19.0499999999879));
#2761=CARTESIAN_POINT('Ctrl Pts',(2.64678844363143,1.67291547176028,-19.0499999999878));
#2762=CARTESIAN_POINT('Ctrl Pts',(2.63568044455922,1.69260170341698,-19.0499999999877));
#2763=CARTESIAN_POINT('Ctrl Pts',(2.62435193367142,1.71218047462125,-19.0499999999877));
#2764=CARTESIAN_POINT('Ctrl Pts',(2.61695715365327,1.7249606809092,-19.0499999999877));
#2765=CARTESIAN_POINT('Ctrl Pts',(2.6094684213239,1.73769510231836,-19.0499999999877));
#2766=CARTESIAN_POINT('Ctrl Pts',(2.60188457007501,1.75038510920196,-19.0499999999877));
#2767=CARTESIAN_POINT('Ctrl Pts',(2.56506233434977,1.8119995066219,-19.0499999999878));
#2768=CARTESIAN_POINT('Ctrl Pts',(2.52622890768426,1.87218225120742,-19.0499999999964));
#2769=CARTESIAN_POINT('Ctrl Pts',(2.48545703568204,1.93088849591371,-19.0500000000004));
#2770=CARTESIAN_POINT('Ctrl Pts',(-4.61839326960231,0.0643480324231913,
-11.7271243880886));
#2771=CARTESIAN_POINT('Ctrl Pts',(-4.58766371966907,0.675435501236863,-11.8233953114077));
#2772=CARTESIAN_POINT('Ctrl Pts',(-4.43437491404752,1.27472174709444,-11.9195297977459));
#2773=CARTESIAN_POINT('Ctrl Pts',(-3.91477754744908,2.35662448199298,-12.1111271940946));
#2774=CARTESIAN_POINT('Ctrl Pts',(-3.55125931141861,2.83882231010026,-12.2063822877743));
#2775=CARTESIAN_POINT('Ctrl Pts',(-2.67339809109561,3.6233255663329,-12.397081103094));
#2776=CARTESIAN_POINT('Ctrl Pts',(-2.16024139470081,3.9246764372328,-12.4923378081605));
#2777=CARTESIAN_POINT('Ctrl Pts',(-1.06480696870418,4.30661620669321,-12.6830440184814));
#2778=CARTESIAN_POINT('Ctrl Pts',(-0.483982317319421,4.38676806145042,-12.7783027068053));
#2779=CARTESIAN_POINT('Ctrl Pts',(0.656971524718026,4.32009321768432,-12.9690166283215));
#2780=CARTESIAN_POINT('Ctrl Pts',(1.2155968218248,4.17341637539597,-13.064277506915));
#2781=CARTESIAN_POINT('Ctrl Pts',(2.22810911322018,3.68147553954232,-13.2549995560048));
#2782=CARTESIAN_POINT('Ctrl Pts',(2.68066887623806,3.33692379651955,-13.3502628064509));
#2783=CARTESIAN_POINT('Ctrl Pts',(3.41539532817788,2.50690650721834,-13.5409934529443));
#2784=CARTESIAN_POINT('Ctrl Pts',(3.69661228606669,2.02260438926937,-13.6362592593073));
#2785=CARTESIAN_POINT('Ctrl Pts',(4.05083234999723,0.990401185994568,-13.8269990157563));
#2786=CARTESIAN_POINT('Ctrl Pts',(4.12340592416483,0.443934967601609,-13.9222675738002));
#2787=CARTESIAN_POINT('Ctrl Pts',(4.05527424751951,-0.62799597954038,-14.1130169947369));
#2788=CARTESIAN_POINT('Ctrl Pts',(3.91472247394892,-1.15197470072784,-14.2082885158073));
#2789=CARTESIAN_POINT('Ctrl Pts',(3.44780601254904,-2.10014582601602,-14.3990482003053));
#2790=CARTESIAN_POINT('Ctrl Pts',(3.12215147160796,-2.52302811449303,-14.4943229137192));
#2791=CARTESIAN_POINT('Ctrl Pts',(2.33983997316944,-3.20785575132766,-14.6850935092574));
#2792=CARTESIAN_POINT('Ctrl Pts',(1.88433875873617,-3.46886601408872,-14.7803716643608));
#2793=CARTESIAN_POINT('Ctrl Pts',(0.915283319395006,-3.79519666076592,-14.9711538714696));
#2794=CARTESIAN_POINT('Ctrl Pts',(0.403151928979068,-3.86009802934392,-15.0664357397766));
#2795=CARTESIAN_POINT('Ctrl Pts',(-0.599768572535178,-3.79031291215569,
-15.2572303172808));
#2796=CARTESIAN_POINT('Ctrl Pts',(-1.08908620835623,-3.65578520262737,-15.3525161948112));
#2797=CARTESIAN_POINT('Ctrl Pts',(-1.97284936529295,-3.2136980099148,-15.5433239657276));
#2798=CARTESIAN_POINT('Ctrl Pts',(-2.36599972723806,-2.90684843540976,-15.638614175621));
#2799=CARTESIAN_POINT('Ctrl Pts',(-3.00078557146974,-2.17208047449671,-15.8294360337679));
#2800=CARTESIAN_POINT('Ctrl Pts',(-3.24149938682105,-1.74531250843064,-15.9247309292007));
#2801=CARTESIAN_POINT('Ctrl Pts',(-3.53973684704395,-0.839304809822946,
-16.1155678466175));
#2802=CARTESIAN_POINT('Ctrl Pts',(-3.5968517889416,-0.361478595141321,-16.2108678140969));
#2803=CARTESIAN_POINT('Ctrl Pts',(-3.52517528217034,0.57244677364366,-16.4017208493435));
#2804=CARTESIAN_POINT('Ctrl Pts',(-3.39654882648213,1.02708626170073,-16.4970263124518));
#2805=CARTESIAN_POINT('Ctrl Pts',(-2.97905359161021,1.84636076192395,-16.6878966199144));
#2806=CARTESIAN_POINT('Ctrl Pts',(-2.69089650555289,2.20971327316003,-16.7832080436385));
#2807=CARTESIAN_POINT('Ctrl Pts',(-2.00347378891663,2.79428349954115,-16.97409688381));
#2808=CARTESIAN_POINT('Ctrl Pts',(-1.60535621091312,3.01459152767011,-17.0694147797854));
#2809=CARTESIAN_POINT('Ctrl Pts',(-0.762273213280717,3.28448691390524,-17.2603235302985));
#2810=CARTESIAN_POINT('Ctrl Pts',(-0.318715576909941,3.33367566435182,-17.3556484638703));
#2811=CARTESIAN_POINT('Ctrl Pts',(0.546234354919913,3.25981588221392,-17.5465786299797));
#2812=CARTESIAN_POINT('Ctrl Pts',(0.966174902910927,3.13693979317355,-17.6419112319829));
#2813=CARTESIAN_POINT('Ctrl Pts',(1.72086259411076,2.74374412957854,-17.8328644518711));
#2814=CARTESIAN_POINT('Ctrl Pts',(2.05433567581683,2.47414079189624,-17.9282054444008));
#2815=CARTESIAN_POINT('Ctrl Pts',(2.58847748265932,1.83381775088438,-18.1191834734979));
#2816=CARTESIAN_POINT('Ctrl Pts',(2.78824255248119,1.46424801977689,-18.2145337401498));
#2817=CARTESIAN_POINT('Ctrl Pts',(3.02949178958607,0.6839360301456,-18.405538361617));
#2818=CARTESIAN_POINT('Ctrl Pts',(3.07057371076029,0.27460194582409,-18.5008991623431));
#2819=CARTESIAN_POINT('Ctrl Pts',(2.9941806763843,-0.521399388839746,-18.6919318501316));
#2820=CARTESIAN_POINT('Ctrl Pts',(2.87684264840307,-0.906612709163808,-18.7873054879737));
#2821=CARTESIAN_POINT('Ctrl Pts',(2.5783264833224,-1.4644722479512,-18.9417800089749));
#2822=CARTESIAN_POINT('Ctrl Pts',(2.43901137066256,-1.66153717107181,-19.0006732171384));
#2823=CARTESIAN_POINT('Ctrl Pts',(2.27934859897697,-1.83803935278493,-19.0595767992504));
#2824=CARTESIAN_POINT('Ctrl Pts',(-4.03901778317286,0.0769421037164078,
-11.6062902606645));
#2825=CARTESIAN_POINT('Ctrl Pts',(-4.00661222855681,0.611558431834425,-11.7025952999363));
#2826=CARTESIAN_POINT('Ctrl Pts',(-3.86699249228483,1.13409260499222,-11.7987481017395));
#2827=CARTESIAN_POINT('Ctrl Pts',(-3.40301201030762,2.07429746926171,-11.9904154645984));
#2828=CARTESIAN_POINT('Ctrl Pts',(-3.08116916937022,2.49149774507941,-12.0856918841217));
#2829=CARTESIAN_POINT('Ctrl Pts',(-2.30835303998824,3.16683332011955,-12.2764651840771));
#2830=CARTESIAN_POINT('Ctrl Pts',(-1.85854552578822,3.42404697859683,-12.3717449743987));
#2831=CARTESIAN_POINT('Ctrl Pts',(-0.901897287660979,3.74524610726067,-12.5625308365935));
#2832=CARTESIAN_POINT('Ctrl Pts',(-0.396478440822972,3.8088175303454,-12.6578146191086));
#2833=CARTESIAN_POINT('Ctrl Pts',(0.59301487502411,3.73904167987408,-12.8486138323964));
#2834=CARTESIAN_POINT('Ctrl Pts',(1.07562224734967,3.60585408830944,-12.9439020471215));
#2835=CARTESIAN_POINT('Ctrl Pts',(1.94698389332456,3.16891520430544,-13.1347155834059));
#2836=CARTESIAN_POINT('Ctrl Pts',(2.33444788841909,2.86587199412768,-13.2300086633375));
#2837=CARTESIAN_POINT('Ctrl Pts',(2.9597468343757,2.14060727126989,-13.4208376273427));
#2838=CARTESIAN_POINT('Ctrl Pts',(3.19666408965188,1.71953234075719,-13.5161360385475));
#2839=CARTESIAN_POINT('Ctrl Pts',(3.48977412690929,0.825935612963901,-13.7069816649424));
#2840=CARTESIAN_POINT('Ctrl Pts',(3.54556047676535,0.354822194727474,-13.8022859235704));
#2841=CARTESIAN_POINT('Ctrl Pts',(3.47389692150706,-0.565674339803103,-13.9931495889993));
#2842=CARTESIAN_POINT('Ctrl Pts',(3.34661219114895,-1.01360342458167,-14.0884602724393));
#2843=CARTESIAN_POINT('Ctrl Pts',(2.93426843871773,-1.82047593824312,-14.2793435142995));
#2844=CARTESIAN_POINT('Ctrl Pts',(2.64991916647225,-2.1781421567893,-14.374661271623));
#2845=CARTESIAN_POINT('Ctrl Pts',(1.9720023212443,-2.75322545080727,-14.565565811544));
#2846=CARTESIAN_POINT('Ctrl Pts',(1.57957900768747,-2.96973701755673,-14.6608913749794));
#2847=CARTESIAN_POINT('Ctrl Pts',(0.748909402065189,-3.23450481963695,-14.8518191469447));
#2848=CARTESIAN_POINT('Ctrl Pts',(0.312065747617741,-3.28236491755236,-14.9471533452158));
#2849=CARTESIAN_POINT('Ctrl Pts',(-0.5394524271428,-3.20851758760596,-15.1381065288567));
#2850=CARTESIAN_POINT('Ctrl Pts',(-0.952681159061069,-3.08698300740829,
-15.2334503028965));
#2851=CARTESIAN_POINT('Ctrl Pts',(-1.69496246165703,-2.69893836393484,-15.4244313629127));
#2852=CARTESIAN_POINT('Ctrl Pts',(-2.02274756374294,-2.4331427499187,-15.519785784491));
#2853=CARTESIAN_POINT('Ctrl Pts',(-2.54739540901406,-1.80232625471081,-15.7107975173367));
#2854=CARTESIAN_POINT('Ctrl Pts',(-2.74336297245267,-1.43845133282598,-15.8061638111474));
#2855=CARTESIAN_POINT('Ctrl Pts',(-2.97947319003009,-0.670556368633181,
-15.9972094003443));
#2856=CARTESIAN_POINT('Ctrl Pts',(-3.0192298955328,-0.267937840148507,-16.0925889702391));
#2857=CARTESIAN_POINT('Ctrl Pts',(-2.94282843405807,0.514622603618716,-16.2836720518264));
#2858=CARTESIAN_POINT('Ctrl Pts',(-2.82685262142947,0.893122438104677,-16.3790665119768));
#2859=CARTESIAN_POINT('Ctrl Pts',(-2.46273649011388,1.57068154581893,-16.5701912518131));
#2860=CARTESIAN_POINT('Ctrl Pts',(-2.21531901435441,1.86847943785652,-16.6656024637302));
#2861=CARTESIAN_POINT('Ctrl Pts',(-1.63129396878298,2.34241208198571,-16.8567736482647));
#2862=CARTESIAN_POINT('Ctrl Pts',(-1.29583920618099,2.51765997691558,-16.9522037648998));
#2863=CARTESIAN_POINT('Ctrl Pts',(-0.590531521087328,2.72471223702289,-17.1434269066781));
#2864=CARTESIAN_POINT('Ctrl Pts',(-0.222084894996029,2.75614105722943,-17.2388784255896));
#2865=CARTESIAN_POINT('Ctrl Pts',(0.491536262120489,2.67671688004056,-17.430159882906));
#2866=CARTESIAN_POINT('Ctrl Pts',(0.835266554383418,2.5660584131003,-17.525635713075));
#2867=CARTESIAN_POINT('Ctrl Pts',(1.44792811745853,2.22540541306907,-17.7169828177194));
#2868=CARTESIAN_POINT('Ctrl Pts',(1.71559868918746,1.99614704604317,-17.8124863730383));
#2869=CARTESIAN_POINT('Ctrl Pts',(2.13845279593484,1.45853229194666,-18.0039075427106));
#2870=CARTESIAN_POINT('Ctrl Pts',(2.29275161119403,1.15134218137972,-18.0994429039919));
#2871=CARTESIAN_POINT('Ctrl Pts',(2.47023617861063,0.508402606590853,-18.2909476609358));
#2872=CARTESIAN_POINT('Ctrl Pts',(2.49304318565276,0.174071979654255,-18.3865199442375));
#2873=CARTESIAN_POINT('Ctrl Pts',(2.41001965540318,-0.470607612619414,-18.5781185871122));
#2874=CARTESIAN_POINT('Ctrl Pts',(2.30435087971217,-0.779500319617993,-18.6737349428531));
#2875=CARTESIAN_POINT('Ctrl Pts',(2.04747794503719,-1.22217224922666,-18.8287280442493));
#2876=CARTESIAN_POINT('Ctrl Pts',(1.92941984294937,-1.37722469286619,-18.8878045992411));
#2877=CARTESIAN_POINT('Ctrl Pts',(1.79568035034257,-1.5148185730557,-18.9469032428388));
#2878=CARTESIAN_POINT('Ctrl Pts',(-3.45960542752194,0.0919935030038379,
-11.4856735783923));
#2879=CARTESIAN_POINT('Ctrl Pts',(-3.42520023771748,0.550152846135391,-11.5820066493319));
#2880=CARTESIAN_POINT('Ctrl Pts',(-3.29892085646129,0.995882356310158,-11.6781698513389));
#2881=CARTESIAN_POINT('Ctrl Pts',(-2.88993910428894,1.79416260763644,-11.8698926557539));
#2882=CARTESIAN_POINT('Ctrl Pts',(-2.60948499022968,2.14618857005591,-11.9651806838311));
#2883=CARTESIAN_POINT('Ctrl Pts',(-1.9412223339683,2.71190346579022,-12.1560099864757));
#2884=CARTESIAN_POINT('Ctrl Pts',(-1.55456269050107,2.92470164930268,-12.2513011802455));
#2885=CARTESIAN_POINT('Ctrl Pts',(-0.736414363781465,3.18454196777092,-12.4421434594145));
#2886=CARTESIAN_POINT('Ctrl Pts',(-0.306320186893794,3.23119269805442,-12.5374383275381));
#2887=CARTESIAN_POINT('Ctrl Pts',(0.531741249939818,3.15762314015987,-12.7282939659296));
#2888=CARTESIAN_POINT('Ctrl Pts',(0.938274676970166,3.03757345621341,-12.8235927590017));
#2889=CARTESIAN_POINT('Ctrl Pts',(1.66824354429016,2.6549749702077,-13.0144622396148));
#2890=CARTESIAN_POINT('Ctrl Pts',(1.99042288051499,2.39313231605585,-13.1097651427221));
#2891=CARTESIAN_POINT('Ctrl Pts',(2.50581098911724,1.77209384802301,-13.300648964728));
#2892=CARTESIAN_POINT('Ctrl Pts',(2.69813238136653,1.41403070791721,-13.3959561335538));
#2893=CARTESIAN_POINT('Ctrl Pts',(2.92947678032266,0.658734826352912,-13.5868547791813));
#2894=CARTESIAN_POINT('Ctrl Pts',(2.96811588424266,0.262887133756292,-13.68216634603));
#2895=CARTESIAN_POINT('Ctrl Pts',(2.89219065259054,-0.506207757081177,-13.873080258946));
#2896=CARTESIAN_POINT('Ctrl Pts',(2.77780364834111,-0.878029956103306,-13.9683963286695));
#2897=CARTESIAN_POINT('Ctrl Pts',(2.41934039848665,-1.54335433205914,-14.1593258926812));
#2898=CARTESIAN_POINT('Ctrl Pts',(2.17597471862742,-1.83560976636308,-14.2546465339816));
#2899=CARTESIAN_POINT('Ctrl Pts',(1.60190501432273,-2.30045264305896,-14.4455920479199));
#2900=CARTESIAN_POINT('Ctrl Pts',(1.27233540050546,-2.47216231977339,-14.5409172812842));
#2901=CARTESIAN_POINT('Ctrl Pts',(0.579733163253323,-2.67470020874622,-14.7318789279082));
#2902=CARTESIAN_POINT('Ctrl Pts',(0.218084765835732,-2.70515384098909,-14.8272087101655));
#2903=CARTESIAN_POINT('Ctrl Pts',(-0.482073380537188,-2.62650903581791,
-15.0181865172306));
#2904=CARTESIAN_POINT('Ctrl Pts',(-0.81916120160067,-2.51759650485179,-15.1135207221152));
#2905=CARTESIAN_POINT('Ctrl Pts',(-1.41972492335749,-2.18290327299949,-15.3045145137272));
#2906=CARTESIAN_POINT('Ctrl Pts',(-1.68195907689493,-1.95784066473894,-15.3998529076318));
#2907=CARTESIAN_POINT('Ctrl Pts',(-2.09599833371109,-1.43043074270625,-15.5908622436674));
#2908=CARTESIAN_POINT('Ctrl Pts',(-2.24693235415287,-1.12922411713269,-15.6862044554877));
#2909=CARTESIAN_POINT('Ctrl Pts',(-2.42028924010912,-0.499117272414268,
-15.8772285565095));
#2910=CARTESIAN_POINT('Ctrl Pts',(-2.44234577574996,-0.171606101331526,
-15.9725740403572));
#2911=CARTESIAN_POINT('Ctrl Pts',(-2.36053739162871,0.459660111700891,-16.1636116949911));
#2912=CARTESIAN_POINT('Ctrl Pts',(-2.25686815087368,0.761990179630337,-16.2589596843571));
#2913=CARTESIAN_POINT('Ctrl Pts',(-1.94549320581625,1.29766122954654,-16.4500091358062));
#2914=CARTESIAN_POINT('Ctrl Pts',(-1.7385168191269,1.52975970563915,-16.5453585876293));
#2915=CARTESIAN_POINT('Ctrl Pts',(-1.2573762224835,1.89268755535421,-16.7364173956233));
#2916=CARTESIAN_POINT('Ctrl Pts',(-0.984365147903485,2.02264809675206,-16.83176692279));
#2917=CARTESIAN_POINT('Ctrl Pts',(-0.416491168897135,2.1663677140698,-17.0228317972592));
#2918=CARTESIAN_POINT('Ctrl Pts',(-0.123030464215545,2.17976659972245,-17.1181795886071));
#2919=CARTESIAN_POINT('Ctrl Pts',(0.439423807556679,2.09424146273528,-17.3092461911214));
#2920=CARTESIAN_POINT('Ctrl Pts',(0.706979387947234,1.99552405640613,-17.4045899200595));
#2921=CARTESIAN_POINT('Ctrl Pts',(1.17762106628781,1.70688773016403,-17.59565262833));
#2922=CARTESIAN_POINT('Ctrl Pts',(1.37945270049876,1.51771460406874,-17.6909893571845));
#2923=CARTESIAN_POINT('Ctrl Pts',(1.69090803757461,1.08231842099448,-17.8820409827123));
#2924=CARTESIAN_POINT('Ctrl Pts',(1.79965183851305,0.837270847513264,-17.9773670887797));
#2925=CARTESIAN_POINT('Ctrl Pts',(1.91317086515459,0.331242481355738,-18.1683985153022));
#2926=CARTESIAN_POINT('Ctrl Pts',(1.91757045139561,0.0716918257070361,-18.2637097227317));
#2927=CARTESIAN_POINT('Ctrl Pts',(1.82761801470923,-0.422124387634041,-18.4547093536872));
#2928=CARTESIAN_POINT('Ctrl Pts',(1.73342896095683,-0.654918956469551,-18.5500010713369));
#2929=CARTESIAN_POINT('Ctrl Pts',(1.51783390575222,-0.982780275463759,-18.7043883786163));
#2930=CARTESIAN_POINT('Ctrl Pts',(1.42087042658421,-1.09595973096388,-18.7632215063842));
#2931=CARTESIAN_POINT('Ctrl Pts',(1.31286925763044,-1.19477881205391,-18.8220612448605));
#2932=CARTESIAN_POINT('Ctrl Pts',(-2.87930313476695,0.119027596713244,-11.3694708149098));
#2933=CARTESIAN_POINT('Ctrl Pts',(-2.84128648700946,0.500854486343125,-11.4659588822324));
#2934=CARTESIAN_POINT('Ctrl Pts',(-2.72667729922087,0.869559290613416,-11.5622384528764));
#2935=CARTESIAN_POINT('Ctrl Pts',(-2.36945833878366,1.52483908327844,-11.7542953452408));
#2936=CARTESIAN_POINT('Ctrl Pts',(-2.12885964348274,1.81080433663071,-11.849711320928));
#2937=CARTESIAN_POINT('Ctrl Pts',(-1.56242616610553,2.26454242529811,-12.0409031773406));
#2938=CARTESIAN_POINT('Ctrl Pts',(-1.23776971190086,2.43143297015954,-12.1363347439677));
#2939=CARTESIAN_POINT('Ctrl Pts',(-0.556403592168959,2.62649522478894,-12.3275725998553));
#2940=CARTESIAN_POINT('Ctrl Pts',(-0.20111618552353,2.65429467735259,-12.4230219059423));
#2941=CARTESIAN_POINT('Ctrl Pts',(0.485811313542059,2.57287298354855,-12.6143098572795));
#2942=CARTESIAN_POINT('Ctrl Pts',(0.815994579827731,2.46385261795681,-12.7097788899374));
#2943=CARTESIAN_POINT('Ctrl Pts',(1.40321188615494,2.13148093429164,-12.9011217021082));
#2944=CARTESIAN_POINT('Ctrl Pts',(1.65897594577132,1.90887632199909,-12.9966125965679));
#2945=CARTESIAN_POINT('Ctrl Pts',(2.06143877290152,1.38856705525688,-13.1880156692827));
#2946=CARTESIAN_POINT('Ctrl Pts',(2.20725021546964,1.09204349927016,-13.2835308028442));
#2947=CARTESIAN_POINT('Ctrl Pts',(2.37243043043763,0.47283124163439,-13.4750002252629));
#2948=CARTESIAN_POINT('Ctrl Pts',(2.39143357219287,0.151579064906738,-13.5705422751104));
#2949=CARTESIAN_POINT('Ctrl Pts',(2.30600011102214,-0.466504880043183,-13.7620849171698));
#2950=CARTESIAN_POINT('Ctrl Pts',(2.20177993592168,-0.761864187695383,-13.8576569127349));
#2951=CARTESIAN_POINT('Ctrl Pts',(1.89185435426428,-1.28387952758997,-14.0492805402726));
#2952=CARTESIAN_POINT('Ctrl Pts',(1.68691921187234,-1.50925408230332,-14.1448859200352));
#2953=CARTESIAN_POINT('Ctrl Pts',(1.21213449576056,-1.85992557649025,-14.3365993324462));
#2954=CARTESIAN_POINT('Ctrl Pts',(0.943495665411473,-1.9843319286976,-14.4322420093087));
#2955=CARTESIAN_POINT('Ctrl Pts',(0.386057661734671,-2.11887563894895,-14.6240552022863));
#2956=CARTESIAN_POINT('Ctrl Pts',(0.0987275521421357,-2.12865552941609,
-14.719739640304));
#2957=CARTESIAN_POINT('Ctrl Pts',(-0.450577927178531,-2.0383068141599,-14.9116639979406));
#2958=CARTESIAN_POINT('Ctrl Pts',(-0.711050007200107,-1.93841611842187,
-15.007395302855));
#2959=CARTESIAN_POINT('Ctrl Pts',(-1.16755506601831,-1.65001322563113,-15.1994438246841));
#2960=CARTESIAN_POINT('Ctrl Pts',(-1.36228306964261,-1.46230607698331,-15.2952278511461));
#2961=CARTESIAN_POINT('Ctrl Pts',(-1.66047509947545,-1.03225590174588,-15.4874154209129));
#2962=CARTESIAN_POINT('Ctrl Pts',(-1.76303824750777,-0.791169260142945,
-15.5832588996263));
#2963=CARTESIAN_POINT('Ctrl Pts',(-1.86593375276394,-0.295004886750434,
-15.7756026039529));
#2964=CARTESIAN_POINT('Ctrl Pts',(-1.86591663650232,-0.0414476362733958,
-15.8715132927366));
#2965=CARTESIAN_POINT('Ctrl Pts',(-1.76943770106023,0.439157596613929,-16.0640327992698));
#2966=CARTESIAN_POINT('Ctrl Pts',(-1.67324316196364,0.664652565771974,-16.1600196628274));
#2967=CARTESIAN_POINT('Ctrl Pts',(-1.40512007123155,1.05521946260712,-16.3527376691892));
#2968=CARTESIAN_POINT('Ctrl Pts',(-1.23404729642334,1.21894745544406,-16.4488110933767));
#2969=CARTESIAN_POINT('Ctrl Pts',(-0.847671387774047,1.46371466137532,-16.6417538596935));
#2970=CARTESIAN_POINT('Ctrl Pts',(-0.633692799112968,1.54383415075182,-16.7379259076862));
#2971=CARTESIAN_POINT('Ctrl Pts',(-0.198140556987899,1.61369477092035,-16.9311238863912));
#2972=CARTESIAN_POINT('Ctrl Pts',(0.0218350641652491,1.60309559870468,-17.0274086072974));
#2973=CARTESIAN_POINT('Ctrl Pts',(0.433817358645315,1.49882547684675,-17.220897181463));
#2974=CARTESIAN_POINT('Ctrl Pts',(0.624195563499806,1.4054635508071,-17.3173109904973));
#2975=CARTESIAN_POINT('Ctrl Pts',(0.948201374136263,1.15593127457971,-17.5111313201455));
#2976=CARTESIAN_POINT('Ctrl Pts',(1.08042472400105,1.00069052146304,-17.6076934947714));
#2977=CARTESIAN_POINT('Ctrl Pts',(1.27043232363797,0.656569332628251,-17.80189342672));
#2978=CARTESIAN_POINT('Ctrl Pts',(1.32726237893327,0.469112723220356,-17.8986268459637));
#2979=CARTESIAN_POINT('Ctrl Pts',(1.36215954770425,0.0933276797340443,-18.0932616952917));
#2980=CARTESIAN_POINT('Ctrl Pts',(1.33987788101899,-0.093290568353246,-18.1901942203132));
#2981=CARTESIAN_POINT('Ctrl Pts',(1.22555310503062,-0.436662615310299,-18.3853267534358));
#2982=CARTESIAN_POINT('Ctrl Pts',(1.13380502873246,-0.591678946128185,-18.4824944409485));
#2983=CARTESIAN_POINT('Ctrl Pts',(0.945309490217311,-0.799043302851698,
-18.6407180781473));
#2984=CARTESIAN_POINT('Ctrl Pts',(0.864205152529469,-0.86740843945913,-18.7009499775968));
#2985=CARTESIAN_POINT('Ctrl Pts',(0.777050038764622,-0.923813757437664,
-18.7612729738879));
#2986=CARTESIAN_POINT('Origin',(0.,0.,0.));
#2987=CARTESIAN_POINT('',(-1.61395688944714,2.38678554545372,-4.7979508885878));
#2988=CARTESIAN_POINT('Ctrl Pts',(-1.6139568628908,2.38678545479641,-4.79795100514655));
#2989=CARTESIAN_POINT('Ctrl Pts',(-1.4303326119283,2.51095313791957,-4.85269009426647));
#2990=CARTESIAN_POINT('Ctrl Pts',(-1.2329976076016,2.61351415806231,-4.90727147770235));
#2991=CARTESIAN_POINT('Ctrl Pts',(-0.818920497927785,2.77128281019449,-5.0166519816987));
#2992=CARTESIAN_POINT('Ctrl Pts',(-0.60359001131024,2.82600685793139,-5.07113634048721));
#2993=CARTESIAN_POINT('Ctrl Pts',(-0.00173300205568105,2.90696962974097,
-5.2211362271314));
#2994=CARTESIAN_POINT('Ctrl Pts',(0.387130314029681,2.88107714713781,-5.31539443769373));
#2995=CARTESIAN_POINT('Ctrl Pts',(1.13152830074839,2.6777070960025,-5.50600403719534));
#2996=CARTESIAN_POINT('Ctrl Pts',(1.47953576619928,2.50228804677913,-5.60025999539323));
#2997=CARTESIAN_POINT('Ctrl Pts',(2.08577972787848,2.02484478512402,-5.79087042511306));
#2998=CARTESIAN_POINT('Ctrl Pts',(2.33788490488578,1.72764799789773,-5.88512680302133));
#2999=CARTESIAN_POINT('Ctrl Pts',(2.61704534362989,1.22061835461371,-6.02809563339659));
#3000=CARTESIAN_POINT('Ctrl Pts',(2.69289822462728,1.04265878669923,-6.07560924792567));
#3001=CARTESIAN_POINT('Ctrl Pts',(2.80775321393262,0.674676416543218,-6.17076766031942));
#3002=CARTESIAN_POINT('Ctrl Pts',(2.84654926187966,0.485614003700019,-6.21819393362927));
#3003=CARTESIAN_POINT('Ctrl Pts',(2.88589139460339,0.102204440936146,-6.31339639657822));
#3004=CARTESIAN_POINT('Ctrl Pts',(2.88626080826724,-0.0911921301199428,
-6.36089273705328));
#3005=CARTESIAN_POINT('Ctrl Pts',(2.84837635705922,-0.474796350775835,-6.45604834089195));
#3006=CARTESIAN_POINT('Ctrl Pts',(2.81029006692018,-0.664038098785154,-6.50348661667532));
#3007=CARTESIAN_POINT('Ctrl Pts',(2.69685177232725,-1.03236842822437,-6.59868305381385));
#3008=CARTESIAN_POINT('Ctrl Pts',(2.62172518932349,-1.21051785699126,-6.64616237416709));
#3009=CARTESIAN_POINT('Ctrl Pts',(2.43713233904577,-1.54889636134204,-6.74131626391499));
#3010=CARTESIAN_POINT('Ctrl Pts',(2.32818082120199,-1.70829319111586,-6.78876749430478));
#3011=CARTESIAN_POINT('Ctrl Pts',(2.0799783230437,-2.00311344976901,-6.88395813580641));
#3012=CARTESIAN_POINT('Ctrl Pts',(1.94131584208583,-2.13777180715349,-6.93142101072099));
#3013=CARTESIAN_POINT('Ctrl Pts',(1.63930812759551,-2.37726288448024,-7.02657445674175));
#3014=CARTESIAN_POINT('Ctrl Pts',(1.47674914234396,-2.48151561408528,-7.07403956456145));
#3015=CARTESIAN_POINT('Ctrl Pts',(1.13316844794448,-2.65606518193783,-7.16922476591771));
#3016=CARTESIAN_POINT('Ctrl Pts',(0.952996272419399,-2.72590407204308,-7.21667207814824));
#3017=CARTESIAN_POINT('Ctrl Pts',(0.581478769114022,-2.82853492771243,-7.31182651780045));
#3018=CARTESIAN_POINT('Ctrl Pts',(0.39107764857821,-2.86108087282141,-7.35930640310721));
#3019=CARTESIAN_POINT('Ctrl Pts',(0.132635877084333,-2.87896094120391,-7.42328967993533));
#3020=CARTESIAN_POINT('Ctrl Pts',(0.0663091997929645,-2.88125000046262,
-7.43966641281453));
#3021=CARTESIAN_POINT('Ctrl Pts',(-2.01015055295573E-8,-2.88125,-7.45603634713114));
#3022=CARTESIAN_POINT('',(-2.62374039719751,-1.19062499999931,-3.15652100204336));
#3023=CARTESIAN_POINT('Origin',(0.,5.12792031924149E-16,-4.18726470588236));
#3024=CARTESIAN_POINT('',(-2.62374039719751,-1.19062499999931,-3.048));
#3025=CARTESIAN_POINT('',(-2.62374039719538,-1.190625,-7.29047547617406E-17));
#3026=CARTESIAN_POINT('Origin',(0.,3.73272344380112E-16,-3.048));
#3027=CARTESIAN_POINT('Origin',(0.,3.73272344380112E-16,-3.048));
#3028=CARTESIAN_POINT('Origin',(-3.58136136501553,-1.1911739424305,-3.01392514645121));
#3029=CARTESIAN_POINT('Origin',(0.,-1.39977129142542E-15,-19.05));
#3030=CARTESIAN_POINT('Ctrl Pts',(2.48542864626164,1.93087744292274,-19.05));
#3031=CARTESIAN_POINT('Ctrl Pts',(2.42400881178881,1.93809549311827,-19.05));
#3032=CARTESIAN_POINT('Ctrl Pts',(2.36241631008202,1.94364740422424,-19.05));
#3033=CARTESIAN_POINT('Ctrl Pts',(2.2941436171172,1.94780625287058,-19.05));
#3034=CARTESIAN_POINT('Ctrl Pts',(2.28759622197845,1.94818484209603,-19.05));
#3035=CARTESIAN_POINT('Ctrl Pts',(2.28104795797513,1.94854310004126,-19.05));
#3036=CARTESIAN_POINT('Ctrl Pts',(-2.87872541374109,-0.120797390550947,
-13.0140854458114));
#3037=CARTESIAN_POINT('Ctrl Pts',(-2.87248923792985,0.25613196068619,-13.1093715274844));
#3038=CARTESIAN_POINT('Ctrl Pts',(-2.79142463029942,0.626701366979551,-13.2045355291181));
#3039=CARTESIAN_POINT('Ctrl Pts',(-2.49854100968729,1.30144032050867,-13.3948359886105));
#3040=CARTESIAN_POINT('Ctrl Pts',(-2.28738968939571,1.60489728272553,-13.4898016829548));
#3041=CARTESIAN_POINT('Ctrl Pts',(-1.77197256186928,2.10388176951321,-13.6798702079821));
#3042=CARTESIAN_POINT('Ctrl Pts',(-1.46835196805155,2.29881833580344,-13.774816427161));
#3043=CARTESIAN_POINT('Ctrl Pts',(-0.817591621538363,2.55663303551079,-13.9648505198742));
#3044=CARTESIAN_POINT('Ctrl Pts',(-0.471259472003529,2.61919973336043,-14.0597775874583));
#3045=CARTESIAN_POINT('Ctrl Pts',(0.211208045457914,2.60916160362975,-14.2497726651993));
#3046=CARTESIAN_POINT('Ctrl Pts',(0.546500916070066,2.53657088807042,-14.3446793959591));
#3047=CARTESIAN_POINT('Ctrl Pts',(1.15739781555095,2.27357810479936,-14.5346310844559));
#3048=CARTESIAN_POINT('Ctrl Pts',(1.43225218494787,2.08349849812197,-14.6295157073223));
#3049=CARTESIAN_POINT('Ctrl Pts',(1.88429764007961,1.61970345523316,-14.8194193081639));
#3050=CARTESIAN_POINT('Ctrl Pts',(2.06093825133138,1.34655178029813,-14.914279697656));
#3051=CARTESIAN_POINT('Ctrl Pts',(2.2952663242702,0.761551564973359,-15.104129969793));
#3052=CARTESIAN_POINT('Ctrl Pts',(2.35267116024314,0.450406768463333,-15.1989636886756));
#3053=CARTESIAN_POINT('Ctrl Pts',(2.34626860283284,-0.162268605969401,-15.3887547125357));
#3054=CARTESIAN_POINT('Ctrl Pts',(2.28246834708587,-0.463072027200875,-15.4835589929315));
#3055=CARTESIAN_POINT('Ctrl Pts',(2.04973190005348,-1.01090077550535,-15.6732840468693));
#3056=CARTESIAN_POINT('Ctrl Pts',(1.88106702110795,-1.25728713969452,-15.7680557469109));
#3057=CARTESIAN_POINT('Ctrl Pts',(1.46954089190242,-1.66274080817456,-15.9577071721767));
#3058=CARTESIAN_POINT('Ctrl Pts',(1.2271493808161,-1.8213457296886,-16.0524427183942));
#3059=CARTESIAN_POINT('Ctrl Pts',(0.708410113494934,-2.03280103911935,-16.2420117622266));
#3060=CARTESIAN_POINT('Ctrl Pts',(0.432638505370345,-2.08541747834541,-16.3367070791723));
#3061=CARTESIAN_POINT('Ctrl Pts',(-0.109994921181729,-2.08346711149382,
-16.5261837090547));
#3062=CARTESIAN_POINT('Ctrl Pts',(-0.376274687675713,-2.02890388905791,
-16.6208341350157));
#3063=CARTESIAN_POINT('Ctrl Pts',(-0.861117141611759,-1.82734067299738,
-16.8102068172665));
#3064=CARTESIAN_POINT('Ctrl Pts',(-1.07918247973922,-1.68054988859693,-16.9048070032857));
#3065=CARTESIAN_POINT('Ctrl Pts',(-1.43849808889903,-1.32217609063855,-17.094062438311));
#3066=CARTESIAN_POINT('Ctrl Pts',(-1.57940079261831,-1.11094417734552,-17.1886062269923));
#3067=CARTESIAN_POINT('Ctrl Pts',(-1.7687959739155,-0.659166000326708,-17.3777290321095));
#3068=CARTESIAN_POINT('Ctrl Pts',(-1.81712018322058,-0.419031879258221,
-17.4722093110015));
#3069=CARTESIAN_POINT('Ctrl Pts',(-1.82072073845463,0.0531877909875786,
-17.6611816407945));
#3070=CARTESIAN_POINT('Ctrl Pts',(-1.77599942972787,0.284880791149482,-17.7555901623402));
#3071=CARTESIAN_POINT('Ctrl Pts',(-1.60686307765725,0.706810057958454,-17.9443912574292));
#3072=CARTESIAN_POINT('Ctrl Pts',(-1.48257929810722,0.896737327429117,-18.0387184095236));
#3073=CARTESIAN_POINT('Ctrl Pts',(-1.17858758574806,1.21049748126603,-18.2273240731771));
#3074=CARTESIAN_POINT('Ctrl Pts',(-0.999077144653994,1.33414011524828,-18.3215585613812));
#3075=CARTESIAN_POINT('Ctrl Pts',(-0.615259659292145,1.50256001270449,-18.5099405979653));
#3076=CARTESIAN_POINT('Ctrl Pts',(-0.411149264427876,1.54726778562542,-18.6040689266086));
#3077=CARTESIAN_POINT('Ctrl Pts',(-0.00990685740461764,1.55791417895052,
-18.7921946981352));
#3078=CARTESIAN_POINT('Ctrl Pts',(0.187082342102841,1.5238798204444,-18.8862000992306));
#3079=CARTESIAN_POINT('Ctrl Pts',(0.546144472432306,1.38889301721277,-19.0740327599143));
#3080=CARTESIAN_POINT('Ctrl Pts',(0.708149086344688,1.28803950395129,-19.1678925574127));
#3081=CARTESIAN_POINT('Ctrl Pts',(0.897238893596574,1.11373744965355,-19.2997083522303));
#3082=CARTESIAN_POINT('Ctrl Pts',(0.947283344404694,1.05965490998411,-19.3377512278841));
#3083=CARTESIAN_POINT('Ctrl Pts',(0.992497525745198,1.00257927550408,-19.3758018022061));
#3084=CARTESIAN_POINT('Ctrl Pts',(-3.46141864824979,-0.0982383973437101,
-12.8963285330115));
#3085=CARTESIAN_POINT('Ctrl Pts',(-3.45224366605223,0.355496998737368,-12.9917331436535));
#3086=CARTESIAN_POINT('Ctrl Pts',(-3.35289717815972,0.802175858998372,-13.0870211514689));
#3087=CARTESIAN_POINT('Ctrl Pts',(-2.99549823010051,1.61631478157265,-13.2775806993355));
#3088=CARTESIAN_POINT('Ctrl Pts',(-2.7382652098264,1.98289488984283,-13.3726804477749));
#3089=CARTESIAN_POINT('Ctrl Pts',(-2.10977294610727,2.58572044843113,-13.5630316104063));
#3090=CARTESIAN_POINT('Ctrl Pts',(-1.73931108079725,2.82123770324768,-13.6581241471676));
#3091=CARTESIAN_POINT('Ctrl Pts',(-0.94415948635033,3.13147183939577,-13.8484682335811));
#3092=CARTESIAN_POINT('Ctrl Pts',(-0.520477047922455,3.20580520910261,-13.9435549067251));
#3093=CARTESIAN_POINT('Ctrl Pts',(0.315535297949285,3.18862268427769,-14.1338908096587));
#3094=CARTESIAN_POINT('Ctrl Pts',(0.726800918373979,3.09713079965485,-14.2289718734089));
#3095=CARTESIAN_POINT('Ctrl Pts',(1.47677646733001,2.76842972286398,-14.4192990539167));
#3096=CARTESIAN_POINT('Ctrl Pts',(1.81452534599434,2.53164136334369,-14.5143744581675));
#3097=CARTESIAN_POINT('Ctrl Pts',(2.36973252827049,1.95358880124105,-14.7046925718956));
#3098=CARTESIAN_POINT('Ctrl Pts',(2.58647397844629,1.61306885841901,-14.7997621843145));
#3099=CARTESIAN_POINT('Ctrl Pts',(2.87207061991763,0.882779321220734,-14.9900709805314));
#3100=CARTESIAN_POINT('Ctrl Pts',(2.94055328193975,0.493956350145773,-15.0851346582328));
#3101=CARTESIAN_POINT('Ctrl Pts',(2.92550121377271,-0.272690026994163,-15.2754339627852));
#3102=CARTESIAN_POINT('Ctrl Pts',(2.84198331568421,-0.649512685681623,-15.3704915801052));
#3103=CARTESIAN_POINT('Ctrl Pts',(2.54187053352042,-1.33623473692654,-15.5607813074415));
#3104=CARTESIAN_POINT('Ctrl Pts',(2.32566654660107,-1.64523102417175,-15.6558327720595));
#3105=CARTESIAN_POINT('Ctrl Pts',(1.7982981161171,-2.15298670540585,-15.8461129506924));
#3106=CARTESIAN_POINT('Ctrl Pts',(1.48782725216168,-2.35107257526924,-15.9411582183732));
#3107=CARTESIAN_POINT('Ctrl Pts',(0.822567787863244,-2.61229773381041,-16.1314290262279));
#3108=CARTESIAN_POINT('Ctrl Pts',(0.468660761774573,-2.67508566399511,-16.2264681177548));
#3109=CARTESIAN_POINT('Ctrl Pts',(-0.228564309948957,-2.66249123932129,
-16.4167299278505));
#3110=CARTESIAN_POINT('Ctrl Pts',(-0.570951717749533,-2.58712012121452,
-16.5117629500006));
#3111=CARTESIAN_POINT('Ctrl Pts',(-1.19449849148102,-2.31593565502485,-16.7020163884692));
#3112=CARTESIAN_POINT('Ctrl Pts',(-1.47481915903696,-2.12048012719966,-16.7970435603245));
#3113=CARTESIAN_POINT('Ctrl Pts',(-1.93533631016772,-1.64409426064442,-16.9872895797577));
#3114=CARTESIAN_POINT('Ctrl Pts',(-2.1149074029102,-1.363800495117,-17.0823112658691));
#3115=CARTESIAN_POINT('Ctrl Pts',(-2.3520882532446,-0.763774820411543,-17.2725512378412));
#3116=CARTESIAN_POINT('Ctrl Pts',(-2.40936981534359,-0.444851097607325,
-17.3675679898405));
#3117=CARTESIAN_POINT('Ctrl Pts',(-2.39963317891146,0.182887062580121,-17.5578038215395));
#3118=CARTESIAN_POINT('Ctrl Pts',(-2.3326190924689,0.490850001993789,-17.652816429993));
#3119=CARTESIAN_POINT('Ctrl Pts',(-2.09077853731547,1.05131975567049,-17.8430507114484));
#3120=CARTESIAN_POINT('Ctrl Pts',(-1.91627166392059,1.30306052860723,-17.9380602691956));
#3121=CARTESIAN_POINT('Ctrl Pts',(-1.49123297591419,1.71660339959181,-18.1282964603612));
#3122=CARTESIAN_POINT('Ctrl Pts',(-1.24127275384507,1.87783434939821,-18.2233044361866));
#3123=CARTESIAN_POINT('Ctrl Pts',(-0.706728529133797,2.0913766990266,-18.4135471096013));
#3124=CARTESIAN_POINT('Ctrl Pts',(-0.422870851752922,2.14338638028948,-18.5085554216247));
#3125=CARTESIAN_POINT('Ctrl Pts',(0.135305473548912,2.13700456310473,-18.6988105948338));
#3126=CARTESIAN_POINT('Ctrl Pts',(0.408854870957873,2.0786120972954,-18.7938216419617));
#3127=CARTESIAN_POINT('Ctrl Pts',(0.906383451392977,1.86663131771001,-18.9840972848002));
#3128=CARTESIAN_POINT('Ctrl Pts',(1.12965099620778,1.71333302125526,-19.0791138824811));
#3129=CARTESIAN_POINT('Ctrl Pts',(1.38761147007433,1.45093548655283,-19.212902219123));
#3130=CARTESIAN_POINT('Ctrl Pts',(1.45542642496473,1.3697665012451,-19.2515130986017));
#3131=CARTESIAN_POINT('Ctrl Pts',(1.51611904634111,1.28436452448329,-19.2901283741721));
#3132=CARTESIAN_POINT('Ctrl Pts',(-4.04330868304129,-0.0869671741185374,
-12.7748237897399));
#3133=CARTESIAN_POINT('Ctrl Pts',(-4.03265753507377,0.443232394236787,-12.8702421968628));
#3134=CARTESIAN_POINT('Ctrl Pts',(-3.91658745097784,0.966001634432685,-12.9655547025443));
#3135=CARTESIAN_POINT('Ctrl Pts',(-3.49781166614701,1.92004730290289,-13.1561442786916));
#3136=CARTESIAN_POINT('Ctrl Pts',(-3.19603470995943,2.35035863451409,-13.251267591636));
#3137=CARTESIAN_POINT('Ctrl Pts',(-2.45734545234796,3.05878323738313,-13.4416480798913));
#3138=CARTESIAN_POINT('Ctrl Pts',(-2.02131040209248,3.33609871199705,-13.5367646438169));
#3139=CARTESIAN_POINT('Ctrl Pts',(-1.08389287905943,3.70164094563669,-13.7271374221053));
#3140=CARTESIAN_POINT('Ctrl Pts',(-0.58361829976972,3.78945077559614,-13.8222482657006));
#3141=CARTESIAN_POINT('Ctrl Pts',(0.405007839712191,3.76882652239968,-14.0126119031617));
#3142=CARTESIAN_POINT('Ctrl Pts',(0.892188227481025,3.66042455388432,-14.107717053592));
#3143=CARTESIAN_POINT('Ctrl Pts',(1.78181607038033,3.27004367744545,-14.2980705231854));
#3144=CARTESIAN_POINT('Ctrl Pts',(2.18320560852225,2.98853494278046,-14.3931696932491));
#3145=CARTESIAN_POINT('Ctrl Pts',(2.84376589260295,2.29997309688986,-14.5835120195075));
#3146=CARTESIAN_POINT('Ctrl Pts',(3.10214831696564,1.89374828997143,-14.6786047946199));
#3147=CARTESIAN_POINT('Ctrl Pts',(3.44269372062839,1.02099236410612,-14.8689349379154));
#3148=CARTESIAN_POINT('Ctrl Pts',(3.52445004155281,0.555514508237781,-14.9640208276798));
#3149=CARTESIAN_POINT('Ctrl Pts',(3.50553323818758,-0.36379351023214,-15.1543376368837));
#3150=CARTESIAN_POINT('Ctrl Pts',(3.40488664031117,-0.816509714954075,-15.2494160850587));
#3151=CARTESIAN_POINT('Ctrl Pts',(3.0426714772316,-1.64276047522118,-15.4397182685781));
#3152=CARTESIAN_POINT('Ctrl Pts',(2.78154713696353,-2.01528971804066,-15.5347886493651));
#3153=CARTESIAN_POINT('Ctrl Pts',(2.14331621153882,-2.62811139396354,-15.7250747489402));
#3154=CARTESIAN_POINT('Ctrl Pts',(1.76699309156835,-2.86765551061072,-15.8201363578863));
#3155=CARTESIAN_POINT('Ctrl Pts',(0.959046144867299,-3.18341426242369,-16.0104047197938));
#3156=CARTESIAN_POINT('Ctrl Pts',(0.528417243161796,-3.25924277320255,-16.1054567614699));
#3157=CARTESIAN_POINT('Ctrl Pts',(-0.321512830380467,-3.24229972082324,
-16.2957055027855));
#3158=CARTESIAN_POINT('Ctrl Pts',(-0.739763798794403,-3.14955132068054,
-16.3907470756222));
#3159=CARTESIAN_POINT('Ctrl Pts',(-1.50268542942078,-2.81578709710818,-16.5809740439032));
#3160=CARTESIAN_POINT('Ctrl Pts',(-1.84641042101153,-2.57518714499817,-16.6760041217612));
#3161=CARTESIAN_POINT('Ctrl Pts',(-2.4116545449085,-1.98754772416651,-16.866206846587));
#3162=CARTESIAN_POINT('Ctrl Pts',(-2.63247131247214,-1.64124102068837,-16.9612242564099));
#3163=CARTESIAN_POINT('Ctrl Pts',(-2.92370564635366,-0.898294391821607,
-17.1513998910564));
#3164=CARTESIAN_POINT('Ctrl Pts',(-2.99376117957034,-0.502582589896877,
-17.2464032854287));
#3165=CARTESIAN_POINT('Ctrl Pts',(-2.97912594681071,0.277886482120513,-17.4365485369887));
#3166=CARTESIAN_POINT('Ctrl Pts',(-2.89445516400978,0.66166728985194,-17.5315363595425));
#3167=CARTESIAN_POINT('Ctrl Pts',(-2.58950344550627,1.36131177449947,-17.7216474066856));
#3168=CARTESIAN_POINT('Ctrl Pts',(-2.36960636232525,1.67629956173275,-17.8166178455152));
#3169=CARTESIAN_POINT('Ctrl Pts',(-1.8328931551892,2.19416190212413,-18.0066902469515));
#3170=CARTESIAN_POINT('Ctrl Pts',(-1.51675196038189,2.39638885564206,-18.1016411627918));
#3171=CARTESIAN_POINT('Ctrl Pts',(-0.839056171270359,2.66342528418604,-18.2916697734275));
#3172=CARTESIAN_POINT('Ctrl Pts',(-0.478354270377843,2.72790317951561,-18.3865985617744));
#3173=CARTESIAN_POINT('Ctrl Pts',(0.232539766796695,2.71599712245245,-18.5765775209382));
#3174=CARTESIAN_POINT('Ctrl Pts',(0.581833552717363,2.63963418342181,-18.6714807775287));
#3175=CARTESIAN_POINT('Ctrl Pts',(1.21826375647573,2.36395421725013,-18.8614037880009));
#3176=CARTESIAN_POINT('Ctrl Pts',(1.50457761523283,2.16499559107206,-18.956276395984));
#3177=CARTESIAN_POINT('Ctrl Pts',(1.83552043508755,1.8237776610329,-19.0897518406989));
#3178=CARTESIAN_POINT('Ctrl Pts',(1.92256311636223,1.71814487139784,-19.1282763914495));
#3179=CARTESIAN_POINT('Ctrl Pts',(2.00042650603936,1.60692124113581,-19.1668040147169));
#3180=CARTESIAN_POINT('Ctrl Pts',(-4.62516297290139,-0.0779040247744803,
-12.6531590589236));
#3181=CARTESIAN_POINT('Ctrl Pts',(-4.61332709044603,0.528739462100898,-12.7485983438837));
#3182=CARTESIAN_POINT('Ctrl Pts',(-4.48083006501926,1.12763990581494,-12.8439398894247));
#3183=CARTESIAN_POINT('Ctrl Pts',(-4.0012410021705,2.2217838527199,-13.0345769067545));
#3184=CARTESIAN_POINT('Ctrl Pts',(-3.65518265061635,2.71598188449009,-13.12972963562));
#3185=CARTESIAN_POINT('Ctrl Pts',(-2.80674927850884,3.53040837664918,-13.3201608367106));
#3186=CARTESIAN_POINT('Ctrl Pts',(-2.3053262458743,3.84977180445549,-13.4153088935163));
#3187=CARTESIAN_POINT('Ctrl Pts',(-1.22590787140631,4.27117955655339,-13.605736351485));
#3188=CARTESIAN_POINT('Ctrl Pts',(-0.649115948760991,4.37277326239623,-13.7008808117719));
#3189=CARTESIAN_POINT('Ctrl Pts',(0.492097025182231,4.34933440746688,-13.8913035909613));
#3190=CARTESIAN_POINT('Ctrl Pts',(1.05524403567114,4.22433963762805,-13.9864446469187));
#3191=CARTESIAN_POINT('Ctrl Pts',(2.0847482642585,3.77287562793086,-14.1768622267052));
#3192=CARTESIAN_POINT('Ctrl Pts',(2.54995282104768,3.44692214782255,-14.2719998093267));
#3193=CARTESIAN_POINT('Ctrl Pts',(3.31631271624706,2.64831791080368,-14.4624117742748));
#3194=CARTESIAN_POINT('Ctrl Pts',(3.61660809618252,2.17657557261112,-14.5575457262544));
#3195=CARTESIAN_POINT('Ctrl Pts',(4.01270370043058,1.16160896757323,-14.7479516715985));
#3196=CARTESIAN_POINT('Ctrl Pts',(4.1080608833104,0.619541755387335,-14.8430817985773));
#3197=CARTESIAN_POINT('Ctrl Pts',(4.08593901433176,-0.452431834297535,-15.0334812995608));
#3198=CARTESIAN_POINT('Ctrl Pts',(3.96849269302391,-0.981111741977283,-15.1286073846711));
#3199=CARTESIAN_POINT('Ctrl Pts',(3.54478256742006,-1.94716003412103,-15.3189999849661));
#3200=CARTESIAN_POINT('Ctrl Pts',(3.23901296842026,-2.38341888508454,-15.4141217921353));
#3201=CARTESIAN_POINT('Ctrl Pts',(2.49036938041921,-3.10179907600079,-15.604506997774));
#3202=CARTESIAN_POINT('Ctrl Pts',(2.0483671808013,-3.3830927823136,-15.6996242715291));
#3203=CARTESIAN_POINT('Ctrl Pts',(1.0979441434524,-3.75401862319158,-15.8900015461919));
#3204=CARTESIAN_POINT('Ctrl Pts',(0.590633324374287,-3.8432239209528,-15.9851140102387));
#3205=CARTESIAN_POINT('Ctrl Pts',(-0.412068923051862,-3.82259536940997,
-16.1754827706204));
#3206=CARTESIAN_POINT('Ctrl Pts',(-0.906284593115943,-3.71279115761185,
-16.2705901259161));
#3207=CARTESIAN_POINT('Ctrl Pts',(-1.80891631788003,-3.31701920677072,-16.4609497367346));
#3208=CARTESIAN_POINT('Ctrl Pts',(-2.21626955074091,-3.03152289367771,-16.5560516591667));
#3209=CARTESIAN_POINT('Ctrl Pts',(-2.88678175968879,-2.33300328925301,-16.7464014276729));
#3210=CARTESIAN_POINT('Ctrl Pts',(-3.1491483742696,-1.92081192820007,-16.8414975653454));
#3211=CARTESIAN_POINT('Ctrl Pts',(-3.49507813848182,-1.03504658774771,-17.0318367353376));
#3212=CARTESIAN_POINT('Ctrl Pts',(-3.57823224227368,-0.562531040801285,
-17.1269267051839));
#3213=CARTESIAN_POINT('Ctrl Pts',(-3.55931139272521,0.370858235872118,-17.3172544508179));
#3214=CARTESIAN_POINT('Ctrl Pts',(-3.45726275271197,0.830612098476256,-17.412337833751));
#3215=CARTESIAN_POINT('Ctrl Pts',(-3.08965412260137,1.66987237926761,-17.6026532544004));
#3216=CARTESIAN_POINT('Ctrl Pts',(-2.82454063460936,2.04836770330953,-17.6977295863517));
#3217=CARTESIAN_POINT('Ctrl Pts',(-2.17634602852831,2.67114585681725,-17.8880317068833));
#3218=CARTESIAN_POINT('Ctrl Pts',(-1.79405344663924,2.91467561517803,-17.9831004572208));
#3219=CARTESIAN_POINT('Ctrl Pts',(-0.973087554432565,3.2358202628173,-18.1733882483715));
#3220=CARTESIAN_POINT('Ctrl Pts',(-0.53541801997397,3.31304618937796,-18.268448757591));
#3221=CARTESIAN_POINT('Ctrl Pts',(0.328606400331325,3.2960957575774,-18.4587212253616));
#3222=CARTESIAN_POINT('Ctrl Pts',(0.753894469449657,3.20194258266532,-18.5537725098216));
#3223=CARTESIAN_POINT('Ctrl Pts',(1.52984437272631,2.86277531748485,-18.744029013397));
#3224=CARTESIAN_POINT('Ctrl Pts',(1.87952155796272,2.61818120950399,-18.8390691653589));
#3225=CARTESIAN_POINT('Ctrl Pts',(2.28392192474986,2.19804614621562,-18.9728115930139));
#3226=CARTESIAN_POINT('Ctrl Pts',(2.39032347582428,2.06790667316734,-19.0114147018354));
#3227=CARTESIAN_POINT('Ctrl Pts',(2.48548421422357,1.93080447673903,-19.0500203688976));
#3228=CARTESIAN_POINT('',(-4.61961104484824,-0.0751038535047284,-12.6547624953172));
#3229=CARTESIAN_POINT('Ctrl Pts',(-4.61961103932494,-0.0751038607070529,
-12.6547625423368));
#3230=CARTESIAN_POINT('Ctrl Pts',(-4.6196146071304,-0.0597084718557473,
-12.657121186455));
#3231=CARTESIAN_POINT('Ctrl Pts',(-4.61953951263714,-0.0443129958679027,
-12.6594802557515));
#3232=CARTESIAN_POINT('Ctrl Pts',(-4.61922929050538,-0.0133203378786161,
-12.6642305594879));
#3233=CARTESIAN_POINT('Ctrl Pts',(-4.61879183035212,0.0119144709629536,
-12.6681000115241));
#3234=CARTESIAN_POINT('Ctrl Pts',(-4.61873767631984,0.014831013631171,-12.6685465535572));
#3235=CARTESIAN_POINT('Ctrl Pts',(-4.61961105501834,-0.0751038012030847,
-12.6547625481354));
#3236=CARTESIAN_POINT('Ctrl Pts',(-4.39133105198096,-0.0789053795858339,
-12.7024805757383));
#3237=CARTESIAN_POINT('Ctrl Pts',(-4.16321080604272,-0.083076333504032,
-12.7501285028076));
#3238=CARTESIAN_POINT('Ctrl Pts',(-3.94295169579625,-0.0879342313515546,
-12.7958952446322));
#3239=CARTESIAN_POINT('Ctrl Pts',(-3.68846986632121,-0.0935469241943482,
-12.848772985651));
#3240=CARTESIAN_POINT('Ctrl Pts',(-3.40436797767852,-0.100977167645168,
-12.9074756907012));
#3241=CARTESIAN_POINT('Ctrl Pts',(-3.03987321185249,-0.113713374958131,
-12.9816945883975));
#3242=CARTESIAN_POINT('Ctrl Pts',(-2.95893537777268,-0.116738551466793,
-12.9981073505946));
#3243=CARTESIAN_POINT('Ctrl Pts',(-2.87875206803159,-0.119950378594733,
-13.0142909284164));
#3244=CARTESIAN_POINT('Ctrl Pts',(-5.57035729628596,0.26021391160565,-3.55768809582228));
#3245=CARTESIAN_POINT('Ctrl Pts',(-5.53113420426768,0.905200911290935,-3.64196356393915));
#3246=CARTESIAN_POINT('Ctrl Pts',(-5.37977314822713,1.54013401133404,-3.72621224153531));
#3247=CARTESIAN_POINT('Ctrl Pts',(-4.836016770151,2.79855774858677,-3.90572711642859));
#3248=CARTESIAN_POINT('Ctrl Pts',(-4.41703997961629,3.40477871118941,-4.00097711642872));
#3249=CARTESIAN_POINT('Ctrl Pts',(-3.3784278091394,4.41220996395069,-4.19147711642849));
#3250=CARTESIAN_POINT('Ctrl Pts',(-2.7626897066594,4.80970638031651,-4.28672711642837));
#3251=CARTESIAN_POINT('Ctrl Pts',(-1.42487018973341,5.33997671726,-4.47722711642885));
#3252=CARTESIAN_POINT('Ctrl Pts',(-0.707817470517887,5.47079479641936,-4.57247711642852));
#3253=CARTESIAN_POINT('Ctrl Pts',(0.723228975746831,5.44872798895873,-4.7629771164287));
#3254=CARTESIAN_POINT('Ctrl Pts',(1.43182964126463,5.29595993596877,-4.85822711642842));
#3255=CARTESIAN_POINT('Ctrl Pts',(2.73823042951249,4.73093272917132,-5.0487271164288));
#3256=CARTESIAN_POINT('Ctrl Pts',(3.33109510071055,4.32084481472634,-5.14397711642885));
#3257=CARTESIAN_POINT('Ctrl Pts',(4.31625680805464,3.30444061561472,-5.33447711642837));
#3258=CARTESIAN_POINT('Ctrl Pts',(4.70482716522489,2.70201743979747,-5.42972711642839));
#3259=CARTESIAN_POINT('Ctrl Pts',(5.22301615292232,1.39323648028892,-5.62022711642882));
#3260=CARTESIAN_POINT('Ctrl Pts',(5.35068307874632,0.691899209790324,-5.71547711642842));
#3261=CARTESIAN_POINT('Ctrl Pts',(5.32856553364528,-0.707696582946983,-5.9059771164288));
#3262=CARTESIAN_POINT('Ctrl Pts',(5.1788996557245,-1.40057268434138,-6.0012271164289));
#3263=CARTESIAN_POINT('Ctrl Pts',(4.6258603176063,-2.6778975867314,-6.19172711642832));
#3264=CARTESIAN_POINT('Ctrl Pts',(4.22465555340786,-3.25742186018757,-6.2869771164292));
#3265=CARTESIAN_POINT('Ctrl Pts',(3.23045297197661,-4.22030822943582,-6.47747711642801));
#3266=CARTESIAN_POINT('Ctrl Pts',(2.64134165857025,-4.59995293190421,-6.57272711642865));
#3267=CARTESIAN_POINT('Ctrl Pts',(1.36159640344904,-5.10605785351144,-6.76322711642857));
#3268=CARTESIAN_POINT('Ctrl Pts',(0.675973294636584,-5.23057250180753,-6.85847711642862));
#3269=CARTESIAN_POINT('Ctrl Pts',(-0.692172674965486,-5.20840158156998,
-7.0489771164286));
#3270=CARTESIAN_POINT('Ctrl Pts',(-1.36932441150471,-5.06183662134337,-7.1442271164289));
#3271=CARTESIAN_POINT('Ctrl Pts',(-2.61757280953035,-4.52078267484428,-7.33472711642832));
#3272=CARTESIAN_POINT('Ctrl Pts',(-3.1837561561049,-4.12845996488982,-7.4299771164286));
#3273=CARTESIAN_POINT('Ctrl Pts',(-4.12436547998676,-3.15645703946202,-7.62047711642862));
#3274=CARTESIAN_POINT('Ctrl Pts',(-4.49508350863669,-2.58065683514413,-7.71572711642834));
#3275=CARTESIAN_POINT('Ctrl Pts',(-4.98910192465265,-1.3299461561901,-7.90622711642887));
#3276=CARTESIAN_POINT('Ctrl Pts',(-5.11046300309795,-0.660036927327757,
-8.00147711642854));
#3277=CARTESIAN_POINT('Ctrl Pts',(-5.08823594239511,0.676659308865506,-8.19197711642867));
#3278=CARTESIAN_POINT('Ctrl Pts',(-4.94477055673316,1.33808642982764,-8.28722711642821));
#3279=CARTESIAN_POINT('Ctrl Pts',(-4.41569935150291,2.55725732184195,-8.477727116429));
#3280=CARTESIAN_POINT('Ctrl Pts',(-4.03225752217292,3.11009897864939,-8.57297711642852));
#3281=CARTESIAN_POINT('Ctrl Pts',(-3.08245214294394,4.02842927973975,-8.7634771164287));
#3282=CARTESIAN_POINT('Ctrl Pts',(-2.51996223885455,4.39021946134933,-8.85872711642865));
#3283=CARTESIAN_POINT('Ctrl Pts',(-1.2982849202263,4.87214869334322,-9.04922711642854));
#3284=CARTESIAN_POINT('Ctrl Pts',(-0.644089270130694,4.99035479258963,-9.14447711642951));
#3285=CARTESIAN_POINT('Ctrl Pts',(0.661157326992214,4.96806861489024,-9.33497711642771));
#3286=CARTESIAN_POINT('Ctrl Pts',(1.30685955725384,4.82770138782803,-9.43022711642849));
#3287=CARTESIAN_POINT('Ctrl Pts',(2.49695185417512,4.31061013334728,-9.6207271164287));
#3288=CARTESIAN_POINT('Ctrl Pts',(3.03645098611735,3.93604802913272,-9.71597711642857));
#3289=CARTESIAN_POINT('Ctrl Pts',(3.93250010891042,3.00843811397389,-9.90647711642865));
#3290=CARTESIAN_POINT('Ctrl Pts',(4.28536114927372,2.45925791734846,-10.001727116429));
#3291=CARTESIAN_POINT('Ctrl Pts',(4.75519825653852,1.26661313120815,-10.1922271164282));
#3292=CARTESIAN_POINT('Ctrl Pts',(4.8702477913826,0.628131412563557,-10.2874771164284));
#3293=CARTESIAN_POINT('Ctrl Pts',(4.84789917052164,-0.645664478775165,-10.4779771164288));
#3294=CARTESIAN_POINT('Ctrl Pts',(4.71062842570881,-1.27563989727159,-10.5732271164288));
#3295=CARTESIAN_POINT('Ctrl Pts',(4.20551385220165,-2.43664962766276,-10.7637271164284));
#3296=CARTESIAN_POINT('Ctrl Pts',(3.83982987976288,-2.96280145454003,-10.8589771164286));
#3297=CARTESIAN_POINT('Ctrl Pts',(2.93441258389228,-3.83656040674761,-11.0494771164286));
#3298=CARTESIAN_POINT('Ctrl Pts',(2.39854063911742,-4.18048163429331,-11.1447271164283));
#3299=CARTESIAN_POINT('Ctrl Pts',(1.23492608480093,-4.63820761743451,-11.3352271164289));
#3300=CARTESIAN_POINT('Ctrl Pts',(0.612156748873507,-4.75007648242862,-11.4304771164279));
#3301=CARTESIAN_POINT('Ctrl Pts',(-0.630190639048662,-4.72762485097881,
-11.6209771164293));
#3302=CARTESIAN_POINT('Ctrl Pts',(-1.24444169526686,-4.5933922318712,-11.7162271164284));
#3303=CARTESIAN_POINT('Ctrl Pts',(-2.37637274804114,-4.10017104853304,-11.9067271164289));
#3304=CARTESIAN_POINT('Ctrl Pts',(-2.88918209300457,-3.74319327846662,-12.0019771164279));
#3305=CARTESIAN_POINT('Ctrl Pts',(-3.74066279736526,-2.8598696575766,-12.1924771164293));
#3306=CARTESIAN_POINT('Ctrl Pts',(-4.07564751870255,-2.33650135222675,-12.2877271164288));
#3307=CARTESIAN_POINT('Ctrl Pts',(-4.52131741844111,-1.20274494014562,-12.4782271164284));
#3308=CARTESIAN_POINT('Ctrl Pts',(-4.62991731760204,-0.589380960551533,
-12.5734651455817));
#3309=CARTESIAN_POINT('Ctrl Pts',(-4.61880389540886,0.0112695813753196,
-12.6690538564806));
#3310=CARTESIAN_POINT('Ctrl Pts',(-4.61877201986578,0.0129813931368568,
-12.6693805965327));
#3311=CARTESIAN_POINT('Ctrl Pts',(-4.61873767810053,0.0148309177293469,
-12.6697073365847));
#3312=CARTESIAN_POINT('Ctrl Pts',(-5.57035729628596,0.26021391160565,-3.24085278678342));
#3313=CARTESIAN_POINT('Ctrl Pts',(-5.53113420426768,0.905200911290935,-3.32512825490029));
#3314=CARTESIAN_POINT('Ctrl Pts',(-5.37977314822713,1.54013401133404,-3.40937693249645));
#3315=CARTESIAN_POINT('Ctrl Pts',(-4.836016770151,2.79855774858677,-3.58889180738974));
#3316=CARTESIAN_POINT('Ctrl Pts',(-4.41703997961629,3.40477871118941,-3.68414180738984));
#3317=CARTESIAN_POINT('Ctrl Pts',(-3.3784278091394,4.41220996395069,-3.87464180738963));
#3318=CARTESIAN_POINT('Ctrl Pts',(-2.7626897066594,4.80970638031651,-3.96989180738951));
#3319=CARTESIAN_POINT('Ctrl Pts',(-1.42487018973341,5.33997671726,-4.16039180738999));
#3320=CARTESIAN_POINT('Ctrl Pts',(-0.707817470517887,5.47079479641936,-4.25564180738966));
#3321=CARTESIAN_POINT('Ctrl Pts',(0.723228975746831,5.44872798895873,-4.44614180738984));
#3322=CARTESIAN_POINT('Ctrl Pts',(1.43182964126463,5.29595993596877,-4.54139180738956));
#3323=CARTESIAN_POINT('Ctrl Pts',(2.73823042951249,4.73093272917132,-4.73189180738994));
#3324=CARTESIAN_POINT('Ctrl Pts',(3.33109510071055,4.32084481472634,-4.82714180738999));
#3325=CARTESIAN_POINT('Ctrl Pts',(4.31625680805464,3.30444061561475,-5.01764180738951));
#3326=CARTESIAN_POINT('Ctrl Pts',(4.70482716522489,2.70201743979747,-5.11289180738953));
#3327=CARTESIAN_POINT('Ctrl Pts',(5.22301615292232,1.39323648028892,-5.30339180738996));
#3328=CARTESIAN_POINT('Ctrl Pts',(5.35068307874632,0.691899209790324,-5.39864180738956));
#3329=CARTESIAN_POINT('Ctrl Pts',(5.32856553364528,-0.70769658294698,-5.58914180738991));
#3330=CARTESIAN_POINT('Ctrl Pts',(5.1788996557245,-1.40057268434138,-5.68439180739004));
#3331=CARTESIAN_POINT('Ctrl Pts',(4.6258603176063,-2.6778975867314,-5.87489180738946));
#3332=CARTESIAN_POINT('Ctrl Pts',(4.22465555340786,-3.25742186018757,-5.97014180739032));
#3333=CARTESIAN_POINT('Ctrl Pts',(3.23045297197661,-4.22030822943582,-6.16064180738915));
#3334=CARTESIAN_POINT('Ctrl Pts',(2.64134165857025,-4.59995293190421,-6.25589180738979));
#3335=CARTESIAN_POINT('Ctrl Pts',(1.36159640344904,-5.10605785351144,-6.44639180738971));
#3336=CARTESIAN_POINT('Ctrl Pts',(0.675973294636584,-5.23057250180753,-6.54164180738976));
#3337=CARTESIAN_POINT('Ctrl Pts',(-0.692172674965486,-5.20840158156998,
-6.73214180738974));
#3338=CARTESIAN_POINT('Ctrl Pts',(-1.36932441150471,-5.06183662134337,-6.82739180739004));
#3339=CARTESIAN_POINT('Ctrl Pts',(-2.61757280953035,-4.52078267484428,-7.01789180738946));
#3340=CARTESIAN_POINT('Ctrl Pts',(-3.1837561561049,-4.12845996488982,-7.11314180738974));
#3341=CARTESIAN_POINT('Ctrl Pts',(-4.12436547998676,-3.15645703946202,-7.30364180738976));
#3342=CARTESIAN_POINT('Ctrl Pts',(-4.49508350863669,-2.58065683514413,-7.39889180738948));
#3343=CARTESIAN_POINT('Ctrl Pts',(-4.98910192465265,-1.3299461561901,-7.58939180739002));
#3344=CARTESIAN_POINT('Ctrl Pts',(-5.11046300309795,-0.660036927327757,
-7.68464180738968));
#3345=CARTESIAN_POINT('Ctrl Pts',(-5.08823594239511,0.676659308865506,-7.87514180738981));
#3346=CARTESIAN_POINT('Ctrl Pts',(-4.94477055673316,1.33808642982764,-7.97039180738935));
#3347=CARTESIAN_POINT('Ctrl Pts',(-4.41569935150291,2.55725732184195,-8.16089180739014));
#3348=CARTESIAN_POINT('Ctrl Pts',(-4.03225752217292,3.11009897864939,-8.25614180738966));
#3349=CARTESIAN_POINT('Ctrl Pts',(-3.08245214294394,4.02842927973975,-8.44664180738984));
#3350=CARTESIAN_POINT('Ctrl Pts',(-2.51996223885455,4.39021946134933,-8.54189180738979));
#3351=CARTESIAN_POINT('Ctrl Pts',(-1.2982849202263,4.87214869334322,-8.73239180738969));
#3352=CARTESIAN_POINT('Ctrl Pts',(-0.644089270130694,4.99035479258963,-8.82764180739063));
#3353=CARTESIAN_POINT('Ctrl Pts',(0.661157326992214,4.96806861489024,-9.01814180738885));
#3354=CARTESIAN_POINT('Ctrl Pts',(1.30685955725384,4.82770138782803,-9.11339180738963));
#3355=CARTESIAN_POINT('Ctrl Pts',(2.49695185417512,4.31061013334728,-9.30389180738984));
#3356=CARTESIAN_POINT('Ctrl Pts',(3.03645098611735,3.93604802913272,-9.39914180738968));
#3357=CARTESIAN_POINT('Ctrl Pts',(3.93250010891042,3.00843811397389,-9.58964180738979));
#3358=CARTESIAN_POINT('Ctrl Pts',(4.28536114927369,2.45925791734846,-9.68489180739012));
#3359=CARTESIAN_POINT('Ctrl Pts',(4.75519825653852,1.26661313120815,-9.87539180738935));
#3360=CARTESIAN_POINT('Ctrl Pts',(4.8702477913826,0.628131412563557,-9.97064180738958));
#3361=CARTESIAN_POINT('Ctrl Pts',(4.84789917052164,-0.645664478775165,-10.1611418073899));
#3362=CARTESIAN_POINT('Ctrl Pts',(4.71062842570881,-1.27563989727159,-10.2563918073899));
#3363=CARTESIAN_POINT('Ctrl Pts',(4.20551385220165,-2.43664962766276,-10.4468918073895));
#3364=CARTESIAN_POINT('Ctrl Pts',(3.83982987976288,-2.96280145454003,-10.5421418073897));
#3365=CARTESIAN_POINT('Ctrl Pts',(2.93441258389228,-3.83656040674761,-10.7326418073898));
#3366=CARTESIAN_POINT('Ctrl Pts',(2.39854063911742,-4.18048163429331,-10.8278918073895));
#3367=CARTESIAN_POINT('Ctrl Pts',(1.23492608480093,-4.63820761743451,-11.01839180739));
#3368=CARTESIAN_POINT('Ctrl Pts',(0.612156748873505,-4.75007648242862,-11.113641807389));
#3369=CARTESIAN_POINT('Ctrl Pts',(-0.630190639048662,-4.72762485097881,
-11.3041418073905));
#3370=CARTESIAN_POINT('Ctrl Pts',(-1.24444169526686,-4.5933922318712,-11.3993918073895));
#3371=CARTESIAN_POINT('Ctrl Pts',(-2.37637274804114,-4.10017104853304,-11.58989180739));
#3372=CARTESIAN_POINT('Ctrl Pts',(-2.88918209300457,-3.74319327846659,-11.685141807389));
#3373=CARTESIAN_POINT('Ctrl Pts',(-3.74066279736526,-2.8598696575766,-11.8756418073904));
#3374=CARTESIAN_POINT('Ctrl Pts',(-4.07564751870255,-2.33650135222675,-11.9708918073899));
#3375=CARTESIAN_POINT('Ctrl Pts',(-4.52131741844111,-1.20274494014562,-12.1613918073895));
#3376=CARTESIAN_POINT('Ctrl Pts',(-4.62991731760204,-0.589380960551533,
-12.2566298365426));
#3377=CARTESIAN_POINT('Ctrl Pts',(-4.61880389540886,0.0112695813753196,
-12.3522185474418));
#3378=CARTESIAN_POINT('Ctrl Pts',(-4.61877201986578,0.0129813931368568,
-12.3525452874938));
#3379=CARTESIAN_POINT('Ctrl Pts',(-4.61873767810053,0.0148309177293469,
-12.3528720275459));
#3380=CARTESIAN_POINT('Ctrl Pts',(-5.57035729628596,0.26021391160565,-2.92401747774456));
#3381=CARTESIAN_POINT('Ctrl Pts',(-5.53113420426768,0.905200911290937,-3.00829294586143));
#3382=CARTESIAN_POINT('Ctrl Pts',(-5.37977314822713,1.54013401133404,-3.0925416234576));
#3383=CARTESIAN_POINT('Ctrl Pts',(-4.836016770151,2.79855774858677,-3.27205649835088));
#3384=CARTESIAN_POINT('Ctrl Pts',(-4.41703997961629,3.40477871118939,-3.36730649835098));
#3385=CARTESIAN_POINT('Ctrl Pts',(-3.3784278091394,4.41220996395069,-3.55780649835078));
#3386=CARTESIAN_POINT('Ctrl Pts',(-2.7626897066594,4.80970638031651,-3.65305649835065));
#3387=CARTESIAN_POINT('Ctrl Pts',(-1.42487018973341,5.33997671726,-3.84355649835111));
#3388=CARTESIAN_POINT('Ctrl Pts',(-0.707817470517887,5.47079479641936,-3.9388064983508));
#3389=CARTESIAN_POINT('Ctrl Pts',(0.723228975746834,5.44872798895873,-4.12930649835095));
#3390=CARTESIAN_POINT('Ctrl Pts',(1.43182964126463,5.29595993596877,-4.2245564983507));
#3391=CARTESIAN_POINT('Ctrl Pts',(2.73823042951249,4.73093272917132,-4.41505649835105));
#3392=CARTESIAN_POINT('Ctrl Pts',(3.33109510071055,4.32084481472634,-4.51030649835113));
#3393=CARTESIAN_POINT('Ctrl Pts',(4.31625680805464,3.30444061561472,-4.70080649835065));
#3394=CARTESIAN_POINT('Ctrl Pts',(4.70482716522489,2.70201743979747,-4.79605649835067));
#3395=CARTESIAN_POINT('Ctrl Pts',(5.22301615292232,1.39323648028892,-4.98655649835111));
#3396=CARTESIAN_POINT('Ctrl Pts',(5.35068307874632,0.691899209790327,-5.0818064983507));
#3397=CARTESIAN_POINT('Ctrl Pts',(5.32856553364528,-0.707696582946983,-5.27230649835106));
#3398=CARTESIAN_POINT('Ctrl Pts',(5.1788996557245,-1.40057268434138,-5.36755649835118));
#3399=CARTESIAN_POINT('Ctrl Pts',(4.6258603176063,-2.6778975867314,-5.5580564983506));
#3400=CARTESIAN_POINT('Ctrl Pts',(4.22465555340786,-3.25742186018757,-5.65330649835146));
#3401=CARTESIAN_POINT('Ctrl Pts',(3.23045297197661,-4.22030822943582,-5.84380649835029));
#3402=CARTESIAN_POINT('Ctrl Pts',(2.64134165857028,-4.59995293190421,-5.93905649835093));
#3403=CARTESIAN_POINT('Ctrl Pts',(1.36159640344904,-5.10605785351144,-6.12955649835085));
#3404=CARTESIAN_POINT('Ctrl Pts',(0.675973294636584,-5.23057250180753,-6.2248064983509));
#3405=CARTESIAN_POINT('Ctrl Pts',(-0.692172674965486,-5.20840158156998,
-6.41530649835088));
#3406=CARTESIAN_POINT('Ctrl Pts',(-1.36932441150471,-5.06183662134337,-6.51055649835118));
#3407=CARTESIAN_POINT('Ctrl Pts',(-2.61757280953035,-4.52078267484428,-6.7010564983506));
#3408=CARTESIAN_POINT('Ctrl Pts',(-3.1837561561049,-4.12845996488982,-6.79630649835088));
#3409=CARTESIAN_POINT('Ctrl Pts',(-4.12436547998676,-3.15645703946202,-6.98680649835088));
#3410=CARTESIAN_POINT('Ctrl Pts',(-4.49508350863669,-2.58065683514416,-7.08205649835062));
#3411=CARTESIAN_POINT('Ctrl Pts',(-4.98910192465265,-1.3299461561901,-7.27255649835113));
#3412=CARTESIAN_POINT('Ctrl Pts',(-5.11046300309795,-0.660036927327757,
-7.36780649835083));
#3413=CARTESIAN_POINT('Ctrl Pts',(-5.08823594239511,0.676659308865506,-7.55830649835093));
#3414=CARTESIAN_POINT('Ctrl Pts',(-4.94477055673316,1.33808642982764,-7.65355649835047));
#3415=CARTESIAN_POINT('Ctrl Pts',(-4.41569935150291,2.55725732184195,-7.84405649835128));
#3416=CARTESIAN_POINT('Ctrl Pts',(-4.03225752217292,3.11009897864939,-7.9393064983508));
#3417=CARTESIAN_POINT('Ctrl Pts',(-3.08245214294394,4.02842927973975,-8.12980649835095));
#3418=CARTESIAN_POINT('Ctrl Pts',(-2.51996223885455,4.39021946134933,-8.22505649835093));
#3419=CARTESIAN_POINT('Ctrl Pts',(-1.2982849202263,4.87214869334322,-8.41555649835083));
#3420=CARTESIAN_POINT('Ctrl Pts',(-0.644089270130694,4.99035479258963,-8.51080649835177));
#3421=CARTESIAN_POINT('Ctrl Pts',(0.661157326992214,4.96806861489024,-8.70130649834999));
#3422=CARTESIAN_POINT('Ctrl Pts',(1.30685955725384,4.82770138782803,-8.79655649835078));
#3423=CARTESIAN_POINT('Ctrl Pts',(2.49695185417512,4.31061013334728,-8.98705649835098));
#3424=CARTESIAN_POINT('Ctrl Pts',(3.03645098611735,3.93604802913272,-9.08230649835083));
#3425=CARTESIAN_POINT('Ctrl Pts',(3.93250010891042,3.00843811397389,-9.27280649835093));
#3426=CARTESIAN_POINT('Ctrl Pts',(4.28536114927372,2.45925791734846,-9.36805649835126));
#3427=CARTESIAN_POINT('Ctrl Pts',(4.75519825653852,1.26661313120815,-9.5585564983505));
#3428=CARTESIAN_POINT('Ctrl Pts',(4.8702477913826,0.628131412563557,-9.6538064983507));
#3429=CARTESIAN_POINT('Ctrl Pts',(4.84789917052164,-0.645664478775165,-9.84430649835106));
#3430=CARTESIAN_POINT('Ctrl Pts',(4.71062842570881,-1.27563989727159,-9.93955649835108));
#3431=CARTESIAN_POINT('Ctrl Pts',(4.20551385220165,-2.43664962766276,-10.1300564983507));
#3432=CARTESIAN_POINT('Ctrl Pts',(3.83982987976288,-2.96280145454003,-10.2253064983509));
#3433=CARTESIAN_POINT('Ctrl Pts',(2.93441258389228,-3.83656040674761,-10.4158064983509));
#3434=CARTESIAN_POINT('Ctrl Pts',(2.39854063911742,-4.18048163429331,-10.5110564983506));
#3435=CARTESIAN_POINT('Ctrl Pts',(1.23492608480093,-4.63820761743451,-10.7015564983512));
#3436=CARTESIAN_POINT('Ctrl Pts',(0.612156748873507,-4.75007648242862,-10.7968064983501));
#3437=CARTESIAN_POINT('Ctrl Pts',(-0.630190639048662,-4.72762485097881,
-10.9873064983516));
#3438=CARTESIAN_POINT('Ctrl Pts',(-1.24444169526686,-4.5933922318712,-11.0825564983506));
#3439=CARTESIAN_POINT('Ctrl Pts',(-2.37637274804114,-4.10017104853304,-11.2730564983511));
#3440=CARTESIAN_POINT('Ctrl Pts',(-2.88918209300457,-3.74319327846662,-11.3683064983502));
#3441=CARTESIAN_POINT('Ctrl Pts',(-3.74066279736526,-2.8598696575766,-11.5588064983516));
#3442=CARTESIAN_POINT('Ctrl Pts',(-4.07564751870255,-2.33650135222675,-11.6540564983511));
#3443=CARTESIAN_POINT('Ctrl Pts',(-4.52131741844111,-1.20274494014562,-11.8445564983507));
#3444=CARTESIAN_POINT('Ctrl Pts',(-4.62991731760204,-0.589380960551535,
-11.9397945275039));
#3445=CARTESIAN_POINT('Ctrl Pts',(-4.61880389540886,0.0112695813753195,
-12.0353832384029));
#3446=CARTESIAN_POINT('Ctrl Pts',(-4.61877201986578,0.0129813931368568,
-12.035709978455));
#3447=CARTESIAN_POINT('Ctrl Pts',(-4.61873767810053,0.0148309177293469,
-12.036036718507));
#3448=CARTESIAN_POINT('Ctrl Pts',(-5.57035729628596,0.26021391160565,-2.6071821687057));
#3449=CARTESIAN_POINT('Ctrl Pts',(-5.53113420426768,0.90520091129094,-2.69145763682258));
#3450=CARTESIAN_POINT('Ctrl Pts',(-5.37977314822713,1.54013401133404,-2.77570631441871));
#3451=CARTESIAN_POINT('Ctrl Pts',(-4.836016770151,2.79855774858677,-2.95522118931202));
#3452=CARTESIAN_POINT('Ctrl Pts',(-4.41703997961629,3.40477871118941,-3.05047118931212));
#3453=CARTESIAN_POINT('Ctrl Pts',(-3.3784278091394,4.41220996395069,-3.24097118931192));
#3454=CARTESIAN_POINT('Ctrl Pts',(-2.7626897066594,4.80970638031651,-3.33622118931176));
#3455=CARTESIAN_POINT('Ctrl Pts',(-1.42487018973341,5.33997671726,-3.52672118931225));
#3456=CARTESIAN_POINT('Ctrl Pts',(-0.707817470517884,5.47079479641936,-3.62197118931194));
#3457=CARTESIAN_POINT('Ctrl Pts',(0.723228975746831,5.44872798895873,-3.81247118931209));
#3458=CARTESIAN_POINT('Ctrl Pts',(1.43182964126463,5.29595993596877,-3.90772118931182));
#3459=CARTESIAN_POINT('Ctrl Pts',(2.73823042951249,4.73093272917132,-4.0982211893122));
#3460=CARTESIAN_POINT('Ctrl Pts',(3.33109510071055,4.32084481472634,-4.19347118931227));
#3461=CARTESIAN_POINT('Ctrl Pts',(4.31625680805464,3.30444061561472,-4.38397118931176));
#3462=CARTESIAN_POINT('Ctrl Pts',(4.70482716522489,2.70201743979747,-4.47922118931179));
#3463=CARTESIAN_POINT('Ctrl Pts',(5.22301615292232,1.39323648028892,-4.66972118931222));
#3464=CARTESIAN_POINT('Ctrl Pts',(5.35068307874632,0.691899209790324,-4.76497118931184));
#3465=CARTESIAN_POINT('Ctrl Pts',(5.32856553364528,-0.707696582946983,-4.9554711893122));
#3466=CARTESIAN_POINT('Ctrl Pts',(5.1788996557245,-1.40057268434138,-5.05072118931232));
#3467=CARTESIAN_POINT('Ctrl Pts',(4.6258603176063,-2.6778975867314,-5.24122118931171));
#3468=CARTESIAN_POINT('Ctrl Pts',(4.22465555340786,-3.25742186018757,-5.3364711893126));
#3469=CARTESIAN_POINT('Ctrl Pts',(3.23045297197661,-4.22030822943582,-5.52697118931143));
#3470=CARTESIAN_POINT('Ctrl Pts',(2.64134165857025,-4.59995293190421,-5.62222118931204));
#3471=CARTESIAN_POINT('Ctrl Pts',(1.36159640344904,-5.10605785351144,-5.81272118931197));
#3472=CARTESIAN_POINT('Ctrl Pts',(0.675973294636584,-5.23057250180753,-5.90797118931204));
#3473=CARTESIAN_POINT('Ctrl Pts',(-0.692172674965486,-5.20840158156998,
-6.09847118931199));
#3474=CARTESIAN_POINT('Ctrl Pts',(-1.36932441150471,-5.06183662134337,-6.19372118931232));
#3475=CARTESIAN_POINT('Ctrl Pts',(-2.61757280953035,-4.52078267484428,-6.38422118931174));
#3476=CARTESIAN_POINT('Ctrl Pts',(-3.1837561561049,-4.12845996488982,-6.47947118931202));
#3477=CARTESIAN_POINT('Ctrl Pts',(-4.12436547998676,-3.15645703946202,-6.66997118931202));
#3478=CARTESIAN_POINT('Ctrl Pts',(-4.49508350863669,-2.58065683514413,-6.76522118931176));
#3479=CARTESIAN_POINT('Ctrl Pts',(-4.98910192465265,-1.3299461561901,-6.95572118931227));
#3480=CARTESIAN_POINT('Ctrl Pts',(-5.11046300309795,-0.660036927327757,
-7.05097118931197));
#3481=CARTESIAN_POINT('Ctrl Pts',(-5.08823594239511,0.676659308865506,-7.24147118931207));
#3482=CARTESIAN_POINT('Ctrl Pts',(-4.94477055673316,1.33808642982764,-7.33672118931161));
#3483=CARTESIAN_POINT('Ctrl Pts',(-4.41569935150291,2.55725732184195,-7.52722118931242));
#3484=CARTESIAN_POINT('Ctrl Pts',(-4.03225752217292,3.11009897864939,-7.62247118931192));
#3485=CARTESIAN_POINT('Ctrl Pts',(-3.08245214294394,4.02842927973975,-7.8129711893121));
#3486=CARTESIAN_POINT('Ctrl Pts',(-2.51996223885455,4.39021946134933,-7.90822118931204));
#3487=CARTESIAN_POINT('Ctrl Pts',(-1.2982849202263,4.87214869334322,-8.09872118931197));
#3488=CARTESIAN_POINT('Ctrl Pts',(-0.644089270130694,4.99035479258963,-8.19397118931291));
#3489=CARTESIAN_POINT('Ctrl Pts',(0.661157326992214,4.96806861489024,-8.38447118931113));
#3490=CARTESIAN_POINT('Ctrl Pts',(1.30685955725384,4.82770138782803,-8.47972118931192));
#3491=CARTESIAN_POINT('Ctrl Pts',(2.49695185417512,4.31061013334728,-8.67022118931212));
#3492=CARTESIAN_POINT('Ctrl Pts',(3.03645098611735,3.93604802913272,-8.76547118931197));
#3493=CARTESIAN_POINT('Ctrl Pts',(3.93250010891042,3.00843811397389,-8.95597118931205));
#3494=CARTESIAN_POINT('Ctrl Pts',(4.28536114927372,2.45925791734846,-9.0512211893124));
#3495=CARTESIAN_POINT('Ctrl Pts',(4.75519825653852,1.26661313120815,-9.24172118931164));
#3496=CARTESIAN_POINT('Ctrl Pts',(4.8702477913826,0.628131412563557,-9.33697118931184));
#3497=CARTESIAN_POINT('Ctrl Pts',(4.84789917052164,-0.645664478775165,-9.52747118931217));
#3498=CARTESIAN_POINT('Ctrl Pts',(4.71062842570881,-1.27563989727159,-9.62272118931222));
#3499=CARTESIAN_POINT('Ctrl Pts',(4.20551385220165,-2.43664962766276,-9.81322118931179));
#3500=CARTESIAN_POINT('Ctrl Pts',(3.83982987976288,-2.96280145454003,-9.90847118931199));
#3501=CARTESIAN_POINT('Ctrl Pts',(2.93441258389228,-3.83656040674761,-10.098971189312));
#3502=CARTESIAN_POINT('Ctrl Pts',(2.39854063911742,-4.18048163429331,-10.1942211893117));
#3503=CARTESIAN_POINT('Ctrl Pts',(1.23492608480093,-4.63820761743451,-10.3847211893123));
#3504=CARTESIAN_POINT('Ctrl Pts',(0.612156748873507,-4.75007648242862,-10.4799711893113));
#3505=CARTESIAN_POINT('Ctrl Pts',(-0.630190639048662,-4.72762485097881,
-10.6704711893128));
#3506=CARTESIAN_POINT('Ctrl Pts',(-1.24444169526686,-4.5933922318712,-10.7657211893118));
#3507=CARTESIAN_POINT('Ctrl Pts',(-2.37637274804114,-4.10017104853304,-10.9562211893122));
#3508=CARTESIAN_POINT('Ctrl Pts',(-2.88918209300457,-3.74319327846662,-11.0514711893113));
#3509=CARTESIAN_POINT('Ctrl Pts',(-3.74066279736526,-2.8598696575766,-11.2419711893127));
#3510=CARTESIAN_POINT('Ctrl Pts',(-4.07564751870255,-2.33650135222675,-11.3372211893122));
#3511=CARTESIAN_POINT('Ctrl Pts',(-4.52131741844111,-1.20274494014562,-11.5277211893118));
#3512=CARTESIAN_POINT('Ctrl Pts',(-4.62991731760204,-0.589380960551535,
-11.622959218465));
#3513=CARTESIAN_POINT('Ctrl Pts',(-4.61880389540886,0.0112695813753195,
-11.7185479293641));
#3514=CARTESIAN_POINT('Ctrl Pts',(-4.61877201986578,0.0129813931368568,
-11.7188746694161));
#3515=CARTESIAN_POINT('Ctrl Pts',(-4.61873767810053,0.0148309177293469,
-11.7192014094681));
#3516=CARTESIAN_POINT('',(-5.57035729628596,0.26021391160565,-3.1115));
#3517=CARTESIAN_POINT('',(-5.57035729628596,0.26021391160565,-3.1115));
#3518=CARTESIAN_POINT('',(-5.28812252677686,1.70463969287048,-3.7476758322649));
#3519=CARTESIAN_POINT('Ctrl Pts',(-5.57035729628596,0.260213911605649,-3.1115));
#3520=CARTESIAN_POINT('Ctrl Pts',(-5.55590463747883,0.497874344830673,-3.20940079214935));
#3521=CARTESIAN_POINT('Ctrl Pts',(-5.52625948767907,0.733639125431444,-3.30976234288415));
#3522=CARTESIAN_POINT('Ctrl Pts',(-5.4342264758816,1.21682893076888,-3.52207230553583));
#3523=CARTESIAN_POINT('Ctrl Pts',(-5.36935712538897,1.46378471867077,-3.63435895655554));
#3524=CARTESIAN_POINT('Ctrl Pts',(-5.28812772114991,1.70464129432617,-3.74767615185183));
#3525=CARTESIAN_POINT('Ctrl Pts',(-5.28812759791938,1.70464165972195,-3.74767397616804));
#3526=CARTESIAN_POINT('Ctrl Pts',(-5.17781667852451,2.03172893137218,-3.79289235334986));
#3527=CARTESIAN_POINT('Ctrl Pts',(-5.03770988009349,2.34645447756208,-3.83785852043964));
#3528=CARTESIAN_POINT('Ctrl Pts',(-4.7004872259577,2.94639973865919,-3.92821755813717));
#3529=CARTESIAN_POINT('Ctrl Pts',(-4.50452107798581,3.22995677902463,-3.97334988755071));
#3530=CARTESIAN_POINT('Ctrl Pts',(-4.13724147338997,3.66813105194788,-4.04863840646442));
#3531=CARTESIAN_POINT('Ctrl Pts',(-3.97974675172772,3.83403528182339,-4.07872208454023));
#3532=CARTESIAN_POINT('Ctrl Pts',(-3.58938654106205,4.19669376249864,-4.1489729748872));
#3533=CARTESIAN_POINT('Ctrl Pts',(-3.34959880772829,4.38496867940383,-4.18907824811875));
#3534=CARTESIAN_POINT('Ctrl Pts',(-2.79750963197997,4.74926835907098,-4.27651400766617));
#3535=CARTESIAN_POINT('Ctrl Pts',(-2.48032971062456,4.91702650147923,-4.32380663364489));
#3536=CARTESIAN_POINT('Ctrl Pts',(-1.81554825020719,5.18905012542271,-4.41898949208407));
#3537=CARTESIAN_POINT('Ctrl Pts',(-1.46861498942532,5.29222227825622,-4.46678006955112));
#3538=CARTESIAN_POINT('Ctrl Pts',(-0.765807405529236,5.42814479851676,-4.56192195845239));
#3539=CARTESIAN_POINT('Ctrl Pts',(-0.410480892944366,5.46173501260104,-4.60922172114532));
#3540=CARTESIAN_POINT('Ctrl Pts',(0.123859516891418,5.45967620882975,-4.68041945656528));
#3541=CARTESIAN_POINT('Ctrl Pts',(0.302446075429778,5.45012732153929,-4.70423396763703));
#3542=CARTESIAN_POINT('Ctrl Pts',(0.835462373696701,5.39530657071985,-4.77572730571091));
#3543=CARTESIAN_POINT('Ctrl Pts',(1.18691505310824,5.32387239532027,-4.82342803140029));
#3544=CARTESIAN_POINT('Ctrl Pts',(1.86864495387088,5.11399159388115,-4.91890472756625));
#3545=CARTESIAN_POINT('Ctrl Pts',(2.19718541051213,4.97630512229959,-4.96639876943208));
#3546=CARTESIAN_POINT('Ctrl Pts',(2.82320615469064,4.63774917204813,-5.0618852439244));
#3547=CARTESIAN_POINT('Ctrl Pts',(3.11883098811791,4.43818371114252,-5.10958896703346));
#3548=CARTESIAN_POINT('Ctrl Pts',(3.66510878898608,3.98553817350599,-5.20507653874855));
#3549=CARTESIAN_POINT('Ctrl Pts',(3.9144390180508,3.73382492809764,-5.25257608824466));
#3550=CARTESIAN_POINT('Ctrl Pts',(4.36046449339664,3.18421505522456,-5.34807137274138));
#3551=CARTESIAN_POINT('Ctrl Pts',(4.55595431126846,2.88822512974681,-5.39577812781961));
#3552=CARTESIAN_POINT('Ctrl Pts',(4.88523661366741,2.26419516553114,-5.49127689058369));
#3553=CARTESIAN_POINT('Ctrl Pts',(5.01832098291465,1.93792821583931,-5.53878205653612));
#3554=CARTESIAN_POINT('Ctrl Pts',(5.21852491703616,1.26306113479706,-5.63428628010971));
#3555=CARTESIAN_POINT('Ctrl Pts',(5.28526655163146,0.916672663244618,-5.68199605956984));
#3556=CARTESIAN_POINT('Ctrl Pts',(5.34985844096292,0.21793688559876,-5.777506286022));
#3557=CARTESIAN_POINT('Ctrl Pts',(5.34772576870755,-0.13249309082092,-5.82501718948091));
#3558=CARTESIAN_POINT('Ctrl Pts',(5.27435594708047,-0.828690764908857,-5.92053046854559));
#3559=CARTESIAN_POINT('Ctrl Pts',(5.20361747637324,-1.17228326534932,-5.96824325168144));
#3560=CARTESIAN_POINT('Ctrl Pts',(4.99657481031168,-1.83871504824152,-6.06376520028986));
#3561=CARTESIAN_POINT('Ctrl Pts',(4.86101657130267,-2.15977812881928,-6.11128196665566));
#3562=CARTESIAN_POINT('Ctrl Pts',(4.528217907667,-2.77124859964664,-6.20680441266062));
#3563=CARTESIAN_POINT('Ctrl Pts',(4.33226719688716,-3.05984967218897,-6.25452017526323));
#3564=CARTESIAN_POINT('Ctrl Pts',(3.88802732974165,-3.59302285581232,-6.35005410015905));
#3565=CARTESIAN_POINT('Ctrl Pts',(3.64110849953421,-3.83622671352716,-6.39757685766822));
#3566=CARTESIAN_POINT('Ctrl Pts',(3.10233014850057,-4.27093961107125,-6.49310858008755));
#3567=CARTESIAN_POINT('Ctrl Pts',(2.81234550235441,-4.46128376435128,-6.54082729712217));
#3568=CARTESIAN_POINT('Ctrl Pts',(2.20105329388887,-4.78159565464817,-6.63637345054591));
#3569=CARTESIAN_POINT('Ctrl Pts',(1.881542187464,-4.91081184256856,-6.68390232992275));
#3570=CARTESIAN_POINT('Ctrl Pts',(1.22098827572789,-5.10462052818313,-6.77944343661192));
#3571=CARTESIAN_POINT('Ctrl Pts',(0.882112050564816,-5.16886102435216,-6.82716508250475));
#3572=CARTESIAN_POINT('Ctrl Pts',(0.198568627094167,-5.22994951866128,-6.92272371508491));
#3573=CARTESIAN_POINT('Ctrl Pts',(-0.144139606634506,-5.22678198489148,
-6.97025884972464));
#3574=CARTESIAN_POINT('Ctrl Pts',(-0.824653150162263,-5.15289048446502,
-7.06580944689067));
#3575=CARTESIAN_POINT('Ctrl Pts',(-1.16033532728985,-5.08267241351978,-7.11353399537974));
#3576=CARTESIAN_POINT('Ctrl Pts',(-1.8113635358086,-4.87812038809126,-7.20910535544357));
#3577=CARTESIAN_POINT('Ctrl Pts',(-2.12487886732497,-4.7445182011235,-7.25664688140796));
#3578=CARTESIAN_POINT('Ctrl Pts',(-2.72161239614114,-4.41716128268339,-7.3522070732577));
#3579=CARTESIAN_POINT('Ctrl Pts',(-3.00307587204557,-4.22468323168358,-7.39993449724337));
#3580=CARTESIAN_POINT('Ctrl Pts',(-3.52291288289583,-3.78856994119673,-7.49551883012007));
#3581=CARTESIAN_POINT('Ctrl Pts',(-3.75985925109864,-3.54631407515848,-7.54306688628955));
#3582=CARTESIAN_POINT('Ctrl Pts',(-4.18296596172779,-3.01814894140143,-7.63863677469337));
#3583=CARTESIAN_POINT('Ctrl Pts',(-4.36800491465162,-2.73408259814613,-7.6863670460354));
#3584=CARTESIAN_POINT('Ctrl Pts',(-4.67902540000857,-2.13536081716171,-7.78196459342064));
#3585=CARTESIAN_POINT('Ctrl Pts',(-4.80420213975965,-1.82253501814291,-7.82951932176151));
#3586=CARTESIAN_POINT('Ctrl Pts',(-4.99126128957955,-1.17620677772744,-7.92509900604776));
#3587=CARTESIAN_POINT('Ctrl Pts',(-5.05282036488017,-0.844824182724667,
-7.97283209539704));
#3588=CARTESIAN_POINT('Ctrl Pts',(-5.11004555842795,-0.176443281857832,
-8.06844309458252));
#3589=CARTESIAN_POINT('Ctrl Pts',(-5.10565848912572,0.158542222192118,-8.11600464038415));
#3590=CARTESIAN_POINT('Ctrl Pts',(-5.03090026621076,0.823187652213259,-8.21157585136535));
#3591=CARTESIAN_POINT('Ctrl Pts',(-4.96106907689767,1.15078267899885,-8.25929334286022));
#3592=CARTESIAN_POINT('Ctrl Pts',(-4.75871773320843,1.78629776130444,-8.35491593808034));
#3593=CARTESIAN_POINT('Ctrl Pts',(-4.62686931554868,2.09230581653225,-8.40250087449865));
#3594=CARTESIAN_POINT('Ctrl Pts',(-4.30463647912374,2.67413961912036,-8.498104532622));
#3595=CARTESIAN_POINT('Ctrl Pts',(-4.1155516457557,2.94828452971942,-8.54583059634932));
#3596=CARTESIAN_POINT('Ctrl Pts',(-3.68733336244006,3.45456486949726,-8.64146700689482));
#3597=CARTESIAN_POINT('Ctrl Pts',(-3.44956832765546,3.68518335248712,-8.68905315439872));
#3598=CARTESIAN_POINT('Ctrl Pts',(-2.93179088486437,4.09641658363351,-8.78466693870543));
#3599=CARTESIAN_POINT('Ctrl Pts',(-2.65360305988409,4.27597522811911,-8.83240177083785));
#3600=CARTESIAN_POINT('Ctrl Pts',(-2.06732031493217,4.57740212478828,-8.92805221300983));
#3601=CARTESIAN_POINT('Ctrl Pts',(-1.76108844015953,4.69839182371902,-8.97563949787225));
#3602=CARTESIAN_POINT('Ctrl Pts',(-1.12888346291277,4.87837513385789,-9.07126349128986));
#3603=CARTESIAN_POINT('Ctrl Pts',(-0.804982183483794,4.93708316298274,-9.11900728701214));
#3604=CARTESIAN_POINT('Ctrl Pts',(-0.151760301564253,4.99010585654927,-9.21467196836811));
#3605=CARTESIAN_POINT('Ctrl Pts',(0.175485316644813,4.98432836835465,-9.26226031970972));
#3606=CARTESIAN_POINT('Ctrl Pts',(0.82448707907631,4.90834238703848,-9.3578946002536));
#3607=CARTESIAN_POINT('Ctrl Pts',(1.14423368501173,4.8386481645504,-9.40564755333097));
#3608=CARTESIAN_POINT('Ctrl Pts',(1.7640988264603,4.63807006303383,-9.50132667077808));
#3609=CARTESIAN_POINT('Ctrl Pts',(2.06225120130262,4.50790826022259,-9.54891602034959));
#3610=CARTESIAN_POINT('Ctrl Pts',(2.62897704649271,4.19053135877567,-9.6445606590431));
#3611=CARTESIAN_POINT('Ctrl Pts',(2.89589810351286,4.0045410273705,-9.69232296048114));
#3612=CARTESIAN_POINT('Ctrl Pts',(3.38833830701166,3.58388616337289,-9.78801669630332));
#3613=CARTESIAN_POINT('Ctrl Pts',(3.61230958592106,3.35065896503588,-9.83560697848258));
#3614=CARTESIAN_POINT('Ctrl Pts',(4.01137143291221,2.84310207488393,-9.93126203509052));
#3615=CARTESIAN_POINT('Ctrl Pts',(4.18540348048272,2.57051505461941,-9.97903386917079));
#3616=CARTESIAN_POINT('Ctrl Pts',(4.47685848979668,1.99648161233928,-10.0747423821461));
#3617=CARTESIAN_POINT('Ctrl Pts',(4.59340143868956,1.69697502574124,-10.1223335363525));
#3618=CARTESIAN_POINT('Ctrl Pts',(4.76596726061644,1.07885524180956,-10.2179990524036));
#3619=CARTESIAN_POINT('Ctrl Pts',(4.82167030577427,0.76223727664941,-10.2657805862461));
#3620=CARTESIAN_POINT('Ctrl Pts',(4.87008158430534,0.124148212627059,-10.3615039927432));
#3621=CARTESIAN_POINT('Ctrl Pts',(4.86272698248696,-0.195176100047571,-10.4090959744134));
#3622=CARTESIAN_POINT('Ctrl Pts',(4.78519603386487,-0.828306786541127,-10.5047719668034));
#3623=CARTESIAN_POINT('Ctrl Pts',(4.71547188605,-1.14016282878886,-10.5525633271926));
#3624=CARTESIAN_POINT('Ctrl Pts',(4.51634641730558,-1.74424729950161,-10.648301667201));
#3625=CARTESIAN_POINT('Ctrl Pts',(4.3877227277796,-2.03445579741614,-10.6958944843631));
#3626=CARTESIAN_POINT('Ctrl Pts',(4.0749253953289,-2.58587581618782,-10.7915809578491));
#3627=CARTESIAN_POINT('Ctrl Pts',(3.89189539381522,-2.84546711144001,-10.839382187665));
#3628=CARTESIAN_POINT('Ctrl Pts',(3.47856679919814,-3.32381836112337,-10.9351353800114));
#3629=CARTESIAN_POINT('Ctrl Pts',(3.24977625653742,-3.54100550622501,-10.9827291932477));
#3630=CARTESIAN_POINT('Ctrl Pts',(2.75226956095994,-3.92760298494697,-11.0784262347223));
#3631=CARTESIAN_POINT('Ctrl Pts',(2.48520847340044,-4.09595503623471,-11.1262372335337));
#3632=CARTESIAN_POINT('Ctrl Pts',(1.92331794841008,-4.37711271392161,-11.2220050636411));
#3633=CARTESIAN_POINT('Ctrl Pts',(1.63049620643015,-4.48904713036746,-11.2696004284794));
#3634=CARTESIAN_POINT('Ctrl Pts',(1.02643136442046,-4.65385552488789,-11.3653085726016));
#3635=CARTESIAN_POINT('Ctrl Pts',(0.717103750645239,-4.70638022529936,-11.4131290790851));
#3636=CARTESIAN_POINT('Ctrl Pts',(0.0942033720431232,-4.74984071572029,
-11.5089113189234));
#3637=CARTESIAN_POINT('Ctrl Pts',(-0.217181987391468,-4.74074927730888,
-11.5565097594861));
#3638=CARTESIAN_POINT('Ctrl Pts',(-0.834323492168851,-4.66134472394215,
-11.6522313047925));
#3639=CARTESIAN_POINT('Ctrl Pts',(-1.13818821075784,-4.59143722627091,-11.7000611565322));
#3640=CARTESIAN_POINT('Ctrl Pts',(-1.72627511637682,-4.39349156941456,-11.7958576108473));
#3641=CARTESIAN_POINT('Ctrl Pts',(-2.00849640004539,-4.26626280291531,-11.843463262855));
#3642=CARTESIAN_POINT('Ctrl Pts',(-2.54439068541876,-3.95775340488247,-11.9392084295458));
#3643=CARTESIAN_POINT('Ctrl Pts',(-2.796473107021,-3.77758878893485,-11.9870492926609));
#3644=CARTESIAN_POINT('Ctrl Pts',(-3.26042372155127,-3.3714553118056,-12.0828574766708));
#3645=CARTESIAN_POINT('Ctrl Pts',(-3.47085272060348,-3.1469167679052,-12.1304822572996));
#3646=CARTESIAN_POINT('Ctrl Pts',(-3.81299160076189,-2.70043506068553,-12.2181579843283));
#3647=CARTESIAN_POINT('Ctrl Pts',(-3.95120311403213,-2.48592846368941,-12.2578636813542));
#3648=CARTESIAN_POINT('Ctrl Pts',(-4.11606807645518,-2.17756304846569,-12.3125117421135));
#3649=CARTESIAN_POINT('Ctrl Pts',(-4.15840766413785,-2.09220359460974,-12.3274017476013));
#3650=CARTESIAN_POINT('Ctrl Pts',(-4.26712160799711,-1.85502451836306,-12.3682020872432));
#3651=CARTESIAN_POINT('Ctrl Pts',(-4.32842140480182,-1.70007373222016,-12.394221394481));
#3652=CARTESIAN_POINT('Ctrl Pts',(-4.45980001845929,-1.30527769926933,-12.4594351629318));
#3653=CARTESIAN_POINT('Ctrl Pts',(-4.51934210220572,-1.06231666757551,-12.4985941295092));
#3654=CARTESIAN_POINT('Ctrl Pts',(-4.59907635460458,-0.571777526814254,
-12.5766530368643));
#3655=CARTESIAN_POINT('Ctrl Pts',(-4.61955355151169,-0.323173820421473,
-12.6157122949978));
#3656=CARTESIAN_POINT('Ctrl Pts',(-4.61961103932991,-0.0751038392675756,
-12.6547624048823));
#3657=CARTESIAN_POINT('Ctrl Pts',(-2.8180833670533,0.818099890087856,-4.29263143489715));
#3658=CARTESIAN_POINT('Ctrl Pts',(-2.79750867084281,0.882724712299659,-4.30946187175003));
#3659=CARTESIAN_POINT('Ctrl Pts',(-2.77470345322947,0.946603588823033,-4.3262981658459));
#3660=CARTESIAN_POINT('Ctrl Pts',(-2.60839409694447,1.3653779350912,-4.43831830900551));
#3661=CARTESIAN_POINT('Ctrl Pts',(-2.3974644844507,1.69081957967894,-4.53340769761369));
#3662=CARTESIAN_POINT('Ctrl Pts',(-1.86980975726815,2.23483047193863,-4.72377452893274));
#3663=CARTESIAN_POINT('Ctrl Pts',(-1.5538334298016,2.45266133688344,-4.81885756030223));
#3664=CARTESIAN_POINT('Ctrl Pts',(-0.865577172940248,2.75062215955687,-5.00922016221231));
#3665=CARTESIAN_POINT('Ctrl Pts',(-0.494271751508592,2.83032453620099,-5.10429881363908));
#3666=CARTESIAN_POINT('Ctrl Pts',(0.247721310253071,2.8425513591842,-5.29465586146874));
#3667=CARTESIAN_POINT('Ctrl Pts',(0.617350131457931,2.7750429470692,-5.38973061447355));
#3668=CARTESIAN_POINT('Ctrl Pts',(1.30037179405752,2.50572371573763,-5.58008151894211));
#3669=CARTESIAN_POINT('Ctrl Pts',(1.61277974760472,2.30428128830143,-5.67515242448004));
#3670=CARTESIAN_POINT('Ctrl Pts',(2.13540075794334,1.79990984277878,-5.86549680675772));
#3671=CARTESIAN_POINT('Ctrl Pts',(2.34484951356926,1.49769143154672,-5.96056378122421));
#3672=CARTESIAN_POINT('Ctrl Pts',(2.63197210192645,0.839148015282365,-6.15090131542461));
#3673=CARTESIAN_POINT('Ctrl Pts',(2.70921401021973,0.483764477758689,-6.24596422962884));
#3674=CARTESIAN_POINT('Ctrl Pts',(2.72282281683849,-0.226624713631112,-6.43629459449531));
#3675=CARTESIAN_POINT('Ctrl Pts',(2.6591502948198,-0.580603083401614,-6.5313533002613));
#3676=CARTESIAN_POINT('Ctrl Pts',(2.40322923114205,-1.23496172220976,-6.72167616385076));
#3677=CARTESIAN_POINT('Ctrl Pts',(2.2113337809497,-1.53438486389722,-6.81673050175192));
#3678=CARTESIAN_POINT('Ctrl Pts',(1.73033333969248,-2.03566904431825,-7.00704551601212));
#3679=CARTESIAN_POINT('Ctrl Pts',(1.44191470903269,-2.2367861463438,-7.10209531739759));
#3680=CARTESIAN_POINT('Ctrl Pts',(0.813144692812578,-2.51316555998057,-7.29240211569961));
#3681=CARTESIAN_POINT('Ctrl Pts',(0.473704315620992,-2.58800573965342,-7.3874472029174));
#3682=CARTESIAN_POINT('Ctrl Pts',(-0.205061293498059,-2.60311389535598,
-7.57774539842728));
#3683=CARTESIAN_POINT('Ctrl Pts',(-0.543391646777637,-2.54333983353588,
-7.67278558454159));
#3684=CARTESIAN_POINT('Ctrl Pts',(-1.16911476495366,-2.30093741744353,-7.86307476875706));
#3685=CARTESIAN_POINT('Ctrl Pts',(-1.45557988271991,-2.11864707696682,-7.9581098570166));
#3686=CARTESIAN_POINT('Ctrl Pts',(-1.9356008201232,-1.66112193177006,-8.14838959832551));
#3687=CARTESIAN_POINT('Ctrl Pts',(-2.1284346044715,-1.38654779880292,-8.24341938156206));
#3688=CARTESIAN_POINT('Ctrl Pts',(-2.39418197297695,-0.787621775341051,
-8.43368922369621));
#3689=CARTESIAN_POINT('Ctrl Pts',(-2.46668406337919,-0.464148143183281,
-8.52871348366491));
#3690=CARTESIAN_POINT('Ctrl Pts',(-2.48342526671975,0.182970208952471,-8.71897294404685));
#3691=CARTESIAN_POINT('Ctrl Pts',(-2.42761961323866,0.505655084173641,-8.8139914507156));
#3692=CARTESIAN_POINT('Ctrl Pts',(-2.19887266135454,1.10277262915824,-9.00424001867331));
#3693=CARTESIAN_POINT('Ctrl Pts',(-2.02625314678436,1.37630964492614,-9.09925252946601));
#3694=CARTESIAN_POINT('Ctrl Pts',(-1.592322050351,1.83514967474408,-9.28948966432147));
#3695=CARTESIAN_POINT('Ctrl Pts',(-1.33164334610752,2.0197545263344,-9.38449592327776));
#3696=CARTESIAN_POINT('Ctrl Pts',(-0.762642272363759,2.27499509387049,-9.57472105229967));
#3697=CARTESIAN_POINT('Ctrl Pts',(-0.455162602760282,2.34523102175192,-9.66972078918316));
#3698=CARTESIAN_POINT('Ctrl Pts',(0.160280454141651,2.36375664489366,-9.85993330535894));
#3699=CARTESIAN_POINT('Ctrl Pts',(0.46732215877529,2.31199876194194,-9.95492623471064));
#3700=CARTESIAN_POINT('Ctrl Pts',(1.0358668768454,2.09706282386466,-10.1451254943537));
#3701=CARTESIAN_POINT('Ctrl Pts',(1.29650921105933,1.93418900374508,-10.2401113144449));
#3702=CARTESIAN_POINT('Ctrl Pts',(1.73426077531251,1.5239876341729,-10.4302966346128));
#3703=CARTESIAN_POINT('Ctrl Pts',(1.91069806765847,1.27726271583694,-10.5252750263493));
#3704=CARTESIAN_POINT('Ctrl Pts',(2.15557350590405,0.738279847987759,-10.7154456820384));
#3705=CARTESIAN_POINT('Ctrl Pts',(2.22362486661289,0.446825742758316,-10.8104163077653));
#3706=CARTESIAN_POINT('Ctrl Pts',(2.24410696839099,-0.136908633136355,-11.0005715288881));
#3707=CARTESIAN_POINT('Ctrl Pts',(2.19648726730746,-0.428309080281575,-11.0955340311083));
#3708=CARTESIAN_POINT('Ctrl Pts',(1.99553993464263,-0.968316747722729,-11.2856729992128));
#3709=CARTESIAN_POINT('Ctrl Pts',(1.84249748315739,-1.21610181974765,-11.3806269992499));
#3710=CARTESIAN_POINT('Ctrl Pts',(1.45618155088774,-1.63286899168875,-11.5707488438491));
#3711=CARTESIAN_POINT('Ctrl Pts',(1.22347762152292,-1.8012082469219,-11.6656939406134));
#3712=CARTESIAN_POINT('Ctrl Pts',(0.714620893184879,-2.03587933279471,-11.8557977349225));
#3713=CARTESIAN_POINT('Ctrl Pts',(0.43922930812783,-2.10183913645817,-11.9507335040847));
#3714=CARTESIAN_POINT('Ctrl Pts',(-0.112756503916239,-2.12447389797331,
-12.1408182594755));
#3715=CARTESIAN_POINT('Ctrl Pts',(-0.388516787291613,-2.08109610964274,
-12.2357442543841));
#3716=CARTESIAN_POINT('Ctrl Pts',(-0.900026768460037,-1.89434046231908,
-12.4258089111486));
#3717=CARTESIAN_POINT('Ctrl Pts',(-1.13499589825913,-1.75122886621612,-12.5207246706122));
#3718=CARTESIAN_POINT('Ctrl Pts',(-1.53089731346069,-1.38897612421187,-12.7107680728319));
#3719=CARTESIAN_POINT('Ctrl Pts',(-1.69121539729812,-1.17037413122693,-12.8056732114067));
#3720=CARTESIAN_POINT('Ctrl Pts',(-1.91603254889694,-0.691415421029615,
-12.9958321683688));
#3721=CARTESIAN_POINT('Ctrl Pts',(-1.98001997045847,-0.43174495604002,-13.0908623361328));
#3722=CARTESIAN_POINT('Ctrl Pts',(-1.99240288013278,-0.171260144535684,
-13.1859969537995));
#3723=CARTESIAN_POINT('Ctrl Pts',(-3.63798483756694,1.12819825120219,-4.1152624591406));
#3724=CARTESIAN_POINT('Ctrl Pts',(-3.61022893470047,1.21184658177483,-4.13210646040838));
#3725=CARTESIAN_POINT('Ctrl Pts',(-3.57958245644841,1.294496831096,-4.14895446433917));
#3726=CARTESIAN_POINT('Ctrl Pts',(-3.35673678747078,1.83621649414541,-4.26105696847538));
#3727=CARTESIAN_POINT('Ctrl Pts',(-3.07702110469357,2.25647486115539,-4.35623373459587));
#3728=CARTESIAN_POINT('Ctrl Pts',(-2.38051985660741,2.95664686878335,-4.54674527730026));
#3729=CARTESIAN_POINT('Ctrl Pts',(-1.96464569819939,3.23568841151825,-4.64191920685532));
#3730=CARTESIAN_POINT('Ctrl Pts',(-1.06054763755184,3.61315952837458,-4.83243230510383));
#3731=CARTESIAN_POINT('Ctrl Pts',(-0.573493374588842,3.71109922511216,-4.92760511423378));
#3732=CARTESIAN_POINT('Ctrl Pts',(0.39836539670129,3.71400787570564,-5.11811894704842));
#3733=CARTESIAN_POINT('Ctrl Pts',(0.881906559986593,3.61896129868346,-5.21329114287076));
#3734=CARTESIAN_POINT('Ctrl Pts',(1.77368692412493,3.25288836972318,-5.40380550094857));
#3735=CARTESIAN_POINT('Ctrl Pts',(2.18075681362205,2.98232613149875,-5.49897724794879));
#3736=CARTESIAN_POINT('Ctrl Pts',(2.85910814493157,2.30852421101161,-5.68949210873613));
#3737=CARTESIAN_POINT('Ctrl Pts',(3.12948955027687,1.90615668781628,-5.78466346934013));
#3738=CARTESIAN_POINT('Ctrl Pts',(3.49548382588606,1.03138251463476,-5.97517887036093));
#3739=CARTESIAN_POINT('Ctrl Pts',(3.59060013106463,0.56012184911761,-6.07034987757079));
#3740=CARTESIAN_POINT('Ctrl Pts',(3.59413090372402,-0.380253254453265,-6.26086587841579));
#3741=CARTESIAN_POINT('Ctrl Pts',(3.50252473900559,-0.848123089657939,-6.35603655790045));
#3742=CARTESIAN_POINT('Ctrl Pts',(3.1490800518889,-1.71105690681108,-6.54655322906451));
#3743=CARTESIAN_POINT('Ctrl Pts',(2.88769679638077,-2.10496677558211,-6.64172360597999));
#3744=CARTESIAN_POINT('Ctrl Pts',(2.23660537657839,-2.76150464420679,-6.83224102583309));
#3745=CARTESIAN_POINT('Ctrl Pts',(1.84775627906704,-3.02324320415149,-6.92741112704625));
#3746=CARTESIAN_POINT('Ctrl Pts',(1.00231399686901,-3.37778153794141,-7.11792938130335));
#3747=CARTESIAN_POINT('Ctrl Pts',(0.546850902211838,-3.47008949048687,-7.2130992362133));
#3748=CARTESIAN_POINT('Ctrl Pts',(-0.362041113221365,-3.47426786555207,
-7.40361841820129));
#3749=CARTESIAN_POINT('Ctrl Pts',(-0.814241858253414,-3.38611592173661,
-7.49878805917989));
#3750=CARTESIAN_POINT('Ctrl Pts',(-1.64833955181915,-3.04532378257416,-7.68930827036786));
#3751=CARTESIAN_POINT('Ctrl Pts',(-2.02909687129493,-2.79313093208649,-7.78447773307319));
#3752=CARTESIAN_POINT('Ctrl Pts',(-2.66384039874331,-2.16476875352143,-7.9749990837438));
#3753=CARTESIAN_POINT('Ctrl Pts',(-2.91694749062834,-1.78944560307246,-8.070168407425));
#3754=CARTESIAN_POINT('Ctrl Pts',(-3.26005489780923,-0.97334519936973,-8.26069101742132));
#3755=CARTESIAN_POINT('Ctrl Pts',(-3.34956796508978,-0.533682162211733,
-8.35586024523821));
#3756=CARTESIAN_POINT('Ctrl Pts',(-3.35442099202135,0.343727252710635,-8.54638424478239));
#3757=CARTESIAN_POINT('Ctrl Pts',(-3.26973670058426,0.780261868991269,-8.6415534241528));
#3758=CARTESIAN_POINT('Ctrl Pts',(-2.94162193693131,1.5855344397364,-8.83207895473648));
#3759=CARTESIAN_POINT('Ctrl Pts',(-2.69863075537691,1.95314718940693,-8.92724813771593));
#3760=CARTESIAN_POINT('Ctrl Pts',(-2.0930164653965,2.5661162365275,-9.11777535307819));
#3761=CARTESIAN_POINT('Ctrl Pts',(-1.73122655398787,2.81060362768723,-9.21294459676372));
#3762=CARTESIAN_POINT('Ctrl Pts',(-0.944477482801679,3.14230573422969,-9.4034736639611));
#3763=CARTESIAN_POINT('Ctrl Pts',(-0.520616638413535,3.22903762395326,-9.4986430309351));
#3764=CARTESIAN_POINT('Ctrl Pts',(0.325311481091946,3.23459263988659,-9.68917413150358));
#3765=CARTESIAN_POINT('Ctrl Pts',(0.746183356734959,3.15338947376029,-9.78434369032611));
#3766=CARTESIAN_POINT('Ctrl Pts',(1.52264271362186,2.83797676581386,-9.97487702154861));
#3767=CARTESIAN_POINT('Ctrl Pts',(1.87711928424206,2.60419833686034,-10.0700468472861));
#3768=CARTESIAN_POINT('Ctrl Pts',(2.46833449058916,2.02134998450732,-10.2605826235753));
#3769=CARTESIAN_POINT('Ctrl Pts',(2.70421424102522,1.6731002233285,-10.3557527983985));
#3770=CARTESIAN_POINT('Ctrl Pts',(3.02453711075594,0.915710976345514,-10.5462912527858));
#3771=CARTESIAN_POINT('Ctrl Pts',(3.10850161546044,0.507653947125741,-10.6414618666457));
#3772=CARTESIAN_POINT('Ctrl Pts',(3.11478589441448,-0.306795328595785,-10.8320032523632));
#3773=CARTESIAN_POINT('Ctrl Pts',(3.03707715107721,-0.712008388878382,-10.9271744038209));
#3774=CARTESIAN_POINT('Ctrl Pts',(2.73439054435982,-1.45966752772239,-11.1177189958756));
#3775=CARTESIAN_POINT('Ctrl Pts',(2.50983551957891,-1.80101674110623,-11.212890793319));
#3776=CARTESIAN_POINT('Ctrl Pts',(1.94976998532587,-2.37049951247384,-11.4034388896489));
#3777=CARTESIAN_POINT('Ctrl Pts',(1.61506667400165,-2.59778387328857,-11.498611453671));
#3778=CARTESIAN_POINT('Ctrl Pts',(0.887044173472284,-2.9067537999293,-11.6891633746105));
#3779=CARTESIAN_POINT('Ctrl Pts',(0.494791970298015,-2.98796453559429,-11.7843368440076));
#3780=CARTESIAN_POINT('Ctrl Pts',(-0.288182732573593,-2.9950049571354,-11.9748929257288));
#3781=CARTESIAN_POINT('Ctrl Pts',(-0.677741138766462,-2.92080323617561,
-12.0700674753373));
#3782=CARTESIAN_POINT('Ctrl Pts',(-1.39661518941881,-2.63086593683817,-12.2606280428792));
#3783=CARTESIAN_POINT('Ctrl Pts',(-1.72484482078774,-2.41554339708889,-12.3558039410845));
#3784=CARTESIAN_POINT('Ctrl Pts',(-2.27261998176133,-1.87827708749944,-12.5463692091937));
#3785=CARTESIAN_POINT('Ctrl Pts',(-2.49131631909644,-1.55712267838845,-12.6415470628407));
#3786=CARTESIAN_POINT('Ctrl Pts',(-2.78918498461029,-0.857968525626072,
-12.8322553532258));
#3787=CARTESIAN_POINT('Ctrl Pts',(-2.86764863421364,-0.480954262791573,
-12.9275695055941));
#3788=CARTESIAN_POINT('Ctrl Pts',(-2.87136486998071,-0.104649430733657,
-13.0229966006386));
#3789=CARTESIAN_POINT('Ctrl Pts',(-4.46343795328299,1.41711237727865,-3.93097639499971));
#3790=CARTESIAN_POINT('Ctrl Pts',(-4.42899959514773,1.51988041531779,-3.94781959144699));
#3791=CARTESIAN_POINT('Ctrl Pts',(-4.39100618895726,1.62141684007094,-3.96466639799197));
#3792=CARTESIAN_POINT('Ctrl Pts',(-4.11491262044391,2.28694142795919,-4.07675846849046));
#3793=CARTESIAN_POINT('Ctrl Pts',(-3.76905748703335,2.80335012423399,-4.17193910415028));
#3794=CARTESIAN_POINT('Ctrl Pts',(-2.90842784124111,3.66325392582438,-4.36243154435472));
#3795=CARTESIAN_POINT('Ctrl Pts',(-2.39464634151674,4.00580682433126,-4.45760895152946));
#3796=CARTESIAN_POINT('Ctrl Pts',(-1.27777987687146,4.46801981812668,-4.64810155949228));
#3797=CARTESIAN_POINT('Ctrl Pts',(-0.675964277023453,4.58715752055853,-4.74327738392207));
#3798=CARTESIAN_POINT('Ctrl Pts',(0.524894480555908,4.58691175340251,-4.93376925944039));
#3799=CARTESIAN_POINT('Ctrl Pts',(1.12257057048639,4.46752124918332,-5.02894395952978));
#3800=CARTESIAN_POINT('Ctrl Pts',(2.22470195761121,4.01087933138813,-5.21943479582673));
#3801=CARTESIAN_POINT('Ctrl Pts',(2.72789576781871,3.67413970196214,-5.3146084908001));
#3802=CARTESIAN_POINT('Ctrl Pts',(3.5659097121518,2.83615063131455,-5.5050981570612));
#3803=CARTESIAN_POINT('Ctrl Pts',(3.89976316247073,2.33585265273205,-5.60027086285089));
#3804=CARTESIAN_POINT('Ctrl Pts',(4.35041352076708,1.24828257510687,-5.79075927932017));
#3805=CARTESIAN_POINT('Ctrl Pts',(4.46668284315512,0.662255109738279,-5.88593097962025));
#3806=CARTESIAN_POINT('Ctrl Pts',(4.46697031328245,-0.507111919300238,-6.07641807967267));
#3807=CARTESIAN_POINT('Ctrl Pts',(4.3509770527382,-1.08910408116469,-6.17158874736157));
#3808=CARTESIAN_POINT('Ctrl Pts',(3.90688558982345,-2.16234704916714,-6.36207446587546));
#3809=CARTESIAN_POINT('Ctrl Pts',(3.57929054594796,-2.65235256821191,-6.45724406942758));
#3810=CARTESIAN_POINT('Ctrl Pts',(2.76395759067469,-3.46848469367023,-6.6477283390855));
#3811=CARTESIAN_POINT('Ctrl Pts',(2.27715779058022,-3.79365623678844,-6.74289684444557));
#3812=CARTESIAN_POINT('Ctrl Pts',(1.21889694568267,-4.23276742141106,-6.93337959442501));
#3813=CARTESIAN_POINT('Ctrl Pts',(0.648663913077215,-4.34618510406255,-7.02854696548222));
#3814=CARTESIAN_POINT('Ctrl Pts',(-0.489207996436991,-4.34703597658032,
-7.21902812086213));
#3815=CARTESIAN_POINT('Ctrl Pts',(-1.05551702094153,-4.23445657464721,-7.31419431951926));
#3816=CARTESIAN_POINT('Ctrl Pts',(-2.09988000960693,-3.80294633611175,-7.50467380087012));
#3817=CARTESIAN_POINT('Ctrl Pts',(-2.57670453592775,-3.48451078714616,-7.59983878695988));
#3818=CARTESIAN_POINT('Ctrl Pts',(-3.370974801274,-2.69186005814811,-7.79031650999172));
#3819=CARTESIAN_POINT('Ctrl Pts',(-3.68747718644158,-2.21856955101441,-7.88548024114908));
#3820=CARTESIAN_POINT('Ctrl Pts',(-4.11507827611278,-1.1896349626469,-8.07595611634535));
#3821=CARTESIAN_POINT('Ctrl Pts',(-4.22566073825259,-0.635201866609461,
-8.17111854785815));
#3822=CARTESIAN_POINT('Ctrl Pts',(-4.22710919907591,0.471170117694326,-8.3615924800841));
#3823=CARTESIAN_POINT('Ctrl Pts',(-4.11796136138592,1.02179721409576,-8.45675356472954));
#3824=CARTESIAN_POINT('Ctrl Pts',(-3.69906661540084,2.03728900239033,-8.64722545280551));
#3825=CARTESIAN_POINT('Ctrl Pts',(-3.38980686847493,2.50094059841093,-8.74238514067464));
#3826=CARTESIAN_POINT('Ctrl Pts',(-2.61986742029016,3.27337069625191,-8.93285487692011));
#3827=CARTESIAN_POINT('Ctrl Pts',(-2.16009851608014,3.58121793413857,-9.02801311521827));
#3828=CARTESIAN_POINT('Ctrl Pts',(-1.16050926444907,3.99734083540956,-9.21848058495786));
#3829=CARTESIAN_POINT('Ctrl Pts',(-0.621882306205996,4.10510616873089,-9.31363731779012));
#3830=CARTESIAN_POINT('Ctrl Pts',(0.452984111980056,4.10718992550304,-9.5041023988167));
#3831=CARTESIAN_POINT('Ctrl Pts',(0.987930463921246,4.00149323284786,-9.59925756696243));
#3832=CARTESIAN_POINT('Ctrl Pts',(1.97456042075885,3.59525195330029,-9.78972012894786));
#3833=CARTESIAN_POINT('Ctrl Pts',(2.42504785695274,3.29518612300597,-9.88487366960673));
#3834=CARTESIAN_POINT('Ctrl Pts',(3.17566150325879,2.54799033280106,-10.0753335734674));
#3835=CARTESIAN_POINT('Ctrl Pts',(3.47486899279203,2.10175679677584,-10.1704854199936));
#3836=CARTESIAN_POINT('Ctrl Pts',(3.87954885850286,1.13153435492293,-10.3609425171921));
#3837=CARTESIAN_POINT('Ctrl Pts',(3.98451705899241,0.608720586842255,-10.4560925988021));
#3838=CARTESIAN_POINT('Ctrl Pts',(3.98727787258899,-0.434633603783569,-10.6465467305891));
#3839=CARTESIAN_POINT('Ctrl Pts',(3.88505407047609,-0.953900324474158,-10.7416949720487));
#3840=CARTESIAN_POINT('Ctrl Pts',(3.49150851765831,-1.91167843384069,-10.9321459686305));
#3841=CARTESIAN_POINT('Ctrl Pts',(3.20065683337718,-2.34901125747341,-11.0272922899333));
#3842=CARTESIAN_POINT('Ctrl Pts',(2.47624093606443,-3.07783445200882,-11.2177399695161));
#3843=CARTESIAN_POINT('Ctrl Pts',(2.0435582893161,-3.36841914873062,-11.312884285616));
#3844=CARTESIAN_POINT('Ctrl Pts',(1.10272688513898,-3.76169487391104,-11.5033284532477));
#3845=CARTESIAN_POINT('Ctrl Pts',(0.595734535126589,-3.86388805613105,-11.5984706739889));
#3846=CARTESIAN_POINT('Ctrl Pts',(-0.416099765244839,-3.8673724782814,-11.7889111198889));
#3847=CARTESIAN_POINT('Ctrl Pts',(-0.919687338114614,-3.76864559117121,
-11.8840511507004));
#3848=CARTESIAN_POINT('Ctrl Pts',(-1.84862508417247,-3.38784340184873,-12.0744876470678));
#3849=CARTESIAN_POINT('Ctrl Pts',(-2.27281203382522,-3.10622780836121,-12.1696253926943));
#3850=CARTESIAN_POINT('Ctrl Pts',(-2.97987624962849,-2.40463389103806,-12.3600576831973));
#3851=CARTESIAN_POINT('Ctrl Pts',(-3.26185140004339,-1.98551703080678,-12.455193095076));
#3852=CARTESIAN_POINT('Ctrl Pts',(-3.64405398426716,-1.07344556906595,-12.6457594444572));
#3853=CARTESIAN_POINT('Ctrl Pts',(-3.74348949944458,-0.581555078556166,
-12.7410226791359));
#3854=CARTESIAN_POINT('Ctrl Pts',(-3.74535537443771,-0.0906725796805517,
-12.8363775093562));
#3855=CARTESIAN_POINT('Ctrl Pts',(-5.28936822298928,1.70507405755375,-3.74739821542371));
#3856=CARTESIAN_POINT('Ctrl Pts',(-5.24826918872849,1.82697546863933,-3.76424348163839));
#3857=CARTESIAN_POINT('Ctrl Pts',(-5.20295006523847,1.94741279137622,-3.78109189693982));
#3858=CARTESIAN_POINT('Ctrl Pts',(-4.87374503123466,2.73684472415424,-3.893194254368));
#3859=CARTESIAN_POINT('Ctrl Pts',(-4.46184762953543,3.34951043200323,-3.98839192027468));
#3860=CARTESIAN_POINT('Ctrl Pts',(-3.43722538880342,4.36939124159854,-4.17890236907151));
#3861=CARTESIAN_POINT('Ctrl Pts',(-2.82558001011486,4.77558717440419,-4.27409734240623));
#3862=CARTESIAN_POINT('Ctrl Pts',(-1.49596704780487,5.32281107901665,-4.46460867497117));
#3863=CARTESIAN_POINT('Ctrl Pts',(-0.779376074042687,5.46327897629589,-4.55980254095798));
#3864=CARTESIAN_POINT('Ctrl Pts',(0.650571014731302,5.46012228744326,-4.75031393573329));
#3865=CARTESIAN_POINT('Ctrl Pts',(1.36244683535163,5.31649709264538,-4.84550714884229));
#3866=CARTESIAN_POINT('Ctrl Pts',(2.67510404340656,4.76946176198315,-5.03601835232258));
#3867=CARTESIAN_POINT('Ctrl Pts',(3.2745215911978,4.36661296457934,-5.13121104461956));
#3868=CARTESIAN_POINT('Ctrl Pts',(4.27242041938324,3.36451673092677,-5.32172197349425));
#3869=CARTESIAN_POINT('Ctrl Pts',(4.66985917148246,2.766306124817,-5.41691417962473));
#3870=CARTESIAN_POINT('Ctrl Pts',(5.20538897303385,1.46591653540682,-5.60742480185573));
#3871=CARTESIAN_POINT('Ctrl Pts',(5.34291491251594,0.765090592693148,-5.70261652686776));
#3872=CARTESIAN_POINT('Ctrl Pts',(5.34013891448991,-0.633382716143512,-5.89312682571348));
#3873=CARTESIAN_POINT('Ctrl Pts',(5.19983245584256,-1.32956762197891,-5.98831806556618));
#3874=CARTESIAN_POINT('Ctrl Pts',(4.66519652185578,-2.61329399099217,-6.17882802869596));
#3875=CARTESIAN_POINT('Ctrl Pts',(4.27142087393296,-3.19948600876581,-6.27401877645993));
#3876=CARTESIAN_POINT('Ctrl Pts',(3.29185458646217,-4.17540409756565,-6.46452839264776));
#3877=CARTESIAN_POINT('Ctrl Pts',(2.70708918493681,-4.56409790122701,-6.55971864038464));
#3878=CARTESIAN_POINT('Ctrl Pts',(1.43592816410544,-5.08794588967557,-6.75022789849777));
#3879=CARTESIAN_POINT('Ctrl Pts',(0.750871173899703,-5.22253996018075,-6.8454176378158));
#3880=CARTESIAN_POINT('Ctrl Pts',(-0.616127653783772,-5.22016110943973,
-7.03592652650661));
#3881=CARTESIAN_POINT('Ctrl Pts',(-1.2966222217296,-5.08318274048434,-7.1311157487336));
#3882=CARTESIAN_POINT('Ctrl Pts',(-2.55142330843609,-4.56096281291079,-7.3216242563284));
#3883=CARTESIAN_POINT('Ctrl Pts',(-3.12439407691499,-4.17626837975941,-7.41681295255327));
#3884=CARTESIAN_POINT('Ctrl Pts',(-4.07834304921951,-3.21924575117639,-7.60732106701695));
#3885=CARTESIAN_POINT('Ctrl Pts',(-4.45829909336658,-2.64793131803292,-7.70250922809691));
#3886=CARTESIAN_POINT('Ctrl Pts',(-4.9704815055101,-1.40600731475311,-7.89301693701253));
#3887=CARTESIAN_POINT('Ctrl Pts',(-5.10215271329852,-0.736721853163586,
-7.98820455357014));
#3888=CARTESIAN_POINT('Ctrl Pts',(-5.10018954939867,0.598800840223824,-8.17871184412137));
#3889=CARTESIAN_POINT('Ctrl Pts',(-4.96654873948014,1.26360616457088,-8.27389890654019));
#3890=CARTESIAN_POINT('Ctrl Pts',(-4.45676288553697,2.48948761542977,-8.46440576549169));
#3891=CARTESIAN_POINT('Ctrl Pts',(-4.08115814344354,3.04924184939432,-8.55959226391197));
#3892=CARTESIAN_POINT('Ctrl Pts',(-3.14669396170058,3.98123403547196,-8.75009867759538));
#3893=CARTESIAN_POINT('Ctrl Pts',(-2.5888366319872,4.35246004966935,-8.845284601904));
#3894=CARTESIAN_POINT('Ctrl Pts',(-1.37615875416557,4.85299422687019,-9.03579055620113));
#3895=CARTESIAN_POINT('Ctrl Pts',(-0.722647583148636,4.9817522250613,-9.1309758960205));
#3896=CARTESIAN_POINT('Ctrl Pts',(0.581397156064165,4.98022459440778,-9.32148137635163));
#3897=CARTESIAN_POINT('Ctrl Pts',(1.2305143942974,4.84993149399214,-9.41666612103413));
#3898=CARTESIAN_POINT('Ctrl Pts',(2.42748221625416,4.35259908310449,-9.60717111233438));
#3899=CARTESIAN_POINT('Ctrl Pts',(2.97402495232692,3.98609312675183,-9.70235525095143));
#3900=CARTESIAN_POINT('Ctrl Pts',(3.8840735343728,3.07420327052681,-9.8928597376554));
#3901=CARTESIAN_POINT('Ctrl Pts',(4.24657779321379,2.52980963811954,-9.98804325899085));
#3902=CARTESIAN_POINT('Ctrl Pts',(4.73548230906737,1.34638769188227,-10.1785472250103));
#3903=CARTESIAN_POINT('Ctrl Pts',(4.86133744625646,0.708653794789385,-10.2737301175521));
#3904=CARTESIAN_POINT('Ctrl Pts',(4.86026663187343,-0.563910992973074,-10.4642335462533));
#3905=CARTESIAN_POINT('Ctrl Pts',(4.73333213889764,-1.19734136271136,-10.5594157981891));
#3906=CARTESIAN_POINT('Ctrl Pts',(4.24847396337168,-2.36540196087354,-10.7499186723637));
#3907=CARTESIAN_POINT('Ctrl Pts',(3.89107658110448,-2.89873857683983,-10.8451002715876));
#3908=CARTESIAN_POINT('Ctrl Pts',(3.00177810165668,-3.78685768416545,-11.0356025733928));
#3909=CARTESIAN_POINT('Ctrl Pts',(2.47085531674814,-4.14064902970839,-11.1307835075639));
#3910=CARTESIAN_POINT('Ctrl Pts',(1.31669978852498,-4.61794385909467,-11.3212852183872));
#3911=CARTESIAN_POINT('Ctrl Pts',(0.694746563812165,-4.74090715032582,-11.4164654751367));
#3912=CARTESIAN_POINT('Ctrl Pts',(-0.546336373492251,-4.74031618168878,
-11.6069665751828));
#3913=CARTESIAN_POINT('Ctrl Pts',(-1.16408059455648,-4.61675169605487,-11.7021461428367));
#3914=CARTESIAN_POINT('Ctrl Pts',(-2.30324179103616,-4.14439067275283,-11.8926466097966));
#3915=CARTESIAN_POINT('Ctrl Pts',(-2.82337618176106,-3.79611135841983,-11.9878254801633));
#3916=CARTESIAN_POINT('Ctrl Pts',(-3.68958423240517,-2.92942446473506,-12.1783252826719));
#3917=CARTESIAN_POINT('Ctrl Pts',(-4.03466601386814,-2.41197658540537,-12.2735034900007));
#3918=CARTESIAN_POINT('Ctrl Pts',(-4.50072271146583,-1.28628631973191,-12.4641412239116));
#3919=CARTESIAN_POINT('Ctrl Pts',(-4.62079637916775,-0.679224213010263,
-12.5594458104237));
#3920=CARTESIAN_POINT('Ctrl Pts',(-4.62042059612771,-0.073515125243607,
-12.6548420682639));
#3921=CARTESIAN_POINT('Ctrl Pts',(-1.61395742949027,2.38678587351086,-4.79795079917496));
#3922=CARTESIAN_POINT('Ctrl Pts',(-2.10045826433658,2.25830345179871,-4.64365519151955));
#3923=CARTESIAN_POINT('Ctrl Pts',(-2.57953289029514,2.12014269648114,-4.4870699791246));
#3924=CARTESIAN_POINT('Ctrl Pts',(-3.81188553853392,1.86889603017567,-4.12583926280894));
#3925=CARTESIAN_POINT('Ctrl Pts',(-4.48956104527249,1.77517410174347,-3.94493104996171));
#3926=CARTESIAN_POINT('Ctrl Pts',(-5.28811224936903,1.70463615982559,-3.74767737926689));
#3927=CARTESIAN_POINT('Origin',(-2.83633957351497,-1.190625,-2.9845));
#3928=CARTESIAN_POINT('',(-2.83633957351497,-1.190625,-3.1115));
#3929=CARTESIAN_POINT('',(-2.83633957351497,-1.190625,-2.9845));
#3930=CARTESIAN_POINT('',(-2.83633957351497,-1.190625,-3.1115));
#3931=CARTESIAN_POINT('Origin',(-2.83633957351497,-1.190625,-3.1115));
#3932=CARTESIAN_POINT('',(-2.83633957351497,-1.190625,-3.1115));
#3933=CARTESIAN_POINT('Origin',(-2.67758957351497,-1.190625,-3.048));
#3934=CARTESIAN_POINT('Origin',(-15.,-8.,0.));
#3935=CARTESIAN_POINT('',(-15.,-8.,-20.));
#3936=CARTESIAN_POINT('',(-15.,8.,-20.));
#3937=CARTESIAN_POINT('',(-15.,-8.,0.));
#3938=CARTESIAN_POINT('Origin',(15.,-8.,0.));
#3939=CARTESIAN_POINT('',(-15.,-8.,-20.));
#3940=CARTESIAN_POINT('Origin',(-2.22044604925031E-15,-1.11022302462516E-15,
-20.));
#3941=CARTESIAN_POINT('polyline point',(-15.,8.,0.));
#3942=CARTESIAN_POINT('polyline point',(15.,8.,0.));
#3943=CARTESIAN_POINT('polyline point',(15.,8.,0.));
#3944=CARTESIAN_POINT('polyline point',(15.,-8.,0.));
#3945=CARTESIAN_POINT('polyline point',(15.,-8.,0.));
#3946=CARTESIAN_POINT('polyline point',(-15.,-8.,0.));
#3947=CARTESIAN_POINT('polyline point',(-15.,-8.,0.));
#3948=CARTESIAN_POINT('polyline point',(-15.,8.,0.));
#3949=CARTESIAN_POINT('',(0.,0.,0.));
#3950=CARTESIAN_POINT('Origin',(0.,0.,-20.));
#3951=CARTESIAN_POINT('',(0.,0.,-20.));
#3952=CARTESIAN_POINT('polyline point',(-15.,8.,0.));
#3953=CARTESIAN_POINT('polyline point',(15.,8.,0.));
#3954=CARTESIAN_POINT('polyline point',(15.,-8.,0.));
#3955=CARTESIAN_POINT('polyline point',(15.,8.,0.));
#3956=CARTESIAN_POINT('polyline point',(-15.,8.,0.));
#3957=CARTESIAN_POINT('polyline point',(15.,8.,0.));
#3958=CARTESIAN_POINT('polyline point',(15.,8.,0.));
#3959=CARTESIAN_POINT('polyline point',(15.,-8.,0.));
#3960=CARTESIAN_POINT('polyline point',(15.,-8.,0.));
#3961=CARTESIAN_POINT('polyline point',(-15.,-8.,0.));
#3962=CARTESIAN_POINT('polyline point',(-15.,-8.,0.));
#3963=CARTESIAN_POINT('polyline point',(-15.,8.,0.));
#3964=CARTESIAN_POINT('',(0.,0.,0.));
#3965=CARTESIAN_POINT('Origin',(0.,0.,-3.));
#3966=CARTESIAN_POINT('',(0.,0.,-3.));
#3967=CARTESIAN_POINT('Origin',(9.80776221726431,-9.80776221726431,9.80776221726431));
#3968=CARTESIAN_POINT('Origin',(-13.9055118110236,-10.,16.9875424688562));
#3969=CARTESIAN_POINT('',(0.,0.,0.));
#3970=CARTESIAN_POINT('Origin',(2.61331282407732E-14,0.,117.693146607172));
#3971=CARTESIAN_POINT('Origin',(-13.9055118110236,-10.,117.693146607172));
#3972=CARTESIAN_POINT('',(0.,0.,0.));
#3973=CARTESIAN_POINT('Origin',(0.,117.693146607172,0.));
#3974=CARTESIAN_POINT('Origin',(-13.9055118110236,-10.,117.693146607172));
#3975=CARTESIAN_POINT('',(0.,0.,0.));
#3976=CARTESIAN_POINT('Origin',(117.693146607172,0.,0.));
#3977=CARTESIAN_POINT('Origin',(-13.9055118110236,-10.,117.693146607172));
#3978=CARTESIAN_POINT('',(0.,0.,0.));
#3979=CARTESIAN_POINT('Origin',(0.,0.,0.));
#3980=CARTESIAN_POINT('Origin',(0.,0.,0.));
#3981=CARTESIAN_POINT('Origin',(0.,0.,0.));
#3982=CARTESIAN_POINT('Origin',(0.,0.,0.));
#3983=CARTESIAN_POINT('Origin',(0.,0.,0.));
#3984=UNCERTAINTY_MEASURE_WITH_UNIT(LENGTH_MEASURE(0.01),#3988,
'DISTANCE_ACCURACY_VALUE',
'Maximum model space distance between geometric entities at asserted c
onnectivities');
#3985=UNCERTAINTY_MEASURE_WITH_UNIT(LENGTH_MEASURE(0.01),#3988,
'DISTANCE_ACCURACY_VALUE',
'Maximum model space distance between geometric entities at asserted c
onnectivities');
#3986=(
GEOMETRIC_REPRESENTATION_CONTEXT(3)
GLOBAL_UNCERTAINTY_ASSIGNED_CONTEXT((#3984))
GLOBAL_UNIT_ASSIGNED_CONTEXT((#3988,#3990,#3991))
REPRESENTATION_CONTEXT('','3D')
);
#3987=(
GEOMETRIC_REPRESENTATION_CONTEXT(3)
GLOBAL_UNCERTAINTY_ASSIGNED_CONTEXT((#3985))
GLOBAL_UNIT_ASSIGNED_CONTEXT((#3988,#3990,#3991))
REPRESENTATION_CONTEXT('','3D')
);
#3988=(
LENGTH_UNIT()
NAMED_UNIT(*)
SI_UNIT(.MILLI.,.METRE.)
);
#3989=(
LENGTH_UNIT()
NAMED_UNIT(*)
SI_UNIT(.CENTI.,.METRE.)
);
#3990=(
NAMED_UNIT(*)
PLANE_ANGLE_UNIT()
SI_UNIT($,.RADIAN.)
);
#3991=(
NAMED_UNIT(*)
SI_UNIT($,.STERADIAN.)
SOLID_ANGLE_UNIT()
);
#3992=SHAPE_DEFINITION_REPRESENTATION(#3993,#3994);
#3993=PRODUCT_DEFINITION_SHAPE('',$,#3996);
#3994=SHAPE_REPRESENTATION('',(#537,#82),#3986);
#3995=PRODUCT_DEFINITION_CONTEXT('part definition',#4000,'design');
#3996=PRODUCT_DEFINITION('block','block',#3997,#3995);
#3997=PRODUCT_DEFINITION_FORMATION('',$,#4002);
#3998=PRODUCT_RELATED_PRODUCT_CATEGORY('block','block',(#4002));
#3999=APPLICATION_PROTOCOL_DEFINITION('international standard',
'ap242_managed_model_based_3d_engineering',2011,#4000);
#4000=APPLICATION_CONTEXT('Managed model based 3d engineering');
#4001=PRODUCT_CONTEXT('part definition',#4000,'mechanical');
#4002=PRODUCT('block','block',$,(#4001));
#4003=PRESENTATION_STYLE_ASSIGNMENT((#4016));
#4004=PRESENTATION_STYLE_ASSIGNMENT((#4017));
#4005=PRESENTATION_STYLE_ASSIGNMENT((#4018));
#4006=PRESENTATION_STYLE_ASSIGNMENT((NULL_STYLE(.NULL.)));
#4007=PRESENTATION_STYLE_ASSIGNMENT((NULL_STYLE(.NULL.)));
#4008=PRESENTATION_STYLE_ASSIGNMENT((NULL_STYLE(.NULL.)));
#4009=PRESENTATION_STYLE_ASSIGNMENT((NULL_STYLE(.NULL.)));
#4010=PRESENTATION_STYLE_ASSIGNMENT((NULL_STYLE(.NULL.)));
#4011=PRESENTATION_STYLE_ASSIGNMENT((NULL_STYLE(.NULL.)));
#4012=PRESENTATION_STYLE_ASSIGNMENT((NULL_STYLE(.NULL.)));
#4013=PRESENTATION_STYLE_ASSIGNMENT((NULL_STYLE(.NULL.)));
#4014=PRESENTATION_STYLE_ASSIGNMENT((NULL_STYLE(.NULL.)));
#4015=PRESENTATION_STYLE_ASSIGNMENT((NULL_STYLE(.NULL.)));
#4016=SURFACE_STYLE_USAGE(.BOTH.,#4021);
#4017=SURFACE_STYLE_USAGE(.BOTH.,#4022);
#4018=SURFACE_STYLE_USAGE(.BOTH.,#4023);
#4019=SURFACE_STYLE_RENDERING_WITH_PROPERTIES($,#4033,(#4020));
#4020=SURFACE_STYLE_TRANSPARENT(0.);
#4021=SURFACE_SIDE_STYLE('',(#4024,#4019));
#4022=SURFACE_SIDE_STYLE('',(#4025));
#4023=SURFACE_SIDE_STYLE('',(#4026));
#4024=SURFACE_STYLE_FILL_AREA(#4027);
#4025=SURFACE_STYLE_FILL_AREA(#4028);
#4026=SURFACE_STYLE_FILL_AREA(#4029);
#4027=FILL_AREA_STYLE('',(#4030));
#4028=FILL_AREA_STYLE('',(#4031));
#4029=FILL_AREA_STYLE('',(#4032));
#4030=FILL_AREA_STYLE_COLOUR('',#4033);
#4031=FILL_AREA_STYLE_COLOUR('',#4034);
#4032=FILL_AREA_STYLE_COLOUR('',#4035);
#4033=COLOUR_RGB('',0.749019607843137,0.749019607843137,0.749019607843137);
#4034=COLOUR_RGB('',1.,1.,0.);
#4035=COLOUR_RGB('',0.,0.,0.);
ENDSEC;
END-ISO-10303-21;
