  0
SECTION
  2
HEADER
  9
$ACADVER
  1
AC1032
  9
$ACADMAINTVER
 90
      226
  9
$DWGCODEPAGE
  3
ANSI_1252
  9
$REQUIREDVERSIONS
160
                 0
  9
$INSBASE
 10
0.0
 20
0.0
 30
0.0
  9
$EXTMIN
 10
0.0
 20
0.0
 30
0.0
  9
$EXTMAX
 10
491.778174904179
 20
282.9303402363293
 30
0.0
  9
$LIMMIN
 10
0.0
 20
0.0
  9
$LIMMAX
 10
491.778174904179
 20
282.9303402363293
  9
$ORTHOMODE
 70
     0
  9
$REGENMODE
 70
     1
  9
$FILLMODE
 70
     1
  9
$QTEXTMODE
 70
     0
  9
$MIRRTEXT
 70
     0
  9
$LTSCALE
 40
1.0
  9
$ATTMODE
 70
     1
  9
$TEXTSIZE
 40
0.2
  9
$TRACEWID
 40
0.05
  9
$TEXTSTYLE
  7
Standard
  9
$CLAYER
  8
0
  9
$CELTYPE
  6
ByLayer
  9
$CECOLOR
 62
   256
  9
$CELTSCALE
 40
1.0
  9
$DISPSILH
 70
     0
  9
$DIMSCALE
 40
1.0
  9
$DIMASZ
 40
0.18
  9
$DIMEXO
 40
0.0625
  9
$DIMDLI
 40
0.38
  9
$DIMRND
 40
0.0
  9
$DIMDLE
 40
0.0
  9
$DIMEXE
 40
0.18
  9
$DIMTP
 40
0.0
  9
$DIMTM
 40
0.0
  9
$DIMTXT
 40
0.18
  9
$DIMCEN
 40
0.09
  9
$DIMTSZ
 40
0.0
  9
$DIMTOL
 70
     0
  9
$DIMLIM
 70
     0
  9
$DIMTIH
 70
     1
  9
$DIMTOH
 70
     1
  9
$DIMSE1
 70
     0
  9
$DIMSE2
 70
     0
  9
$DIMTAD
 70
     0
  9
$DIMZIN
 70
     0
  9
$DIMBLK
  1

  9
$DIMASO
 70
     1
  9
$DIMSHO
 70
     1
  9
$DIMPOST
  1

  9
$DIMAPOST
  1

  9
$DIMALT
 70
     0
  9
$DIMALTD
 70
     2
  9
$DIMALTF
 40
25.4
  9
$DIMLFAC
 40
1.0
  9
$DIMTOFL
 70
     0
  9
$DIMTVP
 40
0.0
  9
$DIMTIX
 70
     0
  9
$DIMSOXD
 70
     0
  9
$DIMSAH
 70
     0
  9
$DIMBLK1
  1

  9
$DIMBLK2
  1

  9
$DIMSTYLE
  2
Standard
  9
$DIMCLRD
 70
     0
  9
$DIMCLRE
 70
     0
  9
$DIMCLRT
 70
     0
  9
$DIMTFAC
 40
1.0
  9
$DIMGAP
 40
0.09
  9
$DIMJUST
 70
     0
  9
$DIMSD1
 70
     0
  9
$DIMSD2
 70
     0
  9
$DIMTOLJ
 70
     1
  9
$DIMTZIN
 70
     0
  9
$DIMALTZ
 70
     0
  9
$DIMALTTZ
 70
     0
  9
$DIMUPT
 70
     0
  9
$DIMDEC
 70
     4
  9
$DIMTDEC
 70
     4
  9
$DIMALTU
 70
     2
  9
$DIMALTTD
 70
     2
  9
$DIMTXSTY
  7
Standard
  9
$DIMAUNIT
 70
     0
  9
$DIMADEC
 70
     0
  9
$DIMALTRND
 40
0.0
  9
$DIMAZIN
 70
     0
  9
$DIMDSEP
 70
    46
  9
$DIMATFIT
 70
     3
  9
$DIMFRAC
 70
     0
  9
$DIMLDRBLK
  1

  9
$DIMLUNIT
 70
     2
  9
$DIMLWD
 70
    -2
  9
$DIMLWE
 70
    -2
  9
$DIMTMOVE
 70
     0
  9
$DIMFXL
 40
1.0
  9
$DIMFXLON
 70
     0
  9
$DIMJOGANG
 40
0.7853981633974483
  9
$DIMTFILL
 70
     0
  9
$DIMTFILLCLR
 70
     0
  9
$DIMARCSYM
 70
     0
  9
$DIMLTYPE
  6

  9
$DIMLTEX1
  6

  9
$DIMLTEX2
  6

  9
$DIMTXTDIRECTION
 70
     0
  9
$LUNITS
 70
     2
  9
$LUPREC
 70
     4
  9
$SKETCHINC
 40
0.1
  9
$FILLETRAD
 40
0.0
  9
$AUNITS
 70
     0
  9
$AUPREC
 70
     0
  9
$MENU
  1
.
  9
$ELEVATION
 40
0.0
  9
$PELEVATION
 40
0.0
  9
$THICKNESS
 40
0.0
  9
$LIMCHECK
 70
     0
  9
$CHAMFERA
 40
0.0
  9
$CHAMFERB
 40
0.0
  9
$CHAMFERC
 40
0.0
  9
$CHAMFERD
 40
0.0
  9
$SKPOLY
 70
     0
  9
$TDCREATE
 40
2460437.459143518
  9
$TDUCREATE
 40
2460437.750810185
  9
$TDUPDATE
 40
2460437.459143518
  9
$TDUUPDATE
 40
2460437.750810185
  9
$TDINDWG
 40
0.0000578704
  9
$TDUSRTIMER
 40
0.0000578704
  9
$USRTIMER
 70
     1
  9
$ANGBASE
 50
0.0
  9
$ANGDIR
 70
     0
  9
$PDMODE
 70
     0
  9
$PDSIZE
 40
0.0
  9
$PLINEWID
 40
0.0
  9
$SPLFRAME
 70
     0
  9
$SPLINETYPE
 70
     6
  9
$SPLINESEGS
 70
     8
  9
$HANDSEED
  5
4ED
  9
$SURFTAB1
 70
     6
  9
$SURFTAB2
 70
     6
  9
$SURFTYPE
 70
     6
  9
$SURFU
 70
     6
  9
$SURFV
 70
     6
  9
$UCSBASE
  2

  9
$UCSNAME
  2

  9
$UCSORG
 10
0.0
 20
0.0
 30
0.0
  9
$UCSXDIR
 10
1.0
 20
0.0
 30
0.0
  9
$UCSYDIR
 10
0.0
 20
1.0
 30
0.0
  9
$UCSORTHOREF
  2

  9
$UCSORTHOVIEW
 70
     0
  9
$UCSORGTOP
 10
0.0
 20
0.0
 30
0.0
  9
$UCSORGBOTTOM
 10
0.0
 20
0.0
 30
0.0
  9
$UCSORGLEFT
 10
0.0
 20
0.0
 30
0.0
  9
$UCSORGRIGHT
 10
0.0
 20
0.0
 30
0.0
  9
$UCSORGFRONT
 10
0.0
 20
0.0
 30
0.0
  9
$UCSORGBACK
 10
0.0
 20
0.0
 30
0.0
  9
$PUCSBASE
  2

  9
$PUCSNAME
  2

  9
$PUCSORG
 10
0.0
 20
0.0
 30
0.0
  9
$PUCSXDIR
 10
1.0
 20
0.0
 30
0.0
  9
$PUCSYDIR
 10
0.0
 20
1.0
 30
0.0
  9
$PUCSORTHOREF
  2

  9
$PUCSORTHOVIEW
 70
     0
  9
$PUCSORGTOP
 10
0.0
 20
0.0
 30
0.0
  9
$PUCSORGBOTTOM
 10
0.0
 20
0.0
 30
0.0
  9
$PUCSORGLEFT
 10
0.0
 20
0.0
 30
0.0
  9
$PUCSORGRIGHT
 10
0.0
 20
0.0
 30
0.0
  9
$PUCSORGFRONT
 10
0.0
 20
0.0
 30
0.0
  9
$PUCSORGBACK
 10
0.0
 20
0.0
 30
0.0
  9
$USERI1
 70
     0
  9
$USERI2
 70
     0
  9
$USERI3
 70
     0
  9
$USERI4
 70
     0
  9
$USERI5
 70
     0
  9
$USERR1
 40
0.0
  9
$USERR2
 40
0.0
  9
$USERR3
 40
0.0
  9
$USERR4
 40
0.0
  9
$USERR5
 40
0.0
  9
$WORLDVIEW
 70
     1
  9
$SHADEDGE
 70
     3
  9
$SHADEDIF
 70
    70
  9
$TILEMODE
 70
     1
  9
$MAXACTVP
 70
    64
  9
$PINSBASE
 10
0.0
 20
0.0
 30
0.0
  9
$PLIMCHECK
 70
     0
  9
$PEXTMIN
 10
0.0
 20
0.0
 30
0.0
  9
$PEXTMAX
 10
491.778174904179
 20
282.9303402363293
 30
0.0
  9
$PLIMMIN
 10
0.0
 20
0.0
  9
$PLIMMAX
 10
491.778174904179
 20
282.9303402363293
  9
$UNITMODE
 70
     0
  9
$VISRETAIN
 70
     1
  9
$PLINEGEN
 70
     0
  9
$PSLTSCALE
 70
     1
  9
$TREEDEPTH
 70
  3020
  9
$CMLSTYLE
  2
Standard
  9
$CMLJUST
 70
     0
  9
$CMLSCALE
 40
1.0
  9
$PROXYGRAPHICS
 70
     1
  9
$MEASUREMENT
 70
     1
  9
$CELWEIGHT
370
    -1
  9
$ENDCAPS
280
     0
  9
$JOINSTYLE
280
     0
  9
$LWDISPLAY
290
     0
  9
$INSUNITS
 70
     4
  9
$HYPERLINKBASE
  1

  9
$STYLESHEET
  1

  9
$XEDIT
290
     1
  9
$CEPSNTYPE
380
     0
  9
$PSTYLEMODE
290
     1
  9
$FINGERPRINTGUID
  2
{4E67F641-23B6-954E-8DB6-57B163C7F312}
  9
$VERSIONGUID
  2
{5CAF684A-191A-8540-8C45-72EA1E97C41E}
  9
$EXTNAMES
290
     1
  9
$PSVPSCALE
 40
0.0
  9
$OLESTARTUP
290
     0
  9
$SORTENTS
280
   127
  9
$INDEXCTL
280
     0
  9
$HIDETEXT
280
     1
  9
$XCLIPFRAME
280
     2
  9
$HALOGAP
280
     0
  9
$OBSCOLOR
 70
   257
  9
$OBSLTYPE
280
     0
  9
$INTERSECTIONDISPLAY
280
     0
  9
$INTERSECTIONCOLOR
 70
   257
  9
$DIMASSOC
280
     1
  9
$PROJECTNAME
  1

  9
$CAMERADISPLAY
290
     0
  9
$LENSLENGTH
 40
50.0
  9
$CAMERAHEIGHT
 40
0.0
  9
$STEPSPERSEC
 40
2.0
  9
$STEPSIZE
 40
6.0
  9
$3DDWFPREC
 40
2.0
  9
$PSOLWIDTH
 40
0.25
  9
$PSOLHEIGHT
 40
4.0
  9
$LOFTANG1
 40
1.570796326794896
  9
$LOFTANG2
 40
1.570796326794896
  9
$LOFTMAG1
 40
0.0
  9
$LOFTMAG2
 40
0.0
  9
$LOFTPARAM
 70
     7
  9
$LOFTNORMALS
280
     1
  9
$LATITUDE
 40
37.795
  9
$LONGITUDE
 40
-122.394
  9
$NORTHDIRECTION
 40
0.0
  9
$TIMEZONE
 70
 -8000
  9
$LIGHTGLYPHDISPLAY
280
     1
  9
$TILEMODELIGHTSYNCH
280
     1
  9
$CMATERIAL
347
11
  9
$SOLIDHIST
280
     0
  9
$SHOWHIST
280
     1
  9
$DWFFRAME
280
     2
  9
$DGNFRAME
280
     0
  9
$REALWORLDSCALE
290
     1
  9
$INTERFERECOLOR
 62
     1
  9
$INTERFEREOBJVS
345
33
  9
$INTERFEREVPVS
346
30
  9
$CSHADOW
280
     0
  9
$SHADOWPLANELOCATION
 40
0.0
  0
ENDSEC
  0
SECTION
  2
CLASSES
  0
CLASS
  1
ACDBDICTIONARYWDFLT
  2
AcDbDictionaryWithDefault
  3
ObjectDBX Classes
 90
        0
 91
        1
280
     0
281
     0
  0
CLASS
  1
MATERIAL
  2
AcDbMaterial
  3
ObjectDBX Classes
 90
     1153
 91
        3
280
     0
281
     0
  0
CLASS
  1
VISUALSTYLE
  2
AcDbVisualStyle
  3
ObjectDBX Classes
 90
     4095
 91
       24
280
     0
281
     0
  0
CLASS
  1
SCALE
  2
AcDbScale
  3
ObjectDBX Classes
 90
     1153
 91
       17
280
     0
281
     0
  0
CLASS
  1
TABLESTYLE
  2
AcDbTableStyle
  3
ObjectDBX Classes
 90
     4095
 91
        1
280
     0
281
     0
  0
CLASS
  1
MLEADERSTYLE
  2
AcDbMLeaderStyle
  3
ACDB_MLEADERSTYLE_CLASS
 90
     4095
 91
        1
280
     0
281
     0
  0
CLASS
  1
ACDBSECTIONVIEWSTYLE
  2
AcDbSectionViewStyle
  3
ObjectDBX Classes
 90
     1025
 91
        1
280
     0
281
     0
  0
CLASS
  1
ACDBDETAILVIEWSTYLE
  2
AcDbDetailViewStyle
  3
ObjectDBX Classes
 90
     1025
 91
        1
280
     0
281
     0
  0
CLASS
  1
DICTIONARYVAR
  2
AcDbDictionaryVar
  3
ObjectDBX Classes
 90
        0
 91
        5
280
     0
281
     0
  0
CLASS
  1
CELLSTYLEMAP
  2
AcDbCellStyleMap
  3
ObjectDBX Classes
 90
     1152
 91
        1
280
     0
281
     0
  0
ENDSEC
  0
SECTION
  2
TABLES
  0
TABLE
  2
VPORT
  5
8
330
0
100
AcDbSymbolTable
 70
     1
  0
VPORT
  5
57
330
8
100
AcDbSymbolTableRecord
100
AcDbViewportTableRecord
  2
*Active
 70
     0
 10
0.0
 20
0.0
 11
1.0
 21
1.0
 12
-17.50000000000001
 22
7.569166060068234
 13
0.0
 23
0.0
 14
1.0
 24
1.0
 15
0.0
 25
0.0
 16
0.0
 26
0.0
 36
1.0
 17
0.0
 27
0.0
 37
0.0
 40
282.9303402363293
 41
1.738159910645853
 42
50.0
 43
0.0
 44
0.0
 50
0.0
 51
0.0
 71
     0
 72
   100
 73
     1
 74
     1
 75
     0
 76
     0
 77
     0
 78
     0
281
     0
 65
     1
110
0.0
120
0.0
130
0.0
111
1.0
121
0.0
131
0.0
112
0.0
122
1.0
132
0.0
 79
     0
146
0.0
 60
     3
 61
     5
292
     1
282
     1
141
0.0
142
0.0
 63
   250
421
  3355443
  0
ENDTAB
  0
TABLE
  2
LTYPE
  5
5
330
0
100
AcDbSymbolTable
 70
    59
  0
LTYPE
  5
5B
330
5
100
AcDbSymbolTableRecord
100
AcDbLinetypeTableRecord
  2
ByBlock
 70
     0
  3

 72
    65
 73
     0
 40
0.0
  0
LTYPE
  5
5C
330
5
100
AcDbSymbolTableRecord
100
AcDbLinetypeTableRecord
  2
ByLayer
 70
     0
  3

 72
    65
 73
     0
 40
0.0
  0
LTYPE
  5
5D
330
5
100
AcDbSymbolTableRecord
100
AcDbLinetypeTableRecord
  2
Continuous
 70
     0
  3
Solid line
 72
    65
 73
     0
 40
0.0
  0
LTYPE
  5
78
330
5
100
AcDbSymbolTableRecord
100
AcDbLinetypeTableRecord
  2
BY_STANDARD
 70
     0
  3
By Standard ____________    ____    ____   _
 72
    65
 73
     6
 40
1.240299999999999
 49
0.6614
 74
     0
 49
-0.0827
 74
     0
 49
0.1654
 74
     0
 49
-0.0827
 74
     0
 49
0.1654
 74
     0
 49
-0.0827
 74
     0
  0
LTYPE
  5
79
330
5
100
AcDbSymbolTableRecord
100
AcDbLinetypeTableRecord
  2
CHAIN
 70
     0
  3
Chain ____ _ ____ _ ____ _ ____ _ ____ _ ____
 72
    65
 73
     4
 40
0.7087
 49
0.4724000000000001
 74
     0
 49
-0.0591
 74
     0
 49
0.1181
 74
     0
 49
-0.0591
 74
     0
  0
LTYPE
  5
7A
330
5
100
AcDbSymbolTableRecord
100
AcDbLinetypeTableRecord
  2
DASH_DOT
 70
     0
  3
Dash dot __ . __ . __ . __ . __ . __ . __ . __
 72
    65
 73
     4
 40
0.37
 49
0.24
 74
     0
 49
-0.06
 74
     0
 49
0.01
 74
     0
 49
-0.06
 74
     0
  0
LTYPE
  5
7B
330
5
100
AcDbSymbolTableRecord
100
AcDbLinetypeTableRecord
  2
DOUBLE_DASH_DOT
 70
     0
  3
Double-Dash Dot __ __ . __ __ . __ __ . __ _
 72
    65
 73
     6
 40
0.4398
 49
0.24
 74
     0
 49
-0.06
 74
     0
 49
0.0098
 74
     0
 49
-0.06
 74
     0
 49
0.01
 74
     0
 49
-0.06
 74
     0
  0
LTYPE
  5
7C
330
5
100
AcDbSymbolTableRecord
100
AcDbLinetypeTableRecord
  2
DASH_TRIPLE_DOT
 70
     0
  3
Dash Triple-Dot _ . . . _ . . . _ . . . _
 72
    65
 73
     8
 40
0.51
 49
0.24
 74
     0
 49
-0.06
 74
     0
 49
0.01
 74
     0
 49
-0.06
 74
     0
 49
0.01
 74
     0
 49
-0.06
 74
     0
 49
0.01
 74
     0
 49
-0.06
 74
     0
  0
LTYPE
  5
7D
330
5
100
AcDbSymbolTableRecord
100
AcDbLinetypeTableRecord
  2
DASHED
 70
     0
  3
Dashed __ __ __ __ __ __ __ __ __ __ __ __ __ _
 72
    65
 73
     2
 40
0.2067
 49
0.1654
 74
     0
 49
-0.0413
 74
     0
  0
LTYPE
  5
7E
330
5
100
AcDbSymbolTableRecord
100
AcDbLinetypeTableRecord
  2
DASH_DOUBLE_DOT
 70
     0
  3
Dash Double-Dot __ . . __ . . __ . . __ . .
 72
    65
 73
     6
 40
0.4398
 49
0.24
 74
     0
 49
-0.06
 74
     0
 49
0.0098
 74
     0
 49
-0.06
 74
     0
 49
0.01
 74
     0
 49
-0.06
 74
     0
  0
LTYPE
  5
7F
330
5
100
AcDbSymbolTableRecord
100
AcDbLinetypeTableRecord
  2
DASHED_SPACE
 70
     0
  3
Dashed Space __ __ __ __ __ __ __ __ __ __ __ _
 72
    65
 73
     2
 40
0.2067
 49
0.1654
 74
     0
 49
-0.0413
 74
     0
  0
LTYPE
  5
80
330
5
100
AcDbSymbolTableRecord
100
AcDbLinetypeTableRecord
  2
DOTTED
 70
     0
  3
Dotted . . . . . . . . . . . . . . . . . . . . 
 72
    65
 73
     2
 40
0.0482
 49
0.0069
 74
     0
 49
-0.0413
 74
     0
  0
LTYPE
  5
81
330
5
100
AcDbSymbolTableRecord
100
AcDbLinetypeTableRecord
  2
DOUBLE_DASH_CHAIN
 70
     0
  3
Double-Dash Chain ______  __  __  ______  __  _
 72
    65
 73
     6
 40
1.240299999999999
 49
0.6614
 74
     0
 49
-0.0827
 74
     0
 49
0.1654
 74
     0
 49
-0.0827
 74
     0
 49
0.1654
 74
     0
 49
-0.0827
 74
     0
  0
LTYPE
  5
83
330
5
100
AcDbSymbolTableRecord
100
AcDbLinetypeTableRecord
  2
DOUBLE_DASH_DOUBLE_DOT
 70
     0
  3
Double-Dash Double-dot _ _ . . _ _ . . _
 72
    65
 73
     8
 40
0.7400000000000001
 49
0.24
 74
     0
 49
-0.06
 74
     0
 49
0.24
 74
     0
 49
-0.06
 74
     0
 49
0.01
 74
     0
 49
-0.06
 74
     0
 49
0.01
 74
     0
 49
-0.06
 74
     0
  0
LTYPE
  5
84
330
5
100
AcDbSymbolTableRecord
100
AcDbLinetypeTableRecord
  2
DOUBLE_DASH_TRIPLE_DOT
 70
     0
  3
Double Dash Triple Dot __ __ . . . __ __ . .
 72
    65
 73
    10
 40
0.8100000000000001
 49
0.24
 74
     0
 49
-0.06
 74
     0
 49
0.24
 74
     0
 49
-0.06
 74
     0
 49
0.01
 74
     0
 49
-0.06
 74
     0
 49
0.01
 74
     0
 49
-0.06
 74
     0
 49
0.01
 74
     0
 49
-0.06
 74
     0
  0
LTYPE
  5
85
330
5
100
AcDbSymbolTableRecord
100
AcDbLinetypeTableRecord
  2
LONG_DASH_DOTTED
 70
     0
  3
Long Dash Dotted ____ . ____ . ____ . ____ . _
 72
    65
 73
     4
 40
0.3543
 49
0.2362
 74
     0
 49
-0.0295
 74
     0
 49
0.0591
 74
     0
 49
-0.0295
 74
     0
  0
LTYPE
  5
86
330
5
100
AcDbSymbolTableRecord
100
AcDbLinetypeTableRecord
  2
LONG_DASH_DOUBLE_DOT
 70
     0
  3
Long Dash Double Dot ________  .  .  ________  
 72
    65
 73
     6
 40
0.6799999999999999
 49
0.48
 74
     0
 49
-0.06
 74
     0
 49
0.01
 74
     0
 49
-0.06
 74
     0
 49
0.01
 74
     0
 49
-0.06
 74
     0
  0
LTYPE
  5
87
330
5
100
AcDbSymbolTableRecord
100
AcDbLinetypeTableRecord
  2
LONG_DASH_TRIPLE_DOT
 70
     0
  3
Long Dash Triple Dot ____ ... ____ ... ____
 72
    65
 73
     8
 40
0.3689
 49
0.2362
 74
     0
 49
-0.0295
 74
     0
 49
0.0049
 74
     0
 49
-0.0295
 74
     0
 49
0.0049
 74
     0
 49
-0.0295
 74
     0
 49
0.0049
 74
     0
 49
-0.0295
 74
     0
  0
LTYPE
  5
88
330
5
100
AcDbSymbolTableRecord
100
AcDbLinetypeTableRecord
  2
BORDER
 70
     0
  3
Border __ __ . __ __ . __ __ . __ __ . __ __ .
 72
    65
 73
     6
 40
1.75
 49
0.5
 74
     0
 49
-0.25
 74
     0
 49
0.5
 74
     0
 49
-0.25
 74
     0
 49
0.0
 74
     0
 49
-0.25
 74
     0
  0
LTYPE
  5
89
330
5
100
AcDbSymbolTableRecord
100
AcDbLinetypeTableRecord
  2
BORDER2
 70
     0
  3
Border (.5x) __.__.__.__.__.__.__.__.__.__.__.
 72
    65
 73
     6
 40
0.875
 49
0.25
 74
     0
 49
-0.125
 74
     0
 49
0.25
 74
     0
 49
-0.125
 74
     0
 49
0.0
 74
     0
 49
-0.125
 74
     0
  0
LTYPE
  5
8A
330
5
100
AcDbSymbolTableRecord
100
AcDbLinetypeTableRecord
  2
BORDERX2
 70
     0
  3
Border (2x) ____  ____  .  ____  ____  .  ___
 72
    65
 73
     6
 40
3.5
 49
1.0
 74
     0
 49
-0.5
 74
     0
 49
1.0
 74
     0
 49
-0.5
 74
     0
 49
0.0
 74
     0
 49
-0.5
 74
     0
  0
LTYPE
  5
8B
330
5
100
AcDbSymbolTableRecord
100
AcDbLinetypeTableRecord
  2
CENTER
 70
     0
  3
Center ____ _ ____ _ ____ _ ____ _ ____ _ ____
 72
    65
 73
     4
 40
2.0
 49
1.25
 74
     0
 49
-0.25
 74
     0
 49
0.25
 74
     0
 49
-0.25
 74
     0
  0
LTYPE
  5
8C
330
5
100
AcDbSymbolTableRecord
100
AcDbLinetypeTableRecord
  2
CENTER2
 70
     0
  3
Center (.5x) ___ _ ___ _ ___ _ ___ _ ___ _ ___
 72
    65
 73
     4
 40
1.125
 49
0.75
 74
     0
 49
-0.125
 74
     0
 49
0.125
 74
     0
 49
-0.125
 74
     0
  0
LTYPE
  5
8D
330
5
100
AcDbSymbolTableRecord
100
AcDbLinetypeTableRecord
  2
CENTERX2
 70
     0
  3
Center (2x) ________  __  ________  __  _____
 72
    65
 73
     4
 40
4.0
 49
2.5
 74
     0
 49
-0.5
 74
     0
 49
0.5
 74
     0
 49
-0.5
 74
     0
  0
LTYPE
  5
8E
330
5
100
AcDbSymbolTableRecord
100
AcDbLinetypeTableRecord
  2
DASHDOT2
 70
     0
  3
Dash dot (.5x) _._._._._._._._._._._._._._._.
 72
    65
 73
     4
 40
0.5
 49
0.25
 74
     0
 49
-0.125
 74
     0
 49
0.0
 74
     0
 49
-0.125
 74
     0
  0
LTYPE
  5
8F
330
5
100
AcDbSymbolTableRecord
100
AcDbLinetypeTableRecord
  2
DASHDOTX2
 70
     0
  3
Dash dot (2x) ____  .  ____  .  ____  .  ___
 72
    65
 73
     4
 40
2.0
 49
1.0
 74
     0
 49
-0.5
 74
     0
 49
0.0
 74
     0
 49
-0.5
 74
     0
  0
LTYPE
  5
91
330
5
100
AcDbSymbolTableRecord
100
AcDbLinetypeTableRecord
  2
DASHED2
 70
     0
  3
Dashed (.5x) _ _ _ _ _ _ _ _ _ _ _ _ _ _ _ _ _
 72
    65
 73
     2
 40
0.375
 49
0.25
 74
     0
 49
-0.125
 74
     0
  0
LTYPE
  5
92
330
5
100
AcDbSymbolTableRecord
100
AcDbLinetypeTableRecord
  2
DASHEDX2
 70
     0
  3
Dashed (2x) ____  ____  ____  ____  ____  ___
 72
    65
 73
     2
 40
1.5
 49
1.0
 74
     0
 49
-0.5
 74
     0
  0
LTYPE
  5
93
330
5
100
AcDbSymbolTableRecord
100
AcDbLinetypeTableRecord
  2
DIVIDE
 70
     0
  3
Divide ____ . . ____ . . ____ . . ____ . . ____
 72
    65
 73
     6
 40
1.25
 49
0.5
 74
     0
 49
-0.25
 74
     0
 49
0.0
 74
     0
 49
-0.25
 74
     0
 49
0.0
 74
     0
 49
-0.25
 74
     0
  0
LTYPE
  5
94
330
5
100
AcDbSymbolTableRecord
100
AcDbLinetypeTableRecord
  2
DIVIDE2
 70
     0
  3
Divide (.5x) __..__..__..__..__..__..__..__.._
 72
    65
 73
     6
 40
0.625
 49
0.25
 74
     0
 49
-0.125
 74
     0
 49
0.0
 74
     0
 49
-0.125
 74
     0
 49
0.0
 74
     0
 49
-0.125
 74
     0
  0
LTYPE
  5
95
330
5
100
AcDbSymbolTableRecord
100
AcDbLinetypeTableRecord
  2
DIVIDEX2
 70
     0
  3
Divide (2x) ________  .  .  ________  .  .  _
 72
    65
 73
     6
 40
2.5
 49
1.0
 74
     0
 49
-0.5
 74
     0
 49
0.0
 74
     0
 49
-0.5
 74
     0
 49
0.0
 74
     0
 49
-0.5
 74
     0
  0
LTYPE
  5
96
330
5
100
AcDbSymbolTableRecord
100
AcDbLinetypeTableRecord
  2
DOT
 70
     0
  3
Dot . . . . . . . . . . . . . . . . . . . . . .
 72
    65
 73
     2
 40
0.25
 49
0.0
 74
     0
 49
-0.25
 74
     0
  0
LTYPE
  5
97
330
5
100
AcDbSymbolTableRecord
100
AcDbLinetypeTableRecord
  2
DOT2
 70
     0
  3
Dot (.5x) .....................................
 72
    65
 73
     2
 40
0.125
 49
0.0
 74
     0
 49
-0.125
 74
     0
  0
LTYPE
  5
98
330
5
100
AcDbSymbolTableRecord
100
AcDbLinetypeTableRecord
  2
DOTX2
 70
     0
  3
Dot (2x) .  .  .  .  .  .  .  .  .  .  .  .  . 
 72
    65
 73
     2
 40
0.5
 49
0.0
 74
     0
 49
-0.5
 74
     0
  0
LTYPE
  5
99
330
5
100
AcDbSymbolTableRecord
100
AcDbLinetypeTableRecord
  2
HIDDEN
 70
     0
  3
Hidden __ __ __ __ __ __ __ __ __ __ __ __ __ _
 72
    65
 73
     2
 40
0.375
 49
0.25
 74
     0
 49
-0.125
 74
     0
  0
LTYPE
  5
9A
330
5
100
AcDbSymbolTableRecord
100
AcDbLinetypeTableRecord
  2
HIDDEN2
 70
     0
  3
Hidden (.5x) _ _ _ _ _ _ _ _ _ _ _ _ _ _ _ _ _
 72
    65
 73
     2
 40
0.1875
 49
0.125
 74
     0
 49
-0.0625
 74
     0
  0
LTYPE
  5
9B
330
5
100
AcDbSymbolTableRecord
100
AcDbLinetypeTableRecord
  2
HIDDENX2
 70
     0
  3
Hidden (2x) ____ ____ ____ ____ ____ ____ ____
 72
    65
 73
     2
 40
0.75
 49
0.5
 74
     0
 49
-0.25
 74
     0
  0
LTYPE
  5
9C
330
5
100
AcDbSymbolTableRecord
100
AcDbLinetypeTableRecord
  2
PHANTOM
 70
     0
  3
Phantom ______  __  __  ______  __  __  ______
 72
    65
 73
     6
 40
2.5
 49
1.25
 74
     0
 49
-0.25
 74
     0
 49
0.25
 74
     0
 49
-0.25
 74
     0
 49
0.25
 74
     0
 49
-0.25
 74
     0
  0
LTYPE
  5
9D
330
5
100
AcDbSymbolTableRecord
100
AcDbLinetypeTableRecord
  2
PHANTOM2
 70
     0
  3
Phantom (.5x) ___ _ _ ___ _ _ ___ _ _ ___ _ _
 72
    65
 73
     6
 40
1.25
 49
0.625
 74
     0
 49
-0.125
 74
     0
 49
0.125
 74
     0
 49
-0.125
 74
     0
 49
0.125
 74
     0
 49
-0.125
 74
     0
  0
LTYPE
  5
9E
330
5
100
AcDbSymbolTableRecord
100
AcDbLinetypeTableRecord
  2
PHANTOMX2
 70
     0
  3
Phantom (2x) ____________    ____    ____   _
 72
    65
 73
     6
 40
5.0
 49
2.5
 74
     0
 49
-0.5
 74
     0
 49
0.5
 74
     0
 49
-0.5
 74
     0
 49
0.5
 74
     0
 49
-0.5
 74
     0
  0
LTYPE
  5
9F
330
5
100
AcDbSymbolTableRecord
100
AcDbLinetypeTableRecord
  2
ACAD_ISO02W100
 70
     0
  3
ISO dash __ __ __ __ __ __ __ __ __ __ __ __ __
 72
    65
 73
     2
 40
0.59
 49
0.47
 74
     0
 49
-0.12
 74
     0
  0
LTYPE
  5
A0
330
5
100
AcDbSymbolTableRecord
100
AcDbLinetypeTableRecord
  2
ACAD_ISO03W100
 70
     0
  3
ISO dash space __    __    __    __    __    __
 72
    65
 73
     2
 40
1.179999999999999
 49
0.47
 74
     0
 49
-0.71
 74
     0
  0
LTYPE
  5
A1
330
5
100
AcDbSymbolTableRecord
100
AcDbLinetypeTableRecord
  2
ACAD_ISO04W100
 70
     0
  3
ISO long-dash dot ____ . ____ . ____ . ____ . _
 72
    65
 73
     4
 40
1.179999999999999
 49
0.9399999999999998
 74
     0
 49
-0.12
 74
     0
 49
0.0
 74
     0
 49
-0.12
 74
     0
  0
LTYPE
  5
A2
330
5
100
AcDbSymbolTableRecord
100
AcDbLinetypeTableRecord
  2
ACAD_ISO05W100
 70
     0
  3
ISO long-dash double-dot ____ .. ____ .. ____ .
 72
    65
 73
     6
 40
1.299999999999999
 49
0.9399999999999998
 74
     0
 49
-0.12
 74
     0
 49
0.0
 74
     0
 49
-0.12
 74
     0
 49
0.0
 74
     0
 49
-0.12
 74
     0
  0
LTYPE
  5
A3
330
5
100
AcDbSymbolTableRecord
100
AcDbLinetypeTableRecord
  2
ACAD_ISO06W100
 70
     0
  3
ISO long-dash triple-dot ____ ... ____ ... ____
 72
    65
 73
     8
 40
1.419999999999999
 49
0.9399999999999998
 74
     0
 49
-0.12
 74
     0
 49
0.0
 74
     0
 49
-0.12
 74
     0
 49
0.0
 74
     0
 49
-0.12
 74
     0
 49
0.0
 74
     0
 49
-0.12
 74
     0
  0
LTYPE
  5
A4
330
5
100
AcDbSymbolTableRecord
100
AcDbLinetypeTableRecord
  2
ACAD_ISO07W100
 70
     0
  3
ISO dot . . . . . . . . . . . . . . . . . . . .
 72
    65
 73
     2
 40
0.12
 49
0.0
 74
     0
 49
-0.12
 74
     0
  0
LTYPE
  5
A5
330
5
100
AcDbSymbolTableRecord
100
AcDbLinetypeTableRecord
  2
ACAD_ISO08W100
 70
     0
  3
ISO long-dash short-dash ____ __ ____ __ ____ _
 72
    65
 73
     4
 40
0.95
 49
0.47
 74
     0
 49
-0.12
 74
     0
 49
0.24
 74
     0
 49
-0.12
 74
     0
  0
LTYPE
  5
A6
330
5
100
AcDbSymbolTableRecord
100
AcDbLinetypeTableRecord
  2
ACAD_ISO09W100
 70
     0
  3
ISO long-dash double-short-dash ____ __ __ ____
 72
    65
 73
     6
 40
1.31
 49
0.47
 74
     0
 49
-0.12
 74
     0
 49
0.24
 74
     0
 49
-0.12
 74
     0
 49
0.24
 74
     0
 49
-0.12
 74
     0
  0
LTYPE
  5
A7
330
5
100
AcDbSymbolTableRecord
100
AcDbLinetypeTableRecord
  2
ACAD_ISO10W100
 70
     0
  3
ISO dash dot __ . __ . __ . __ . __ . __ . __ .
 72
    65
 73
     4
 40
0.71
 49
0.47
 74
     0
 49
-0.12
 74
     0
 49
0.0
 74
     0
 49
-0.12
 74
     0
  0
LTYPE
  5
A8
330
5
100
AcDbSymbolTableRecord
100
AcDbLinetypeTableRecord
  2
ACAD_ISO11W100
 70
     0
  3
ISO double-dash dot __ __ . __ __ . __ __ . __ 
 72
    65
 73
     6
 40
1.299999999999999
 49
0.47
 74
     0
 49
-0.12
 74
     0
 49
0.47
 74
     0
 49
-0.12
 74
     0
 49
0.0
 74
     0
 49
-0.12
 74
     0
  0
LTYPE
  5
A9
330
5
100
AcDbSymbolTableRecord
100
AcDbLinetypeTableRecord
  2
ACAD_ISO12W100
 70
     0
  3
ISO dash double-dot __ . . __ . . __ . . __ . .
 72
    65
 73
     6
 40
0.8299999999999998
 49
0.47
 74
     0
 49
-0.12
 74
     0
 49
0.0
 74
     0
 49
-0.12
 74
     0
 49
0.0
 74
     0
 49
-0.12
 74
     0
  0
LTYPE
  5
AA
330
5
100
AcDbSymbolTableRecord
100
AcDbLinetypeTableRecord
  2
ACAD_ISO13W100
 70
     0
  3
ISO double-dash double-dot __ __ . . __ __ . . 
 72
    65
 73
     8
 40
1.419999999999999
 49
0.47
 74
     0
 49
-0.12
 74
     0
 49
0.47
 74
     0
 49
-0.12
 74
     0
 49
0.0
 74
     0
 49
-0.12
 74
     0
 49
0.0
 74
     0
 49
-0.12
 74
     0
  0
LTYPE
  5
AB
330
5
100
AcDbSymbolTableRecord
100
AcDbLinetypeTableRecord
  2
ACAD_ISO14W100
 70
     0
  3
ISO dash triple-dot __ . . . __ . . . __ . . . 
 72
    65
 73
     8
 40
0.95
 49
0.47
 74
     0
 49
-0.12
 74
     0
 49
0.0
 74
     0
 49
-0.12
 74
     0
 49
0.0
 74
     0
 49
-0.12
 74
     0
 49
0.0
 74
     0
 49
-0.12
 74
     0
  0
LTYPE
  5
AC
330
5
100
AcDbSymbolTableRecord
100
AcDbLinetypeTableRecord
  2
ACAD_ISO15W100
 70
     0
  3
ISO double-dash triple-dot __ __ . . . __ __ . 
 72
    65
 73
    10
 40
1.539999999999999
 49
0.47
 74
     0
 49
-0.12
 74
     0
 49
0.47
 74
     0
 49
-0.12
 74
     0
 49
0.0
 74
     0
 49
-0.12
 74
     0
 49
0.0
 74
     0
 49
-0.12
 74
     0
 49
0.0
 74
     0
 49
-0.12
 74
     0
  0
LTYPE
  5
AF
330
5
100
AcDbSymbolTableRecord
100
AcDbLinetypeTableRecord
  2
FENCELINE1
 70
     0
  3
Fenceline circle ----0-----0----0-----0----0---
 72
    65
 73
     4
 40
1.45
 49
0.25
 74
     0
 49
-0.1
 74
     4
 75
   133
340
AE
 46
0.1
 50
0.0
 44
-0.1
 45
0.0
 49
-0.1
 74
     0
 49
1.0
 74
     0
  0
LTYPE
  5
B0
330
5
100
AcDbSymbolTableRecord
100
AcDbLinetypeTableRecord
  2
FENCELINE2
 70
     0
  3
Fenceline square ----[]-----[]----[]-----[]----
 72
    65
 73
     4
 40
1.45
 49
0.25
 74
     0
 49
-0.1
 74
     4
 75
   132
340
AE
 46
0.1
 50
0.0
 44
-0.1
 45
0.0
 49
-0.1
 74
     0
 49
1.0
 74
     0
  0
LTYPE
  5
B1
330
5
100
AcDbSymbolTableRecord
100
AcDbLinetypeTableRecord
  2
TRACKS
 70
     0
  3
Tracks -|-|-|-|-|-|-|-|-|-|-|-|-|-|-|-|-|-|-|-|
 72
    65
 73
     2
 40
0.3
 49
0.15
 74
     4
 75
   130
340
AE
 46
0.25
 50
0.0
 44
0.0
 45
0.0
 49
0.15
 74
     0
  0
LTYPE
  5
B2
330
5
100
AcDbSymbolTableRecord
100
AcDbLinetypeTableRecord
  2
BATTING
 70
     0
  3
Batting SSSSSSSSSSSSSSSSSSSSSSSSSSSSSSSSSSSSSSS
 72
    65
 73
     4
 40
0.4001000000000001
 49
0.0001
 74
     0
 49
-0.1
 74
     4
 75
   134
340
AE
 46
0.1
 50
0.0
 44
-0.1
 45
0.0
 49
-0.2
 74
     4
 75
   134
340
AE
 46
0.1
 50
180.0
 44
0.1
 45
0.0
 49
-0.1
 74
     0
  0
LTYPE
  5
B3
330
5
100
AcDbSymbolTableRecord
100
AcDbLinetypeTableRecord
  2
HOT_WATER_SUPPLY
 70
     0
  3
Hot water supply ---- HW ---- HW ---- HW ----
 72
    65
 73
     3
 40
0.9
 49
0.5
 74
     0
 49
-0.2
 74
     2
 75
     0
340
55
 46
0.1
 50
0.0
 44
-0.1
 45
-0.05
  9
HW
 49
-0.2
 74
     0
  0
LTYPE
  5
B4
330
5
100
AcDbSymbolTableRecord
100
AcDbLinetypeTableRecord
  2
GAS_LINE
 70
     0
  3
Gas line ----GAS----GAS----GAS----GAS----GAS---
 72
    65
 73
     3
 40
0.95
 49
0.5
 74
     0
 49
-0.2
 74
     2
 75
     0
340
55
 46
0.1
 50
0.0
 44
-0.1
 45
-0.05
  9
GAS
 49
-0.25
 74
     0
  0
LTYPE
  5
B5
330
5
100
AcDbSymbolTableRecord
100
AcDbLinetypeTableRecord
  2
ZIGZAG
 70
     0
  3
Zig zag /\/\/\/\/\/\/\/\/\/\/\/\/\/\/\/\/\/\/\/
 72
    65
 73
     4
 40
0.8001000000000001
 49
0.0001
 74
     0
 49
-0.2
 74
     4
 75
   131
340
AE
 46
0.2
 50
0.0
 44
-0.2
 45
0.0
 49
-0.4
 74
     4
 75
   131
340
AE
 46
0.2
 50
180.0
 44
0.2
 45
0.0
 49
-0.2
 74
     0
  0
ENDTAB
  0
TABLE
  2
LAYER
  5
2
330
0
100
AcDbSymbolTable
 70
     1
  0
LAYER
  5
54
330
2
100
AcDbSymbolTableRecord
100
AcDbLayerTableRecord
  2
0
 70
     0
 62
     7
  6
Continuous
370
    -3
390
F
347
21
348
0
  0
ENDTAB
  0
TABLE
  2
STYLE
  5
3
330
0
100
AcDbSymbolTable
 70
     6
  0
STYLE
  5
55
330
3
100
AcDbSymbolTableRecord
100
AcDbTextStyleTableRecord
  2
Standard
 70
     0
 40
0.0
 41
1.0
 50
0.0
 71
     0
 42
0.2
  3
txt
  4

  0
STYLE
  5
5A
330
3
100
AcDbSymbolTableRecord
100
AcDbTextStyleTableRecord
  2
Annotative
 70
     0
 40
0.0
 41
1.0
 50
0.0
 71
     0
 42
0.2
  3
txt
  4

1001
AcadAnnotative
1000
AnnotativeData
1002
{
1070
     1
1070
     1
1002
}
  0
STYLE
  5
AE
330
3
100
AcDbSymbolTableRecord
100
AcDbTextStyleTableRecord
  2

 70
     1
 40
0.0
 41
1.0
 50
0.0
 71
     0
 42
0.2
  3
ltypeshp.shx
  4

  0
STYLE
  5
B6
330
3
100
AcDbSymbolTableRecord
100
AcDbTextStyleTableRecord
  2
Note Text (ANSI) - 3DA
 70
     0
 40
0.0
 41
1.0
 50
0.0
 71
     0
 42
0.2
  3
tahoma.ttf
  4

1001
ACAD
1000
Tahoma
1071
      256
  0
STYLE
  5
B7
330
3
100
AcDbSymbolTableRecord
100
AcDbTextStyleTableRecord
  2
Sketch Text (ANSI) - 3DA
 70
     0
 40
0.0
 41
1.0
 50
0.0
 71
     0
 42
0.2
  3
tahoma.ttf
  4

1001
ACAD
1000
Tahoma
1071
      256
  0
STYLE
  5
B8
330
3
100
AcDbSymbolTableRecord
100
AcDbTextStyleTableRecord
  2
STANDARD_DWG_ISO-25
 70
     0
 40
0.0
 41
1.0
 50
0.0
 71
     0
 42
0.2
  3
monotxt.shx
  4

  0
ENDTAB
  0
TABLE
  2
VIEW
  5
6
330
0
100
AcDbSymbolTable
 70
     0
  0
ENDTAB
  0
TABLE
  2
UCS
  5
7
330
0
100
AcDbSymbolTable
 70
     0
  0
ENDTAB
  0
TABLE
  2
APPID
  5
9
330
0
100
AcDbSymbolTable
 70
     2
  0
APPID
  5
56
330
9
100
AcDbSymbolTableRecord
100
AcDbRegAppTableRecord
  2
ACAD
 70
     0
  0
APPID
  5
5E
330
9
100
AcDbSymbolTableRecord
100
AcDbRegAppTableRecord
  2
AcadAnnotative
 70
     0
  0
ENDTAB
  0
TABLE
  2
DIMSTYLE
  5
A
330
0
100
AcDbSymbolTable
 70
     2
100
AcDbDimStyleTable
 71
     0
  0
DIMSTYLE
105
58
330
A
100
AcDbSymbolTableRecord
100
AcDbDimStyleTableRecord
  2
Standard
 70
     0
340
55
  0
DIMSTYLE
105
59
330
A
100
AcDbSymbolTableRecord
100
AcDbDimStyleTableRecord
  2
Annotative
 70
     0
340
55
1001
AcadAnnotative
1000
AnnotativeData
1002
{
1070
     1
1070
     1
1002
}
  0
ENDTAB
  0
TABLE
  2
BLOCK_RECORD
  5
1
330
0
100
AcDbSymbolTable
 70
     1
  0
BLOCK_RECORD
  5
70
330
1
100
AcDbSymbolTableRecord
100
AcDbBlockTableRecord
  2
*Model_Space
340
73
 70
     0
280
     1
281
     0
  0
BLOCK_RECORD
  5
6C
330
1
100
AcDbSymbolTableRecord
100
AcDbBlockTableRecord
  2
*Paper_Space
340
6F
 70
     0
280
     1
281
     0
  0
BLOCK_RECORD
  5
74
330
1
100
AcDbSymbolTableRecord
100
AcDbBlockTableRecord
  2
*Paper_Space0
340
77
 70
     0
280
     1
281
     0
  0
ENDTAB
  0
ENDSEC
  0
SECTION
  2
BLOCKS
  0
BLOCK
  5
71
330
70
100
AcDbEntity
  8
0
100
AcDbBlockBegin
  2
*Model_Space
 70
     0
 10
0.0
 20
0.0
 30
0.0
  3
*Model_Space
  1

  0
ENDBLK
  5
72
330
70
100
AcDbEntity
  8
0
100
AcDbBlockEnd
  0
BLOCK
  5
6D
330
6C
100
AcDbEntity
 67
     1
  8
0
100
AcDbBlockBegin
  2
*Paper_Space
 70
     0
 10
0.0
 20
0.0
 30
0.0
  3
*Paper_Space
  1

  0
ENDBLK
  5
6E
330
6C
100
AcDbEntity
 67
     1
  8
0
100
AcDbBlockEnd
  0
BLOCK
  5
75
330
74
100
AcDbEntity
 67
     1
  8
0
100
AcDbBlockBegin
  2
*Paper_Space0
 70
     0
 10
0.0
 20
0.0
 30
0.0
  3
*Paper_Space0
  1

  0
ENDBLK
  5
76
330
74
100
AcDbEntity
 67
     1
  8
0
100
AcDbBlockEnd
  0
ENDSEC
  0
SECTION
  2
ENTITIES
  0
POLYLINE
  5
B9
330
70
100
AcDbEntity
  8
0
100
AcDb2dPolyline
 66
     1
 10
0.0
 20
0.0
 30
0.0
 70
     1
  0
VERTEX
  5
BA
330
B9
100
AcDbEntity
  8
0
100
AcDbVertex
100
AcDb2dVertex
 10
204.9999999999998
 20
115.0
 30
0.0
 42
0.4142135623730961
  0
VERTEX
  5
BB
330
B9
100
AcDbEntity
  8
0
100
AcDbVertex
100
AcDb2dVertex
 10
199.9999999999998
 20
120.0
 30
0.0
  0
VERTEX
  5
BD
330
B9
100
AcDbEntity
  8
0
100
AcDbVertex
100
AcDb2dVertex
 10
-195.0
 20
119.9999999999999
 30
0.0
 42
0.4142135623730951
  0
VERTEX
  5
BE
330
B9
100
AcDbEntity
  8
0
100
AcDbVertex
100
AcDb2dVertex
 10
-200.0
 20
114.9999999999999
 30
0.0
  0
VERTEX
  5
BF
330
B9
100
AcDbEntity
  8
0
100
AcDbVertex
100
AcDb2dVertex
 10
-200.0
 20
84.99999999999989
 30
0.0
 42
-0.4142135623730951
  0
VERTEX
  5
C0
330
B9
100
AcDbEntity
  8
0
100
AcDbVertex
100
AcDb2dVertex
 10
-205.0
 20
79.99999999999989
 30
0.0
  0
VERTEX
  5
C1
330
B9
100
AcDbEntity
  8
0
100
AcDbVertex
100
AcDb2dVertex
 10
-235.0
 20
79.99999999999989
 30
0.0
 42
0.4142135623730951
  0
VERTEX
  5
C2
330
B9
100
AcDbEntity
  8
0
100
AcDbVertex
100
AcDb2dVertex
 10
-240.0
 20
74.99999999999989
 30
0.0
  0
VERTEX
  5
C3
330
B9
100
AcDbEntity
  8
0
100
AcDbVertex
100
AcDb2dVertex
 10
-240.0
 20
-75.0
 30
0.0
 42
0.4142135623730951
  0
VERTEX
  5
C4
330
B9
100
AcDbEntity
  8
0
100
AcDbVertex
100
AcDb2dVertex
 10
-235.0
 20
-80.0
 30
0.0
  0
VERTEX
  5
C5
330
B9
100
AcDbEntity
  8
0
100
AcDbVertex
100
AcDb2dVertex
 10
-205.0
 20
-80.0
 30
0.0
 42
-0.4142135623730951
  0
VERTEX
  5
C6
330
B9
100
AcDbEntity
  8
0
100
AcDbVertex
100
AcDb2dVertex
 10
-200.0
 20
-85.0
 30
0.0
  0
VERTEX
  5
C7
330
B9
100
AcDbEntity
  8
0
100
AcDbVertex
100
AcDb2dVertex
 10
-200.0
 20
-115.0
 30
0.0
 42
0.4142135623730951
  0
VERTEX
  5
C8
330
B9
100
AcDbEntity
  8
0
100
AcDbVertex
100
AcDb2dVertex
 10
-195.0
 20
-120.0
 30
0.0
  0
VERTEX
  5
C9
330
B9
100
AcDbEntity
  8
0
100
AcDbVertex
100
AcDb2dVertex
 10
200.0
 20
-120.0
 30
0.0
 42
0.4142135623730951
  0
VERTEX
  5
CA
330
B9
100
AcDbEntity
  8
0
100
AcDbVertex
100
AcDb2dVertex
 10
205.0
 20
-115.0
 30
0.0
  0
SEQEND
  5
BC
330
B9
100
AcDbEntity
  8
0
  0
POLYLINE
  5
CC
330
70
100
AcDbEntity
  8
0
100
AcDb2dPolyline
 66
     1
 10
0.0
 20
0.0
 30
0.0
 70
     1
  0
VERTEX
  5
CD
330
CC
100
AcDbEntity
  8
0
100
AcDbVertex
100
AcDb2dVertex
 10
-30.0
 20
27.32233047033628
 30
0.0
  0
VERTEX
  5
CE
330
CC
100
AcDbEntity
  8
0
100
AcDbVertex
100
AcDb2dVertex
 10
-30.0
 20
-27.32233047033633
 30
0.0
 42
-0.4142135623730951
  0
VERTEX
  5
D0
330
CC
100
AcDbEntity
  8
0
100
AcDbVertex
100
AcDb2dVertex
 10
-32.0
 20
-29.32233047033633
 30
0.0
  0
VERTEX
  5
D1
330
CC
100
AcDbEntity
  8
0
100
AcDbVertex
100
AcDb2dVertex
 10
-67.99999999999997
 20
-29.32233047033634
 30
0.0
 42
-0.4142135623730951
  0
VERTEX
  5
D2
330
CC
100
AcDbEntity
  8
0
100
AcDbVertex
100
AcDb2dVertex
 10
-69.99999999999997
 20
-27.32233047033634
 30
0.0
  0
VERTEX
  5
D3
330
CC
100
AcDbEntity
  8
0
100
AcDbVertex
100
AcDb2dVertex
 10
-69.99999999999999
 20
27.32233047033628
 30
0.0
 42
-0.4142135623730951
  0
VERTEX
  5
D4
330
CC
100
AcDbEntity
  8
0
100
AcDbVertex
100
AcDb2dVertex
 10
-68.0
 20
29.32233047033628
 30
0.0
  0
VERTEX
  5
D5
330
CC
100
AcDbEntity
  8
0
100
AcDbVertex
100
AcDb2dVertex
 10
-32.0
 20
29.32233047033628
 30
0.0
 42
-0.4142135623730951
  0
SEQEND
  5
CF
330
CC
100
AcDbEntity
  8
0
  0
POLYLINE
  5
D6
330
70
100
AcDbEntity
  8
0
100
AcDb2dPolyline
 66
     1
 10
0.0
 20
0.0
 30
0.0
  0
VERTEX
  5
D7
330
D6
100
AcDbEntity
  8
0
100
AcDbVertex
100
AcDb2dVertex
 10
66.0500986119692
 20
50.06458562315194
 30
0.0
  0
VERTEX
  5
D8
330
D6
100
AcDbEntity
  8
0
100
AcDbVertex
100
AcDb2dVertex
 10
57.12271446448244
 20
50.06455139331757
 30
0.0
  0
VERTEX
  5
DA
330
D6
100
AcDbEntity
  8
0
100
AcDbVertex
100
AcDb2dVertex
 10
56.94985072279216
 20
50.15650242107942
 30
0.0
  0
SEQEND
  5
D9
330
D6
100
AcDbEntity
  8
0
  0
POLYLINE
  5
DB
330
70
100
AcDbEntity
  8
0
100
AcDb2dPolyline
 66
     1
 10
0.0
 20
0.0
 30
0.0
  0
VERTEX
  5
DC
330
DB
100
AcDbEntity
  8
0
100
AcDbVertex
100
AcDb2dVertex
 10
56.96015253803197
 20
51.92292103430369
 30
0.0
  0
VERTEX
  5
DD
330
DB
100
AcDbEntity
  8
0
100
AcDbVertex
100
AcDb2dVertex
 10
57.15874583380873
 20
52.02128818465263
 30
0.0
  0
VERTEX
  5
DF
330
DB
100
AcDbEntity
  8
0
100
AcDbVertex
100
AcDb2dVertex
 10
61.96304607111827
 20
52.07410669854019
 30
0.0
  0
VERTEX
  5
E0
330
DB
100
AcDbEntity
  8
0
100
AcDbVertex
100
AcDb2dVertex
 10
60.81208946459543
 20
54.0475190171049
 30
0.0
  0
SEQEND
  5
DE
330
DB
100
AcDbEntity
  8
0
  0
POLYLINE
  5
E1
330
70
100
AcDbEntity
  8
0
100
AcDb2dPolyline
 66
     1
 10
0.0
 20
0.0
 30
0.0
  0
VERTEX
  5
E2
330
E1
100
AcDbEntity
  8
0
100
AcDbVertex
100
AcDb2dVertex
 10
62.72994036336516
 20
54.72525809658465
 30
0.0
  0
VERTEX
  5
E3
330
E1
100
AcDbEntity
  8
0
100
AcDbVertex
100
AcDb2dVertex
 10
64.27606504696985
 20
52.06167050540114
 30
0.0
  0
VERTEX
  5
E5
330
E1
100
AcDbEntity
  8
0
100
AcDbVertex
100
AcDb2dVertex
 10
73.32995433788305
 20
52.07898540602326
 30
0.0
  0
VERTEX
  5
E6
330
E1
100
AcDbEntity
  8
0
100
AcDbVertex
100
AcDb2dVertex
 10
73.24770724244863
 20
52.23590904079209
 30
0.0
  0
SEQEND
  5
E4
330
E1
100
AcDbEntity
  8
0
  0
POLYLINE
  5
E7
330
70
100
AcDbEntity
  8
0
100
AcDb2dPolyline
 66
     1
 10
0.0
 20
0.0
 30
0.0
  0
VERTEX
  5
E8
330
E7
100
AcDbEntity
  8
0
100
AcDbVertex
100
AcDb2dVertex
 10
71.08098799534855
 20
55.96600283184951
 30
0.0
  0
VERTEX
  5
E9
330
E7
100
AcDbEntity
  8
0
100
AcDbVertex
100
AcDb2dVertex
 10
68.99639072304323
 20
59.54022093277494
 30
0.0
  0
VERTEX
  5
EB
330
E7
100
AcDbEntity
  8
0
100
AcDbVertex
100
AcDb2dVertex
 10
62.37824529921244
 20
59.56577677508859
 30
0.0
  0
VERTEX
  5
EC
330
E7
100
AcDbEntity
  8
0
100
AcDbVertex
100
AcDb2dVertex
 10
62.17424206582001
 20
59.69123837799735
 30
0.0
  0
SEQEND
  5
EA
330
E7
100
AcDbEntity
  8
0
  0
POLYLINE
  5
ED
330
70
100
AcDbEntity
  8
0
100
AcDb2dPolyline
 66
     1
 10
0.0
 20
0.0
 30
0.0
  0
VERTEX
  5
EE
330
ED
100
AcDbEntity
  8
0
100
AcDbVertex
100
AcDb2dVertex
 10
65.11527865964483
 20
61.54934411310721
 30
0.0
  0
VERTEX
  5
EF
330
ED
100
AcDbEntity
  8
0
100
AcDbVertex
100
AcDb2dVertex
 10
67.80885475359013
 20
61.57668989832064
 30
0.0
  0
VERTEX
  5
F1
330
ED
100
AcDbEntity
  8
0
100
AcDbVertex
100
AcDb2dVertex
 10
65.24101487868501
 20
65.98212764237617
 30
0.0
  0
VERTEX
  5
F2
330
ED
100
AcDbEntity
  8
0
100
AcDbVertex
100
AcDb2dVertex
 10
65.24024953550661
 20
66.29753558605788
 30
0.0
  0
SEQEND
  5
F0
330
ED
100
AcDbEntity
  8
0
  0
POLYLINE
  5
F3
330
70
100
AcDbEntity
  8
0
100
AcDb2dPolyline
 66
     1
 10
0.0
 20
0.0
 30
0.0
  0
VERTEX
  5
F4
330
F3
100
AcDbEntity
  8
0
100
AcDbVertex
100
AcDb2dVertex
 10
80.7529585769077
 20
63.15663943831695
 30
0.0
  0
VERTEX
  5
F5
330
F3
100
AcDbEntity
  8
0
100
AcDbVertex
100
AcDb2dVertex
 10
80.82345959006799
 20
63.04056675305097
 30
0.0
  0
VERTEX
  5
F7
330
F3
100
AcDbEntity
  8
0
100
AcDbVertex
100
AcDb2dVertex
 10
81.95163944366738
 20
65.00105159468884
 30
0.0
  0
SEQEND
  5
F6
330
F3
100
AcDbEntity
  8
0
  0
POLYLINE
  5
F8
330
70
100
AcDbEntity
  8
0
100
AcDb2dPolyline
 66
     1
 10
0.0
 20
0.0
 30
0.0
  0
VERTEX
  5
F9
330
F8
100
AcDbEntity
  8
0
100
AcDbVertex
100
AcDb2dVertex
 10
84.7539708522267
 20
60.05760701577401
 30
0.0
  0
VERTEX
  5
FA
330
F8
100
AcDbEntity
  8
0
100
AcDbVertex
100
AcDb2dVertex
 10
81.40362394936326
 20
60.04799906193809
 30
0.0
  0
VERTEX
  5
FC
330
F8
100
AcDbEntity
  8
0
100
AcDbVertex
100
AcDb2dVertex
 10
79.22777644996265
 20
56.26955580269833
 30
0.0
  0
SEQEND
  5
FB
330
F8
100
AcDbEntity
  8
0
  0
POLYLINE
  5
FD
330
70
100
AcDbEntity
  8
0
100
AcDb2dPolyline
 66
     1
 10
0.0
 20
0.0
 30
0.0
  0
VERTEX
  5
FE
330
FD
100
AcDbEntity
  8
0
100
AcDbVertex
100
AcDb2dVertex
 10
76.93711610027924
 20
52.28981050501596
 30
0.0
  0
VERTEX
  5
FF
330
FD
100
AcDbEntity
  8
0
100
AcDbVertex
100
AcDb2dVertex
 10
76.82231211323319
 20
52.08852185759098
 30
0.0
  0
VERTEX
  5
101
330
FD
100
AcDbEntity
  8
0
100
AcDbVertex
100
AcDb2dVertex
 10
85.3892277972114
 20
52.10930963611694
 30
0.0
  0
VERTEX
  5
102
330
FD
100
AcDbEntity
  8
0
100
AcDbVertex
100
AcDb2dVertex
 10
86.72718845990031
 20
54.43273002677269
 30
0.0
  0
SEQEND
  5
100
330
FD
100
AcDbEntity
  8
0
  0
POLYLINE
  5
103
330
70
100
AcDbEntity
  8
0
100
AcDb2dPolyline
 66
     1
 10
0.0
 20
0.0
 30
0.0
  0
VERTEX
  5
104
330
103
100
AcDbEntity
  8
0
100
AcDbVertex
100
AcDb2dVertex
 10
90.38481246253006
 20
52.11206127198199
 30
0.0
  0
VERTEX
  5
105
330
103
100
AcDbEntity
  8
0
100
AcDbVertex
100
AcDb2dVertex
 10
93.04137133971471
 20
52.1064210282195
 30
0.0
  0
VERTEX
  5
107
330
103
100
AcDbEntity
  8
0
100
AcDbVertex
100
AcDb2dVertex
 10
93.24518689783134
 20
51.9810748452506
 30
0.0
  0
SEQEND
  5
106
330
103
100
AcDbEntity
  8
0
  0
POLYLINE
  5
108
330
70
100
AcDbEntity
  8
0
100
AcDb2dPolyline
 66
     1
 10
0.0
 20
0.0
 30
0.0
 70
     1
  0
VERTEX
  5
109
330
108
100
AcDbEntity
  8
0
100
AcDbVertex
100
AcDb2dVertex
 10
-182.9081169079632
 20
-27.25126265847086
 30
0.0
  0
VERTEX
  5
10A
330
108
100
AcDbEntity
  8
0
100
AcDbVertex
100
AcDb2dVertex
 10
-197.7487373415291
 20
-42.09188309203682
 30
0.0
 42
-0.1989123673796572
  0
VERTEX
  5
10C
330
108
100
AcDbEntity
  8
0
100
AcDbVertex
100
AcDb2dVertex
 10
-199.1629509039022
 20
-42.67766952966372
 30
0.0
  0
VERTEX
  5
10D
330
108
100
AcDbEntity
  8
0
100
AcDbVertex
100
AcDb2dVertex
 10
-200.8370490960977
 20
-42.67766952966372
 30
0.0
 42
-0.1989123673796572
  0
VERTEX
  5
10E
330
108
100
AcDbEntity
  8
0
100
AcDbVertex
100
AcDb2dVertex
 10
-202.2512626584708
 20
-42.09188309203682
 30
0.0
  0
VERTEX
  5
10F
330
108
100
AcDbEntity
  8
0
100
AcDbVertex
100
AcDb2dVertex
 10
-217.0918830920368
 20
-27.25126265847088
 30
0.0
 42
-0.1989123673796588
  0
VERTEX
  5
110
330
108
100
AcDbEntity
  8
0
100
AcDbVertex
100
AcDb2dVertex
 10
-217.6776695296637
 20
-25.83704909609778
 30
0.0
  0
VERTEX
  5
111
330
108
100
AcDbEntity
  8
0
100
AcDbVertex
100
AcDb2dVertex
 10
-217.6776695296637
 20
-24.16295090390228
 30
0.0
 42
-0.1989123673796523
  0
VERTEX
  5
112
330
108
100
AcDbEntity
  8
0
100
AcDbVertex
100
AcDb2dVertex
 10
-217.0918830920368
 20
-22.74873734152921
 30
0.0
  0
VERTEX
  5
113
330
108
100
AcDbEntity
  8
0
100
AcDbVertex
100
AcDb2dVertex
 10
-202.2512626584709
 20
-7.908116907963256
 30
0.0
 42
-0.1989123673796625
  0
VERTEX
  5
114
330
108
100
AcDbEntity
  8
0
100
AcDbVertex
100
AcDb2dVertex
 10
-200.8370490960977
 20
-7.322330470336348
 30
0.0
  0
VERTEX
  5
115
330
108
100
AcDbEntity
  8
0
100
AcDbVertex
100
AcDb2dVertex
 10
-199.1629509039023
 20
-7.322330470336351
 30
0.0
 42
-0.1989123673796572
  0
VERTEX
  5
116
330
108
100
AcDbEntity
  8
0
100
AcDbVertex
100
AcDb2dVertex
 10
-197.7487373415292
 20
-7.908116907963249
 30
0.0
  0
VERTEX
  5
117
330
108
100
AcDbEntity
  8
0
100
AcDbVertex
100
AcDb2dVertex
 10
-182.9081169079632
 20
-22.74873734152926
 30
0.0
 42
-0.1989123673796584
  0
VERTEX
  5
118
330
108
100
AcDbEntity
  8
0
100
AcDbVertex
100
AcDb2dVertex
 10
-182.3223304703363
 20
-24.16295090390236
 30
0.0
  0
VERTEX
  5
119
330
108
100
AcDbEntity
  8
0
100
AcDbVertex
100
AcDb2dVertex
 10
-182.3223304703363
 20
-25.83704909609782
 30
0.0
 42
-0.1989123673796531
  0
SEQEND
  5
10B
330
108
100
AcDbEntity
  8
0
  0
POLYLINE
  5
11A
330
70
100
AcDbEntity
  8
0
100
AcDb2dPolyline
 66
     1
 10
0.0
 20
0.0
 30
0.0
 70
     1
  0
VERTEX
  5
11B
330
11A
100
AcDbEntity
  8
0
100
AcDbVertex
100
AcDb2dVertex
 10
-182.9081169079632
 20
22.74873734152913
 30
0.0
  0
VERTEX
  5
11C
330
11A
100
AcDbEntity
  8
0
100
AcDbVertex
100
AcDb2dVertex
 10
-197.7487373415291
 20
7.908116907963176
 30
0.0
 42
-0.1989123673796573
  0
VERTEX
  5
11E
330
11A
100
AcDbEntity
  8
0
100
AcDbVertex
100
AcDb2dVertex
 10
-199.1629509039022
 20
7.322330470336275
 30
0.0
  0
VERTEX
  5
11F
330
11A
100
AcDbEntity
  8
0
100
AcDbVertex
100
AcDb2dVertex
 10
-200.8370490960977
 20
7.322330470336274
 30
0.0
 42
-0.1989123673796574
  0
VERTEX
  5
120
330
11A
100
AcDbEntity
  8
0
100
AcDbVertex
100
AcDb2dVertex
 10
-202.2512626584708
 20
7.908116907963176
 30
0.0
  0
VERTEX
  5
121
330
11A
100
AcDbEntity
  8
0
100
AcDbVertex
100
AcDb2dVertex
 10
-217.0918830920368
 20
22.74873734152912
 30
0.0
 42
-0.1989123673796588
  0
VERTEX
  5
122
330
11A
100
AcDbEntity
  8
0
100
AcDbVertex
100
AcDb2dVertex
 10
-217.6776695296637
 20
24.16295090390222
 30
0.0
  0
VERTEX
  5
123
330
11A
100
AcDbEntity
  8
0
100
AcDbVertex
100
AcDb2dVertex
 10
-217.6776695296637
 20
25.83704909609772
 30
0.0
 42
-0.1989123673796527
  0
VERTEX
  5
124
330
11A
100
AcDbEntity
  8
0
100
AcDbVertex
100
AcDb2dVertex
 10
-217.0918830920368
 20
27.25126265847079
 30
0.0
  0
VERTEX
  5
125
330
11A
100
AcDbEntity
  8
0
100
AcDbVertex
100
AcDb2dVertex
 10
-202.2512626584709
 20
42.09188309203675
 30
0.0
 42
-0.1989123673796589
  0
VERTEX
  5
126
330
11A
100
AcDbEntity
  8
0
100
AcDbVertex
100
AcDb2dVertex
 10
-200.8370490960977
 20
42.67766952966365
 30
0.0
  0
VERTEX
  5
127
330
11A
100
AcDbEntity
  8
0
100
AcDbVertex
100
AcDb2dVertex
 10
-199.1629509039023
 20
42.67766952966365
 30
0.0
 42
-0.1989123673796572
  0
VERTEX
  5
128
330
11A
100
AcDbEntity
  8
0
100
AcDbVertex
100
AcDb2dVertex
 10
-197.7487373415292
 20
42.09188309203675
 30
0.0
  0
VERTEX
  5
129
330
11A
100
AcDbEntity
  8
0
100
AcDbVertex
100
AcDb2dVertex
 10
-182.9081169079632
 20
27.25126265847074
 30
0.0
 42
-0.198912367379658
  0
VERTEX
  5
12A
330
11A
100
AcDbEntity
  8
0
100
AcDbVertex
100
AcDb2dVertex
 10
-182.3223304703363
 20
25.83704909609766
 30
0.0
  0
VERTEX
  5
12B
330
11A
100
AcDbEntity
  8
0
100
AcDbVertex
100
AcDb2dVertex
 10
-182.3223304703363
 20
24.16295090390219
 30
0.0
 42
-0.1989123673796535
  0
SEQEND
  5
11D
330
11A
100
AcDbEntity
  8
0
  0
POLYLINE
  5
12C
330
70
100
AcDbEntity
  8
0
100
AcDb2dPolyline
 66
     1
 10
0.0
 20
0.0
 30
0.0
 70
     1
  0
VERTEX
  5
12D
330
12C
100
AcDbEntity
  8
0
100
AcDbVertex
100
AcDb2dVertex
 10
-132.9081169079632
 20
-77.25126265847086
 30
0.0
  0
VERTEX
  5
12E
330
12C
100
AcDbEntity
  8
0
100
AcDbVertex
100
AcDb2dVertex
 10
-147.7487373415291
 20
-92.09188309203682
 30
0.0
 42
-0.198912367379658
  0
VERTEX
  5
130
330
12C
100
AcDbEntity
  8
0
100
AcDbVertex
100
AcDb2dVertex
 10
-149.1629509039022
 20
-92.67766952966372
 30
0.0
  0
VERTEX
  5
131
330
12C
100
AcDbEntity
  8
0
100
AcDbVertex
100
AcDb2dVertex
 10
-150.8370490960977
 20
-92.67766952966372
 30
0.0
 42
-0.198912367379658
  0
VERTEX
  5
132
330
12C
100
AcDbEntity
  8
0
100
AcDbVertex
100
AcDb2dVertex
 10
-152.2512626584708
 20
-92.09188309203682
 30
0.0
  0
VERTEX
  5
133
330
12C
100
AcDbEntity
  8
0
100
AcDbVertex
100
AcDb2dVertex
 10
-167.0918830920368
 20
-77.25126265847086
 30
0.0
 42
-0.198912367379658
  0
VERTEX
  5
134
330
12C
100
AcDbEntity
  8
0
100
AcDbVertex
100
AcDb2dVertex
 10
-167.6776695296637
 20
-75.83704909609777
 30
0.0
  0
VERTEX
  5
135
330
12C
100
AcDbEntity
  8
0
100
AcDbVertex
100
AcDb2dVertex
 10
-167.6776695296637
 20
-74.16295090390227
 30
0.0
 42
-0.1989123673796571
  0
VERTEX
  5
136
330
12C
100
AcDbEntity
  8
0
100
AcDbVertex
100
AcDb2dVertex
 10
-167.0918830920368
 20
-72.74873734152918
 30
0.0
  0
VERTEX
  5
137
330
12C
100
AcDbEntity
  8
0
100
AcDbVertex
100
AcDb2dVertex
 10
-152.2512626584708
 20
-57.90811690796328
 30
0.0
 42
-0.1989123673796605
  0
VERTEX
  5
138
330
12C
100
AcDbEntity
  8
0
100
AcDbVertex
100
AcDb2dVertex
 10
-150.8370490960977
 20
-57.32233047033635
 30
0.0
  0
VERTEX
  5
139
330
12C
100
AcDbEntity
  8
0
100
AcDbVertex
100
AcDb2dVertex
 10
-149.1629509039023
 20
-57.32233047033634
 30
0.0
 42
-0.1989123673796572
  0
VERTEX
  5
13A
330
12C
100
AcDbEntity
  8
0
100
AcDbVertex
100
AcDb2dVertex
 10
-147.7487373415292
 20
-57.90811690796324
 30
0.0
  0
VERTEX
  5
13B
330
12C
100
AcDbEntity
  8
0
100
AcDbVertex
100
AcDb2dVertex
 10
-132.9081169079632
 20
-72.74873734152925
 30
0.0
 42
-0.198912367379658
  0
VERTEX
  5
13C
330
12C
100
AcDbEntity
  8
0
100
AcDbVertex
100
AcDb2dVertex
 10
-132.3223304703363
 20
-74.16295090390234
 30
0.0
  0
VERTEX
  5
13D
330
12C
100
AcDbEntity
  8
0
100
AcDbVertex
100
AcDb2dVertex
 10
-132.3223304703363
 20
-75.83704909609777
 30
0.0
 42
-0.198912367379658
  0
SEQEND
  5
12F
330
12C
100
AcDbEntity
  8
0
  0
POLYLINE
  5
13E
330
70
100
AcDbEntity
  8
0
100
AcDb2dPolyline
 66
     1
 10
0.0
 20
0.0
 30
0.0
 70
     1
  0
VERTEX
  5
13F
330
13E
100
AcDbEntity
  8
0
100
AcDbVertex
100
AcDb2dVertex
 10
-132.9081169079632
 20
-27.25126265847084
 30
0.0
  0
VERTEX
  5
140
330
13E
100
AcDbEntity
  8
0
100
AcDbVertex
100
AcDb2dVertex
 10
-147.7487373415291
 20
-42.09188309203678
 30
0.0
 42
-0.198912367379658
  0
VERTEX
  5
142
330
13E
100
AcDbEntity
  8
0
100
AcDbVertex
100
AcDb2dVertex
 10
-149.1629509039022
 20
-42.6776695296637
 30
0.0
  0
VERTEX
  5
143
330
13E
100
AcDbEntity
  8
0
100
AcDbVertex
100
AcDb2dVertex
 10
-150.8370490960977
 20
-42.6776695296637
 30
0.0
 42
-0.198912367379658
  0
VERTEX
  5
144
330
13E
100
AcDbEntity
  8
0
100
AcDbVertex
100
AcDb2dVertex
 10
-152.2512626584708
 20
-42.09188309203679
 30
0.0
  0
VERTEX
  5
145
330
13E
100
AcDbEntity
  8
0
100
AcDbVertex
100
AcDb2dVertex
 10
-167.0918830920368
 20
-27.25126265847086
 30
0.0
 42
-0.1989123673796588
  0
VERTEX
  5
146
330
13E
100
AcDbEntity
  8
0
100
AcDbVertex
100
AcDb2dVertex
 10
-167.6776695296637
 20
-25.83704909609776
 30
0.0
  0
VERTEX
  5
147
330
13E
100
AcDbEntity
  8
0
100
AcDbVertex
100
AcDb2dVertex
 10
-167.6776695296637
 20
-24.16295090390226
 30
0.0
 42
-0.1989123673796571
  0
VERTEX
  5
148
330
13E
100
AcDbEntity
  8
0
100
AcDbVertex
100
AcDb2dVertex
 10
-167.0918830920368
 20
-22.74873734152917
 30
0.0
  0
VERTEX
  5
149
330
13E
100
AcDbEntity
  8
0
100
AcDbVertex
100
AcDb2dVertex
 10
-152.2512626584708
 20
-7.908116907963242
 30
0.0
 42
-0.1989123673796578
  0
VERTEX
  5
14A
330
13E
100
AcDbEntity
  8
0
100
AcDbVertex
100
AcDb2dVertex
 10
-150.8370490960977
 20
-7.32233047033633
 30
0.0
  0
VERTEX
  5
14B
330
13E
100
AcDbEntity
  8
0
100
AcDbVertex
100
AcDb2dVertex
 10
-149.1629509039023
 20
-7.322330470336333
 30
0.0
 42
-0.19891236737966
  0
VERTEX
  5
14C
330
13E
100
AcDbEntity
  8
0
100
AcDbVertex
100
AcDb2dVertex
 10
-147.7487373415292
 20
-7.908116907963245
 30
0.0
  0
VERTEX
  5
14D
330
13E
100
AcDbEntity
  8
0
100
AcDbVertex
100
AcDb2dVertex
 10
-132.9081169079632
 20
-22.74873734152925
 30
0.0
 42
-0.198912367379658
  0
VERTEX
  5
14E
330
13E
100
AcDbEntity
  8
0
100
AcDbVertex
100
AcDb2dVertex
 10
-132.3223304703363
 20
-24.16295090390234
 30
0.0
  0
VERTEX
  5
14F
330
13E
100
AcDbEntity
  8
0
100
AcDbVertex
100
AcDb2dVertex
 10
-132.3223304703363
 20
-25.83704909609776
 30
0.0
 42
-0.198912367379658
  0
SEQEND
  5
141
330
13E
100
AcDbEntity
  8
0
  0
POLYLINE
  5
150
330
70
100
AcDbEntity
  8
0
100
AcDb2dPolyline
 66
     1
 10
0.0
 20
0.0
 30
0.0
 70
     1
  0
VERTEX
  5
151
330
150
100
AcDbEntity
  8
0
100
AcDbVertex
100
AcDb2dVertex
 10
-132.9081169079632
 20
22.74873734152915
 30
0.0
  0
VERTEX
  5
152
330
150
100
AcDbEntity
  8
0
100
AcDbVertex
100
AcDb2dVertex
 10
-147.7487373415291
 20
7.908116907963211
 30
0.0
 42
-0.1989123673796602
  0
VERTEX
  5
154
330
150
100
AcDbEntity
  8
0
100
AcDbVertex
100
AcDb2dVertex
 10
-149.1629509039022
 20
7.322330470336284
 30
0.0
  0
VERTEX
  5
155
330
150
100
AcDbEntity
  8
0
100
AcDbVertex
100
AcDb2dVertex
 10
-150.8370490960977
 20
7.322330470336284
 30
0.0
 42
-0.1989123673796572
  0
VERTEX
  5
156
330
150
100
AcDbEntity
  8
0
100
AcDbVertex
100
AcDb2dVertex
 10
-152.2512626584708
 20
7.908116907963181
 30
0.0
  0
VERTEX
  5
157
330
150
100
AcDbEntity
  8
0
100
AcDbVertex
100
AcDb2dVertex
 10
-167.0918830920368
 20
22.74873734152913
 30
0.0
 42
-0.1989123673796588
  0
VERTEX
  5
158
330
150
100
AcDbEntity
  8
0
100
AcDbVertex
100
AcDb2dVertex
 10
-167.6776695296637
 20
24.16295090390224
 30
0.0
  0
VERTEX
  5
159
330
150
100
AcDbEntity
  8
0
100
AcDbVertex
100
AcDb2dVertex
 10
-167.6776695296637
 20
25.83704909609773
 30
0.0
 42
-0.1989123673796535
  0
VERTEX
  5
15A
330
150
100
AcDbEntity
  8
0
100
AcDbVertex
100
AcDb2dVertex
 10
-167.0918830920368
 20
27.25126265847081
 30
0.0
  0
VERTEX
  5
15B
330
150
100
AcDbEntity
  8
0
100
AcDbVertex
100
AcDb2dVertex
 10
-152.2512626584708
 20
42.09188309203674
 30
0.0
 42
-0.198912367379658
  0
VERTEX
  5
15C
330
150
100
AcDbEntity
  8
0
100
AcDbVertex
100
AcDb2dVertex
 10
-150.8370490960977
 20
42.67766952966365
 30
0.0
  0
VERTEX
  5
15D
330
150
100
AcDbEntity
  8
0
100
AcDbVertex
100
AcDb2dVertex
 10
-149.1629509039023
 20
42.67766952966365
 30
0.0
 42
-0.198912367379658
  0
VERTEX
  5
15E
330
150
100
AcDbEntity
  8
0
100
AcDbVertex
100
AcDb2dVertex
 10
-147.7487373415292
 20
42.09188309203674
 30
0.0
  0
VERTEX
  5
15F
330
150
100
AcDbEntity
  8
0
100
AcDbVertex
100
AcDb2dVertex
 10
-132.9081169079632
 20
27.25126265847075
 30
0.0
 42
-0.1989123673796588
  0
VERTEX
  5
160
330
150
100
AcDbEntity
  8
0
100
AcDbVertex
100
AcDb2dVertex
 10
-132.3223304703363
 20
25.83704909609765
 30
0.0
  0
VERTEX
  5
161
330
150
100
AcDbEntity
  8
0
100
AcDbVertex
100
AcDb2dVertex
 10
-132.3223304703363
 20
24.16295090390223
 30
0.0
 42
-0.198912367379658
  0
SEQEND
  5
153
330
150
100
AcDbEntity
  8
0
  0
POLYLINE
  5
162
330
70
100
AcDbEntity
  8
0
100
AcDb2dPolyline
 66
     1
 10
0.0
 20
0.0
 30
0.0
 70
     1
  0
VERTEX
  5
163
330
162
100
AcDbEntity
  8
0
100
AcDbVertex
100
AcDb2dVertex
 10
-132.9081169079632
 20
72.74873734152916
 30
0.0
  0
VERTEX
  5
164
330
162
100
AcDbEntity
  8
0
100
AcDbVertex
100
AcDb2dVertex
 10
-147.7487373415291
 20
57.90811690796321
 30
0.0
 42
-0.198912367379658
  0
VERTEX
  5
166
330
162
100
AcDbEntity
  8
0
100
AcDbVertex
100
AcDb2dVertex
 10
-149.1629509039022
 20
57.32233047033631
 30
0.0
  0
VERTEX
  5
167
330
162
100
AcDbEntity
  8
0
100
AcDbVertex
100
AcDb2dVertex
 10
-150.8370490960977
 20
57.3223304703363
 30
0.0
 42
-0.198912367379658
  0
VERTEX
  5
168
330
162
100
AcDbEntity
  8
0
100
AcDbVertex
100
AcDb2dVertex
 10
-152.2512626584708
 20
57.90811690796321
 30
0.0
  0
VERTEX
  5
169
330
162
100
AcDbEntity
  8
0
100
AcDbVertex
100
AcDb2dVertex
 10
-167.0918830920368
 20
72.74873734152913
 30
0.0
 42
-0.1989123673796588
  0
VERTEX
  5
16A
330
162
100
AcDbEntity
  8
0
100
AcDbVertex
100
AcDb2dVertex
 10
-167.6776695296637
 20
74.16295090390224
 30
0.0
  0
VERTEX
  5
16B
330
162
100
AcDbEntity
  8
0
100
AcDbVertex
100
AcDb2dVertex
 10
-167.6776695296637
 20
75.83704909609775
 30
0.0
 42
-0.1989123673796571
  0
VERTEX
  5
16C
330
162
100
AcDbEntity
  8
0
100
AcDbVertex
100
AcDb2dVertex
 10
-167.0918830920368
 20
77.25126265847084
 30
0.0
  0
VERTEX
  5
16D
330
162
100
AcDbEntity
  8
0
100
AcDbVertex
100
AcDb2dVertex
 10
-152.2512626584708
 20
92.0918830920368
 30
0.0
 42
-0.198912367379658
  0
VERTEX
  5
16E
330
162
100
AcDbEntity
  8
0
100
AcDbVertex
100
AcDb2dVertex
 10
-150.8370490960977
 20
92.67766952966368
 30
0.0
  0
VERTEX
  5
16F
330
162
100
AcDbEntity
  8
0
100
AcDbVertex
100
AcDb2dVertex
 10
-149.1629509039023
 20
92.67766952966367
 30
0.0
 42
-0.1989123673796613
  0
VERTEX
  5
170
330
162
100
AcDbEntity
  8
0
100
AcDbVertex
100
AcDb2dVertex
 10
-147.7487373415291
 20
92.09188309203675
 30
0.0
  0
VERTEX
  5
171
330
162
100
AcDbEntity
  8
0
100
AcDbVertex
100
AcDb2dVertex
 10
-132.9081169079632
 20
77.25126265847077
 30
0.0
 42
-0.1989123673796555
  0
VERTEX
  5
172
330
162
100
AcDbEntity
  8
0
100
AcDbVertex
100
AcDb2dVertex
 10
-132.3223304703363
 20
75.83704909609767
 30
0.0
  0
VERTEX
  5
173
330
162
100
AcDbEntity
  8
0
100
AcDbVertex
100
AcDb2dVertex
 10
-132.3223304703363
 20
74.16295090390224
 30
0.0
 42
-0.198912367379658
  0
SEQEND
  5
165
330
162
100
AcDbEntity
  8
0
  0
POLYLINE
  5
174
330
70
100
AcDbEntity
  8
0
100
AcDb2dPolyline
 66
     1
 10
0.0
 20
0.0
 30
0.0
 70
     1
  0
VERTEX
  5
175
330
174
100
AcDbEntity
  8
0
100
AcDbVertex
100
AcDb2dVertex
 10
-82.90811690796321
 20
-77.25126265847084
 30
0.0
  0
VERTEX
  5
176
330
174
100
AcDbEntity
  8
0
100
AcDbVertex
100
AcDb2dVertex
 10
-97.74873734152919
 20
-92.09188309203682
 30
0.0
 42
-0.198912367379658
  0
VERTEX
  5
178
330
174
100
AcDbEntity
  8
0
100
AcDbVertex
100
AcDb2dVertex
 10
-99.16295090390228
 20
-92.67766952966372
 30
0.0
  0
VERTEX
  5
179
330
174
100
AcDbEntity
  8
0
100
AcDbVertex
100
AcDb2dVertex
 10
-100.8370490960977
 20
-92.6776695296637
 30
0.0
 42
-0.198912367379658
  0
VERTEX
  5
17A
330
174
100
AcDbEntity
  8
0
100
AcDbVertex
100
AcDb2dVertex
 10
-102.2512626584708
 20
-92.0918830920368
 30
0.0
  0
VERTEX
  5
17B
330
174
100
AcDbEntity
  8
0
100
AcDbVertex
100
AcDb2dVertex
 10
-117.0918830920368
 20
-77.25126265847086
 30
0.0
 42
-0.1989123673796588
  0
VERTEX
  5
17C
330
174
100
AcDbEntity
  8
0
100
AcDbVertex
100
AcDb2dVertex
 10
-117.6776695296637
 20
-75.83704909609775
 30
0.0
  0
VERTEX
  5
17D
330
174
100
AcDbEntity
  8
0
100
AcDbVertex
100
AcDb2dVertex
 10
-117.6776695296636
 20
-74.16295090390228
 30
0.0
 42
-0.198912367379658
  0
VERTEX
  5
17E
330
174
100
AcDbEntity
  8
0
100
AcDbVertex
100
AcDb2dVertex
 10
-117.0918830920368
 20
-72.74873734152919
 30
0.0
  0
VERTEX
  5
17F
330
174
100
AcDbEntity
  8
0
100
AcDbVertex
100
AcDb2dVertex
 10
-102.2512626584709
 20
-57.90811690796325
 30
0.0
 42
-0.1989123673796605
  0
VERTEX
  5
180
330
174
100
AcDbEntity
  8
0
100
AcDbVertex
100
AcDb2dVertex
 10
-100.8370490960977
 20
-57.32233047033634
 30
0.0
  0
VERTEX
  5
181
330
174
100
AcDbEntity
  8
0
100
AcDbVertex
100
AcDb2dVertex
 10
-99.16295090390228
 20
-57.32233047033632
 30
0.0
 42
-0.198912367379658
  0
VERTEX
  5
182
330
174
100
AcDbEntity
  8
0
100
AcDbVertex
100
AcDb2dVertex
 10
-97.74873734152919
 20
-57.90811690796324
 30
0.0
  0
VERTEX
  5
183
330
174
100
AcDbEntity
  8
0
100
AcDbVertex
100
AcDb2dVertex
 10
-82.90811690796322
 20
-72.74873734152921
 30
0.0
 42
-0.198912367379658
  0
VERTEX
  5
184
330
174
100
AcDbEntity
  8
0
100
AcDbVertex
100
AcDb2dVertex
 10
-82.32233047033632
 20
-74.1629509039023
 30
0.0
  0
VERTEX
  5
185
330
174
100
AcDbEntity
  8
0
100
AcDbVertex
100
AcDb2dVertex
 10
-82.32233047033631
 20
-75.83704909609775
 30
0.0
 42
-0.198912367379658
  0
SEQEND
  5
177
330
174
100
AcDbEntity
  8
0
  0
POLYLINE
  5
186
330
70
100
AcDbEntity
  8
0
100
AcDb2dPolyline
 66
     1
 10
0.0
 20
0.0
 30
0.0
 70
     1
  0
VERTEX
  5
187
330
186
100
AcDbEntity
  8
0
100
AcDbVertex
100
AcDb2dVertex
 10
-82.90811690796321
 20
-27.25126265847085
 30
0.0
  0
VERTEX
  5
188
330
186
100
AcDbEntity
  8
0
100
AcDbVertex
100
AcDb2dVertex
 10
-97.74873734152913
 20
-42.09188309203678
 30
0.0
 42
-0.198912367379658
  0
VERTEX
  5
18A
330
186
100
AcDbEntity
  8
0
100
AcDbVertex
100
AcDb2dVertex
 10
-99.16295090390223
 20
-42.6776695296637
 30
0.0
  0
VERTEX
  5
18B
330
186
100
AcDbEntity
  8
0
100
AcDbVertex
100
AcDb2dVertex
 10
-100.8370490960977
 20
-42.6776695296637
 30
0.0
 42
-0.198912367379658
  0
VERTEX
  5
18C
330
186
100
AcDbEntity
  8
0
100
AcDbVertex
100
AcDb2dVertex
 10
-102.2512626584708
 20
-42.09188309203679
 30
0.0
  0
VERTEX
  5
18D
330
186
100
AcDbEntity
  8
0
100
AcDbVertex
100
AcDb2dVertex
 10
-117.0918830920368
 20
-27.25126265847086
 30
0.0
 42
-0.1989123673796588
  0
VERTEX
  5
18E
330
186
100
AcDbEntity
  8
0
100
AcDbVertex
100
AcDb2dVertex
 10
-117.6776695296637
 20
-25.83704909609776
 30
0.0
  0
VERTEX
  5
18F
330
186
100
AcDbEntity
  8
0
100
AcDbVertex
100
AcDb2dVertex
 10
-117.6776695296637
 20
-24.16295090390229
 30
0.0
 42
-0.198912367379656
  0
VERTEX
  5
190
330
186
100
AcDbEntity
  8
0
100
AcDbVertex
100
AcDb2dVertex
 10
-117.0918830920368
 20
-22.74873734152921
 30
0.0
  0
VERTEX
  5
191
330
186
100
AcDbEntity
  8
0
100
AcDbVertex
100
AcDb2dVertex
 10
-102.2512626584708
 20
-7.90811690796324
 30
0.0
 42
-0.1989123673796578
  0
VERTEX
  5
192
330
186
100
AcDbEntity
  8
0
100
AcDbVertex
100
AcDb2dVertex
 10
-100.8370490960977
 20
-7.32233047033633
 30
0.0
  0
VERTEX
  5
193
330
186
100
AcDbEntity
  8
0
100
AcDbVertex
100
AcDb2dVertex
 10
-99.16295090390228
 20
-7.322330470336333
 30
0.0
 42
-0.198912367379658
  0
VERTEX
  5
194
330
186
100
AcDbEntity
  8
0
100
AcDbVertex
100
AcDb2dVertex
 10
-97.74873734152919
 20
-7.90811690796324
 30
0.0
  0
VERTEX
  5
195
330
186
100
AcDbEntity
  8
0
100
AcDbVertex
100
AcDb2dVertex
 10
-82.90811690796322
 20
-22.74873734152921
 30
0.0
 42
-0.1989123673796584
  0
VERTEX
  5
196
330
186
100
AcDbEntity
  8
0
100
AcDbVertex
100
AcDb2dVertex
 10
-82.32233047033632
 20
-24.1629509039023
 30
0.0
  0
VERTEX
  5
197
330
186
100
AcDbEntity
  8
0
100
AcDbVertex
100
AcDb2dVertex
 10
-82.32233047033631
 20
-25.83704909609776
 30
0.0
 42
-0.1989123673796584
  0
SEQEND
  5
189
330
186
100
AcDbEntity
  8
0
  0
POLYLINE
  5
198
330
70
100
AcDbEntity
  8
0
100
AcDb2dPolyline
 66
     1
 10
0.0
 20
0.0
 30
0.0
 70
     1
  0
VERTEX
  5
199
330
198
100
AcDbEntity
  8
0
100
AcDbVertex
100
AcDb2dVertex
 10
-82.90811690796321
 20
22.74873734152916
 30
0.0
  0
VERTEX
  5
19A
330
198
100
AcDbEntity
  8
0
100
AcDbVertex
100
AcDb2dVertex
 10
-97.74873734152913
 20
7.908116907963216
 30
0.0
 42
-0.1989123673796598
  0
VERTEX
  5
19C
330
198
100
AcDbEntity
  8
0
100
AcDbVertex
100
AcDb2dVertex
 10
-99.16295090390223
 20
7.322330470336294
 30
0.0
  0
VERTEX
  5
19D
330
198
100
AcDbEntity
  8
0
100
AcDbVertex
100
AcDb2dVertex
 10
-100.8370490960977
 20
7.322330470336294
 30
0.0
 42
-0.1989123673796581
  0
VERTEX
  5
19E
330
198
100
AcDbEntity
  8
0
100
AcDbVertex
100
AcDb2dVertex
 10
-102.2512626584708
 20
7.908116907963202
 30
0.0
  0
VERTEX
  5
19F
330
198
100
AcDbEntity
  8
0
100
AcDbVertex
100
AcDb2dVertex
 10
-117.0918830920368
 20
22.74873734152915
 30
0.0
 42
-0.1989123673796584
  0
VERTEX
  5
1A0
330
198
100
AcDbEntity
  8
0
100
AcDbVertex
100
AcDb2dVertex
 10
-117.6776695296637
 20
24.16295090390225
 30
0.0
  0
VERTEX
  5
1A1
330
198
100
AcDbEntity
  8
0
100
AcDbVertex
100
AcDb2dVertex
 10
-117.6776695296637
 20
25.83704909609771
 30
0.0
 42
-0.198912367379656
  0
VERTEX
  5
1A2
330
198
100
AcDbEntity
  8
0
100
AcDbVertex
100
AcDb2dVertex
 10
-117.0918830920368
 20
27.25126265847079
 30
0.0
  0
VERTEX
  5
1A3
330
198
100
AcDbEntity
  8
0
100
AcDbVertex
100
AcDb2dVertex
 10
-102.2512626584708
 20
42.09188309203676
 30
0.0
 42
-0.198912367379658
  0
VERTEX
  5
1A4
330
198
100
AcDbEntity
  8
0
100
AcDbVertex
100
AcDb2dVertex
 10
-100.8370490960977
 20
42.67766952966367
 30
0.0
  0
VERTEX
  5
1A5
330
198
100
AcDbEntity
  8
0
100
AcDbVertex
100
AcDb2dVertex
 10
-99.16295090390228
 20
42.67766952966367
 30
0.0
 42
-0.1989123673796572
  0
VERTEX
  5
1A6
330
198
100
AcDbEntity
  8
0
100
AcDbVertex
100
AcDb2dVertex
 10
-97.74873734152919
 20
42.09188309203677
 30
0.0
  0
VERTEX
  5
1A7
330
198
100
AcDbEntity
  8
0
100
AcDbVertex
100
AcDb2dVertex
 10
-82.90811690796322
 20
27.25126265847081
 30
0.0
 42
-0.1989123673796584
  0
VERTEX
  5
1A8
330
198
100
AcDbEntity
  8
0
100
AcDbVertex
100
AcDb2dVertex
 10
-82.32233047033632
 20
25.83704909609771
 30
0.0
  0
VERTEX
  5
1A9
330
198
100
AcDbEntity
  8
0
100
AcDbVertex
100
AcDb2dVertex
 10
-82.32233047033631
 20
24.16295090390224
 30
0.0
 42
-0.198912367379658
  0
SEQEND
  5
19B
330
198
100
AcDbEntity
  8
0
  0
POLYLINE
  5
1AA
330
70
100
AcDbEntity
  8
0
100
AcDb2dPolyline
 66
     1
 10
0.0
 20
0.0
 30
0.0
 70
     1
  0
VERTEX
  5
1AB
330
1AA
100
AcDbEntity
  8
0
100
AcDbVertex
100
AcDb2dVertex
 10
-82.90811690796322
 20
72.74873734152916
 30
0.0
  0
VERTEX
  5
1AC
330
1AA
100
AcDbEntity
  8
0
100
AcDbVertex
100
AcDb2dVertex
 10
-97.74873734152917
 20
57.90811690796321
 30
0.0
 42
-0.198912367379658
  0
VERTEX
  5
1AE
330
1AA
100
AcDbEntity
  8
0
100
AcDbVertex
100
AcDb2dVertex
 10
-99.16295090390224
 20
57.32233047033631
 30
0.0
  0
VERTEX
  5
1AF
330
1AA
100
AcDbEntity
  8
0
100
AcDbVertex
100
AcDb2dVertex
 10
-100.8370490960978
 20
57.3223304703363
 30
0.0
 42
-0.198912367379658
  0
VERTEX
  5
1B0
330
1AA
100
AcDbEntity
  8
0
100
AcDbVertex
100
AcDb2dVertex
 10
-102.2512626584709
 20
57.90811690796321
 30
0.0
  0
VERTEX
  5
1B1
330
1AA
100
AcDbEntity
  8
0
100
AcDbVertex
100
AcDb2dVertex
 10
-117.0918830920368
 20
72.74873734152913
 30
0.0
 42
-0.1989123673796588
  0
VERTEX
  5
1B2
330
1AA
100
AcDbEntity
  8
0
100
AcDbVertex
100
AcDb2dVertex
 10
-117.6776695296637
 20
74.16295090390224
 30
0.0
  0
VERTEX
  5
1B3
330
1AA
100
AcDbEntity
  8
0
100
AcDbVertex
100
AcDb2dVertex
 10
-117.6776695296637
 20
75.83704909609771
 30
0.0
 42
-0.198912367379658
  0
VERTEX
  5
1B4
330
1AA
100
AcDbEntity
  8
0
100
AcDbVertex
100
AcDb2dVertex
 10
-117.0918830920368
 20
77.2512626584708
 30
0.0
  0
VERTEX
  5
1B5
330
1AA
100
AcDbEntity
  8
0
100
AcDbVertex
100
AcDb2dVertex
 10
-102.2512626584708
 20
92.0918830920368
 30
0.0
 42
-0.198912367379658
  0
VERTEX
  5
1B6
330
1AA
100
AcDbEntity
  8
0
100
AcDbVertex
100
AcDb2dVertex
 10
-100.8370490960977
 20
92.67766952966368
 30
0.0
  0
VERTEX
  5
1B7
330
1AA
100
AcDbEntity
  8
0
100
AcDbVertex
100
AcDb2dVertex
 10
-99.1629509039023
 20
92.67766952966367
 30
0.0
 42
-0.1989123673796596
  0
VERTEX
  5
1B8
330
1AA
100
AcDbEntity
  8
0
100
AcDbVertex
100
AcDb2dVertex
 10
-97.74873734152919
 20
92.09188309203677
 30
0.0
  0
VERTEX
  5
1B9
330
1AA
100
AcDbEntity
  8
0
100
AcDbVertex
100
AcDb2dVertex
 10
-82.90811690796321
 20
77.25126265847079
 30
0.0
 42
-0.1989123673796555
  0
VERTEX
  5
1BA
330
1AA
100
AcDbEntity
  8
0
100
AcDbVertex
100
AcDb2dVertex
 10
-82.32233047033632
 20
75.8370490960977
 30
0.0
  0
VERTEX
  5
1BB
330
1AA
100
AcDbEntity
  8
0
100
AcDbVertex
100
AcDb2dVertex
 10
-82.32233047033632
 20
74.16295090390224
 30
0.0
 42
-0.198912367379658
  0
SEQEND
  5
1AD
330
1AA
100
AcDbEntity
  8
0
  0
POLYLINE
  5
1BC
330
70
100
AcDbEntity
  8
0
100
AcDb2dPolyline
 66
     1
 10
0.0
 20
0.0
 30
0.0
 70
     1
  0
VERTEX
  5
1BD
330
1BC
100
AcDbEntity
  8
0
100
AcDbVertex
100
AcDb2dVertex
 10
-32.90811690796321
 20
-77.25126265847084
 30
0.0
  0
VERTEX
  5
1BE
330
1BC
100
AcDbEntity
  8
0
100
AcDbVertex
100
AcDb2dVertex
 10
-47.74873734152918
 20
-92.09188309203682
 30
0.0
 42
-0.1989123673796588
  0
VERTEX
  5
1C0
330
1BC
100
AcDbEntity
  8
0
100
AcDbVertex
100
AcDb2dVertex
 10
-49.16295090390228
 20
-92.67766952966372
 30
0.0
  0
VERTEX
  5
1C1
330
1BC
100
AcDbEntity
  8
0
100
AcDbVertex
100
AcDb2dVertex
 10
-50.83704909609775
 20
-92.6776695296637
 30
0.0
 42
-0.198912367379658
  0
VERTEX
  5
1C2
330
1BC
100
AcDbEntity
  8
0
100
AcDbVertex
100
AcDb2dVertex
 10
-52.25126265847085
 20
-92.0918830920368
 30
0.0
  0
VERTEX
  5
1C3
330
1BC
100
AcDbEntity
  8
0
100
AcDbVertex
100
AcDb2dVertex
 10
-67.09188309203679
 20
-77.25126265847086
 30
0.0
 42
-0.1989123673796572
  0
VERTEX
  5
1C4
330
1BC
100
AcDbEntity
  8
0
100
AcDbVertex
100
AcDb2dVertex
 10
-67.67766952966368
 20
-75.83704909609777
 30
0.0
  0
VERTEX
  5
1C5
330
1BC
100
AcDbEntity
  8
0
100
AcDbVertex
100
AcDb2dVertex
 10
-67.6776695296637
 20
-74.16295090390227
 30
0.0
 42
-0.1989123673796563
  0
VERTEX
  5
1C6
330
1BC
100
AcDbEntity
  8
0
100
AcDbVertex
100
AcDb2dVertex
 10
-67.09188309203679
 20
-72.74873734152919
 30
0.0
  0
VERTEX
  5
1C7
330
1BC
100
AcDbEntity
  8
0
100
AcDbVertex
100
AcDb2dVertex
 10
-52.25126265847086
 20
-57.90811690796324
 30
0.0
 42
-0.1989123673796589
  0
VERTEX
  5
1C8
330
1BC
100
AcDbEntity
  8
0
100
AcDbVertex
100
AcDb2dVertex
 10
-50.83704909609775
 20
-57.32233047033634
 30
0.0
  0
VERTEX
  5
1C9
330
1BC
100
AcDbEntity
  8
0
100
AcDbVertex
100
AcDb2dVertex
 10
-49.16295090390228
 20
-57.32233047033632
 30
0.0
 42
-0.198912367379658
  0
VERTEX
  5
1CA
330
1BC
100
AcDbEntity
  8
0
100
AcDbVertex
100
AcDb2dVertex
 10
-47.74873734152918
 20
-57.90811690796324
 30
0.0
  0
VERTEX
  5
1CB
330
1BC
100
AcDbEntity
  8
0
100
AcDbVertex
100
AcDb2dVertex
 10
-32.90811690796323
 20
-72.74873734152921
 30
0.0
 42
-0.1989123673796576
  0
VERTEX
  5
1CC
330
1BC
100
AcDbEntity
  8
0
100
AcDbVertex
100
AcDb2dVertex
 10
-32.32233047033632
 20
-74.1629509039023
 30
0.0
  0
VERTEX
  5
1CD
330
1BC
100
AcDbEntity
  8
0
100
AcDbVertex
100
AcDb2dVertex
 10
-32.32233047033631
 20
-75.83704909609775
 30
0.0
 42
-0.1989123673796576
  0
SEQEND
  5
1BF
330
1BC
100
AcDbEntity
  8
0
  0
POLYLINE
  5
1CE
330
70
100
AcDbEntity
  8
0
100
AcDb2dPolyline
 66
     1
 10
0.0
 20
0.0
 30
0.0
 70
     1
  0
VERTEX
  5
1CF
330
1CE
100
AcDbEntity
  8
0
100
AcDbVertex
100
AcDb2dVertex
 10
-32.90811690796323
 20
72.74873734152918
 30
0.0
  0
VERTEX
  5
1D0
330
1CE
100
AcDbEntity
  8
0
100
AcDbVertex
100
AcDb2dVertex
 10
-47.74873734152916
 20
57.90811690796323
 30
0.0
 42
-0.198912367379658
  0
VERTEX
  5
1D2
330
1CE
100
AcDbEntity
  8
0
100
AcDbVertex
100
AcDb2dVertex
 10
-49.16295090390225
 20
57.32233047033632
 30
0.0
  0
VERTEX
  5
1D3
330
1CE
100
AcDbEntity
  8
0
100
AcDbVertex
100
AcDb2dVertex
 10
-50.83704909609778
 20
57.32233047033631
 30
0.0
 42
-0.1989123673796589
  0
VERTEX
  5
1D4
330
1CE
100
AcDbEntity
  8
0
100
AcDbVertex
100
AcDb2dVertex
 10
-52.25126265847087
 20
57.90811690796322
 30
0.0
  0
VERTEX
  5
1D5
330
1CE
100
AcDbEntity
  8
0
100
AcDbVertex
100
AcDb2dVertex
 10
-67.09188309203679
 20
72.74873734152913
 30
0.0
 42
-0.1989123673796605
  0
VERTEX
  5
1D6
330
1CE
100
AcDbEntity
  8
0
100
AcDbVertex
100
AcDb2dVertex
 10
-67.6776695296637
 20
74.16295090390224
 30
0.0
  0
VERTEX
  5
1D7
330
1CE
100
AcDbEntity
  8
0
100
AcDbVertex
100
AcDb2dVertex
 10
-67.6776695296637
 20
75.83704909609775
 30
0.0
 42
-0.198912367379658
  0
VERTEX
  5
1D8
330
1CE
100
AcDbEntity
  8
0
100
AcDbVertex
100
AcDb2dVertex
 10
-67.09188309203679
 20
77.25126265847084
 30
0.0
  0
VERTEX
  5
1D9
330
1CE
100
AcDbEntity
  8
0
100
AcDbVertex
100
AcDb2dVertex
 10
-52.25126265847086
 20
92.0918830920368
 30
0.0
 42
-0.198912367379658
  0
VERTEX
  5
1DA
330
1CE
100
AcDbEntity
  8
0
100
AcDbVertex
100
AcDb2dVertex
 10
-50.83704909609775
 20
92.67766952966368
 30
0.0
  0
VERTEX
  5
1DB
330
1CE
100
AcDbEntity
  8
0
100
AcDbVertex
100
AcDb2dVertex
 10
-49.16295090390232
 20
92.67766952966368
 30
0.0
 42
-0.1989123673796588
  0
VERTEX
  5
1DC
330
1CE
100
AcDbEntity
  8
0
100
AcDbVertex
100
AcDb2dVertex
 10
-47.74873734152921
 20
92.0918830920368
 30
0.0
  0
VERTEX
  5
1DD
330
1CE
100
AcDbEntity
  8
0
100
AcDbVertex
100
AcDb2dVertex
 10
-32.90811690796324
 20
77.25126265847082
 30
0.0
 42
-0.1989123673796576
  0
VERTEX
  5
1DE
330
1CE
100
AcDbEntity
  8
0
100
AcDbVertex
100
AcDb2dVertex
 10
-32.32233047033633
 20
75.83704909609773
 30
0.0
  0
VERTEX
  5
1DF
330
1CE
100
AcDbEntity
  8
0
100
AcDbVertex
100
AcDb2dVertex
 10
-32.32233047033633
 20
74.16295090390227
 30
0.0
 42
-0.1989123673796576
  0
SEQEND
  5
1D1
330
1CE
100
AcDbEntity
  8
0
  0
POLYLINE
  5
1E0
330
70
100
AcDbEntity
  8
0
100
AcDb2dPolyline
 66
     1
 10
0.0
 20
0.0
 30
0.0
 70
     1
  0
VERTEX
  5
1E1
330
1E0
100
AcDbEntity
  8
0
100
AcDbVertex
100
AcDb2dVertex
 10
167.0918830920368
 20
-77.25126265847082
 30
0.0
  0
VERTEX
  5
1E2
330
1E0
100
AcDbEntity
  8
0
100
AcDbVertex
100
AcDb2dVertex
 10
152.2512626584708
 20
-92.09188309203677
 30
0.0
 42
-0.198912367379658
  0
VERTEX
  5
1E4
330
1E0
100
AcDbEntity
  8
0
100
AcDbVertex
100
AcDb2dVertex
 10
150.8370490960977
 20
-92.67766952966367
 30
0.0
  0
VERTEX
  5
1E5
330
1E0
100
AcDbEntity
  8
0
100
AcDbVertex
100
AcDb2dVertex
 10
149.1629509039022
 20
-92.67766952966367
 30
0.0
 42
-0.198912367379658
  0
VERTEX
  5
1E6
330
1E0
100
AcDbEntity
  8
0
100
AcDbVertex
100
AcDb2dVertex
 10
147.7487373415291
 20
-92.09188309203675
 30
0.0
  0
VERTEX
  5
1E7
330
1E0
100
AcDbEntity
  8
0
100
AcDbVertex
100
AcDb2dVertex
 10
132.9081169079632
 20
-77.2512626584708
 30
0.0
 42
-0.1989123673796588
  0
VERTEX
  5
1E8
330
1E0
100
AcDbEntity
  8
0
100
AcDbVertex
100
AcDb2dVertex
 10
132.3223304703363
 20
-75.8370490960977
 30
0.0
  0
VERTEX
  5
1E9
330
1E0
100
AcDbEntity
  8
0
100
AcDbVertex
100
AcDb2dVertex
 10
132.3223304703363
 20
-74.16295090390223
 30
0.0
 42
-0.198912367379658
  0
VERTEX
  5
1EA
330
1E0
100
AcDbEntity
  8
0
100
AcDbVertex
100
AcDb2dVertex
 10
132.9081169079632
 20
-72.74873734152913
 30
0.0
  0
VERTEX
  5
1EB
330
1E0
100
AcDbEntity
  8
0
100
AcDbVertex
100
AcDb2dVertex
 10
147.7487373415291
 20
-57.90811690796321
 30
0.0
 42
-0.1989123673796572
  0
VERTEX
  5
1EC
330
1E0
100
AcDbEntity
  8
0
100
AcDbVertex
100
AcDb2dVertex
 10
149.1629509039022
 20
-57.32233047033628
 30
0.0
  0
VERTEX
  5
1ED
330
1E0
100
AcDbEntity
  8
0
100
AcDbVertex
100
AcDb2dVertex
 10
150.8370490960977
 20
-57.32233047033627
 30
0.0
 42
-0.1989123673796547
  0
VERTEX
  5
1EE
330
1E0
100
AcDbEntity
  8
0
100
AcDbVertex
100
AcDb2dVertex
 10
152.2512626584707
 20
-57.90811690796317
 30
0.0
  0
VERTEX
  5
1EF
330
1E0
100
AcDbEntity
  8
0
100
AcDbVertex
100
AcDb2dVertex
 10
167.0918830920368
 20
-72.74873734152915
 30
0.0
 42
-0.1989123673796588
  0
VERTEX
  5
1F0
330
1E0
100
AcDbEntity
  8
0
100
AcDbVertex
100
AcDb2dVertex
 10
167.6776695296637
 20
-74.16295090390224
 30
0.0
  0
VERTEX
  5
1F1
330
1E0
100
AcDbEntity
  8
0
100
AcDbVertex
100
AcDb2dVertex
 10
167.6776695296637
 20
-75.83704909609773
 30
0.0
 42
-0.198912367379658
  0
SEQEND
  5
1E3
330
1E0
100
AcDbEntity
  8
0
  0
POLYLINE
  5
1F2
330
70
100
AcDbEntity
  8
0
100
AcDb2dPolyline
 66
     1
 10
0.0
 20
0.0
 30
0.0
 70
     1
  0
VERTEX
  5
1F3
330
1F2
100
AcDbEntity
  8
0
100
AcDbVertex
100
AcDb2dVertex
 10
167.0918830920368
 20
-27.25126265847082
 30
0.0
  0
VERTEX
  5
1F4
330
1F2
100
AcDbEntity
  8
0
100
AcDbVertex
100
AcDb2dVertex
 10
152.2512626584708
 20
-42.09188309203675
 30
0.0
 42
-0.1989123673796572
  0
VERTEX
  5
1F6
330
1F2
100
AcDbEntity
  8
0
100
AcDbVertex
100
AcDb2dVertex
 10
150.8370490960977
 20
-42.67766952966365
 30
0.0
  0
VERTEX
  5
1F7
330
1F2
100
AcDbEntity
  8
0
100
AcDbVertex
100
AcDb2dVertex
 10
149.1629509039022
 20
-42.67766952966365
 30
0.0
 42
-0.1989123673796605
  0
VERTEX
  5
1F8
330
1F2
100
AcDbEntity
  8
0
100
AcDbVertex
100
AcDb2dVertex
 10
147.7487373415291
 20
-42.09188309203674
 30
0.0
  0
VERTEX
  5
1F9
330
1F2
100
AcDbEntity
  8
0
100
AcDbVertex
100
AcDb2dVertex
 10
132.9081169079632
 20
-27.25126265847081
 30
0.0
 42
-0.198912367379656
  0
VERTEX
  5
1FA
330
1F2
100
AcDbEntity
  8
0
100
AcDbVertex
100
AcDb2dVertex
 10
132.3223304703363
 20
-25.83704909609771
 30
0.0
  0
VERTEX
  5
1FB
330
1F2
100
AcDbEntity
  8
0
100
AcDbVertex
100
AcDb2dVertex
 10
132.3223304703363
 20
-24.16295090390224
 30
0.0
 42
-0.1989123673796584
  0
VERTEX
  5
1FC
330
1F2
100
AcDbEntity
  8
0
100
AcDbVertex
100
AcDb2dVertex
 10
132.9081169079632
 20
-22.74873734152914
 30
0.0
  0
VERTEX
  5
1FD
330
1F2
100
AcDbEntity
  8
0
100
AcDbVertex
100
AcDb2dVertex
 10
147.7487373415291
 20
-7.908116907963185
 30
0.0
 42
-0.1989123673796576
  0
VERTEX
  5
1FE
330
1F2
100
AcDbEntity
  8
0
100
AcDbVertex
100
AcDb2dVertex
 10
149.1629509039022
 20
-7.322330470336277
 30
0.0
  0
VERTEX
  5
1FF
330
1F2
100
AcDbEntity
  8
0
100
AcDbVertex
100
AcDb2dVertex
 10
150.8370490960977
 20
-7.32233047033628
 30
0.0
 42
-0.1989123673796568
  0
VERTEX
  5
200
330
1F2
100
AcDbEntity
  8
0
100
AcDbVertex
100
AcDb2dVertex
 10
152.2512626584708
 20
-7.908116907963174
 30
0.0
  0
VERTEX
  5
201
330
1F2
100
AcDbEntity
  8
0
100
AcDbVertex
100
AcDb2dVertex
 10
167.0918830920368
 20
-22.74873734152915
 30
0.0
 42
-0.1989123673796592
  0
VERTEX
  5
202
330
1F2
100
AcDbEntity
  8
0
100
AcDbVertex
100
AcDb2dVertex
 10
167.6776695296637
 20
-24.16295090390227
 30
0.0
  0
VERTEX
  5
203
330
1F2
100
AcDbEntity
  8
0
100
AcDbVertex
100
AcDb2dVertex
 10
167.6776695296637
 20
-25.83704909609775
 30
0.0
 42
-0.1989123673796576
  0
SEQEND
  5
1F5
330
1F2
100
AcDbEntity
  8
0
  0
POLYLINE
  5
204
330
70
100
AcDbEntity
  8
0
100
AcDb2dPolyline
 66
     1
 10
0.0
 20
0.0
 30
0.0
 70
     1
  0
VERTEX
  5
205
330
204
100
AcDbEntity
  8
0
100
AcDbVertex
100
AcDb2dVertex
 10
117.0918830920368
 20
-77.2512626584708
 30
0.0
  0
VERTEX
  5
206
330
204
100
AcDbEntity
  8
0
100
AcDbVertex
100
AcDb2dVertex
 10
102.2512626584708
 20
-92.0918830920368
 30
0.0
 42
-0.198912367379658
  0
VERTEX
  5
208
330
204
100
AcDbEntity
  8
0
100
AcDbVertex
100
AcDb2dVertex
 10
100.8370490960977
 20
-92.67766952966368
 30
0.0
  0
VERTEX
  5
209
330
204
100
AcDbEntity
  8
0
100
AcDbVertex
100
AcDb2dVertex
 10
99.16295090390223
 20
-92.67766952966367
 30
0.0
 42
-0.1989123673796563
  0
VERTEX
  5
20A
330
204
100
AcDbEntity
  8
0
100
AcDbVertex
100
AcDb2dVertex
 10
97.74873734152913
 20
-92.0918830920368
 30
0.0
  0
VERTEX
  5
20B
330
204
100
AcDbEntity
  8
0
100
AcDbVertex
100
AcDb2dVertex
 10
82.90811690796319
 20
-77.25126265847082
 30
0.0
 42
-0.1989123673796555
  0
VERTEX
  5
20C
330
204
100
AcDbEntity
  8
0
100
AcDbVertex
100
AcDb2dVertex
 10
82.32233047033631
 20
-75.83704909609773
 30
0.0
  0
VERTEX
  5
20D
330
204
100
AcDbEntity
  8
0
100
AcDbVertex
100
AcDb2dVertex
 10
82.32233047033632
 20
-74.16295090390224
 30
0.0
 42
-0.198912367379658
  0
VERTEX
  5
20E
330
204
100
AcDbEntity
  8
0
100
AcDbVertex
100
AcDb2dVertex
 10
82.90811690796321
 20
-72.74873734152916
 30
0.0
  0
VERTEX
  5
20F
330
204
100
AcDbEntity
  8
0
100
AcDbVertex
100
AcDb2dVertex
 10
97.74873734152917
 20
-57.90811690796323
 30
0.0
 42
-0.198912367379658
  0
VERTEX
  5
210
330
204
100
AcDbEntity
  8
0
100
AcDbVertex
100
AcDb2dVertex
 10
99.16295090390223
 20
-57.32233047033631
 30
0.0
  0
VERTEX
  5
211
330
204
100
AcDbEntity
  8
0
100
AcDbVertex
100
AcDb2dVertex
 10
100.8370490960977
 20
-57.3223304703363
 30
0.0
 42
-0.1989123673796572
  0
VERTEX
  5
212
330
204
100
AcDbEntity
  8
0
100
AcDbVertex
100
AcDb2dVertex
 10
102.2512626584708
 20
-57.90811690796319
 30
0.0
  0
VERTEX
  5
213
330
204
100
AcDbEntity
  8
0
100
AcDbVertex
100
AcDb2dVertex
 10
117.0918830920367
 20
-72.74873734152916
 30
0.0
 42
-0.1989123673796588
  0
VERTEX
  5
214
330
204
100
AcDbEntity
  8
0
100
AcDbVertex
100
AcDb2dVertex
 10
117.6776695296636
 20
-74.16295090390225
 30
0.0
  0
VERTEX
  5
215
330
204
100
AcDbEntity
  8
0
100
AcDbVertex
100
AcDb2dVertex
 10
117.6776695296637
 20
-75.83704909609771
 30
0.0
 42
-0.198912367379658
  0
SEQEND
  5
207
330
204
100
AcDbEntity
  8
0
  0
POLYLINE
  5
216
330
70
100
AcDbEntity
  8
0
100
AcDb2dPolyline
 66
     1
 10
0.0
 20
0.0
 30
0.0
 70
     1
  0
VERTEX
  5
217
330
216
100
AcDbEntity
  8
0
100
AcDbVertex
100
AcDb2dVertex
 10
117.0918830920368
 20
-27.25126265847082
 30
0.0
  0
VERTEX
  5
218
330
216
100
AcDbEntity
  8
0
100
AcDbVertex
100
AcDb2dVertex
 10
102.2512626584708
 20
-42.09188309203676
 30
0.0
 42
-0.198912367379658
  0
VERTEX
  5
21A
330
216
100
AcDbEntity
  8
0
100
AcDbVertex
100
AcDb2dVertex
 10
100.8370490960977
 20
-42.67766952966367
 30
0.0
  0
VERTEX
  5
21B
330
216
100
AcDbEntity
  8
0
100
AcDbVertex
100
AcDb2dVertex
 10
99.16295090390223
 20
-42.67766952966367
 30
0.0
 42
-0.198912367379658
  0
VERTEX
  5
21C
330
216
100
AcDbEntity
  8
0
100
AcDbVertex
100
AcDb2dVertex
 10
97.74873734152913
 20
-42.09188309203676
 30
0.0
  0
VERTEX
  5
21D
330
216
100
AcDbEntity
  8
0
100
AcDbVertex
100
AcDb2dVertex
 10
82.90811690796321
 20
-27.25126265847082
 30
0.0
 42
-0.1989123673796588
  0
VERTEX
  5
21E
330
216
100
AcDbEntity
  8
0
100
AcDbVertex
100
AcDb2dVertex
 10
82.32233047033631
 20
-25.83704909609772
 30
0.0
  0
VERTEX
  5
21F
330
216
100
AcDbEntity
  8
0
100
AcDbVertex
100
AcDb2dVertex
 10
82.32233047033631
 20
-24.16295090390226
 30
0.0
 42
-0.198912367379658
  0
VERTEX
  5
220
330
216
100
AcDbEntity
  8
0
100
AcDbVertex
100
AcDb2dVertex
 10
82.90811690796321
 20
-22.74873734152917
 30
0.0
  0
VERTEX
  5
221
330
216
100
AcDbEntity
  8
0
100
AcDbVertex
100
AcDb2dVertex
 10
97.74873734152917
 20
-7.908116907963211
 30
0.0
 42
-0.1989123673796581
  0
VERTEX
  5
222
330
216
100
AcDbEntity
  8
0
100
AcDbVertex
100
AcDb2dVertex
 10
99.16295090390224
 20
-7.322330470336295
 30
0.0
  0
VERTEX
  5
223
330
216
100
AcDbEntity
  8
0
100
AcDbVertex
100
AcDb2dVertex
 10
100.8370490960977
 20
-7.322330470336297
 30
0.0
 42
-0.1989123673796571
  0
VERTEX
  5
224
330
216
100
AcDbEntity
  8
0
100
AcDbVertex
100
AcDb2dVertex
 10
102.2512626584708
 20
-7.908116907963195
 30
0.0
  0
VERTEX
  5
225
330
216
100
AcDbEntity
  8
0
100
AcDbVertex
100
AcDb2dVertex
 10
117.0918830920367
 20
-22.74873734152916
 30
0.0
 42
-0.1989123673796588
  0
VERTEX
  5
226
330
216
100
AcDbEntity
  8
0
100
AcDbVertex
100
AcDb2dVertex
 10
117.6776695296636
 20
-24.16295090390227
 30
0.0
  0
VERTEX
  5
227
330
216
100
AcDbEntity
  8
0
100
AcDbVertex
100
AcDb2dVertex
 10
117.6776695296637
 20
-25.83704909609772
 30
0.0
 42
-0.1989123673796584
  0
SEQEND
  5
219
330
216
100
AcDbEntity
  8
0
  0
POLYLINE
  5
228
330
70
100
AcDbEntity
  8
0
100
AcDb2dPolyline
 66
     1
 10
0.0
 20
0.0
 30
0.0
 70
     1
  0
VERTEX
  5
229
330
228
100
AcDbEntity
  8
0
100
AcDbVertex
100
AcDb2dVertex
 10
67.09188309203679
 20
-77.25126265847082
 30
0.0
  0
VERTEX
  5
22A
330
228
100
AcDbEntity
  8
0
100
AcDbVertex
100
AcDb2dVertex
 10
52.25126265847082
 20
-92.0918830920368
 30
0.0
 42
-0.198912367379658
  0
VERTEX
  5
22C
330
228
100
AcDbEntity
  8
0
100
AcDbVertex
100
AcDb2dVertex
 10
50.83704909609773
 20
-92.67766952966368
 30
0.0
  0
VERTEX
  5
22D
330
228
100
AcDbEntity
  8
0
100
AcDbVertex
100
AcDb2dVertex
 10
49.16295090390224
 20
-92.67766952966367
 30
0.0
 42
-0.198912367379658
  0
VERTEX
  5
22E
330
228
100
AcDbEntity
  8
0
100
AcDbVertex
100
AcDb2dVertex
 10
47.74873734152914
 20
-92.09188309203677
 30
0.0
  0
VERTEX
  5
22F
330
228
100
AcDbEntity
  8
0
100
AcDbVertex
100
AcDb2dVertex
 10
32.90811690796321
 20
-77.25126265847082
 30
0.0
 42
-0.1989123673796576
  0
VERTEX
  5
230
330
228
100
AcDbEntity
  8
0
100
AcDbVertex
100
AcDb2dVertex
 10
32.3223304703363
 20
-75.83704909609773
 30
0.0
  0
VERTEX
  5
231
330
228
100
AcDbEntity
  8
0
100
AcDbVertex
100
AcDb2dVertex
 10
32.32233047033631
 20
-74.16295090390224
 30
0.0
 42
-0.1989123673796576
  0
VERTEX
  5
232
330
228
100
AcDbEntity
  8
0
100
AcDbVertex
100
AcDb2dVertex
 10
32.90811690796321
 20
-72.74873734152916
 30
0.0
  0
VERTEX
  5
233
330
228
100
AcDbEntity
  8
0
100
AcDbVertex
100
AcDb2dVertex
 10
47.74873734152913
 20
-57.90811690796321
 30
0.0
 42
-0.198912367379658
  0
VERTEX
  5
234
330
228
100
AcDbEntity
  8
0
100
AcDbVertex
100
AcDb2dVertex
 10
49.16295090390223
 20
-57.32233047033631
 30
0.0
  0
VERTEX
  5
235
330
228
100
AcDbEntity
  8
0
100
AcDbVertex
100
AcDb2dVertex
 10
50.83704909609772
 20
-57.3223304703363
 30
0.0
 42
-0.198912367379658
  0
VERTEX
  5
236
330
228
100
AcDbEntity
  8
0
100
AcDbVertex
100
AcDb2dVertex
 10
52.25126265847081
 20
-57.90811690796321
 30
0.0
  0
VERTEX
  5
237
330
228
100
AcDbEntity
  8
0
100
AcDbVertex
100
AcDb2dVertex
 10
67.09188309203677
 20
-72.74873734152916
 30
0.0
 42
-0.1989123673796589
  0
VERTEX
  5
238
330
228
100
AcDbEntity
  8
0
100
AcDbVertex
100
AcDb2dVertex
 10
67.67766952966367
 20
-74.16295090390225
 30
0.0
  0
VERTEX
  5
239
330
228
100
AcDbEntity
  8
0
100
AcDbVertex
100
AcDb2dVertex
 10
67.67766952966368
 20
-75.83704909609773
 30
0.0
 42
-0.198912367379658
  0
SEQEND
  5
22B
330
228
100
AcDbEntity
  8
0
  0
POLYLINE
  5
23A
330
70
100
AcDbEntity
  8
0
100
AcDb2dPolyline
 66
     1
 10
0.0
 20
0.0
 30
0.0
 70
     1
  0
VERTEX
  5
23B
330
23A
100
AcDbEntity
  8
0
100
AcDbVertex
100
AcDb2dVertex
 10
67.09188309203679
 20
-27.25126265847083
 30
0.0
  0
VERTEX
  5
23C
330
23A
100
AcDbEntity
  8
0
100
AcDbVertex
100
AcDb2dVertex
 10
52.25126265847086
 20
-42.09188309203676
 30
0.0
 42
-0.198912367379658
  0
VERTEX
  5
23E
330
23A
100
AcDbEntity
  8
0
100
AcDbVertex
100
AcDb2dVertex
 10
50.83704909609777
 20
-42.67766952966367
 30
0.0
  0
VERTEX
  5
23F
330
23A
100
AcDbEntity
  8
0
100
AcDbVertex
100
AcDb2dVertex
 10
49.16295090390224
 20
-42.67766952966367
 30
0.0
 42
-0.198912367379658
  0
VERTEX
  5
240
330
23A
100
AcDbEntity
  8
0
100
AcDbVertex
100
AcDb2dVertex
 10
47.74873734152914
 20
-42.09188309203676
 30
0.0
  0
VERTEX
  5
241
330
23A
100
AcDbEntity
  8
0
100
AcDbVertex
100
AcDb2dVertex
 10
32.90811690796321
 20
-27.25126265847082
 30
0.0
 42
-0.1989123673796584
  0
VERTEX
  5
242
330
23A
100
AcDbEntity
  8
0
100
AcDbVertex
100
AcDb2dVertex
 10
32.3223304703363
 20
-25.83704909609772
 30
0.0
  0
VERTEX
  5
243
330
23A
100
AcDbEntity
  8
0
100
AcDbVertex
100
AcDb2dVertex
 10
32.32233047033631
 20
-24.16295090390226
 30
0.0
 42
-0.198912367379658
  0
VERTEX
  5
244
330
23A
100
AcDbEntity
  8
0
100
AcDbVertex
100
AcDb2dVertex
 10
32.90811690796321
 20
-22.74873734152916
 30
0.0
  0
VERTEX
  5
245
330
23A
100
AcDbEntity
  8
0
100
AcDbVertex
100
AcDb2dVertex
 10
47.74873734152915
 20
-7.908116907963195
 30
0.0
 42
-0.1989123673796574
  0
VERTEX
  5
246
330
23A
100
AcDbEntity
  8
0
100
AcDbVertex
100
AcDb2dVertex
 10
49.16295090390224
 20
-7.322330470336295
 30
0.0
  0
VERTEX
  5
247
330
23A
100
AcDbEntity
  8
0
100
AcDbVertex
100
AcDb2dVertex
 10
50.83704909609772
 20
-7.322330470336297
 30
0.0
 42
-0.1989123673796576
  0
VERTEX
  5
248
330
23A
100
AcDbEntity
  8
0
100
AcDbVertex
100
AcDb2dVertex
 10
52.25126265847081
 20
-7.908116907963202
 30
0.0
  0
VERTEX
  5
249
330
23A
100
AcDbEntity
  8
0
100
AcDbVertex
100
AcDb2dVertex
 10
67.09188309203677
 20
-22.74873734152916
 30
0.0
 42
-0.1989123673796589
  0
VERTEX
  5
24A
330
23A
100
AcDbEntity
  8
0
100
AcDbVertex
100
AcDb2dVertex
 10
67.67766952966367
 20
-24.16295090390227
 30
0.0
  0
VERTEX
  5
24B
330
23A
100
AcDbEntity
  8
0
100
AcDbVertex
100
AcDb2dVertex
 10
67.6776695296637
 20
-25.83704909609773
 30
0.0
 42
-0.1989123673796572
  0
SEQEND
  5
23D
330
23A
100
AcDbEntity
  8
0
  0
POLYLINE
  5
24C
330
70
100
AcDbEntity
  8
0
100
AcDb2dPolyline
 66
     1
 10
0.0
 20
0.0
 30
0.0
 70
     1
  0
VERTEX
  5
24D
330
24C
100
AcDbEntity
  8
0
100
AcDbVertex
100
AcDb2dVertex
 10
17.09188309203678
 20
-77.25126265847082
 30
0.0
  0
VERTEX
  5
24E
330
24C
100
AcDbEntity
  8
0
100
AcDbVertex
100
AcDb2dVertex
 10
2.251262658470842
 20
-92.0918830920368
 30
0.0
 42
-0.1989123673796586
  0
VERTEX
  5
250
330
24C
100
AcDbEntity
  8
0
100
AcDbVertex
100
AcDb2dVertex
 10
0.8370490960977432
 20
-92.67766952966368
 30
0.0
  0
VERTEX
  5
251
330
24C
100
AcDbEntity
  8
0
100
AcDbVertex
100
AcDb2dVertex
 10
-0.8370490960977395
 20
-92.67766952966368
 30
0.0
 42
-0.1989123673796585
  0
VERTEX
  5
252
330
24C
100
AcDbEntity
  8
0
100
AcDbVertex
100
AcDb2dVertex
 10
-2.251262658470837
 20
-92.0918830920368
 30
0.0
  0
VERTEX
  5
253
330
24C
100
AcDbEntity
  8
0
100
AcDbVertex
100
AcDb2dVertex
 10
-17.09188309203679
 20
-77.25126265847084
 30
0.0
 42
-0.1989123673796574
  0
VERTEX
  5
254
330
24C
100
AcDbEntity
  8
0
100
AcDbVertex
100
AcDb2dVertex
 10
-17.67766952966369
 20
-75.83704909609775
 30
0.0
  0
VERTEX
  5
255
330
24C
100
AcDbEntity
  8
0
100
AcDbVertex
100
AcDb2dVertex
 10
-17.67766952966369
 20
-74.16295090390227
 30
0.0
 42
-0.1989123673796576
  0
VERTEX
  5
256
330
24C
100
AcDbEntity
  8
0
100
AcDbVertex
100
AcDb2dVertex
 10
-17.09188309203679
 20
-72.74873734152918
 30
0.0
  0
VERTEX
  5
257
330
24C
100
AcDbEntity
  8
0
100
AcDbVertex
100
AcDb2dVertex
 10
-2.251262658470858
 20
-57.90811690796324
 30
0.0
 42
-0.1989123673796589
  0
VERTEX
  5
258
330
24C
100
AcDbEntity
  8
0
100
AcDbVertex
100
AcDb2dVertex
 10
-0.837049096097764
 20
-57.32233047033632
 30
0.0
  0
VERTEX
  5
259
330
24C
100
AcDbEntity
  8
0
100
AcDbVertex
100
AcDb2dVertex
 10
0.8370490960977194
 20
-57.32233047033631
 30
0.0
 42
-0.1989123673796583
  0
VERTEX
  5
25A
330
24C
100
AcDbEntity
  8
0
100
AcDbVertex
100
AcDb2dVertex
 10
2.251262658470814
 20
-57.90811690796322
 30
0.0
  0
VERTEX
  5
25B
330
24C
100
AcDbEntity
  8
0
100
AcDbVertex
100
AcDb2dVertex
 10
17.09188309203677
 20
-72.74873734152918
 30
0.0
 42
-0.1989123673796593
  0
VERTEX
  5
25C
330
24C
100
AcDbEntity
  8
0
100
AcDbVertex
100
AcDb2dVertex
 10
17.67766952966368
 20
-74.16295090390228
 30
0.0
  0
VERTEX
  5
25D
330
24C
100
AcDbEntity
  8
0
100
AcDbVertex
100
AcDb2dVertex
 10
17.67766952966368
 20
-75.83704909609773
 30
0.0
 42
-0.1989123673796574
  0
SEQEND
  5
24F
330
24C
100
AcDbEntity
  8
0
  0
POLYLINE
  5
25E
330
70
100
AcDbEntity
  8
0
100
AcDb2dPolyline
 66
     1
 10
0.0
 20
0.0
 30
0.0
 70
     1
  0
VERTEX
  5
25F
330
25E
100
AcDbEntity
  8
0
100
AcDbVertex
100
AcDb2dVertex
 10
17.09188309203678
 20
-27.25126265847084
 30
0.0
  0
VERTEX
  5
260
330
25E
100
AcDbEntity
  8
0
100
AcDbVertex
100
AcDb2dVertex
 10
2.25126265847086
 20
-42.09188309203677
 30
0.0
 42
-0.1989123673796587
  0
VERTEX
  5
262
330
25E
100
AcDbEntity
  8
0
100
AcDbVertex
100
AcDb2dVertex
 10
0.8370490960977621
 20
-42.67766952966368
 30
0.0
  0
VERTEX
  5
263
330
25E
100
AcDbEntity
  8
0
100
AcDbVertex
100
AcDb2dVertex
 10
-0.8370490960977592
 20
-42.67766952966368
 30
0.0
 42
-0.1989123673796586
  0
VERTEX
  5
264
330
25E
100
AcDbEntity
  8
0
100
AcDbVertex
100
AcDb2dVertex
 10
-2.251262658470857
 20
-42.09188309203677
 30
0.0
  0
VERTEX
  5
265
330
25E
100
AcDbEntity
  8
0
100
AcDbVertex
100
AcDb2dVertex
 10
-17.09188309203679
 20
-27.25126265847084
 30
0.0
 42
-0.1989123673796582
  0
VERTEX
  5
266
330
25E
100
AcDbEntity
  8
0
100
AcDbVertex
100
AcDb2dVertex
 10
-17.67766952966369
 20
-25.83704909609775
 30
0.0
  0
VERTEX
  5
267
330
25E
100
AcDbEntity
  8
0
100
AcDbVertex
100
AcDb2dVertex
 10
-17.6776695296637
 20
-24.16295090390228
 30
0.0
 42
-0.1989123673796576
  0
VERTEX
  5
268
330
25E
100
AcDbEntity
  8
0
100
AcDbVertex
100
AcDb2dVertex
 10
-17.09188309203679
 20
-22.74873734152919
 30
0.0
  0
VERTEX
  5
269
330
25E
100
AcDbEntity
  8
0
100
AcDbVertex
100
AcDb2dVertex
 10
-2.251262658470845
 20
-7.908116907963216
 30
0.0
 42
-0.1989123673796581
  0
VERTEX
  5
26A
330
25E
100
AcDbEntity
  8
0
100
AcDbVertex
100
AcDb2dVertex
 10
-0.837049096097745
 20
-7.322330470336313
 30
0.0
  0
VERTEX
  5
26B
330
25E
100
AcDbEntity
  8
0
100
AcDbVertex
100
AcDb2dVertex
 10
0.8370490960977159
 20
-7.322330470336315
 30
0.0
 42
-0.1989123673796579
  0
VERTEX
  5
26C
330
25E
100
AcDbEntity
  8
0
100
AcDbVertex
100
AcDb2dVertex
 10
2.25126265847081
 20
-7.908116907963218
 30
0.0
  0
VERTEX
  5
26D
330
25E
100
AcDbEntity
  8
0
100
AcDbVertex
100
AcDb2dVertex
 10
17.09188309203678
 20
-22.74873734152919
 30
0.0
 42
-0.198912367379659
  0
VERTEX
  5
26E
330
25E
100
AcDbEntity
  8
0
100
AcDbVertex
100
AcDb2dVertex
 10
17.67766952966368
 20
-24.16295090390229
 30
0.0
  0
VERTEX
  5
26F
330
25E
100
AcDbEntity
  8
0
100
AcDbVertex
100
AcDb2dVertex
 10
17.67766952966368
 20
-25.83704909609775
 30
0.0
 42
-0.1989123673796574
  0
SEQEND
  5
261
330
25E
100
AcDbEntity
  8
0
  0
POLYLINE
  5
270
330
70
100
AcDbEntity
  8
0
100
AcDb2dPolyline
 66
     1
 10
0.0
 20
0.0
 30
0.0
 70
     1
  0
VERTEX
  5
271
330
270
100
AcDbEntity
  8
0
100
AcDbVertex
100
AcDb2dVertex
 10
167.0918830920367
 20
72.74873734152908
 30
0.0
  0
VERTEX
  5
272
330
270
100
AcDbEntity
  8
0
100
AcDbVertex
100
AcDb2dVertex
 10
152.2512626584708
 20
57.90811690796316
 30
0.0
 42
-0.1989123673796572
  0
VERTEX
  5
274
330
270
100
AcDbEntity
  8
0
100
AcDbVertex
100
AcDb2dVertex
 10
150.8370490960977
 20
57.32233047033624
 30
0.0
  0
VERTEX
  5
275
330
270
100
AcDbEntity
  8
0
100
AcDbVertex
100
AcDb2dVertex
 10
149.1629509039022
 20
57.32233047033624
 30
0.0
 42
-0.198912367379658
  0
VERTEX
  5
276
330
270
100
AcDbEntity
  8
0
100
AcDbVertex
100
AcDb2dVertex
 10
147.7487373415291
 20
57.90811690796314
 30
0.0
  0
VERTEX
  5
277
330
270
100
AcDbEntity
  8
0
100
AcDbVertex
100
AcDb2dVertex
 10
132.9081169079632
 20
72.74873734152908
 30
0.0
 42
-0.1989123673796588
  0
VERTEX
  5
278
330
270
100
AcDbEntity
  8
0
100
AcDbVertex
100
AcDb2dVertex
 10
132.3223304703363
 20
74.16295090390218
 30
0.0
  0
VERTEX
  5
279
330
270
100
AcDbEntity
  8
0
100
AcDbVertex
100
AcDb2dVertex
 10
132.3223304703363
 20
75.83704909609766
 30
0.0
 42
-0.1989123673796588
  0
VERTEX
  5
27A
330
270
100
AcDbEntity
  8
0
100
AcDbVertex
100
AcDb2dVertex
 10
132.9081169079632
 20
77.25126265847077
 30
0.0
  0
VERTEX
  5
27B
330
270
100
AcDbEntity
  8
0
100
AcDbVertex
100
AcDb2dVertex
 10
147.7487373415291
 20
92.09188309203671
 30
0.0
 42
-0.198912367379658
  0
VERTEX
  5
27C
330
270
100
AcDbEntity
  8
0
100
AcDbVertex
100
AcDb2dVertex
 10
149.1629509039022
 20
92.67766952966361
 30
0.0
  0
VERTEX
  5
27D
330
270
100
AcDbEntity
  8
0
100
AcDbVertex
100
AcDb2dVertex
 10
150.8370490960976
 20
92.67766952966361
 30
0.0
 42
-0.198912367379658
  0
VERTEX
  5
27E
330
270
100
AcDbEntity
  8
0
100
AcDbVertex
100
AcDb2dVertex
 10
152.2512626584707
 20
92.09188309203671
 30
0.0
  0
VERTEX
  5
27F
330
270
100
AcDbEntity
  8
0
100
AcDbVertex
100
AcDb2dVertex
 10
167.0918830920368
 20
77.25126265847072
 30
0.0
 42
-0.1989123673796588
  0
VERTEX
  5
280
330
270
100
AcDbEntity
  8
0
100
AcDbVertex
100
AcDb2dVertex
 10
167.6776695296637
 20
75.83704909609761
 30
0.0
  0
VERTEX
  5
281
330
270
100
AcDbEntity
  8
0
100
AcDbVertex
100
AcDb2dVertex
 10
167.6776695296637
 20
74.16295090390216
 30
0.0
 42
-0.1989123673796588
  0
SEQEND
  5
273
330
270
100
AcDbEntity
  8
0
  0
POLYLINE
  5
282
330
70
100
AcDbEntity
  8
0
100
AcDb2dPolyline
 66
     1
 10
0.0
 20
0.0
 30
0.0
 70
     1
  0
VERTEX
  5
283
330
282
100
AcDbEntity
  8
0
100
AcDbVertex
100
AcDb2dVertex
 10
117.0918830920367
 20
72.74873734152913
 30
0.0
  0
VERTEX
  5
284
330
282
100
AcDbEntity
  8
0
100
AcDbVertex
100
AcDb2dVertex
 10
102.2512626584708
 20
57.90811690796319
 30
0.0
 42
-0.198912367379658
  0
VERTEX
  5
286
330
282
100
AcDbEntity
  8
0
100
AcDbVertex
100
AcDb2dVertex
 10
100.8370490960977
 20
57.32233047033628
 30
0.0
  0
VERTEX
  5
287
330
282
100
AcDbEntity
  8
0
100
AcDbVertex
100
AcDb2dVertex
 10
99.16295090390221
 20
57.32233047033627
 30
0.0
 42
-0.198912367379658
  0
VERTEX
  5
288
330
282
100
AcDbEntity
  8
0
100
AcDbVertex
100
AcDb2dVertex
 10
97.74873734152912
 20
57.90811690796318
 30
0.0
  0
VERTEX
  5
289
330
282
100
AcDbEntity
  8
0
100
AcDbVertex
100
AcDb2dVertex
 10
82.90811690796317
 20
72.74873734152912
 30
0.0
 42
-0.198912367379658
  0
VERTEX
  5
28A
330
282
100
AcDbEntity
  8
0
100
AcDbVertex
100
AcDb2dVertex
 10
82.32233047033629
 20
74.16295090390223
 30
0.0
  0
VERTEX
  5
28B
330
282
100
AcDbEntity
  8
0
100
AcDbVertex
100
AcDb2dVertex
 10
82.32233047033625
 20
75.8370490960977
 30
0.0
 42
-0.198912367379658
  0
VERTEX
  5
28C
330
282
100
AcDbEntity
  8
0
100
AcDbVertex
100
AcDb2dVertex
 10
82.90811690796317
 20
77.25126265847079
 30
0.0
  0
VERTEX
  5
28D
330
282
100
AcDbEntity
  8
0
100
AcDbVertex
100
AcDb2dVertex
 10
97.74873734152913
 20
92.09188309203675
 30
0.0
 42
-0.1989123673796563
  0
VERTEX
  5
28E
330
282
100
AcDbEntity
  8
0
100
AcDbVertex
100
AcDb2dVertex
 10
99.16295090390221
 20
92.67766952966367
 30
0.0
  0
VERTEX
  5
28F
330
282
100
AcDbEntity
  8
0
100
AcDbVertex
100
AcDb2dVertex
 10
100.8370490960976
 20
92.67766952966367
 30
0.0
 42
-0.198912367379658
  0
VERTEX
  5
290
330
282
100
AcDbEntity
  8
0
100
AcDbVertex
100
AcDb2dVertex
 10
102.2512626584707
 20
92.09188309203675
 30
0.0
  0
VERTEX
  5
291
330
282
100
AcDbEntity
  8
0
100
AcDbVertex
100
AcDb2dVertex
 10
117.0918830920367
 20
77.25126265847078
 30
0.0
 42
-0.1989123673796588
  0
VERTEX
  5
292
330
282
100
AcDbEntity
  8
0
100
AcDbVertex
100
AcDb2dVertex
 10
117.6776695296636
 20
75.83704909609767
 30
0.0
  0
VERTEX
  5
293
330
282
100
AcDbEntity
  8
0
100
AcDbVertex
100
AcDb2dVertex
 10
117.6776695296636
 20
74.16295090390223
 30
0.0
 42
-0.198912367379658
  0
SEQEND
  5
285
330
282
100
AcDbEntity
  8
0
  0
POLYLINE
  5
294
330
70
100
AcDbEntity
  8
0
100
AcDb2dPolyline
 66
     1
 10
0.0
 20
0.0
 30
0.0
 70
     1
  0
VERTEX
  5
295
330
294
100
AcDbEntity
  8
0
100
AcDbVertex
100
AcDb2dVertex
 10
67.09188309203677
 20
72.74873734152913
 30
0.0
  0
VERTEX
  5
296
330
294
100
AcDbEntity
  8
0
100
AcDbVertex
100
AcDb2dVertex
 10
52.25126265847084
 20
57.90811690796321
 30
0.0
 42
-0.198912367379658
  0
VERTEX
  5
298
330
294
100
AcDbEntity
  8
0
100
AcDbVertex
100
AcDb2dVertex
 10
50.83704909609775
 20
57.32233047033631
 30
0.0
  0
VERTEX
  5
299
330
294
100
AcDbEntity
  8
0
100
AcDbVertex
100
AcDb2dVertex
 10
49.16295090390222
 20
57.3223304703363
 30
0.0
 42
-0.198912367379658
  0
VERTEX
  5
29A
330
294
100
AcDbEntity
  8
0
100
AcDbVertex
100
AcDb2dVertex
 10
47.74873734152913
 20
57.90811690796321
 30
0.0
  0
VERTEX
  5
29B
330
294
100
AcDbEntity
  8
0
100
AcDbVertex
100
AcDb2dVertex
 10
32.90811690796319
 20
72.74873734152915
 30
0.0
 42
-0.1989123673796576
  0
VERTEX
  5
29C
330
294
100
AcDbEntity
  8
0
100
AcDbVertex
100
AcDb2dVertex
 10
32.32233047033628
 20
74.16295090390224
 30
0.0
  0
VERTEX
  5
29D
330
294
100
AcDbEntity
  8
0
100
AcDbVertex
100
AcDb2dVertex
 10
32.32233047033628
 20
75.83704909609771
 30
0.0
 42
-0.1989123673796589
  0
VERTEX
  5
29E
330
294
100
AcDbEntity
  8
0
100
AcDbVertex
100
AcDb2dVertex
 10
32.90811690796319
 20
77.25126265847082
 30
0.0
  0
VERTEX
  5
29F
330
294
100
AcDbEntity
  8
0
100
AcDbVertex
100
AcDb2dVertex
 10
47.74873734152915
 20
92.0918830920368
 30
0.0
 42
-0.198912367379658
  0
VERTEX
  5
2A0
330
294
100
AcDbEntity
  8
0
100
AcDbVertex
100
AcDb2dVertex
 10
49.16295090390224
 20
92.67766952966368
 30
0.0
  0
VERTEX
  5
2A1
330
294
100
AcDbEntity
  8
0
100
AcDbVertex
100
AcDb2dVertex
 10
50.8370490960977
 20
92.67766952966367
 30
0.0
 42
-0.198912367379658
  0
VERTEX
  5
2A2
330
294
100
AcDbEntity
  8
0
100
AcDbVertex
100
AcDb2dVertex
 10
52.25126265847079
 20
92.09188309203677
 30
0.0
  0
VERTEX
  5
2A3
330
294
100
AcDbEntity
  8
0
100
AcDbVertex
100
AcDb2dVertex
 10
67.09188309203677
 20
77.2512626584708
 30
0.0
 42
-0.1989123673796572
  0
VERTEX
  5
2A4
330
294
100
AcDbEntity
  8
0
100
AcDbVertex
100
AcDb2dVertex
 10
67.67766952966366
 20
75.8370490960977
 30
0.0
  0
VERTEX
  5
2A5
330
294
100
AcDbEntity
  8
0
100
AcDbVertex
100
AcDb2dVertex
 10
67.67766952966367
 20
74.16295090390224
 30
0.0
 42
-0.1989123673796589
  0
SEQEND
  5
297
330
294
100
AcDbEntity
  8
0
  0
POLYLINE
  5
2A6
330
70
100
AcDbEntity
  8
0
100
AcDb2dPolyline
 66
     1
 10
0.0
 20
0.0
 30
0.0
 70
     1
  0
VERTEX
  5
2A7
330
2A6
100
AcDbEntity
  8
0
100
AcDbVertex
100
AcDb2dVertex
 10
17.09188309203676
 20
72.74873734152918
 30
0.0
  0
VERTEX
  5
2A8
330
2A6
100
AcDbEntity
  8
0
100
AcDbVertex
100
AcDb2dVertex
 10
2.251262658470836
 20
57.90811690796323
 30
0.0
 42
-0.1989123673796583
  0
VERTEX
  5
2AA
330
2A6
100
AcDbEntity
  8
0
100
AcDbVertex
100
AcDb2dVertex
 10
0.8370490960977443
 20
57.32233047033632
 30
0.0
  0
VERTEX
  5
2AB
330
2A6
100
AcDbEntity
  8
0
100
AcDbVertex
100
AcDb2dVertex
 10
-0.837049096097777
 20
57.32233047033631
 30
0.0
 42
-0.1989123673796581
  0
VERTEX
  5
2AC
330
2A6
100
AcDbEntity
  8
0
100
AcDbVertex
100
AcDb2dVertex
 10
-2.25126265847087
 20
57.90811690796321
 30
0.0
  0
VERTEX
  5
2AD
330
2A6
100
AcDbEntity
  8
0
100
AcDbVertex
100
AcDb2dVertex
 10
-17.09188309203681
 20
72.74873734152916
 30
0.0
 42
-0.1989123673796576
  0
VERTEX
  5
2AE
330
2A6
100
AcDbEntity
  8
0
100
AcDbVertex
100
AcDb2dVertex
 10
-17.67766952966371
 20
74.16295090390225
 30
0.0
  0
VERTEX
  5
2AF
330
2A6
100
AcDbEntity
  8
0
100
AcDbVertex
100
AcDb2dVertex
 10
-17.67766952966371
 20
75.83704909609773
 30
0.0
 42
-0.1989123673796578
  0
VERTEX
  5
2B0
330
2A6
100
AcDbEntity
  8
0
100
AcDbVertex
100
AcDb2dVertex
 10
-17.09188309203681
 20
77.25126265847082
 30
0.0
  0
VERTEX
  5
2B1
330
2A6
100
AcDbEntity
  8
0
100
AcDbVertex
100
AcDb2dVertex
 10
-2.25126265847086
 20
92.0918830920368
 30
0.0
 42
-0.1989123673796577
  0
VERTEX
  5
2B2
330
2A6
100
AcDbEntity
  8
0
100
AcDbVertex
100
AcDb2dVertex
 10
-0.8370490960977628
 20
92.67766952966368
 30
0.0
  0
VERTEX
  5
2B3
330
2A6
100
AcDbEntity
  8
0
100
AcDbVertex
100
AcDb2dVertex
 10
0.8370490960976816
 20
92.67766952966368
 30
0.0
 42
-0.1989123673796589
  0
VERTEX
  5
2B4
330
2A6
100
AcDbEntity
  8
0
100
AcDbVertex
100
AcDb2dVertex
 10
2.251262658470784
 20
92.0918830920368
 30
0.0
  0
VERTEX
  5
2B5
330
2A6
100
AcDbEntity
  8
0
100
AcDbVertex
100
AcDb2dVertex
 10
17.09188309203677
 20
77.25126265847082
 30
0.0
 42
-0.1989123673796588
  0
VERTEX
  5
2B6
330
2A6
100
AcDbEntity
  8
0
100
AcDbVertex
100
AcDb2dVertex
 10
17.67766952966367
 20
75.83704909609771
 30
0.0
  0
VERTEX
  5
2B7
330
2A6
100
AcDbEntity
  8
0
100
AcDbVertex
100
AcDb2dVertex
 10
17.67766952966367
 20
74.16295090390227
 30
0.0
 42
-0.1989123673796576
  0
SEQEND
  5
2A9
330
2A6
100
AcDbEntity
  8
0
  0
POLYLINE
  5
2B8
330
70
100
AcDbEntity
  8
0
100
AcDb2dPolyline
 66
     1
 10
0.0
 20
0.0
 30
0.0
 70
     1
  0
VERTEX
  5
2B9
330
2B8
100
AcDbEntity
  8
0
100
AcDbVertex
100
AcDb2dVertex
 10
167.0918830920368
 20
22.74873734152909
 30
0.0
  0
VERTEX
  5
2BA
330
2B8
100
AcDbEntity
  8
0
100
AcDbVertex
100
AcDb2dVertex
 10
152.2512626584708
 20
7.908116907963158
 30
0.0
 42
-0.1989123673796576
  0
VERTEX
  5
2BC
330
2B8
100
AcDbEntity
  8
0
100
AcDbVertex
100
AcDb2dVertex
 10
150.8370490960977
 20
7.322330470336249
 30
0.0
  0
VERTEX
  5
2BD
330
2B8
100
AcDbEntity
  8
0
100
AcDbVertex
100
AcDb2dVertex
 10
149.1629509039022
 20
7.322330470336248
 30
0.0
 42
-0.1989123673796578
  0
VERTEX
  5
2BE
330
2B8
100
AcDbEntity
  8
0
100
AcDbVertex
100
AcDb2dVertex
 10
147.7487373415291
 20
7.908116907963154
 30
0.0
  0
VERTEX
  5
2BF
330
2B8
100
AcDbEntity
  8
0
100
AcDbVertex
100
AcDb2dVertex
 10
132.9081169079632
 20
22.74873734152909
 30
0.0
 42
-0.198912367379658
  0
VERTEX
  5
2C0
330
2B8
100
AcDbEntity
  8
0
100
AcDbVertex
100
AcDb2dVertex
 10
132.3223304703363
 20
24.1629509039022
 30
0.0
  0
VERTEX
  5
2C1
330
2B8
100
AcDbEntity
  8
0
100
AcDbVertex
100
AcDb2dVertex
 10
132.3223304703363
 20
25.83704909609766
 30
0.0
 42
-0.1989123673796588
  0
VERTEX
  5
2C2
330
2B8
100
AcDbEntity
  8
0
100
AcDbVertex
100
AcDb2dVertex
 10
132.9081169079632
 20
27.25126265847077
 30
0.0
  0
VERTEX
  5
2C3
330
2B8
100
AcDbEntity
  8
0
100
AcDbVertex
100
AcDb2dVertex
 10
147.7487373415291
 20
42.09188309203671
 30
0.0
 42
-0.1989123673796572
  0
VERTEX
  5
2C4
330
2B8
100
AcDbEntity
  8
0
100
AcDbVertex
100
AcDb2dVertex
 10
149.1629509039022
 20
42.67766952966361
 30
0.0
  0
VERTEX
  5
2C5
330
2B8
100
AcDbEntity
  8
0
100
AcDbVertex
100
AcDb2dVertex
 10
150.8370490960977
 20
42.67766952966361
 30
0.0
 42
-0.1989123673796572
  0
VERTEX
  5
2C6
330
2B8
100
AcDbEntity
  8
0
100
AcDbVertex
100
AcDb2dVertex
 10
152.2512626584708
 20
42.09188309203671
 30
0.0
  0
VERTEX
  5
2C7
330
2B8
100
AcDbEntity
  8
0
100
AcDbVertex
100
AcDb2dVertex
 10
167.0918830920368
 20
27.25126265847074
 30
0.0
 42
-0.1989123673796584
  0
VERTEX
  5
2C8
330
2B8
100
AcDbEntity
  8
0
100
AcDbVertex
100
AcDb2dVertex
 10
167.6776695296637
 20
25.83704909609764
 30
0.0
  0
VERTEX
  5
2C9
330
2B8
100
AcDbEntity
  8
0
100
AcDbVertex
100
AcDb2dVertex
 10
167.6776695296637
 20
24.16295090390216
 30
0.0
 42
-0.1989123673796571
  0
SEQEND
  5
2BB
330
2B8
100
AcDbEntity
  8
0
  0
POLYLINE
  5
2CA
330
70
100
AcDbEntity
  8
0
100
AcDb2dPolyline
 66
     1
 10
0.0
 20
0.0
 30
0.0
 70
     1
  0
VERTEX
  5
2CB
330
2CA
100
AcDbEntity
  8
0
100
AcDbVertex
100
AcDb2dVertex
 10
117.0918830920368
 20
22.74873734152913
 30
0.0
  0
VERTEX
  5
2CC
330
2CA
100
AcDbEntity
  8
0
100
AcDbVertex
100
AcDb2dVertex
 10
102.2512626584708
 20
7.908116907963167
 30
0.0
 42
-0.1989123673796573
  0
VERTEX
  5
2CE
330
2CA
100
AcDbEntity
  8
0
100
AcDbVertex
100
AcDb2dVertex
 10
100.8370490960977
 20
7.322330470336268
 30
0.0
  0
VERTEX
  5
2CF
330
2CA
100
AcDbEntity
  8
0
100
AcDbVertex
100
AcDb2dVertex
 10
99.16295090390223
 20
7.32233047033627
 30
0.0
 42
-0.198912367379658
  0
VERTEX
  5
2D0
330
2CA
100
AcDbEntity
  8
0
100
AcDbVertex
100
AcDb2dVertex
 10
97.74873734152913
 20
7.908116907963178
 30
0.0
  0
VERTEX
  5
2D1
330
2CA
100
AcDbEntity
  8
0
100
AcDbVertex
100
AcDb2dVertex
 10
82.90811690796321
 20
22.74873734152912
 30
0.0
 42
-0.1989123673796588
  0
VERTEX
  5
2D2
330
2CA
100
AcDbEntity
  8
0
100
AcDbVertex
100
AcDb2dVertex
 10
82.32233047033631
 20
24.16295090390222
 30
0.0
  0
VERTEX
  5
2D3
330
2CA
100
AcDbEntity
  8
0
100
AcDbVertex
100
AcDb2dVertex
 10
82.32233047033631
 20
25.83704909609768
 30
0.0
 42
-0.1989123673796584
  0
VERTEX
  5
2D4
330
2CA
100
AcDbEntity
  8
0
100
AcDbVertex
100
AcDb2dVertex
 10
82.90811690796321
 20
27.25126265847078
 30
0.0
  0
VERTEX
  5
2D5
330
2CA
100
AcDbEntity
  8
0
100
AcDbVertex
100
AcDb2dVertex
 10
97.74873734152919
 20
42.09188309203675
 30
0.0
 42
-0.1989123673796547
  0
VERTEX
  5
2D6
330
2CA
100
AcDbEntity
  8
0
100
AcDbVertex
100
AcDb2dVertex
 10
99.16295090390228
 20
42.67766952966365
 30
0.0
  0
VERTEX
  5
2D7
330
2CA
100
AcDbEntity
  8
0
100
AcDbVertex
100
AcDb2dVertex
 10
100.8370490960977
 20
42.67766952966365
 30
0.0
 42
-0.1989123673796572
  0
VERTEX
  5
2D8
330
2CA
100
AcDbEntity
  8
0
100
AcDbVertex
100
AcDb2dVertex
 10
102.2512626584708
 20
42.09188309203675
 30
0.0
  0
VERTEX
  5
2D9
330
2CA
100
AcDbEntity
  8
0
100
AcDbVertex
100
AcDb2dVertex
 10
117.0918830920368
 20
27.2512626584708
 30
0.0
 42
-0.1989123673796584
  0
VERTEX
  5
2DA
330
2CA
100
AcDbEntity
  8
0
100
AcDbVertex
100
AcDb2dVertex
 10
117.6776695296636
 20
25.83704909609769
 30
0.0
  0
VERTEX
  5
2DB
330
2CA
100
AcDbEntity
  8
0
100
AcDbVertex
100
AcDb2dVertex
 10
117.6776695296637
 20
24.16295090390222
 30
0.0
 42
-0.1989123673796584
  0
SEQEND
  5
2CD
330
2CA
100
AcDbEntity
  8
0
  0
POLYLINE
  5
2DC
330
70
100
AcDbEntity
  8
0
100
AcDb2dPolyline
 66
     1
 10
0.0
 20
0.0
 30
0.0
 70
     1
  0
VERTEX
  5
2DD
330
2DC
100
AcDbEntity
  8
0
100
AcDbVertex
100
AcDb2dVertex
 10
67.09188309203677
 20
22.74873734152913
 30
0.0
  0
VERTEX
  5
2DE
330
2DC
100
AcDbEntity
  8
0
100
AcDbVertex
100
AcDb2dVertex
 10
52.25126265847086
 20
7.908116907963202
 30
0.0
 42
-0.1989123673796576
  0
VERTEX
  5
2E0
330
2DC
100
AcDbEntity
  8
0
100
AcDbVertex
100
AcDb2dVertex
 10
50.83704909609777
 20
7.322330470336293
 30
0.0
  0
VERTEX
  5
2E1
330
2DC
100
AcDbEntity
  8
0
100
AcDbVertex
100
AcDb2dVertex
 10
49.16295090390224
 20
7.322330470336292
 30
0.0
 42
-0.1989123673796574
  0
VERTEX
  5
2E2
330
2DC
100
AcDbEntity
  8
0
100
AcDbVertex
100
AcDb2dVertex
 10
47.74873734152915
 20
7.908116907963194
 30
0.0
  0
VERTEX
  5
2E3
330
2DC
100
AcDbEntity
  8
0
100
AcDbVertex
100
AcDb2dVertex
 10
32.90811690796321
 20
22.74873734152915
 30
0.0
 42
-0.1989123673796576
  0
VERTEX
  5
2E4
330
2DC
100
AcDbEntity
  8
0
100
AcDbVertex
100
AcDb2dVertex
 10
32.3223304703363
 20
24.16295090390224
 30
0.0
  0
VERTEX
  5
2E5
330
2DC
100
AcDbEntity
  8
0
100
AcDbVertex
100
AcDb2dVertex
 10
32.32233047033631
 20
25.83704909609771
 30
0.0
 42
-0.1989123673796589
  0
VERTEX
  5
2E6
330
2DC
100
AcDbEntity
  8
0
100
AcDbVertex
100
AcDb2dVertex
 10
32.90811690796321
 20
27.25126265847081
 30
0.0
  0
VERTEX
  5
2E7
330
2DC
100
AcDbEntity
  8
0
100
AcDbVertex
100
AcDb2dVertex
 10
47.74873734152915
 20
42.09188309203676
 30
0.0
 42
-0.198912367379658
  0
VERTEX
  5
2E8
330
2DC
100
AcDbEntity
  8
0
100
AcDbVertex
100
AcDb2dVertex
 10
49.16295090390224
 20
42.67766952966367
 30
0.0
  0
VERTEX
  5
2E9
330
2DC
100
AcDbEntity
  8
0
100
AcDbVertex
100
AcDb2dVertex
 10
50.83704909609772
 20
42.67766952966367
 30
0.0
 42
-0.198912367379658
  0
VERTEX
  5
2EA
330
2DC
100
AcDbEntity
  8
0
100
AcDbVertex
100
AcDb2dVertex
 10
52.25126265847081
 20
42.09188309203676
 30
0.0
  0
VERTEX
  5
2EB
330
2DC
100
AcDbEntity
  8
0
100
AcDbVertex
100
AcDb2dVertex
 10
67.09188309203678
 20
27.25126265847082
 30
0.0
 42
-0.1989123673796589
  0
VERTEX
  5
2EC
330
2DC
100
AcDbEntity
  8
0
100
AcDbVertex
100
AcDb2dVertex
 10
67.67766952966367
 20
25.83704909609771
 30
0.0
  0
VERTEX
  5
2ED
330
2DC
100
AcDbEntity
  8
0
100
AcDbVertex
100
AcDb2dVertex
 10
67.67766952966367
 20
24.16295090390223
 30
0.0
 42
-0.1989123673796601
  0
SEQEND
  5
2DF
330
2DC
100
AcDbEntity
  8
0
  0
POLYLINE
  5
2EE
330
70
100
AcDbEntity
  8
0
100
AcDb2dPolyline
 66
     1
 10
0.0
 20
0.0
 30
0.0
 70
     1
  0
VERTEX
  5
2EF
330
2EE
100
AcDbEntity
  8
0
100
AcDbVertex
100
AcDb2dVertex
 10
-157.3223304703363
 20
-49.1629509039023
 30
0.0
  0
VERTEX
  5
2F0
330
2EE
100
AcDbEntity
  8
0
100
AcDbVertex
100
AcDb2dVertex
 10
-157.3223304703363
 20
-50.83704909609775
 30
0.0
 42
-0.1989123673796588
  0
VERTEX
  5
2F2
330
2EE
100
AcDbEntity
  8
0
100
AcDbVertex
100
AcDb2dVertex
 10
-157.9081169079632
 20
-52.25126265847086
 30
0.0
  0
VERTEX
  5
2F3
330
2EE
100
AcDbEntity
  8
0
100
AcDbVertex
100
AcDb2dVertex
 10
-172.7487373415291
 20
-67.09188309203682
 30
0.0
 42
-0.1989123673796589
  0
VERTEX
  5
2F4
330
2EE
100
AcDbEntity
  8
0
100
AcDbVertex
100
AcDb2dVertex
 10
-174.1629509039022
 20
-67.67766952966372
 30
0.0
  0
VERTEX
  5
2F5
330
2EE
100
AcDbEntity
  8
0
100
AcDbVertex
100
AcDb2dVertex
 10
-175.8370490960977
 20
-67.67766952966373
 30
0.0
 42
-0.1989123673796572
  0
VERTEX
  5
2F6
330
2EE
100
AcDbEntity
  8
0
100
AcDbVertex
100
AcDb2dVertex
 10
-177.2512626584708
 20
-67.09188309203682
 30
0.0
  0
VERTEX
  5
2F7
330
2EE
100
AcDbEntity
  8
0
100
AcDbVertex
100
AcDb2dVertex
 10
-192.0918830920368
 20
-52.25126265847085
 30
0.0
 42
-0.198912367379658
  0
VERTEX
  5
2F8
330
2EE
100
AcDbEntity
  8
0
100
AcDbVertex
100
AcDb2dVertex
 10
-192.6776695296637
 20
-50.83704909609775
 30
0.0
  0
VERTEX
  5
2F9
330
2EE
100
AcDbEntity
  8
0
100
AcDbVertex
100
AcDb2dVertex
 10
-192.6776695296637
 20
-49.16295090390228
 30
0.0
 42
-0.1989123673796588
  0
VERTEX
  5
2FA
330
2EE
100
AcDbEntity
  8
0
100
AcDbVertex
100
AcDb2dVertex
 10
-192.0918830920368
 20
-47.74873734152918
 30
0.0
  0
VERTEX
  5
2FB
330
2EE
100
AcDbEntity
  8
0
100
AcDbVertex
100
AcDb2dVertex
 10
-177.2512626584708
 20
-32.90811690796327
 30
0.0
 42
-0.198912367379658
  0
VERTEX
  5
2FC
330
2EE
100
AcDbEntity
  8
0
100
AcDbVertex
100
AcDb2dVertex
 10
-175.8370490960977
 20
-32.32233047033636
 30
0.0
  0
VERTEX
  5
2FD
330
2EE
100
AcDbEntity
  8
0
100
AcDbVertex
100
AcDb2dVertex
 10
-174.1629509039022
 20
-32.32233047033636
 30
0.0
 42
-0.198912367379658
  0
VERTEX
  5
2FE
330
2EE
100
AcDbEntity
  8
0
100
AcDbVertex
100
AcDb2dVertex
 10
-172.7487373415291
 20
-32.90811690796326
 30
0.0
  0
VERTEX
  5
2FF
330
2EE
100
AcDbEntity
  8
0
100
AcDbVertex
100
AcDb2dVertex
 10
-157.9081169079632
 20
-47.74873734152919
 30
0.0
 42
-0.198912367379658
  0
SEQEND
  5
2F1
330
2EE
100
AcDbEntity
  8
0
  0
POLYLINE
  5
300
330
70
100
AcDbEntity
  8
0
100
AcDb2dPolyline
 66
     1
 10
0.0
 20
0.0
 30
0.0
 70
     1
  0
VERTEX
  5
301
330
300
100
AcDbEntity
  8
0
100
AcDbVertex
100
AcDb2dVertex
 10
-157.3223304703363
 20
0.8370490960976974
 30
0.0
  0
VERTEX
  5
302
330
300
100
AcDbEntity
  8
0
100
AcDbVertex
100
AcDb2dVertex
 10
-157.3223304703363
 20
-0.8370490960977679
 30
0.0
 42
-0.198912367379658
  0
VERTEX
  5
304
330
300
100
AcDbEntity
  8
0
100
AcDbVertex
100
AcDb2dVertex
 10
-157.9081169079632
 20
-2.251262658470856
 30
0.0
  0
VERTEX
  5
305
330
300
100
AcDbEntity
  8
0
100
AcDbVertex
100
AcDb2dVertex
 10
-172.7487373415291
 20
-17.09188309203683
 30
0.0
 42
-0.198912367379659
  0
VERTEX
  5
306
330
300
100
AcDbEntity
  8
0
100
AcDbVertex
100
AcDb2dVertex
 10
-174.1629509039022
 20
-17.67766952966373
 30
0.0
  0
VERTEX
  5
307
330
300
100
AcDbEntity
  8
0
100
AcDbVertex
100
AcDb2dVertex
 10
-175.8370490960977
 20
-17.67766952966373
 30
0.0
 42
-0.1989123673796571
  0
VERTEX
  5
308
330
300
100
AcDbEntity
  8
0
100
AcDbVertex
100
AcDb2dVertex
 10
-177.2512626584708
 20
-17.09188309203683
 30
0.0
  0
VERTEX
  5
309
330
300
100
AcDbEntity
  8
0
100
AcDbVertex
100
AcDb2dVertex
 10
-192.0918830920368
 20
-2.251262658470869
 30
0.0
 42
-0.198912367379659
  0
VERTEX
  5
30A
330
300
100
AcDbEntity
  8
0
100
AcDbVertex
100
AcDb2dVertex
 10
-192.6776695296637
 20
-0.8370490960977615
 30
0.0
  0
VERTEX
  5
30B
330
300
100
AcDbEntity
  8
0
100
AcDbVertex
100
AcDb2dVertex
 10
-192.6776695296637
 20
0.8370490960977257
 30
0.0
 42
-0.1989123673796568
  0
VERTEX
  5
30C
330
300
100
AcDbEntity
  8
0
100
AcDbVertex
100
AcDb2dVertex
 10
-192.0918830920368
 20
2.251262658470806
 30
0.0
  0
VERTEX
  5
30D
330
300
100
AcDbEntity
  8
0
100
AcDbVertex
100
AcDb2dVertex
 10
-177.2512626584708
 20
17.09188309203673
 30
0.0
 42
-0.1989123673796578
  0
VERTEX
  5
30E
330
300
100
AcDbEntity
  8
0
100
AcDbVertex
100
AcDb2dVertex
 10
-175.8370490960977
 20
17.67766952966364
 30
0.0
  0
VERTEX
  5
30F
330
300
100
AcDbEntity
  8
0
100
AcDbVertex
100
AcDb2dVertex
 10
-174.1629509039022
 20
17.67766952966364
 30
0.0
 42
-0.1989123673796566
  0
VERTEX
  5
310
330
300
100
AcDbEntity
  8
0
100
AcDbVertex
100
AcDb2dVertex
 10
-172.7487373415291
 20
17.09188309203675
 30
0.0
  0
VERTEX
  5
311
330
300
100
AcDbEntity
  8
0
100
AcDbVertex
100
AcDb2dVertex
 10
-157.9081169079632
 20
2.251262658470802
 30
0.0
 42
-0.198912367379658
  0
SEQEND
  5
303
330
300
100
AcDbEntity
  8
0
  0
POLYLINE
  5
312
330
70
100
AcDbEntity
  8
0
100
AcDb2dPolyline
 66
     1
 10
0.0
 20
0.0
 30
0.0
 70
     1
  0
VERTEX
  5
313
330
312
100
AcDbEntity
  8
0
100
AcDbVertex
100
AcDb2dVertex
 10
-157.3223304703363
 20
50.83704909609771
 30
0.0
  0
VERTEX
  5
314
330
312
100
AcDbEntity
  8
0
100
AcDbVertex
100
AcDb2dVertex
 10
-157.3223304703363
 20
49.16295090390224
 30
0.0
 42
-0.198912367379658
  0
VERTEX
  5
316
330
312
100
AcDbEntity
  8
0
100
AcDbVertex
100
AcDb2dVertex
 10
-157.9081169079632
 20
47.74873734152914
 30
0.0
  0
VERTEX
  5
317
330
312
100
AcDbEntity
  8
0
100
AcDbVertex
100
AcDb2dVertex
 10
-172.7487373415291
 20
32.90811690796317
 30
0.0
 42
-0.1989123673796572
  0
VERTEX
  5
318
330
312
100
AcDbEntity
  8
0
100
AcDbVertex
100
AcDb2dVertex
 10
-174.1629509039022
 20
32.32233047033627
 30
0.0
  0
VERTEX
  5
319
330
312
100
AcDbEntity
  8
0
100
AcDbVertex
100
AcDb2dVertex
 10
-175.8370490960977
 20
32.32233047033627
 30
0.0
 42
-0.1989123673796572
  0
VERTEX
  5
31A
330
312
100
AcDbEntity
  8
0
100
AcDbVertex
100
AcDb2dVertex
 10
-177.2512626584708
 20
32.90811690796317
 30
0.0
  0
VERTEX
  5
31B
330
312
100
AcDbEntity
  8
0
100
AcDbVertex
100
AcDb2dVertex
 10
-192.0918830920368
 20
47.74873734152913
 30
0.0
 42
-0.1989123673796588
  0
VERTEX
  5
31C
330
312
100
AcDbEntity
  8
0
100
AcDbVertex
100
AcDb2dVertex
 10
-192.6776695296637
 20
49.16295090390224
 30
0.0
  0
VERTEX
  5
31D
330
312
100
AcDbEntity
  8
0
100
AcDbVertex
100
AcDb2dVertex
 10
-192.6776695296637
 20
50.83704909609772
 30
0.0
 42
-0.1989123673796588
  0
VERTEX
  5
31E
330
312
100
AcDbEntity
  8
0
100
AcDbVertex
100
AcDb2dVertex
 10
-192.0918830920368
 20
52.25126265847082
 30
0.0
  0
VERTEX
  5
31F
330
312
100
AcDbEntity
  8
0
100
AcDbVertex
100
AcDb2dVertex
 10
-177.2512626584708
 20
67.09188309203674
 30
0.0
 42
-0.198912367379658
  0
VERTEX
  5
320
330
312
100
AcDbEntity
  8
0
100
AcDbVertex
100
AcDb2dVertex
 10
-175.8370490960977
 20
67.67766952966366
 30
0.0
  0
VERTEX
  5
321
330
312
100
AcDbEntity
  8
0
100
AcDbVertex
100
AcDb2dVertex
 10
-174.1629509039022
 20
67.67766952966366
 30
0.0
 42
-0.1989123673796589
  0
VERTEX
  5
322
330
312
100
AcDbEntity
  8
0
100
AcDbVertex
100
AcDb2dVertex
 10
-172.7487373415291
 20
67.09188309203674
 30
0.0
  0
VERTEX
  5
323
330
312
100
AcDbEntity
  8
0
100
AcDbVertex
100
AcDb2dVertex
 10
-157.9081169079632
 20
52.2512626584708
 30
0.0
 42
-0.198912367379658
  0
SEQEND
  5
315
330
312
100
AcDbEntity
  8
0
  0
POLYLINE
  5
324
330
70
100
AcDbEntity
  8
0
100
AcDb2dPolyline
 66
     1
 10
0.0
 20
0.0
 30
0.0
 70
     1
  0
VERTEX
  5
325
330
324
100
AcDbEntity
  8
0
100
AcDbVertex
100
AcDb2dVertex
 10
-107.3223304703363
 20
0.8370490960977241
 30
0.0
  0
VERTEX
  5
326
330
324
100
AcDbEntity
  8
0
100
AcDbVertex
100
AcDb2dVertex
 10
-107.3223304703363
 20
-0.8370490960977576
 30
0.0
 42
-0.1989123673796585
  0
VERTEX
  5
328
330
324
100
AcDbEntity
  8
0
100
AcDbVertex
100
AcDb2dVertex
 10
-107.9081169079632
 20
-2.251262658470853
 30
0.0
  0
VERTEX
  5
329
330
324
100
AcDbEntity
  8
0
100
AcDbVertex
100
AcDb2dVertex
 10
-122.7487373415291
 20
-17.09188309203681
 30
0.0
 42
-0.1989123673796576
  0
VERTEX
  5
32A
330
324
100
AcDbEntity
  8
0
100
AcDbVertex
100
AcDb2dVertex
 10
-124.1629509039022
 20
-17.67766952966371
 30
0.0
  0
VERTEX
  5
32B
330
324
100
AcDbEntity
  8
0
100
AcDbVertex
100
AcDb2dVertex
 10
-125.8370490960977
 20
-17.67766952966371
 30
0.0
 42
-0.1989123673796574
  0
VERTEX
  5
32C
330
324
100
AcDbEntity
  8
0
100
AcDbVertex
100
AcDb2dVertex
 10
-127.2512626584708
 20
-17.09188309203681
 30
0.0
  0
VERTEX
  5
32D
330
324
100
AcDbEntity
  8
0
100
AcDbVertex
100
AcDb2dVertex
 10
-142.0918830920368
 20
-2.25126265847086
 30
0.0
 42
-0.198912367379659
  0
VERTEX
  5
32E
330
324
100
AcDbEntity
  8
0
100
AcDbVertex
100
AcDb2dVertex
 10
-142.6776695296637
 20
-0.8370490960977527
 30
0.0
  0
VERTEX
  5
32F
330
324
100
AcDbEntity
  8
0
100
AcDbVertex
100
AcDb2dVertex
 10
-142.6776695296637
 20
0.8370490960976999
 30
0.0
 42
-0.1989123673796582
  0
VERTEX
  5
330
330
324
100
AcDbEntity
  8
0
100
AcDbVertex
100
AcDb2dVertex
 10
-142.0918830920368
 20
2.251262658470793
 30
0.0
  0
VERTEX
  5
331
330
324
100
AcDbEntity
  8
0
100
AcDbVertex
100
AcDb2dVertex
 10
-127.2512626584708
 20
17.09188309203674
 30
0.0
 42
-0.198912367379658
  0
VERTEX
  5
332
330
324
100
AcDbEntity
  8
0
100
AcDbVertex
100
AcDb2dVertex
 10
-125.8370490960977
 20
17.67766952966365
 30
0.0
  0
VERTEX
  5
333
330
324
100
AcDbEntity
  8
0
100
AcDbVertex
100
AcDb2dVertex
 10
-124.1629509039022
 20
17.67766952966365
 30
0.0
 42
-0.1989123673796576
  0
VERTEX
  5
334
330
324
100
AcDbEntity
  8
0
100
AcDbVertex
100
AcDb2dVertex
 10
-122.7487373415291
 20
17.09188309203675
 30
0.0
  0
VERTEX
  5
335
330
324
100
AcDbEntity
  8
0
100
AcDbVertex
100
AcDb2dVertex
 10
-107.9081169079632
 20
2.251262658470813
 30
0.0
 42
-0.1989123673796581
  0
SEQEND
  5
327
330
324
100
AcDbEntity
  8
0
  0
POLYLINE
  5
336
330
70
100
AcDbEntity
  8
0
100
AcDb2dPolyline
 66
     1
 10
0.0
 20
0.0
 30
0.0
 70
     1
  0
VERTEX
  5
337
330
336
100
AcDbEntity
  8
0
100
AcDbVertex
100
AcDb2dVertex
 10
-57.32233047033631
 20
-49.16295090390227
 30
0.0
  0
VERTEX
  5
338
330
336
100
AcDbEntity
  8
0
100
AcDbVertex
100
AcDb2dVertex
 10
-57.32233047033631
 20
-50.83704909609777
 30
0.0
 42
-0.1989123673796572
  0
VERTEX
  5
33A
330
336
100
AcDbEntity
  8
0
100
AcDbVertex
100
AcDb2dVertex
 10
-57.90811690796321
 20
-52.25126265847086
 30
0.0
  0
VERTEX
  5
33B
330
336
100
AcDbEntity
  8
0
100
AcDbVertex
100
AcDb2dVertex
 10
-72.74873734152913
 20
-67.09188309203679
 30
0.0
 42
-0.1989123673796589
  0
VERTEX
  5
33C
330
336
100
AcDbEntity
  8
0
100
AcDbVertex
100
AcDb2dVertex
 10
-74.16295090390224
 20
-67.6776695296637
 30
0.0
  0
VERTEX
  5
33D
330
336
100
AcDbEntity
  8
0
100
AcDbVertex
100
AcDb2dVertex
 10
-75.83704909609775
 20
-67.6776695296637
 30
0.0
 42
-0.1989123673796572
  0
VERTEX
  5
33E
330
336
100
AcDbEntity
  8
0
100
AcDbVertex
100
AcDb2dVertex
 10
-77.25126265847084
 20
-67.09188309203681
 30
0.0
  0
VERTEX
  5
33F
330
336
100
AcDbEntity
  8
0
100
AcDbVertex
100
AcDb2dVertex
 10
-92.0918830920368
 20
-52.25126265847086
 30
0.0
 42
-0.198912367379658
  0
VERTEX
  5
340
330
336
100
AcDbEntity
  8
0
100
AcDbVertex
100
AcDb2dVertex
 10
-92.67766952966368
 20
-50.83704909609777
 30
0.0
  0
VERTEX
  5
341
330
336
100
AcDbEntity
  8
0
100
AcDbVertex
100
AcDb2dVertex
 10
-92.67766952966368
 20
-49.16295090390229
 30
0.0
 42
-0.1989123673796588
  0
VERTEX
  5
342
330
336
100
AcDbEntity
  8
0
100
AcDbVertex
100
AcDb2dVertex
 10
-92.0918830920368
 20
-47.74873734152919
 30
0.0
  0
VERTEX
  5
343
330
336
100
AcDbEntity
  8
0
100
AcDbVertex
100
AcDb2dVertex
 10
-77.25126265847085
 20
-32.90811690796325
 30
0.0
 42
-0.1989123673796576
  0
VERTEX
  5
344
330
336
100
AcDbEntity
  8
0
100
AcDbVertex
100
AcDb2dVertex
 10
-75.83704909609775
 20
-32.32233047033634
 30
0.0
  0
VERTEX
  5
345
330
336
100
AcDbEntity
  8
0
100
AcDbVertex
100
AcDb2dVertex
 10
-74.16295090390224
 20
-32.32233047033634
 30
0.0
 42
-0.1989123673796589
  0
VERTEX
  5
346
330
336
100
AcDbEntity
  8
0
100
AcDbVertex
100
AcDb2dVertex
 10
-72.74873734152915
 20
-32.90811690796325
 30
0.0
  0
VERTEX
  5
347
330
336
100
AcDbEntity
  8
0
100
AcDbVertex
100
AcDb2dVertex
 10
-57.90811690796321
 20
-47.74873734152916
 30
0.0
 42
-0.198912367379658
  0
SEQEND
  5
339
330
336
100
AcDbEntity
  8
0
  0
POLYLINE
  5
348
330
70
100
AcDbEntity
  8
0
100
AcDb2dPolyline
 66
     1
 10
0.0
 20
0.0
 30
0.0
 70
     1
  0
VERTEX
  5
349
330
348
100
AcDbEntity
  8
0
100
AcDbVertex
100
AcDb2dVertex
 10
-57.32233047033634
 20
50.83704909609775
 30
0.0
  0
VERTEX
  5
34A
330
348
100
AcDbEntity
  8
0
100
AcDbVertex
100
AcDb2dVertex
 10
-57.32233047033634
 20
49.16295090390223
 30
0.0
 42
-0.1989123673796572
  0
VERTEX
  5
34C
330
348
100
AcDbEntity
  8
0
100
AcDbVertex
100
AcDb2dVertex
 10
-57.90811690796324
 20
47.74873734152913
 30
0.0
  0
VERTEX
  5
34D
330
348
100
AcDbEntity
  8
0
100
AcDbVertex
100
AcDb2dVertex
 10
-72.74873734152918
 20
32.90811690796319
 30
0.0
 42
-0.1989123673796576
  0
VERTEX
  5
34E
330
348
100
AcDbEntity
  8
0
100
AcDbVertex
100
AcDb2dVertex
 10
-74.16295090390227
 20
32.32233047033628
 30
0.0
  0
VERTEX
  5
34F
330
348
100
AcDbEntity
  8
0
100
AcDbVertex
100
AcDb2dVertex
 10
-75.83704909609775
 20
32.32233047033629
 30
0.0
 42
-0.1989123673796576
  0
VERTEX
  5
350
330
348
100
AcDbEntity
  8
0
100
AcDbVertex
100
AcDb2dVertex
 10
-77.25126265847085
 20
32.90811690796319
 30
0.0
  0
VERTEX
  5
351
330
348
100
AcDbEntity
  8
0
100
AcDbVertex
100
AcDb2dVertex
 10
-92.09188309203682
 20
47.74873734152913
 30
0.0
 42
-0.1989123673796613
  0
VERTEX
  5
352
330
348
100
AcDbEntity
  8
0
100
AcDbVertex
100
AcDb2dVertex
 10
-92.67766952966372
 20
49.16295090390225
 30
0.0
  0
VERTEX
  5
353
330
348
100
AcDbEntity
  8
0
100
AcDbVertex
100
AcDb2dVertex
 10
-92.67766952966372
 20
50.83704909609771
 30
0.0
 42
-0.198912367379658
  0
VERTEX
  5
354
330
348
100
AcDbEntity
  8
0
100
AcDbVertex
100
AcDb2dVertex
 10
-92.0918830920368
 20
52.2512626584708
 30
0.0
  0
VERTEX
  5
355
330
348
100
AcDbEntity
  8
0
100
AcDbVertex
100
AcDb2dVertex
 10
-77.25126265847086
 20
67.09188309203677
 30
0.0
 42
-0.198912367379658
  0
VERTEX
  5
356
330
348
100
AcDbEntity
  8
0
100
AcDbVertex
100
AcDb2dVertex
 10
-75.83704909609777
 20
67.67766952966367
 30
0.0
  0
VERTEX
  5
357
330
348
100
AcDbEntity
  8
0
100
AcDbVertex
100
AcDb2dVertex
 10
-74.16295090390227
 20
67.67766952966367
 30
0.0
 42
-0.198912367379658
  0
VERTEX
  5
358
330
348
100
AcDbEntity
  8
0
100
AcDbVertex
100
AcDb2dVertex
 10
-72.74873734152918
 20
67.09188309203677
 30
0.0
  0
VERTEX
  5
359
330
348
100
AcDbEntity
  8
0
100
AcDbVertex
100
AcDb2dVertex
 10
-57.90811690796324
 20
52.25126265847084
 30
0.0
 42
-0.198912367379658
  0
SEQEND
  5
34B
330
348
100
AcDbEntity
  8
0
  0
POLYLINE
  5
35A
330
70
100
AcDbEntity
  8
0
100
AcDb2dPolyline
 66
     1
 10
0.0
 20
0.0
 30
0.0
 70
     1
  0
VERTEX
  5
35B
330
35A
100
AcDbEntity
  8
0
100
AcDbVertex
100
AcDb2dVertex
 10
-7.322330470336319
 20
-49.16295090390224
 30
0.0
  0
VERTEX
  5
35C
330
35A
100
AcDbEntity
  8
0
100
AcDbVertex
100
AcDb2dVertex
 10
-7.322330470336318
 20
-50.83704909609775
 30
0.0
 42
-0.1989123673796586
  0
VERTEX
  5
35E
330
35A
100
AcDbEntity
  8
0
100
AcDbVertex
100
AcDb2dVertex
 10
-7.908116907963222
 20
-52.25126265847084
 30
0.0
  0
VERTEX
  5
35F
330
35A
100
AcDbEntity
  8
0
100
AcDbVertex
100
AcDb2dVertex
 10
-22.74873734152913
 20
-67.09188309203677
 30
0.0
 42
-0.1989123673796589
  0
VERTEX
  5
360
330
35A
100
AcDbEntity
  8
0
100
AcDbVertex
100
AcDb2dVertex
 10
-24.16295090390224
 20
-67.67766952966367
 30
0.0
  0
VERTEX
  5
361
330
35A
100
AcDbEntity
  8
0
100
AcDbVertex
100
AcDb2dVertex
 10
-25.83704909609775
 20
-67.6776695296637
 30
0.0
 42
-0.1989123673796572
  0
VERTEX
  5
362
330
35A
100
AcDbEntity
  8
0
100
AcDbVertex
100
AcDb2dVertex
 10
-27.25126265847084
 20
-67.09188309203679
 30
0.0
  0
VERTEX
  5
363
330
35A
100
AcDbEntity
  8
0
100
AcDbVertex
100
AcDb2dVertex
 10
-42.09188309203677
 20
-52.25126265847084
 30
0.0
 42
-0.198912367379658
  0
VERTEX
  5
364
330
35A
100
AcDbEntity
  8
0
100
AcDbVertex
100
AcDb2dVertex
 10
-42.67766952966368
 20
-50.83704909609775
 30
0.0
  0
VERTEX
  5
365
330
35A
100
AcDbEntity
  8
0
100
AcDbVertex
100
AcDb2dVertex
 10
-42.67766952966369
 20
-49.16295090390224
 30
0.0
 42
-0.198912367379658
  0
VERTEX
  5
366
330
35A
100
AcDbEntity
  8
0
100
AcDbVertex
100
AcDb2dVertex
 10
-42.09188309203677
 20
-47.74873734152915
 30
0.0
  0
VERTEX
  5
367
330
35A
100
AcDbEntity
  8
0
100
AcDbVertex
100
AcDb2dVertex
 10
-27.25126265847085
 20
-32.90811690796323
 30
0.0
 42
-0.198912367379658
  0
VERTEX
  5
368
330
35A
100
AcDbEntity
  8
0
100
AcDbVertex
100
AcDb2dVertex
 10
-25.83704909609776
 20
-32.32233047033632
 30
0.0
  0
VERTEX
  5
369
330
35A
100
AcDbEntity
  8
0
100
AcDbVertex
100
AcDb2dVertex
 10
-24.16295090390226
 20
-32.32233047033632
 30
0.0
 42
-0.1989123673796576
  0
VERTEX
  5
36A
330
35A
100
AcDbEntity
  8
0
100
AcDbVertex
100
AcDb2dVertex
 10
-22.74873734152917
 20
-32.90811690796323
 30
0.0
  0
VERTEX
  5
36B
330
35A
100
AcDbEntity
  8
0
100
AcDbVertex
100
AcDb2dVertex
 10
-7.908116907963229
 20
-47.74873734152914
 30
0.0
 42
-0.198912367379659
  0
SEQEND
  5
35D
330
35A
100
AcDbEntity
  8
0
  0
POLYLINE
  5
36C
330
70
100
AcDbEntity
  8
0
100
AcDb2dPolyline
 66
     1
 10
0.0
 20
0.0
 30
0.0
 70
     1
  0
VERTEX
  5
36D
330
36C
100
AcDbEntity
  8
0
100
AcDbVertex
100
AcDb2dVertex
 10
-7.322330470336337
 20
50.83704909609775
 30
0.0
  0
VERTEX
  5
36E
330
36C
100
AcDbEntity
  8
0
100
AcDbVertex
100
AcDb2dVertex
 10
-7.322330470336336
 20
49.16295090390224
 30
0.0
 42
-0.1989123673796586
  0
VERTEX
  5
370
330
36C
100
AcDbEntity
  8
0
100
AcDbVertex
100
AcDb2dVertex
 10
-7.90811690796324
 20
47.74873734152915
 30
0.0
  0
VERTEX
  5
371
330
36C
100
AcDbEntity
  8
0
100
AcDbVertex
100
AcDb2dVertex
 10
-22.74873734152917
 20
32.90811690796321
 30
0.0
 42
-0.1989123673796584
  0
VERTEX
  5
372
330
36C
100
AcDbEntity
  8
0
100
AcDbVertex
100
AcDb2dVertex
 10
-24.16295090390227
 20
32.32233047033631
 30
0.0
  0
VERTEX
  5
373
330
36C
100
AcDbEntity
  8
0
100
AcDbVertex
100
AcDb2dVertex
 10
-25.83704909609775
 20
32.32233047033631
 30
0.0
 42
-0.1989123673796572
  0
VERTEX
  5
374
330
36C
100
AcDbEntity
  8
0
100
AcDbVertex
100
AcDb2dVertex
 10
-27.25126265847085
 20
32.90811690796321
 30
0.0
  0
VERTEX
  5
375
330
36C
100
AcDbEntity
  8
0
100
AcDbVertex
100
AcDb2dVertex
 10
-42.09188309203679
 20
47.74873734152915
 30
0.0
 42
-0.198912367379658
  0
VERTEX
  5
376
330
36C
100
AcDbEntity
  8
0
100
AcDbVertex
100
AcDb2dVertex
 10
-42.6776695296637
 20
49.16295090390224
 30
0.0
  0
VERTEX
  5
377
330
36C
100
AcDbEntity
  8
0
100
AcDbVertex
100
AcDb2dVertex
 10
-42.67766952966369
 20
50.83704909609775
 30
0.0
 42
-0.198912367379658
  0
VERTEX
  5
378
330
36C
100
AcDbEntity
  8
0
100
AcDbVertex
100
AcDb2dVertex
 10
-42.09188309203679
 20
52.25126265847084
 30
0.0
  0
VERTEX
  5
379
330
36C
100
AcDbEntity
  8
0
100
AcDbVertex
100
AcDb2dVertex
 10
-27.25126265847086
 20
67.09188309203678
 30
0.0
 42
-0.1989123673796584
  0
VERTEX
  5
37A
330
36C
100
AcDbEntity
  8
0
100
AcDbVertex
100
AcDb2dVertex
 10
-25.83704909609777
 20
67.67766952966368
 30
0.0
  0
VERTEX
  5
37B
330
36C
100
AcDbEntity
  8
0
100
AcDbVertex
100
AcDb2dVertex
 10
-24.16295090390228
 20
67.67766952966368
 30
0.0
 42
-0.1989123673796584
  0
VERTEX
  5
37C
330
36C
100
AcDbEntity
  8
0
100
AcDbVertex
100
AcDb2dVertex
 10
-22.74873734152918
 20
67.09188309203678
 30
0.0
  0
VERTEX
  5
37D
330
36C
100
AcDbEntity
  8
0
100
AcDbVertex
100
AcDb2dVertex
 10
-7.908116907963247
 20
52.25126265847085
 30
0.0
 42
-0.1989123673796576
  0
SEQEND
  5
36F
330
36C
100
AcDbEntity
  8
0
  0
POLYLINE
  5
37E
330
70
100
AcDbEntity
  8
0
100
AcDb2dPolyline
 66
     1
 10
0.0
 20
0.0
 30
0.0
 70
     1
  0
VERTEX
  5
37F
330
37E
100
AcDbEntity
  8
0
100
AcDbVertex
100
AcDb2dVertex
 10
192.6776695296637
 20
-49.16295090390221
 30
0.0
  0
VERTEX
  5
380
330
37E
100
AcDbEntity
  8
0
100
AcDbVertex
100
AcDb2dVertex
 10
192.6776695296637
 20
-50.83704909609772
 30
0.0
 42
-0.1989123673796571
  0
VERTEX
  5
382
330
37E
100
AcDbEntity
  8
0
100
AcDbVertex
100
AcDb2dVertex
 10
192.0918830920368
 20
-52.2512626584708
 30
0.0
  0
VERTEX
  5
383
330
37E
100
AcDbEntity
  8
0
100
AcDbVertex
100
AcDb2dVertex
 10
177.2512626584708
 20
-67.09188309203674
 30
0.0
 42
-0.1989123673796572
  0
VERTEX
  5
384
330
37E
100
AcDbEntity
  8
0
100
AcDbVertex
100
AcDb2dVertex
 10
175.8370490960977
 20
-67.67766952966365
 30
0.0
  0
VERTEX
  5
385
330
37E
100
AcDbEntity
  8
0
100
AcDbVertex
100
AcDb2dVertex
 10
174.1629509039022
 20
-67.67766952966366
 30
0.0
 42
-0.1989123673796589
  0
VERTEX
  5
386
330
37E
100
AcDbEntity
  8
0
100
AcDbVertex
100
AcDb2dVertex
 10
172.7487373415291
 20
-67.09188309203674
 30
0.0
  0
VERTEX
  5
387
330
37E
100
AcDbEntity
  8
0
100
AcDbVertex
100
AcDb2dVertex
 10
157.9081169079632
 20
-52.2512626584708
 30
0.0
 42
-0.1989123673796555
  0
VERTEX
  5
388
330
37E
100
AcDbEntity
  8
0
100
AcDbVertex
100
AcDb2dVertex
 10
157.3223304703363
 20
-50.83704909609771
 30
0.0
  0
VERTEX
  5
389
330
37E
100
AcDbEntity
  8
0
100
AcDbVertex
100
AcDb2dVertex
 10
157.3223304703363
 20
-49.16295090390224
 30
0.0
 42
-0.1989123673796588
  0
VERTEX
  5
38A
330
37E
100
AcDbEntity
  8
0
100
AcDbVertex
100
AcDb2dVertex
 10
157.9081169079632
 20
-47.74873734152913
 30
0.0
  0
VERTEX
  5
38B
330
37E
100
AcDbEntity
  8
0
100
AcDbVertex
100
AcDb2dVertex
 10
172.7487373415291
 20
-32.90811690796318
 30
0.0
 42
-0.1989123673796572
  0
VERTEX
  5
38C
330
37E
100
AcDbEntity
  8
0
100
AcDbVertex
100
AcDb2dVertex
 10
174.1629509039022
 20
-32.32233047033628
 30
0.0
  0
VERTEX
  5
38D
330
37E
100
AcDbEntity
  8
0
100
AcDbVertex
100
AcDb2dVertex
 10
175.8370490960978
 20
-32.32233047033628
 30
0.0
 42
-0.1989123673796584
  0
VERTEX
  5
38E
330
37E
100
AcDbEntity
  8
0
100
AcDbVertex
100
AcDb2dVertex
 10
177.2512626584708
 20
-32.9081169079632
 30
0.0
  0
VERTEX
  5
38F
330
37E
100
AcDbEntity
  8
0
100
AcDbVertex
100
AcDb2dVertex
 10
192.0918830920368
 20
-47.74873734152912
 30
0.0
 42
-0.198912367379658
  0
SEQEND
  5
381
330
37E
100
AcDbEntity
  8
0
  0
POLYLINE
  5
390
330
70
100
AcDbEntity
  8
0
100
AcDb2dPolyline
 66
     1
 10
0.0
 20
0.0
 30
0.0
 70
     1
  0
VERTEX
  5
391
330
390
100
AcDbEntity
  8
0
100
AcDbVertex
100
AcDb2dVertex
 10
92.67766952966368
 20
-49.16295090390223
 30
0.0
  0
VERTEX
  5
392
330
390
100
AcDbEntity
  8
0
100
AcDbVertex
100
AcDb2dVertex
 10
92.67766952966368
 20
-50.83704909609771
 30
0.0
 42
-0.1989123673796588
  0
VERTEX
  5
394
330
390
100
AcDbEntity
  8
0
100
AcDbVertex
100
AcDb2dVertex
 10
92.0918830920368
 20
-52.2512626584708
 30
0.0
  0
VERTEX
  5
395
330
390
100
AcDbEntity
  8
0
100
AcDbVertex
100
AcDb2dVertex
 10
77.25126265847086
 20
-67.09188309203675
 30
0.0
 42
-0.1989123673796589
  0
VERTEX
  5
396
330
390
100
AcDbEntity
  8
0
100
AcDbVertex
100
AcDb2dVertex
 10
75.83704909609775
 20
-67.67766952966366
 30
0.0
  0
VERTEX
  5
397
330
390
100
AcDbEntity
  8
0
100
AcDbVertex
100
AcDb2dVertex
 10
74.16295090390224
 20
-67.67766952966367
 30
0.0
 42
-0.1989123673796589
  0
VERTEX
  5
398
330
390
100
AcDbEntity
  8
0
100
AcDbVertex
100
AcDb2dVertex
 10
72.74873734152915
 20
-67.09188309203677
 30
0.0
  0
VERTEX
  5
399
330
390
100
AcDbEntity
  8
0
100
AcDbVertex
100
AcDb2dVertex
 10
57.90811690796321
 20
-52.25126265847082
 30
0.0
 42
-0.1989123673796572
  0
VERTEX
  5
39A
330
390
100
AcDbEntity
  8
0
100
AcDbVertex
100
AcDb2dVertex
 10
57.32233047033631
 20
-50.83704909609773
 30
0.0
  0
VERTEX
  5
39B
330
390
100
AcDbEntity
  8
0
100
AcDbVertex
100
AcDb2dVertex
 10
57.32233047033631
 20
-49.16295090390223
 30
0.0
 42
-0.198912367379658
  0
VERTEX
  5
39C
330
390
100
AcDbEntity
  8
0
100
AcDbVertex
100
AcDb2dVertex
 10
57.90811690796322
 20
-47.74873734152913
 30
0.0
  0
VERTEX
  5
39D
330
390
100
AcDbEntity
  8
0
100
AcDbVertex
100
AcDb2dVertex
 10
72.74873734152915
 20
-32.90811690796321
 30
0.0
 42
-0.1989123673796576
  0
VERTEX
  5
39E
330
390
100
AcDbEntity
  8
0
100
AcDbVertex
100
AcDb2dVertex
 10
74.16295090390224
 20
-32.32233047033631
 30
0.0
  0
VERTEX
  5
39F
330
390
100
AcDbEntity
  8
0
100
AcDbVertex
100
AcDb2dVertex
 10
75.83704909609775
 20
-32.32233047033631
 30
0.0
 42
-0.1989123673796572
  0
VERTEX
  5
3A0
330
390
100
AcDbEntity
  8
0
100
AcDbVertex
100
AcDb2dVertex
 10
77.25126265847084
 20
-32.90811690796321
 30
0.0
  0
VERTEX
  5
3A1
330
390
100
AcDbEntity
  8
0
100
AcDbVertex
100
AcDb2dVertex
 10
92.09188309203675
 20
-47.74873734152913
 30
0.0
 42
-0.1989123673796613
  0
SEQEND
  5
393
330
390
100
AcDbEntity
  8
0
  0
POLYLINE
  5
3A2
330
70
100
AcDbEntity
  8
0
100
AcDb2dPolyline
 66
     1
 10
0.0
 20
0.0
 30
0.0
 70
     1
  0
VERTEX
  5
3A3
330
3A2
100
AcDbEntity
  8
0
100
AcDbVertex
100
AcDb2dVertex
 10
42.67766952966368
 20
-49.16295090390224
 30
0.0
  0
VERTEX
  5
3A4
330
3A2
100
AcDbEntity
  8
0
100
AcDbVertex
100
AcDb2dVertex
 10
42.67766952966368
 20
-50.83704909609775
 30
0.0
 42
-0.198912367379658
  0
VERTEX
  5
3A6
330
3A2
100
AcDbEntity
  8
0
100
AcDbVertex
100
AcDb2dVertex
 10
42.09188309203677
 20
-52.25126265847084
 30
0.0
  0
VERTEX
  5
3A7
330
3A2
100
AcDbEntity
  8
0
100
AcDbVertex
100
AcDb2dVertex
 10
27.25126265847086
 20
-67.09188309203677
 30
0.0
 42
-0.1989123673796584
  0
VERTEX
  5
3A8
330
3A2
100
AcDbEntity
  8
0
100
AcDbVertex
100
AcDb2dVertex
 10
25.83704909609777
 20
-67.67766952966367
 30
0.0
  0
VERTEX
  5
3A9
330
3A2
100
AcDbEntity
  8
0
100
AcDbVertex
100
AcDb2dVertex
 10
24.16295090390227
 20
-67.67766952966367
 30
0.0
 42
-0.1989123673796584
  0
VERTEX
  5
3AA
330
3A2
100
AcDbEntity
  8
0
100
AcDbVertex
100
AcDb2dVertex
 10
22.74873734152917
 20
-67.09188309203678
 30
0.0
  0
VERTEX
  5
3AB
330
3A2
100
AcDbEntity
  8
0
100
AcDbVertex
100
AcDb2dVertex
 10
7.90811690796322
 20
-52.25126265847084
 30
0.0
 42
-0.1989123673796589
  0
VERTEX
  5
3AC
330
3A2
100
AcDbEntity
  8
0
100
AcDbVertex
100
AcDb2dVertex
 10
7.322330470336313
 20
-50.83704909609775
 30
0.0
  0
VERTEX
  5
3AD
330
3A2
100
AcDbEntity
  8
0
100
AcDbVertex
100
AcDb2dVertex
 10
7.322330470336312
 20
-49.16295090390225
 30
0.0
 42
-0.1989123673796576
  0
VERTEX
  5
3AE
330
3A2
100
AcDbEntity
  8
0
100
AcDbVertex
100
AcDb2dVertex
 10
7.908116907963215
 20
-47.74873734152916
 30
0.0
  0
VERTEX
  5
3AF
330
3A2
100
AcDbEntity
  8
0
100
AcDbVertex
100
AcDb2dVertex
 10
22.74873734152915
 20
-32.90811690796323
 30
0.0
 42
-0.198912367379658
  0
VERTEX
  5
3B0
330
3A2
100
AcDbEntity
  8
0
100
AcDbVertex
100
AcDb2dVertex
 10
24.16295090390224
 20
-32.32233047033632
 30
0.0
  0
VERTEX
  5
3B1
330
3A2
100
AcDbEntity
  8
0
100
AcDbVertex
100
AcDb2dVertex
 10
25.83704909609775
 20
-32.32233047033633
 30
0.0
 42
-0.1989123673796572
  0
VERTEX
  5
3B2
330
3A2
100
AcDbEntity
  8
0
100
AcDbVertex
100
AcDb2dVertex
 10
27.25126265847084
 20
-32.90811690796322
 30
0.0
  0
VERTEX
  5
3B3
330
3A2
100
AcDbEntity
  8
0
100
AcDbVertex
100
AcDb2dVertex
 10
42.09188309203677
 20
-47.74873734152915
 30
0.0
 42
-0.198912367379658
  0
SEQEND
  5
3A5
330
3A2
100
AcDbEntity
  8
0
  0
POLYLINE
  5
3B4
330
70
100
AcDbEntity
  8
0
100
AcDb2dPolyline
 66
     1
 10
0.0
 20
0.0
 30
0.0
 70
     1
  0
VERTEX
  5
3B5
330
3B4
100
AcDbEntity
  8
0
100
AcDbVertex
100
AcDb2dVertex
 10
192.6776695296637
 20
50.83704909609772
 30
0.0
  0
VERTEX
  5
3B6
330
3B4
100
AcDbEntity
  8
0
100
AcDbVertex
100
AcDb2dVertex
 10
192.6776695296637
 20
49.16295090390216
 30
0.0
 42
-0.1989123673796588
  0
VERTEX
  5
3B8
330
3B4
100
AcDbEntity
  8
0
100
AcDbVertex
100
AcDb2dVertex
 10
192.0918830920367
 20
47.74873734152905
 30
0.0
  0
VERTEX
  5
3B9
330
3B4
100
AcDbEntity
  8
0
100
AcDbVertex
100
AcDb2dVertex
 10
177.2512626584708
 20
32.90811690796314
 30
0.0
 42
-0.1989123673796572
  0
VERTEX
  5
3BA
330
3B4
100
AcDbEntity
  8
0
100
AcDbVertex
100
AcDb2dVertex
 10
175.8370490960977
 20
32.32233047033624
 30
0.0
  0
VERTEX
  5
3BB
330
3B4
100
AcDbEntity
  8
0
100
AcDbVertex
100
AcDb2dVertex
 10
174.1629509039022
 20
32.32233047033624
 30
0.0
 42
-0.1989123673796568
  0
VERTEX
  5
3BC
330
3B4
100
AcDbEntity
  8
0
100
AcDbVertex
100
AcDb2dVertex
 10
172.7487373415291
 20
32.90811690796314
 30
0.0
  0
VERTEX
  5
3BD
330
3B4
100
AcDbEntity
  8
0
100
AcDbVertex
100
AcDb2dVertex
 10
157.9081169079632
 20
47.74873734152909
 30
0.0
 42
-0.1989123673796588
  0
VERTEX
  5
3BE
330
3B4
100
AcDbEntity
  8
0
100
AcDbVertex
100
AcDb2dVertex
 10
157.3223304703363
 20
49.16295090390221
 30
0.0
  0
VERTEX
  5
3BF
330
3B4
100
AcDbEntity
  8
0
100
AcDbVertex
100
AcDb2dVertex
 10
157.3223304703363
 20
50.83704909609765
 30
0.0
 42
-0.198912367379658
  0
VERTEX
  5
3C0
330
3B4
100
AcDbEntity
  8
0
100
AcDbVertex
100
AcDb2dVertex
 10
157.9081169079632
 20
52.25126265847074
 30
0.0
  0
VERTEX
  5
3C1
330
3B4
100
AcDbEntity
  8
0
100
AcDbVertex
100
AcDb2dVertex
 10
172.7487373415291
 20
67.09188309203669
 30
0.0
 42
-0.198912367379658
  0
VERTEX
  5
3C2
330
3B4
100
AcDbEntity
  8
0
100
AcDbVertex
100
AcDb2dVertex
 10
174.1629509039022
 20
67.67766952966361
 30
0.0
  0
VERTEX
  5
3C3
330
3B4
100
AcDbEntity
  8
0
100
AcDbVertex
100
AcDb2dVertex
 10
175.8370490960977
 20
67.67766952966361
 30
0.0
 42
-0.1989123673796572
  0
VERTEX
  5
3C4
330
3B4
100
AcDbEntity
  8
0
100
AcDbVertex
100
AcDb2dVertex
 10
177.2512626584708
 20
67.09188309203671
 30
0.0
  0
VERTEX
  5
3C5
330
3B4
100
AcDbEntity
  8
0
100
AcDbVertex
100
AcDb2dVertex
 10
192.0918830920367
 20
52.25126265847081
 30
0.0
 42
-0.198912367379658
  0
SEQEND
  5
3B7
330
3B4
100
AcDbEntity
  8
0
  0
POLYLINE
  5
3C6
330
70
100
AcDbEntity
  8
0
100
AcDb2dPolyline
 66
     1
 10
0.0
 20
0.0
 30
0.0
 70
     1
  0
VERTEX
  5
3C7
330
3C6
100
AcDbEntity
  8
0
100
AcDbVertex
100
AcDb2dVertex
 10
42.67766952966366
 20
50.83704909609775
 30
0.0
  0
VERTEX
  5
3C8
330
3C6
100
AcDbEntity
  8
0
100
AcDbVertex
100
AcDb2dVertex
 10
42.67766952966366
 20
49.16295090390224
 30
0.0
 42
-0.198912367379658
  0
VERTEX
  5
3CA
330
3C6
100
AcDbEntity
  8
0
100
AcDbVertex
100
AcDb2dVertex
 10
42.09188309203675
 20
47.74873734152915
 30
0.0
  0
VERTEX
  5
3CB
330
3C6
100
AcDbEntity
  8
0
100
AcDbVertex
100
AcDb2dVertex
 10
27.25126265847082
 20
32.90811690796321
 30
0.0
 42
-0.198912367379658
  0
VERTEX
  5
3CC
330
3C6
100
AcDbEntity
  8
0
100
AcDbVertex
100
AcDb2dVertex
 10
25.83704909609773
 20
32.32233047033631
 30
0.0
  0
VERTEX
  5
3CD
330
3C6
100
AcDbEntity
  8
0
100
AcDbVertex
100
AcDb2dVertex
 10
24.16295090390225
 20
32.32233047033631
 30
0.0
 42
-0.1989123673796576
  0
VERTEX
  5
3CE
330
3C6
100
AcDbEntity
  8
0
100
AcDbVertex
100
AcDb2dVertex
 10
22.74873734152916
 20
32.90811690796321
 30
0.0
  0
VERTEX
  5
3CF
330
3C6
100
AcDbEntity
  8
0
100
AcDbVertex
100
AcDb2dVertex
 10
7.908116907963195
 20
47.74873734152915
 30
0.0
 42
-0.1989123673796578
  0
VERTEX
  5
3D0
330
3C6
100
AcDbEntity
  8
0
100
AcDbVertex
100
AcDb2dVertex
 10
7.322330470336295
 20
49.16295090390225
 30
0.0
  0
VERTEX
  5
3D1
330
3C6
100
AcDbEntity
  8
0
100
AcDbVertex
100
AcDb2dVertex
 10
7.322330470336293
 20
50.83704909609775
 30
0.0
 42
-0.1989123673796576
  0
VERTEX
  5
3D2
330
3C6
100
AcDbEntity
  8
0
100
AcDbVertex
100
AcDb2dVertex
 10
7.908116907963195
 20
52.25126265847084
 30
0.0
  0
VERTEX
  5
3D3
330
3C6
100
AcDbEntity
  8
0
100
AcDbVertex
100
AcDb2dVertex
 10
22.74873734152915
 20
67.09188309203679
 30
0.0
 42
-0.1989123673796568
  0
VERTEX
  5
3D4
330
3C6
100
AcDbEntity
  8
0
100
AcDbVertex
100
AcDb2dVertex
 10
24.16295090390224
 20
67.67766952966368
 30
0.0
  0
VERTEX
  5
3D5
330
3C6
100
AcDbEntity
  8
0
100
AcDbVertex
100
AcDb2dVertex
 10
25.83704909609772
 20
67.67766952966368
 30
0.0
 42
-0.1989123673796584
  0
VERTEX
  5
3D6
330
3C6
100
AcDbEntity
  8
0
100
AcDbVertex
100
AcDb2dVertex
 10
27.25126265847082
 20
67.09188309203678
 30
0.0
  0
VERTEX
  5
3D7
330
3C6
100
AcDbEntity
  8
0
100
AcDbVertex
100
AcDb2dVertex
 10
42.09188309203676
 20
52.25126265847085
 30
0.0
 42
-0.198912367379658
  0
SEQEND
  5
3C9
330
3C6
100
AcDbEntity
  8
0
  0
POLYLINE
  5
3D8
330
70
100
AcDbEntity
  8
0
100
AcDb2dPolyline
 66
     1
 10
0.0
 20
0.0
 30
0.0
 70
     1
  0
VERTEX
  5
3D9
330
3D8
100
AcDbEntity
  8
0
100
AcDbVertex
100
AcDb2dVertex
 10
192.6776695296637
 20
0.8370490960976885
 30
0.0
  0
VERTEX
  5
3DA
330
3D8
100
AcDbEntity
  8
0
100
AcDbVertex
100
AcDb2dVertex
 10
192.6776695296637
 20
-0.8370490960978298
 30
0.0
 42
-0.1989123673796576
  0
VERTEX
  5
3DC
330
3D8
100
AcDbEntity
  8
0
100
AcDbVertex
100
AcDb2dVertex
 10
192.0918830920368
 20
-2.251262658470918
 30
0.0
  0
VERTEX
  5
3DD
330
3D8
100
AcDbEntity
  8
0
100
AcDbVertex
100
AcDb2dVertex
 10
177.2512626584708
 20
-17.09188309203686
 30
0.0
 42
-0.198912367379657
  0
VERTEX
  5
3DE
330
3D8
100
AcDbEntity
  8
0
100
AcDbVertex
100
AcDb2dVertex
 10
175.8370490960977
 20
-17.67766952966375
 30
0.0
  0
VERTEX
  5
3DF
330
3D8
100
AcDbEntity
  8
0
100
AcDbVertex
100
AcDb2dVertex
 10
174.1629509039022
 20
-17.67766952966375
 30
0.0
 42
-0.1989123673796576
  0
VERTEX
  5
3E0
330
3D8
100
AcDbEntity
  8
0
100
AcDbVertex
100
AcDb2dVertex
 10
172.7487373415291
 20
-17.09188309203685
 30
0.0
  0
VERTEX
  5
3E1
330
3D8
100
AcDbEntity
  8
0
100
AcDbVertex
100
AcDb2dVertex
 10
157.9081169079632
 20
-2.2512626584709
 30
0.0
 42
-0.1989123673796559
  0
VERTEX
  5
3E2
330
3D8
100
AcDbEntity
  8
0
100
AcDbVertex
100
AcDb2dVertex
 10
157.3223304703363
 20
-0.8370490960978072
 30
0.0
  0
VERTEX
  5
3E3
330
3D8
100
AcDbEntity
  8
0
100
AcDbVertex
100
AcDb2dVertex
 10
157.3223304703363
 20
0.8370490960976638
 30
0.0
 42
-0.1989123673796582
  0
VERTEX
  5
3E4
330
3D8
100
AcDbEntity
  8
0
100
AcDbVertex
100
AcDb2dVertex
 10
157.9081169079632
 20
2.251262658470759
 30
0.0
  0
VERTEX
  5
3E5
330
3D8
100
AcDbEntity
  8
0
100
AcDbVertex
100
AcDb2dVertex
 10
172.7487373415291
 20
17.09188309203671
 30
0.0
 42
-0.1989123673796576
  0
VERTEX
  5
3E6
330
3D8
100
AcDbEntity
  8
0
100
AcDbVertex
100
AcDb2dVertex
 10
174.1629509039022
 20
17.67766952966361
 30
0.0
  0
VERTEX
  5
3E7
330
3D8
100
AcDbEntity
  8
0
100
AcDbVertex
100
AcDb2dVertex
 10
175.8370490960977
 20
17.67766952966361
 30
0.0
 42
-0.1989123673796574
  0
VERTEX
  5
3E8
330
3D8
100
AcDbEntity
  8
0
100
AcDbVertex
100
AcDb2dVertex
 10
177.2512626584708
 20
17.09188309203671
 30
0.0
  0
VERTEX
  5
3E9
330
3D8
100
AcDbEntity
  8
0
100
AcDbVertex
100
AcDb2dVertex
 10
192.0918830920368
 20
2.25126265847078
 30
0.0
 42
-0.1989123673796581
  0
SEQEND
  5
3DB
330
3D8
100
AcDbEntity
  8
0
  0
POLYLINE
  5
3EA
330
70
100
AcDbEntity
  8
0
100
AcDb2dPolyline
 66
     1
 10
0.0
 20
0.0
 30
0.0
 70
     1
  0
VERTEX
  5
3EB
330
3EA
100
AcDbEntity
  8
0
100
AcDbVertex
100
AcDb2dVertex
 10
142.6776695296637
 20
0.8370490960977107
 30
0.0
  0
VERTEX
  5
3EC
330
3EA
100
AcDbEntity
  8
0
100
AcDbVertex
100
AcDb2dVertex
 10
142.6776695296637
 20
-0.837049096097772
 30
0.0
 42
-0.1989123673796586
  0
VERTEX
  5
3EE
330
3EA
100
AcDbEntity
  8
0
100
AcDbVertex
100
AcDb2dVertex
 10
142.0918830920368
 20
-2.25126265847087
 30
0.0
  0
VERTEX
  5
3EF
330
3EA
100
AcDbEntity
  8
0
100
AcDbVertex
100
AcDb2dVertex
 10
127.2512626584708
 20
-17.09188309203683
 30
0.0
 42
-0.1989123673796574
  0
VERTEX
  5
3F0
330
3EA
100
AcDbEntity
  8
0
100
AcDbVertex
100
AcDb2dVertex
 10
125.8370490960977
 20
-17.67766952966373
 30
0.0
  0
VERTEX
  5
3F1
330
3EA
100
AcDbEntity
  8
0
100
AcDbVertex
100
AcDb2dVertex
 10
124.1629509039023
 20
-17.67766952966373
 30
0.0
 42
-0.1989123673796571
  0
VERTEX
  5
3F2
330
3EA
100
AcDbEntity
  8
0
100
AcDbVertex
100
AcDb2dVertex
 10
122.7487373415292
 20
-17.09188309203683
 30
0.0
  0
VERTEX
  5
3F3
330
3EA
100
AcDbEntity
  8
0
100
AcDbVertex
100
AcDb2dVertex
 10
107.9081169079632
 20
-2.251262658470882
 30
0.0
 42
-0.1989123673796585
  0
VERTEX
  5
3F4
330
3EA
100
AcDbEntity
  8
0
100
AcDbVertex
100
AcDb2dVertex
 10
107.3223304703363
 20
-0.837049096097785
 30
0.0
  0
VERTEX
  5
3F5
330
3EA
100
AcDbEntity
  8
0
100
AcDbVertex
100
AcDb2dVertex
 10
107.3223304703363
 20
0.837049096097686
 30
0.0
 42
-0.1989123673796583
  0
VERTEX
  5
3F6
330
3EA
100
AcDbEntity
  8
0
100
AcDbVertex
100
AcDb2dVertex
 10
107.9081169079632
 20
2.251262658470781
 30
0.0
  0
VERTEX
  5
3F7
330
3EA
100
AcDbEntity
  8
0
100
AcDbVertex
100
AcDb2dVertex
 10
122.7487373415291
 20
17.09188309203673
 30
0.0
 42
-0.1989123673796576
  0
VERTEX
  5
3F8
330
3EA
100
AcDbEntity
  8
0
100
AcDbVertex
100
AcDb2dVertex
 10
124.1629509039022
 20
17.67766952966364
 30
0.0
  0
VERTEX
  5
3F9
330
3EA
100
AcDbEntity
  8
0
100
AcDbVertex
100
AcDb2dVertex
 10
125.8370490960977
 20
17.67766952966364
 30
0.0
 42
-0.198912367379658
  0
VERTEX
  5
3FA
330
3EA
100
AcDbEntity
  8
0
100
AcDbVertex
100
AcDb2dVertex
 10
127.2512626584708
 20
17.09188309203673
 30
0.0
  0
VERTEX
  5
3FB
330
3EA
100
AcDbEntity
  8
0
100
AcDbVertex
100
AcDb2dVertex
 10
142.0918830920367
 20
2.251262658470816
 30
0.0
 42
-0.1989123673796612
  0
SEQEND
  5
3ED
330
3EA
100
AcDbEntity
  8
0
  0
POLYLINE
  5
3FC
330
70
100
AcDbEntity
  8
0
100
AcDb2dPolyline
 66
     1
 10
0.0
 20
0.0
 30
0.0
 70
     1
  0
VERTEX
  5
3FD
330
3FC
100
AcDbEntity
  8
0
100
AcDbVertex
100
AcDb2dVertex
 10
92.67766952966368
 20
0.8370490960977329
 30
0.0
  0
VERTEX
  5
3FE
330
3FC
100
AcDbEntity
  8
0
100
AcDbVertex
100
AcDb2dVertex
 10
92.67766952966368
 20
-0.8370490960977495
 30
0.0
 42
-0.1989123673796586
  0
VERTEX
  5
400
330
3FC
100
AcDbEntity
  8
0
100
AcDbVertex
100
AcDb2dVertex
 10
92.0918830920368
 20
-2.251262658470848
 30
0.0
  0
VERTEX
  5
401
330
3FC
100
AcDbEntity
  8
0
100
AcDbVertex
100
AcDb2dVertex
 10
77.25126265847085
 20
-17.0918830920368
 30
0.0
 42
-0.1989123673796578
  0
VERTEX
  5
402
330
3FC
100
AcDbEntity
  8
0
100
AcDbVertex
100
AcDb2dVertex
 10
75.83704909609775
 20
-17.67766952966371
 30
0.0
  0
VERTEX
  5
403
330
3FC
100
AcDbEntity
  8
0
100
AcDbVertex
100
AcDb2dVertex
 10
74.16295090390225
 20
-17.67766952966371
 30
0.0
 42
-0.1989123673796578
  0
VERTEX
  5
404
330
3FC
100
AcDbEntity
  8
0
100
AcDbVertex
100
AcDb2dVertex
 10
72.74873734152916
 20
-17.0918830920368
 30
0.0
  0
VERTEX
  5
405
330
3FC
100
AcDbEntity
  8
0
100
AcDbVertex
100
AcDb2dVertex
 10
57.90811690796322
 20
-2.251262658470865
 30
0.0
 42
-0.1989123673796583
  0
VERTEX
  5
406
330
3FC
100
AcDbEntity
  8
0
100
AcDbVertex
100
AcDb2dVertex
 10
57.32233047033631
 20
-0.8370490960977727
 30
0.0
  0
VERTEX
  5
407
330
3FC
100
AcDbEntity
  8
0
100
AcDbVertex
100
AcDb2dVertex
 10
57.32233047033631
 20
0.8370490960977278
 30
0.0
 42
-0.1989123673796582
  0
VERTEX
  5
408
330
3FC
100
AcDbEntity
  8
0
100
AcDbVertex
100
AcDb2dVertex
 10
57.90811690796322
 20
2.251262658470822
 30
0.0
  0
VERTEX
  5
409
330
3FC
100
AcDbEntity
  8
0
100
AcDbVertex
100
AcDb2dVertex
 10
72.74873734152916
 20
17.09188309203675
 30
0.0
 42
-0.1989123673796576
  0
VERTEX
  5
40A
330
3FC
100
AcDbEntity
  8
0
100
AcDbVertex
100
AcDb2dVertex
 10
74.16295090390224
 20
17.67766952966366
 30
0.0
  0
VERTEX
  5
40B
330
3FC
100
AcDbEntity
  8
0
100
AcDbVertex
100
AcDb2dVertex
 10
75.83704909609775
 20
17.67766952966366
 30
0.0
 42
-0.1989123673796578
  0
VERTEX
  5
40C
330
3FC
100
AcDbEntity
  8
0
100
AcDbVertex
100
AcDb2dVertex
 10
77.25126265847084
 20
17.09188309203675
 30
0.0
  0
VERTEX
  5
40D
330
3FC
100
AcDbEntity
  8
0
100
AcDbVertex
100
AcDb2dVertex
 10
92.09188309203677
 20
2.251262658470829
 30
0.0
 42
-0.1989123673796583
  0
SEQEND
  5
3FF
330
3FC
100
AcDbEntity
  8
0
  0
POLYLINE
  5
40E
330
70
100
AcDbEntity
  8
0
100
AcDb2dPolyline
 66
     1
 10
0.0
 20
0.0
 30
0.0
 70
     1
  0
VERTEX
  5
40F
330
40E
100
AcDbEntity
  8
0
100
AcDbVertex
100
AcDb2dVertex
 10
-17.09188309203679
 20
27.25126265847083
 30
0.0
  0
VERTEX
  5
410
330
40E
100
AcDbEntity
  8
0
100
AcDbVertex
100
AcDb2dVertex
 10
-2.251262658470851
 20
42.09188309203677
 30
0.0
 42
-0.1989123673796586
  0
VERTEX
  5
412
330
40E
100
AcDbEntity
  8
0
100
AcDbVertex
100
AcDb2dVertex
 10
-0.8370490960977518
 20
42.67766952966368
 30
0.0
  0
VERTEX
  5
413
330
40E
100
AcDbEntity
  8
0
100
AcDbVertex
100
AcDb2dVertex
 10
0.8370490960977184
 20
42.67766952966368
 30
0.0
 42
-0.1989123673796586
  0
VERTEX
  5
414
330
40E
100
AcDbEntity
  8
0
100
AcDbVertex
100
AcDb2dVertex
 10
2.251262658470816
 20
42.09188309203677
 30
0.0
  0
VERTEX
  5
415
330
40E
100
AcDbEntity
  8
0
100
AcDbVertex
100
AcDb2dVertex
 10
17.09188309203678
 20
27.25126265847082
 30
0.0
 42
-0.1989123673796582
  0
VERTEX
  5
416
330
40E
100
AcDbEntity
  8
0
100
AcDbVertex
100
AcDb2dVertex
 10
17.67766952966368
 20
25.83704909609772
 30
0.0
  0
VERTEX
  5
417
330
40E
100
AcDbEntity
  8
0
100
AcDbVertex
100
AcDb2dVertex
 10
17.67766952966368
 20
24.16295090390227
 30
0.0
 42
-0.1989123673796576
  0
VERTEX
  5
418
330
40E
100
AcDbEntity
  8
0
100
AcDbVertex
100
AcDb2dVertex
 10
17.09188309203678
 20
22.74873734152917
 30
0.0
  0
VERTEX
  5
419
330
40E
100
AcDbEntity
  8
0
100
AcDbVertex
100
AcDb2dVertex
 10
2.251262658470851
 20
7.908116907963216
 30
0.0
 42
-0.198912367379658
  0
VERTEX
  5
41A
330
40E
100
AcDbEntity
  8
0
100
AcDbVertex
100
AcDb2dVertex
 10
0.8370490960977532
 20
7.322330470336313
 30
0.0
  0
VERTEX
  5
41B
330
40E
100
AcDbEntity
  8
0
100
AcDbVertex
100
AcDb2dVertex
 10
-0.83704909609775
 20
7.322330470336314
 30
0.0
 42
-0.198912367379658
  0
VERTEX
  5
41C
330
40E
100
AcDbEntity
  8
0
100
AcDbVertex
100
AcDb2dVertex
 10
-2.251262658470845
 20
7.908116907963219
 30
0.0
  0
VERTEX
  5
41D
330
40E
100
AcDbEntity
  8
0
100
AcDbVertex
100
AcDb2dVertex
 10
-17.09188309203679
 20
22.74873734152917
 30
0.0
 42
-0.1989123673796576
  0
VERTEX
  5
41E
330
40E
100
AcDbEntity
  8
0
100
AcDbVertex
100
AcDb2dVertex
 10
-17.67766952966369
 20
24.16295090390227
 30
0.0
  0
VERTEX
  5
41F
330
40E
100
AcDbEntity
  8
0
100
AcDbVertex
100
AcDb2dVertex
 10
-17.67766952966369
 20
25.83704909609773
 30
0.0
 42
-0.1989123673796582
  0
SEQEND
  5
411
330
40E
100
AcDbEntity
  8
0
  0
POLYLINE
  5
420
330
70
100
AcDbEntity
  8
0
100
AcDb2dPolyline
 66
     1
 10
0.0
 20
0.0
 30
0.0
 70
     1
  0
VERTEX
  5
421
330
420
100
AcDbEntity
  8
0
100
AcDbVertex
100
AcDb2dVertex
 10
7.322330470336313
 20
-0.83704909609774
 30
0.0
  0
VERTEX
  5
422
330
420
100
AcDbEntity
  8
0
100
AcDbVertex
100
AcDb2dVertex
 10
7.322330470336313
 20
0.8370490960977349
 30
0.0
 42
-0.198912367379658
  0
VERTEX
  5
424
330
420
100
AcDbEntity
  8
0
100
AcDbVertex
100
AcDb2dVertex
 10
7.908116907963217
 20
2.251262658470829
 30
0.0
  0
VERTEX
  5
425
330
420
100
AcDbEntity
  8
0
100
AcDbVertex
100
AcDb2dVertex
 10
22.74873734152916
 20
17.09188309203678
 30
0.0
 42
-0.1989123673796582
  0
VERTEX
  5
426
330
420
100
AcDbEntity
  8
0
100
AcDbVertex
100
AcDb2dVertex
 10
24.16295090390226
 20
17.67766952966368
 30
0.0
  0
VERTEX
  5
427
330
420
100
AcDbEntity
  8
0
100
AcDbVertex
100
AcDb2dVertex
 10
25.83704909609775
 20
17.67766952966368
 30
0.0
 42
-0.1989123673796576
  0
VERTEX
  5
428
330
420
100
AcDbEntity
  8
0
100
AcDbVertex
100
AcDb2dVertex
 10
27.25126265847084
 20
17.09188309203678
 30
0.0
  0
VERTEX
  5
429
330
420
100
AcDbEntity
  8
0
100
AcDbVertex
100
AcDb2dVertex
 10
42.09188309203677
 20
2.251262658470849
 30
0.0
 42
-0.1989123673796583
  0
VERTEX
  5
42A
330
420
100
AcDbEntity
  8
0
100
AcDbVertex
100
AcDb2dVertex
 10
42.67766952966368
 20
0.837049096097755
 30
0.0
  0
VERTEX
  5
42B
330
420
100
AcDbEntity
  8
0
100
AcDbVertex
100
AcDb2dVertex
 10
42.67766952966367
 20
-0.8370490960977495
 30
0.0
 42
-0.1989123673796586
  0
VERTEX
  5
42C
330
420
100
AcDbEntity
  8
0
100
AcDbVertex
100
AcDb2dVertex
 10
42.09188309203677
 20
-2.251262658470846
 30
0.0
  0
VERTEX
  5
42D
330
420
100
AcDbEntity
  8
0
100
AcDbVertex
100
AcDb2dVertex
 10
27.25126265847085
 20
-17.09188309203678
 30
0.0
 42
-0.1989123673796582
  0
VERTEX
  5
42E
330
420
100
AcDbEntity
  8
0
100
AcDbVertex
100
AcDb2dVertex
 10
25.83704909609776
 20
-17.67766952966368
 30
0.0
  0
VERTEX
  5
42F
330
420
100
AcDbEntity
  8
0
100
AcDbVertex
100
AcDb2dVertex
 10
24.16295090390227
 20
-17.67766952966369
 30
0.0
 42
-0.1989123673796582
  0
VERTEX
  5
430
330
420
100
AcDbEntity
  8
0
100
AcDbVertex
100
AcDb2dVertex
 10
22.74873734152917
 20
-17.09188309203678
 30
0.0
  0
VERTEX
  5
431
330
420
100
AcDbEntity
  8
0
100
AcDbVertex
100
AcDb2dVertex
 10
7.908116907963218
 20
-2.251262658470838
 30
0.0
 42
-0.1989123673796582
  0
SEQEND
  5
423
330
420
100
AcDbEntity
  8
0
  0
CIRCLE
  5
432
330
70
100
AcDbEntity
  8
0
100
AcDbCircle
 10
200.0
 20
49.99999999999992
 30
0.0
 40
1.649999999999991
  0
CIRCLE
  5
433
330
70
100
AcDbEntity
  8
0
100
AcDbCircle
 10
200.0
 20
-50.00000000000008
 30
0.0
 40
1.649999999999991
  0
CIRCLE
  5
434
330
70
100
AcDbEntity
  8
0
100
AcDbCircle
 10
200.0
 20
74.99999999999992
 30
0.0
 40
1.649999999999991
  0
CIRCLE
  5
435
330
70
100
AcDbEntity
  8
0
100
AcDbCircle
 10
200.0
 20
-75.00000000000008
 30
0.0
 40
1.649999999999991
  0
ELLIPSE
  5
436
330
70
100
AcDbEntity
  8
0
100
AcDbEllipse
 10
74.65741313958265
 20
51.81417090437682
 30
0.0
 11
9.881928371822997
 21
-9.094009051568374
 31
0.0
210
0.0
220
0.0
230
1.0
 40
0.9741620672084769
 41
5.61451187705363
 42
6.171228991430498
  0
SPLINE
  5
437
330
70
100
AcDbEntity
  8
0
100
AcDbSpline
210
0.0
220
0.0
230
1.0
 70
     8
 71
     3
 72
     8
 73
     4
 74
     0
 42
0.000000001
 43
0.0000000001
 40
-1.0
 40
-1.0
 40
-1.0
 40
-1.0
 40
0.0
 40
0.0
 40
0.0
 40
0.0
 10
76.91909397861095
 20
38.71063575889882
 30
0.0
 10
76.53115418058843
 20
38.65380304438085
 30
0.0
 10
75.13487381832586
 20
38.5472200391019
 30
0.0
 10
75.00495098788711
 20
38.56452593007443
 30
0.0
  0
SPLINE
  5
438
330
70
100
AcDbEntity
  8
0
100
AcDbSpline
210
0.0
220
0.0
230
1.0
 70
     8
 71
     3
 72
     8
 73
     4
 74
     0
 42
0.000000001
 43
0.0000000001
 40
-1.0
 40
-1.0
 40
-1.0
 40
-1.0
 40
0.0
 40
0.0
 40
0.0
 40
0.0
 10
75.00495098788711
 20
38.56452593007443
 30
0.0
 10
74.98208558939873
 20
38.56758372432859
 30
0.0
 10
74.7010810669932
 20
38.583992146868
 30
0.0
 10
74.38056925780859
 20
38.60101421042054
 30
0.0
  0
SPLINE
  5
439
330
70
100
AcDbEntity
  8
0
100
AcDbSpline
210
0.0
220
0.0
230
1.0
 70
     8
 71
     3
 72
     8
 73
     4
 74
     0
 42
0.000000001
 43
0.0000000001
 40
-1.0
 40
-1.0
 40
-1.0
 40
-1.0
 40
0.0
 40
0.0
 40
0.0
 40
0.0
 10
74.38056925780859
 20
38.60101421042054
 30
0.0
 10
71.33550475669856
 20
38.76270366051235
 30
0.0
 10
68.31205812018225
 20
40.06693242767823
 30
0.0
 10
66.23286234647084
 20
42.11569836091301
 30
0.0
  0
SPLINE
  5
43A
330
70
100
AcDbEntity
  8
0
100
AcDbSpline
210
0.0
220
0.0
230
1.0
 70
     8
 71
     3
 72
     8
 73
     4
 74
     0
 42
0.000000001
 43
0.0000000001
 40
-1.0
 40
-1.0
 40
-1.0
 40
-1.0
 40
0.0
 40
0.0
 40
0.0
 40
0.0
 10
66.23286234647084
 20
42.11569836091301
 30
0.0
 10
65.79990151249375
 20
42.54232966129253
 30
0.0
 10
65.73381882460333
 20
42.66700502276764
 30
0.0
 10
65.73462065641975
 20
43.05575729184571
 30
0.0
  0
SPLINE
  5
43B
330
70
100
AcDbEntity
  8
0
100
AcDbSpline
210
0.0
220
0.0
230
1.0
 70
     8
 71
     3
 72
     8
 73
     4
 74
     0
 42
0.000000001
 43
0.0000000001
 40
-1.0
 40
-1.0
 40
-1.0
 40
-1.0
 40
0.0
 40
0.0
 40
0.0
 40
0.0
 10
65.73462065641975
 20
43.05575729184571
 30
0.0
 10
65.73619327822327
 20
43.75826300416426
 30
0.0
 10
66.53297982921436
 20
44.24382522986239
 30
0.0
 10
67.15755144107692
 20
43.92276539954919
 30
0.0
  0
ELLIPSE
  5
43C
330
70
100
AcDbEntity
  8
0
100
AcDbEllipse
 10
67.50557834934149
 20
43.60696658966837
 30
0.0
 11
0.3703624539893464
 21
-0.3213973320231299
 31
0.0
210
0.0
220
0.0
230
1.0
 40
0.0741328145348364
 41
1.244642829762039
 42
2.851146106743792
  0
SPLINE
  5
43D
330
70
100
AcDbEntity
  8
0
100
AcDbSpline
210
0.0
220
0.0
230
1.0
 70
     8
 71
     3
 72
     8
 73
     4
 74
     0
 42
0.000000001
 43
0.0000000001
 40
-1.0
 40
-1.0
 40
-1.0
 40
-1.0
 40
0.0
 40
0.0
 40
0.0
 40
0.0
 10
67.64681312352047
 20
43.52999892169909
 30
0.0
 10
69.09496868233157
 20
42.20899185284934
 30
0.0
 10
70.68863563854901
 20
41.34472566370449
 30
0.0
 10
72.48128354031102
 20
40.90820214123844
 30
0.0
  0
SPLINE
  5
43E
330
70
100
AcDbEntity
  8
0
100
AcDbSpline
210
0.0
220
0.0
230
1.0
 70
     8
 71
     3
 72
     8
 73
     4
 74
     0
 42
0.000000001
 43
0.0000000001
 40
-1.0
 40
-1.0
 40
-1.0
 40
-1.0
 40
0.0
 40
0.0
 40
0.0
 40
0.0
 10
72.48128354031102
 20
40.90820214123844
 30
0.0
 10
73.34658751752487
 20
40.69749386361356
 30
0.0
 10
73.84777725430629
 20
40.6325487621335
 30
0.0
 10
74.79189320735676
 20
40.60878877233344
 30
0.0
  0
SPLINE
  5
43F
330
70
100
AcDbEntity
  8
0
100
AcDbSpline
210
0.0
220
0.0
230
1.0
 70
     8
 71
     3
 72
     8
 73
     4
 74
     0
 42
0.000000001
 43
0.0000000001
 40
-1.0
 40
-1.0
 40
-1.0
 40
-1.0
 40
0.0
 40
0.0
 40
0.0
 40
0.0
 10
74.79189320735676
 20
40.60878877233344
 30
0.0
 10
75.95256691708368
 20
40.57957919561142
 30
0.0
 10
76.75277777772142
 20
40.66648035407133
 30
0.0
 10
77.8130506465113
 20
40.9368771612763
 30
0.0
  0
ELLIPSE
  5
440
330
70
100
AcDbEntity
  8
0
100
AcDbEllipse
 10
77.87083617678762
 20
46.76002504889176
 30
0.0
 11
6.673777215049716
 21
3.964029243932787
 31
0.0
210
0.0
220
0.0
230
1.0
 40
0.6961671903040001
 41
4.312294936022742
 42
5.032130508599785
  0
SPLINE
  5
441
330
70
100
AcDbEntity
  8
0
100
AcDbSpline
210
0.0
220
0.0
230
1.0
 70
     8
 71
     3
 72
     8
 73
     4
 74
     0
 42
0.000000001
 43
0.0000000001
 40
-1.0
 40
-1.0
 40
-1.0
 40
-1.0
 40
0.0
 40
0.0
 40
0.0
 40
0.0
 10
82.58830590981061
 20
43.59541666872816
 30
0.0
 10
82.75958876635531
 20
43.75901938535242
 30
0.0
 10
82.96152504469766
 20
43.92466029711008
 30
0.0
 10
83.03705875297726
 20
43.96350550350891
 30
0.0
  0
SPLINE
  5
442
330
70
100
AcDbEntity
  8
0
100
AcDbSpline
210
0.0
220
0.0
230
1.0
 70
     8
 71
     3
 72
     8
 73
     4
 74
     0
 42
0.000000001
 43
0.0000000001
 40
-1.0
 40
-1.0
 40
-1.0
 40
-1.0
 40
0.0
 40
0.0
 40
0.0
 40
0.0
 10
83.03705875297726
 20
43.96350550350891
 30
0.0
 10
83.50575066330012
 20
44.20455399071813
 30
0.0
 10
84.14559799984022
 20
43.98977412885985
 30
0.0
 10
84.37757815149058
 20
43.51352937187189
 30
0.0
  0
SPLINE
  5
443
330
70
100
AcDbEntity
  8
0
100
AcDbSpline
210
0.0
220
0.0
230
1.0
 70
     8
 71
     3
 72
     8
 73
     4
 74
     0
 42
0.000000001
 43
0.0000000001
 40
-1.0
 40
-1.0
 40
-1.0
 40
-1.0
 40
0.0
 40
0.0
 40
0.0
 40
0.0
 10
84.37757815149058
 20
43.51352937187189
 30
0.0
 10
84.48406642963067
 20
43.29489269170389
 30
0.0
 10
84.50291945236815
 20
42.96343219308841
 30
0.0
 10
84.42259365308238
 20
42.72169563665513
 30
0.0
  0
ELLIPSE
  5
444
330
70
100
AcDbEntity
  8
0
100
AcDbEllipse
 10
81.03338782773812
 20
40.53682541530755
 30
0.0
 11
3.386757129266235
 21
2.297201005288864
 31
0.0
210
0.0
220
0.0
230
1.0
 40
0.1339800524827018
 41
5.428031799532433
 42
6.110267410810146
  0
ELLIPSE
  5
445
330
70
100
AcDbEntity
  8
0
100
AcDbEllipse
 10
72.43873873965674
 20
47.494025734783
 30
0.0
 11
7.600102408956825
 21
0.2184630110649053
 31
0.0
210
0.0
220
0.0
230
1.0
 40
0.3243153530900352
 41
5.929103364460114
 42
6.273969618584235
  0
ELLIPSE
  5
446
330
70
100
AcDbEntity
  8
0
100
AcDbEllipse
 10
38.55329563547428
 20
121.3247994828844
 30
0.0
 11
39.60981763935345
 21
-75.4967533021625
 31
0.0
210
0.0
220
0.0
230
0.9999999999999998
 40
0.2740161156837491
 41
6.174355588689151
 42
6.357623888030087
  0
SPLINE
  5
447
330
70
100
AcDbEntity
  8
0
100
AcDbSpline
210
0.0
220
0.0
230
1.0
 70
     8
 71
     3
 72
     8
 73
     4
 74
     0
 42
0.000000001
 43
0.0000000001
 40
-1.0
 40
-1.0
 40
-1.0
 40
-1.0
 40
0.0
 40
0.0
 40
0.0
 40
0.0
 10
75.68182279590756
 20
45.09581547134982
 30
0.0
 10
75.20320424700526
 20
45.04597242584693
 30
0.0
 10
74.98836528803849
 20
45.04570513405241
 30
0.0
 10
74.47093617281183
 20
45.09426205298416
 30
0.0
  0
SPLINE
  5
448
330
70
100
AcDbEntity
  8
0
100
AcDbSpline
210
0.0
220
0.0
230
1.0
 70
     8
 71
     3
 72
     8
 73
     4
 74
     0
 42
0.000000001
 43
0.0000000001
 40
-1.0
 40
-1.0
 40
-1.0
 40
-1.0
 40
0.0
 40
0.0
 40
0.0
 40
0.0
 10
74.47093617281183
 20
45.09426205298416
 30
0.0
 10
73.03201496607062
 20
45.22930322408669
 30
0.0
 10
71.59716654352303
 20
45.87416258908002
 30
0.0
 10
70.58690210351638
 20
46.83985001046005
 30
0.0
  0
SPLINE
  5
449
330
70
100
AcDbEntity
  8
0
100
AcDbSpline
210
0.0
220
0.0
230
1.0
 70
     8
 71
     3
 72
     8
 73
     4
 74
     0
 42
0.000000001
 43
0.0000000001
 40
-1.0
 40
-1.0
 40
-1.0
 40
-1.0
 40
0.0
 40
0.0
 40
0.0
 40
0.0
 10
70.58690210351638
 20
46.83985001046005
 30
0.0
 10
70.33291720623745
 20
47.08262044416438
 30
0.0
 10
70.2579203384669
 20
47.18381894077262
 30
0.0
 10
70.19814152657258
 20
47.36441579070644
 30
0.0
  0
SPLINE
  5
44A
330
70
100
AcDbEntity
  8
0
100
AcDbSpline
210
0.0
220
0.0
230
1.0
 70
     8
 71
     3
 72
     8
 73
     4
 74
     0
 42
0.000000001
 43
0.0000000001
 40
-1.0
 40
-1.0
 40
-1.0
 40
-1.0
 40
0.0
 40
0.0
 40
0.0
 40
0.0
 10
70.19814152657258
 20
47.36441579070644
 30
0.0
 10
69.97765400399344
 20
48.0305366493798
 30
0.0
 10
70.43288866518418
 20
48.67193743801563
 30
0.0
 10
71.13060633510882
 20
48.67819537010415
 30
0.0
  0
SPLINE
  5
44B
330
70
100
AcDbEntity
  8
0
100
AcDbSpline
210
0.0
220
0.0
230
1.0
 70
     8
 71
     3
 72
     8
 73
     4
 74
     0
 42
0.000000001
 43
0.0000000001
 40
-1.0
 40
-1.0
 40
-1.0
 40
-1.0
 40
0.0
 40
0.0
 40
0.0
 40
0.0
 10
71.13060633510882
 20
48.67819537010415
 30
0.0
 10
71.46292453615318
 20
48.68121374489163
 30
0.0
 10
71.62029538664819
 20
48.60565629114214
 30
0.0
 10
72.02640327600656
 20
48.2483055386463
 30
0.0
  0
SPLINE
  5
44C
330
70
100
AcDbEntity
  8
0
100
AcDbSpline
210
0.0
220
0.0
230
1.0
 70
     8
 71
     3
 72
     8
 73
     4
 74
     0
 42
0.000000001
 43
0.0000000001
 40
-1.0
 40
-1.0
 40
-1.0
 40
-1.0
 40
0.0
 40
0.0
 40
0.0
 40
0.0
 10
72.02640327600656
 20
48.2483055386463
 30
0.0
 10
72.61387047100651
 20
47.73137422087761
 30
0.0
 10
73.26564562084129
 20
47.3852923292075
 30
0.0
 10
74.00105757486146
 20
47.19979035759834
 30
0.0
  0
SPLINE
  5
44D
330
70
100
AcDbEntity
  8
0
100
AcDbSpline
210
0.0
220
0.0
230
1.0
 70
     8
 71
     3
 72
     8
 73
     4
 74
     0
 42
0.000000001
 43
0.0000000001
 40
-1.0
 40
-1.0
 40
-1.0
 40
-1.0
 40
0.0
 40
0.0
 40
0.0
 40
0.0
 10
74.00105757486146
 20
47.19979035759834
 30
0.0
 10
74.30577052288729
 20
47.12292726050873
 30
0.0
 10
74.47296096982407
 20
47.10963287854315
 30
0.0
 10
75.10907144131985
 20
47.11168178713783
 30
0.0
  0
SPLINE
  5
44E
330
70
100
AcDbEntity
  8
0
100
AcDbSpline
210
0.0
220
0.0
230
1.0
 70
     8
 71
     3
 72
     8
 73
     4
 74
     0
 42
0.000000001
 43
0.0000000001
 40
-1.0
 40
-1.0
 40
-1.0
 40
-1.0
 40
0.0
 40
0.0
 40
0.0
 40
0.0
 10
75.10907144131985
 20
47.11168178713783
 30
0.0
 10
75.79694295615938
 20
47.11389561045113
 30
0.0
 10
75.89179255013473
 20
47.12350243368317
 30
0.0
 10
76.268741244322
 20
47.22913607336543
 30
0.0
  0
SPLINE
  5
44F
330
70
100
AcDbEntity
  8
0
100
AcDbSpline
210
0.0
220
0.0
230
1.0
 70
     8
 71
     3
 72
     8
 73
     4
 74
     0
 42
0.000000001
 43
0.0000000001
 40
-1.0
 40
-1.0
 40
-1.0
 40
-1.0
 40
0.0
 40
0.0
 40
0.0
 40
0.0
 10
76.268741244322
 20
47.22913607336543
 30
0.0
 10
76.99782469517334
 20
47.43344888453595
 30
0.0
 10
77.58133151417564
 20
47.75492225204992
 30
0.0
 10
78.1877283676142
 20
48.28637998697738
 30
0.0
  0
SPLINE
  5
450
330
70
100
AcDbEntity
  8
0
100
AcDbSpline
210
0.0
220
0.0
230
1.0
 70
     8
 71
     3
 72
     8
 73
     4
 74
     0
 42
0.000000001
 43
0.0000000001
 40
-1.0
 40
-1.0
 40
-1.0
 40
-1.0
 40
0.0
 40
0.0
 40
0.0
 40
0.0
 10
78.1877283676142
 20
48.28637998697738
 30
0.0
 10
78.59192127358994
 20
48.64061888093673
 30
0.0
 10
78.71079035189183
 20
48.69827181195994
 30
0.0
 10
79.0382641983083
 20
48.69890087520568
 30
0.0
  0
SPLINE
  5
451
330
70
100
AcDbEntity
  8
0
100
AcDbSpline
210
0.0
220
0.0
230
1.0
 70
     8
 71
     3
 72
     8
 73
     4
 74
     0
 42
0.000000001
 43
0.0000000001
 40
-1.0
 40
-1.0
 40
-1.0
 40
-1.0
 40
0.0
 40
0.0
 40
0.0
 40
0.0
 10
79.0382641983083
 20
48.69890087520568
 30
0.0
 10
79.6111029765345
 20
48.69999910426233
 30
0.0
 10
80.03898764998135
 20
48.26859381808674
 30
0.0
 10
80.03917134733493
 20
47.68976468576236
 30
0.0
  0
SPLINE
  5
452
330
70
100
AcDbEntity
  8
0
100
AcDbSpline
210
0.0
220
0.0
230
1.0
 70
     8
 71
     3
 72
     8
 73
     4
 74
     0
 42
0.000000001
 43
0.0000000001
 40
-1.0
 40
-1.0
 40
-1.0
 40
-1.0
 40
0.0
 40
0.0
 40
0.0
 40
0.0
 10
89.46480101843413
 20
38.38469034231739
 30
0.0
 10
89.66146846916693
 20
37.95301325448453
 30
0.0
 10
89.53518179879358
 20
37.53870869220842
 30
0.0
 10
89.0701405719124
 20
37.0896753790745
 30
0.0
  0
ELLIPSE
  5
453
330
70
100
AcDbEntity
  8
0
100
AcDbEllipse
 10
72.68897835403125
 20
57.30893574460168
 30
0.0
 11
10.17375267596333
 21
-24.31843267597185
 31
0.0
210
0.0
220
0.0
230
0.9999999999999998
 40
0.8664780202983518
 41
6.04401803186464
 42
6.60888645422394
  0
ELLIPSE
  5
454
330
70
100
AcDbEntity
  8
0
100
AcDbEllipse
 10
75.62520805084128
 20
32.64517211499784
 30
0.0
 11
5.017170539568184
 21
0.1184005485992943
 31
0.0
210
0.0
220
0.0
230
1.0
 40
0.2367360500289802
 41
4.379906199007326
 42
5.107331566509589
  0
SPLINE
  5
455
330
70
100
AcDbEntity
  8
0
100
AcDbSpline
210
0.0
220
0.0
230
1.0
 70
     8
 71
     3
 72
     8
 73
     4
 74
     0
 42
0.000000001
 43
0.0000000001
 40
-1.0
 40
-1.0
 40
-1.0
 40
-1.0
 40
0.0
 40
0.0
 40
0.0
 40
0.0
 10
74.01414415622305
 20
31.48382910467632
 30
0.0
 10
69.43881883771308
 20
31.74926927859104
 30
0.0
 10
65.05955477418634
 20
33.61911482020971
 30
0.0
 10
61.67028818829715
 20
36.75437146121005
 30
0.0
  0
SPLINE
  5
456
330
70
100
AcDbEntity
  8
0
100
AcDbSpline
210
0.0
220
0.0
230
1.0
 70
     8
 71
     3
 72
     8
 73
     4
 74
     0
 42
0.000000001
 43
0.0000000001
 40
-1.0
 40
-1.0
 40
-1.0
 40
-1.0
 40
0.0
 40
0.0
 40
0.0
 40
0.0
 10
61.67028818829715
 20
36.75437146121005
 30
0.0
 10
61.11975726761173
 20
37.2636411675239
 30
0.0
 10
60.94480518914576
 20
37.5010412523156
 30
0.0
 10
60.89910736568882
 20
37.80084099049213
 30
0.0
  0
SPLINE
  5
457
330
70
100
AcDbEntity
  8
0
100
AcDbSpline
210
0.0
220
0.0
230
1.0
 70
     8
 71
     3
 72
     8
 73
     4
 74
     0
 42
0.000000001
 43
0.0000000001
 40
-1.0
 40
-1.0
 40
-1.0
 40
-1.0
 40
0.0
 40
0.0
 40
0.0
 40
0.0
 10
60.89910736568882
 20
37.80084099049213
 30
0.0
 10
60.83000665394762
 20
38.25431327805814
 30
0.0
 10
61.1421547912387
 20
38.74329169091156
 30
0.0
 10
61.58560411342314
 20
38.87615495438939
 30
0.0
  0
SPLINE
  5
458
330
70
100
AcDbEntity
  8
0
100
AcDbSpline
210
0.0
220
0.0
230
1.0
 70
     8
 71
     3
 72
     8
 73
     4
 74
     0
 42
0.000000001
 43
0.0000000001
 40
-1.0
 40
-1.0
 40
-1.0
 40
-1.0
 40
0.0
 40
0.0
 40
0.0
 40
0.0
 10
61.58560411342314
 20
38.87615495438939
 30
0.0
 10
61.85876729906254
 20
38.95800043147897
 30
0.0
 10
61.92874167862083
 20
38.95821936907694
 30
0.0
 10
62.20086403589174
 20
38.87812623643622
 30
0.0
  0
SPLINE
  5
459
330
70
100
AcDbEntity
  8
0
100
AcDbSpline
210
0.0
220
0.0
230
1.0
 70
     8
 71
     3
 72
     8
 73
     4
 74
     0
 42
0.000000001
 43
0.0000000001
 40
-1.0
 40
-1.0
 40
-1.0
 40
-1.0
 40
0.0
 40
0.0
 40
0.0
 40
0.0
 10
62.20086403589174
 20
38.87812623643622
 30
0.0
 10
62.3819802306173
 20
38.82482075716117
 30
0.0
 10
62.49456969628888
 20
38.74226612265893
 30
0.0
 10
62.86561544499136
 20
38.39070946856664
 30
0.0
  0
SPLINE
  5
45A
330
70
100
AcDbEntity
  8
0
100
AcDbSpline
210
0.0
220
0.0
230
1.0
 70
     8
 71
     3
 72
     8
 73
     4
 74
     0
 42
0.000000001
 43
0.0000000001
 40
-1.0
 40
-1.0
 40
-1.0
 40
-1.0
 40
0.0
 40
0.0
 40
0.0
 40
0.0
 10
62.86561544499136
 20
38.39070946856664
 30
0.0
 10
63.71963982838107
 20
37.58154291323964
 30
0.0
 10
64.44940138572349
 20
37.00663459094295
 30
0.0
 10
65.45865067224347
 20
36.34790934402492
 30
0.0
  0
ELLIPSE
  5
45B
330
70
100
AcDbEntity
  8
0
100
AcDbEllipse
 10
105.7160930871423
 20
136.1738661674906
 30
0.0
 11
36.57906327121489
 21
101.6629187840326
 31
0.0
210
0.0
220
0.0
230
1.0
 40
0.4000608592730853
 41
3.046988360022435
 42
3.265130242189647
  0
ELLIPSE
  5
45C
330
70
100
AcDbEntity
  8
0
100
AcDbEllipse
 10
75.12704344230053
 20
53.10136159606454
 30
0.0
 11
-0.9536647992673609
 21
19.6154741421028
 31
0.0
210
0.0
220
0.0
230
1.0
 40
0.9512280030050169
 41
3.053073590425186
 42
3.590552902293736
  0
SPLINE
  5
45D
330
70
100
AcDbEntity
  8
0
100
AcDbSpline
210
0.0
220
0.0
230
1.0
 70
     8
 71
     3
 72
     8
 73
     4
 74
     0
 42
0.000000001
 43
0.0000000001
 40
-1.0
 40
-1.0
 40
-1.0
 40
-1.0
 40
0.0
 40
0.0
 40
0.0
 40
0.0
 10
84.08465529364997
 20
35.82353369280745
 30
0.0
 10
85.14276320596227
 20
36.42568628614616
 30
0.0
 10
86.4341282557638
 20
37.38607486333901
 30
0.0
 10
87.45010739732123
 20
38.3264143198271
 30
0.0
  0
SPLINE
  5
45E
330
70
100
AcDbEntity
  8
0
100
AcDbSpline
210
0.0
220
0.0
230
1.0
 70
     8
 71
     3
 72
     8
 73
     4
 74
     0
 42
0.000000001
 43
0.0000000001
 40
-1.0
 40
-1.0
 40
-1.0
 40
-1.0
 40
0.0
 40
0.0
 40
0.0
 40
0.0
 10
87.45010739732123
 20
38.3264143198271
 30
0.0
 10
88.10076142823355
 20
38.92863271370197
 30
0.0
 10
88.19078499804801
 20
38.98232160681708
 30
0.0
 10
88.55108733718976
 20
38.98301393703852
 30
0.0
  0
ELLIPSE
  5
45F
330
70
100
AcDbEntity
  8
0
100
AcDbEllipse
 10
81.7894227898177
 20
26.87955181077768
 30
0.0
 11
-7.285930959881001
 21
-11.96863043089299
 31
0.0
210
0.0
220
0.0
230
1.0
 40
0.2472702829572727
 41
2.975253661559895
 42
3.291640747184776
  0
SPLINE
  5
460
330
70
100
AcDbEntity
  8
0
100
AcDbSpline
210
0.0
220
0.0
230
1.0
 70
     8
 71
     3
 72
     8
 73
     4
 74
     0
 42
0.000000001
 43
0.0000000001
 40
-1.0
 40
-1.0
 40
-1.0
 40
-1.0
 40
0.0
 40
0.0
 40
0.0
 40
0.0
 10
56.94985072279216
 20
50.15650242107942
 30
0.0
 10
56.25247323731471
 20
50.5274568844076
 30
0.0
 10
56.25860010572304
 20
51.57542161556386
 30
0.0
 10
56.96015253803197
 20
51.92292103430369
 30
0.0
  0
SPLINE
  5
461
330
70
100
AcDbEntity
  8
0
100
AcDbSpline
210
0.0
220
0.0
230
1.0
 70
     8
 71
     3
 72
     8
 73
     4
 74
     0
 42
0.000000001
 43
0.0000000001
 40
-1.0
 40
-1.0
 40
-1.0
 40
-1.0
 40
0.0
 40
0.0
 40
0.0
 40
0.0
 10
60.81208946459543
 20
54.0475190171049
 30
0.0
 10
59.34860465447376
 20
56.55678733874175
 30
0.0
 10
59.44141433701692
 20
56.37675973540368
 30
0.0
 10
59.4405447338162
 20
56.7079730304216
 30
0.0
  0
SPLINE
  5
462
330
70
100
AcDbEntity
  8
0
100
AcDbSpline
210
0.0
220
0.0
230
1.0
 70
     8
 71
     3
 72
     8
 73
     4
 74
     0
 42
0.000000001
 43
0.0000000001
 40
-1.0
 40
-1.0
 40
-1.0
 40
-1.0
 40
0.0
 40
0.0
 40
0.0
 40
0.0
 10
59.4405447338162
 20
56.7079730304216
 30
0.0
 10
59.43833769589076
 20
57.54667201664926
 30
0.0
 10
60.37625120489963
 20
58.00402392027297
 30
0.0
 10
61.04839470795045
 20
57.49200486111693
 30
0.0
  0
SPLINE
  5
463
330
70
100
AcDbEntity
  8
0
100
AcDbSpline
210
0.0
220
0.0
230
1.0
 70
     8
 71
     3
 72
     8
 73
     4
 74
     0
 42
0.000000001
 43
0.0000000001
 40
-1.0
 40
-1.0
 40
-1.0
 40
-1.0
 40
0.0
 40
0.0
 40
0.0
 40
0.0
 10
61.04839470795045
 20
57.49200486111693
 30
0.0
 10
61.14593123488483
 20
57.41770188866837
 30
0.0
 10
61.61632117560401
 20
56.6437464628856
 30
0.0
 10
62.72994036336516
 20
54.72525809658465
 30
0.0
  0
SPLINE
  5
464
330
70
100
AcDbEntity
  8
0
100
AcDbSpline
210
0.0
220
0.0
230
1.0
 70
     8
 71
     3
 72
     8
 73
     4
 74
     0
 42
0.000000001
 43
0.0000000001
 40
-1.0
 40
-1.0
 40
-1.0
 40
-1.0
 40
0.0
 40
0.0
 40
0.0
 40
0.0
 10
73.24770724244863
 20
52.23590904079209
 30
0.0
 10
73.20252062694135
 20
52.32163889739524
 30
0.0
 10
72.22751711838471
 20
54.00018180769446
 30
0.0
 10
71.08098799534855
 20
55.96600283184951
 30
0.0
  0
ELLIPSE
  5
465
330
70
100
AcDbEntity
  8
0
100
AcDbEllipse
 10
62.12617575288482
 20
59.97342669499893
 30
0.0
 11
0.3311949434757753
 21
-0.3296304898068061
 31
0.0
210
0.0
220
0.0
230
1.0
 40
0.4101644155704102
 41
4.190118794910933
 42
5.234740238877757
  0
SPLINE
  5
466
330
70
100
AcDbEntity
  8
0
100
AcDbSpline
210
0.0
220
0.0
230
1.0
 70
     8
 71
     3
 72
     8
 73
     4
 74
     0
 42
0.000000001
 43
0.0000000001
 40
-1.0
 40
-1.0
 40
-1.0
 40
-1.0
 40
0.0
 40
0.0
 40
0.0
 40
0.0
 10
61.84378081614593
 20
60.02012770277551
 30
0.0
 10
61.73215185852467
 20
60.19971214881202
 30
0.0
 10
61.71724077206334
 20
60.26052159859514
 30
0.0
 10
61.71656484467174
 20
60.53896291753601
 30
0.0
  0
SPLINE
  5
467
330
70
100
AcDbEntity
  8
0
100
AcDbSpline
210
0.0
220
0.0
230
1.0
 70
     8
 71
     3
 72
     8
 73
     4
 74
     0
 42
0.000000001
 43
0.0000000001
 40
-1.0
 40
-1.0
 40
-1.0
 40
-1.0
 40
0.0
 40
0.0
 40
0.0
 40
0.0
 10
61.71656484467174
 20
60.53896291753601
 30
0.0
 10
61.71591804765804
 20
60.80540427767438
 30
0.0
 10
61.73285149932468
 20
60.88348776921165
 30
0.0
 10
61.82572580219027
 20
61.04192567152782
 30
0.0
  0
ELLIPSE
  5
468
330
70
100
AcDbEntity
  8
0
100
AcDbEllipse
 10
64.27670602096575
 20
58.94039665963557
 30
0.0
 11
2.283092842451978
 21
-2.317851255113864
 31
0.0
210
0.0
220
0.0
230
1.0
 40
0.5600171178850619
 41
2.935943739315966
 42
3.291113175196817
  0
SPLINE
  5
469
330
70
100
AcDbEntity
  8
0
100
AcDbSpline
210
0.0
220
0.0
230
1.0
 70
     8
 71
     3
 72
     8
 73
     4
 74
     0
 42
0.000000001
 43
0.0000000001
 40
-1.0
 40
-1.0
 40
-1.0
 40
-1.0
 40
0.0
 40
0.0
 40
0.0
 40
0.0
 10
62.30678315731219
 20
61.47049506857968
 30
0.0
 10
62.39226422062515
 20
61.50879920951574
 30
0.0
 10
63.11179910888812
 20
61.52900434190204
 30
0.0
 10
65.11527865964483
 20
61.54934411310721
 30
0.0
  0
SPLINE
  5
46A
330
70
100
AcDbEntity
  8
0
100
AcDbSpline
210
0.0
220
0.0
230
1.0
 70
     8
 71
     3
 72
     8
 73
     4
 74
     0
 42
0.000000001
 43
0.0000000001
 40
-1.0
 40
-1.0
 40
-1.0
 40
-1.0
 40
0.0
 40
0.0
 40
0.0
 40
0.0
 10
65.24024953550661
 20
66.29753558605788
 30
0.0
 10
65.2395738925216
 20
66.57597690568905
 30
0.0
 10
65.25417324689425
 20
66.63685797817959
 30
0.0
 10
65.36494556675797
 20
66.81698219858306
 30
0.0
  0
ELLIPSE
  5
46B
330
70
100
AcDbEntity
  8
0
100
AcDbEllipse
 10
65.6507196555735
 20
66.86217039683168
 30
0.0
 11
-0.3331449750562037
 21
-0.3341890246474763
 31
0.0
210
0.0
220
0.0
230
1.0
 40
0.415912539236482
 41
4.196868159879892
 42
5.230663209974292
  0
SPLINE
  5
46C
330
70
100
AcDbEntity
  8
0
100
AcDbSpline
210
0.0
220
0.0
230
1.0
 70
     8
 71
     3
 72
     8
 73
     4
 74
     0
 42
0.000000001
 43
0.0000000001
 40
-1.0
 40
-1.0
 40
-1.0
 40
-1.0
 40
0.0
 40
0.0
 40
0.0
 40
0.0
 10
65.69402686846484
 20
67.14747307150483
 30
0.0
 10
65.87372784347095
 20
67.25907017616316
 30
0.0
 10
65.9346789619996
 20
67.27401513481597
 30
0.0
 10
66.21286466702328
 20
67.27469015754746
 30
0.0
  0
SPLINE
  5
46D
330
70
100
AcDbEntity
  8
0
100
AcDbSpline
210
0.0
220
0.0
230
1.0
 70
     8
 71
     3
 72
     8
 73
     4
 74
     0
 42
0.000000001
 43
0.0000000001
 40
-1.0
 40
-1.0
 40
-1.0
 40
-1.0
 40
0.0
 40
0.0
 40
0.0
 40
0.0
 10
66.21286466702328
 20
67.27469015754746
 30
0.0
 10
66.4799983173841
 20
67.2753383622649
 30
0.0
 10
66.55713290913876
 20
67.25846807095409
 30
0.0
 10
66.7185557196753
 20
67.16409582763041
 30
0.0
  0
SPLINE
  5
46E
330
70
100
AcDbEntity
  8
0
100
AcDbSpline
210
0.0
220
0.0
230
1.0
 70
     8
 71
     3
 72
     8
 73
     4
 74
     0
 42
0.000000001
 43
0.0000000001
 40
-1.0
 40
-1.0
 40
-1.0
 40
-1.0
 40
0.0
 40
0.0
 40
0.0
 40
0.0
 10
66.7185557196753
 20
67.16409582763041
 30
0.0
 10
66.82331851346392
 20
67.10284650581169
 30
0.0
 10
66.95741012814521
 20
66.98143634655449
 30
0.0
 10
67.01653618416083
 20
66.89429183028294
 30
0.0
  0
SPLINE
  5
46F
330
70
100
AcDbEntity
  8
0
100
AcDbSpline
210
0.0
220
0.0
230
1.0
 70
     8
 71
     3
 72
     8
 73
     4
 74
     0
 42
0.000000001
 43
0.0000000001
 40
-1.0
 40
-1.0
 40
-1.0
 40
-1.0
 40
0.0
 40
0.0
 40
0.0
 40
0.0
 10
67.01653618416083
 20
66.89429183028294
 30
0.0
 10
67.07565404740058
 20
66.80714729413141
 30
0.0
 10
67.69230694848026
 20
65.75864799745241
 30
0.0
 10
68.38687605757762
 20
64.56429248313089
 30
0.0
  0
SPLINE
  5
470
330
70
100
AcDbEntity
  8
0
100
AcDbSpline
210
0.0
220
0.0
230
1.0
 70
     8
 71
     3
 72
     8
 73
     4
 74
     0
 42
0.000000001
 43
0.0000000001
 40
-1.0
 40
-1.0
 40
-1.0
 40
-1.0
 40
0.0
 40
0.0
 40
0.0
 40
0.0
 10
68.38687605757762
 20
64.56429248313089
 30
0.0
 10
69.0814361546215
 20
63.36993694694147
 30
0.0
 10
69.6617032936727
 20
62.39326842750997
 30
0.0
 10
69.67635868469286
 20
62.3939159930476
 30
0.0
  0
SPLINE
  5
471
330
70
100
AcDbEntity
  8
0
100
AcDbSpline
210
0.0
220
0.0
230
1.0
 70
     8
 71
     3
 72
     8
 73
     4
 74
     0
 42
0.000000001
 43
0.0000000001
 40
-1.0
 40
-1.0
 40
-1.0
 40
-1.0
 40
0.0
 40
0.0
 40
0.0
 40
0.0
 10
69.67635868469286
 20
62.3939159930476
 30
0.0
 10
69.69102226848888
 20
62.3945635784652
 30
0.0
 10
70.34573238294723
 20
63.51305701691206
 30
0.0
 10
71.13129481319584
 20
64.87945593508538
 30
0.0
  0
SPLINE
  5
472
330
70
100
AcDbEntity
  8
0
100
AcDbSpline
210
0.0
220
0.0
230
1.0
 70
     8
 71
     3
 72
     8
 73
     4
 74
     0
 42
0.000000001
 43
0.0000000001
 40
-1.0
 40
-1.0
 40
-1.0
 40
-1.0
 40
0.0
 40
0.0
 40
0.0
 40
0.0
 10
71.13129481319584
 20
64.87945593508538
 30
0.0
 10
71.91684905464454
 20
66.24585319482358
 30
0.0
 10
72.61034522747246
 20
67.41482333956014
 30
0.0
 10
72.67238567871022
 20
67.47716642903035
 30
0.0
  0
SPLINE
  5
473
330
70
100
AcDbEntity
  8
0
100
AcDbSpline
210
0.0
220
0.0
230
1.0
 70
     8
 71
     3
 72
     8
 73
     4
 74
     0
 42
0.000000001
 43
0.0000000001
 40
-1.0
 40
-1.0
 40
-1.0
 40
-1.0
 40
0.0
 40
0.0
 40
0.0
 40
0.0
 10
72.67238567871022
 20
67.47716642903035
 30
0.0
 10
72.85831088689644
 20
67.66399695514642
 30
0.0
 10
73.07292527348676
 20
67.7466843732813
 30
0.0
 10
73.37334660364449
 20
67.74723556688285
 30
0.0
  0
SPLINE
  5
474
330
70
100
AcDbEntity
  8
0
100
AcDbSpline
210
0.0
220
0.0
230
1.0
 70
     8
 71
     3
 72
     8
 73
     4
 74
     0
 42
0.000000001
 43
0.0000000001
 40
-1.0
 40
-1.0
 40
-1.0
 40
-1.0
 40
0.0
 40
0.0
 40
0.0
 40
0.0
 10
73.37334660364449
 20
67.74723556688285
 30
0.0
 10
73.66559971835743
 20
67.74777431370104
 30
0.0
 10
73.84607503492535
 20
67.67868629633399
 30
0.0
 10
74.05410537272231
 20
67.48665889968467
 30
0.0
  0
SPLINE
  5
475
330
70
100
AcDbEntity
  8
0
100
AcDbSpline
210
0.0
220
0.0
230
1.0
 70
     8
 71
     3
 72
     8
 73
     4
 74
     0
 42
0.000000001
 43
0.0000000001
 40
-1.0
 40
-1.0
 40
-1.0
 40
-1.0
 40
0.0
 40
0.0
 40
0.0
 40
0.0
 10
74.05410537272231
 20
67.48665889968467
 30
0.0
 10
74.30585306148064
 20
67.25427076781816
 30
0.0
 10
74.42273290725822
 20
66.85881639546858
 30
0.0
 10
74.33590077186235
 20
66.53319819162037
 30
0.0
  0
SPLINE
  5
476
330
70
100
AcDbEntity
  8
0
100
AcDbSpline
210
0.0
220
0.0
230
1.0
 70
     8
 71
     3
 72
     8
 73
     4
 74
     0
 42
0.000000001
 43
0.0000000001
 40
-1.0
 40
-1.0
 40
-1.0
 40
-1.0
 40
0.0
 40
0.0
 40
0.0
 40
0.0
 10
74.33590077186235
 20
66.53319819162037
 30
0.0
 10
74.29749772522857
 20
66.389366003156
 30
0.0
 10
71.14698682543914
 20
60.85031144771773
 30
0.0
 10
70.89361804195634
 20
60.48125878878831
 30
0.0
  0
SPLINE
  5
477
330
70
100
AcDbEntity
  8
0
100
AcDbSpline
210
0.0
220
0.0
230
1.0
 70
     8
 71
     3
 72
     8
 73
     4
 74
     0
 42
0.000000001
 43
0.0000000001
 40
-1.0
 40
-1.0
 40
-1.0
 40
-1.0
 40
0.0
 40
0.0
 40
0.0
 40
0.0
 10
70.89361804195634
 20
60.48125878878831
 30
0.0
 10
70.8221025499426
 20
60.37706506369751
 30
0.0
 10
70.8226785849082
 20
60.37601941853447
 30
0.0
 10
72.9359326308745
 20
56.7503620781888
 30
0.0
  0
SPLINE
  5
478
330
70
100
AcDbEntity
  8
0
100
AcDbSpline
210
0.0
220
0.0
230
1.0
 70
     8
 71
     3
 72
     8
 73
     4
 74
     0
 42
0.000000001
 43
0.0000000001
 40
-1.0
 40
-1.0
 40
-1.0
 40
-1.0
 40
0.0
 40
0.0
 40
0.0
 40
0.0
 10
72.9359326308745
 20
56.7503620781888
 30
0.0
 10
74.09855642308014
 20
54.75569157691023
 30
0.0
 10
75.06611859226426
 20
53.12917404488399
 30
0.0
 10
75.08607642941287
 20
53.13587832325773
 30
0.0
  0
SPLINE
  5
479
330
70
100
AcDbEntity
  8
0
100
AcDbSpline
210
0.0
220
0.0
230
1.0
 70
     8
 71
     3
 72
     8
 73
     4
 74
     0
 42
0.000000001
 43
0.0000000001
 40
-1.0
 40
-1.0
 40
-1.0
 40
-1.0
 40
0.0
 40
0.0
 40
0.0
 40
0.0
 10
75.08607642941287
 20
53.13587832325773
 30
0.0
 10
75.16327098421584
 20
53.16182387629705
 30
0.0
 10
79.63677758990016
 20
60.98210918656988
 30
0.0
 10
79.62142962047782
 20
61.06430004299781
 30
0.0
  0
SPLINE
  5
47A
330
70
100
AcDbEntity
  8
0
100
AcDbSpline
210
0.0
220
0.0
230
1.0
 70
     8
 71
     3
 72
     8
 73
     4
 74
     0
 42
0.000000001
 43
0.0000000001
 40
-1.0
 40
-1.0
 40
-1.0
 40
-1.0
 40
0.0
 40
0.0
 40
0.0
 40
0.0
 10
79.62142962047782
 20
61.06430004299781
 30
0.0
 10
79.61287997232004
 20
61.11006079829921
 30
0.0
 10
78.94177716899934
 20
62.28702417723365
 30
0.0
 10
78.1300780421343
 20
63.67977391615795
 30
0.0
  0
SPLINE
  5
47B
330
70
100
AcDbEntity
  8
0
100
AcDbSpline
210
0.0
220
0.0
230
1.0
 70
     8
 71
     3
 72
     8
 73
     4
 74
     0
 42
0.000000001
 43
0.0000000001
 40
-1.0
 40
-1.0
 40
-1.0
 40
-1.0
 40
0.0
 40
0.0
 40
0.0
 40
0.0
 10
78.1300780421343
 20
63.67977391615795
 30
0.0
 10
77.31836990321582
 20
65.07252363321429
 30
0.0
 10
76.61944045789548
 20
66.28819776541253
 30
0.0
 10
76.57689867215033
 20
66.38127316426301
 30
0.0
  0
SPLINE
  5
47C
330
70
100
AcDbEntity
  8
0
100
AcDbSpline
210
0.0
220
0.0
230
1.0
 70
     8
 71
     3
 72
     8
 73
     4
 74
     0
 42
0.000000001
 43
0.0000000001
 40
-1.0
 40
-1.0
 40
-1.0
 40
-1.0
 40
0.0
 40
0.0
 40
0.0
 40
0.0
 10
76.57689867215033
 20
66.38127316426301
 30
0.0
 10
76.46139760924794
 20
66.63393569282803
 30
0.0
 10
76.47258207994195
 20
66.96429831993393
 30
0.0
 10
76.60571859733472
 20
67.23311988731788
 30
0.0
  0
SPLINE
  5
47D
330
70
100
AcDbEntity
  8
0
100
AcDbSpline
210
0.0
220
0.0
230
1.0
 70
     8
 71
     3
 72
     8
 73
     4
 74
     0
 42
0.000000001
 43
0.0000000001
 40
-1.0
 40
-1.0
 40
-1.0
 40
-1.0
 40
0.0
 40
0.0
 40
0.0
 40
0.0
 10
76.60571859733472
 20
67.23311988731788
 30
0.0
 10
76.90366566206859
 20
67.83467836524164
 30
0.0
 10
77.75270170944427
 20
67.95700348992949
 30
0.0
 10
78.20597880994552
 20
67.463677090211
 30
0.0
  0
ELLIPSE
  5
47E
330
70
100
AcDbEntity
  8
0
100
AcDbEllipse
 10
79.35558864222464
 20
65.4886022198939
 30
0.0
 11
1.153668732236344
 21
-1.977911386952042
 31
0.0
210
0.0
220
0.0
230
1.0
 40
0.0144827882860288
 41
1.471520176342854
 42
3.078922074883879
  0
SPLINE
  5
47F
330
70
100
AcDbEntity
  8
0
100
AcDbSpline
210
0.0
220
0.0
230
1.0
 70
     8
 71
     3
 72
     8
 73
     4
 74
     0
 42
0.000000001
 43
0.0000000001
 40
-1.0
 40
-1.0
 40
-1.0
 40
-1.0
 40
0.0
 40
0.0
 40
0.0
 40
0.0
 10
79.49843701810355
 20
65.30919124855045
 30
0.0
 10
80.14966606423588
 20
64.18912550818617
 30
0.0
 10
80.71419089320402
 20
63.22047725155357
 30
0.0
 10
80.7529585769077
 20
63.15663943831695
 30
0.0
  0
SPLINE
  5
480
330
70
100
AcDbEntity
  8
0
100
AcDbSpline
210
0.0
220
0.0
230
1.0
 70
     8
 71
     3
 72
     8
 73
     4
 74
     0
 42
0.000000001
 43
0.0000000001
 40
-1.0
 40
-1.0
 40
-1.0
 40
-1.0
 40
0.0
 40
0.0
 40
0.0
 40
0.0
 10
81.95163944366738
 20
65.00105159468884
 30
0.0
 10
83.13995370254652
 20
67.06603448212641
 30
0.0
 10
83.22482609859711
 20
67.18637590303373
 30
0.0
 10
83.56536505259141
 20
67.28930447837827
 30
0.0
  0
SPLINE
  5
481
330
70
100
AcDbEntity
  8
0
100
AcDbSpline
210
0.0
220
0.0
230
1.0
 70
     8
 71
     3
 72
     8
 73
     4
 74
     0
 42
0.000000001
 43
0.0000000001
 40
-1.0
 40
-1.0
 40
-1.0
 40
-1.0
 40
0.0
 40
0.0
 40
0.0
 40
0.0
 10
83.56536505259141
 20
67.28930447837827
 30
0.0
 10
84.06697886260898
 20
67.44091978372677
 30
0.0
 10
84.60941457050305
 20
67.19567461063945
 30
0.0
 10
84.80670100283516
 20
66.72806779368155
 30
0.0
  0
SPLINE
  5
482
330
70
100
AcDbEntity
  8
0
100
AcDbSpline
210
0.0
220
0.0
230
1.0
 70
     8
 71
     3
 72
     8
 73
     4
 74
     0
 42
0.000000001
 43
0.0000000001
 40
-1.0
 40
-1.0
 40
-1.0
 40
-1.0
 40
0.0
 40
0.0
 40
0.0
 40
0.0
 10
84.80670100283516
 20
66.72806779368155
 30
0.0
 10
84.88045100594318
 20
66.55323819483884
 30
0.0
 10
84.87974602579237
 20
66.16849572856138
 30
0.0
 10
84.80521665981965
 20
65.98923695136128
 30
0.0
  0
SPLINE
  5
483
330
70
100
AcDbEntity
  8
0
100
AcDbSpline
210
0.0
220
0.0
230
1.0
 70
     8
 71
     3
 72
     8
 73
     4
 74
     0
 42
0.000000001
 43
0.0000000001
 40
-1.0
 40
-1.0
 40
-1.0
 40
-1.0
 40
0.0
 40
0.0
 40
0.0
 40
0.0
 10
84.80521665981965
 20
65.98923695136128
 30
0.0
 10
84.77279856926729
 20
65.91120356677072
 30
0.0
 10
84.25999447044459
 20
65.00282435392063
 30
0.0
 10
83.66557816114079
 20
63.97061984942371
 30
0.0
  0
SPLINE
  5
484
330
70
100
AcDbEntity
  8
0
100
AcDbSpline
210
0.0
220
0.0
230
1.0
 70
     8
 71
     3
 72
     8
 73
     4
 74
     0
 42
0.000000001
 43
0.0000000001
 40
-1.0
 40
-1.0
 40
-1.0
 40
-1.0
 40
0.0
 40
0.0
 40
0.0
 40
0.0
 10
83.66557816114079
 20
63.97061984942371
 30
0.0
 10
83.07116267310252
 20
62.93841452763722
 30
0.0
 10
82.58484551847827
 20
62.08390759681439
 30
0.0
 10
82.58487510178927
 20
62.07171592702656
 30
0.0
  0
SPLINE
  5
485
330
70
100
AcDbEntity
  8
0
100
AcDbSpline
210
0.0
220
0.0
230
1.0
 70
     8
 71
     3
 72
     8
 73
     4
 74
     0
 42
0.000000001
 43
0.0000000001
 40
-1.0
 40
-1.0
 40
-1.0
 40
-1.0
 40
0.0
 40
0.0
 40
0.0
 40
0.0
 10
82.58487510178927
 20
62.07171592702656
 30
0.0
 10
82.58490468311235
 20
62.0595250765163
 30
0.0
 10
83.86844111812763
 20
62.05266074151348
 30
0.0
 10
85.43718483167957
 20
62.05646732699704
 30
0.0
  0
SPLINE
  5
486
330
70
100
AcDbEntity
  8
0
100
AcDbSpline
210
0.0
220
0.0
230
1.0
 70
     8
 71
     3
 72
     8
 73
     4
 74
     0
 42
0.000000001
 43
0.0000000001
 40
-1.0
 40
-1.0
 40
-1.0
 40
-1.0
 40
0.0
 40
0.0
 40
0.0
 40
0.0
 10
85.43718483167957
 20
62.05646732699704
 30
0.0
 10
88.5630786616349
 20
62.0640523658873
 30
0.0
 10
88.42038284443725
 20
62.07475823159875
 30
0.0
 10
88.7235455969022
 20
61.80988414220492
 30
0.0
  0
SPLINE
  5
487
330
70
100
AcDbEntity
  8
0
100
AcDbSpline
210
0.0
220
0.0
230
1.0
 70
     8
 71
     3
 72
     8
 73
     4
 74
     0
 42
0.000000001
 43
0.0000000001
 40
-1.0
 40
-1.0
 40
-1.0
 40
-1.0
 40
0.0
 40
0.0
 40
0.0
 40
0.0
 10
88.7235455969022
 20
61.80988414220492
 30
0.0
 10
88.93753706342998
 20
61.62290897789524
 30
0.0
 10
89.0354897767833
 20
61.39663965352365
 30
0.0
 10
89.03737679893652
 20
61.08491219036387
 30
0.0
  0
SPLINE
  5
488
330
70
100
AcDbEntity
  8
0
100
AcDbSpline
210
0.0
220
0.0
230
1.0
 70
     8
 71
     3
 72
     8
 73
     4
 74
     0
 42
0.000000001
 43
0.0000000001
 40
-1.0
 40
-1.0
 40
-1.0
 40
-1.0
 40
0.0
 40
0.0
 40
0.0
 40
0.0
 10
89.03737679893652
 20
61.08491219036387
 30
0.0
 10
89.04016855961017
 20
60.60683122067993
 30
0.0
 10
88.73841196550998
 20
60.21506173949802
 30
0.0
 10
88.2858670703068
 20
60.10956199113748
 30
0.0
  0
ELLIPSE
  5
489
330
70
100
AcDbEntity
  8
0
100
AcDbEllipse
 10
81.02450111939615
 20
60.14029512864841
 30
0.0
 11
7.269123457481543
 21
-0.0270630015941286
 31
0.0
210
0.0
220
0.0
230
0.9999999999999998
 40
0.0110271873066932
 41
5.251171722773181
 42
6.237022970244829
  0
SPLINE
  5
48A
330
70
100
AcDbEntity
  8
0
100
AcDbSpline
210
0.0
220
0.0
230
1.0
 70
     8
 71
     3
 72
     8
 73
     4
 74
     0
 42
0.000000001
 43
0.0000000001
 40
-1.0
 40
-1.0
 40
-1.0
 40
-1.0
 40
0.0
 40
0.0
 40
0.0
 40
0.0
 10
79.22777644996265
 20
56.26955580269833
 30
0.0
 10
78.03105808194334
 20
54.19140811445427
 30
0.0
 10
77.00025977968564
 20
52.40052186747115
 30
0.0
 10
76.93711610027924
 20
52.28981050501596
 30
0.0
  0
SPLINE
  5
48B
330
70
100
AcDbEntity
  8
0
100
AcDbSpline
210
0.0
220
0.0
230
1.0
 70
     8
 71
     3
 72
     8
 73
     4
 74
     0
 42
0.000000001
 43
0.0000000001
 40
-1.0
 40
-1.0
 40
-1.0
 40
-1.0
 40
0.0
 40
0.0
 40
0.0
 40
0.0
 10
86.72718845990031
 20
54.43273002677269
 30
0.0
 10
88.64452798104721
 20
57.76226419281481
 30
0.0
 10
88.5576645035759
 20
57.62008503462441
 30
0.0
 10
88.75439566044773
 20
57.75093665735292
 30
0.0
  0
SPLINE
  5
48C
330
70
100
AcDbEntity
  8
0
100
AcDbSpline
210
0.0
220
0.0
230
1.0
 70
     8
 71
     3
 72
     8
 73
     4
 74
     0
 42
0.000000001
 43
0.0000000001
 40
-1.0
 40
-1.0
 40
-1.0
 40
-1.0
 40
0.0
 40
0.0
 40
0.0
 40
0.0
 10
88.75439566044773
 20
57.75093665735292
 30
0.0
 10
89.43731779497362
 20
58.2051743628221
 30
0.0
 10
90.3058682219822
 20
57.74768548661663
 30
0.0
 10
90.30777526341166
 20
56.93279004678981
 30
0.0
  0
ELLIPSE
  5
48D
330
70
100
AcDbEntity
  8
0
100
AcDbEllipse
 10
90.06841989117445
 20
57.05157696032464
 30
0.0
 11
0.0549839765109123
 21
-0.6206733938948488
 31
0.0
210
0.0
220
0.0
230
0.9999999999999998
 40
0.3753325945962437
 41
0.5402310454603674
 42
1.345094499278572
  0
SPLINE
  5
48E
330
70
100
AcDbEntity
  8
0
100
AcDbSpline
210
0.0
220
0.0
230
1.0
 70
     8
 71
     3
 72
     8
 73
     4
 74
     0
 42
0.000000001
 43
0.0000000001
 40
-1.0
 40
-1.0
 40
-1.0
 40
-1.0
 40
0.0
 40
0.0
 40
0.0
 40
0.0
 10
90.23539233814529
 20
56.52990820241754
 30
0.0
 10
90.19526825898063
 20
56.45102392955552
 30
0.0
 10
89.61468444053799
 20
55.43589111774943
 30
0.0
 10
88.94526506059452
 20
54.27405864889998
 30
0.0
  0
SPLINE
  5
48F
330
70
100
AcDbEntity
  8
0
100
AcDbSpline
210
0.0
220
0.0
230
1.0
 70
     8
 71
     3
 72
     8
 73
     4
 74
     0
 42
0.000000001
 43
0.0000000001
 40
-1.0
 40
-1.0
 40
-1.0
 40
-1.0
 40
0.0
 40
0.0
 40
0.0
 40
0.0
 10
88.94526506059452
 20
54.27405864889998
 30
0.0
 10
88.27584486137332
 20
53.11222617813323
 30
0.0
 10
87.72816658791047
 20
52.15175259444089
 30
0.0
 10
87.7281948584555
 20
52.13967234392062
 30
0.0
  0
SPLINE
  5
490
330
70
100
AcDbEntity
  8
0
100
AcDbSpline
210
0.0
220
0.0
230
1.0
 70
     8
 71
     3
 72
     8
 73
     4
 74
     0
 42
0.000000001
 43
0.0000000001
 40
-1.0
 40
-1.0
 40
-1.0
 40
-1.0
 40
0.0
 40
0.0
 40
0.0
 40
0.0
 10
87.7281948584555
 20
52.13967234392062
 30
0.0
 10
87.72822311941405
 20
52.12759618978913
 30
0.0
 10
88.92369888837585
 20
52.11516341919722
 30
0.0
 10
90.38481246253006
 20
52.11206127198199
 30
0.0
  0
SPLINE
  5
491
330
70
100
AcDbEntity
  8
0
100
AcDbSpline
210
0.0
220
0.0
230
1.0
 70
     8
 71
     3
 72
     8
 73
     4
 74
     0
 42
0.000000001
 43
0.0000000001
 40
-1.0
 40
-1.0
 40
-1.0
 40
-1.0
 40
0.0
 40
0.0
 40
0.0
 40
0.0
 10
93.24518689783134
 20
51.9810748452506
 30
0.0
 10
93.35727644054365
 20
51.91213532383679
 30
0.0
 10
93.50588424993889
 20
51.77520006566109
 30
0.0
 10
93.57541927949753
 20
51.67677561944486
 30
0.0
  0
SPLINE
  5
492
330
70
100
AcDbEntity
  8
0
100
AcDbSpline
210
0.0
220
0.0
230
1.0
 70
     8
 71
     3
 72
     8
 73
     4
 74
     0
 42
0.000000001
 43
0.0000000001
 40
-1.0
 40
-1.0
 40
-1.0
 40
-1.0
 40
0.0
 40
0.0
 40
0.0
 40
0.0
 10
93.57541927949753
 20
51.67677561944486
 30
0.0
 10
93.68475321960744
 20
51.5220119977862
 30
0.0
 10
93.7039343460586
 20
51.45414109813298
 30
0.0
 10
93.71730682449614
 20
51.17467715706371
 30
0.0
  0
SPLINE
  5
493
330
70
100
AcDbEntity
  8
0
100
AcDbSpline
210
0.0
220
0.0
230
1.0
 70
     8
 71
     3
 72
     8
 73
     4
 74
     0
 42
0.000000001
 43
0.0000000001
 40
-1.0
 40
-1.0
 40
-1.0
 40
-1.0
 40
0.0
 40
0.0
 40
0.0
 40
0.0
 10
93.71730682449614
 20
51.17467715706371
 30
0.0
 10
93.73041891242342
 20
50.90867256544658
 30
0.0
 10
93.71784800536298
 20
50.81862954303226
 30
0.0
 10
93.64771081750943
 20
50.68088808127106
 30
0.0
  0
SPLINE
  5
494
330
70
100
AcDbEntity
  8
0
100
AcDbSpline
210
0.0
220
0.0
230
1.0
 70
     8
 71
     3
 72
     8
 73
     4
 74
     0
 42
0.000000001
 43
0.0000000001
 40
-1.0
 40
-1.0
 40
-1.0
 40
-1.0
 40
0.0
 40
0.0
 40
0.0
 40
0.0
 10
93.64771081750943
 20
50.68088808127106
 30
0.0
 10
93.5403376022942
 20
50.46918923820621
 30
0.0
 10
93.25732678147083
 20
50.2226449028716
 30
0.0
 10
93.06019308510213
 20
50.16907048646157
 30
0.0
  0
SPLINE
  5
495
330
70
100
AcDbEntity
  8
0
100
AcDbSpline
210
0.0
220
0.0
230
1.0
 70
     8
 71
     3
 72
     8
 73
     4
 74
     0
 42
0.000000001
 43
0.0000000001
 40
-1.0
 40
-1.0
 40
-1.0
 40
-1.0
 40
-0.0000060208678009
 40
-0.0000060208678009
 40
-0.0000060208678009
 40
-0.0000060208678009
 10
93.06019308510213
 20
50.16907048646157
 30
0.0
 10
92.87675022166391
 20
50.11921587109497
 30
0.0
 10
78.75895632315951
 20
50.0646200132396
 30
0.0
 10
66.05009861196738
 20
50.06461935581256
 30
0.0
  0
CIRCLE
  5
496
330
70
100
AcDbEntity
  8
0
100
AcDbCircle
 10
-175.0
 20
-75.00000000000003
 30
0.0
 40
1.65
  0
CIRCLE
  5
497
330
70
100
AcDbEntity
  8
0
100
AcDbCircle
 10
-175.0
 20
-25.00000000000003
 30
0.0
 40
1.65
  0
CIRCLE
  5
498
330
70
100
AcDbEntity
  8
0
100
AcDbCircle
 10
-175.0
 20
24.99999999999997
 30
0.0
 40
1.65
  0
CIRCLE
  5
499
330
70
100
AcDbEntity
  8
0
100
AcDbCircle
 10
-175.0
 20
74.99999999999997
 30
0.0
 40
1.65
  0
CIRCLE
  5
49A
330
70
100
AcDbEntity
  8
0
100
AcDbCircle
 10
-125.0
 20
-75.00000000000003
 30
0.0
 40
1.65
  0
CIRCLE
  5
49B
330
70
100
AcDbEntity
  8
0
100
AcDbCircle
 10
-125.0
 20
-25.00000000000002
 30
0.0
 40
1.65
  0
CIRCLE
  5
49C
330
70
100
AcDbEntity
  8
0
100
AcDbCircle
 10
-125.0
 20
24.99999999999998
 30
0.0
 40
1.65
  0
CIRCLE
  5
49D
330
70
100
AcDbEntity
  8
0
100
AcDbCircle
 10
-125.0
 20
74.99999999999999
 30
0.0
 40
1.65
  0
CIRCLE
  5
49E
330
70
100
AcDbEntity
  8
0
100
AcDbCircle
 10
-75.0
 20
-75.00000000000001
 30
0.0
 40
1.65
  0
CIRCLE
  5
49F
330
70
100
AcDbEntity
  8
0
100
AcDbCircle
 10
-75.0
 20
-25.00000000000002
 30
0.0
 40
1.65
  0
CIRCLE
  5
4A0
330
70
100
AcDbEntity
  8
0
100
AcDbCircle
 10
-75.0
 20
24.99999999999999
 30
0.0
 40
1.65
  0
CIRCLE
  5
4A1
330
70
100
AcDbEntity
  8
0
100
AcDbCircle
 10
-75.00000000000001
 20
74.99999999999999
 30
0.0
 40
1.65
  0
CIRCLE
  5
4A2
330
70
100
AcDbEntity
  8
0
100
AcDbCircle
 10
-25.0
 20
-75.00000000000001
 30
0.0
 40
1.65
  0
CIRCLE
  5
4A3
330
70
100
AcDbEntity
  8
0
100
AcDbCircle
 10
-25.0
 20
-25.0
 30
0.0
 40
1.65
  0
CIRCLE
  5
4A4
330
70
100
AcDbEntity
  8
0
100
AcDbCircle
 10
-25.0
 20
25.0
 30
0.0
 40
1.65
  0
CIRCLE
  5
4A5
330
70
100
AcDbEntity
  8
0
100
AcDbCircle
 10
-25.00000000000002
 20
75.0
 30
0.0
 40
1.65
  0
CIRCLE
  5
4A6
330
70
100
AcDbEntity
  8
0
100
AcDbCircle
 10
175.0
 20
-74.99999999999997
 30
0.0
 40
1.65
  0
CIRCLE
  5
4A7
330
70
100
AcDbEntity
  8
0
100
AcDbCircle
 10
175.0
 20
-24.99999999999996
 30
0.0
 40
1.65
  0
CIRCLE
  5
4A8
330
70
100
AcDbEntity
  8
0
100
AcDbCircle
 10
125.0
 20
-74.99999999999999
 30
0.0
 40
1.65
  0
CIRCLE
  5
4A9
330
70
100
AcDbEntity
  8
0
100
AcDbCircle
 10
125.0
 20
-24.99999999999998
 30
0.0
 40
1.65
  0
CIRCLE
  5
4AA
330
70
100
AcDbEntity
  8
0
100
AcDbCircle
 10
75.0
 20
-74.99999999999999
 30
0.0
 40
1.65
  0
CIRCLE
  5
4AB
330
70
100
AcDbEntity
  8
0
100
AcDbCircle
 10
75.0
 20
-24.99999999999998
 30
0.0
 40
1.65
  0
CIRCLE
  5
4AC
330
70
100
AcDbEntity
  8
0
100
AcDbCircle
 10
25.0
 20
-75.0
 30
0.0
 40
1.65
  0
CIRCLE
  5
4AD
330
70
100
AcDbEntity
  8
0
100
AcDbCircle
 10
25.0
 20
-25.0
 30
0.0
 40
1.65
  0
CIRCLE
  5
4AE
330
70
100
AcDbEntity
  8
0
100
AcDbCircle
 10
175.0
 20
74.99999999999992
 30
0.0
 40
1.65
  0
CIRCLE
  5
4AF
330
70
100
AcDbEntity
  8
0
100
AcDbCircle
 10
125.0
 20
74.99999999999997
 30
0.0
 40
1.65
  0
CIRCLE
  5
4B0
330
70
100
AcDbEntity
  8
0
100
AcDbCircle
 10
74.99999999999999
 20
74.99999999999999
 30
0.0
 40
1.65
  0
CIRCLE
  5
4B1
330
70
100
AcDbEntity
  8
0
100
AcDbCircle
 10
24.99999999999998
 20
75.0
 30
0.0
 40
1.65
  0
CIRCLE
  5
4B2
330
70
100
AcDbEntity
  8
0
100
AcDbCircle
 10
175.0
 20
24.99999999999995
 30
0.0
 40
1.65
  0
CIRCLE
  5
4B3
330
70
100
AcDbEntity
  8
0
100
AcDbCircle
 10
125.0
 20
24.99999999999996
 30
0.0
 40
1.65
  0
CIRCLE
  5
4B4
330
70
100
AcDbEntity
  8
0
100
AcDbCircle
 10
75.0
 20
24.99999999999999
 30
0.0
 40
1.65
  0
CIRCLE
  5
4B5
330
70
100
AcDbEntity
  8
0
100
AcDbCircle
 10
-200.0
 20
-50.00000000000003
 30
0.0
 40
1.65
  0
CIRCLE
  5
4B6
330
70
100
AcDbEntity
  8
0
100
AcDbCircle
 10
-200.0
 20
-0.0000000000000404
 30
0.0
 40
1.65
  0
CIRCLE
  5
4B7
330
70
100
AcDbEntity
  8
0
100
AcDbCircle
 10
-200.0
 20
49.99999999999996
 30
0.0
 40
1.65
  0
CIRCLE
  5
4B8
330
70
100
AcDbEntity
  8
0
100
AcDbCircle
 10
-150.0
 20
-100.0
 30
0.0
 40
1.65
  0
CIRCLE
  5
4B9
330
70
100
AcDbEntity
  8
0
100
AcDbCircle
 10
-150.0
 20
-50.00000000000001
 30
0.0
 40
1.65
  0
CIRCLE
  5
4BA
330
70
100
AcDbEntity
  8
0
100
AcDbCircle
 10
-150.0
 20
-0.0000000000000303
 30
0.0
 40
1.65
  0
CIRCLE
  5
4BB
330
70
100
AcDbEntity
  8
0
100
AcDbCircle
 10
-150.0
 20
49.99999999999999
 30
0.0
 40
1.65
  0
CIRCLE
  5
4BC
330
70
100
AcDbEntity
  8
0
100
AcDbCircle
 10
-150.0
 20
99.99999999999998
 30
0.0
 40
1.65
  0
CIRCLE
  5
4BD
330
70
100
AcDbEntity
  8
0
100
AcDbCircle
 10
-100.0
 20
-100.0
 30
0.0
 40
1.65
  0
CIRCLE
  5
4BE
330
70
100
AcDbEntity
  8
0
100
AcDbCircle
 10
-100.0
 20
-50.00000000000001
 30
0.0
 40
1.65
  0
CIRCLE
  5
4BF
330
70
100
AcDbEntity
  8
0
100
AcDbCircle
 10
-100.0
 20
-0.0000000000000202
 30
0.0
 40
1.65
  0
CIRCLE
  5
4C0
330
70
100
AcDbEntity
  8
0
100
AcDbCircle
 10
-100.0
 20
49.99999999999999
 30
0.0
 40
1.65
  0
CIRCLE
  5
4C1
330
70
100
AcDbEntity
  8
0
100
AcDbCircle
 10
-100.0
 20
100.0
 30
0.0
 40
1.65
  0
CIRCLE
  5
4C2
330
70
100
AcDbEntity
  8
0
100
AcDbCircle
 10
-50.0
 20
-100.0
 30
0.0
 40
1.65
  0
CIRCLE
  5
4C3
330
70
100
AcDbEntity
  8
0
100
AcDbCircle
 10
-50.0
 20
-50.0
 30
0.0
 40
1.65
  0
CIRCLE
  5
4C4
330
70
100
AcDbEntity
  8
0
100
AcDbCircle
 10
-50.00000000000001
 20
50.0
 30
0.0
 40
1.65
  0
CIRCLE
  5
4C5
330
70
100
AcDbEntity
  8
0
100
AcDbCircle
 10
-50.00000000000003
 20
100.0
 30
0.0
 40
1.65
  0
CIRCLE
  5
4C6
330
70
100
AcDbEntity
  8
0
100
AcDbCircle
 10
200.0
 20
-99.99999999999998
 30
0.0
 40
1.65
  0
CIRCLE
  5
4C7
330
70
100
AcDbEntity
  8
0
100
AcDbCircle
 10
150.0
 20
-99.99999999999998
 30
0.0
 40
1.65
  0
CIRCLE
  5
4C8
330
70
100
AcDbEntity
  8
0
100
AcDbCircle
 10
150.0
 20
-49.99999999999996
 30
0.0
 40
1.65
  0
CIRCLE
  5
4C9
330
70
100
AcDbEntity
  8
0
100
AcDbCircle
 10
100.0
 20
-100.0
 30
0.0
 40
1.65
  0
CIRCLE
  5
4CA
330
70
100
AcDbEntity
  8
0
100
AcDbCircle
 10
100.0
 20
-49.99999999999999
 30
0.0
 40
1.65
  0
CIRCLE
  5
4CB
330
70
100
AcDbEntity
  8
0
100
AcDbCircle
 10
50.0
 20
-100.0
 30
0.0
 40
1.65
  0
CIRCLE
  5
4CC
330
70
100
AcDbEntity
  8
0
100
AcDbCircle
 10
50.0
 20
-49.99999999999999
 30
0.0
 40
1.65
  0
CIRCLE
  5
4CD
330
70
100
AcDbEntity
  8
0
100
AcDbCircle
 10
0.0
 20
-100.0
 30
0.0
 40
1.65
  0
CIRCLE
  5
4CE
330
70
100
AcDbEntity
  8
0
100
AcDbCircle
 10
0.0
 20
-50.0
 30
0.0
 40
1.65
  0
CIRCLE
  5
4CF
330
70
100
AcDbEntity
  8
0
100
AcDbCircle
 10
200.0
 20
99.99999999999992
 30
0.0
 40
1.65
  0
CIRCLE
  5
4D0
330
70
100
AcDbEntity
  8
0
100
AcDbCircle
 10
150.0
 20
99.99999999999992
 30
0.0
 40
1.65
  0
CIRCLE
  5
4D1
330
70
100
AcDbEntity
  8
0
100
AcDbCircle
 10
99.99999999999998
 20
99.99999999999998
 30
0.0
 40
1.65
  0
CIRCLE
  5
4D2
330
70
100
AcDbEntity
  8
0
100
AcDbCircle
 10
49.99999999999997
 20
100.0
 30
0.0
 40
1.65
  0
CIRCLE
  5
4D3
330
70
100
AcDbEntity
  8
0
100
AcDbCircle
 10
-0.0000000000000266
 20
100.0
 30
0.0
 40
1.65
  0
CIRCLE
  5
4D4
330
70
100
AcDbEntity
  8
0
100
AcDbCircle
 10
150.0
 20
49.99999999999992
 30
0.0
 40
1.65
  0
CIRCLE
  5
4D5
330
70
100
AcDbEntity
  8
0
100
AcDbCircle
 10
100.0
 20
49.99999999999996
 30
0.0
 40
1.65
  0
CIRCLE
  5
4D6
330
70
100
AcDbEntity
  8
0
100
AcDbCircle
 10
49.99999999999999
 20
49.99999999999999
 30
0.0
 40
1.65
  0
CIRCLE
  5
4D7
330
70
100
AcDbEntity
  8
0
100
AcDbCircle
 10
-0.0000000000000178
 20
50.0
 30
0.0
 40
1.65
  0
CIRCLE
  5
4D8
330
70
100
AcDbEntity
  8
0
100
AcDbCircle
 10
150.0
 20
-0.0000000000000666
 30
0.0
 40
1.65
  0
CIRCLE
  5
4D9
330
70
100
AcDbEntity
  8
0
100
AcDbCircle
 10
100.0
 20
-0.0000000000000444
 30
0.0
 40
1.65
  0
CIRCLE
  5
4DA
330
70
100
AcDbEntity
  8
0
100
AcDbCircle
 10
50.0
 20
-0.0000000000000222
 30
0.0
 40
1.65
  0
CIRCLE
  5
4DB
330
70
100
AcDbEntity
  8
0
100
AcDbCircle
 10
25.0
 20
25.00000000000001
 30
0.0
 40
1.65
  0
CIRCLE
  5
4DC
330
70
100
AcDbEntity
  8
0
100
AcDbCircle
 10
0.0
 20
0.0
 30
0.0
 40
1.65
  0
CIRCLE
  5
4DD
330
70
100
AcDbEntity
  8
0
100
AcDbCircle
 10
125.0
 20
60.00000000000003
 30
0.0
 40
3.299999999999989
  0
CIRCLE
  5
4DE
330
70
100
AcDbEntity
  8
0
100
AcDbCircle
 10
-125.0
 20
59.99999999999999
 30
0.0
 40
3.300000000000014
  0
CIRCLE
  5
4DF
330
70
100
AcDbEntity
  8
0
100
AcDbCircle
 10
-220.0
 20
59.99999999999994
 30
0.0
 40
3.299999999999998
  0
CIRCLE
  5
4E0
330
70
100
AcDbEntity
  8
0
100
AcDbCircle
 10
125.0
 20
-59.99999999999997
 30
0.0
 40
3.299999999999989
  0
CIRCLE
  5
4E1
330
70
100
AcDbEntity
  8
0
100
AcDbCircle
 10
-220.0
 20
-60.00000000000001
 30
0.0
 40
3.299999999999998
  0
CIRCLE
  5
4E2
330
70
100
AcDbEntity
  8
0
100
AcDbCircle
 10
-125.0
 20
-60.00000000000001
 30
0.0
 40
3.300000000000014
  0
ENDSEC
  0
SECTION
  2
OBJECTS
  0
DICTIONARY
  5
C
330
0
100
AcDbDictionary
281
     1
  3
ACAD_CIP_PREVIOUS_PRODUCT_INFO
350
4E3
  3
ACAD_COLOR
350
63
  3
ACAD_DETAILVIEWSTYLE
350
6A
  3
ACAD_GROUP
350
D
  3
ACAD_LAYOUT
350
62
  3
ACAD_MATERIAL
350
10
  3
ACAD_MLEADERSTYLE
350
66
  3
ACAD_MLINESTYLE
350
5F
  3
ACAD_PLOTSETTINGS
350
61
  3
ACAD_PLOTSTYLENAME
350
E
  3
ACAD_SCALELIST
350
42
  3
ACAD_SECTIONVIEWSTYLE
350
68
  3
ACAD_TABLESTYLE
350
64
  3
ACAD_VISUALSTYLE
350
29
  3
ACDB_RECOMPOSE_DATA
350
4EC
  3
AcDbVariableDictionary
350
4E4
  0
XRECORD
  5
4E3
102
{ACAD_REACTORS
330
C
102
}
330
C
100
AcDbXrecord
280
     1
300

300

300

  0
DICTIONARY
  5
63
102
{ACAD_REACTORS
330
C
102
}
330
C
100
AcDbDictionary
281
     1
  0
DICTIONARY
  5
6A
102
{ACAD_REACTORS
330
C
102
}
330
C
100
AcDbDictionary
281
     1
  3
Imperial24
350
6B
  0
DICTIONARY
  5
D
102
{ACAD_REACTORS
330
C
102
}
330
C
100
AcDbDictionary
281
     1
  0
DICTIONARY
  5
62
102
{ACAD_REACTORS
330
C
102
}
330
C
100
AcDbDictionary
281
     1
  3
Layout1
350
6F
  3
Layout2
350
77
  3
Model
350
73
  0
DICTIONARY
  5
10
102
{ACAD_REACTORS
330
C
102
}
330
C
100
AcDbDictionary
281
     1
  3
ByBlock
350
19
  3
ByLayer
350
11
  3
Global
350
21
  0
DICTIONARY
  5
66
102
{ACAD_REACTORS
330
C
102
}
330
C
100
AcDbDictionary
281
     1
  3
Standard
350
67
  0
DICTIONARY
  5
5F
102
{ACAD_REACTORS
330
C
102
}
330
C
100
AcDbDictionary
281
     1
  3
Standard
350
60
  0
DICTIONARY
  5
61
102
{ACAD_REACTORS
330
C
102
}
330
C
100
AcDbDictionary
281
     1
  0
ACDBDICTIONARYWDFLT
  5
E
102
{ACAD_REACTORS
330
C
102
}
330
C
100
AcDbDictionary
281
     1
  3
Normal
350
F
100
AcDbDictionaryWithDefault
340
F
  0
DICTIONARY
  5
42
102
{ACAD_REACTORS
330
C
102
}
330
C
100
AcDbDictionary
281
     1
  3
A0
350
43
  3
A1
350
44
  3
A2
350
45
  3
A3
350
46
  3
A4
350
47
  3
A5
350
48
  3
A6
350
49
  3
A7
350
4A
  3
A8
350
4B
  3
A9
350
4C
  3
B0
350
4D
  3
B1
350
4E
  3
B2
350
4F
  3
B3
350
50
  3
B4
350
51
  3
B5
350
52
  3
B6
350
53
  0
DICTIONARY
  5
68
102
{ACAD_REACTORS
330
C
102
}
330
C
100
AcDbDictionary
281
     1
  3
Imperial24
350
69
  0
DICTIONARY
  5
64
102
{ACAD_REACTORS
330
C
102
}
330
C
100
AcDbDictionary
281
     1
  3
Standard
350
65
  0
DICTIONARY
  5
29
102
{ACAD_REACTORS
330
C
102
}
330
C
100
AcDbDictionary
281
     1
  3
2dWireframe
350
2F
  3
Basic
350
2E
  3
Brighten
350
35
  3
ColorChange
350
39
  3
Conceptual
350
32
  3
Dim
350
34
  3
EdgeColorOff
350
41
  3
Facepattern
350
38
  3
Flat
350
2A
  3
FlatWithEdges
350
2B
  3
Gouraud
350
2C
  3
GouraudWithEdges
350
2D
  3
Hidden
350
31
  3
JitterOff
350
3F
  3
Linepattern
350
37
  3
OverhangOff
350
40
  3
Realistic
350
33
  3
Shaded
350
3E
  3
Shaded with edges
350
3D
  3
Shades of Gray
350
3A
  3
Sketchy
350
3B
  3
Thicken
350
36
  3
Wireframe
350
30
  3
X-Ray
350
3C
  0
XRECORD
  5
4EC
102
{ACAD_REACTORS
330
C
102
}
330
C
100
AcDbXrecord
280
     1
 90
        1
330
65
  0
DICTIONARY
  5
4E4
102
{ACAD_REACTORS
330
C
102
}
330
C
100
AcDbDictionary
281
     1
  3
CANNOSCALE
350
4E9
  3
CMLEADERSTYLE
350
4E6
  3
CTABLESTYLE
350
4E5
  3
CVIEWDETAILSTYLE
350
4E7
  3
CVIEWSECTIONSTYLE
350
4E8
  0
ACDBDETAILVIEWSTYLE
  5
6B
102
{ACAD_REACTORS
330
6A
102
}
330
6A
100
AcDbModelDocViewStyle
 70
     0
  3
Imperial24
290
     1
300
Imperial24
 90
        0
100
AcDbDetailViewStyle
 70
     0
 71
     0
 90
        3
 71
     1
340
55
 62
   256
 40
0.24
340
0
 62
   256
 40
0.24
300

 40
0.36
280
     3
 71
     2
340
5D
 90
       25
 62
   256
 71
     3
340
55
 62
   256
 40
0.24
 90
        1
 40
0.75
 90
        1
300
%<\AcVar ViewType \f "%tc1">% %<\AcVar ViewDetailId>%\PSCALE %<\AcVar ViewScale \f "%sn">%
 71
     4
340
5D
 90
       25
 62
   256
340
5D
 90
       25
 62
   256
280
     0
  0
LAYOUT
  5
6F
102
{ACAD_REACTORS
330
62
102
}
330
62
100
AcDbPlotSettings
  1

  2

  4

  6

 40
0.0
 41
0.0
 42
0.0
 43
0.0
 44
0.0
 45
0.0
 46
0.0
 47
0.0
 48
0.0
 49
0.0
140
0.0
141
0.0
142
1.0
143
1.0
 70
   688
 72
     0
 73
     0
 74
     5
  7

 75
    16
147
1.0
 76
     0
 77
     2
 78
   300
148
0.0
149
0.0
100
AcDbLayout
  1
Layout1
 70
     1
 71
     1
 10
0.0
 20
0.0
 11
12.0
 21
9.0
 12
0.0
 22
0.0
 32
0.0
 14
0.0
 24
0.0
 34
0.0
 15
0.0
 25
0.0
 35
0.0
146
0.0
 13
0.0
 23
0.0
 33
0.0
 16
1.0
 26
0.0
 36
0.0
 17
0.0
 27
1.0
 37
0.0
 76
     0
330
6C
  0
LAYOUT
  5
77
102
{ACAD_REACTORS
330
62
102
}
330
62
100
AcDbPlotSettings
  1

  2

  4

  6

 40
0.0
 41
0.0
 42
0.0
 43
0.0
 44
0.0
 45
0.0
 46
0.0
 47
0.0
 48
0.0
 49
0.0
140
0.0
141
0.0
142
1.0
143
1.0
 70
   688
 72
     0
 73
     0
 74
     5
  7

 75
    16
147
1.0
 76
     0
 77
     2
 78
   300
148
0.0
149
0.0
100
AcDbLayout
  1
Layout2
 70
     1
 71
     2
 10
0.0
 20
0.0
 11
12.0
 21
9.0
 12
0.0
 22
0.0
 32
0.0
 14
0.0
 24
0.0
 34
0.0
 15
0.0
 25
0.0
 35
0.0
146
0.0
 13
0.0
 23
0.0
 33
0.0
 16
1.0
 26
0.0
 36
0.0
 17
0.0
 27
1.0
 37
0.0
 76
     0
330
74
  0
LAYOUT
  5
73
102
{ACAD_REACTORS
330
62
102
}
330
62
100
AcDbPlotSettings
  1

  2

  4

  6

 40
0.0
 41
0.0
 42
0.0
 43
0.0
 44
0.0
 45
0.0
 46
0.0
 47
0.0
 48
0.0
 49
0.0
140
0.0
141
0.0
142
1.0
143
1.0
 70
  1712
 72
     0
 73
     0
 74
     0
  7

 75
     0
147
1.0
 76
     0
 77
     2
 78
   300
148
0.0
149
0.0
100
AcDbLayout
  1
Model
 70
     1
 71
     0
 10
0.0
 20
0.0
 11
12.0
 21
9.0
 12
0.0
 22
0.0
 32
0.0
 14
0.0
 24
0.0
 34
0.0
 15
0.0
 25
0.0
 35
0.0
146
0.0
 13
0.0
 23
0.0
 33
0.0
 16
1.0
 26
0.0
 36
0.0
 17
0.0
 27
1.0
 37
0.0
 76
     0
330
70
  0
MATERIAL
  5
19
102
{ACAD_XDICTIONARY
360
1A
102
}
102
{ACAD_REACTORS
330
10
102
}
330
10
100
AcDbMaterial
  1
ByBlock
 72
     0
 43
0.0208333333333333
 43
0.0
 43
0.0
 43
0.0
 43
0.0
 43
0.0208333333333333
 43
0.0
 43
0.0
 43
0.0
 43
0.0
 43
1.0
 43
0.0
 43
0.0
 43
0.0
 43
0.0
 43
1.0
 77
     0
 47
0.0208333333333333
 47
0.0
 47
0.0
 47
0.0
 47
0.0
 47
0.0208333333333333
 47
0.0
 47
0.0
 47
0.0
 47
0.0
 47
1.0
 47
0.0
 47
0.0
 47
0.0
 47
0.0
 47
1.0
171
     0
 49
0.0208333333333333
 49
0.0
 49
0.0
 49
0.0
 49
0.0
 49
0.0208333333333333
 49
0.0
 49
0.0
 49
0.0
 49
0.0
 49
1.0
 49
0.0
 49
0.0
 49
0.0
 49
0.0
 49
1.0
175
     0
142
0.0208333333333333
142
0.0
142
0.0
142
0.0
142
0.0
142
0.0208333333333333
142
0.0
142
0.0
142
0.0
142
0.0
142
1.0
142
0.0
142
0.0
142
0.0
142
0.0
142
1.0
179
     0
144
0.0208333333333333
144
0.0
144
0.0
144
0.0
144
0.0
144
0.0208333333333333
144
0.0
144
0.0
144
0.0
144
0.0
144
1.0
144
0.0
144
0.0
144
0.0
144
0.0
144
1.0
147
0.0208333333333333
147
0.0
147
0.0
147
0.0
147
0.0
147
0.0208333333333333
147
0.0
147
0.0
147
0.0
147
0.0
147
1.0
147
0.0
147
0.0
147
0.0
147
0.0
147
1.0
  0
MATERIAL
  5
11
102
{ACAD_XDICTIONARY
360
12
102
}
102
{ACAD_REACTORS
330
10
102
}
330
10
100
AcDbMaterial
  1
ByLayer
 72
     0
 43
0.0208333333333333
 43
0.0
 43
0.0
 43
0.0
 43
0.0
 43
0.0208333333333333
 43
0.0
 43
0.0
 43
0.0
 43
0.0
 43
1.0
 43
0.0
 43
0.0
 43
0.0
 43
0.0
 43
1.0
 77
     0
 47
0.0208333333333333
 47
0.0
 47
0.0
 47
0.0
 47
0.0
 47
0.0208333333333333
 47
0.0
 47
0.0
 47
0.0
 47
0.0
 47
1.0
 47
0.0
 47
0.0
 47
0.0
 47
0.0
 47
1.0
171
     0
 49
0.0208333333333333
 49
0.0
 49
0.0
 49
0.0
 49
0.0
 49
0.0208333333333333
 49
0.0
 49
0.0
 49
0.0
 49
0.0
 49
1.0
 49
0.0
 49
0.0
 49
0.0
 49
0.0
 49
1.0
175
     0
142
0.0208333333333333
142
0.0
142
0.0
142
0.0
142
0.0
142
0.0208333333333333
142
0.0
142
0.0
142
0.0
142
0.0
142
1.0
142
0.0
142
0.0
142
0.0
142
0.0
142
1.0
179
     0
144
0.0208333333333333
144
0.0
144
0.0
144
0.0
144
0.0
144
0.0208333333333333
144
0.0
144
0.0
144
0.0
144
0.0
144
1.0
144
0.0
144
0.0
144
0.0
144
0.0
144
1.0
147
0.0208333333333333
147
0.0
147
0.0
147
0.0
147
0.0
147
0.0208333333333333
147
0.0
147
0.0
147
0.0
147
0.0
147
1.0
147
0.0
147
0.0
147
0.0
147
0.0
147
1.0
  0
MATERIAL
  5
21
102
{ACAD_XDICTIONARY
360
22
102
}
102
{ACAD_REACTORS
330
10
102
}
330
10
100
AcDbMaterial
  1
Global
 72
     0
 43
0.0208333333333333
 43
0.0
 43
0.0
 43
0.0
 43
0.0
 43
0.0208333333333333
 43
0.0
 43
0.0
 43
0.0
 43
0.0
 43
1.0
 43
0.0
 43
0.0
 43
0.0
 43
0.0
 43
1.0
 77
     0
 47
0.0208333333333333
 47
0.0
 47
0.0
 47
0.0
 47
0.0
 47
0.0208333333333333
 47
0.0
 47
0.0
 47
0.0
 47
0.0
 47
1.0
 47
0.0
 47
0.0
 47
0.0
 47
0.0
 47
1.0
171
     0
 49
0.0208333333333333
 49
0.0
 49
0.0
 49
0.0
 49
0.0
 49
0.0208333333333333
 49
0.0
 49
0.0
 49
0.0
 49
0.0
 49
1.0
 49
0.0
 49
0.0
 49
0.0
 49
0.0
 49
1.0
175
     0
142
0.0208333333333333
142
0.0
142
0.0
142
0.0
142
0.0
142
0.0208333333333333
142
0.0
142
0.0
142
0.0
142
0.0
142
1.0
142
0.0
142
0.0
142
0.0
142
0.0
142
1.0
179
     0
144
0.0208333333333333
144
0.0
144
0.0
144
0.0
144
0.0
144
0.0208333333333333
144
0.0
144
0.0
144
0.0
144
0.0
144
1.0
144
0.0
144
0.0
144
0.0
144
0.0
144
1.0
147
0.0208333333333333
147
0.0
147
0.0
147
0.0
147
0.0
147
0.0208333333333333
147
0.0
147
0.0
147
0.0
147
0.0
147
1.0
147
0.0
147
0.0
147
0.0
147
0.0
147
1.0
  0
MLEADERSTYLE
  5
67
102
{ACAD_REACTORS
330
66
102
}
330
66
100
AcDbMLeaderStyle
179
     2
170
     2
171
     1
172
     0
 90
        2
 40
0.0
 41
0.0
173
     1
 91
-1056964608
340
5B
 92
       -2
290
     1
 42
0.09
291
     1
 43
0.36
  3
Standard
 44
0.18
300

342
55
174
     1
178
     6
175
     1
176
     0
 93
-1056964608
 45
0.18
292
     0
297
     0
 46
0.18
 94
-1056964608
 47
1.0
 49
1.0
140
1.0
293
     1
141
0.0
294
     1
177
     0
142
1.0
295
     1
296
     0
143
0.125
271
     0
272
     9
273
     9
298
     1
  0
MLINESTYLE
  5
60
102
{ACAD_REACTORS
330
5F
102
}
330
5F
100
AcDbMlineStyle
  2
STANDARD
 70
     0
  3

 62
   256
 51
90.0
 52
90.0
 71
     2
 49
0.5
 62
   256
  6
BYLAYER
 49
-0.5
 62
   256
  6
BYLAYER
  0
ACDBPLACEHOLDER
  5
F
102
{ACAD_REACTORS
330
E
102
}
330
E
  0
SCALE
  5
43
102
{ACAD_REACTORS
330
42
102
}
330
42
100
AcDbScale
 70
     0
300
1:1
140
1.0
141
1.0
290
     1
  0
SCALE
  5
44
102
{ACAD_REACTORS
330
42
102
}
330
42
100
AcDbScale
 70
     0
300
1/128" = 1'-0"
140
0.0078125
141
12.0
290
     0
  0
SCALE
  5
45
102
{ACAD_REACTORS
330
42
102
}
330
42
100
AcDbScale
 70
     0
300
1/64" = 1'-0"
140
0.015625
141
12.0
290
     0
  0
SCALE
  5
46
102
{ACAD_REACTORS
330
42
102
}
330
42
100
AcDbScale
 70
     0
300
1/32" = 1'-0"
140
0.03125
141
12.0
290
     0
  0
SCALE
  5
47
102
{ACAD_REACTORS
330
42
102
}
330
42
100
AcDbScale
 70
     0
300
1/16" = 1'-0"
140
0.0625
141
12.0
290
     0
  0
SCALE
  5
48
102
{ACAD_REACTORS
330
42
102
}
330
42
100
AcDbScale
 70
     0
300
3/32" = 1'-0"
140
0.09375
141
12.0
290
     0
  0
SCALE
  5
49
102
{ACAD_REACTORS
330
42
102
}
330
42
100
AcDbScale
 70
     0
300
1/8" = 1'-0"
140
0.125
141
12.0
290
     0
  0
SCALE
  5
4A
102
{ACAD_REACTORS
330
42
102
}
330
42
100
AcDbScale
 70
     0
300
3/16" = 1'-0"
140
0.1875
141
12.0
290
     0
  0
SCALE
  5
4B
102
{ACAD_REACTORS
330
42
102
}
330
42
100
AcDbScale
 70
     0
300
1/4" = 1'-0"
140
0.25
141
12.0
290
     0
  0
SCALE
  5
4C
102
{ACAD_REACTORS
330
42
102
}
330
42
100
AcDbScale
 70
     0
300
3/8" = 1'-0"
140
0.375
141
12.0
290
     0
  0
SCALE
  5
4D
102
{ACAD_REACTORS
330
42
102
}
330
42
100
AcDbScale
 70
     0
300
1/2" = 1'-0"
140
0.5
141
12.0
290
     0
  0
SCALE
  5
4E
102
{ACAD_REACTORS
330
42
102
}
330
42
100
AcDbScale
 70
     0
300
3/4" = 1'-0"
140
0.75
141
12.0
290
     0
  0
SCALE
  5
4F
102
{ACAD_REACTORS
330
42
102
}
330
42
100
AcDbScale
 70
     0
300
1" = 1'-0"
140
1.0
141
12.0
290
     0
  0
SCALE
  5
50
102
{ACAD_REACTORS
330
42
102
}
330
42
100
AcDbScale
 70
     0
300
1-1/2" = 1'-0"
140
1.5
141
12.0
290
     0
  0
SCALE
  5
51
102
{ACAD_REACTORS
330
42
102
}
330
42
100
AcDbScale
 70
     0
300
3" = 1'-0"
140
3.0
141
12.0
290
     0
  0
SCALE
  5
52
102
{ACAD_REACTORS
330
42
102
}
330
42
100
AcDbScale
 70
     0
300
6" = 1'-0"
140
6.0
141
12.0
290
     0
  0
SCALE
  5
53
102
{ACAD_REACTORS
330
42
102
}
330
42
100
AcDbScale
 70
     0
300
1'-0" = 1'-0"
140
12.0
141
12.0
290
     0
  0
ACDBSECTIONVIEWSTYLE
  5
69
102
{ACAD_REACTORS
330
68
102
}
330
68
100
AcDbModelDocViewStyle
 70
     0
  3
Imperial24
290
     1
300
Imperial24
 90
        0
100
AcDbSectionViewStyle
 70
     0
 71
     0
 90
       78
 71
     1
340
55
 62
   256
 40
0.24
340
0
340
0
 62
   256
 40
0.24
300
I, O, Q, S, X, Z
 40
0.48
 90
        3
 40
0.18
 90
        1
 71
     2
340
5D
 90
       25
 62
   256
340
5D
 90
       50
 62
   256
 40
0.24
 40
0.0
 40
0.24
 71
     3
340
55
 62
   256
 40
0.24
 90
        1
 40
0.75
 90
        1
300
%<\AcVar ViewType \f "%tc1">% %<\AcVar ViewSectionStartId>%-%<\AcVar ViewSectionEndId>%\PSCALE %<\AcVar ViewScale \f "%sn">%
 71
     4
 62
   256
 62
   257
300
ANSI31
 40
1.0
 90
        0
290
     0
290
     0
 90
        6
 40
0.0
 40
1.570796326794896
 40
0.2617993877991494
 40
1.308996938995747
 40
-0.2617993877991494
 40
1.832595714594046
  0
TABLESTYLE
  5
65
102
{ACAD_XDICTIONARY
360
4EA
102
}
102
{ACAD_REACTORS
330
64
102
}
330
64
100
AcDbTableStyle
280
     0
  3
Standard
 70
     0
 71
     0
 40
0.06
 41
0.06
280
     0
281
     0
  7
Standard
140
0.18
170
     2
 62
     0
 63
     7
283
     0
 90
      512
 91
        0
  1

274
    -2
284
     1
 64
     0
275
    -2
285
     1
 65
     0
276
    -2
286
     1
 66
     0
277
    -2
287
     1
 67
     0
278
    -2
288
     1
 68
     0
279
    -2
289
     1
 69
     0
  7
Standard
140
0.25
170
     5
 62
     0
 63
     7
283
     0
 90
      512
 91
        0
  1

274
    -2
284
     1
 64
     0
275
    -2
285
     1
 65
     0
276
    -2
286
     1
 66
     0
277
    -2
287
     1
 67
     0
278
    -2
288
     1
 68
     0
279
    -2
289
     1
 69
     0
  7
Standard
140
0.18
170
     5
 62
     0
 63
     7
283
     0
 90
      512
 91
        0
  1

274
    -2
284
     1
 64
     0
275
    -2
285
     1
 65
     0
276
    -2
286
     1
 66
     0
277
    -2
287
     1
 67
     0
278
    -2
288
     1
 68
     0
279
    -2
289
     1
 69
     0
  0
VISUALSTYLE
  5
2F
102
{ACAD_REACTORS
330
29
102
}
330
29
100
AcDbVisualStyle
  2
2dWireframe
 70
     4
177
     3
291
     0
 70
    58
 90
        0
176
     1
 90
        2
176
     1
 90
        0
176
     1
 90
        0
176
     1
 40
0.6
176
     1
 40
30.0
176
     1
 62
     7
420
 16777215
176
     1
 90
        1
176
     1
 90
        4
176
     1
 62
     7
176
     1
 62
   257
176
     1
 90
        1
176
     1
 90
        1
176
     1
 40
1.0
176
     1
 90
        0
176
     1
 62
   257
176
     1
 40
1.0
176
     1
 90
        1
176
     1
 90
        6
176
     1
 90
        2
176
     1
 62
     7
176
     1
 90
        5
176
     1
 90
        0
176
     1
 90
        0
176
     1
290
     0
176
     1
 90
        1
176
     1
 40
0.0
176
     1
 90
        0
176
     1
290
     1
176
     1
290
     1
176
     1
290
     0
176
     1
290
     0
176
     1
290
     0
176
     1
290
     0
176
     1
290
     0
176
     1
290
     0
176
     1
290
     0
176
     1
 90
       50
176
     1
 40
0.0
176
     1
 40
1.0
176
     1
 90
        0
176
     1
 62
    18
420
        0
176
     1
 90
       50
176
     1
 90
        3
176
     1
 62
     5
420
      255
176
     1
290
     0
176
     1
 90
       50
176
     1
 90
       50
176
     1
 90
       50
176
     1
290
     0
176
     1
 90
       50
176
     1
 62
   256
176
     0
 40
1.0
176
     0
 90
        2
176
     1
  1
strokes_ogs.tif
176
     1
290
     0
176
     1
 40
1.0
176
     1
 40
1.0
176
     1
  0
VISUALSTYLE
  5
2E
102
{ACAD_REACTORS
330
29
102
}
330
29
100
AcDbVisualStyle
  2
Basic
 70
     7
177
     3
291
     1
 70
    58
 90
        1
176
     1
 90
        0
176
     1
 90
        1
176
     1
 90
        0
176
     1
 40
0.6
176
     1
 40
30.0
176
     1
 62
     7
420
 16777215
176
     1
 90
        0
176
     1
 90
        4
176
     1
 62
     7
176
     1
 62
   257
176
     1
 90
        1
176
     1
 90
        1
176
     1
 40
1.0
176
     1
 90
        8
176
     1
 62
     7
176
     1
 40
1.0
176
     1
 90
        1
176
     1
 90
        6
176
     1
 90
        2
176
     1
 62
     7
176
     1
 90
        5
176
     1
 90
        0
176
     1
 90
        0
176
     1
290
     0
176
     1
 90
        1
176
     1
 40
0.0
176
     1
 90
        0
176
     1
290
     0
176
     1
290
     1
176
     1
290
     1
176
     1
290
     0
176
     1
290
     0
176
     1
290
     0
176
     1
290
     0
176
     1
290
     0
176
     1
290
     0
176
     1
 90
       50
176
     1
 40
0.0
176
     1
 40
1.0
176
     1
 90
        0
176
     1
 62
    18
420
        0
176
     1
 90
       50
176
     1
 90
        3
176
     1
 62
     5
420
      255
176
     1
290
     0
176
     1
 90
       50
176
     1
 90
       50
176
     1
 90
       50
176
     1
290
     0
176
     1
 90
       50
176
     1
 62
   256
176
     0
 40
1.0
176
     0
 90
        2
176
     1
  1
strokes_ogs.tif
176
     1
290
     0
176
     1
 40
1.0
176
     1
 40
1.0
176
     1
  0
VISUALSTYLE
  5
35
102
{ACAD_REACTORS
330
29
102
}
330
29
100
AcDbVisualStyle
  2
Brighten
 70
    12
177
     3
291
     1
 70
    58
 90
        2
176
     1
 90
        2
176
     1
 90
        0
176
     1
 90
        0
176
     1
 40
0.6
176
     1
 40
30.0
176
     1
 62
     7
420
 16777215
176
     1
 90
        1
176
     1
 90
        4
176
     1
 62
     7
176
     1
 62
   257
176
     1
 90
        1
176
     1
 90
        1
176
     1
 40
1.0
176
     1
 90
        8
176
     1
 62
     7
176
     1
 40
1.0
176
     1
 90
        1
176
     1
 90
        6
176
     1
 90
        2
176
     1
 62
     7
176
     1
 90
        5
176
     1
 90
        0
176
     1
 90
        0
176
     1
290
     0
176
     1
 90
        1
176
     1
 40
50.0
176
     1
 90
        0
176
     1
290
     0
176
     1
290
     1
176
     1
290
     1
176
     1
290
     0
176
     1
290
     0
176
     1
290
     0
176
     1
290
     0
176
     1
290
     0
176
     1
290
     0
176
     1
 90
       50
176
     1
 40
0.0
176
     1
 40
1.0
176
     1
 90
        0
176
     1
 62
    18
420
        0
176
     1
 90
       50
176
     1
 90
        3
176
     1
 62
     5
420
      255
176
     1
290
     0
176
     1
 90
       50
176
     1
 90
       50
176
     1
 90
       50
176
     1
290
     0
176
     1
 90
       50
176
     1
 62
   256
176
     0
 40
1.0
176
     0
 90
        2
176
     1
  1
strokes_ogs.tif
176
     1
290
     0
176
     1
 40
1.0
176
     1
 40
1.0
176
     1
  0
VISUALSTYLE
  5
39
102
{ACAD_REACTORS
330
29
102
}
330
29
100
AcDbVisualStyle
  2
ColorChange
 70
    16
177
     3
291
     1
 70
    58
 90
        2
176
     1
 90
        2
176
     1
 90
        3
176
     1
 90
        0
176
     1
 40
0.6
176
     1
 40
30.0
176
     1
 62
     8
420
  8421504
176
     1
 90
        1
176
     1
 90
        4
176
     1
 62
     7
176
     1
 62
   257
176
     1
 90
        1
176
     1
 90
        1
176
     1
 40
1.0
176
     1
 90
        8
176
     1
 62
     8
420
  8421504
176
     1
 40
1.0
176
     1
 90
        1
176
     1
 90
        6
176
     1
 90
        2
176
     1
 62
     7
176
     1
 90
        5
176
     1
 90
        0
176
     1
 90
        0
176
     1
290
     0
176
     1
 90
        1
176
     1
 40
0.0
176
     1
 90
        0
176
     1
290
     0
176
     1
290
     1
176
     1
290
     1
176
     1
290
     0
176
     1
290
     0
176
     1
290
     0
176
     1
290
     0
176
     1
290
     0
176
     1
290
     0
176
     1
 90
       50
176
     1
 40
0.0
176
     1
 40
1.0
176
     1
 90
        0
176
     1
 62
    18
420
        0
176
     1
 90
       50
176
     1
 90
        3
176
     1
 62
     5
420
      255
176
     1
290
     0
176
     1
 90
       50
176
     1
 90
       50
176
     1
 90
       50
176
     1
290
     0
176
     1
 90
       50
176
     1
 62
   256
176
     0
 40
1.0
176
     0
 90
        2
176
     1
  1
strokes_ogs.tif
176
     1
290
     0
176
     1
 40
1.0
176
     1
 40
1.0
176
     1
  0
VISUALSTYLE
  5
32
102
{ACAD_REACTORS
330
29
102
}
330
29
100
AcDbVisualStyle
  2
Conceptual
 70
     9
177
     3
291
     0
 70
    58
 90
        3
176
     1
 90
        2
176
     1
 90
        0
176
     1
 90
        0
176
     1
 40
0.6
176
     1
 40
30.0
176
     1
 62
     7
420
 16777215
176
     1
 90
        2
176
     1
 90
        2
176
     1
 62
     7
176
     1
 62
   257
176
     1
 90
        1
176
     1
 90
        1
176
     1
 40
179.0
176
     1
 90
        8
176
     1
 62
     7
176
     1
 40
1.0
176
     1
 90
        1
176
     1
 90
        6
176
     1
 90
        2
176
     1
 62
     7
176
     1
 90
        3
176
     1
 90
        0
176
     1
 90
        0
176
     1
290
     0
176
     1
 90
        1
176
     1
 40
0.0
176
     1
 90
        0
176
     1
290
     0
176
     1
290
     1
176
     1
290
     1
176
     1
290
     0
176
     1
290
     0
176
     1
290
     0
176
     1
290
     0
176
     1
290
     0
176
     1
290
     0
176
     1
 90
       50
176
     1
 40
0.0
176
     1
 40
1.0
176
     1
 90
        0
176
     1
 62
    18
420
        0
176
     1
 90
       50
176
     1
 90
        3
176
     1
 62
     5
420
      255
176
     1
290
     0
176
     1
 90
       50
176
     1
 90
       50
176
     1
 90
       50
176
     1
290
     0
176
     1
 90
       50
176
     1
 62
   256
176
     0
 40
1.0
176
     0
 90
        2
176
     1
  1
strokes_ogs.tif
176
     1
290
     0
176
     1
 40
1.0
176
     1
 40
1.0
176
     1
  0
VISUALSTYLE
  5
34
102
{ACAD_REACTORS
330
29
102
}
330
29
100
AcDbVisualStyle
  2
Dim
 70
    11
177
     3
291
     1
 70
    58
 90
        2
176
     1
 90
        2
176
     1
 90
        0
176
     1
 90
        0
176
     1
 40
0.6
176
     1
 40
30.0
176
     1
 62
     7
420
 16777215
176
     1
 90
        1
176
     1
 90
        4
176
     1
 62
     7
176
     1
 62
   257
176
     1
 90
        1
176
     1
 90
        1
176
     1
 40
1.0
176
     1
 90
        8
176
     1
 62
     7
176
     1
 40
1.0
176
     1
 90
        1
176
     1
 90
        6
176
     1
 90
        2
176
     1
 62
     7
176
     1
 90
        5
176
     1
 90
        0
176
     1
 90
        0
176
     1
290
     0
176
     1
 90
        1
176
     1
 40
-50.0
176
     1
 90
        0
176
     1
290
     0
176
     1
290
     1
176
     1
290
     1
176
     1
290
     0
176
     1
290
     0
176
     1
290
     0
176
     1
290
     0
176
     1
290
     0
176
     1
290
     0
176
     1
 90
       50
176
     1
 40
0.0
176
     1
 40
1.0
176
     1
 90
        0
176
     1
 62
    18
420
        0
176
     1
 90
       50
176
     1
 90
        3
176
     1
 62
     5
420
      255
176
     1
290
     0
176
     1
 90
       50
176
     1
 90
       50
176
     1
 90
       50
176
     1
290
     0
176
     1
 90
       50
176
     1
 62
   256
176
     0
 40
1.0
176
     0
 90
        2
176
     1
  1
strokes_ogs.tif
176
     1
290
     0
176
     1
 40
1.0
176
     1
 40
1.0
176
     1
  0
VISUALSTYLE
  5
41
102
{ACAD_REACTORS
330
29
102
}
330
29
100
AcDbVisualStyle
  2
EdgeColorOff
 70
    22
177
     3
291
     1
 70
    58
 90
        2
176
     0
 90
        2
176
     0
 90
        0
176
     0
 90
        0
176
     0
 40
0.6
176
     0
 40
30.0
176
     0
 62
     7
420
 16777215
176
     0
 90
        1
176
     0
 90
        4
176
     0
 62
     7
176
     0
 62
   257
176
     0
 90
        1
176
     0
 90
        1
176
     0
 40
1.0
176
     0
 90
        8
176
     2
 62
     7
176
     0
 40
1.0
176
     0
 90
        1
176
     0
 90
        6
176
     0
 90
        2
176
     0
 62
     7
176
     0
 90
        5
176
     0
 90
        0
176
     0
 90
        0
176
     0
290
     0
176
     0
 90
        1
176
     0
 40
0.0
176
     0
 90
        0
176
     0
290
     0
176
     0
290
     1
176
     0
290
     1
176
     0
290
     0
176
     0
290
     0
176
     0
290
     0
176
     0
290
     0
176
     0
290
     0
176
     0
290
     0
176
     0
 90
       50
176
     0
 40
0.0
176
     0
 40
1.0
176
     0
 90
        0
176
     0
 62
    18
420
        0
176
     0
 90
       50
176
     0
 90
        3
176
     0
 62
     5
420
      255
176
     0
290
     0
176
     0
 90
       50
176
     0
 90
       50
176
     0
 90
       50
176
     0
290
     0
176
     0
 90
       50
176
     0
 62
   256
176
     0
 40
1.0
176
     0
 90
        2
176
     0
  1
strokes_ogs.tif
176
     0
290
     0
176
     0
 40
1.0
176
     0
 40
1.0
176
     0
  0
VISUALSTYLE
  5
38
102
{ACAD_REACTORS
330
29
102
}
330
29
100
AcDbVisualStyle
  2
Facepattern
 70
    15
177
     3
291
     1
 70
    58
 90
        2
176
     1
 90
        2
176
     1
 90
        0
176
     1
 90
        0
176
     1
 40
0.6
176
     1
 40
30.0
176
     1
 62
     7
420
 16777215
176
     1
 90
        1
176
     1
 90
        4
176
     1
 62
     7
176
     1
 62
   257
176
     1
 90
        1
176
     1
 90
        1
176
     1
 40
1.0
176
     1
 90
        8
176
     1
 62
     7
176
     1
 40
1.0
176
     1
 90
        1
176
     1
 90
        6
176
     1
 90
        2
176
     1
 62
     7
176
     1
 90
        5
176
     1
 90
        0
176
     1
 90
        0
176
     1
290
     0
176
     1
 90
        1
176
     1
 40
0.0
176
     1
 90
        0
176
     1
290
     0
176
     1
290
     1
176
     1
290
     1
176
     1
290
     0
176
     1
290
     0
176
     1
290
     0
176
     1
290
     0
176
     1
290
     0
176
     1
290
     0
176
     1
 90
       50
176
     1
 40
0.0
176
     1
 40
1.0
176
     1
 90
        0
176
     1
 62
    18
420
        0
176
     1
 90
       50
176
     1
 90
        3
176
     1
 62
     5
420
      255
176
     1
290
     0
176
     1
 90
       50
176
     1
 90
       50
176
     1
 90
       50
176
     1
290
     0
176
     1
 90
       50
176
     1
 62
   256
176
     0
 40
1.0
176
     0
 90
        2
176
     1
  1
strokes_ogs.tif
176
     1
290
     0
176
     1
 40
1.0
176
     1
 40
1.0
176
     1
  0
VISUALSTYLE
  5
2A
102
{ACAD_REACTORS
330
29
102
}
330
29
100
AcDbVisualStyle
  2
Flat
 70
     0
177
     3
291
     1
 70
    58
 90
        2
176
     1
 90
        1
176
     1
 90
        1
176
     1
 90
        2
176
     1
 40
0.6
176
     1
 40
30.0
176
     1
 62
     7
420
 16777215
176
     1
 90
        0
176
     1
 90
        0
176
     1
 62
     7
176
     1
 62
   257
176
     1
 90
        1
176
     1
 90
        1
176
     1
 40
1.0
176
     1
 90
        8
176
     1
 62
     7
176
     1
 40
1.0
176
     1
 90
        1
176
     1
 90
        6
176
     1
 90
        2
176
     1
 62
     7
176
     1
 90
        5
176
     1
 90
        0
176
     1
 90
        0
176
     1
290
     0
176
     1
 90
       13
176
     1
 40
0.0
176
     1
 90
        0
176
     1
290
     0
176
     1
290
     1
176
     1
290
     1
176
     1
290
     0
176
     1
290
     0
176
     1
290
     0
176
     1
290
     0
176
     1
290
     0
176
     1
290
     0
176
     1
 90
       50
176
     1
 40
0.0
176
     1
 40
1.0
176
     1
 90
        0
176
     1
 62
    18
420
        0
176
     1
 90
       50
176
     1
 90
        3
176
     1
 62
     5
420
      255
176
     1
290
     0
176
     1
 90
       50
176
     1
 90
       50
176
     1
 90
       50
176
     1
290
     0
176
     1
 90
       50
176
     1
 62
   256
176
     0
 40
1.0
176
     0
 90
        2
176
     1
  1
strokes_ogs.tif
176
     1
290
     0
176
     1
 40
1.0
176
     1
 40
1.0
176
     1
  0
VISUALSTYLE
  5
2B
102
{ACAD_REACTORS
330
29
102
}
330
29
100
AcDbVisualStyle
  2
FlatWithEdges
 70
     1
177
     3
291
     1
 70
    58
 90
        2
176
     1
 90
        1
176
     1
 90
        1
176
     1
 90
        2
176
     1
 40
0.6
176
     1
 40
30.0
176
     1
 62
     7
420
 16777215
176
     1
 90
        1
176
     1
 90
        0
176
     1
 62
     7
176
     1
 62
   257
176
     1
 90
        1
176
     1
 90
        1
176
     1
 40
1.0
176
     1
 90
        0
176
     1
 62
   257
176
     1
 40
1.0
176
     1
 90
        1
176
     1
 90
        6
176
     1
 90
        2
176
     1
 62
     7
176
     1
 90
        5
176
     1
 90
        0
176
     1
 90
        0
176
     1
290
     0
176
     1
 90
       13
176
     1
 40
0.0
176
     1
 90
        0
176
     1
290
     0
176
     1
290
     1
176
     1
290
     1
176
     1
290
     0
176
     1
290
     0
176
     1
290
     0
176
     1
290
     0
176
     1
290
     0
176
     1
290
     0
176
     1
 90
       50
176
     1
 40
0.0
176
     1
 40
1.0
176
     1
 90
        0
176
     1
 62
    18
420
        0
176
     1
 90
       50
176
     1
 90
        3
176
     1
 62
     5
420
      255
176
     1
290
     0
176
     1
 90
       50
176
     1
 90
       50
176
     1
 90
       50
176
     1
290
     0
176
     1
 90
       50
176
     1
 62
   256
176
     0
 40
1.0
176
     0
 90
        2
176
     1
  1
strokes_ogs.tif
176
     1
290
     0
176
     1
 40
1.0
176
     1
 40
1.0
176
     1
  0
VISUALSTYLE
  5
2C
102
{ACAD_REACTORS
330
29
102
}
330
29
100
AcDbVisualStyle
  2
Gouraud
 70
     2
177
     3
291
     1
 70
    58
 90
        2
176
     1
 90
        2
176
     1
 90
        1
176
     1
 90
        2
176
     1
 40
0.6
176
     1
 40
30.0
176
     1
 62
     7
420
 16777215
176
     1
 90
        0
176
     1
 90
        0
176
     1
 62
     7
176
     1
 62
   257
176
     1
 90
        1
176
     1
 90
        1
176
     1
 40
1.0
176
     1
 90
        0
176
     1
 62
     7
176
     1
 40
1.0
176
     1
 90
        1
176
     1
 90
        6
176
     1
 90
        2
176
     1
 62
     7
176
     1
 90
        5
176
     1
 90
        0
176
     1
 90
        0
176
     1
290
     0
176
     1
 90
       13
176
     1
 40
0.0
176
     1
 90
        0
176
     1
290
     0
176
     1
290
     1
176
     1
290
     1
176
     1
290
     0
176
     1
290
     0
176
     1
290
     0
176
     1
290
     0
176
     1
290
     0
176
     1
290
     0
176
     1
 90
       50
176
     1
 40
0.0
176
     1
 40
1.0
176
     1
 90
        0
176
     1
 62
    18
420
        0
176
     1
 90
       50
176
     1
 90
        3
176
     1
 62
     5
420
      255
176
     1
290
     0
176
     1
 90
       50
176
     1
 90
       50
176
     1
 90
       50
176
     1
290
     0
176
     1
 90
       50
176
     1
 62
   256
176
     0
 40
1.0
176
     0
 90
        2
176
     1
  1
strokes_ogs.tif
176
     1
290
     0
176
     1
 40
1.0
176
     1
 40
1.0
176
     1
  0
VISUALSTYLE
  5
2D
102
{ACAD_REACTORS
330
29
102
}
330
29
100
AcDbVisualStyle
  2
GouraudWithEdges
 70
     3
177
     3
291
     1
 70
    58
 90
        2
176
     1
 90
        2
176
     1
 90
        1
176
     1
 90
        2
176
     1
 40
0.6
176
     1
 40
30.0
176
     1
 62
     7
420
 16777215
176
     1
 90
        1
176
     1
 90
        0
176
     1
 62
     7
176
     1
 62
   257
176
     1
 90
        1
176
     1
 90
        1
176
     1
 40
1.0
176
     1
 90
        0
176
     1
 62
   257
176
     1
 40
1.0
176
     1
 90
        1
176
     1
 90
        6
176
     1
 90
        2
176
     1
 62
     7
176
     1
 90
        5
176
     1
 90
        0
176
     1
 90
        0
176
     1
290
     0
176
     1
 90
       13
176
     1
 40
0.0
176
     1
 90
        0
176
     1
290
     0
176
     1
290
     1
176
     1
290
     1
176
     1
290
     0
176
     1
290
     0
176
     1
290
     0
176
     1
290
     0
176
     1
290
     0
176
     1
290
     0
176
     1
 90
       50
176
     1
 40
0.0
176
     1
 40
1.0
176
     1
 90
        0
176
     1
 62
    18
420
        0
176
     1
 90
       50
176
     1
 90
        3
176
     1
 62
     5
420
      255
176
     1
290
     0
176
     1
 90
       50
176
     1
 90
       50
176
     1
 90
       50
176
     1
290
     0
176
     1
 90
       50
176
     1
 62
   256
176
     0
 40
1.0
176
     0
 90
        2
176
     1
  1
strokes_ogs.tif
176
     1
290
     0
176
     1
 40
1.0
176
     1
 40
1.0
176
     1
  0
VISUALSTYLE
  5
31
102
{ACAD_REACTORS
330
29
102
}
330
29
100
AcDbVisualStyle
  2
Hidden
 70
     6
177
     3
291
     0
 70
    58
 90
        1
176
     1
 90
        2
176
     1
 90
        2
176
     1
 90
        0
176
     1
 40
0.6
176
     1
 40
30.0
176
     1
 62
     7
420
 16777215
176
     1
 90
        2
176
     1
 90
        2
176
     1
 62
     7
176
     1
 62
   257
176
     1
 90
        2
176
     1
 90
        1
176
     1
 40
40.0
176
     1
 90
        0
176
     1
 62
   257
176
     1
 40
1.0
176
     1
 90
        1
176
     1
 90
        6
176
     1
 90
        2
176
     1
 62
     7
176
     1
 90
        3
176
     1
 90
        0
176
     1
 90
        0
176
     1
290
     0
176
     1
 90
        1
176
     1
 40
0.0
176
     1
 90
        0
176
     1
290
     0
176
     1
290
     1
176
     1
290
     1
176
     1
290
     0
176
     1
290
     0
176
     1
290
     0
176
     1
290
     0
176
     1
290
     0
176
     1
290
     0
176
     1
 90
       50
176
     1
 40
0.0
176
     1
 40
1.0
176
     1
 90
        0
176
     1
 62
    18
420
        0
176
     1
 90
       50
176
     1
 90
        3
176
     1
 62
     5
420
      255
176
     1
290
     0
176
     1
 90
       50
176
     1
 90
       50
176
     1
 90
       50
176
     1
290
     0
176
     1
 90
       50
176
     1
 62
   256
176
     0
 40
1.0
176
     0
 90
        2
176
     1
  1
strokes_ogs.tif
176
     1
290
     0
176
     1
 40
1.0
176
     1
 40
1.0
176
     1
  0
VISUALSTYLE
  5
3F
102
{ACAD_REACTORS
330
29
102
}
330
29
100
AcDbVisualStyle
  2
JitterOff
 70
    20
177
     3
291
     1
 70
    58
 90
        2
176
     0
 90
        2
176
     0
 90
        0
176
     0
 90
        0
176
     0
 40
0.6
176
     0
 40
30.0
176
     0
 62
     7
420
 16777215
176
     0
 90
        1
176
     0
 90
        4
176
     0
 62
     7
176
     0
 62
   257
176
     0
 90
        1
176
     0
 90
        1
176
     0
 40
1.0
176
     0
 90
       10
176
     2
 62
     7
176
     0
 40
1.0
176
     0
 90
        1
176
     0
 90
        6
176
     0
 90
        2
176
     0
 62
     7
176
     0
 90
        5
176
     0
 90
        0
176
     0
 90
        0
176
     0
290
     0
176
     0
 90
        1
176
     0
 40
0.0
176
     0
 90
        0
176
     0
290
     0
176
     0
290
     1
176
     0
290
     1
176
     0
290
     0
176
     0
290
     0
176
     0
290
     0
176
     0
290
     0
176
     0
290
     0
176
     0
290
     0
176
     0
 90
       50
176
     0
 40
0.0
176
     0
 40
1.0
176
     0
 90
        0
176
     0
 62
    18
420
        0
176
     0
 90
       50
176
     0
 90
        3
176
     0
 62
     5
420
      255
176
     0
290
     0
176
     0
 90
       50
176
     0
 90
       50
176
     0
 90
       50
176
     0
290
     0
176
     0
 90
       50
176
     0
 62
   256
176
     0
 40
1.0
176
     0
 90
        2
176
     0
  1
strokes_ogs.tif
176
     0
290
     0
176
     0
 40
1.0
176
     0
 40
1.0
176
     0
  0
VISUALSTYLE
  5
37
102
{ACAD_REACTORS
330
29
102
}
330
29
100
AcDbVisualStyle
  2
Linepattern
 70
    14
177
     3
291
     1
 70
    58
 90
        2
176
     1
 90
        2
176
     1
 90
        0
176
     1
 90
        0
176
     1
 40
0.6
176
     1
 40
30.0
176
     1
 62
     7
420
 16777215
176
     1
 90
        1
176
     1
 90
        4
176
     1
 62
     7
176
     1
 62
   257
176
     1
 90
        7
176
     1
 90
        7
176
     1
 40
1.0
176
     1
 90
        8
176
     1
 62
     7
176
     1
 40
1.0
176
     1
 90
        1
176
     1
 90
        6
176
     1
 90
        2
176
     1
 62
     7
176
     1
 90
        5
176
     1
 90
        0
176
     1
 90
        0
176
     1
290
     0
176
     1
 90
        1
176
     1
 40
0.0
176
     1
 90
        0
176
     1
290
     0
176
     1
290
     1
176
     1
290
     1
176
     1
290
     0
176
     1
290
     0
176
     1
290
     0
176
     1
290
     0
176
     1
290
     0
176
     1
290
     0
176
     1
 90
       50
176
     1
 40
0.0
176
     1
 40
1.0
176
     1
 90
        0
176
     1
 62
    18
420
        0
176
     1
 90
       50
176
     1
 90
        3
176
     1
 62
     5
420
      255
176
     1
290
     0
176
     1
 90
       50
176
     1
 90
       50
176
     1
 90
       50
176
     1
290
     0
176
     1
 90
       50
176
     1
 62
   256
176
     0
 40
1.0
176
     0
 90
        2
176
     1
  1
strokes_ogs.tif
176
     1
290
     0
176
     1
 40
1.0
176
     1
 40
1.0
176
     1
  0
VISUALSTYLE
  5
40
102
{ACAD_REACTORS
330
29
102
}
330
29
100
AcDbVisualStyle
  2
OverhangOff
 70
    21
177
     3
291
     1
 70
    58
 90
        2
176
     0
 90
        2
176
     0
 90
        0
176
     0
 90
        0
176
     0
 40
0.6
176
     0
 40
30.0
176
     0
 62
     7
420
 16777215
176
     0
 90
        1
176
     0
 90
        4
176
     0
 62
     7
176
     0
 62
   257
176
     0
 90
        1
176
     0
 90
        1
176
     0
 40
1.0
176
     0
 90
        9
176
     2
 62
     7
176
     0
 40
1.0
176
     0
 90
        1
176
     0
 90
        6
176
     0
 90
        2
176
     0
 62
     7
176
     0
 90
        5
176
     0
 90
        0
176
     0
 90
        0
176
     0
290
     0
176
     0
 90
        1
176
     0
 40
0.0
176
     0
 90
        0
176
     0
290
     0
176
     0
290
     1
176
     0
290
     1
176
     0
290
     0
176
     0
290
     0
176
     0
290
     0
176
     0
290
     0
176
     0
290
     0
176
     0
290
     0
176
     0
 90
       50
176
     0
 40
0.0
176
     0
 40
1.0
176
     0
 90
        0
176
     0
 62
    18
420
        0
176
     0
 90
       50
176
     0
 90
        3
176
     0
 62
     5
420
      255
176
     0
290
     0
176
     0
 90
       50
176
     0
 90
       50
176
     0
 90
       50
176
     0
290
     0
176
     0
 90
       50
176
     0
 62
   256
176
     0
 40
1.0
176
     0
 90
        2
176
     0
  1
strokes_ogs.tif
176
     0
290
     0
176
     0
 40
1.0
176
     0
 40
1.0
176
     0
  0
VISUALSTYLE
  5
33
102
{ACAD_REACTORS
330
29
102
}
330
29
100
AcDbVisualStyle
  2
Realistic
 70
     8
177
     3
291
     0
 70
    58
 90
        2
176
     1
 90
        3
176
     1
 90
        0
176
     1
 90
        2
176
     1
 40
0.6
176
     1
 40
30.0
176
     1
 62
     7
420
 16777215
176
     1
 90
        0
176
     1
 90
        0
176
     1
 62
     7
176
     1
 62
   257
176
     1
 90
        1
176
     1
 90
        1
176
     1
 40
1.0
176
     1
 90
        8
176
     1
 62
   257
176
     1
 40
1.0
176
     1
 90
        1
176
     1
 90
        6
176
     1
 90
        2
176
     1
 62
     7
176
     1
 90
        3
176
     1
 90
        0
176
     1
 90
        0
176
     1
290
     0
176
     1
 90
       13
176
     1
 40
0.0
176
     1
 90
        0
176
     1
290
     0
176
     1
290
     1
176
     1
290
     1
176
     1
290
     0
176
     1
290
     0
176
     1
290
     0
176
     1
290
     0
176
     1
290
     0
176
     1
290
     0
176
     1
 90
       50
176
     1
 40
0.0
176
     1
 40
1.0
176
     1
 90
        0
176
     1
 62
    18
420
        0
176
     1
 90
       50
176
     1
 90
        3
176
     1
 62
     5
420
      255
176
     1
290
     0
176
     1
 90
       50
176
     1
 90
       50
176
     1
 90
       50
176
     1
290
     0
176
     1
 90
       50
176
     1
 62
   256
176
     0
 40
1.0
176
     0
 90
        2
176
     1
  1
strokes_ogs.tif
176
     1
290
     0
176
     1
 40
1.0
176
     1
 40
1.0
176
     1
  0
VISUALSTYLE
  5
3E
102
{ACAD_REACTORS
330
29
102
}
330
29
100
AcDbVisualStyle
  2
Shaded
 70
    27
177
     3
291
     0
 70
    58
 90
        2
176
     1
 90
        2
176
     1
 90
        1
176
     1
 90
        2
176
     1
 40
0.6
176
     1
 40
30.0
176
     1
 62
     7
420
 16777215
176
     1
 90
        0
176
     1
 90
        4
176
     1
 62
     7
176
     1
 62
   257
176
     1
 90
        1
176
     1
 90
        1
176
     1
 40
1.0
176
     1
 90
        8
176
     1
 62
   257
176
     1
 40
1.0
176
     1
 90
        1
176
     1
 90
        6
176
     1
 90
        2
176
     1
 62
     8
420
  7895160
176
     1
 90
        3
176
     1
 90
        0
176
     1
 90
        0
176
     1
290
     0
176
     1
 90
        5
176
     1
 40
0.0
176
     1
 90
        0
176
     1
290
     0
176
     1
290
     1
176
     1
290
     1
176
     1
290
     0
176
     1
290
     0
176
     1
290
     0
176
     1
290
     0
176
     1
290
     0
176
     1
290
     0
176
     1
 90
       50
176
     1
 40
0.0
176
     1
 40
1.0
176
     1
 90
        0
176
     1
 62
    18
420
        0
176
     1
 90
       50
176
     1
 90
        3
176
     1
 62
     5
420
      255
176
     1
290
     0
176
     1
 90
       50
176
     1
 90
       50
176
     1
 90
       50
176
     1
290
     0
176
     1
 90
       50
176
     1
 62
   256
176
     0
 40
1.0
176
     0
 90
        2
176
     1
  1
strokes_ogs.tif
176
     1
290
     0
176
     1
 40
1.0
176
     1
 40
1.0
176
     1
  0
VISUALSTYLE
  5
3D
102
{ACAD_REACTORS
330
29
102
}
330
29
100
AcDbVisualStyle
  2
Shaded with edges
 70
    26
177
     3
291
     0
 70
    58
 90
        2
176
     1
 90
        2
176
     1
 90
        1
176
     1
 90
        2
176
     1
 40
0.6
176
     1
 40
30.0
176
     1
 62
     7
420
 16777215
176
     1
 90
        1
176
     1
 90
        2
176
     1
 62
     7
176
     1
 62
   257
176
     1
 90
        2
176
     1
 90
        1
176
     1
 40
1.0
176
     1
 90
        8
176
     1
 62
   257
176
     1
 40
1.0
176
     1
 90
        1
176
     1
 90
        6
176
     1
 90
        2
176
     1
 62
     7
176
     1
 90
        3
176
     1
 90
        0
176
     1
 90
        0
176
     1
290
     0
176
     1
 90
        5
176
     1
 40
0.0
176
     1
 90
        0
176
     1
290
     0
176
     1
290
     1
176
     1
290
     1
176
     1
290
     0
176
     1
290
     0
176
     1
290
     0
176
     1
290
     0
176
     1
290
     0
176
     1
290
     0
176
     1
 90
       50
176
     1
 40
0.0
176
     1
 40
1.0
176
     1
 90
        0
176
     1
 62
    18
420
        0
176
     1
 90
       50
176
     1
 90
        3
176
     1
 62
     5
420
      255
176
     1
290
     0
176
     1
 90
       50
176
     1
 90
       50
176
     1
 90
       50
176
     1
290
     0
176
     1
 90
       50
176
     1
 62
   256
176
     0
 40
1.0
176
     0
 90
        2
176
     1
  1
strokes_ogs.tif
176
     1
290
     0
176
     1
 40
1.0
176
     1
 40
1.0
176
     1
  0
VISUALSTYLE
  5
3A
102
{ACAD_REACTORS
330
29
102
}
330
29
100
AcDbVisualStyle
  2
Shades of Gray
 70
    23
177
     3
291
     0
 70
    58
 90
        2
176
     1
 90
        2
176
     1
 90
        3
176
     1
 90
        0
176
     1
 40
0.6
176
     1
 40
30.0
176
     1
 62
     7
420
 16777215
176
     1
 90
        2
176
     1
 90
        2
176
     1
 62
     7
176
     1
 62
     7
176
     1
 90
        1
176
     1
 90
        1
176
     1
 40
40.0
176
     1
 90
        8
176
     1
 62
     7
176
     1
 40
1.0
176
     1
 90
        1
176
     1
 90
        6
176
     1
 90
        2
176
     1
 62
     7
176
     1
 90
        3
176
     1
 90
        0
176
     1
 90
        0
176
     1
290
     0
176
     1
 90
        1
176
     1
 40
0.0
176
     1
 90
        0
176
     1
290
     0
176
     1
290
     1
176
     1
290
     1
176
     1
290
     0
176
     1
290
     0
176
     1
290
     0
176
     1
290
     0
176
     1
290
     0
176
     1
290
     0
176
     1
 90
       50
176
     1
 40
0.0
176
     1
 40
1.0
176
     1
 90
        0
176
     1
 62
    18
420
        0
176
     1
 90
       50
176
     1
 90
        3
176
     1
 62
     5
420
      255
176
     1
290
     0
176
     1
 90
       50
176
     1
 90
       50
176
     1
 90
       50
176
     1
290
     0
176
     1
 90
       50
176
     1
 62
   256
176
     0
 40
1.0
176
     0
 90
        2
176
     1
  1
strokes_ogs.tif
176
     1
290
     0
176
     1
 40
1.0
176
     1
 40
1.0
176
     1
  0
VISUALSTYLE
  5
3B
102
{ACAD_REACTORS
330
29
102
}
330
29
100
AcDbVisualStyle
  2
Sketchy
 70
    24
177
     3
291
     0
 70
    58
 90
        1
176
     1
 90
        2
176
     1
 90
        2
176
     1
 90
        0
176
     1
 40
0.6
176
     1
 40
30.0
176
     1
 62
     7
420
 16777215
176
     1
 90
        2
176
     1
 90
        2
176
     1
 62
     7
176
     1
 62
     7
176
     1
 90
        1
176
     1
 90
        1
176
     1
 40
40.0
176
     1
 90
       11
176
     1
 62
     7
176
     1
 40
1.0
176
     1
 90
        1
176
     1
 90
        6
176
     1
 90
        2
176
     1
 62
     7
176
     1
 90
        6
176
     1
 90
        0
176
     1
 90
        0
176
     1
290
     0
176
     1
 90
        1
176
     1
 40
0.0
176
     1
 90
        0
176
     1
290
     0
176
     1
290
     1
176
     1
290
     1
176
     1
290
     0
176
     1
290
     0
176
     1
290
     0
176
     1
290
     0
176
     1
290
     0
176
     1
290
     0
176
     1
 90
       50
176
     1
 40
0.0
176
     1
 40
1.0
176
     1
 90
        0
176
     1
 62
    18
420
        0
176
     1
 90
       50
176
     1
 90
        3
176
     1
 62
     5
420
      255
176
     1
290
     0
176
     1
 90
       50
176
     1
 90
       50
176
     1
 90
       50
176
     1
290
     0
176
     1
 90
       50
176
     1
 62
   256
176
     0
 40
1.0
176
     0
 90
        2
176
     1
  1
strokes_ogs.tif
176
     1
290
     0
176
     1
 40
1.0
176
     1
 40
1.0
176
     1
  0
VISUALSTYLE
  5
36
102
{ACAD_REACTORS
330
29
102
}
330
29
100
AcDbVisualStyle
  2
Thicken
 70
    13
177
     3
291
     1
 70
    58
 90
        2
176
     1
 90
        2
176
     1
 90
        0
176
     1
 90
        0
176
     1
 40
0.6
176
     1
 40
30.0
176
     1
 62
     7
420
 16777215
176
     1
 90
        1
176
     1
 90
        4
176
     1
 62
     7
176
     1
 62
   257
176
     1
 90
        1
176
     1
 90
        1
176
     1
 40
1.0
176
     1
 90
       12
176
     1
 62
     7
176
     1
 40
1.0
176
     1
 90
        1
176
     1
 90
        6
176
     1
 90
        2
176
     1
 62
     7
176
     1
 90
        5
176
     1
 90
        0
176
     1
 90
        0
176
     1
290
     0
176
     1
 90
        1
176
     1
 40
0.0
176
     1
 90
        0
176
     1
290
     0
176
     1
290
     1
176
     1
290
     1
176
     1
290
     0
176
     1
290
     0
176
     1
290
     0
176
     1
290
     0
176
     1
290
     0
176
     1
290
     0
176
     1
 90
       50
176
     1
 40
0.0
176
     1
 40
1.0
176
     1
 90
        0
176
     1
 62
    18
420
        0
176
     1
 90
       50
176
     1
 90
        3
176
     1
 62
     5
420
      255
176
     1
290
     0
176
     1
 90
       50
176
     1
 90
       50
176
     1
 90
       50
176
     1
290
     0
176
     1
 90
       50
176
     1
 62
   256
176
     0
 40
1.0
176
     0
 90
        2
176
     1
  1
strokes_ogs.tif
176
     1
290
     0
176
     1
 40
1.0
176
     1
 40
1.0
176
     1
  0
VISUALSTYLE
  5
30
102
{ACAD_REACTORS
330
29
102
}
330
29
100
AcDbVisualStyle
  2
Wireframe
 70
     5
177
     3
291
     0
 70
    58
 90
        0
176
     1
 90
        2
176
     1
 90
        0
176
     1
 90
        0
176
     1
 40
0.6
176
     1
 40
30.0
176
     1
 62
     7
420
 16777215
176
     1
 90
        1
176
     1
 90
        4
176
     1
 62
     7
176
     1
 62
   257
176
     1
 90
        1
176
     1
 90
        1
176
     1
 40
1.0
176
     1
 90
        0
176
     1
 62
   257
176
     1
 40
1.0
176
     1
 90
        1
176
     1
 90
        6
176
     1
 90
        2
176
     1
 62
     7
176
     1
 90
        3
176
     1
 90
        0
176
     1
 90
        0
176
     1
290
     0
176
     1
 90
        1
176
     1
 40
0.0
176
     1
 90
        0
176
     1
290
     0
176
     1
290
     1
176
     1
290
     1
176
     1
290
     0
176
     1
290
     0
176
     1
290
     0
176
     1
290
     0
176
     1
290
     0
176
     1
290
     0
176
     1
 90
       50
176
     1
 40
0.0
176
     1
 40
1.0
176
     1
 90
        0
176
     1
 62
    18
420
        0
176
     1
 90
       50
176
     1
 90
        3
176
     1
 62
     5
420
      255
176
     1
290
     0
176
     1
 90
       50
176
     1
 90
       50
176
     1
 90
       50
176
     1
290
     0
176
     1
 90
       50
176
     1
 62
   256
176
     0
 40
1.0
176
     0
 90
        2
176
     1
  1
strokes_ogs.tif
176
     1
290
     0
176
     1
 40
1.0
176
     1
 40
1.0
176
     1
  0
VISUALSTYLE
  5
3C
102
{ACAD_REACTORS
330
29
102
}
330
29
100
AcDbVisualStyle
  2
X-Ray
 70
    25
177
     3
291
     0
 70
    58
 90
        2
176
     1
 90
        2
176
     1
 90
        1
176
     1
 90
        1
176
     1
 40
0.5
176
     1
 40
30.0
176
     1
 62
     7
420
 16777215
176
     1
 90
        1
176
     1
 90
        0
176
     1
 62
     7
176
     1
 62
   257
176
     1
 90
        1
176
     1
 90
        1
176
     1
 40
1.0
176
     1
 90
        8
176
     1
 62
     7
176
     1
 40
1.0
176
     1
 90
        1
176
     1
 90
        6
176
     1
 90
        2
176
     1
 62
     7
176
     1
 90
        3
176
     1
 90
        0
176
     1
 90
        0
176
     1
290
     0
176
     1
 90
       13
176
     1
 40
0.0
176
     1
 90
        0
176
     1
290
     0
176
     1
290
     1
176
     1
290
     1
176
     1
290
     0
176
     1
290
     0
176
     1
290
     0
176
     1
290
     0
176
     1
290
     0
176
     1
290
     0
176
     1
 90
       50
176
     1
 40
0.0
176
     1
 40
1.0
176
     1
 90
        0
176
     1
 62
    18
420
        0
176
     1
 90
       50
176
     1
 90
        3
176
     1
 62
     5
420
      255
176
     1
290
     0
176
     1
 90
       50
176
     1
 90
       50
176
     1
 90
       50
176
     1
290
     0
176
     1
 90
       50
176
     1
 62
   256
176
     0
 40
1.0
176
     0
 90
        2
176
     1
  1
strokes_ogs.tif
176
     1
290
     0
176
     1
 40
1.0
176
     1
 40
1.0
176
     1
  0
DICTIONARYVAR
  5
4E9
102
{ACAD_REACTORS
330
4E4
102
}
330
4E4
100
DictionaryVariables
280
     0
  1
1:1
  0
DICTIONARYVAR
  5
4E6
102
{ACAD_REACTORS
330
4E4
102
}
330
4E4
100
DictionaryVariables
280
     0
  1
STANDARD
  0
DICTIONARYVAR
  5
4E5
102
{ACAD_REACTORS
330
4E4
102
}
330
4E4
100
DictionaryVariables
280
     0
  1
STANDARD
  0
DICTIONARYVAR
  5
4E7
102
{ACAD_REACTORS
330
4E4
102
}
330
4E4
100
DictionaryVariables
280
     0
  1
Imperial24
  0
DICTIONARYVAR
  5
4E8
102
{ACAD_REACTORS
330
4E4
102
}
330
4E4
100
DictionaryVariables
280
     0
  1
Imperial24
  0
DICTIONARY
  5
1A
330
19
100
AcDbDictionary
280
     1
281
     1
  3
BUMPTILE
360
1C
  3
DIFFUSETILE
360
1B
  3
OPACITYTILE
360
1F
  3
REFLECTIONTILE
360
1E
  3
REFRACTIONTILE
360
20
  3
SPECULARTILE
360
1D
  0
DICTIONARY
  5
12
330
11
100
AcDbDictionary
280
     1
281
     1
  3
BUMPTILE
360
14
  3
DIFFUSETILE
360
13
  3
FBXASSET
360
CB
  3
OPACITYTILE
360
17
  3
REFLECTIONTILE
360
16
  3
REFRACTIONTILE
360
18
  3
SPECULARTILE
360
15
  0
DICTIONARY
  5
22
330
21
100
AcDbDictionary
280
     1
281
     1
  3
BUMPTILE
360
24
  3
DIFFUSETILE
360
23
  3
OPACITYTILE
360
27
  3
REFLECTIONTILE
360
26
  3
REFRACTIONTILE
360
28
  3
SPECULARTILE
360
25
  0
DICTIONARY
  5
4EA
330
65
100
AcDbDictionary
280
     1
281
     1
  3
ACAD_ROUNDTRIP_2008_TABLESTYLE_CELLSTYLEMAP
360
4EB
  0
XRECORD
  5
1C
102
{ACAD_REACTORS
330
1A
102
}
330
1A
100
AcDbXrecord
280
     1
270
     1
271
     1
  0
XRECORD
  5
1B
102
{ACAD_REACTORS
330
1A
102
}
330
1A
100
AcDbXrecord
280
     1
270
     1
271
     1
  0
XRECORD
  5
1F
102
{ACAD_REACTORS
330
1A
102
}
330
1A
100
AcDbXrecord
280
     1
270
     1
271
     1
  0
XRECORD
  5
1E
102
{ACAD_REACTORS
330
1A
102
}
330
1A
100
AcDbXrecord
280
     1
270
     1
271
     1
  0
XRECORD
  5
20
102
{ACAD_REACTORS
330
1A
102
}
330
1A
100
AcDbXrecord
280
     1
270
     1
271
     1
  0
XRECORD
  5
1D
102
{ACAD_REACTORS
330
1A
102
}
330
1A
100
AcDbXrecord
280
     1
270
     1
271
     1
  0
XRECORD
  5
14
102
{ACAD_REACTORS
330
12
102
}
330
12
100
AcDbXrecord
280
     1
270
     1
271
     1
  0
XRECORD
  5
13
102
{ACAD_REACTORS
330
12
102
}
330
12
100
AcDbXrecord
280
     1
270
     1
271
     1
  0
XRECORD
  5
CB
102
{ACAD_REACTORS
330
12
102
}
330
12
100
AcDbXrecord
280
     1
 70
     1
 90
1959938040
 71
     1
  1
FFC0CF49-C4C5-4DED-BFE8-5634FCE05FEC
311
504B03041400060808002758A65828D94F7F10010000A80100004F00000041433043333044302D393837352D343046432D394334322D4637344434384434323538332F4173736574446174612F446566696E6974696F6E4974657261746F7250726F706572746965732E62696E7D504D4BC430108D228807450F7AF6E03526
311
A6E9361544BAF9F0A217FD01126BDC2D74BB4BD3227BDBA37F707F8FCE608BE8C107930C2F6F66DEE48310F2390052B203B181F310EEBBD084B62A9FCA795878B20FCC747DEFD7A1BDC0540B61AFB2949A42192A5591D2DC084B4D9EC84C4C0C975CEF820ECB4C78F37DDD61CF872A96A1AE7D13967D3C01621872BEF01D0C
311
F3F525161D103C3710848C0F113BCDBE2DA1CB7708FFBABABEF53186EE86159AEB841B4E7305AE24779AE65A0AEA3269A43252A42A618F212EFBB60C9139077A2773AAA506B9B1864E9D55349D24D269CB536735EBE6F835A730A95FBC34BEAA19678385E75533037E049AFB8DE3ED112EF107A36E0F78DCE20767FFEABF00
311
504B03041400060808002758A6587894A6F3F9000000300200004500000041433043333044302D393837352D343046432D394334322D4637344434384434323538332F4173736574446174612F496E7374616E636550726F706572746965732E62696EEB606060F80F0540260323103700495E20ED9E9A975A94991C9C9C91
311
9A9BA8021470737336707633B1D475367136D535717175D1757273B5D035353336717376353075737566476804693136042A3332B5D435353131D635313332046A7172D13534373670367376B67474B5042A03DBCBA019D37FE8ABC6157B20CD04146B0062181F4C03F940F0C11E2409D1C1C020E0C02000E242808A038C85
311
83FE600F9580337028045AC300B4871928DD805002D3F5006A0C0F420A89050A4F840C4C0F9202283365A703A620B208C40D2011909126C85248EC0FF62C401E28E6F88038B83CB1243943D7A928312F25350524830D80A2891880AE0E00504B03041400060808002758A658B5A795FFE3790000DE7900006B000000414330
311
43333044302D393837352D343046432D394334322D4637344434384434323538332F5265736F75726365732F46464330434634392D433443352D344445442D424645382D3536333446434530354645432F7468756D626E61696C2F302F67656E657269635F706E6701DE79218689504E470D0A1A0A0000000D494844520000
311
01000000010008030000006BAC58540000000467414D410000B18F0BFC6105000000017352474200AECE1CE900000192504C5445818181B3B3B35A5A5A4848486060605C5C5C6464648383835E5E5E6262624E4E4EAFAFAF4A4A4AB5B5B54C4C4CB1B1B1858585B7B7B7585858ADADAD7C7C7C464646787878ABABAB747474
311
A7A7A7686868707070B9B9B96E6E6E6A6A6A8B8B8B666666545454565656A5A5A5505050A1A1A1BBBBBB8F8F8F9F9F9F4242425252527676764040403E3E3E9B9B9B7A7A7A8989897E7E7E9393939797974444448787873C3C3C727272BDBDBD3A3A3A6C6C6CA9A9A9A3A3A32020209D9D9DBFBFBF8D8D8D95959591919126
311
26269999992222222424241E1E1EC1C1C1282828C3C3C32C2C2C2A2A2A2E2E2E303030C5C5C53232321C1C1C363636383838343434C7C7C71A1A1A0E0E0E121212484A484C4E4C1616160A0A0A4A4C4A787A781414147C7E7C9193915E605E464846838583878987B1B3B18587856668665A5C5A626462818381A7A7A5A3A3
311
A1B1B1AFADAFAD7072705C5E5C9D9D9BABADAB7E817EB7B9B7585A58BBBDBB4C4C4A8D8F8D747674B5B5B3B7B7B59FA19F606260ABABA9A5A5A39B9B99A9A9A78F8F8D6C6C6AC7C7C5451AD12700002000494441547801DCBD89771BD7B5A70B8EE04C702641712605CE034890E220088028C93245451215B713AF388E7DFD
311
9EEDB8DDCE6ABFF4B57D97137BE50FEFEFDBA74049B6AEED74869B7E87404D2814EBB7F76F0F67A8835CEEBFA0E42B854AA5B2BB5B6BCC951A8D52A93657A914FE0BEEE39FFE2FF395B9B9C6CAD2D4C4606F4B7FFF8D1B37EEDCB97587F7CD9B4343BD134BABE7DB48E3FFA7A228ECD6F6574E4786C0FC8B5FFCE2CD5FFCE2
311
97BF7CF3CD5FFC92B52FFE58BFF9E69B776E0EF5F79E55CBBBF9FC3F5D3DFFB07F5898ABAF7CDA3B74E74EC0CE20230561BF096E97E05712BFFCC59BC80539DCE83DDD6E54FE61B7747DE17FB8980BBBFB2BBD4337DF487881AAE6C5ACC6AF25207877B2B527BFF1CB3B77FA47561ABBD7F7FA7FE146A5B6BD74E3164C7F51
311
449AE95DB412200EC539418717E7F2F11B376FF62E95FEAF1442BED0581DBCA1BD2780D23F506AFA16E1A7AD974EF17876F00DD7BCB187A1A97AE51FCED5BF2BC1F2BBE5B3C19BE27B43CF26DE00933658FE129B109C2FFF922CC22C4260FA01BEFB462A77DEBC35F42F600C3F5B0795D2E9E02DAD5E650B4438A92801B65C
311
35CBAB7B1EE5041CE69D3B6F1822DFB873EBD6AD3B6FBC71EBC6C86AE967DFC2DFA4CEBFF1BF54F6276EBC114E2F43FEC60B01A0D440A868B2920E5C4BC10D60931ADCB871F3268B21D3851B08E1D6AD9BFD4BF57F7577909FAB86F29B982571136AF01DF5FE32AC3BD9406CAAF2440A54CF176EDD01FBADA1FEFEFE21FE4C
311
9858DFF4183458A9FD2B6708A5A5A137E0EE1D11A9EC0C7C58B2C73C0AD6B479BD76B7790CF899E287FA5B06FB7B07C9195B7851FA8794031EF1FC5F9406BBFB23375420286399B631E93B08022A785C4DBF9996EC3551874094D71B6F487E80F6837E50F483BDBDBD83232323AC420A18C68DA196EDDADF68A77F938F78FD
311
972BABBDB7B87FB164AC6FC2CB760365821ACB74AED44FFAD7E7431ECD7E08AC421F391D199998989A383D9D98E8E56F84A318C58D9BFD2DAB73FF5222C8EFAEF4DE7AF30D756E5108683DA471E70D0502099A7240F19E4089D3FD203E620F1B47BF43501E85031AE44B4B9F2E4D2D9D4D51D8970983FA861B3706FF950CA1
311
70DE82F6B312CC4F42C8966295F7D725ED29882415DC055F36DEA1FE96FEC141493F05FAA9A9A5A595B333DED5B3D5A533F62183323032F46EFF13EA0AAFA5FBF7C8976F8C10F7280A014832593B90004D52341980D907EAEB73411EB2F1EBC9F507F92746C40E7AE0AFAE54292BAB2BAB67CAE0746264A277B06508168C94
311
BF772BE9765F7BF0B548FE1E07F3B5A521340A5CB5297C4B12811B89E82191ECF3E41B3259C529F135E23CF4C7F961FB13537F5A02ECCAEA76B5BA5D3D3FDF3F2FEFEFB3AA22053E5008833428DC6C59FA2F770595F311F235D427F379BB8A121BD901B96076A388DC4C3C61C7933CCCD770FF375A6E0CE9F535FE2534BF5A
311
DD3E3FAFD71BF57AA951B6D4CFEBFB8864758A26154430080B06ABFF557610ECC93726224F155D1471041E0D42F82F4891C926C1355B0831649FF365F46FF05300A7A790BD8ADEEB0D4AA9569A9BDBADCCD56AA55AE377F5F3F3EA2A34983A1DE91D810543138D7F28E57FF4E2B5335A3928B76EA1CB9B00BF158C8F63A2E7
311
88826896D0B5E7C461949ECE089144F8EBEFC7FB4D8C9C4E9DAD60F7FBE572B416C2F2423ECF8B86C439E450DA970634ACFDA977629098D0B2FAF313A36B3869E37AF7853378CDA1171FBEBA95DF1E44FD5144A420588641B0055A79ED91CC0DC41E27064512FB33F1F04D09D0D2DF0203A646A6CECE80DF28356A348CED8C
311
4F1EF137B9319E1BCD29867CA556AA97F7B757567006A447FD375A26CAAFDED9CFDCFB2BB0BEEE8AA5911BC2C7F85DF88A3775389990AA72219D582409210F85A4E66F2987D875C30848023088FDF77E87F96FD7CBA5B9DCCEF4F4C9FC7C676777577B7B7B67E7ECCCE4E8DEE85E81A6D55AA3BC7FBEB242589CE8ED4770E7
311
85D7DDE23FF2587EBF57F50B9E820527316488E5C32D50F979BCA58207297E2B6D658702FFCD211840FE43FC9F3A5BAD9E97E6F21B9FCF16BBBB3A3A5A175B5B1787875B5B3B86DFEFFC687A72674F19D46A8DFDF3EACA59E405375ACE76FFA922C817CE86A89BDD92F400F2C55B7462F610459837D3A61ACF50C7471C8F2F
311
2A9D38C3DA2F068007F80EFCDBFBE5DCC674B1D83EBCBEB8BCBCBC3ED0D3D333D0B3DE33BCBEB0D8DA35FBF9F8CECE68AE020BCE61C112A4C1138CD47F9AD13F7DC6AB9CF9CFCFAF9D0E01FFE6CD503F5B91C5218E2899CA15098714848B04FCE5654884ABF0E554F11F6C21D73D5D5AADD64B7B9327DDAD8B0B7D7D6D6D07
311
070763BC0F3E38E8EB4310EBEB8BC3DDB347E3E37B5842B97C4E44A0C630427E5CFDFB71E03F471E12CA9FF70E055AE141042DD81234B879EB4606361D9328149037D7D76A571A7E974FA20AD0323832713AB5BA7ABE3B3E3D3FBC30307070B0B9B645D93C3CDC3CDCA41CFC6AAC2D64D0D579B4B1B397A7C1BDBEBD7D3665
311
7A3CD4B2F44F4909F2B9CA597F4245C59DEC354316F0587020D0C661742BC02869435FD12CF195C422DB3C5A3E2305C000CE6B7B27ED8B7D63079B5B5B878787C787C7C7C757C76C51B60ED60EDAFA06D67B965B3B672677080BB5329E60E9B477847AE2E9EB53E35779FD37EFCD2D0DDD68AA355B6B0D81860502B8B68C80
311
1F5C697E9AD62F4B406244CB975560BAC756AAA577675B07C6D03778C17E7C95CAF1B3ABABE3E3ADADE3CDB1B1B6B681014470343EBA979F8B90383545727C63E43549D14FD0F927E5F1FDEFD7263058FE02EBCD1BDCBCA053496BD58E69BC44F9F854D4D979AE9ADB908824382AC1D4014E9756EAF9CE85B6B54DB01F02F8
311
EA5908E0D9D5F1B3E72188C3C3AB67879B07C8A0A767B8B831FE5E7EB754DEAE5261460243FFF07858D8EF0D658BDC563A2C5EF5833C13C90B69248C4DD97842B61DFA7F210A2F6108A0F96B62E2D3B3F3DD939EA47E30ABF5AB2B903F4BE5F9B36757CF65021E616DAC6F60A1FB647274B4B05B2E5341B082D43278F67D8D
311
FDA48AFF9A13F22B34C7586C9992BA6E66CABC190E313E7C811AA57304B421A75B289B9D174CC868C24548823E230B9A5A2DCD2CAFE1F98E61C015CA7E96B083FC59F3ED06EE60F360B3AD6F79787ED278D0A86FAFE00BA9220EAEFE1D5DE1F7855939C3FCC1332426B377F692406E022C010DB437EF009803F0DCFD3B7C94
311
440571D8F2C328F115F47FD324802070BAB43FBA80EFDB92FCA1F7E7CF9FA875CBB327CF9EB08C4DE4815BC4210E2CB7CF1CEDECEDCED5B757490968286899FAF95583BF46F9393CEE6A86D6F618CAAD9BFF0BE22B042412C5CFB50556815CC5BBE33E9F61ECEC26A9BCB8145FD10590078F9C9E953B513FAE1FE387FAC246
311
E14F9E3CE7F5F8194BD6594140876B6B84C5D6799C61A16434201E5237582AFD75C07EEED9863F463284E2E13425A036BD41061259289B6BDC1ED656FC8B8592C9D00701E27CEA749F0D8EF44EAD8C1F80FFF8F8F9D513191F6803384C800097F24069C407CFAE88136B7DCB3D5D4A60B711F19070D83235F77331FD35E715
311
966889038E2E0B346EAB7936C4162043E1A1F144093695443A570144898BC4079CEF1912809A3035A1D3F361235F90FFF1E3E0FB93C7E2750719F88E7D8E68123883ADB5B18185AE99F1D11C1238A792DC4BEDE8EC6FF503DF377E0445F68FAF4E08D43082D02170F30131A154206CC559A8D9CFDD762B31273E4947A581E0
311
D9BB71E33FFA07CD02CE2A6BE1EC80167497F2A81CFA3F7EFE58D0CF5D5D170DE4F89070B0BC4040CC17BEAC6B0586C3D3FF0309BC06F44B04A1E13729929B4DF73C44070692C810B08AC3012E8EE9EAE22067796288C193B2139B970B86F47FAD0F98382B1E035D9C32FD318A4FAFCB274F2E1FA772F94411B0CD42493C23
311
393A685B5FEF3E1ACF554AF5F3552A478383374E6B2FDDFC4F6DFE38F4F4ED7A7FE838F488EA852482F412D3CB07E293D02C9F074F12E84C5AAC423271450572A385449844706475FD38DC3C22486A0639E5F1E38B0CFE93CB4B25910EF309A2224BD8DAD40C682C28341AD69047E8539A6AFC14EC573F7FAD10AE0FE6EB13
311
E87B28E093B513B5803514DE408809BC12A14876DE0A25F643009E9176D9F0C330164285A7444DC8CAF0E9FE41429EE0A2F6A6DE91C0856C501272404A8468822E24C807030B1D33D40D4AFBDBABB411D093D88C86D7205E05FC57EDD1F805FA4CED5920F0CED39157E007CE21757C5DE440ECBCB46CD283E378029B43FB07
311
7B4F47E60E9F61E8D01BE017D7E843EB49F50A2028F1E442FCC90C9EE308E4C0C2C94EAE30B75FAD3A0EAFA57FE9EF960F14BE15638840EAF3BA490BB6850EDB38EECAFD21A0C746D0C4234DBD035EFC7EDD121FA585FAB73DB89FE6A03CF833AB0730E5E2F1A36CE3F202A128934B44E396961121E1F2C9F32BFCC0C140CF
311
E22C1CA8E109B182919696BFB98120234F61B59F7BF46EC30CF067B21A33B0FB3E402448EE266CCD93135A8E823DB31F85E677434E608F53F8100BC0098EA2FD6BC01770E0F2F2D1E5452A711C4BB8486248FAD756D852026B6DC90A2AA5C6B69E9068B8F27AFABFFEE8AB36F1D23985D5960014FD711940800B560250D227
311
2CC54FF1D3A660B275AC3881E349689C1616E1E9044129D032313509DE4700BC867C71F128C400159407C761022BA8A040F40A244788808C60B3AD67A17576279F6F946923191921B0545FC2F12AC0EFEFBD7262B6935679FC7F80629160ABFAEC88E8430E76D82A8DE62ACE50BD4A42FBF03B387B37FD321B37E31C3F063D
311
99703F5160E6C9E5A300CF32A91E0A085A29C0FC507F6C21012303C6104B82C1F1E156DB3229D1A855A32A8352C9077AF733A0AFE0FB3EF81FDF2F0F82C21B0EB06998866878B103305E31EC17F4FD43831E570A2118D1667632D4FFFFB125782F96168A833DBE78C3F11F8383A79D49F58F1E3DBC780417AE6581381E8610
311
604888E2913E12492881274822C221AD04CB0B1D273B8542837460898C686864FF6F801E8269F40AD0481DFAF5E6E9C1F3BE391C325004DF0746A4E4448F7B52C0D5EAD39EC46896B888C4210D68E99DFA2820DF7FF850EC407EB55C3EBC5028611409BFCB8889C90F1C52355AEF98B18100094C9D0EF6F64FD47E5CBF3FF5
311
293DDFB4B50DDD54F351446FA1F14580DC3902C085F593CB24ACC917B213BBC11B3F0A61042FD8B24F4FB9C4556D0CB9E1A880DE89934CE9607F18F81FDD950DD0E1D143F41D56110E227C250621FF098838042BC85B5B6BCBCBC31DD37B34966E9FFD9936A2FEFEA9EBA4182E5CD3E17AE35501FCE0707E5525A7DBC64DFD
311
077825BE37CE0BBE1BBEC061410C660B6E49912665E2B3749C7C9F93834022F74CDE6CA5EB501D9CBC04B768292C5CCB84478F3CA83074092C6082169015E5800D5839DC6C1B58EFE83ECA513BDE3EFB8EF1242D2D4B3FD55AFE03D42F8492AF8A3F21444FA2FA9ABBF525EAF84C09F0168527B0138A85D1EC0443C467B28B
311
F844EAF76323BE13D7C11F72FED783837B970FEFDE7D7817E077C17EF7E2A1C2C0FE851FE4C008388C15E818958746129E1009D054B67530D6B3D8DA3D59D82D9D57CF70039FF50FFE0DE94089DB269C3655A4F25B38C49D0BD48E59F1526887C18FC5272197F85CA72862A593A4843CD25F920487DDF7AA0441A2C0600D06
311
2001F103FCEEA3D8560CEC3EBACB01CAE5A51E420349F602191E5F901893142381351CE17047E764BE50DEAF9E4D8C38B6ECFFACEB141E54A6865A88A60133EE9CBB4C256930B0B168C1C3AB59FE1743FB422C7166082E934AFA5EFA3E4BCE0B69362FA7041818B7FDECE1DDFB4D022007CA23E521F0700AAEB5888BBBF080
311
23E128B4045381542FA256B0D04E28A0C3804E233A1BFB476A2F48FD135BAF9843BEDA3264EB42BA499601F16B566E72C7EA35908ABCB9176BBED43204C696AFD3D7B24B08D3AFA44BE243D88A6D9D0B6562B52F741E1610C0EFBBAF2B0829289A640EC4C8A4FF66A24430786CEBE1E1E61AF9507BFB496EAEB64F8F49B412
311
9EBDEC065EC1F8A3F228A3CD0950883B41BEC6D1944AE06147289600A7726313AC69A3F91197F1438BCB743E76F01F6EF1D1C854071670FFFE43FF1EDED702EE5A14C85D0C42DF90B86068800659AC88981855E3E774A71C0CAC2F76754EE7CC87C808D1E1E0F6CF47FD4224731337BE1E39C5010823EE997B1491BBD99FC8
311
D8EF77482BEB5EB2CF66499A8E0F7511B19B3EFBDACB6507BC78731B1B383D02FFDD7BE8DD9256F7D0BA7B46015941097B80018F700FFA024CC08078F51806100ADBFA163ABA8A3B95B9D2F92AC30BC908ED31FABE0CBEBFFF0279B675868F9AA24E9530B08C174055B7F48E4F58002F3E82F0BDFA003E8B431EB6C4A91E4D
311
9B5FFB791265BA8827BBE5F1BCFA7F789F72F75EC800F8AE43FFAEC42F13009FB905A9A0132015D0068ED7682AC608BA6771038DEDB3B33082891FAB1ABF5614F93238079726B833958796B845B731FCB86316713C1DC581B1E19B424EE32674093F80776F7E27C6FBFAC85C536CD955B96EDA2A3FBF770FF4BE11845470EB
311
3E42D022000E0FE07D161811020742162444668308801E133A4C163BE68F6826A5523071CA78B2FED51F28F8C70FE4190073A3E5D3259D7A288CD19BDE623F10021BAB0C6E327FD507B2741627727EA00D31856492F9F009D7F152D930704E642795C1C1B336E0DEBB7F0FDCB79318543B25341F36802D64A981A690B94259
311
607DE0B19D466BF8C1C5E1CEF9A3FC5C639FD6117B4BAEAB453F8EFBDA500A67E8BAF76C8A06566E36EE1184E8329419161F83D843D5DE7D8221163E145F56921C3EE383978072129E290A9B7166E63D26BAB1FCDBF710009E4051842390031845F20077CD079407C575F20364C4910ED2A574BC357630B0BCD8DE39335EB1
311
75646A698458F6A346F003A93002E846FFE0C459B8006E506D79BF902908A0AA05CB5E73530E33BA1D3C2EF99C712B7C8B41DF4D2A7830BE8707485FCFAEEB85A09AB6D39BBF7B4F23E00509C20DB04E240822A4B810E04D8D53D10D504C059ED86BB8697F514777717A8F8144D48A4C89077F7EDB00E2D89DC02A7B975640
311
A282C49A4AA84B70B12BFED8EA6584860DFB7EE23FCB00C6BAF7332FF259FA3C9346508813E372F1DDE425065BB61FDF8300F7EEDDBE8D0C6EDF46F7D8823478590AE23759D60DA6B7A9F125EDE8F4A5D2B37470D0B63C30DCDE3D3D59A8D1501EB1B0A5377517BDD6E301F995E3F955F0F58FAC2E81CE172A8344AC03DC67
311
81939D2484B8FFC15E8F3ACCD3954CE19576B942D0A029188EC7013FE59AE90B71292DE774F1F63D60230180B30A2EDC65291B6211B4081128856001A680015CE000708254891851D4B3BED0FA4D7166B466BFF1D2A924885AD12B387FC0FCE6819AC3AE06A7AA4B715F0927B74D119D4A668FB54B8A8C268D8B038A207D10
311
A7B1E95E42195B695BE0240F7408B311257C23F581E987C180140C584A02B1670CB817CEC0A080F259F1360E58452013200E3EC107AC1DF4FD7B0F6D23F33347F9527D9F51E6138E31AF35F1BDAAEEEBA3D71BB402E2FB47CECEE96B4DB85536772B07C82A34F3E66D0BCEC207FEB9E70643761276F7B50D5EE963CFF80C7A
311
F4A2130F5BF8C4EBFB5F07B709840480DBD8007FB7EF3F90104908BA457D43AA2A6A02C91422285E5AAC143F3313A0CB74D9D164933B86C25587134E8D342B453FC982860D09FD13ABE72055ED020E85D3E312F74C25CB0293D978A1C4001927C80B86FD06349126EC219F0C735C8053D8F5F310817EA01F1B7851F406144C
311
211C6362C27DD51F1E310C0102280ADB891E9B085CC528A2B1369A46BA195B9A2B351862CE43174BA73FB7CBB430A5798F4C54B7333B96C3224A9863AD02B9FBD8E63092191924E77C199D92887DA594B6DCF0112857162FD0949FE6A441F5E62E42FB2105BC405A2301A3424601DC807912CB2C39C604A27908021CDA30C4
311
C8C2019A883B3A8BD393BB3546136EAF561980FB63E9E035FF73B96D09A905ACB2C11D79571C5159026227DDBDB81396EB03F14100BEB66DE1FA9EF82C3ECCBE318119C4269FD014E66361FC8BB0B4EA9A98EF3D8848A01360430284335004C183CC25BCA82D2302EB03B8419241C64DF4F5ADAF77B533BE786334BFCBB8DA
311
72BDBEFFC36103AFB30608A0B39B58D93F0BF42180841DD26BDC22CF0A770E90240006BAC65197D90920131C7B2EB3CFD3C71C6378A305EE8488FC1FF8D391E2BDDB0F6E3F45E7C8207C419800DB410073A3173942CA8D5242642A74496FF115832A6314D9FA4257577BF7FCF8F8E8CEE8DEDE5EBE76DD3CF892BA7FB8B90F
311
629431B5525E92A15A3A4A6FEA3FDD73136172060959206591F4C927196CF645AA285CF3014630121754261C0D31E1A7E3DA2DBDB54B04703BDE3A4209F02045C4BB0F529A14BED07098A2A1CD47513DA64B512F409BC01663090796D787173B5AA141B1B39BB470EEBCF1E30F9D263ACC4D05110797CEF7B923B027F089F7
311
4D1D06F0A4D8C0CDA6604023FCA45B76C5CDE0BF3845ECBE13E0C0ED73700A8A753C1AC8AEFFF1B407FC8A20F42F0D94019121DE304077A027D4112283BB8FF0072444D68AAD111D6F591BC0061854BBC048EBBE9E81F6A33A95C21BFD13AF3C7E7DCDFFEB0DE8903F77B41DF178E99C289895B0EA8CD640549D68935BA7C5
311
294E0A1D66DA0CC419BD398E6265789CA1241441AC94532A3C19C95340BEFC68703077EFC1D307B71F3C500859C11494838E902203A2BE90EACC5135B80B078804340C920C2300BCC06F7A1C71B875DC572C9BD1D84BD5FB9363CA6BA7D03E5C40FDFC54FC23C9B4B9DDD028787D89219038523BF64E638BB37CC25335937A
311
00DFD32869C5B390C8C32FF25C8C47A7181B4A599A224A9DADB0E0406FEFF9F183B7448F081E3C55024FB33828784AB61704482CD0160C04174F9E33BA9291D58C2F1F1B1B3B5863B0D9F3E51C35C253D54A23E560E2C0CB3A6F7A81382601C2079CAE96B7B1560D20A341E85A928A4E01083256420576C2ED477E2E565FD9
311
223BCC691CF394D3D8E281501E0EE5C1C8159E92585D255CF30CC854C75318006EA4A01028EC853F9407C6053910BE105348324002260254886C156260F9189EE0F8C9A3CBAE9D5A992184568A69D5183A7DB97DB089FDC57AEE54F858FE54F577DBA85309640290F2D220952620750C5811FB772A7876D1E4040FBFC6474D
311
51246D8B3FB378283FB514F8AB3C20B8BF7DBE5DE541C9A5D3D38DDB30E00151E02523081BC89C2214103E0BC1B3D0199A08E002681A2613A2616CEDF0F0F9C5DDC75DA395C25C0309C03DEC8091A4AFD3FEB504AAC6633930556DAC86EE3561941E862C4A75DD6B6BB3A0C59BE153DFA73EDFCBC3CE2188D3D378FC976D0E
311
F9A95B7C8532F527CE3CF539581E0FE501291E9139FFB65EFF5DBD8E0C18DE3077170A64E033FD278F18068028802F156C3809FDEB11B1019C208D020C9BA2870457F0F8E1FDC7EDD393E3B9FC9C4308E9315704233F960E554802C14716B0B45DAB5EAB5E25AB7830EBB8D25E6CA94E4AA01794FB1EE164FE9F040FE82C94
311
0A4BCEF913075D087E85A7237D3CF29C47E4E676777779528C4781761F0BFBC1D3A77880E40C9A2E5109180D5255317890394229F0F082010354082D574F1E3FBAB7D6553C2113DACB97BEB5526C7C6F69F9310A94C46CD89FF8F379AD1AA035FD00FF3F320180F01417A6F255A3A8D86319FE0C0B0E06A0DCD33F79841339
311
C01E5BBE1911AFCFF7C1E0A540BFBDBFCF2372352686D863F83F59CB6865F43104007EE06F52406F680341102048A01BB048823082CBCB0B6AC48C313F3E7CFEF8F2D1FDC3D6F6F9F9D9E98D9D7CAE5EADE2A6512FAD7AB526E17F600C85550DDE9ACFE9D97E694513103BC69F8A2813176032C890C1E9C49FC09C61670FF8
311
705B1D7386260E7C8E7122C7F8208A55139E8C8D4763F7EBF5728DF9C34677364E3A3F9AEFDEC9CD95470788834F9FBEC512379890B38C94205B2557987C4186DF5C0837608DF0F9F3CB87B7EF6E920475752A01460E556919B2B64296FB9FB70DD5F47232A0F77465BF140CD001F00ADCA175090E2665A14E6329B62660E0
311
2A1CB50C6025E3DA252A670B3F0FFAA5EAD94A509FE7036B159E0D1D9F2E76B7AE1FD5A606198D3A747AF450023CBDFD162278B9446688111009B4029B0F2180AE20A542D40610C073B47FEFE1416B2B12200F3C991C2F54EC2491027A816B0A34A9D05C6F437AC23462385DADD75642EDDA738AF1600DBE07EE8437804D2D
311
011A94DF71C2085EDD40266A407FFA1D1C00B0C03927E60338E3B9D8C47D1F8CAED578E06F7CFAA4BB63B175FA7C301B747CB377F45192003CB8FD34B12009224543D8604494011A80C1903CE0518C986208E1C5FDDB8FDA161686873BBABABAE74FA637BEA894A44078C19696F326E057D7F95D061A6B0394A9D5F2DCAAFE
311
4C2388D8A6E9AB7695CB0BDD0A332430F1A9333DA41D1FFB97FA09AE84E738C75C407C260408F8DBD5EDED7DE1570A7BE333C54F16963B46AB0C2B71208EA3D16EF4EEDCD7005241166C005A73C03164792151205C007288AE337B4D7103741BDE7B7AC913350B348B2D767515674EC6F72A0402BBCB41C81305AFCF05F275
311
8D3ECAC8D26AB97606DB9581A4B7A8FFB068CD5C0604E6849046B70C2B60FF0CDDF93C13822B4E82FA0479A68220E66D9FD775FB3C1A9CDBDB9829B6AF2F77EC9E0678FB20ED8D1B1A1A39D10F9812E20D6281F5673121AACAA9C53424000DAC173F7E18C3052EEE3E78E7F1160F5AAEAFB70E0F7775CFCE4EF384DDEEBEB9
311
C0889D5243BDF557559FEDE5F17AB21E118C4C31A3DF6A96B56AC62180293910ECD6B721047664BCFCC6B2DD3C65CA0F0C823DFEF84083C7ECCDF05898EEF158F4FEF97EB9C123F1B9D1D1A3D9F9AEC5F5CEDA84A3C96C14A55584D62893D6A54D8D2028D05C8B1F124884543F3223B29D208B04910D3FC43F5C52196AEB5B
311
5F5E58E8E82610F08C21BD443801233C0CE8BD1E40F84A1CA86001990048031ABBAB11EF83F9283EA89F181F2A0D9A9F62D94B7F625FD727E6A93F63F200F614F7CF100D4511C07DB45FC5F0CB4CA359ABE4774631FDAE85E599EA0878A3C33D5AD6430CF4C055EE5FDB80629000D7855DED3F436F3B61B3DC7FFACEFD2B1B
311
C6FB0696312CFA477CE87A87070C7998E04FBA78AE3F915A065E819FCF35B410321D9ABB308146A11AD5196CDDD7C477A171C8AFC74B45CBC6F641AB53C8D4ADA5870C02379BC0470CF83DB55F073E29CF5CE5F7A3F8FD62EB7AEB1774C2C6780B9523F9287193FD23DDB79FBEA513B45200E2E0C1B51350163AC19043C600
311
F2C1DBF7DEBA7BB9B5457BC0D840CF325EB0BBABBB786D301437000020004944415472B491ABCCEDAFC0591201CAC8EBFACBF367FE7B6E40E69F551BBBE7123E3C00AC560CE20C62436E8C3C54CC225EE08C0D74CE26148877689EDD004FB2BFBFFFBB984035373A7954EC5EE8591FE531348654514DB1D1C56411DFA2A7C2
311
12BE5ED91278F2851A432244C6822C29C85A8B320ADCBDFDD63BF71FD32648E7D098CD018BC35D7FE89E250EF2AC75F96C15271602687965C844B8807C6E7729D93F22E81D39ABD62A0820C1FE9F11CFA7208125D33E96FD69E83AF6052DD32D49FF0802CD9F9DFD39260389A950887A647CCC99BAB17132DFB5DED35138FB
311
3A060F6295AA5E195BF0BB56495A5A4A8FA440026E46A047D40ED2520A441C302D240F201FB8F7E0EDDB0E12A04D8816215A0579E8FE1B1281E9F19C9900DE79842E2A7CCD48E9876EB01C75DBA0E0C8D44AB5512947A00BE7CF5DE9E1A6A6BE43CF1A78783DFD5A404E4477336C1ED8B18908B2A847B2AFE9839E891137A6
311
673BBB96FBBA2A4B8E9373B001F08369BA11BE8ABC4302FD2345FD6014A127068427D007BE28B41D9B0D40FFB7EE531FA673C8870A69135B1CEEE8D009C08042A5B4EDA314920B635BF941E7487E45256439DFE9D276295F87E698389CD49FB394FE19720412DEDDC40E9CE9C6DD605E0B719FADC416CB15AB3A61F9B5B9B9
311
426E54F81D8B03DD950946D432B40CEDAB7BB5AF11213CBA73C9BCCCDAFBCF06127C7980FE6D1DC9B4DF14832D6568FEAEEBA76FBF438300B541064ED33F3AC0B0D10505306FD370AED02859234402F6C3FED006766DDED2034D90D119057225EEE3DAF787EBF30EC51ACB4F551678BD6728E1944730C095F13E4D81A4DFFB
311
F67C5BEE37E62A85FCCEC6CC6C7BC77A5B477E22223ECA4FCC0F87E2A5E3EB782BDB25B8CFC6736A044DE5A7CDA604526361D650484FE283B77EFBD65D52C1C73C4F48E7D0D81ACF572F2E2280F98FB230508FA906B42DE240ED651B301CEC83DE1790C9FD96B6CBF986BECF3BD332C18EF627A0B6EECD5B152E02088D03D8
311
28AFFAD26B05BF671B4F9A09A8CE0CD2707F67F2A4B3BB75B9ADA331C1305BBAC182FB4A79820B7EEAF73199B8404C0B81231CDCBB871B80FC41FF5860E8E108222A1A076C29E6E03B6F3FBD4F1F295DC457573C7ADED636D6B7B8C88413DDF3B327E1046AA51040B40CB50C7E3F1D2E44DAD34CFA604029BFFBE714DF0C06
311
9908027EB275F1F366C132E1A7450B04011CF82B2B647CE754F650FF6E25BF37AAF65B7BDA16CAA791F1D09F6CAB989EC5AB7809BE145FA459E8D3E4B0FB47DAEF093B946FED585B80FE1A0305FD5330FEDB4FDF79FBF6BDE81D8300CF6815E5F9896552412A03F31FCDCC7CB5E32365550CD9365FDCCEC8752E943161D780
311
47336F8AF6539840A1F2E764FDA2970999F205CD2BD1F5CF496571F76EAEFA0E1CF8FD2A55FD06391F9EEF8B9DC9994E72BEBEE1FC928E2F223EBA0FBFBFB4F2DF137BC894B8087643D64ADE6EDED67F7680FAC9060239E845FC94AE93D880F994FBF71FBCF5F66F9F32C292EA900F9C1E6F1105E81C5B5F58A067A4481438
311
42008D7275EA3BBA3D2516FDF02FF79260020D6B3C714711F3CFB61BFF56A826E627E82256F7400FB387FEF23C1C1E77FD6A21EBB1B2B35F2F95E7760BE1FA3ABB3A981423477517EEE36FF96F122B942F6FB64D9502BD1B9089162532A2FEFED255028FE653C9F46FA321E0B588B7DE79FBED07C44106CC85133CA6519054
311
3004D01D02D8181DDDA5A9C91A7110805B7875B689FC3902200FB192E7DFD936B37B57D9C338BD49E99E181F4E5FCAB2ABC1CA7AAB382CBC7D515457CFABE6FBC63D525E5CDF74B16378B9AD6774A58531912D232DF01BAA913DFB7D3AAFF912984302B84D0500077800D26C60A4742101DE420C610C2E92FA93056022EFBC
311
FD5BB6B38651470CD33BD87630C05831BA864C85997B8754B05167F0706499DC442FCD22592AEC2ABF3FF13F950039BF159FA9B36ABDB2778EFF83F70972B83BFD3F4899E64DD8346AA495CB155A7499F2CE39B0AAE755125EB84FD8CF8D8E4F4E9FB4B72E8F1DBCCB98B31BC4607C2CFF21C8145FB48EA0F2159F86A30984
311
15609554DEFA7B27EF1301033DD06D274BAF6821D220DEF96FA4CBB60B3CA241C021D38E1AA76B4406B4767576166766A6C7F77273F5F395291BBA19F64F2E3095C14F3E60371827741CB27E89543857D6D96BF9A47C6A9A26057840332EB843717AAD171880217B71FCCC0355AED3D4819911F79D0EA8AD6DA31A83E36C5D
311
C2D470295C011302387069158F6C9966022367ECF1D00BA9BB95C389AE7B6105A1FB640689033A7FCCFFEDB762189103A61C3A4FEFE0D6A6B5A19EC5755A443AE78BC5E9235B047890A65919A0D2F96AA3C01CEE913BB3ED239C3E0CD8DDAB99E4348BF3F8B977B6C43DEBEFBD7721A839A63B94C06A10DB87FCBFA3C2932F
311
8C26F88B6D6BB30C3C4E09AFE40FAB52EFAA1EC0316920E031A46D65A0FFE45A673432E907FBCF86717AC04F2CD0EF512D665FF53F05BFCDC43489F150890C60A8E0314E70A06F619D30D841189CA15D3417F3CD50191AE4396543F0C42BCFD696C58DF163F5B46D708BD5FDDA5E5E5FDF9401BC4F7E00E8A17520833D1CBF
311
F495B5D1CE037C664123EEE74737268B5D1D3DBFDA6AAD8C08DF2C0BC7A737E10AAB2A7B958990CEBF556CDBEE823CB09FB344143463C630CFFF585D330CF0320E921744A7918280FEEF981161008E9FBC78C830217A07B7D6985E83F9A79884ABB5AB383B4D7D788F9FB3D867A2112A43F19042B33A108690CF6F472F8661
311
CFAC971478757F6E6F2F7AEB82FEA85E5715941778B278281F28C268AB24BDB470EF3303E09C359E9DF1CF990D8A096106E6A66C8620DDE7D281DF0B2831F20439A30D68386CE13E002F7EDA8D7806162B205D6A19AA1FABFD6B1B400EC2BFFDD66FDF7E8755B4883C043F43046C1326136680404F1F934EBDDFDD39CB58A9
311
8DF1BD7880E0532E671FA1435E9D6EA5E9071000BE8F262E7C4044FD95D5FD526EB40A05A634775F32205C3D779FDC168CD5E56BF982508BF572BDA4F6F57D3304BE9EB18149461B12F760D7485891CA47CFC44909136FBF4931716A2E100123FC6CCAA6A644F25EDF4AC980B14039009BECE8B798BF69A05DC5B6885CD23F
311
8E13A46FF0C0A986D617F001C52241801E87C2974C31411DA3A5D7B6175472763D637D3E57C33B908F867F4A59CFCA7923375E5F027A983E18BD7BD4E6FDDBB2250C1529F4202EFAAF979DFFB1F2612E87EBEFEC58581EDB9AA95AD1D7C1905F7305BF8182D5BBB524D47C4E3B81CD843220DE1E6536497C0962C225F75A2D
311
6A998303B23FC501F0B3F736EE1FF01200FC8C99F5515207C9C40081DF304C0A17D06E26CCBC5B3C47459308178301FA8057C2C0AE9D99B05F038828B08400F2E3251254DD7EB8BC4853B101F99AB48E387457C96951E5DB670648BAB70A7B04FE93EEC5F5B183F9739C98952C6845C380D401B8FC86E70A20744EC720E09D
311
35955D96A9041720196D183AC2CFE6AEA816652D0234883D788BEC8F5DF2615261DB031C2381092401B48D8D2D870FECEA9C3D99DDB036C8A051058030E32190976718C89F031DFBFF2EEA3D88606A8A19BD0AE305BDFD12BA4FF46F1A0002B07137989C748936E9DB2C91F43B07E4E4D16C3779CF5A4FFE8CC981F07C29E3
311
4B7C012AF0054FAEA4A6A3D49D3A16D2B3CF220A029003366663053C89B3FB1827080DEC2780076FBFFD8E39810CB0593CC68B5D9009F2D400418028B0BC6CC74067E7C9CC0C2690FBB084AA5254A12AF63543B35EB40D17B693F7E3464D5094C00AA9E04E0E0524F5C35C5EC6BA94B21AAF2440725E2A9FF94FE7A8F0E769
311
EB83FDEB039B631B18BF396F5C13CF89ACC02C387DA56DC3B1CD84B96CFAAA37B55FE723B611062258257D331F186AC93D8AD600B4FEF4AD777E4BF68F2168FF08C081A37AC13446C859964803961928476D78F68419390D830C1935B5C2A0A22A3AB17D3D6428BF12DC373B8D464E04C0A496BB3B3B75639DCC2500E0F0B1
311
5FB6F47B5A7ED0183A87CAE8D535F2EDBD4B3B7FC762DFE65A07C30B2851DB890082ADC07131EEEFA3DB7DD5CD32C0860CA83CD4B7993A175F422A8149B1C1D94C1145059D9C78A8A572A90B7C8B1E3392FF77A80C50220880FF3669004E90F101740D2B808181455A044904674E7482CC3EC85C4BCE339404C0B0BF6A5611
311
E4F9B8157BAB6DE327EC9BFBA1B4557ECB609C1F45326499EFB90EE78F18227F09E563C9E63D847EDB3B68EB9C39E95AC4F7ADCF7D87F6752BB6912040281E4A0D8A8314E80D60470999B8A51FB1488A66A9F3F81FFA61C83F4FA6969E472288FADFD61B005E0EA4284822E018911828E868614DA0C36E11F3A051070BF2F0
311
840E35F200E2C0C80A776CC9E7E6841C0503D0EDF15ED9AFE527E798D23BEE5F0604E58DFB7099D739BF0BA5D332EF29F1535995BDBD0DE681C4F71DFE6A7AC5A13554AE6910963E9ABC9A0DB5B202225545F5CFACC942B5B93C207352B6E5310BF349AF200175D7DFDF78F6D683B7C87E087FA9B35812C4F8F13452CED610
311
A2207541E6D659A739441F3833CD0C9C3C3DC2B0712F62333C4FA9327C9CA1124904B4FDE0FE21C119776CB0C212AAFBA5CAF80EB43772ADFE77CD9FA8A4144C54C2FB2304C65F62FC3678E4F6C68F30FEE1BE8383CE7DB86F58B1AE0C51F0F055E188D02F00911DDB0991832228B3172B3E623E513FF1734FF414A611A603
311
163F401BEA790FC9FF7FC3FD3DB02DC00184145B850D01D120424DC03C00FCEB7880EEEE939399F1F18DBD4AA54C939899304D913CC2D5CFBC55E50C7FBE4C0E14AEEF53D6843DFF56BE2D554637EA047D3C210E2C61077875FB5B40E19F43AB7470CAFE1C0D3ED3B3B4778D1DF6D4F837C08747180FE8394F2CA1E0A46B6D
311
A62CE2B2DABEDE0B1924098580FC16B369730E9E90541D3730D47FDE16EE1FFAD3419CDA05ED1F2715C607F2E81893AFC5936303F40EB776F1D808BDE393A3FA401E1C706E154C892860AD74A2949C409E28A8FB3349C764D13E4D1D3468952B7B1B35001BF41142CAD58D6011C8B78961EACAB66E9AFBC627673B61FFDA41
311
67950A274145BF11EA17BA9AA60815C2C43AE1F648E3772E53C94E6364AF826019E723069A8AA353A3BF7FB5359281700061FF64C28C10B9AF0B70B0B0D30A31CD1CFD22F68C76DA1E44558869257892363C091D313EFA46B57C3BEB252E9C6BF5B4799EC58F1910F469E25AA17B343799DB3E33CF410061F96C6D63FA91B1
311
000CEBB7D2971BDD39A2A76361E000F5DBC1688D47CB812DD60F8001AF25B328D173A9E4BAC18CE9F1F628704330741B2649B92E9714447C68559C6CD2F681919367E4811100750058809D0230C087A89FF3C80C23C4C60882E481F48D531764BABD5CCECA308DE2F63D3BB50373D630796126803C2D1FBAC148F7592881B3
311
95ED7D26B7DD38D7096AF98841CB37592561D9C6565317AFBE9FC4AF7371E060736C7635E0CBA1809FC80F544DBAA1F2F9393D970D44C0615A0C6930E758B9E63AE690F73045F0C8C0731DE9CD80F718E94652383458799E02C06D328010011C7090D8C5E5336A83D4059953877EA1E1D66FBE994F04608C4C991917230FB6
311
1F9AEE183A40AB9108D032449FD1A7283DD25ED15360EF7EA9303EDDC0043403531EDEAB10DFF87F5E2FD56DF0F1B701A9F614DB17FA0E0EDF6FD0B1622A81FA3D1DE5A33F551930335C353A87F9AB05C60455193448246944A232C5D07636D864CDD7A50D0B4440CDCC465D1C418321F50E1648D500294065D869559EF3C4
311
0C8FCC6C323E989AD0F0C73142480B200842802C061008B480A9954AF282052B3AF67350FD0DD30D1F4075AC303A5D490250F5400ACF479656861E4C77AFF327F3EBECA4B57B6B6C8FF62602BF150744656A87DABD7BC6BED50527B2120C001A0B3718C74F0C65CD34F275164D7968148DDF259AB8AD6CA81CDA4E8819509B
311
996A7F642D987A401A2B04018C01E6C169A8700F9DE3B489DB2BC49C9B7B858A4F50D22AE15428FCA4A1EDB20C83492690CFE361CC7F8C8066FFD0D77AEE797977F468A36E0B0DFC87F90EE6348BC748F7CB73B5B9DD5C6EE7AB19ADBF6DF359F1DC2A0F9E44F213F8041F64274C0859A2AB7C37440FEDDD2F95BE44065F22
311
067E3EA0CC3BD8C0D8194EAB291CCEE20B9CD8E02950AD806080047A279F19024C837C848816719AC4A34DF8F0706CED904E8185753A458A27E4C1E37B5F30A104932BE140E0BF4E400160F320B054A8705042FFC47B4940810173F9C9E97240C7FCC3F3813EA239B745DE9F1B1F3FC2F9330374DBD1A7B475923F9A2ED817
311
16D18D1B577DAAB9D1A0458655AD3CA7E211867AE7C702DCACCD291E0F798013DC01BC326087775C0833E04EA3778FBCB8DA4687A0255CA0AD210C15661E4E92001A4449031D1DD27D327334BE830B64DAD90CBF537A45FBD4E94A7A88888E715B7E74FCD040E818BDC1BF5AC609CCCC015DED23877080FCDC47BD8EF3A7B7
311
83A17D33F3ADEB6D6BC7AD75EA7C7852C5B6FDADA6AFEFC2D181C03F8C40DD8A4AB5024F0B72E34B57BC1182472DC80946789AFB711DB7F1193C03C893B0345F420246114D3EA71D04FBA731C0DAB0D3CD311B218F0D5A15ECC105D02F3AC32F13600084731A83220040019B03180634B5923D438300B05BAC80881F061095
311
FED5D572A3323ABD83F1D37A2301A8C930AB3F66ADF7CBEFED30BAAD7D78A06DEB6A87F15491F5AB7E25842B6B34BEFC12C8A159F187C64B3CBD2356DE5FBAB98BBE9583F0E3280C0076DA15BF34C15238145742B07080B1EFB83382F9FEF2239D003541041083C5AF9EF3C8944DC2030BC3ADEDDD9D27475800693049E054
311
13BFB3FEB4308731512F13400D06F813368A0101D8D863EB3E75FCCADED124F532AD3F123F131AB46A93DF1ECE7F96CE9EB6C365C6D6A07EEC461FC919FE288AF7AE1A7D012D291EB073735FF26BBB1C99FB706E972192819B7A34BF22424BEA1CC7958AC2E04BFC8E02DB90A4A1DD04811ACDBC181037864672C78F6C0EC3
311
073A40CC49D5E813593B7002763BC6A909D31AC86F3F6E335C9E1C309BC58F16418642E2AF6B290A34FEDC0CFEE08FCA0F56700699CB73B9C99302AA17BD516D7F1FD755A2B32B3FBE7134D3BEC813195BD355020A7DBB541539CD2C06E45F46FC0EE08293E6C0E1972176D9B678340AA1A4823404EF79B1E2347E47C35D0A
311
2260730E0B513025DC0BD1C07E3366E9B9D17F767405FB531070700035618606F0B40C73C974CFD321B0C174A80C0F3AA54945FFEF348F5488895713E89B5C98DA501E06D8D24FF04FF0CD7ECD7BAA755A854EC6A180AD13BE094E8D5D63BFD6DFA5F5D3E4DB1BA18FD8473DC6E17FFC9832B71A2A94D96E808BB53F919295
311
5D62C82E282B05168AA0927D54AB20A20A74800B7CC9655C8B15F62377CA4C91641F9F4D0478F4FEFDCE273A002CC0A725EC165CE3A149F0333E8E9600B2C05A7D15FD831F0938DBE5D0FF13E3C0F0765965A0961C3FA86DEEB0E28304747BFBA5FCDEE44C23544F7BB7BF7A132DDE34F99E44EC3FEEAE92F667A10F7E90B0
311
E8C6442DF5A5318B0F816311DB2E6DC6F172C363FC800EE09186BB9EC82A24C0117700CD884AA42023B81EA6E0CF8B3056411110D78606EBC5AD5417B45BCC8E61EA01C4006AC233933E35D860BC1B6CB9C9CCCE7840D2E0C1C1FFC11CCE54D59300F2B47D66A10F09D8E24B71B9BDDF98FB62A3B897C53EC88D16D1FFE8C6
311
49B17BB8E760EB20B784F52F992544753F2CBF642CD3C9C70D8722C197142C567E74FB431EE248A8F3FC00377F5142144A82FFC28AC2970A780C85A7EE9146FA4B2981F3C93BCB0F3FBCB6DD3DE69C72B6073B99140DE28B8E919D9D9E7C2F5FA99FC1FFD07E9AC0965CDAEA0A945FADE52C791EA989E8E7A21A355FB37E44
311
405D171B98A6E946DB26AE71DBD01FEF07FD378F5B4B518724481820890E7486E3FCE61A60E096D577701890EE07CA5D7F2B086040749FCEF3F81972E510A86359C9BB579883035887542090614E5C4461705D7CA1CF84DB564838606CF1597E8119790D021080C935A908324EDE9F60A04B7830A33F0670CB08605B8D01BF
311
9A3D435693FAB4FD84EF6754930640C1F9D74B052A7ABBA9F502B39DA3BF6BC7514EA4BEC71D752BFDC198EDA8DFE8F32B3EF811E4576B0A2074B99B070A069F60173E7427BDF285024E35A4418B7A412914F2800F1965C4F1120A2D5D2C64400563D5942044807BE7C738EBF3034C4A6F4D70C04ED1F97673C039FABC4CFF
311
18866E08200BB66BDC9CCDCC3FFD1E43BEFC52C317F0F5E64900FBFCDA4DEE68768FFF46350E0EDADB7B34DBBEDE3776BC55599AF84E312229F931E700D04478D66A0D88D09B2276141AF0F8811C5F8067DC04C0F90929F7F1AC9CCD368488AFB965C97B855A3E2E93AE5B4866502E55991B82D4388614F2C36B8484A5FA06
311
E3EFFA984A6AF17D5C2073299D9F12FD63826F67FC460E54030981684E9FBFC22009A3006962285FDF4FC84B699FB5BEF3736C6072F6844C15EDF25883037DE6BB7AFAD6AE164B367812FA8CFCA6FA25725D99AEC5C6EDEEC64ADDA2BE0056002032E1D7A20A54CF444E360D520A5B69816C0A953CE0434A8A898BF18E2B70
311
4588C01BDB2133342F5404FEE698957C200EF54E31BE6DF4E888C9C67F5F3F1B41F922777E7FA6332677C20098C59F762F5DFE4A23F9801A3BB6F8A4F66E0D40EC867E92DEFCE84C714FC7CE8DD3DD3BDBF9C781B1C3B549FAD2C89D711808CAB100E09700BB85240374A7209212F320CA577222A7020E7824500179FC7096
311
C714884BDFD9499E027ABEB3CB0226CD293CAE6E0C41A6788F396606A073E28CBE5CC67D584D36CA39D37974FE1023253E3FFB007A26F657FFC901D851130DDC2BF54884F20D5D40A0B7E5C7BCC7CC87B84F2ED820192CCE1AABA1FF24ADBE1D03635B5B3B53D4A5F84120125FADC36A0E792D3AD7E255792CD5241A4C8417
311
1F1104090017DA493D0A7790A7BDE6DF326180398E4B0DEADA5C2763825E43E05C388E184678C88CE6422606C017F030366981353DF03A753DBF6370879F79889DD0BF75408724DB53C5B0063AB6568D02DC47AE4627B58D7E367A6000267E7840C23A0940B992DB98ED1C4731B4FB4DCFB6D3EAFB6CAC7646F0335C503188
311
8CD74E2103380260AD47176D703960230370FBBF28813524C17FFFBD6288BB28E4F905ADB4A788B40B4A6201C1878BED224DE9906C4C79EF32EE679B9F5D3B5DFA137327320643909A823F62106CB8F9BFE4BFEAFF0FC7A6393EC7F64A698EFF8ACE31BA05ECE6DAB6DF124118D1D13F892F3D3530602E3F3ED3D59DFB821E
311
CFA3D9AE85B1ADAB9E328DE738BF55D5DFD039445AE76D0194180F57B15BEE5F09C07F952F9A10372BC894CF7DA12CF6507E2A8916E0DF430C519485C55D61EFE209912D8C32866214E121611E22A0B1238DB18E86636A3BFAFD5B4EE02FF1E505F902BDF424D0516907BFC95EF3A76B6B3872769D67E25B548F0DA46E2B93
311
DFDFD5F2B9E9EEE1EE1DCC7FBE6380DFBF38A165CAC73DF912AD76A4690D2B766A3EB4AFA2D05BE543EA20B095FB17AE3F1928D84482049B659E671A4763CFA567C08824913D37F2F92F841FC244085C1681225C04AD6DE1684831682CE0D6096B56101C0D4FB3A1BD3F11FC1105AECF5660BD3FEEDF162B0D9DEC6DB55AF2
311
7FC98050BDDEDFF63ED14B01336053A19DE9AEF5F5D9E9D9F9E19ECDADCD497BCC57681922F327EB41FF681E17C1921B04FBAE371AC69E53F98183E91B84897A5DB164158BD1D12FF6F6BEF0E02847727BF2628F9FD48B6FB11DF6928C868B29590A0606F92140D0C08850DAA7DD8A5FE8A50389F61288AEB743E9C801BB67
311
DBE0A7F64F63BC87770FDF57AA73FE1F5A84F8DD3AADDFC32087FBC0A7D645C327B97D65E7A8BBA76DFD9BCEE1B1CDE3F5F7CE4E6DF4013ECD7CB60BD1239E8A4E9A5722AD9C4FAC8F7FF17B214AF8801950430639A08E3ABD05A0D94E253BD5951C885B0CE750309070555FF21F2EF83FF53F4E15038B8D8A244740A5C9CB
311
C120043DA0B323FB1DA0A4EDA268C05A304619505000BE10415DE898809DB6B66896E60AE347ED3D6DC707CB7D5B5BC374A158EDC343D0EA61C217D4878CBBDC1D85686782C3CF4272E7DCFB5E9EF628F5A95AC1AC0C6848F5771329EF8DF2BB79EFEDEC8DBEC72EB7F245287FD4B31008AB38EA4D52F2BF57167159E3004C
311
D8950E217DDD6F699FC763E9D1A0AECC701F7BD4430A3E030374066938F883C01DE40E7DAFD609345E33570F4CE6BE467FBD7F793B5AF2A9D331D86DBA7BF98067918F9FCDD609A0384B523F4413B574B818C6889FAEFC5E7B8F90CEFD62BC2C85B2478D54DD076635BE434FCADE68B3ECF1C8708E27863DBEC352D87BCC7A
311
92A8E135700CDE65BC114026DE5DB68275E656D2C0D4087293D43BB4C9C14EA83C0D806783B40DD7CD4F19EE9F33801F55A3F1FD600017A6CD5DE607783D5F74E34680E7DAB98D99F6E5B5ABC7F7DF19D8278322F6A97FDB2FADE1539BD945DDF868EE2B8B70D9EDAA45D1BB0A5801198CF1DA891540474745BF0317F8A370
311
3E02510AE94B084221F887FE950272D62D4232781054A87C58D015CD45EBF9B70E60820A2056E9D4D619E8494BBFA68B61EBDD8CF52CCBA124BACD4A4077E8420A7F36FCDAF661E577B792A7E1B7E337C7CF1FDEBB3B49F501F3C7366C1730E793F51FA20A9C3D2E9F18E63DC277449054CEADA36DA0807467D45F8A744E1B
311
DED725A033868703F1392BBE221158220588F30574A0B0893D0515B0B7C404AD0E7F40C11D504C49BD7DA39A85A19CD7357DFC966E5D92272FF06D59CA5A6A1C8AE30E52F1247C1F1D78F81887F9F3E387075B170F9F5EEE4A7F5BFC69DF02FD8795FCFFAB472E7C88D563DA514861B85BD41594A75F5E866BE69471110A9F
311
75C8609C7E6BF6C7C727431EE3E9E3773D2378C25226E82C08104A57ED273FE0921D6990E02B006BD038263BA360355E8DC446A380F0BA35FA9945A80CF60DFD54054202F91897C241C147D59F8E0FC67CD0F2BF377A3463F8BBBABCFBD6833C57E214AC3F5AE9C2FDE88852968F20337972C7E04EE5658223008AE82D93BC
311
37D8DDD900BD6B16EF221F0D4149045D740A8A215D4FC186C658E01994B8CCD317465828704BB630DA2243B3B4ADD3EA554A97408454148C04A1A0CAAC2E04033C04073851F54380E0BF2DFFA43FAD3D6B574F2E1E5EF6E5F4FEFBD1CA87C161FCBCF5C7AAE2F726F814027BAE10F79BC3D765D61D1803952210A9AA07F8C6
311
BB2105B61145B324F96014EF223D4A9261080239F03FF6F4DD4975C183B887E081F7A467A25EAA0C94028FEB808637768B07400A8235D4EF33143253198900E079E3FACB0C59B00F827A5785A6FFE2FCF0C0E6F1714F11CDE5140D931D707950631F3DE877F300002000494441540ADFB08704E252AADE1BD4E8DF55796A32
311
B9B6F17737C67702E5C638682737286CB0E0A89B624D5BF28222432848C9AB8C07170C97B814FF492A61072407D638006F7C8400860444C01B1930A522788045633DFA9507267A3A42BA05925BAD705CDD3792FA23C1075C6EE768A673919EB6C3FCFE7629B7310AA794CC9C0D14A1FB88F95C845BF22543F57996E0B26C9E
311
4C2ADF187F979F8A55F11B47BC26594C52588518D25E6C2B1CCED231EA1B748F093E5726A21A54C91EF95789041030C20FD5AD68613432E19A4D0DA2505B6BD843516E10BB00AF9AC315EE9FDB39CC1F9EA59CD88F9CD071D470C86C4647FDEDDBB1CDAB81DA94034747A779F4CED497CFF817348F69F52E55490840E48840
311
BA72DB71F3E84F6DA2F4717AA928F153DA6E4C7E8E00363CEC9A2E1C8E65F298FC4A52F087FCDEE5CBA38A80CBE11FF7BC2AFF249203FFAB77A128A001B1987BD334AD9B901890A8C2005B6B248196AD09C0025ED841325B31845032E327C531C839E66DBAB39566B631C2FF0A1DA5A3CC47E665AD8751B47CFE33899DF047
311
C9F3C365E3B11278D49DF939298E09002F6430F9958803309827A7C791048CA070061B7E9A64C557D235F83EE24822E5EAB805F9862F20FC58F483DC0EF02181F572930205107E00E523861895A2811309808F2B6C14B2AA579E893753C155D2F54302007E9FF36AC5FEDBCAD47E182D91A73920CFA5C18E01F8FFF4C3F1FF
311
553BCAD0E58DEF85DD63B91BE38ECE1A9FFC4AD4A1FBA30D462C328C5A0340DFD393D3D3D3C0659195C96990F391EFF4175213BC74C020922D4830FE215E76940962BC0713A3B82784C0CB6623DC40D6E1485BAD454F6892200B225096127FBD82D2B12006BAE2E329C771E25FEBC0DAB3B5395289D56D7A8A89081B34EE06
311
F80F819EFE75C67DEEE95D227E283FE98A7B9F1C97D2D05B4D07A469153C3DA3048EA68FA667A6D90E291C7D7E2D063E4D044964D055F2DBF3E31BB851AE9F78A0A7314F0AD24901F581D74A6929142039C65AF5830D1C809536CDC05E4BA51038F79D713DA930CF18BA3010E385351CF47F74D439BCBC793556A1F9981492
311
6AF12835E251C59BEA3C083EC2B2760FEBDF4304C9EB87B35769E1EB24B648542CFA4EBA9EF93CD42F03C08F249A2C98897D8E2225E90077823F4A52171A61219998CED6FA050992B6B0A74A2220ED12123004FB977084208F8E2AFC80F456CB110BCA647A3A0F854085D84FE0052BE31FFE7F925610BAFEC06FC33F9931BF
311
063F39DB3D1BB20EE357F594045F4226131578582CB055A59A073AE0413989D215019B6EB8A21CF154D71164E0D8F4E730C2CD382D098DA5261456A425643686BC8301710F2C50665881399156AA2B4C3191BC555728384800CE10040F746A3D8A80A5F0E500A93456FEC52833BBB45203DACCA37FE1D3EE4B9BF0EC27ED47
311
D89B8266F11EA2DB8B5A8BB93EAEDF0C06B7AD0402B9EAC6E787365535AF19F15158308A9D9785C1BC1C01377F8C6B4D07B50DAD25649764A91DC9812C7B34CA98184084F7C01055466B48058CD44085AF26648520C85C41C67805462D8425680425559F4440F3ABBE1F3F81B1EC72708767DDC8FFB6465796C8FE310FEABE
311
0C9B242A74137EC3E0427091967023299BE5D6D4D0C6D15747DC2AEA4ECC57C72856E827D33CBD319D70FF854369EB841282F84B7CA4881447ACFCB257E252E00FBB3272120A75B99119840858486615636E0E0334031AAA8C08A62E080053A0AAA4158431EC727A084021D41CF5D630C94184F6FE7432E8F5F9A4FCDF3EA7
311
CF136FC2988093F98ED622E38E4976E1BF0CF49D2889E6DF3566719FE1F9B47A2D3BF89C69155DCF24F88C609EE551160F0415900B4C48FB013D8900A9192A700748002924771A3686A0A580FE4009E00ACC090253E280B90AC15048E047020483A038A60ED232831F2CC90498648690D960C48E439F18F4DDBEB0B6F5AC7B
311
7B89F6230243B4FA160A7B9327F3AD5D937C8BFFE5FF8B3A5E64283BEF8EAB9F71159514CFED62DBC880614AA1F7994CCFAE7D8C87057F451733699B8DF87056E1F0654B5021E38097E4E23221B810DE20559AD183A61C2C88A648DB096081E9801CA00BC1DA0124E08DAAC15FD2936905CA8DA1C40E42B13F1764E0C4015E
311
AD7F8BFEC99A310B1B7C0BCC7746D3C0702759C89EAD57122092122D1F857067684A578F1DAB7EAC400841F493A468113282FFE42316CC74C756B1C880FE78795C692813CF4644480EE9B02991BCA257A71861F00666D9410288487618D120D0E80D7773E2B7DD180E100EC98B221C94BFC4FF531A09B986230F1CD08378A8
311
E4D0FDD7D9B1BC75F5C12EAD7FF83F3ED19EB018620303C217A6A35D826E72ABF2D8E2BB1B783F6E48D2E3F360806E1D192085D022103473A10375B63853EC54F500B5B064DBC20945B88160DCF7E4F83A0200BF6FAEAC88E9F54D22D898E43F378D20B51B5D6B1457000922202800DD401A9266483029C0D6D57ED80D42A0
311
E6E08835F0F3AC73D7FAE6D56185F04FC44472B854EB7D9CBF7134DF3DDC35A9F6B38417DD6F508B37C1A718B0D054124176F7222F62DFB327F34D451799D56216880193254FF782D7DDE26C271BF38C6E422E271CE4AB8823C9510F021126A7A944E00DB4031D013C88EA0746C96D4574069BD5439C4110403B40020C30B0
311
7A604F1E41D19C21A93FD9002DFC35F23B1E7B98E95E38387E3603FE7393680410D702FF9ED5A3C5E5CE68B5827D721FA78F3A9A0C08A79722D9C9B418F46C0057BB1640C70AA4A03D29CECF33987596D53CFB27B32C3BE304C540E14BF8464E080918268D254838C91A01F0FFB99154FD8A9C0495EAA6534A6C464440B4A7
311
1E16100E7405088122A35F7A511DC003D002E6C8E7E15F6D1D2FD09014139EC11FDC89394621F77B9F88EB5A583C41E2FEDBC8F82334494C0BFA97FF3C3A34ADE60385B60E5A30CF036E5E75370BE3B83AE73B3B7DC0BB337DA0045299ED0C66681E4AE223D01B1BC3BD4C921E2005FEB5114739040758189BA8A320067B62
311
A3995E4720055065AC2B4A8006BF8CFCC907C0063EACE41813C5F017065AD46CFDC6FF1BFEE052932CA3478C8E5A6F25DC8503D40F61FC1B047E4DFFE8E84407C81F1AC7B5C79DA358551CD0D13785A9AEB38D6EB68A0A8087FC6543E7471082873CDCE5CBEA1EFC5CC0579469E225428E9A43D6A6000B4219DE52E8DF00A5
311
5F4BF5035960661C2DB88AC1F67C2890A93FC420193C8326409E7B595FBBBA9AE1D1511B3F6D65B09AC10A71C2317201A603E88C56CC68C91279E83F5C147787EFE6C675F00941D23EF092920330982DF38C65EDFCA89DA98E8ADDECCD77CB86D85118F3DD9884820B1128010D02F1060F582871CC8FF42024C02239273A1C
311
C3BF71E770DFB7E96081682803188118B50310BD620234F230B12711B063E0F0490FCDA9248B580D3D3DE944A30CFCF2A1E0F6E59E8FBEA289CCCC943785BB8880ADA9C2FD70F6A13F5418444E3A669273C006C4B4EEEC067827539FFBEA9CFF04D84E7F170480037005AAC8829084329899F90B5E013927F8E646514B4824
311
B01D11F72C012CEACD163B6358A4454A4221D06E68A71062520649BF9E9127D0772D6E5EADED52FF216BC2FC513C7D3C5CC4C8AF009811826AE20203B076A2AA66D8D32E317DEE0EFC000FCE16D9E0BEB17C74AB009256C5D8AD1CBABBDA61402612C675FBD72D07E633B1A42F2421208CE01397560811204306617A514170
311
6105C9F4984C459F2D0F6C392FA05BED808512B0B9A8A9FC6CED89640EA347D31F0DF76D3D9E61E800FE9F7601BE4C9614A1C58E6C839F13A12D0EB426DE6386B82369A9E6A7F1F9146EB578A2EF4289AA109B4F6CEFEC0463E0072A05CC9DEDEDFE08407B173B8AA65399C80B2911252E6290C82CC1B8909140C11B7AE161
311
B42B93905045D017E00CED6D27AAA15F2C2179F1E83D411A7020B9408D202381E7E5DEE5A9E7E5CDE3B186433F488AC81554BEC09BC579018ADD1DCB3D9D70F02B14BF9159A4DA376225FE43DA224FED327941705DA582B2FD1BB5DC0540667B650BECDD1D5DDFB0C7F36DEE2B94F6EE2EE4E426F20A1174C31DF153321A24
311
114C4FFF25E505475F6906D4149B21F1BD9D9DF7B059F8E0FD83323CB97991FE80EE131A9003B81C491B218B1D42C0C0D593D9D548003839DC29A740298B0C23F0CE14BB167BD61989AEF0B985C8FAC8F923A73F31953989F0F6C96CA6C4D0A9A88184BEDBBBDA3BBADE77CD8E2FFEDEEF46184A86671D7DDC51417477BE9F
311
04804F305AC82C2D018A21EA903866A0F959FBD4139916D036635EE03DDB7408BCF0627A03027AD314C09B0A27F0A79490D53839D0DAF1416995CAB24101FA63F75029D57A4CBBA9FB4D120ADB17FB5A999FC9420DFE04FA670430B90FE7F589F7FE8D50A4B5F004CE5F07EB4EA007F8AEAE8E8EF7DB3BE2F81F42166C7246
311
FA9E62D02C8209BA1024414C483498B50229FD923F2414040B2081390AAC353B5283EADA12A30B1080866D746B9ABF5BC107F33C2A015B275480759334B83AB02175EFD0DEC785DFC505E0064F4EBA5A97073A74C5C9FEC97BD25D819E28AEE661FD2732B8BBFB1BF13441B3C1F45E8AC1752BBF80C113DE960E0AC7D9D02C
311
58C80505A19BA0E84B14402601A590A4AE00A825E98C3212342302EE10FC5100681F86834A2804BC409D70270A2091DCE874B16BE0706C974EB3D26EFEDFFCA6C4579AA4DB781708469F055532A7046C6BEB0CF39F3ED2EC4FBCA3D00EA91CA68FD2B87B5C191E0EB2C300F00A1C9881F263571C6CFD83D079D09F176FAD83
311
9340CF030F70458F81F09AEE1329505150CA0A00576B56C06D58070B23086F685E44232D9D53DE3FC3731044F286D19F459351863F749F1104198D6E14BBC68E17CAE70D7AFD958E350BEBBC70C9C4DFBA075240DA27D40AD7DB063A097DD3F041EDB3E4B682A7A12A548F3393DB01945547175879989302521EEB1431B087
311
59B632B174E0F700E774FCA1BB83F95029ED1A084288C8893520E49415E00DA080AE8027C34206D35491D050A4C6B080F6A20889A2FF82379AB6234F6710C05F9080ADF002B9C9F9C583AB220F45D618D7E7F7547FB27CED8A8B7A7D24EDA4988B0C1C2A1AFB53FDC61BF3DE50D63C560F0120B0372F0839DDDAF13E583B86
311
8717C1CB8CC71D1D7F440CC82184803144196EFD58BBE00B7EE77DE8C015942357FB06FC906A5E2B8882CCF9FFE184B0035A5CF186A962A63F84B3AAEE3D5A2C830008807568B6A9F424086D2095A3E262DBF124350082C4B5DF4704A9D2C93553DE47BD6766B69349610716999FA25854F759CA9792599D3837ACF6247CE8
311
597B0F960FA3EC45B61715050260C5844FCCFEC9666BC71F875B17E3BCB4CB151405D7D08F846B4CB952248B4603CC402B609E90F0044A007FA800EC46D07A51232B00E5683C55D5096E1374DA4FCBBDE2C25A5B8D26008227CA7758033D7D70DF12CAF7F247939F93F1CC63047D63ADA0B7CC8771B234D8095FCDB577B586
311
D1834062035670E204B245EC093FCBE15626C10D210CB38A13F50E10A0D5C0814B0C4B30AA9858516001669002229618F100767AA3D6D2528595FE7A398C2D2300ED0013A0AE60B91644A057327BD3C36BEBF48C91279B45F8BD145494674AFB211A91977CB838DF35DCB3D6D6AA2FB2784B591ED785DFD7DB77747DAC9D2F
311
7674810EFC2895F9ED8007EC7885101679C06F21E4B1C8A6120956F80518D1DAF1717BEBFB5803E20C6F2A11B2E48AFF4AD2810A70054623E341B3D1ACD92DA91150DE631EEB2C28882D092049C0DD38E262A7BD6F98549930C9D44B7C37028AEA9F8C5628A2BEF5704C0DCB2B428181B1BE766F43014498D2E57791E4C8DA
311
6BD2ABF5003F0C40202E2E32EDFB02852D16C30B7F646B98FDF86C7891690043128B0A0DE6B4EA27F08C30CA34C9D0AA0852A5997F8D11A6EE84E040B20472020256F4AFEBBB74E6705A12083B249089218E6452C8E5A69717E904A3F5EF3D5D08EC1F4D4E85086B238CFFC11AB9AE972CB775616C6D1DE04DDF073B4DE374
311
7C41FBAE6072901CAD0237100670C5A00C2C3CE063610ED824826C1F6650700E88C00B62468903A0D71D3A390255AD7040048348C56C4647413C2C2561216E0C469203EF06A5B101AD40D0E207F78B124747DB5B4BBB4E88B1C373C114E0470B345156EDDBCE1B4DBDF81DBC400746B0B54E05F693707B89A5E430982C2AC7
311
D10DFF11D5B102B9505034B35D07E8E5F585757F088B390F2D4C85CF7218E8418BB4F25B885053D07D5A908326809F31D6CC6B77CC948413B28664484439D118DBAC27DB5AC40C1AD166F25E6A2F0AE82100C0BF220405323E1FF80DFC518CACA8DE1003F3C9FAE9C7B2D60703A0004F8EAEAD2DE0F5485452D15B77B4B67F
311
4C2403B8D8F9C533558ADE058A9E177A1698F75DC0EB4C800F74C0270178C8579C1FACD025F0560844502D2BBC01E620030CB93636C1041636A693949CD80139FD15BE107F905590A292840F8860706D07E2970A2F15E5B13B87C3143CB2930374CC46A6F9B9D7A5CCCC14E11B9E879A49FBE27ADBD6DA82410FBB94FAA848
311
7D61B51F4BE0A03FD08743C31020D6628ED20305A22C2C2FAFA7ED1E7881C438AA5B9035F20759E243C51F34D0D5F02F11403B9E204CC1686C0B6C9000470561519CBE1B0E4FBEAB37A39EE4B84C05F023858779341991F36D9D9F351E7BB3B5ADF00148D9D05784F9AD8B037D48C01BFA83D4247F03BB768BEEF973A14E61
311
0090D4B96B1EEC5C5E66928F28EBEB6CF578B067DD83086081579848E60DFC7684044D8174993C39F886043481F6A2B743B18749E52447CD4D230513032D20D20206E536E15BCF7B7D211634F98FF9986287F33F9A94615A5A0A7CACF8DF5DCC1AC6EF9AF1945EB78E0A2FED1DA2ACC00EF983F9A012260BD722EF61C9DBCD
311
D8719703ECF839029010CA0B9F100B1D2842153E01A1A3837AB579516A31982FD2908A09100DAE591016CBCD4B011A2F4DE299E1338CE065DC4841BF9895D8C81714800CD08F5AD39601BC929B55D291F6CDCEF2AB40DD5D98F4E6F107C47AEE4A09A079C05316F479DAF4C2BAB83221BCC0CE23FE3D3D4C7BC9AB673D89A3
311
677D6020F6E182332028012FA0FBE0B2668FB85485902A8E7FA0BA2105C213E20BC2169211A4BABA7D693C3F1DA961F203694853137073AD5CD25F1C017DE0477626D7BA55B88F83B5EE513C41D814639FD1BF759171F4577D3CAB0C3DFF68B2D3B1F8478C18F67BEBB2598FA76A4545E9E961BACF657E0791D2373030E0EC
311
9FAEDD17BEA7703A738185D08236C407448A4CB504CBF01FF43859D3115488EA01B55078000DF085911805790DE1B41B6F8CB2889C3834FE02AFE07D85143C6C008438A944EA63E047023A7EF37E13B0903AFEA7BBAB9579330FAFDAACD540022980B65A75FBA17D388F1E6576405CCE7032D95BDA420E7DC0EFA320879E5F
311
8B3B04C1D2D9C1114210C19FCC49DC6A855E12010184DB8968109ED016E4683CD552A36B3AFA13BFC2114068935A7E774CD2C7225642B73325938052D8634ABC18DC9442BF9E0402E85B42F9F3273672DA8E8F1070405D1DC3248487574CD98092B8B956E6AFE1566530B78FAE05B4A0DE51FBAF85DD075C7E11939F80E015
311
A58D1F87E400CFFD2306C4D1D3C634380A201545A92BE01F445800BE12302AB477BD6F62600D211232EB061448A0D2B877BB940D63D059C37E0569A83DE93E214F4BD86209FF6F479C640AFF8AF6D1BFD987D029A94DB7C329B4184D4BB013BF912FB88FEEF913071A8D82B651BC10DB067A7EC52FE1B421883144C00F64FA
311
23A11CF708BF16CA59F18D4C04B8085964B2D8DA4A855187000BE440BC816FFB13374640B0EB1D0998AF38A1AEF503F14302E2811081FC12EA6CD38A63B33035125F40F170C0B0AA45E9FCA38FC6D688D48563B5C4B4B7C359D3C7AE0EFB16ACD5E2FAA47EF8307044B4EBE1C71E84E742D81431FB06B90B600B9C239E277A
311
57C94C427EE10E7826980C0136600D916A06058CBE8604DB4D314FBC014EDAACD0820F14BF75449B70339490FE5A0491221BF95F949DF1235380E969AABDBE2D32EB4403D3FDF17F42F9A0A7C28ED75BE86BDB7C7EC80C76F86B8800F77B305EB88F00A4352E0F8089EF811EA02A3DF08F7DA008F803BE4B4EF5F41E560870
311
99E920708C3D720916444440FDFA013D4E1201414123A09290F5BD7AB729298209C4306D007BB0829FD4EC3A6D7E4F00B67DF38CA0764F832F0448E58439B952CB4F70DF964AFA74CCFDBABBDF273E2FF4F56D3DBFF2A78D42FFF2755DF307066497F44062AADFC0CC546F6DCCFECECFA232E14F408F05477D311B683A35BC
311
245FCF8A5CD2AF20022C21022266905A5BCC8B20235D6FF04019CC04058AC80023662E25F342063165956320BE50370F2A657BACC817DDA3DDD3EFE04028645780A768FE38DBA88BF2EF3ADADFC7FEACA952E5A77568ECF0C971DF32BF1D24F8486B22A649EC81B1B60315CBEFC026091CA45F858D7D04C1B437079431E63E
311
38F880758842E780A9E03791C0FAAFE10012588C3C592FE35461A6047802BA18686887023A422A49599399893103942CF6DA53A8E387825FA0678B261F139F801E2B17C901D0F5217E07AC2401A87D0480F753FBED44FE949C93A1D042B879FCE499B3D861AEB23F9C1F372F0C24D0B7D6E70FE1AAF60F84BAE642D82F0A9F
311
53E22783915518494FDBC0AFAE7DA282E5050B703570E06319A015E00D693A6BEFFAE493941C3B08C13B96BD20D0115A9565701DC58568A3009DA13E965765C03091F0FF339F7309D44F6E61F837F1B1FF920450EB8FC48F9B40158BE89C81A597CFB0DAF5F5755D3886DC13D4479599B583758CBF35663AA234F133F91D3B
311
CCFCE0A794367F385C59B19431780F1C099131384056616E15A1563B50021D369C593FB292685A68A8B2A50A0A2085CF05434617E05FC24A6B077B990014421A68401AC4D65788EE25F737EB780D08A6E38F060F2ABD889E1B889C44852C2FF368C1E3E710D73B6589EA83F7417B341ADA1F639A23D15298F087AD0326410E
311
116C3A1B325218433C71AE62C07C1480F1C045629724A076A4BB8D622D24690486727F56108D07046DAB065000678E04C4F8C342DE27F4AC102D854F2D08D59B4ED0E4F697B0FF62F113646BC5B7F3131D4EA8BF8B265EA3F2026E7061B96F6DF3D993276B2180B8E57067587428579460551049049B074CF8B1066C7E14C7
311
05F0B39298C0997C17F701097023BAC31081390196801FB0C2A12380042927503D5A01CA127F9841B460310639C674BC8CDF1A320501448E0068905B07F6E5602F8C1F07786253438CEC51AE61FDB25FF71B09893AC026A9EAE3F30F369F5D5EAEA5801FBAD3C98B38C13EE017B054F81A56F05259DBDA64FE270B1FC4C772
311
00FE276FE814B916E222575ED717A62A92956504605268408CFE13FD61F84252228376060206802B9550F00B9D47E6AF1022538A752CF4FFF1F5931384A9FF8700EDD4FFA2B93FCBFABB3EA6C607FF714B0B8B04EBBE83B52B246092AB018C0D0002FC490849F1E214AE6FC42009D6D86616C835B65DB9862EFC4480C14137
311
603C3089D0A5588FA27E693DD184131BA4E88C35045ACEF1CDE1A82323C20B842F2419604821196EE8185BC834AD44F8E9B7549A32900196E9ECBBE20FFB4706861AACADBBFD9B56A23FFD3AB8BFACC18B1B5AC0ECD7B6AE2E2E9CCD2BE8AF1B1BC3A813B94107E82DE67A42E7CC7D4A6116700B5B2EE3C338A09B840F07C4
311
0A64800D7C605AC42B72227C4C7020AB1F20056E26F542717F56534261DE3766AC10A6ED2D006DD03BA9DBA507AE0510A8B385C92363B9154167F1230C40D76AF6F3BE0CA08F8BA2FFBBCEFB09D0986550E0F0EAE2F2780CDF850CB0F88CFC2815FE87BD83909F474F45DD47F1C821DB2107A8817FD45384F57891B65F2543
311
D0C1E20A89B4A8DF806862AC27C60F6A054627FD344250718AC0FA21CDC4E28DBF2650D1B39D8B8A420C348A4F846E2BE824BF8C45E1DB8EEB52F576F47A75FF95F90FCE0FD3A7A08D48D5B9AFBE3EA658E1676FE3372FB57F0AD8D70ED4AEBA3D4C2BE0AAF1C3AD63A6004D12900CFC481A47430C9EACB390038642C8C41B
311
13303166614210592736B8603AD4FAB17189DBB32F3915F0C380795A089A15228460BDE8E52203527D41B5470901B088D84FF8B3FE2BA7F4FD30ACAB3DE0B7E2FF95807AB0010FFDE3A048F7360F9F3FB9380EE537F16F8673131325D3351A3F664022020811A0FE8C019CA17370725CBFF64132025DA1BE2555102212E80A
311
907FB43ED80A991A8AAC183932C19AE17524B06590B6AD286EB99BAD18FF4BD64BAB519202F992A963648ED30E7521F909F090C0213E367A77D8836BEB6F34D92EDA624183070248351F1A079E5D3E7A9EE81F2CE6678F92E299EE312B6C0572C0A7B5EEE07853612403813152C7125E2022A20C18F855DBAFA399817FC97F
311
B6E1CDCA31D348434ACD0012F0D32A5456B4007E6E92D72B1A4E9971223A42C1042819E4049C0C5801300C0013FA48F8944FBAE71DAFC27F1826FA2304ECDF3F6C10FF47D5C7E49748DDD687DE8E91C09394EE0682A4F84CFD6067EEDF43E67EA46CB2F4070160439245F00343D03BF25D7E2F26FC400A896DBF19FB8D4D0A
311
66DA669C3D608F9CD048A0533621B25690EE19D5D15248E390F042B12C682511B02BFE3E5700E4C9A9B2107A8F45248FA48234FD23005ED1F4EFE80D1320836F04003BF42856D478D1DCA3ABEEE3C68F9F30C3A16E5C238EA5DE3FF37DACC2F8B7980033F47FAC34421EF0418A045394802CE032D61C70023D788136788613
311
887C0011A4EA316E005718AE191F8D0D841B9C679CD2FC478442D005429166F5A24403B1E6ACF3298F388B6D0BA933D92339D48969A5C11F09B4FF017A9900A4F887010C474717E10F36468032FF33F4AD610517777104CD920C3CD15FC5F3B3A0C75BBCA3B00F2724863C10BCD4A0E00736C7981F2F72E4B001438B99714F
311
CFAF713A2603BC710376A1715FC602022202E06FDEBBC680A3DF1C4C095A12C50B554FE7623B50374FB2129DDEA4C392C9188077658C87F55FF92FFA507FF03FC8DFD3F31BDAB46DD51AEB03F7E1B38B8B87CFF47EA1479C3EBAD5C6B382C221C0F1B358B39D76D9D3142C4A20935F541E492E0EF081BA41B3620A8E172B58
311
4EA1485632E22A8221CEDAC6110AFA4B6D43E2B76A18AB240BB24337721C9321D2C033B2D3E2641A55A400A28403C12D1DADE39AD23FC5FC08C47A64DC3FF6DFF76B5235124022D7E6D6D5F3CB870F9F31C96FE477FAFE54100068A3A87FA5908A2C08011CF31309C10025B089FEF9C510522B8DC07C30AA469841723A10C0
311
8E27F00F7FBC181C083F2809EC3B2B328E294AEAD5A071B3A95C81D2DE3F930372D022C9C793535B92FDAD5426E90490C3C81D000017C6494441544698C416520C1C40C71FC204B22448FD9303782FBA67089A1A7D4CE38E89050FEF5F1E078A4DCCFADA058032C34C1CBC2E1202B1F8962B1A8024F0EB7A11F209E96FB369
311
D4B64202FE7BA230AD24C46413536EAE955B341B726C593B5D4630C0BE822480908522B0D85430230352618DCD4F7BA6D568BF4343801480006658EA3EDCBFFA9702B4FDE9022163C43F9B72B58001A23FCE6F0B3FF0E4E1DDFB9801A6FC42FD0132CC1F2224F89933107AD30B6C9131A53818AE944BE25A70810821C38F09
311
8411980E46D108F483DC63F49B91B852351604091D60546702F58A3872A1716411B642C7629C267E64E77719F46B0548FD6BFFFC86A38DBFADFCDF700228C124C8664FAA02BFB1F92B09800876FCE4F2D1C3FB4FD0A44E0106A8DB8079751CBF0BD9340066C3D52BC64706467C05B5A54401BE4A1B0132A55EAC1CCCB10D37
311
8A3DFEB9812022327745EF2102886A9142C812A1A2C9708027BB55B7006357459F9C2080E0BC34489FC629510F3017B62D5073E2A2C64048A0A42580E413BA9E08274091A398EA80B5BF31C87BF5ECF8F1C5DDFB4F22AAC181F070AAFDDAE5650C4000516440D8806786D874215149E69ABEC43FF0EFC820FEA112B0522003
311
C84BE03FB76623513B6D840820358B084119B0CEC8C00AE888826339A54091F5FCA513AFE147975BB1A86FC50618D9D74502F0C7C8815AA306602FEE3A5E79E0D7DED1B221001118B73182CD439A092FF801105D1AA14E1918EC282F6260869D55108065988BD67F68E5581720A708051F7C8070F582389C682BE53F2AFD85
311
853F2A013D21564028E06E79B7A71E43212180A81541EBC88F451E02385100491AB0C4A3BC5309A95911E66D04C0B448366988ECD204C2FC930F8CEE8FA410EE4C25B58DD1B6EBAD83F6196670F7DE635282C0A56A851AB035831725F0471A10FE52097089C80495804100318405F0DFC2136004B4C40705EC915431512920
311
5EC357930035688F61AC02188250CFA9A980233925F16A117A48CA54DAB6400221976B75D863330942E20EE3B00B08FBB71AA813B0E502FD2B023DF70114E0D7DF2E2EEEDE7B789504200112075478F2FBD6897835C91F0C20782401E801A2F9142700B74805703426023A81CC0BE88B537D0003E0C5181D29EB8D83050964
311
DD2580910A1E7A8138F76253DC01DC2F3824391AD748276C0B0CDF12366625D038603D0003E0266CB42704C8CE7FA7F11B4D59C0BF454A78F8FCF1E50513715D469607031272358F04E0003C90107223A581218F10008B10247CD20D860FF0BF48801040B361808148714764028EAC137E871501EFDD97C89B52107FF1235B
311
0928C562530082573CE137840EFEF82A0BDC602736C595912FBEC69E6A3A26903B3A300C5A098A9E3F1810CDFFBA019D97B4E7A7A075850F2E92569BD960CA7B8304995FD006FC4213BB1448A6F4BFBB3A9F9FC4962D0A1369129B10073771FEDA38B1737B663A71C088D8848027FC3008DAC4E4397A6F76271DFFFCF77D6B
311
D7F1F67DA51E0E08875A6BAFBD6BD7AE52CC04A0B4A2206F650EC412841A48258258E8662C3838FBE21E25172C2A15A4F78D82DCF68A005DCF07047C183E1CE47731BBCCB5469D9169E0D588945BEB637E87802A03D88FB82486210D28FB3B858D13DC7CE75F5E6F3B03C1744D30CC58C7C7A256146853A05243060B850072
311
A7010CA47CFBF9A1E24F414037B8781E8E9F219A774B36481CB43E48A79819D638C8760D672FAC19FB9D3FC5EA9158DBD0159C27860409682E8FF2595652FE189D2CC2D7C023E944158355806FC320087CC74116030CC376C559C098B93A041C5DDA48AF33827D2327DC761D19C17CC62780D82A170E6CE7415A5E7FE825E0
311
53048F88D2AC2A561CA4D4C60098DA28EF1A01382772484698F60C8DD24BF396EA76260542810A625978C03580A9CAB91D10249BE579B0377A3DD15749A45F24C4D81FF3D7D7996F6A1690288008C0FF6CC186DA9D5FC95BB09B1301004B016E707FDFED306A1BE8FA208828F00BF342186839839F1F6FA338DC5A0200FF38
311
3DE92614C03A4508DA18F4D85F9354F7E867AA77A42FF49BBE6757A1A7454448D0BFC3C220714FE43A3D8F1547BE10F0BC5A05985AC3C28829A06FE24CD062700601F4AF12AF99099B08E7071DC4626A97C920C3FF96E190C9D1FD7CB6163E800D79E5F3F10A9306C02B799E80F1AB380E0571A584C0370A220C3125000B50
311
0900D96FEA40409F980E2083E4EDF4D8D2480AE5667222E020BCDAD4EF19682120818FE18EC7FD6AAD67C03F7DF1955E697456F517AC4F24700C30171C67E9168B109A4F60AFA60F98BE30941BF776DBC7C70792A2FBE98AAA97224F8BEA39B47BFD14A8CD03320DA2B676E3AA397E652E30A42CE2987B7DA1EF7F75242413
311
800A04C0270C62A13372400B435ACD84B8B5009208F5AC73EB149FFF3508E21C2201E0338BE07E50EB47E7FF6D97724A601028C5519073E7978EC88834410450E074DD58AD13A4900103A6444A9CB99103229F0EF8C0C78161EBC68137240734CDCFC349807851E0EB46CE864D2E405ED341B71A390CF2DE20CF5193189E19
311
01E866D0230409684B193D17E2928534D04240937D3C84477494FC5E0FE0B448E35AFC19007926C1C6A6E622FDB8A12E30993C6710E070397C4B26304C0AE38218D19F01FFB15BAE1C0E7E74DF75F2406E373C414E848FF8E500EFAF3C1029C9C0ADAB2313A7426CA9B2C1B9E30032C84EF31A09A88A386F136E8C2F1D582E
311
A0459207015F10F1F001F0B1B7DF7222011EA2001F00BFD36BAEE0850928B08C077030FE3806C880EAA74BCE0863A952812E6008B3A89199C1EE918AF96AF583F1A073B0A355B9D861AF1460DCFB3BFC6B7EFDC834B09700CBED3510E48DC7129041C991F06BA5006CA6B5B34EE21501374E8DFC910042036111EC9C7CFA1C
311
05D48A7270F7F835BF04A4194DA4CF76CEC66718C84CD020D04C412AC848F03E3C61A1C8D50D0EA6838A00376054D3DF61A0E393E1F8B058A6C994093476D601A4A06F0CFD3C0A6BFA910E75CC10400A80FDA93AC9B5EA4303F6C0D188B559086091CC5910137772E14F2376D03181B5CFE74C0EA38440D0AC256D6C4D104C
311
E05302FCC00B60B9CD4D71E08BD40C144A025E60D4C1F45FE846A2105D717EEA84808A5DD90A168E133640311CF05DD870768683F5D2F1800F485AEBE5CABD8FFA3C0BEB33702493AEB551B1EB035EF5C8E5757FA7832141F88E8578A363802B560007AF93D7D470B478C4D00B412D634C9140C4F9275C00DCE8DFE3C7F8C0
311
AFBC5B2CE82E3C3BDF393D4375D50C43CD1C17E3777CD2C170725B7B42B41DF15BFC344DAD089C1E9118522B4A2C60B794E4E8F33081BB7C8CFCEEA0B2015E49D586429C6C78646180B7710E06018A3082243C275F077FBE412C17DE80D3E6B9462C5204C5D980D1DF84A864401C483CD01B143F4A4868087A0F780F372302
311
00A4FBF6AED325114C367C22512750A5C7C3E32D545CE20A0904183BA10015DCAD89864B3E1EE97EBAE8B204266A48E010511838E2FE413FB116E60880C2D8440AC3880DDA6DF6618C138CF1CB2A09637E18D00F80CB0DC05322E31EADB8081C29410903F06BFCDF5AB46024E4A75828056440503C707856EF0C037623DD49
311
22A400E8A6BD75E4D2800905F18450A00CEE88860C8964C7B3F90F56528BA18F71CFBBBCD2D05797E168FC37DB26DBE0DD2EAEF39686C18440820013C1444055402A541400DD362A0A402F1FE51246404E098249FEE30708C10CA0B54601053159480C00BAA9B1223A773234FE72FD5C3BD81804D8D196FE3D5315A0C981D8
311
8D04FA01DFC185CA93F9120E1F480B08063364A0A318F08DF95056E4C91F1150D31B011200383502E079EE43CC18603AE2F88FD139C802A739F208E88D06DC78267C448C27C4113C19B0F51B0E9C1C021CF8F9167C6B1F2E10E461002910105D1042792D1CA303F469714C018C23D72179E165049C40E801CB96CF334562E5
311
807291D1E0C70FE6CAD91656715F0E5C5E70F8D7F83290549B1BAA6F781D25180EBCA93EC84E72A74081CE3020789B3790E1A9E478E658C099BECFF01E530E80EC5FE31204ACFF70AF8177A03059240CD074978A002A878BF883FEEC81DD684E406CA630ACFDE87292822A11953710F000885D6F68A67ED40CD772B0828359
311
B753F7CE23D9479AB9845771B389D6A77130F8C134EFC83947392029B10E4425440A84AF0E54825228FC1634D369874739C837A9DDC83C20D320C36042610ECDFA750303710224D01202488012CA847424F8D53F78AB6BECE9B3B35A7F32396AC6B7444566327DBB4DF06FD9616744F4D3A397EB3B0A3FBA8D763702883ED7
311
42FE5CD24146D8E353ACCF811C806AE09914D8446E93840FF4D6C963FF32BFB6AB015D1D3B0C9A0968776F021F21404B6260CF84A14F35180CE20B5E85BDA2EC91FD5A7DBA7E5705F4F0F97AF26CE18E3BA078138202400A62930FA6CC7882F911A92F33E547E64990B0F27323D73B6222863F86425153FA8009361C675554
311
C25382CE148420C8DCC47A20122806CA178A0918C14CBD33440289078A00EC6070184CA9907FD0A1270478E0B325B67C2193694EDB7DD0F3C238447C8A11485562FB4902134E6AC952FD5320A4F7C780882DA9684285CD81D278C0E8FF8DEC9F45D22DC3C2CA99C2728110888799575B6834BF22B0F01EDE72D7F21B672C40
311
F0A972999E2200B7C91403F9BB3D09C01990819238CBAE5E7510D7D57450507E3DB04AAA0A3C280064E0775380C8C16EEA4834346A04BF0CE847B4B3AF760D06D24BBB267C32E2C9257DE5EB748AD101AF1FD33265E2B674EED8C01A0AC901392211011AC810560F77778E85B13BAFE3E25C95B70919A4862C15928BD89896
311
64AD8638101D009A80F00BDC41AF27602A4BDA0C077E550048E7F1011410F01405045E1C140B4D0E70E0F6E034171C3D6FD12004FCC1FA304312518910356628A4A326EC9ADF5DFFD1B2C0399503F14B4F8E3E0E4E39A06ABCB56A8014687E86E462BDDE5124615ECDB412B7314F62E6E0C76ADEC0F717B360E741960104CF
311
1706CFA18E0605004B01AE007869B095ED92144A807841EFF2811C047889A04901C809062057192688C92346F97F279449F89B113500BAD282D1DA80A55C27EFFE02C8D4F395003F285B617BBF0831F49B055342DDDD414378E8888E92C16789F269A27C9A221FAA4A0DFDDB9F935B2ECC04DC51481558A69301E0460B0266
311
5AC4DD30C03D480866C3409400051811876014C0F294C542821AB045011A3E3F09001FF304E3A0BED05CC11A811B865001769507FC01ADC611F400CF68C7B093606E30F3C7E0F00C1D10C31951C1E2D7252181DA00345842A19130715C736EC9ECE686A712FDB31E4D3E50AB336E5666D7B212C0113C4A4406029709B43D02
311
28F3FBAF49921B19CA0C82A2D5BC4A2079809240F37D3E10F9637607C3983F0458508A98B8B4EFC92AC13530180CF55359500080061DF59B98BB3FEACEE881DC8127F182A885A86FB12B43C590A4380504E32305E3148BBEEB2D2782029765428092545BA5C2C681FC5F8E869C0EE1034A822FF09A12C94084505AA8680803
311
03473F8161F7AA0A6610745E280BE4427FB770106F8800EADABA19F453210435BDB2348471B13B65F2FCB554827632C4C44467333E4127095D22092ED492009930413251B5408345065065E415266E20279A40B3F520370BE2050C8360E6BB4601C1673B9BFE007EF5200B6483CD195400A783E6DEA0653515B0FCE8E86D16
311
18FC1EFC15C2E727F24F2A2DAB57326D8D0877D4E298894E7A0C3C7D9CE8A0E2D17AA2020FA1097D6372F2A9F955060FDD467AD0426368C24A8340FD0D6687A76316DEF5179ED9042005A2BF02A5DD810A4DEFA4A8F700EFC50FF4FB8C06410F0303C106ADF8852ACC6A2CA9046E9ED070739339857222CC009E206479886E
311
A26227BF7A341A15C351A8404A6C10080A2140FA4B4E8D9B9A11645899332363FD69887F436A660566964250FD752E787B64BCF8E6C8190DF8EA0C854C062D8A5A1346F810414313E606ECA0AC3A01D6928544029D5F42E202C0CB386F880F7842A31287061F32F3CBE09F2950783394F2F2B23D85386C6F51943E99DD10C8
311
A0000BA9569A14805693274BD0E4F4DC3F28E331EEA91C4F33ABE057889BFB92819187840A08E57A276A8BFCB75B0342668C70C565C8059996D209C2800941A21FB82B2F520BC2E6FE6F1A8827043DE17000DACC8193E78BBB8DF1467978C06F6AFE986123E3A95272CAC122046F4C65C4B88FED2F1CD1D918F7CDBF8903BF
311
1A90057D42F4DC133AF804ACBB58446A0DB78806FC053FA1E45D0AF1112613CC0DD976C5E70AD3282F42725C0D02AC8588DE451B1C01ABF063E7748A3882F0DD484BB78D037F9812240EB88B6034C0AD53E5116D4C6D920C6A89F084E6D0598AD7EB6930CC7B293E27A666E5CDFE9A3FA52FEB3C97976FDAAE9A60008FCA6B
311
33099CF9880D35D419FC687D424378E3099441E110C5B3C6DC311E6653514A67A530D863326C4D8430E0C28024803B5B069B0E60C10EDB6DF087034171DF01F1F3404B27B1056D8C0E56E7CA6056E7798147BE4C2F01CED5987E413AC6A724876DE3F599E0601CE7B9CEF3BEB3671E12DCE8AF9631B8031D3F360B6955DC23
311
42B2A0E4632A00264C0DA002220CFEC3E10D9BADC8904D88DC51928593AA16C91DF6FFF82B3234404C7214D0F8608E0052283EFB2B0563F1D072936C4017706010BCF1B16CDE0C1FA9C777E44E1F5259B0C9BBC8794A82A6C182A3AF56B16921405351FDDC91B5BAAA617860E8D76C97C377FE701A4EB4378FA97C2C8E3CC8
311
950886C6FD93AF70A1F5F676B7ED16CBC56AF5D09110EEB8607CC08A795882358280DDB98AFFE7087C6EB593D62F041CDB4018935238E73F1098100D0C8769818F777057F64C703C6530E142FDF5C837AE1CF66C94C4887D3A3726AB990DEA248F73B5D32C8E04F6714B1E67C53FC52040252E605B322407CBF8C7F0545346
311
2A295ABF4D95592DDD76AC23512E9A2DF964715C80DD752CA8E263AC36F02C3C28A133EB22AC8D099BDEFDE28C3E8FFEE3815D5D00C17C00511058354D62443C1A546280E43572A9C661A34FA5891F8E7570608C8DF21DF51DF9D2A84D4501F41B8CD4F4C9DEB2F901E810C0E4CEB6EC08DFB06341C864CF8D0EEE779A6065
311
45E1E64AAF30A4324C20FDD3BD558BD966BA994FA915CD162B1978642AD01694E533EC190368A68234657085B5F88E27A0805E04B8BB6A00A51646EE3C10A50FF007FF410F1963CA69BE2002F0F902E701AEC995FD41F83A3F0C3809A3288A083003A6CC2A20E6D703EE48E3777AC07ADD51EB6101603A9FCF17B3D5928F6D
311
742EE7E4CF38AE2B03C5FB39C81D7B2978FAFE85AF3D2710B0582C970F0FEB0E4D1103B8BE2B4D560CA10002FC8F334C891C07B44FE06B2E3ACE5E1E2D1FC32203110ABF9CA0E8381F68EC3C06701328E5A38278A5FCD944CEA5283DA933DF2A2448BD23F1C5D8BE04CC2DC3B43B3EEC29F8B5FF926D11D3E97EBF7FA1BD1E
311
5E5F5FE6D3D972F548547783146ECD84873F377C5820F7F9FCE5E07378D6CBCB7E036DF7F7104079A05B77C6942D1BA95D47424BFC3DB6411009A42E207871B7EE9B06614BBD20F22F7523FB985F3F7068E37600273A3ED0C1CCC380F6EC4AF01CC1CF95E4848B7BF950AD14C44F10460221E02D21D01DAE800F323704C000
311
35DFE97CB37F797D3D1C0E4FBF35EE1E5E9E0E879FBF3DF6F474780A01FB3DAF01FE0C0798218007C2090A3008BA7682A338F4A8804A06CBFE6A80CEC766F49853F15B2F45FCEA3F8250012841315016E75E797EFEEC4ACA6C79F515CF1738F7C36E2406071051043817C9E8C5888D49D0332E800062FF54FA562BF7446CC0
311
BFDFBF8603D1FEFCC9F7FFB5A7F000430755C2D3F72F2D02A022820897ABDD44594475BDCCA4A10AF34C06B08B4AB58BBFAE30999DC66C7CE903A83CF8EB006EEEAA063430F84B05F0ECF644825F5E95073870E72A0771AB89B080022A0C5A9FAF34C89286257FB7BEA000EC65B59750C68E0815B0D9834B15606328F80709
311
DE09018AC2A7817F83F96DB3D562C10A0A31300230CD4200B87F85808BAF64D04600254047F9C14DE93464009E7F5AABB4FDD6D55142A2C0BF1541FCE19C20C899BF4F76AB54B84CB97F88F48ECC029FD253F0C70DF4816B9AC94BCBD653B1A283C4001A0337955E4AFED3FB790B6B1F5EA0B5514074103A38D84280EE0F5F
311
9BE974EAB2D16AB1EA969684B6E4166CA28264B300474C7308D20013B204A65F82970718D05678B3315D442E1C0A327E2F56556040C005D2FAB1326A68A07507C9E46A3648555A7080F5F50219A00E6222E3E0862CE95B5680930530742F1D041805E69B788161F015944D041182B861A2C17F3AF01CF5BFDF6C343F9171F5
311
B004BF59C016719164B888EA206A02AD05E8464D06B48E4381A0E9345FD171625AC22198F57C003BEA5510F81FF78D31C9B033D0030000000049454E44AE426082504B03041400060808002758A65828BB58AF800100009E0500003D00000041433043333044302D393837352D343046432D394334322D4637344434384434
311
323538332F536368656D61732F436F6D6D6F6E536368656D612E786D6CBD544D4FC23018BEFB2B96DE15493C78601010A34B880709DEDFB52FD0D8B54BD70DF6EFED3AC0B12E6442E2716BFB3CEFF3D18E26FB440405EA8C2B1992E1C323095052C5B8DC842437EBFB673219DF8DA659866649B798C078B48AE6410122242F
311
2A4994AC7F93815DF85C049C8564CA0A901499DD886B2EB9B1E02448F358701A9235880C49A0119892A20C89D1B9FD768815CAD268CB5E0355B40B1E47F3E37A2020464BED06AA57CE8FCC20C3C3446D46761A2632A8C1283D07031EFF2AE7CCB1BFEEE916E406DFAC8E36FFD99A9D60A6944090EEDC3B670C7DC13DE86B6B
311
2C5C240D6E503BB85ACD579D513F1B9F9A69DC9CC22AFA80C426D40AF0B21EA168559156B6276F0F726A6BFF04DCD513A87A62CAD41FB24FCB2858B3952E3D852084DA25B9303C15687973CC8E8AAE11DF2836C38C6A9E765E8C1BA1BFB1DC29CDFE518C8B5A7655A4ED7E77291ABEB80DBD82EC866ADE1B8D05AF9E35CF09
311
D7A061F38A986D9EC412B8F0F65E5D81534D9B231D1E5A8FE577A241F3A5FD01504B03041400060808002758A6581004A04F380500005C1700003E00000041433043333044302D393837352D343046432D394334322D4637344434384434323538332F536368656D61732F47656E65726963536368656D612E786D6CED585B
311
6FDB36147EDFAF20F41EC7F69A2005E214768278069665709ABE0A3445D9DCA80B44CA89F7EB7B0E2FBAC4B2A32643D10E33505411A9C373BEF39D1B2F3F3D27926C79A144964E82D16018109EB22C12E97A12943A3EB9083E5DFD7239558AEB07B6E109BDBA7C5CDC902D959360CE535E0866DF07A7579733AAB85D5AF234
311
E2C51DD5B081CA7A87DEE56E47E2D6689E735AD0947194500A22A249308DB6F82682A3782C52A141BD80E4E54A0A3609622A150F48C16994A57237097451C2DF462738529D3AC5FCFFB5B401988BC78824973CE1A9A628D91CB968BDBAC335B9A4BB379C6ABF5D2474CD7B9F773F7F78C349F055EF13FE2CF856F0A7379CE2
311
BEBCCE6456F8E316A9E66B5E18E4AC77BF5812F5937FDEF0F5BFE3E3C785576D96659253EB54863A87AB5D98ADFEE24C3B8E38FE48BAE2C062631799EDC8BDDD833C6E88585B9287340B23AEA990CA49B1A473421E81F856D06D9125E45E6F001C4F7F85D6DECA8C6A835753A250DA50DF92F743409CBC3BFA4C6EFCE2618D
311
302A0CEDDB264D93950002937BC66489A18D0A345DD650415124BE376A745EA9F0E016108E328D14C979C1302CD6BC0A4191B2C2C49112FFC0DB51401288D6A44C26C1B87A160AB6A11E5BD862514BE8B3DB750607BABFF6F781D6A74EED6EA7AC28FB3BA68C87AC94B2138A99DB41AE7147A71F56659287340123812054CA
311
EC8965690A74E111C5BCA7260158B0963EC50C07E38FEDDFC5C5C70AB6A915F446D44E46C321E46087E23E221E2BC0DA6EB440EE6F44E80CE5AE2E2D2F31AD7AB71B8B139AF730773909401FE0D8DC3FCCFCC3D438DC1176062076C3CB4A9D953ACC72CA84867CDA0361E0910F4EF3B109A07D332211C72556825745A21583
311
5F47678059E337068E3ACB0E2EA2B507175B0818FD1082EB4D26186F85BAD33464988F1420E1B9E43D522F8452A450106B04F01362BFF1B2BF5059B60F687C9F663A54396722163C7231012E7480FE916910E6572B6D8F4A54CBF92C5CD324A163C8508058D3F16A399B13B348C6830FB5FD47257A1B8D2CF08253EE776B3A
311
72D782D895363D96020B6C18D3C86359B3C6D45E728B4B9D716893D091E4D533045F495D2EFEF633FF5A660A520A5790765FE52E12F0AC82685E7FFA0398D65528850A132894DDE9F837B1DE48F8A74D487795A482C7122A6DAE377BDC5DC212A465ECD8B03E7E2E208EC88DD9DA89456CFBC477FB798C74389668AB1A75C8
311
20AB7568FCBE0B5F94DC9AFF0D038D9F77E49D45B8278FC7177D0DDCE732FA0BCDDB42720FA90E87115FF76375C5696F368AF83103F6A5911FFF03561EE06AD10ABE933AA9DEC398588888137017449E09C377051FCAEED1E8BC3BFA9CB27DA2CFDBF533459F374FC0C4FDECCBF3E06CDC6874E0710421EEAA6CEDBFEE60EB
311
913607436C3F5BBF713F6F42253B9A4A0FD64C08416FA986EB02254B1846D82E7CE2584EBE31E340E9A8247483F07D5B84AE3A5AE0D4C5B202EE585468BA84105B1F5EC00C16FADB133FB7399F390FCF245CBF9027A137FD26D1D651058D44D9B331A93985CAC2046CB4ED9E0314977128A42C13DB06879A273052525D16BE
311
833B8706BD1269FA69F2B9B109BB55D30D37679986D85848B86F026CF21E74809100180B0D280C36F6015A7DFBD06AEB6F8D503BDCD7DD6DABBBEF54E1FF5EDF0E3AD53C03509B5B816FE9F51BC8026F44DAB82BA989F200C4220B24166C3037854094FD46C5648D9C42F8B07E53687D824917FED3CE56F3FBA68BE3C6853F
311
CD64F4A00BB85831B1243346654A134805AF5CF39A9DFE22C9906A6EAFE8303A5F4AC4FBE637489CB62EA59B9D529255F326CCC28ECB77F812A7D6E63DF957504B03041400060808002758A658F702076DC3010000E60400004500000041433043333044302D393837352D343046432D394334322D46373444343844343235
311
38332F536368656D61732F52656E6465724D6174657269616C536368656D612E786D6CA554CB4EC33010BCF31596EFF405481C9AA2A64851255E4A816BB438DBD4926347B15BE0EFF1236982021512B925E39D9D9D59677EF3510A72C05A7325233A1D4D2841C954CE6511D1BDD99E5FD39BC5D97CA9359A0DDB61098BF9CB
311
FA961C4044344599637D0F066B0E22C074BC98C7A0319C58A9B254B2435ED23BC2F388AECB4A6089D280B18D139496815152EDDF046711DD82D048498D902B293E236AEABD7DF74D5D839F69EE1D9F48E1F3BF448FC9E6BF144F351E38BEFF9D662D0D16587B77825FAF2195BF515C395B563BC5197A0AE68DCF363BA831CF
311
7C7C8D7F0DA23D42898037B451BA833673DA92BC82D87F636ACFFB0CEC96F4EA30EF9A0FEAB85D91CAED89348D80E9B178DDC3ACFC71D06F2528A182138DD8672E4DC6DC57CF91467432BA985E4DBE3DB399079353607C0A5CDA0B70D4E65A122FA41BAEEF6C272908D315B076451BD55EB0FF9E092E11ACF8C6B5306028F9
311
D5F15EB95426D31532BEE5D6EC700FBA0C1E94211D7ADC8341143D429D2671564059C2EC72108B4EE3847890CC4697DDF8A708DB01FD7AD8209A41EFC2DCFD7063A504821C7869545188D6C16DF801342CCE6B276363DC8EFA4AFD0E86ED0677C3B77747C7FD3FD617504B03041400060808002758A6587CB8F82F51000000
311
570000004700000041433043333044302D393837352D343046432D394334322D4637344434384434323538332F4173736574446174612F41737365745461626C654F66436F6E74656E74732E62696E5361606070737336707633B1D475367136D535717175D1757273B5D03535333671737635307573751602AACB4D2C492D
311
CA4CCC492C28484D2C4ACC4B4E050A82012F90744FCD03CA26072767A4E6260200504B03041400060808002758A658C55C663656000000680000004500000041433043333044302D393837352D343046432D394334322D4637344434384434323538332F4173736574446174612F53747265616D56657273696F6E5461626C
311
652E696E665D8CBD0A80300C06F73E4B29FE6CDD8A2E82A083B8B7F209014925C9FBA3AEAEC7DD2555D896CB85E51C2A1BD834F6A1F56EC4494C4695278364ABB24ABD2146F88CCEBB89D5321FF8F3F43D672A3B44DF3CB6A1710F504B03041400060808002758A65873A70BD137010000A204000036000000414330433330
311
44302D393837352D343046432D394334322D4637344434384434323538332F4173736574446174612F636E782E786D6CCD94314FC3301085FF4A648931B653158490E30AC1D209242A06B6AB7329561D3BB22F08FE3D769B0154C4D4A1EBE9BBBBE727BF53ABCFC1551F18930DBE650D97AC426F4267FDAE6513F5F52DAB56
311
5AC510E807C62A0F03B6AC949956BB18A6712E75D8C3E44AD559BF9F8BF729216D60EBF0A97F089ED0536295719052CB9279C701384C143A4C7BDE01016F78C414A668304F223BE03CC94404C28EE9855C2C6B795DCB9B4DD3DCC9E6AE59BE295148ADB621B899B779590CE3D5429AE35EA6A51205D06A8A76A6CA6B98FE4B
311
25DF5AAF4426B54A14B32B73077D8DB903C6D1590394CD13C110529D2184418923AC95282EFCF2E2117BEB6D6959676940213E678118C9E2057AF29FDAF37BB3F689C01BBC64474E359EDF8797C32F7A3DC6F2909BCB4BCBA9466E7D7F86AC88C339C9D129D7457F03504B03041400060808002758A658CECC88FFE6000000
311
600100006700000041433043333044302D393837352D343046432D394334322D4637344434384434323538332F5265736F75726365732F46464330434634392D433443352D344445442D424645382D3536333446434530354645432F7468756D626E61696C2F302F636E782E786D6C4D90C16EC4200C447F2542EA3101A26D
311
55AD08FB137BEAA5A2C49BA2058CC054EDDF175A0E7B1A6BFC6479465DBE839FBE201787716372116C82687177F1D858A5DBFCCAA68B5619911E303645136063DD665A1D196B1AD60E37537D77BD8BF7611E10213BFB9EE2C126EB4D291B2BF61382594C25DCA1DC97DD9059E492A160CD16DA017201C6019BC110EC4CAF62
311
3DCDE279162F5729CF429EE5E94DF14E6AF581E807EF2241C6F4B40A8B6D8CED1FA17807B4AAD90DAA8760FAE139C5DB52AB42B9E51F10FDA4069994BCB3865A4D1C2D01CD0D021314FF87B5E23D6F93BF329AF66EF42F504B03041400060808002758A658A233C2345D000000800000006500000041433043333044302D39
311
3837352D343046432D394334322D4637344434384434323538332F5265736F75726365732F46464330434634392D433443352D344445442D424645382D3536333446434530354645432F7468756D626E61696C2F636E782E786D6C4D8B490E80201004BF42E6EE76F3C0F216234B883063108CCF170C074F95AE5473F5C4C0
311
6E932E4F28601967600677D21E9D8092EDB002539227A2FCCB80E1168D80A6417297A89C5D6963B7129A0D1E8F2EE73AA7B62BBEB8B27DE50B504B03041400060808002758A658BE89762363000000880000005B00000041433043333044302D393837352D343046432D394334322D4637344434384434323538332F526573
311
6F75726365732F46464330434634392D433443352D344445442D424645382D3536333446434530354645432F636E782E786D6C4DCC3B0E80201004D0AB90EDFD75167CCE820A4A845D83603CBE602CAC26799919AEEEE0D965E2E908050C6D0FCCE04C8BC355404EB6198129C92351FAD580A10E464065907C8D948F8F1663
311
75F655BDC3FDC3B4E530A176BE7057BDC43B2A593FE403504B03041400060808002758A658030E7B4C7D000000A30000003600000041433043333044302D393837352D343046432D394334322D4637344434384434323538332F5265736F75726365732F636E782E786D6C4D8CD10AC22018465F45FE7BCB4863813AE89FBE
311
C7686E484EC366F4F869ECA2AB0F0EDF39B2FFAC81BC5D7EF914159C0E0C888BF734F9B82828DB4C3B20BD9639A5EDEF06248EAB53D03068B9E4549E3B9ADC3C96D068F0F1B1436B91A1E5578A1C05E58319E8CD9A8E8ACB995B344C5883D53836A5CEAF57B7E5F517504B03041400060808002758A658D5531B920B010000
311
550300003400000041433043333044302D393837352D343046432D394334322D4637344434384434323538332F536368656D61732F636E782E786D6CCD93BD4E042114855F65426239034C5663360C5B5858D9A8951D327777C90277C28FD1B717468ADDC44E8BEDE0E4CBCD3907AED87D3ADB7D408806FD44F8C048075EE3
311
6CFC612239EDFB7BD2EDA40888E90C239D570E26526522C521605E9A34C35E655B556BFCA9890FE81CFA177D04A748A7AD8A712271BD0E2A279C219E86592535F02140C41C349409C938681374009560267264E3A667B73DBB7BE57CCBF8966FDE04ADA414EF88B6F1C62708B8DC8C4C6339FA6288095A012972308DAA2988
311
3C7737943E042D84143185D24223D3D75248B52CD668954A5974057F1829680D7B11F9113C04A3AF35F385BD7F0BFD0C7E86F0545E2A1865AF35FB6F2EFF56015D37A07C83BA10F21B504B03041400060808002758A658E3603EBE7A000000C20000002C00000041433043333044302D393837352D343046432D394334322D
311
4637344434384434323538332F636E782E786D6C6DCD410EC2201085E1AB90D9DBEACE05D09878023D01A1D34A8419C380F1F82DA68B9AB8FDFEC93C3D7C52546FCC12980C9CBA232824CF63A0D9402DD3E10C6AB03A3397DD192872090D3406ABE7CCF5B5D18893ABB1690CF4DCF02282E5EA8A5BB96FFE536F285CB347F9
311
5BEFFE81C9ED5AFF9D5B1FB575BB00504B03041400060808002758A658CE88837C7D000000A300000007000000636E782E786D6C4D8CD10A832018465F45FE7B9B2B23033586D27BC4B2909986CBD8E34F4717BBFAE0F09DC387CFE6D069E2DB062FE05E1140C63FC36CFD2A201D0B668006C96308C7DF0D909F3623A06090
311
7C8D21ED179ACD322557A8B3FE75C18722AA219AE09E752DA66454B857B4C6634735659AD62D6BB2712B4A9E5F2F6FC9CB2F504B03041400060808002758A658CA1DF9C9A900000073010000130000005B436F6E74656E745F54797065735D2E786D6CA590410EC2300C04BF12E5DEBA70400835E500FC800F84E0B411AD13
311
252E2ABF27A55740421CEDDDD9B55CEFA7A117778CC979527255565220197F75D42A39B22DB652EC9BFAFC089844F65252B2630E3B80643A1C742A7D40CA8AF571D09CC7D842D0E6A65B8475556DC07862242E78CE904D7D44ABC79EC569CAEBA537E3521C16DF5CA5A40EA17746733E0B6615DE7217475F386F18B9481C51
311
0F1F021CD9FF027EA0E1F5C4E609504B03041400060808002758A6583DEE336E64000000790000001B0000006175746F6465736B2D64657369676E2D7061636B6167652E786D6C35CBC10E83200C00D05F21DCA56CA76D41FC96062B120735B69A7DBE268BB7777961F8D5AF396893C2ADB70FE7ADA196782C2DF776D7A97B
311
5933C430F15651E5469C55D70F80A4992A3ADC954792C525AE70A1E4D6AD9816CC044FEFDF01FE3FDE907802504B03041400060808002758A658F364C30EF9000000960100003700000041433043333044302D393837352D343046432D394334322D4637344434384434323538332F4173736574446174612F636F72652E78
311
6D6C8550CB6E833010FC15B47703268690C838A24AF3053DF566D90EB1126CE44795CFAF1DA8D49E7ADAD5ECECCCEED0D3737E145FCA796DCD00B8ACA1504658A9CD34400C57D4437162D4591B7ED1A0307C56036418189D9C8DCB06096B8232193556AA0DE4DEAB008578A466002F6E6AE6258F2131FCBD5CB8B8F34995B8
311
5C798CC6A8E5B6AA6552D357AD1CB0717C6B9B7D37A2CBA12588F484A07E7C6F51D7E3915CDA0EEF0E7B5AE56546839E7FDC85533C2809ACA91B82EA16D5DD07C6C71A1F31F9A4556632EA834B3F6FA6F9BB6497AF3EF3C069B54EFFA8C645FEAF1AB509BB66535D373C309C8E7C0D18AD724AA9BC224C3527CABE01504B03
311
041400060808002758A65839505BA6F30000008E0100006800000041433043333044302D393837352D343046432D394334322D4637344434384434323538332F5265736F75726365732F46464330434634392D433443352D344445442D424645382D3536333446434530354645432F7468756D626E61696C2F302F636F7265
311
2E786D6C8550CB6EC32010FC156BEFD8E060C78930912B355FD0536F08888B1283C5A3EAE71762576A4F3DED6A76667677D8E56B79549FDA07E3EC08A4C650692B9D32761E21C51B1AA0BA70E69D8BBF685059B1E8110A0C9CCDDEA57587A4B351DB825AA7F40E8A1074844A3E723342901F7A11B5483133C2BD5E85BC8B59
311
D7A4DE789CA564D42E352ABB999BD11EF834BD74EDB19FD0F5D45144074AD130BD76A81FC844AF5D4F0EA7236B8A98B368969FEDD26B11B502DEE29622DC21DCBF1172C6E44CE83B6B0A93B3107DFE795F5ABE038E59B3A17FDCD2AAFE774BC6C643BBBB6D8A009CE4E39E03CE9A924E2ECFE8722D49F26F504B0304140006
311
0808002758A65893AAF20CFA000000960100006600000041433043333044302D393837352D343046432D394334322D4637344434384434323538332F5265736F75726365732F46464330434634392D433443352D344445442D424645382D3536333446434530354645432F7468756D626E61696C2F636F72652E786D6C8550
311
CB6E833010FC15B47703268690C838A252F3053DF5E6DA0EB10236F2A3EAE7D70E546A4F3DED6A76667677E8E56B998B4FE5BCB666005CD6502823ACD4661A20861BEAA1B830EAAC0DBF685018BEA801320C8C4ECEC67587843541998C1A2BD50E72EF558042CCA919C08BBB5A78C963480CFF28572E1E7C52252E371EA331
311
6AB94BB54C6EFAA69503368E2F6D73EC46743DB504919E10D48FAF2DEA7A3C926BDBE1C3E948AB2C6634E8E567BB708A07258135754350DDA2BA7BC3F85CE33326EFB4CA4C467D70E9E77D69FE0E58B8C7E5C3703DD36A9BFE718DABFCDF356A130ECDEEBA293C309C8E7C0E18AD724AA93C234C3527CABE01504B03041400
311
060808002758A6581B270DD80D010000B10100005C00000041433043333044302D393837352D343046432D394334322D4637344434384434323538332F5265736F75726365732F46464330434634392D433443352D344445442D424645382D3536333446434530354645432F636F72652E786D6C8590D16E832018855FC570
311
8F8205AB0DD2582B4FB0ABDD11A58EB44223B0ECF107D525DBD5AE7E7238878FFFB0F3D7F2C83ED5EAB4352DC039029932A39DB4995B10FC0DD6203B73B65AEB7FD94066E4A25A9064C0D9BCDAF0DCA5D11AAF4C528D9DD42E4AE79407D9F8888716B8F1432D3297C14787BBE74F39DEE5AC729C6F3ECE42D0D31ED5537C4D
311
DFB45A01EFBA0B2D8F5507454309243521B0EE060AAB1A7744D00A1F9A232B529833AF971FFAB82AE9D50478894A021185A87AC3F884F009937756242767CEAF71E71D9AB6035C881EF58234B0273D85E43A5CE1450C35A4D581887E40540C3D2BB6E01F60784EFF038336FE50EEC02DE100C7F1FFAF0BCE8A54601CAF76E3
311
4C65F36F504B03041400060808002758A6586738A453FA000000960100003700000041433043333044302D393837352D343046432D394334322D4637344434384434323538332F5265736F75726365732F636F72652E786D6C8550CB6E833010FC15B47703268690C838A252F301554FBD596643AC043BF2A3EAE7D70E546A
311
4F3DED6A76667677F8E96BB9179FE8BCB666005AD650A05176D2661E20860BE9A13809EEAC0DBF685018B9E0001906C16767E363839435014D468D9D7003A5F718A050F7D40CE0D5151759CA1812C3DFCA875437396349CB9527788C7ADAA47A4A6EFAA2D18118C797B6D97723391F5A4658CF18E9C7D796743D1DD9B9EDE8
311
EEB0E755160B1EF4F2B35D39940127104DDD3052B7A4EEDE293DD6F448D907AF3253701F5CFA795B9ABF03F186DE46A7D0F36A9DFE718D8FE97FD7A84DD8359BEBAAF020683AF23910BCCA29A5F28C30D59CA8F806504B03041400060808002758A6582EC9741BF7000000940100003500000041433043333044302D393837
311
352D343046432D394334322D4637344434384434323538332F536368656D61732F636F72652E786D6C8550CB6E833010FC15B47703268690C838A252F303EDA937CB76889560233FAA7E7E6DA0527BEA6957B333B3BB432F5FF3B3F854CE6B6B06C0650D8532C24A6DA60162B8A11E8A0BA3CEDAF08B0685E1B31A20C3C0E8
311
E46C5C7648581394C9A8B152ED20F75E0528C4333503787157332F790C89E11FE5C2C5834FAAC4E5C66334462D77A996C94DDFB472C0C6F1A56D8EDD88AEA79620D21382FAF1B5455D8F47726D3B7C381D6995C58C063DFF6C174EF1A024B0A66E08AA5B5477EF189F6B7CC6E4835699C9A80F2EFDBC2FCDDF017B5BEFF4B4
311
DA667F3CE322FFF78CDA8443B37B6E0A0F0CA713D701A355CE289535C054739EEC1B504B03041400060808002758A6582597100C01010000D80100002D00000041433043333044302D393837352D343046432D394334322D4637344434384434323538332F636F72652E786D6C9591C16E842010865FC5CC1D05C5AEBB4136
311
8D669FA0A7DEA8CC5AB22B18C1A68F5FA8366D6FED09F2F3FD33FC33E2FC3EDDB3375CBC71B6059653C8D00E4E1B3BB6B0862B69203B4BB138177E60905935610B490629C6C5ADF32E0DCE06B449B54EE32E2AEF314036DCE3A5053FBCE2A472B58648F85B3EABE1A646CC59BE715204337D59870555400DB2A42527B426F4
311
E189B1136527C69F4591482956634355EECD707A419DB939C44820EB4A14DB73C456A377C8E8F8497335B8807CEC6857D19E926373A809A7978E1C3B5E92CB81F7BCE9795937A948344BE1C31247B3174943F8AB7D33FE8AB6CEFA9FD1368707C9BE431569CE52149F4B8867DA89FC00504B03041400060808002758A6586F
311
2CA38807010000B201000008000000636F72652E786D6C8D50CB6EC32010FC15B4776CE360C78930912B355FD0536FD41007C5068B47D4FE7D2171A5F6D6D3A299D99D61D8E97399D15D39AFADE98114152065462BB5997A88E1823B4027CE9CB5E1970C90118BEA21C3C0D9E46C5C3768B42628935163A5DA40E1BD0A80C6
311
393D7AF0E3552DA210312485BF15AB186F625205299E3ACE825E7E5647A7445012785DD514570DAEDA37428E153912FACECAACE42C462D372B2D93BBBE68E5800FC34B53EFDB019F0F0DC5B4A31477C36B83DB8E0CF4DCB46477D8B3322F73E6834B7FDE8EA49C017971CFBEAC7C529C7D583B6F82144A226BE62FE0152B33
311
F127745CE53F426B1376F576F0B9E1819314E84124E3DC601A8F7AD3CC6DF36F504B010214001400060808002758A65828D94F7F10010000A80100004F000000000000000000000000000000000041433043333044302D393837352D343046432D394334322D4637344434384434323538332F4173736574446174612F4465
311
66696E6974696F6E4974657261746F7250726F706572746965732E62696E504B010214001400060808002758A6587894A6F3F90000003002000045000000000000000000000000007D01000041433043333044302D393837352D343046432D394334322D4637344434384434323538332F4173736574446174612F496E7374
311
616E636550726F706572746965732E62696E504B010214001400060808002758A658B5A795FFE3790000DE7900006B00000000000000000000000000D902000041433043333044302D393837352D343046432D394334322D4637344434384434323538332F5265736F75726365732F46464330434634392D433443352D3444
311
45442D424645382D3536333446434530354645432F7468756D626E61696C2F302F67656E657269635F706E67504B010214001400060808002758A65828BB58AF800100009E0500003D00000000000000000000000000457D000041433043333044302D393837352D343046432D394334322D4637344434384434323538332F
311
536368656D61732F436F6D6D6F6E536368656D612E786D6C504B010214001400060808002758A6581004A04F380500005C1700003E00000000000000000000000000207F000041433043333044302D393837352D343046432D394334322D4637344434384434323538332F536368656D61732F47656E65726963536368656D
311
612E786D6C504B010214001400060808002758A658F702076DC3010000E60400004500000000000000000000000000B484000041433043333044302D393837352D343046432D394334322D4637344434384434323538332F536368656D61732F52656E6465724D6174657269616C536368656D612E786D6C504B0102140014
311
00060808002758A6587CB8F82F51000000570000004700000000000000000000000000DA86000041433043333044302D393837352D343046432D394334322D4637344434384434323538332F4173736574446174612F41737365745461626C654F66436F6E74656E74732E62696E504B010214001400060808002758A658C5
311
5C6636560000006800000045000000000000000000000000009087000041433043333044302D393837352D343046432D394334322D4637344434384434323538332F4173736574446174612F53747265616D56657273696F6E5461626C652E696E66504B010214001400060808002758A65873A70BD137010000A204000036
311
000000000000000000000000004988000041433043333044302D393837352D343046432D394334322D4637344434384434323538332F4173736574446174612F636E782E786D6C504B010214001400060808002758A658CECC88FFE6000000600100006700000000000000000000000000D489000041433043333044302D39
311
3837352D343046432D394334322D4637344434384434323538332F5265736F75726365732F46464330434634392D433443352D344445442D424645382D3536333446434530354645432F7468756D626E61696C2F302F636E782E786D6C504B010214001400060808002758A658A233C2345D00000080000000650000000000
311
00000000000000003F8B000041433043333044302D393837352D343046432D394334322D4637344434384434323538332F5265736F75726365732F46464330434634392D433443352D344445442D424645382D3536333446434530354645432F7468756D626E61696C2F636E782E786D6C504B010214001400060808002758
311
A658BE89762363000000880000005B000000000000000000000000001F8C000041433043333044302D393837352D343046432D394334322D4637344434384434323538332F5265736F75726365732F46464330434634392D433443352D344445442D424645382D3536333446434530354645432F636E782E786D6C504B0102
311
14001400060808002758A658030E7B4C7D000000A30000003600000000000000000000000000FB8C000041433043333044302D393837352D343046432D394334322D4637344434384434323538332F5265736F75726365732F636E782E786D6C504B010214001400060808002758A658D5531B920B01000055030000340000
311
0000000000000000000000CC8D000041433043333044302D393837352D343046432D394334322D4637344434384434323538332F536368656D61732F636E782E786D6C504B010214001400060808002758A658E3603EBE7A000000C20000002C00000000000000000000000000298F000041433043333044302D393837352D
311
343046432D394334322D4637344434384434323538332F636E782E786D6C504B010214001400060808002758A658CE88837C7D000000A30000000700000000000000000000000000ED8F0000636E782E786D6C504B010214001400060808002758A658CA1DF9C9A90000007301000013000000000000000000000000008F90
311
00005B436F6E74656E745F54797065735D2E786D6C504B010214001400060808002758A6583DEE336E64000000790000001B00000000000000000000000000699100006175746F6465736B2D64657369676E2D7061636B6167652E786D6C504B010214001400060808002758A658F364C30EF9000000960100003700000000
311
0000000000000000000692000041433043333044302D393837352D343046432D394334322D4637344434384434323538332F4173736574446174612F636F72652E786D6C504B010214001400060808002758A65839505BA6F30000008E01000068000000000000000000000000005493000041433043333044302D39383735
311
2D343046432D394334322D4637344434384434323538332F5265736F75726365732F46464330434634392D433443352D344445442D424645382D3536333446434530354645432F7468756D626E61696C2F302F636F72652E786D6C504B010214001400060808002758A65893AAF20CFA000000960100006600000000000000
311
000000000000CD94000041433043333044302D393837352D343046432D394334322D4637344434384434323538332F5265736F75726365732F46464330434634392D433443352D344445442D424645382D3536333446434530354645432F7468756D626E61696C2F636F72652E786D6C504B010214001400060808002758A6
311
581B270DD80D010000B10100005C000000000000000000000000004B96000041433043333044302D393837352D343046432D394334322D4637344434384434323538332F5265736F75726365732F46464330434634392D433443352D344445442D424645382D3536333446434530354645432F636F72652E786D6C504B0102
311
14001400060808002758A6586738A453FA000000960100003700000000000000000000000000D297000041433043333044302D393837352D343046432D394334322D4637344434384434323538332F5265736F75726365732F636F72652E786D6C504B010214001400060808002758A6582EC9741BF7000000940100003500
311
0000000000000000000000002199000041433043333044302D393837352D343046432D394334322D4637344434384434323538332F536368656D61732F636F72652E786D6C504B010214001400060808002758A6582597100C01010000D80100002D000000000000000000000000006B9A000041433043333044302D393837
311
352D343046432D394334322D4637344434384434323538332F636F72652E786D6C504B010214001400060808002758A6586F2CA38807010000B20100000800000000000000000000000000B79B0000636F72652E786D6C504B0506000000001A001A00210B0000E49C00000000
310
504B03041400060808002758A658000000000000000000000000370000006662782F36313931393441432D343730362D344645372D393532322D4445383143333233383433342F617474726962757465732E62696E504B03041400060808002758A658000000000000000000000000350000006662782F3631393139344143
310
2D343730362D344645372D393532322D4445383143333233383433342F76657274696365732E62696E504B03041400060808002758A658F270F1330600000004000000360000006662782F36313931393441432D343730362D344645372D393532322D4445383143333233383433342F747269616E676C65732E62696E6366
310
60600000504B03041400060808002758A658B5A795FFE3790000DE790000420000006662782F36313931393441432D343730362D344645372D393532322D4445383143333233383433342F7265736F75726365732F322F305F67656E657269632E706E6701DE79218689504E470D0A1A0A0000000D49484452000001000000
310
010008030000006BAC58540000000467414D410000B18F0BFC6105000000017352474200AECE1CE900000192504C5445818181B3B3B35A5A5A4848486060605C5C5C6464648383835E5E5E6262624E4E4EAFAFAF4A4A4AB5B5B54C4C4CB1B1B1858585B7B7B7585858ADADAD7C7C7C464646787878ABABAB747474A7A7A768
310
6868707070B9B9B96E6E6E6A6A6A8B8B8B666666545454565656A5A5A5505050A1A1A1BBBBBB8F8F8F9F9F9F4242425252527676764040403E3E3E9B9B9B7A7A7A8989897E7E7E9393939797974444448787873C3C3C727272BDBDBD3A3A3A6C6C6CA9A9A9A3A3A32020209D9D9DBFBFBF8D8D8D9595959191912626269999
310
992222222424241E1E1EC1C1C1282828C3C3C32C2C2C2A2A2A2E2E2E303030C5C5C53232321C1C1C363636383838343434C7C7C71A1A1A0E0E0E121212484A484C4E4C1616160A0A0A4A4C4A787A781414147C7E7C9193915E605E464846838583878987B1B3B18587856668665A5C5A626462818381A7A7A5A3A3A1B1B1AF
310
ADAFAD7072705C5E5C9D9D9BABADAB7E817EB7B9B7585A58BBBDBB4C4C4A8D8F8D747674B5B5B3B7B7B59FA19F606260ABABA9A5A5A39B9B99A9A9A78F8F8D6C6C6AC7C7C5451AD12700002000494441547801DCBD89771BD7B5A70B8EE04C702641712605CE034890E220088028C93245451215B713AF388E7DFD9EEDB8DD
310
CE6ABFF4B57D97137BE50FEFEFDBA74049B6AEED74869B7E87404D2814EBB7F76F0F67A8835CEEBFA0E42B854AA5B2BB5B6BCC951A8D52A93657A914FE0BEEE39FFE2FF395B9B9C6CAD2D4C4606F4B7FFF8D1B37EEDCB97587F7CD9B4343BD134BABE7DB48E3FFA7A228ECD6F6574E4786C0FC8B5FFCE2CD5FFCE297BF7CF3
310
CD5FFC92B52FFE58BFF9E69B776E0EF5F79E55CBBBF9FC3F5D3DFFB07F5898ABAF7CDA3B74E74EC0CE20230561BF096E97E05712BFFCC59BC80539DCE83DDD6E54FE61B7747DE17FB8980BBBFB2BBD4337DF487881AAE6C5ACC6AF25207877B2B527BFF1CB3B77FA47561ABBD7F7FA7FE146A5B6BD74E3164C7F51449AE95D
310
B412200EC539418717E7F2F11B376FF62E95FEAF1442BED0581DBCA1BD2780D23F506AFA16E1A7AD974EF17876F00DD7BCB187A1A97AE51FCED5BF2BC1F2BBE5B3C19BE27B43CF26DE00933658FE129B109C2FFF922CC22C4260FA01BEFB462A77DEBC35F42F600C3F5B0795D2E9E02DAD5E650B4438A92801B65C35CBAB7B
310
1EE5041CE69D3B6F1822DFB873EBD6AD3B6FBC71EBC6C86AE967DFC2DFA4CEBFF1BF54F6276EBC114E2F43FEC60B01A0D440A868B2920E5C4BC10D60931ADCB871F3268B21D3851B08E1D6AD9BFD4BF57F7577909FAB86F29B982571136AF01DF5FE32AC3BD9406CAAF2440A54CF176EDD01FBADA1FEFEFE21FE4C9858DFF4
310
183458A9FD2B6708A5A5A137E0EE1D11A9EC0C7C58B2C73C0AD6B479BD76B7790CF899E287FA5B06FB7B07C9195B7851FA8794031EF1FC5F9406BBFB23375420286399B631E93B08022A785C4DBF9996EC3551874094D71B6F487E80F6837E50F483BDBDBD83232323AC420A18C68DA196EDDADF68A77F938F78FD972BABBD
310
B7B87FB164AC6FC2CB760365821ACB74AED44FFAD7E7431ECD7E08AC421F391D199998989A383D9D98E8E56F84A318C58D9BFD2DAB73FF5222C8EFAEF4DE7AF30D756E5108683DA471E70D0502099A7240F19E4089D3FD203E620F1B47BF43501E85031AE44B4B9F2E4D2D9D4D51D8970983FA861B3706FF950CA170DE82F6
310
B312CC4F42C8966295F7D725ED29882415DC055F36DEA1FE96FEC141493F05FAA9A9A5A595B333DED5B3D5A533F62183323032F46EFF13EA0AAFA5FBF7C8976F8C10F7280A014832593B90004D52341980D907EAEB73411EB2F1EBC9F507F92746C40E7AE0AFAE54292BAB2BAB67CAE0746264A277B06508168C94BF772BE9
310
765F7BF0B548FE1E07F3B5A521340A5CB5297C4B12811B89E82191ECF3E41B3259C529F135E23CF4C7F961FB13537F5A02ECCAEA76B5BA5D3D3FDF3F2FEFEFB3AA22053E5008833428DC6C59FA2F770595F311F235D427F379BB8A121BD901B96076A388DC4C3C61C7933CCCD770FF375A6E0CE9F535FE2534BF5ADD3E3FAF
310
D71BF57AA951B6D4CFEBFB8864758A26154430080B06ABFF557610ECC93726224F155D1471041E0D42F82F4891C926C1355B0831649FF365F46FF05300A7A790BD8ADEEB0D4AA9569A9BDBADCCD56AA55AE377F5F3F3EA2A34983A1DE91D810543138D7F28E57FF4E2B5335A3928B76EA1CB9B00BF158C8F63A2E788826896
310
D0B5E7C461949ECE089144F8EBEFC7FB4D8C9C4E9DAD60F7FBE572B416C2F2423ECF8B86C439E450DA970634ACFDA977629098D0B2FAF313A36B3869E37AF7853378CDA1171FBEBA95DF1E44FD5144A420588641B0055A79ED91CC0DC41E27064512FB33F1F04D09D0D2DF0203A646A6CECE80DF28356A348CED8C4F1EF137
310
B9319E1BCD29867CA556AA97F7B757567006A447FD375A26CAAFDED9CFDCFB2BB0BEEE8AA5911BC2C7F85DF88A3775389990AA72219D582409210F85A4E66F2987D875C30848023088FDF77E87F96FD7CBA5B9DCCEF4F4C9FC7C676777577B7B7B67E7ECCCE4E8DEE85E81A6D55AA3BC7FBEB242589CE8ED4770E785D7DDE2
310
3FF2587EBF57F50B9E820527316488E5C32D50F979BCA58207297E2B6D658702FFCD211840FE43FC9F3A5BAD9E97E6F21B9FCF16BBBB3A3A5A175B5B1787875B5B3B86DFEFFC687A72674F19D46A8DFDF3EACA59E405375ACE76FFA922C817CE86A89BDD92F400F2C55B7462F610459837D3A61ACF50C7471C8F2F2A9D38C3
310
DA2F068007F80EFCDBFBE5DCC674B1D83EBCBEB8BCBCBC3ED0D3D333D0B3DE33BCBEB0D8DA35FBF9F8CECE68AE020BCE61C112A4C1138CD47F9AD13F7DC6AB9CF9CFCFAF9D0E01FFE6CD503F5B91C5218E2899CA15098714848B04FCE5654884ABF0E554F11F6C21D73D5D5AADD64B7B9327DDAD8B0B7D7D6D6D07070763BC
310
0F3E38E8EB4310EBEB8BC3DDB347E3E37B5842B97C4E44A0C630427E5CFDFB71E03F471E12CA9FF70E055AE141042DD81234B879EB4606361D9328149037D7D76A571A7E974FA20AD0323832713AB5BA7ABE3B3E3D3FBC30307070B0B9B645D93C3CDC3CDCA41CFC6AAC2D64D0D579B4B1B397A7C1BDBEBD7D36657A3CD4B2
310
F44F4909F2B9CA597F4245C59DEC354316F0587020D0C661742BC02869435FD12CF195C422DB3C5A3E2305C000CE6B7B27ED8B7D63079B5B5B878787C787C7C7C757C76C51B60ED60EDAFA06D67B965B3B672677080BB5329E60E9B477847AE2E9EB53E35779FD37EFCD2D0DDD68AA355B6B0D81860502B8B68C801F5C697E
310
9AD62F4B406244CB975560BAC756AAA577675B07C6D03778C17E7C95CAF1B3ABABE3E3ADADE3CDB1B1B6B681014470343EBA979F8B90383545727C63E43549D14FD0F927E5F1FDEFD7263058FE02EBCD1BDCBCA053496BD58E69BC44F9F854D4D979AE9ADB908824382AC1D4014E9756EAF9CE85B6B54DB01F02F8EA5908E0
310
D9D5F1B3E72188C3C3AB67879B07C8A0A767B8B831FE5E7EB754DEAE5261460243FFF07858D8EF0D658BDC563A2C5EF5833C13C90B69248C4DD97842B61DFA7F210A2F6108A0F96B62E2D3B3F3DD939EA47E30ABF5AB2B903F4BE5F9B36757CF65021E616DAC6F60A1FB647274B4B05B2E5341B082D43278F67D8DFDA48AFF
310
9A13F22B34C7586C9992BA6E66CABC190E313E7C811AA57304B421A75B289B9D174CC868C24548823E230B9A5A2DCD2CAFE1F98E61C015CA7E96B083FC59F3ED06EE60F360B3AD6F79787ED278D0A86FAFE00BA9220EAEFE1D5DE1F7855939C3FCC1332426B377F692406E022C010DB437EF009803F0DCFD3B7C94440571D8
310
F2C328F115F47FD324802070BAB43FBA80EFDB92FCA1F7E7CF9FA875CBB327CF9EB08C4DE4815BC4210E2CB7CF1CEDECEDCED5B757490968286899FAF95583BF46F9393CEE6A86D6F618CAAD9BFF0BE22B042412C5CFB50556815CC5BBE33E9F61ECEC26A9BCB8145FD10590078F9C9E953B513FAE1FE387FAC246E14F9E3C
310
E7F5F8194BD6594140876B6B84C5D6799C61A16434201E5237582AFD75C07EEED9863F463284E2E13425A036BD41061259289B6BDC1ED656FC8B8592C9D00701E27CEA749F0D8EF44EAD8C1F80FFF8F8F9D513191F6803384C800097F24069C407CFAE88136B7DCB3D5D4A60B711F19070D83235F77331FD35E71596688903
310
8E2E0B346EAB7936C4162043E1A1F144093695443A570144898BC4079CEF1912809A3035A1D3F361235F90FFF1E3E0FB93C7E2750719F88E7D8E68123883ADB5B18185AE99F1D11C1238A792DC4BEDE8EC6FF503DF377E0445F68FAF4E08D43082D02170F30131A154206CC559A8D9CFDD762B31273E4947A581E0D9BB71E3
310
3FFA07CD02CE2A6BE1EC80167497F2A81CFA3F7EFE58D0CF5D5D170DE4F89070B0BC4040CC17BEAC6B0586C3D3FF0309BC06F44B04A1E13729929B4DF73C44070692C810B08AC3012E8EE9EAE22067796288C193B2139B970B86F47FAD0F98382B1E035D9C32FD318A4FAFCB274F2E1FA772F94411B0CD42493C23393A685B
310
5FEF3E1ACF554AF5F3552A478383374E6B2FDDFC4F6DFE38F4F4ED7A7FE838F488EA852482F412D3CB07E293D02C9F074F12E84C5AAC423271450572A385449844706475FD38DC3C22486A0639E5F1E38B0CFE93CB4B25910EF309A2224BD8DAD40C682C28341AD69047E8539A6AFC14EC573F7FAD10AE0FE6EB13E87B28E0
310
93B513B5803514DE408809BC12A14876DE0A25F643009E9176D9F0C330164285A7444DC8CAF0E9FE41429EE0A2F6A6DE91C0856C501272404A8468822E24C807030B1D33D40D4AFBDBABB411D093D88C86D7205E05FC57EDD1F805FA4CED5920F0CED39157E007CE21757C5DE440ECBCB46CD283E378029B43FB077B4F47E6
310
0E9F61E8D01BE017D7E843EB49F50A2028F1E442FCC90C9EE308E4C0C2C94EAE30B75FAD3A0EAFA57FE9EF960F14BE15638840EAF3BA490BB6850EDB38EECAFD21A0C746D0C4234DBD035EFC7EDD121FA585FAB73DB89FE6A03CF833AB0730E5E2F1A36CE3F202A128934B44E396961121E1F2C9F32BFCC0C140CFE22C1CA8
310
E109B182919696BFB98120234F61B59F7BF46EC30CF067B21A33B0FB3E402448EE266CCD93135A8E823DB31F85E677434E608F53F8100BC0098EA2FD6BC01770E0F2F2D1E5452A711C4BB8486248FAD756D852026B6DC90A2AA5C6B69E9068B8F27AFABFFEE8AB36F1D23985D5960014FD711940800B560250D2272CC54FF1
310
D3A660B275AC3881E349689C1616E1E9044129D032313509DE4700BC867C71F128C400159407C761022BA8A040F40A244788808C60B3AD67A17576279F6F946923191921B0545FC2F12AC0EFEFBD7262B6935679FC7F80629160ABFAEC88E8430E76D82A8DE62ACE50BD4A42FBF03B387B37FD321B37E31C3F063D99703F51
310
60E6C9E5A300CF32A91E0A085A29C0FC507F6C21012303C6104B82C1F1E156DB3229D1A855A32A8352C9077AF733A0AFE0FB3EF81FDF2F0F82C21B0EB06998866878B103305E31EC17F4FD43831E570A2118D1667632D4FFFFB125782F96168A833DBE78C3F11F8383A79D49F58F1E3DBC780417AE6581381E8610604888E2
310
913E12492881274822C221AD04CB0B1D273B8542837460898C686864FF6F801E8269F40AD0481DFAF5E6E9C1F3BE391C325004DF0746A4E4448F7B52C0D5EAD39EC46896B888C4210D68E99DFA2820DF7FF850EC407EB55C3EBC5028611409BFCB8889C90F1C52355AEF98B18100094C9D0EF6F64FD47E5CBF3FF5293DDFB4
310
B50DDD54F351446FA1F14580DC3902C085F593CB24ACC917B213BBC11B3F0A61042FD8B24F4FB9C4556D0CB9E1A880DE89934CE9607F18F81FDD950DD0E1D143F41D56110E227C250621FF098838042BC85B5B6BCBCBC31DD37B34966E9FFD9936A2FEFEA9EBA4182E5CD3E17AE35501FCE0707E5525A7DBC64DFD077825BE
310
37CE0BBE1BBEC061410C660B6E49912665E2B3749C7C9F93834022F74CDE6CA5EB501D9CBC04B768292C5CCB84478F3CA83074092C6082169015E5800D5839DC6C1B58EFE83ECA513BDE3EFB8EF1242D2D4B3FD55AFE03D42F8492AF8A3F21444FA2FA9ABBF525EAF84C09F0168527B0138A85D1EC0443C467B28BF844EAF7
310
6323BE13D7C11F72FED783837B970FEFDE7D7817E077C17EF7E2A1C2C0FE851FE4C008388C15E818958746129E1009D054B67530D6B3D8DA3D59D82D9D57CF70039FF50FFE0DE94089DB269C3655A4F25B38C49D0BD48E59F1526887C18FC5272197F85CA72862A593A4843CD25F920487DDF7AA0441A2C0600D062001F103
310
FCEEA3D8560CEC3EBACB01CAE5A51E420349F602191E5F901893142381351CE17047E764BE50DEAF9E4D8C38B6ECFFACEB141E54A6865A88A60133EE9CBB4C256930B0B168C1C3AB59FE1743FB422C7166082E934AFA5EFA3E4BCE0B69362FA7041818B7FDECE1DDFB4D022007CA23E521F0700AAEB5888BBBF08023E128B4
310
045381542FA256B0D04E28A0C3804E233A1BFB476A2F48FD135BAF9843BEDA3264EB42BA499601F16B566E72C7EA35908ABCB9176BBED43204C696AFD3D7B24B08D3AFA44BE243D88A6D9D0B6562B52F741E1610C0EFBBAF2B0829289A640EC4C8A4FF66A24430786CEBE1E1E61AF9507BFB496EAEB64F8F49B4129EBDEC06
310
5EC1F8A3F228A3CD0950883B41BEC6D1944AE06147289600A7726313AC69A3F91197F1438BCB743E76F01F6EF1D1C854071670FFFE43FF1EDED702EE5A14C85D0C42DF90B86068800659AC88981855E3E774A71C0CAC2F76754EE7CC87C808D1E1E0F6CF47FD4224731337BE1E39C5010823EE997B1491BBD99FC8D8EF7748
310
2BEB5EB2CF66499A8E0F7511B19B3EFBDACB6507BC78731B1B383D02FFDD7BE8DD9256F7D0BA7B46015941097B80018F700FFA024CC08078F51806100ADBFA163ABA8A3B95B9D2F92AC30BC908ED31FABE0CBEBFFF0279B675868F9AA24E9530B08C174055B7F48E4F58002F3E82F0BDFA003E8B431EB6C4A91E4D9B5FFB79
310
1265BA8827BBE5F1BCFA7F789F72F75EC800F8AE43FFAEC42F13009FB905A9A0132015D0068ED7682AC608BA6771038DEDB3B33082891FAB1ABF5614F93238079726B833958796B845B731FCB86316713C1DC581B1E19B424EE32674093F80776F7E27C6FBFAC85C536CD955B96EDA2A3FBF770FF4BE11845470EB3E42D022
310
000E0FE07D161811020742162444668308801E133A4C163BE68F6826A5523071CA78B2FED51F28F8C70FE4190073A3E5D3259D7A288CD19BDE623F10021BAB0C6E327FD507B2741627727EA00D31856492F9F009D7F152D930704E642795C1C1B336E0DEBB7F0FDCB79318543B25341F36802D64A981A690B94259607DE0B1
310
9D466BF8C1C5E1CEF9A3FC5C639FD6117B4BAEAB453F8EFBDA500A67E8BAF76C8A06566E36EE1184E8329419161F83D843D5DE7D8221163E145F56921C3EE383978072129E290A9B7166E63D26BAB1FCDBF710009E4051842390031845F20077CD079407C575F20364C4910ED2A574BC357630B0BCD8DE39335EB175646A69
310
8458F6A346F003A93002E846FFE0C459B8006E506D79BF902908A0AA05CB5E73530E33BA1D3C2EF99C712B7C8B41DF4D2A7830BE8707485FCFAEEB85A09AB6D39BBF7B4F23E00509C20DB04E240822A4B810E04D8D53D10D504C059ED86BB8697F514777717A8F8144D48A4C89077F7EDB00E2D89DC02A7B975640A282C49A
310
4AA84B70B12BFED8EA6584860DFB7EE23FCB00C6BAF7332FF259FA3C9346508813E372F1DDE425065BB61FDF8300F7EEDDBE8D0C6EDF46F7D8823478590AE23759D60DA6B7A9F125EDE8F4A5D2B37470D0B63C30DCDE3D3D59A8D1501EB1B0A5377517BDD6E301F995E3F955F0F58FAC2E81CE172A8344AC03DC6781939D24
310
84B8FFC15E8F3ACCD3954CE19576B942D0A029188EC7013FE59AE90B71292DE774F1F63D60230180B30A2EDC65291B6211B4081128856001A680015CE000708254891851D4B3BED0FA4D7166B466BFF1D2A924885AD12B387FC0FCE6819AC3AE06A7AA4B715F0927B74D119D4A668FB54B8A8C268D8B038A207D10A7B1E95E
310
42195B695BE0240F7408B311257C23F581E987C180140C584A02B1670CB817CEC0A080F259F1360E58452013200E3EC107AC1DF4FD7B0F6D23F33347F9527D9F51E6138E31AF35F1BDAAEEEBA3D71BB402E2FB47CECEE96B4DB85536772B07C82A34F3E66D0BCEC207FEB9E70643761276F7B50D5EE963CFF80C7AF4A2130F
310
5BF8C4EBFB5F07B709840480DBD8007FB7EF3F90104908BA457D43AA2A6A02C91422285E5AAC143F3313A0CB74D9D164933B86C25587134E8D342B453FC982860D09FD13ABE72055ED020E85D3E312F74C25CB0293D978A1C4001927C80B86FD06349126EC219F0C735C8053D8F5F310817EA01F1B7851F406144C211C6362
310
C27DD51F1E310C0102280ADB891E9B085CC528A2B1369A46BA195B9A2B351862CE43174BA73FB7CBB430A5798F4C54B7333B96C3224A9863AD02B9FBD8E63092191924E77C199D92887DA594B6DCF0112857162FD0949FE6A441F5E62E42FB2105BC405A2301A3424601DC807912CB2C39C604A27908021CDA30C4C8C2019A
310
883B3A8BD393BB3546136EAF561980FB63E9E035FF73B96D09A905ACB2C11D79571C5159026227DDBDB81396EB03F14100BEB66DE1FA9EF82C3ECCBE318119C4269FD014E66361FC8BB0B4EA9A98EF3D8848A01360430284335004C183CC25BCA82D2302EB03B8419241C64DF4F5ADAF77B533BE786334BFCBB8DA72BDBEFF
310
C36103AFB30608A0B39B58D93F0BF42180841DD26BDC22CF0A770E90240006BAC65197D90920131C7B2EB3CFD3C71C6378A305EE8488FC1FF8D391E2BDDB0F6E3F45E7C8207C419800DB410073A3173942CA8D5242642A74496FF115832A6314D9FA4257577BF7FCF8F8E8CEE8DEDE5EBE76DD3CF892BA7FB8B90F629431B5
310
525E92A15A3A4A6FEA3FDD73136172060959206591F4C927196CF645AA285CF3014630121754261C0D31E1A7E3DA2DBDB54B04703BDE3A4209F02045C4BB0F529A14BED07098A2A1CD47513DA64B512F409BC01663090796D787173B5AA141B1B39BB470EEBCF1E30F9D263ACC4D05110797CEF7B923B027F089F74D1D06F0
310
A4D8C0CDA6604023FCA45B76C5CDE0BF3845ECBE13E0C0ED73700A8A753C1AC8AEFFF1B407FC8A20F42F0D94019121DE304077A027D4112283BB8FF0072444D68AAD111D6F591BC0061854BBC048EBBE9E81F6A33A95C21BFD13AF3C7E7DCDFFEB0DE8903F77B41DF178E99C289895B0EA8CD640549D68935BA7C5294E0A1D
310
66DA0CC419BD398E6265789CA1241441AC94532A3C19C95340BEFC68703077EFC1D307B71F3C500859C11494838E902203A2BE90EACC5135B80B078804340C920C2300BCC06F7A1C71B875DC572C9BD1D84BD5FB9363CA6BA7D03E5C40FDFC54FC23C9B4B9DDD028787D89219038523BF64E638BB37CC25335937A00DFD328
310
69C5B390C8C32FF25C8C47A7181B4A599A224A9DADB0E0406FEFF9F183B7448F081E3C55024FB33828784AB61704482CD0160C04174F9E33BA9291D58C2F1F1B1B3B5863B0D9F3E51C35C253D54A23E560E2C0CB3A6F7A81382601C2079CAE96B7B1560D20A341E85A928A4E01083256420576C2ED477E2E565FD9223BCC69
310
1CF394D3D8E281501E0EE5C1C8159E92585D255CF30CC854C75318006EA4A01028EC853F9407C6053910BE105348324002260254886C156260F9189EE0F8C9A3CBAE9D5A992184568A69D5183A7DB97DB089FDC57AEE54F858FE54F577DBA85309640290F2D220952620750C5811FB772A7876D1E4040FBFC6474D51246D8B
310
3FB378283FB514F8AB3C20B8BF7DBE5DE541C9A5D3D38DDB30E00151E02523081BC89C2214103E0BC1B3D0199A08E002681A2613A2616CEDF0F0F9C5DDC75DA395C25C0309C03DEC8091A4AFD3FEB504AAC6633930556DAC86EE3561941E862C4A75DD6B6BB3A0C59BE153DFA73EDFCBC3CE2188D3D378FC976D0EF9A95B7C
310
8532F527CE3CF539581E0FE501291E9139FFB65EFF5DBD8E0C18DE3077170A64E033FD278F18068028802F156C3809FDEB11B1019C208D020C9BA2870457F0F8E1FDC7EDD393E3B9FC9C4308E9315704233F960E554802C14716B0B45DAB5EAB5E25AB7830EBB8D25E6CA94E4AA01794FB1EE164FE9F040FE82C940A4BCEF9
310
13075D087E85A7237D3CF29C47E4E676777779528C4781761F0BFBC1D3A77880E40C9A2E5109180D5255317890394229F0F082010354082D574F1E3FBAB7D6553C2113DACB97BEB5526C7C6F69F9310A94C46CD89FF8F379AD1AA035FD00FF3F320180F01417A6F255A3A8D86319FE0C0B0E06A0DCD33F79841339C01E5BBE
310
1911AFCFF7C1E0A540BFBDBFCF2372352686D863F83F59CB6865F43104007EE06F52406F680341102048A01BB048823082CBCB0B6AC48C313F3E7CFEF8F2D1FDC3D6F6F9F9D9E98D9D7CAE5EADE2A6512FAD7AB526E17F600C85550DDE9ACFE9D97E694513103BC69F8A2813176032C890C1E9C49FC09C61670FF8705B1D73
310
86260E7C8E7122C7F8208A55139E8C8D4763F7EBF5728DF9C34677364E3A3F9AEFDEC9CD95470788834F9FBEC512379890B38C94205B2557987C4186DF5C0837608DF0F9F3CB87B7EF6E920475752A01460E556919B2B64296FB9FB70DD5F47232A0F77465BF140CD001F00ADCA175090E2665A14E6329B62660E02A1CB50C
310
6025E3DA252A670B3F0FFAA5EAD94A509FE7036B159E0D1D9F2E76B7AE1FD5A606198D3A747AF450023CBDFD162278B9446688111009B4029B0F2180AE20A542D40610C073B47FEFE1416B2B12200F3C991C2F54EC2491027A816B0A34A9D05C6F437AC23462385DADD75642EDDA738AF1600DBE07EE8437804D2D011A94DF
310
71C2085EDD40266A407FFA1D1C00B0C03927E60338E3B9D8C47D1F8CAED578E06F7CFAA4BB63B175FA7C301B747CB377F45192003CB8FD34B12009224543D8604494011A80C1903CE0518C986208E1C5FDDB8FDA161686873BBABABAE74FA637BEA894A44078C19696F326E057D7F95D061A6B0394A9D5F2DCAAFE4C2388D8
310
A6E9AB7695CB0BDD0A332430F1A9333DA41D1FFB97FA09AE84E738C75C407C260408F8DBD5EDED7DE1570A7BE333C54F16963B46AB0C2B71208EA3D16EF4EEDCD7005241166C005A73C03164792151205C007288AE337B4D7103741BDE7B7AC913350B348B2D767515674EC6F72A0402BBCB41C81305AFCF05F2758D3ECAC8
310
D26AB97606DB9581A4B7A8FFB068CD5C0604E6849046B70C2B60FF0CDDF93C13822B4E82FA0479A68220E66D9FD775FB3C1A9CDBDB9829B6AF2F77EC9E0678FB20ED8D1B1A1A39D10F9812E20D6281F5673121AACAA9C53424000DAC173F7E18C3052EEE3E78E7F1160F5AAEAFB70E0F7775CFCE4EF384DDEEBEB9C0889D52
310
43BDF557559FEDE5F17AB21E118C4C31A3DF6A96B56AC62180293910ECD6B721047664BCFCC6B2DD3C65CA0F0C823DFEF84083C7ECCDF05898EEF158F4FEF97EB9C123F1B9D1D1A3D9F9AEC5F5CEDA84A3C96C14A55584D62893D6A54D8D2028D05C8B1F124884543F3223B29D208B04910D3FC43F5C52196AEB5B5F5E58E8
310
E82610F08C21BD443801233C0CE8BD1E40F84A1CA86001990048031ABBAB11EF83F9283EA89F181F2A0D9A9F62D94B7F625FD727E6A93F63F200F614F7CF100D4511C07DB45FC5F0CB4CA359ABE4774631FDAE85E599EA0878A3C33D5AD6430CF4C055EE5FDB80629000D7855DED3F436F3B61B3DC7FFACEFD2B1BC6FB0696
310
312CFA477CE87A87070C7998E04FBA78AE3F915A065E819FCF35B410321D9ABB308146A11AD5196CDDD7C477A171C8AFC74B45CBC6F641AB53C8D4ADA5870C02379BC0470CF83DB55F073E29CF5CE5F7A3F8FD62EB7AEB1774C2C6780B9523F9287193FD23DDB79FBEA513B45200E2E0C1B51350163AC19043C600F2C1DBF7
310
DEBA7BB9B5457BC0D840CF325EB0BBABBB786D301437000020004944415472B491ABCCEDAFC0591201CAC8EBFACBF367FE7B6E40E69F551BBBE7123E3C00AC560CE20C62436E8C3C54CC225EE08C0D74CE26148877689EDD004FB2BFBFFFBB984035373A7954EC5EE8591FE531348654514DB1D1C56411DFA2A7C212BE5ED9
310
1278F2851A432244C6822C29C85A8B320ADCBDFDD63BF71FD32648E7D098CD018BC35D7FE89E250EF2AC75F96C15271602687965C844B8807C6E7729D93F22E81D39ABD62A0820C1FE9F11CFA7208125D33E96FD69E83AF6052DD32D49FF0802CD9F9DFD39260389A950887A647CCC99BAB17132DFB5DED35138FB3A060F62
310
95AA5E195BF0BB56495A5A4A8FA440026E46A047D40ED2520A441C302D240F201FB8F7E0EDDB0E12A04D8816215A0579E8FE1B1281E9F19C9900DE79842E2A7CCD48E9876EB01C75DBA0E0C8D44AB5512947A00BE7CF5DE9E1A6A6BE43CF1A78783DFD5A404E4477336C1ED8B18908B2A847B2AFE9839E891137A6673BBB96
310
FBBA2A4B8E9373B001F08369BA11BE8ABC4302FD2345FD6014A127068427D007BE28B41D9B0D40FFB7EE531FA673C8870A69135B1CEEE8D009C08042A5B4EDA314920B635BF941E7487E45256439DFE9D276295F87E698389CD49FB394FE19720412DEDDC40E9CE9C6DD605E0B719FADC416CB15AB3A61F9B5B9B9426E54F8
310
1D8B03DD950946D432B40CEDAB7BB5AF11213CBA73C9BCCCDAFBCF06127C7980FE6D1DC9B4DF14832D6568FEAEEBA76FBF438300B541064ED33F3AC0B0D10505306FD370AED02859234402F6C3FED006766DDED2034D90D119057225EEE3DAF787EBF30EC51ACB4F551678BD6728E1944730C095F13E4D81A4DFFBF67C5BEE
310
37E62A85FCCEC6CC6C7BC77A5B477E22223ECA4FCC0F87E2A5E3EB782BDB25B8CFC6736A044DE5A7CDA604526361D650484FE283B77EFBD65D52C1C73C4F48E7D0D81ACF572F2E2280F98FB230508FA906B42DE240ED651B301CEC83DE1790C9FD96B6CBF986BECF3BD332C18EF627A0B6EECD5B152E02088D03D828AFFAD2
310
6B05BF671B4F9A09A8CE0CD2707F67F2A4B3BB75B9ADA331C1305BBAC182FB4A79820B7EEAF73199B8404C0B81231CDCBB871B80FC41FF5860E8E108222A1A076C29E6E03B6F3FBD4F1F295DC457573C7ADED636D6B7B8C88413DDF3B327E1046AA51040B40CB50C7E3F1D2E44DAD34CFA604029BFFBE714DF0C069908027E
310
B275F1F366C132E1A7450B04011CF82B2B647CE754F650FF6E25BF37AAF65B7BDA16CAA791F1D09F6CAB989EC5AB7809BE145FA459E8D3E4B0FB47DAEF093B946FED585B80FE1A0305FD5330FEDB4FDF79FBF6BDE81D8300CF6815E5F9896552412A03F31FCDCC7CB5E32365550CD9365FDCCEC8752E943161D78047336F8A
310
F6539840A1F2E764FDA2970999F205CD2BD1F5CF496571F76EAEFA0E1CF8FD2A55FD06391F9EEF8B9DC9994E72BEBEE1FC928E2F223EBA0FBFBFB4F2DF137BC894B8087643D64ADE6EDED67F7680FAC9060239E845FC94AE93D880F994FBF71FBCF5F66F9F32C292EA900F9C1E6F1105E81C5B5F58A067A448143842008D72
310
75EA3BBA3D2516FDF02FF79260020D6B3C714711F3CFB61BFF56A826E627E82256F7400FB387FEF23C1C1E77FD6A21EBB1B2B35F2F95E7760BE1FA3ABB3A981423477517EEE36FF96F122B942F6FB64D9502BD1B9089162532A2FEFED255028FE653C9F46FA321E0B588B7DE79FBED07C44106CC85133CA65190543004D01D
310
02D8181DDDA5A9C91A7110805B7875B689FC3902200FB192E7DFD936B37B57D9C338BD49E99E181F4E5FCAB2ABC1CA7AAB382CBC7D515457CFABE6FBC63D525E5CDF74B16378B9AD6774A58531912D232DF01BAA913DFB7D3AAFF912984302B84D0500077800D26C60A4742101DE420C610C2E92FA93056022EFBCFD5BB6B3
310
8651470CD33BD87630C05831BA864C85997B8754B05167F0706499DC442FCD22592AEC2ABF3FF13F950039BF159FA9B36ABDB2778EFF83F70972B83BFD3F4899E64DD8346AA495CB155A7499F2CE39B0AAE755125EB84FD8CF8D8E4F4E9FB4B72E8F1DBCCB98B31BC4607C2CFF21C8145FB48EA0F2159F86A3098415609554
310
DEFA7B27EF1301033DD06D274BAF6821D220DEF96FA4CBB60B3CA241C021D38E1AA76B4406B4767576166766A6C7F77273F5F395291BBA19F64F2E3095C14F3E60371827741CB27E89543857D6D96BF9A47C6A9A26057840332EB843717AAD171880217B71FCCC0355AED3D4819911F79D0EA8AD6DA31A83E36C5DC2D47029
310
5C011302387069158F6C9966022367ECF1D00BA9BB95C389AE7B6105A1FB640689033A7FCCFFEDB762189103A61C3A4FEFE0D6A6B5A19EC5755A443AE78BC5E9235B047890A65919A0D2F96AA3C01CEE913BB3ED239C3E0CD8DDAB99E4348BF3F8B977B6C43DEBEFBD7721A839A63B94C06A10DB87FCBFA3C2932F8C26F88B
310
6D6BB30C3C4E09AFE40FAB52EFAA1EC0316920E031A46D65A0FFE45A673432E907FBCF86717AC04F2CD0EF512D665FF53F05BFCDC43489F150890C60A8E0314E70A06F619D30D841189CA15D3417F3CD50191AE4396543F0C42BCFD696C58DF163F5B46D708BD5FDDA5E5E5FDF9401BC4F7E00E8A17520833D1CBFF495B5D1
310
CE037C664123EEE74737268B5D1D3DBFDA6AAD8C08DF2C0BC7A737E10AAB2A7B958990CEBF556CDBEE823CB09FB344143463C630CFFF585D330CF0320E921744A7918280FEEF981161008E9FBC78C830217A07B7D6985E83F9A79884ABB5AB383B4D7D788F9FB3D867A2112A43F19042B33A108690CF6F472F8661CFAC9714
310
78757F6E6F2F7AEB82FEA85E5715941778B278281F28C268AB24BDB470EF3303E09C359E9DF1CF990D8A096106E6A66C8620DDE7D281DF0B2831F20439A30D68386CE13E002F7EDA8D7806162B205D6A19AA1FABFD6B1B400EC2BFFDD66FDF7E8755B4883C043F43046C1326136680404F1F934EBDDFDD39CB58A98DF1BD78
310
80E0532E671FA1435E9D6EA5E9071000BE8F262E7C4044FD95D5FD526EB40A05A634775F32205C3D779FDC168CD5E56BF982508BF572BDA4F6F57D3304BE9EB18149461B12F760D7485891CA47CFC44909136FBF4931716A2E100123FC6CCAA6A644F25EDF4AC980B14039009BECE8B798BF69A05DC5B6885CD23F8E13A46F
310
F0C0A986D617F001C52241801E87C2974C31411DA3A5D7B6175472763D637D3E57C33B908F867F4A59CFCA7923375E5F027A983E18BD7BD4E6FDDBB2250C1529F4202EFAAF979DFFB1F2612E87EBEFEC58581EDB9AA95AD1D7C1905F7305BF8182D5BBB524D47C4E3B81CD843220DE1E6536497C0962C225F75A2D6A998303
310
B23FC501F0B3F736EE1FF01200FC8C99F5515207C9C40081DF304C0A17D06E26CCBC5B3C47459308178301FA8057C2C0AE9D99B05F038828B08400F2E3251254DD7EB8BC4853B101F99AB48E387457C96951E5DB670648BAB70A7B04FE93EEC5F5B183F9739C98952C6845C380D401B8FC86E70A20744EC720E09D35955D96
310
A9041720196D183AC2CFE6AEA816652D0234883D788BEC8F5DF2615261DB031C2381092401B48D8D2D870FECEA9C3D99DDB036C8A051058030E32190976718C89F031DFBFF2EEA3D88606A8A19BD0AE305BDFD12BA4FF46F1A0002B07137989C748936E9DB2C91F43B07E4E4D16C3779CF5A4FFE8CC981F07C29E34B7C012A
310
F0054FAEA4A6A3D49D3A16D2B3CF220A029003366663053C89B3FB1827080DEC2780076FBFFD8E39810CB0593CC68B5D9009F2D400418028B0BC6CC74067E7C9CC0C2690FBB084AA5254A12AF63543B35EB40D17B693F7E3464D5094C00AA9E04E0E0524F5C35C5EC6BA94B21AAF2440725E2A9FF94FE7A8F0E769EB83FDEB
310
039B631B18BF396F5C13CF89ACC02C387DA56DC3B1CD84B96CFAAA37B55FE723B611062258257D331F186AC93D8AD600B4FEF4AD777E4BF68F2168FF08C081A37AC13446C859964803961928476D78F68419390D830C1935B5C2A0A22A3AB17D3D6428BF12DC373B8D464E04C0A496BB3B3B75639DCC2500E0F0B15FB6F47B
310
5A7ED0183A87CAE8D535F2EDBD4B3B7FC762DFE65A07C30B2851DB890082ADC07131EEEFA3DB7DD5CD32C0860CA83CD4B7993A175F422A8149B1C1D94C1145059D9C78A8A572A90B7C8B1E3392FF77A80C50220880FF3669004E90F101740D2B808181455A044904674E7482CC3EC85C4BCE339404C0B0BF6A5611E4F9B815
310
7BAB6DE327EC9BFBA1B4557ECB609C1F45326499EFB90EE78F18227F09E563C9E63D847EDB3B68EB9C39E95AC4F7ADCF7D87F6752BB6912040281E4A0D8A8314E80D60470999B8A51FB1488A66A9F3F81FFA61C83F4FA6969E472288FADFD61B005E0EA4284822E018911828E868614DA0C36E11F3A051070BF2F0840E35F2
310
00E2C0C80A776CC9E7E6841C0503D0EDF15ED9AFE527E798D23BEE5F0604E58DFB7099D739BF0BA5D332EF29F1535995BDBD0DE681C4F71DFE6A7AC5A13554AE6910963E9ABC9A0DB5B202225545F5CFACC942B5B93C207352B6E5310BF349AF200175D7DFDF78F6D683B7C87E087FA9B35812C4F8F13452CED610A2207541
310
E6D659A739441F3833CD0C9C3C3DC2B0712F62333C4FA9327C9CA1124904B4FDE0FE21C119776CB0C212AAFBA5CAF80EB43772ADFE77CD9FA8A4144C54C2FB2304C65F62FC3678E4F6C68F30FEE1BE8383CE7DB86F58B1AE0C51F0F055E188D02F00911DDB0991832228B3172B3E623E513FF1734FF414A611A603163F401B
310
EA790FC9FF7FC3FD3DB02DC00184145B850D01D120424DC03C00FCEB7880EEEE939399F1F18DBD4AA54C939899304D913CC2D5CFBC55E50C7FBE4C0E14AEEF53D6843DFF56BE2D554637EA047D3C210E2C61077875FB5B40E19F43AB7470CAFE1C0D3ED3B3B4778D1DF6D4F837C08747180FE8394F2CA1E0A46B6DA62CE2B2
310
DABEDE0B1924098580FC16B369730E9E90541D3730D47FDE16EE1FFAD3419CDA05ED1F2715C607F2E81893AFC5936303F40EB776F1D808BDE393A3FA401E1C706E154C892860AD74A2949C409E28A8FB3349C764D13E4D1D3468952B7B1B35001BF41142CAD58D6011C8B78961EACAB66E9AFBC627673B61FFDA4167950A27
310
4145BF11EA17BA9AA60815C2C43AE1F648E3772E53C94E6364AF826019E723069A8AA353A3BF7FB5359281700061FF64C28C10B9AF0B70B0B0D30A31CD1CFD22F68C76DA1E44558869257892363C091D313EFA46B57C3BEB252E9C6BF5B4799EC58F1910F469E25AA17B343799DB3E33CF410061F96C6D63FA91B1000CEBB7
310
D2971BDD39A2A76361E000F5DBC1688D47CB812DD60F8001AF25B328D173A9E4BAC18CE9F1F628704330741B2649B92E9714447C68559C6CD2F681919367E4811100750058809D0230C087A89FF3C80C23C4C60882E481F48D531764BABD5CCECA308DE2F63D3BB50373D630796126803C2D1FBAC148F7592881B395ED7D26
310
B7DD38D7096AF98841CB37592561D9C6565317AFBE9FC4AF7371E060736C7635E0CBA1809FC80F544DBAA1F2F9393D970D44C0615A0C6930E758B9E63AE690F73045F0C8C0731DE9CD80F718E94652383458799E02C06D328010011C7090D8C5E5336A83D4059953877EA1E1D66FBE994F04608C4C991917230FB61F9AEE18
310
3A40AB9108D032449FD1A7283DD25ED15360EF7EA9303EDDC0043403531EDEAB10DFF87F5E2FD56DF0F1B701A9F614DB17FA0E0EDF6FD0B1622A81FA3D1DE5A33F551930335C353A87F9AB05C60455193448246944A232C5D07636D864CDD7A50D0B4440CDCC465D1C418321F50E1648D500294065D869559EF3C40C8FCC6C
310
323E989AD0F0C73142480B200842802C061008B480A9954AF282052B3AF67350FD0DD30D1F4075AC303A5D490250F5400ACF479656861E4C77AFF327F3EBECA4B57B6B6C8FF62602BF150744656A87DABD7BC6BED50527B2120C001A0B3718C74F0C65CD34F275164D7968148DDF259AB8AD6CA81CDA4E8819509B996A7F64
310
2D987A401A2B04018C01E6C169A8700F9DE3B489DB2BC49C9B7B858A4F50D22AE15428FCA4A1EDB20C83492690CFE361CC7F8C8066FFD0D77AEE797977F468A36E0B0DFC87F90EE6348BC748F7CB73B5B9DD5C6EE7AB19ADBF6DF359F1DC2A0F9E44F213F8041F64274C0859A2AB7C37440FEDDD2F95BE44065F22067E3EA0
310
CC3BD8C0D8194EAB291CCEE20B9CD8E02950AD806080047A279F19024C837C848816719AC4A34DF8F0706CED904E8185753A458A27E4C1E37B5F30A104932BE140E0BF4E400160F320B054A8705042FFC47B4940810173F9C9E97240C7FCC3F3813EA239B745DE9F1B1F3FC2F9330374DBD1A7B475923F9A2ED81716D18D1B
310
577DAAB9D1A0458655AD3CA7E211867AE7C702DCACCD291E0F798013DC01BC326087775C0833E04EA3778FBCB8DA4687A0255CA0AD210C15661E4E92001A4449031D1DD27D327334BE830B64DAD90CBF537A45FBD4E94A7A88888E715B7E74FCD040E818BDC1BF5AC609CCCC015DED23877080FCDC47BD8EF3A7B783A17D33
310
F3ADEB6D6BC7AD75EA7C7852C5B6FDADA6AFEFC2D181C03F8C40DD8A4AB5024F0B72E34B57BC1182472DC80946789AFB711DB7F1193C03C893B0345F420246114D3EA71D04FBA731C0DAB0D3CD311B218F0D5A15ECC105D02F3AC32F13600084731A83220040019B03180634B5923D438300B05BAC80881F061095FED5D572
310
A3323ABD83F1D37A2301A8C930AB3F66ADF7CBEFED30BAAD7D78A06DEB6A87F15491F5AB7E25842B6B34BEFC12C8A159F187C64B3CBD2356DE5FBAB98BBE9583F0E3280C0076DA15BF34C15238145742B07080B1EFB83382F9FEF2239D003541041083C5AF9EF3C8944DC2030BC3ADEDDD9D27475800693049E05413BFB3FE
310
B4308731512F13400D06F813368A0101D8D863EB3E75FCCADED124F532AD3F123F131AB46A93DF1ECE7F96CE9EB6C365C6D6A07EEC461FC919FE288AF7AE1A7D012D291EB073735FF26BBB1C99FB706E972192819B7A34BF22424BEA1CC7958AC2E04BFC8E02DB90A4A1DD04811ACDBC181037864672C78F6C0EC3073A40CC
310
49D5E813593B7002763BC6A909D31AC86F3F6E335C9E1C309BC58F16418642E2AF6B290A34FEDC0CFEE08FCA0F56700699CB73B9C99302AA17BD516D7F1FD755A2B32B3FBE7134D3BEC813195BD355020A7DBB541539CD2C06E45F46FC0EE08293E6C0E1972176D9B678340AA1A4823404EF79B1E2347E47C35D0A2260730E
310
0B513025DC0BD1C07E3366E9B9D17F767405FB531070700035618606F0B40C73C974CFD321B0C174A80C0F3AA54945FFEF348F5488895713E89B5C98DA501E06D8D24FF04FF0CD7ECD7BAA755A854EC6A180AD13BE094E8D5D63BFD6DFA5F5D3E4DB1BA18FD8473DC6E17FFC9832B71A2A94D96E808BB53F9192955D62C82E
310
282B05168AA0927D54AB20A20A74800B7CC9655C8B15F62377CA4C91641F9F4D0478F4FEFDCE273A002CC0A725EC165CE3A149F0333E8E9600B2C05A7D15FD831F0938DBE5D0FF13E3C0F0765965A0961C3FA86DEEB0E28304747BFBA5FCDEE44C23544F7BB7BF7A132DDE34F99E44EC3FEEAE92F667A10F7E90B0E8C6442D
310
F5A5318B0F816311DB2E6DC6F172C363FC800EE09186BB9EC82A24C0117700CD884AA42023B81EA6E0CF8B3056411110D78606EBC5AD5417B45BCC8E61EA01C4006AC233933E35D860BC1B6CB9C9CCCE7840D2E0C1C1FFC11CCE54D59300F2B47D66A10F09D8E24B71B9BDDF98FB62A3B897C53EC88D16D1FFE8C649B17BB8
310
E760EB20B784F52F992544753F2CBF642CD3C9C70D8722C197142C567E74FB431EE248A8F3FC00377F5142144A82FFC28AC2970A780C85A7EE9146FA4B2981F3C93BCB0F3FBCB6DD3DE69C72B6073B99140DE28B8E919D9D9E7C2F5FA99FC1FFD07E9AC0965CDAEA0A945FADE52C791EA989E8E7A21A355FB37E44405D171B
310
98A6E946DB26AE71DBD01FEF07FD378F5B4B518724481820890E7486E3FCE61A60E096D577701890EE07CA5D7F2B086040749FCEF3F81972E510A86359C9BB579883035887542090614E5C4461705D7CA1CF84DB564838606CF1597E8119790D021080C935A908324EDE9F60A04B7830A33F0670CB08605B8D01BF9A3D4356
310
93FAB4FD84EF6754930640C1F9D74B052A7ABBA9F502B39DA3BF6BC7514EA4BEC71D752BFDC198EDA8DFE8F32B3EF811E4576B0A2074B99B070A069F60173E7427BDF285024E35A4418B7A412914F2800F1965C4F1120A2D5D2C64400563D5942044807BE7C738EBF3034C4A6F4D70C04ED1F97673C039FABC4CFF18866E08
310
200BB66BDC9CCDCC3FFD1E43BEFC52C317F0F5E64900FBFCDA4DEE68768FFF46350E0EDADB7B34DBBEDE3776BC55599AF84E312229F931E700D04478D66A0D88D09B2276141AF0F8811C5F8067DC04C0F90929F7F1AC9CCD368488AFB965C97B855A3E2E93AE5B4866502E55991B82D4388614F2C36B8484A5FA06E3EFFA98
310
4A6AF17D5C2073299D9F12FD63826F67FC460E54030981684E9FBFC22009A3006962285FDF4FC84B699FB5BEF3736C6072F6844C15EDF25883037DE6BB7AFAD6AE164B367812FA8CFCA6FA25725D99AEC5C6EDEEC64ADDA2BE0056002032E1D7A20A54CF444E360D520A5B69816C0A953CE0434A8A898BF18E2B704588C01B
310
DB2133342F5404FEE698957C200EF54E31BE6DF4E888C9C67F5F3F1B41F922777E7FA6332677C20098C59F762F5DFE4A23F9801A3BB6F8A4F66E0D40EC867E92DEFCE84C714FC7CE8DD3DD3BDBF9C781B1C3B549FAD2C89D711808CAB100E09700BB85240374A7209212F320CA577222A7020E7824500179FC7096C714884B
310
DFD9499E027ABEB3CB0226CD293CAE6E0C41A6788F396606A073E28CBE5CC67D584D36CA39D37974FE1023253E3FFB007A26F657FFC901D851130DDC2BF54884F20D5D40A0B7E5C7BCC7CC87B84F2ED820192CCE1AABA1FF24ADBE1D03635B5B3B53D4A5F84120125FADC36A0E792D3AD7E255792CD5241A4C84171F110409
310
0017DA493D0A7790A7BDE6DF326180398E4B0DEADA5C2763825E43E05C388E184678C88CE6422606C017F030366981353DF03A753DBF6370879F79889DD0BF75408724DB53C5B0063AB6568D02DC47AE4627B58D7E367A6000267E7840C23A0940B992DB98ED1C4731B4FB4DCFB6D3EAFB6CAC7646F0335C5031888CD74E21
310
03380260AD47176D703960230370FBBF28813524C17FFFBD6288BB28E4F905ADB4A788B40B4A6201C1878BED224DE9906C4C79EF32EE679B9F5D3B5DFA137327320643909A823F62106CB8F9BFE4BFEAFF0FC7A6393EC7F64A698EFF8ACE31BA05ECE6DAB6DF124118D1D13F892F3D3530602E3F3ED3D59DFB821ECFA3D9AE
310
85B1ADAB9E328DE738BF55D5DFD039445AE76D0194180F57B15BEE5F09C07F952F9A10372BC894CF7DA12CF6507E2A8916E0DF430C519485C55D61EFE209912D8C32866214E121611E22A0B1238DB18E86636A3BFAFD5B4EE02FF1E505F902BDF424D0516907BFC95EF3A76B6B3872769D67E25B548F0DA46E2B93DFDFD5F2
310
B9E9EEE1EE1DCC7FBE6380DFBF38A165CAC73DF912AD76A4690D2B766A3EB4AFA2D05BE543EA20B095FB17AE3F1928D84482049B659E671A4763CFA567C08824913D37F2F92F841FC244085C1681225C04AD6DE1684831682CE0D6096B56101C0D4FB3A1BD3F11FC1105AECF5660BD3FEEDF162B0D9DEC6DB55AF27FC98050
310
BDDEDFF63ED14B01336053A19DE9AEF5F5D9E9D9F9E19ECDADCD497BCC57681922F327EB41FF681E17C1921B04FBAE371AC69E53F98183E91B84897A5DB164158BD1D12FF6F6BEF0E02847727BF2628F9FD48B6FB11DF6928C868B29590A0606F92140D0C08850DAA7DD8A5FE8A50389F61288AEB743E9C801BB67DBE0A7F6
310
4F63BC87770FDF57AA73FE1F5A84F8DD3AADDFC32087FBC0A7D645C327B97D65E7A8BBA76DFD9BCEE1B1CDE3F5F7CE4E6DF4013ECD7CB60BD1239E8A4E9A5722AD9C4FAC8F7FF17B214AF8801950430639A08E3ABD05A0D94E253BD5951C885B0CE750309070555FF21F2EF83FF53F4E15038B8D8A244740A5C9CBC120043D
310
A0B323FB1DA0A4EDA268C05A304619505000BE10415DE898809DB6B66896E60AE347ED3D6DC707CB7D5B5BC374A158EDC343D0EA61C217D4878CBBDC1D85686782C3CF4272E7DCFB5E9EF628F5A95AC1AC0C6848F5771329EF8DF2BB79EFEDEC8DBEC72EB7F245287FD4B31008AB38EA4D52F2BF57167159E3004CD8950E21
310
7DDD6F699FC763E9D1A0AECC701F7BD4430A3E030374066938F883C01DE40E7DAFD609345E33570F4CE6BE467FBD7F793B5AF2A9D331D86DBA7BF98067918F9FCDD609A0384B523F4413B574B818C6889FAEFC5E7B8F90CEFD62BC2C85B2478D54DD076635BE434FCADE68B3ECF1C8708E27863DBEC352D87BCC7A92A8E135
310
700CDE65BC114026DE5DB68275E656D2C0D4087293D43BB4C9C14EA83C0D806783B40DD7CD4F19EE9F33801F55A3F1FD600017A6CD5DE607783D5F74E34680E7DAB98D99F6E5B5ABC7F7DF19D8278322F6A97FDB2FADE1539BD945DDF868EE2B8B70D9EDAA45D1BB0A5801198CF1DA891540474745BF0317F8A3703E02510A
310
E94B084221F887FE950272D62D4232781054A87C58D015CD45EBF9B70E60820A2056E9D4D619E8494BBFA68B61EBDD8CF52CCBA124BACD4A4077E8420A7F36FCDAF661E577B792A7E1B7E337C7CF1FDEBB3B49F501F3C7366C1730E793F51FA20A9C3D2E9F18E63DC277449054CEADA36DA0807467D45F8A744E1BDED725A0
310
33868703F1392BBE221158220588F30574A0B0893D0515B0B7C404AD0E7F40C11D504C49BD7DA39A85A19CD7357DFC966E5D92272FF06D59CA5A6A1C8AE30E52F1247C1F1D78F81887F9F3E387075B170F9F5EEE4A7F5BFC69DF02FD8795FCFFAB472E7C88D563DA514861B85BD41594A75F5E866BE69471110A9F75C8609C
310
7E6BF6C7C727431EE3E9E3773D2378C25226E82C08104A57ED273FE0921D6990E02B006BD038263BA360355E8DC446A380F0BA35FA9945A80CF60DFD54054202F91897C241C147D59F8E0FC67CD0F2BF377A3463F8BBBABCFBD6833C57E214AC3F5AE9C2FDE88852968F20337972C7E04EE5658223008AE82D93BC37D8DDD9
310
00BD6B16EF221F0D4149045D740A8A215D4FC186C658E01994B8CCD317465828704BB630DA2243B3B4ADD3EA554A97408454148C04A1A0CAAC2E04033C04073851F54380E0BF2DFFA43FAD3D6B574F2E1E5EF6E5F4FEFBD1CA87C161FCBCF5C7AAE2F726F814027BAE10F79BC3D765D61D1803952210A9AA07F8C6BB2105B6
310
1145B324F96014EF223D4A9261080239F03FF6F4DD4975C183B887E081F7A467A25EAA0C94028FEB808637768B07400A8235D4EF33143253198900E079E3FACB0C59B00F827A5785A6FFE2FCF0C0E6F1714F11CDE5140D931D707950631F3DE877F300002000494441540ADFB08704E252AADE1BD4E8DF55796A32B9B6F177
310
37C67702E5C638682737286CB0E0A89B624D5BF28222432848C9AB8C07170C97B814FF492A61072407D638006F7C8400860444C01B1930A522788045633DFA9507267A3A42BA05925BAD705CDD3792FA23C1075C6EE768A673919EB6C3FCFE7629B7310AA794CC9C0D14A1FB88F95C845BF22543F57996E0B26C9E4C2ADF18
310
7F979F8A55F11B47BC26594C52588518D25E6C2B1CCED231EA1B748F093E5726A21A54C91EF95789041030C20FD5AD68613432E19A4D0DA2505B6BD843516E10BB00AF9AC315EE9FDB39CC1F9EA59CD88F9CD071D470C86C4647FDEDDBB1CDAB81DA94034747A779F4CED497CFF817348F69F52E55490840E48840BA72DB71
310
F3E84F6DA2F4717AA928F153DA6E4C7E8E00363CEC9A2E1C8E65F298FC4A52F087FCDEE5CBA38A80CBE11FF7BC2AFF249203FFAB77A128A001B1987BD334AD9B901890A8C2005B6B248196AD09C0025ED841325B31845032E327C531C839E66DBAB39566B631C2FF0A1DA5A3CC47E665AD8751B47CFE33899DF047C9F3C365
310
E3B11278D49DF939298E09002F6430F9958803309827A7C791048CA070061B7E9A64C557D235F83EE24822E5EAB805F9862F20FC58F483DC0EF02181F572930205107E00E523861895A2811309808F2B6C14B2AA579E893753C155D2F54302007E9FF36AC5FEDBCAD47E182D91A73920CFA5C18E01F8FFF4C3F1FF553BCAD0
310
E58DEF85DD63B91BE38ECE1A9FFC4AD4A1FBA30D462C328C5A0340DFD393D3D3D3C0659195C96990F391EFF4175213BC74C020922D4830FE215E76940962BC0713A3B82784C0CB6623DC40D6E1485BAD454F6892200B225096127FBD82D2B12006BAE2E329C771E25FEBC0DAB3B5395289D56D7A8A89081B34EE06F80F819E
310
FE75C67DEEE95D227E283FE98A7B9F1C97D2D05B4D07A469153C3DA3048EA68FA667A6D90E291C7D7E2D063E4D044964D055F2DBF3E31BB851AE9F78A0A7314F0AD24901F581D74A6929142039C65AF5830D1C809536CDC05E4BA51038F79D713DA930CF18BA3010E385351CF47F74D439BCBC793556A1F99814926AF12835
310
E251C59BEA3C083EC2B2760FEBDF4304C9EB87B35769E1EB24B648542CFA4EBA9EF93CD42F03C08F249A2C98897D8E2225E90077823F4A52171A61219998CED6FA050992B6B0A74A2220ED12123004FB977084208F8E2AFC80F456CB110BCA647A3A0F854085D84FE0052BE31FFE7F925610BAFEC06FC33F9931BF063F39DB
310
3D1BB20EE357F594045F4226131578582CB055A59A073AE0413989D215019B6EB8A21CF154D71164E0D8F4E730C2CD382D098DA5261456A425643686BC8301710F2C50665881399156AA2B4C3191BC555728384800CE10040F746A3D8A80A5F0E500A93456FEC52833BBB45203DACCA37FE1D3EE4B9BF0EC27ED47D89B8266
310
F11EA2DB8B5A8BB93EAEDF0C06B7AD0402B9EAC6E787365535AF19F15158308A9D9785C1BC1C01377F8C6B4D07B50DAD25649764A91DC9812C7B34CA98184084F7C01055466B48058CD44085AF26648520C85C41C67805462D8425680425559F4440F3ABBE1F3F81B1EC72708767DDC8FFB6465796C8FE310FEABE0C9B242A
310
74137EC3E0427091967023299BE5D6D4D0C6D15747DC2AEA4ECC57C72856E827D33CBD319D70FF854369EB841282F84B7CA4881447ACFCB257E252E00FBB3272120A75B99119840858486615636E0E0334031AAA8C08A62E080053A0AAA4158431EC727A084021D41CF5D630C94184F6FE7432E8F5F9A4FCDF3EA7CF136FC2
310
988093F98ED622E38E4976E1BF0CF49D2889E6DF3566719FE1F9B47A2D3BF89C69155DCF24F88C609EE551160F0415900B4C48FB013D8900A9192A700748002924771A3686A0A580FE4009E00ACC090253E280B90AC15048E047020483A038A60ED232831F2CC90498648690D960C48E439F18F4DDBEB0B6F5AC7B7B89F623
310
0243B4FA160A7B9327F3AD5D937C8BFFE5FF8B3A5E64283BEF8EAB9F71159514CFED62DBC880614AA1F7994CCFAE7D8C87057F451733699B8DF87056E1F0654B5021E38097E4E23221B810DE20559AD183A61C2C88A648DB096081E9801CA00BC1DA0124E08DAAC15FD2936905CA8DA1C40E42B13F1764E0C4015EAD7F8BFE
310
C99A310B1B7C0BCC7746D3C0702759C89EAD57122092122D1F857067684A578F1DAB7EAC400841F493A468113282FFE42316CC74C756B1C880FE78795C692813CF4644480EE9B02991BCA257A71861F00666D9410288487618D120D0E80D7773E2B7DD180E100EC98B221C94BFC4FF531A09B986230F1CD08378A8E4D0FDD7
310
D9B1BC75F5C12EAD7FF83F3ED19EB018620303C217A6A35D826E72ABF2D8E2BB1B783F6E48D2E3F360806E1D192085D022103473A10375B63853EC54F500B5B064DBC20945B88160DCF7E4F83A0200BF6FAEAC88E9F54D22D898E43F378D20B51B5D6B1457000922202800DD401A9266483029C0D6D57ED80D42A0E6E08835
310
F0F3AC73D7FAE6D56185F04FC44472B854EB7D9CBF7134DF3DDC35A9F6B38417DD6F508B37C1A718B0D054124176F7222F62DFB327F34D451799D56216880193254FF782D7DDE26C271BF38C6E422E271CE4AB8823C9510F021126A7A944E00DB4031D013C88EA0746C96D4574069BD5439C4110403B40020C30B07A604F1E
310
41D19C21A93FD9002DFC35F23B1E7B98E95E38387E3603FE7393680410D702FF9ED5A3C5E5CE68B5827D721FA78F3A9A0C08A79722D9C9B418F46C0057BB1640C70AA4A03D29CECF33987596D53CFB27B32C3BE304C540E14BF8464E080918268D254838C91A01F0FFB99154FD8A9C0495EAA6534A6C464440B4A71E16100E
310
7405088122A35F7A511DC003D002E6C8E7E15F6D1D2FD09014139EC11FDC89394621F77B9F88EB5A583C41E2FEDBC8F82334494C0BFA97FF3C3A34ADE60385B60E5A30CF036E5E75370BE3B83AE73B3B7DC0BB337DA0045299ED0C66681E4AE223D01B1BC3BD4C921E2005FEB5114739040758189BA8A320067B62A3995E47
310
20055065AC2B4A8006BF8CFCC907C0063EACE41813C5F017065AD46CFDC6FF1BFEE052932CA3478C8E5A6F25DC8503D40F61FC1B047E4DFFE8E84407C81F1AC7B5C79DA358551CD0D13785A9AEB38D6EB68A0A8087FC6543E7471082873CDCE5CBEA1EFC5CC0579469E225428E9A43D6A6000B4219DE52E8DF00A55F4BF503
310
5960661C2DB88AC1F67C2890A93FC420193C8326409E7B595FBBBA9AE1D1511B3F6D65B09AC10A71C2317201A603E88C56CC68C91279E83F5C147787EFE6C675F00941D23EF092920330982DF38C65EDFCA89DA98E8ADDECCD77CB86D85118F3DD9884820B1128010D02F1060F582871CC8FF42024C02239273A1CC3BF71E7
310
70DFB7E96081682803188118B50310BD620234F230B12711B063E0F0490FCDA9248B580D3D3DE944A30CFCF2A1E0F6E59E8FBEA289CCCC943785BB8880ADA9C2FD70F6A13F5418444E3A669273C006C4B4EEEC067827539FFBEA9CFF04D84E7F170480037005AAC8829084329899F90B5E013927F8E646514B4824B01D11F7
310
2C012CEACD163B6358A4454A4221D06E68A71062520649BF9E9127D0772D6E5EADED52FF216BC2FC513C7D3C5CC4C8AF009811826AE20203B076A2AA66D8D32E317DEE0EFC000FCE16D9E0BEB17C74AB009256C5D8AD1CBABBDA61402612C675FBD72D07E633B1A42F2421208CE01397560811204306617A5141706105C9F4
310
984C459F2D0F6C392FA05BED808512B0B9A8A9FC6CED89640EA347D31F0DF76D3D9E61E800FE9F7601BE4C9614A1C58E6C839F13A12D0EB426DE6386B82369A9E6A7F1F9146EB578A2EF4289AA109B4F6CEFEC0463E0072A05CC9DEDEDFE08407B173B8AA65399C80B2911252E6290C82CC1B8909140C11B7AE161B42B9390
310
5045D017E00CED6D27AAA15F2C2179F1E83D411A7020B9408D202381E7E5DEE5A9E7E5CDE3B186433F488AC81554BEC09BC579018ADD1DCB3D9D70F02B14BF9159A4DA376225FE43DA224FED327941705DA582B2FD1BB5DC0540667B650BECDD1D5DDFB0C7F36DEE2B94F6EE2EE4E426F20A1174C31DF153321A24114C4FFF
310
25E505475F6906D4149B21F1BD9D9DF7B059F8E0FD83323CB97991FE80EE131A9003B81C491B218B1D42C0C0D593D9D548003839DC29A740298B0C23F0CE14BB167BD61989AEF0B985C8FAC8F923A73F31953989F0F6C96CA6C4D0A9A88184BEDBBBDA3BBADE77CD8E2FFEDEEF46184A86671D7DDC51417477BE9F04804F30
310
5AC82C2D018A21EA903866A0F959FBD4139916D036635EE03DDB7408BCF0627A03027AD314C09B0A27F0A79490D53839D0DAF1416995CAB24101FA63F75029D57A4CBBA9FB4D120ADB17FB5A999FC9420DFE04FA670430B90FE7F589F7FE8D50A4B5F004CE5F07EB4EA007F8AEAE8E8EF7DB3BE2F81F42166C7246FA9E62D0
310
2C8209BA1024414C483498B50229FD923F2414040B2081390AAC353B5283EADA12A30B1080866D746B9ABF5BC107F33C2A015B275480759334B83AB02175EFD0DEC785DFC505E0064F4EBA5A97073A74C5C9FEC97BD25D819E28AEE661FD2732B8BBFB1BF13441B3C1F45E8AC1752BBF80C113DE960E0AC7D9D02C58C80505
310
A19BA0E84B14402601A590A4AE00A825E98C3212342302EE10FC5100681F86834A2804BC409D70270A2091DCE874B16BE0706C974EB3D26EFEDFFCA6C4579AA4DB781708469F055532A7046C6BEB0CF39F3ED2EC4FBCA3D00EA91CA68FD2B87B5C191E0EB2C300F00A1C9881F263571C6CFD83D079D09F176FAD839340CF03
310
0F70458F81F09AEE1329505150CA0A00576B56C06D58070B23086F685E44232D9D53DE3FC3731044F286D19F459351863F749F1104198D6E14BBC68E17CAE70D7AFD958E350BEBBC70C9C4DFBA075240DA27D40AD7DB063A097DD3F041EDB3E4B682A7A12A548F3393DB01945547175879989302521EEB1431B08759B632B1
310
74E0F700E774FCA1BB83F95029ED1A084288C8893520E49415E00DA080AE8027C34206D35491D050A4C6B080F6A20889A2FF82379AB6234F6710C05F9080ADF002B9C9F9C583AB220F45D618D7E7F7547FB27CED8A8B7A7D24EDA4988B0C1C2A1AFB53FDC61BF3DE50D63C560F0120B0372F0839DDDAF13E583B868717C1CB
310
8CC71D1D7F440CC82184803144196EFD58BBE00B7EE77DE8C015942357FB06FC906A5E2B8882CCF9FFE184B0035A5CF186A962A63F84B3AAEE3D5A2C830008807568B6A9F424086D2095A3E262DBF124350082C4B5DF4704A9D2C93553DE47BD6766B69349610716999FA25854F759CA9792599D3837ACF6247CE8597B0F96
310
0FA3EC45B61715050260C5844FCCFEC9666BC71F875B17E3BCB4CB151405D7D08F846B4CB952248B4603CC402B609E90F0044A007FA800EC46D07A51232B00E5683C55D5096E1374DA4FCBBDE2C25A5B8D26008227CA7758033D7D70DF12CAF7F247939F93F1CC63047D63ADA0B7CC8771B234D8095FCDB577B586D1834062
310
035670E204B245EC093FCBE15626C10D210CB38A13F50E10A0D5C0814B0C4B30AA9858516001669002229618F100767AA3D6D2528595FE7A398C2D2300ED0013A0AE60B91644A057327BD3C36BEBF48C91279B45F8BD145494674AFB211A91977CB838DF35DCB3D6D6AA2FB2784B591ED785DFD7DB77747DAC9D2F7674810E
310
FC2895F9ED8007EC7885101679C06F21E4B1C8A6120956F80518D1DAF1717BEBFB5803E20C6F2A11B2E48AFF4AD2810A70054623E341B3D1ACD92DA91150DE631EEB2C28882D092049C0DD38E262A7BD6F98549930C9D44B7C37028AEA9F8C5628A2BEF5704C0DCB2B428181B1BE766F43014498D2E57791E4C8DA6BD2ABF5
310
003F0C40202E2E32EDFB02852D16C30B7F646B98FDF86C7891690043128B0A0DE6B4EA27F08C30CA34C9D0AA0852A5997F8D11A6EE84E040B20472020256F4AFEBBB74E6705A12083B249089218E6452C8E5A69717E904A3F5EF3D5D08EC1F4D4E85086B238CFFC11AB9AE972CB775616C6D1DE04DDF073B4DE3747C41FBAE
310
6072901CAD0237100670C5A00C2C3CE063610ED824826C1F6650700E88C00B62468903A0D71D3A390255AD7040048348C56C4647413C2C2561216E0C469203EF06A5B101AD40D0E207F78B124747DB5B4BBB4E88B1C373C114E0470B345156EDDBCE1B4DBDF81DBC400746B0B54E05F693707B89A5E430982C2AC7D10DFF11
310
D5B102B9505034B35D07E8E5F585757F088B390F2D4C85CF7218E8418BB4F25B885053D07D5A908326809F31D6CC6B77CC948413B28664484439D118DBAC27DB5AC40C1AD166F25E6A2F0AE82100C0BF220405323E1FF80DFC518CACA8DE1003F3C9FAE9C7B2D60703A0004F8EAEAD2DE0F5485452D15B77B4B67F4C2403B8
310
D8F9C533558ADE058A9E177A1698F75DC0EB4C800F74C0270178C8579C1FACD025F0560844502D2BBC01E620030CB93636C1041636A693949CD80139FD15BE107F905590A292840F8860706D07E2970A2F15E5B13B87C3143CB2930374CC46A6F9B9D7A5CCCC14E11B9E879A49FBE27ADBD6DA82410FBB94FAA8487D61B51F
310
4BE0A03FD08743C31020D6628ED20305A22C2C2FAFA7ED1E7881C438AA5B9035F20759E243C51F34D0D5F02F11403B9E204CC1686C0B6C9000470561519CBE1B0E4FBEAB37A39EE4B84C05F023858779341991F36D9D9F351E7BB3B5ADF00148D9D05784F9AD8B037D48C01BFA83D4247F03BB768BEEF973A14E610090D4B9
310
6B1EEC5C5E66928F28EBEB6CF578B067DD83086081579848E60DFC7684044D8174993C39F886043481F6A2B743B18749E52447CD4D230513032D20D20206E536E15BCF7B7D211634F98FF9986287F33F9A94615A5A0A7CACF8DF5DCC1AC6EF9AF1945EB78E0A2FED1DA2ACC00EF983F9A012260BD722EF61C9DBCDD8719703
310
ECF839029010CA0B9F100B1D2842153E01A1A3837AB579516A31982FD2908A09100DAE591016CBCD4B011A2F4DE299E1338CE065DC4841BF9895D8C81714800CD08F5AD39601BC929B55D291F6CDCEF2AB40DD5D98F4E6F107C47AEE4A09A079C05316F479DAF4C2BAB83221BCC0CE23FE3D3D4C7BC9AB673D89A3677D6020
310
F6E182332028012FA0FBE0B2668FB85485902A8E7FA0BA2105C213E20BC2169211A4BABA7D693C3F1DA961F203694853137073AD5CD25F1C017DE0477626D7BA55B88F83B5EE513C41D814639FD1BF759171F4577D3CAB0C3DFF68B2D3B1F8478C18F67BEBB2598FA76A4545E9E961BACF657E0791D2373030E0EC9FAEDD17
310
BEA7703A738185D08236C407448A4CB504CBF01FF43859D3115488EA01B55078000DF085911805790DE1B41B6F8CB2889C3834FE02AFE07D85143C6C008438A944EA63E047023A7EF37E13B0903AFEA7BBAB9579330FAFDAACD540022980B65A75FBA17D388F1E6576405CCE7032D95BDA420E7DC0EFA320879E5F8B3B04C1
310
D2D9C1114210C19FCC49DC6A855E12010184DB8968109ED016E4683CD552A36B3AFA13BFC2114068935A7E774CD2C7225642B73325938052D8634ABC18DC9442BF9E0402E85B42F9F3273672DA8E8F1070405D1DC3248487574CD98092B8B956E6AFE1566530B78FAE05B4A0DE51FBAF85DD075C7E11939F80E015A58D1F87
310
E400CFFD2306C4D1D3C634380A201545A92BE01F445800BE12302AB477BD6F62600D211232EB061448A0D2B877BB940D63D059C37E0569A83DE93E214F4BD86209FF6F479C640AFF8AF6D1BFD987D029A94DB7C329B4184D4BB013BF912FB88FEEF913071A8D82B651BC10DB067A7EC52FE1B421883144C00F64FA23A11CF7
310
08BF16CA59F18D4C04B8085964B2D8DA4A855187000BE440BC816FFB13374640B0EB1D0998AF38A1AEF503F14302E2811081FC12EA6CD38A63B33035125F40F170C0B0AA45E9FCA38FC6D688D48563B5C4B4B7C359D3C7AE0EFB16ACD5E2FAA47EF8307044B4EBE1C71E84E742D81431FB06B90B600B9C239E277A57C94C42
310
7EE10E7826980C0136600D916A06058CBE8604DB4D314FBC014EDAACD0820F14BF75449B70339490FE5A0491221BF95F949DF1235380E969AABDBE2D32EB4403D3FDF17F42F9A0A7C28ED75BE86BDB7C7EC80C76F86B8800F77B305EB88F00A4352E0F8089EF811EA02A3DF08F7DA008F803BE4B4EF5F41E56087099E92070
310
8C3D720916444440FDFA013D4E1201414123A09290F5BD7AB729298209C4306D007BB0829FD4EC3A6D7E4F00B67DF38CA0764F832F0448E58439B952CB4F70DF964AFA74CCFDBABBDF273E2FF4F56D3DBFF2A78D42FFF2755DF307066497F44062AADFC0CC546F6DCCFECECFA232E14F408F05477D311B683A35BC245FCF8A
310
5CD2AF20022C21022266905A5BCC8B20235D6FF04019CC04058AC80023662E25F342063165956320BE50370F2A657BACC817DDA3DDD3EFE04028645780A768FE38DBA88BF2EF3ADADFC7FEACA952E5A77568ECF0C971DF32BF1D24F8486B22A649EC81B1B60315CBEFC026091CA45F858D7D04C1B437079431E63E38F88075
310
8842E780A9E03791C0FAAFE10012588C3C592FE35461A6047802BA18686887023A422A49599399893103942CF6DA53A8E387825FA0678B261F139F801E2B17C901D0F5217E07AC2401A87D0480F753FBED44FE949C93A1D042B879FCE499B3D861AEB23F9C1F372F0C24D0B7D6E70FE1AAF60F84BAE642D82F0A9F53E22783
310
915518494FDBC0AFAE7DA282E5050B703570E06319A015E00D693A6BEFFAE493941C3B08C13B96BD20D0115A9565701DC58568A3009DA13E965765C03091F0FF339F7309D44F6E61F837F1B1FF920450EB8FC48F9B40158BE89C81A597CFB0DAF5F5755D3886DC13D4479599B583758CBF35663AA234F133F91D3BCCFCE0A7
310
94367F385C59B19431780F1C099131384056616E15A1563B50021D369C593FB292685A68A8B2A50A0A2085CF05434617E05FC24A6B077B990014421A68401AC4D65788EE25F737EB780D08A6E38F060F2ABD889E1B889C44852C2FF368C1E3E710D73B6589EA83F7417B341ADA1F639A23D15298F087AD0326410E116C3A1B
310
325218433C71AE62C07C1480F1C045629724A076A4BB8D622D24690486727F56108D07046DAB065000678E04C4F8C342DE27F4AC102D854F2D08D59B4ED0E4F697B0FF62F113646BC5B7F3131D4EA8BF8B265EA3F2026E7061B96F6DF3D993276B2180B8E57067587428579460551049049B074CF8B1066C7E14C705F0B392
310
98C0997C17F701097023BAC31081390196801FB0C2A12380042927503D5A01CA127F9841B460310639C674BC8CDF1A320501448E0068905B07F6E5602F8C1F07786253438CEC51AE61FDB25FF71B09893AC026A9EAE3F30F369F5D5EAEA5801FBAD3C98B38C13EE017B054F81A56F05259DBDA64FE270B1FC4C77200FE276F
310
E814B916E222575ED717A62A92956504605268408CFE13FD61F84252228376060206802B9550F00B9D47E6AF1022538A752CF4FFF1F5931384A9FF8700EDD4FFA2B93FCBFABB3EA6C607FF714B0B8B04EBBE83B52B246092AB018C0D0002FC490849F1E214AE6FC42009D6D86616C835B65DB9862EFC4480C14137603C3089
310
D0A5588FA27E693DD184131BA4E88C35045ACEF1CDE1A82323C20B842F2419604821196EE8185BC834AD44F8E9B7549A32900196E9ECBBE20FFB4706861AACADBBFD9B56A23FFD3AB8BFACC18B1B5AC0ECD7B6AE2E2E9CCD2BE8AF1B1BC3A813B94107E82DE67A42E7CC7D4A6116700B5B2EE3C338A09B840F07C40A64800D
310
7C605AC42B72227C4C7020AB1F20056E26F542717F56534261DE3766AC10A6ED2D006DD03BA9DBA507AE0510A8B385C92363B9154167F1230C40D76AF6F3BE0CA08F8BA2FFBBCEFB09D0986550E0F0EAE2F2780CDF850CB0F88CFC2815FE87BD83909F474F45DD47F1C821DB2107A8817FD45384F57891B65F2543D0C1E20A
310
89B4A8DF806862AC27C60F6A054627FD344250718AC0FA21CDC4E28DBF2650D1B39D8B8A420C348A4F846E2BE824BF8C45E1DB8EEB52F576F47A75FF95F90FCE0FD3A7A08D48D5B9AFBE3EA658E1676FE3372FB57F0AD8D70ED4AEBA3D4C2BE0AAF1C3AD63A6004D12900CFC481A47430C9EACB390038642C8C41B13303166
310
614210592736B8603AD4FAB17189DBB32F3915F0C380795A089A15228460BDE8E52203527D41B5470901B088D84FF8B3FE2BA7F4FD30ACAB3DE0B7E2FF95807AB0010FFDE3A048F7360F9F3FB9380EE537F16F8673131325D3351A3F664022020811A0FE8C019CA17370725CBFF64132025DA1BE2555102212E80A907FB43E
310
D80A991A8AAC183932C19AE17524B06590B6AD286EB99BAD18FF4BD64BAB519202F992A963648ED30E7521F909F090C0213E367A77D8836BEB6F34D92EDA624183070248351F1A079E5D3E7A9EE81F2CE6678F92E299EE312B6C0572C0A7B5EEE07853612403813152C7125E2022A20C18F855DBAFA399817FC97FB6E1CDCA
310
31D348434ACD0012F0D32A5456B4007E6E92D72B1A4E9971223A42C1042819E4049C0C5801300C0013FA48F8944FBAE71DAFC27F1826FA2304ECDF3F6C10FF47D5C7E49748DDD687DE8E91C09394EE0682A4F84CFD6067EEDF43E67EA46CB2F4070160439245F00343D03BF25D7E2F26FC400A896DBF19FB8D4D0A66DA669C
310
3D608F9CD048A0533621B25690EE19D5D15248E390F042B12C682511B02BFE3E5700E4C9A9B2107A8F45248FA48234FD23005ED1F4EFE80D1320836F04003BF42856D478D1DCA3ABEEE3C68F9F30C3A16E5C238EA5DE3FF37DACC2F8B7980033F47FAC34421EF0418A045394802CE032D61C70023D788136788613887C0011
310
A4EA316E005718AE191F8D0D841B9C679CD2FC478442D005429166F5A24403B1E6ACF3298F388B6D0BA933D92339D48969A5C11F09B4FF017A9900A4F887010C474717E10F36468032FF33F4AD610517777104CD920C3CD15FC5F3B3A0C75BBCA3B00F2724863C10BCD4A0E00736C7981F2F72E4B001438B99714FCFAF713A
310
2603BC710376A1715FC602022202E06FDEBBC680A3DF1C4C095A12C50B554FE7623B50374FB2129DDEA4C392C9188077658C87F55FF92FFA507FF03FC8DFD3F31BDAB46DD51AEB03F7E1B38B8B87CFF47EA1479C3EBAD5C6B382C221C0F1B358B39D76D9D3142C4A20935F541E492E0EF081BA41B3620A8E172B584EA14856
310
32E22A8221CEDAC6110AFA4B6D43E2B76A18AB240BB24337721C9321D2C033B2D3E2641A55A400A28403C12D1DADE39AD23FC5FC08C47A64DC3FF6DFF76B5235124022D7E6D6D5F3CB870F9F31C96FE477FAFE54100068A3A87FA5908A2C08011CF31309C10025B089FEF9C510522B8DC07C30AA469841723A10C08E27F00F
310
7FBC181C083F2809EC3B2B328E294AEAD5A071B3A95C81D2DE3F930372D022C9C793535B92FDAD5426E90490C3C81D000017C6494441544698C416520C1C40C71FC204B22448FD9303782FBA67089A1A7D4CE38E89050FEF5F1E078A4DCCFADA058032C34C1CBC2E1202B1F8962B1A8024F0EB7A11F209E96FB369D4B64202
310
FE7BA230AD24C46413536EAE955B341B726C593B5D4630C0BE822480908522B0D85430230352618DCD4F7BA6D568BF4343801480006658EA3EDCBFFA9702B4FDE9022163C43F9B72B58001A23FCE6F0B3FF0E4E1DDFB9801A6FC42FD0132CC1F2224F89933107AD30B6C9131A53818AE944BE25A70810821C38F098411980E
310
46D108F483DC63F49B91B852351604091D60546702F58A3872A1716411B642C7629C267E64E77719F46B0548FD6BFFFC86A38DBFADFCDF700228C124C8664FAA02BFB1F92B09800876FCE4F2D1C3FB4FD0A44E0106A8DB8079751CBF0BD9340066C3D52BC64706467C05B5A54401BE4A1B0132A55EAC1CCCB10D378A3DFEB9
310
812022327745EF2102886A9142C812A1A2C9708027BB55B7006357459F9C2080E0BC34489FC629510F3017B62D5073E2A2C64048A0A42580E413BA9E08274091A398EA80B5BF31C87BF5ECF8F1C5DDFB4F22AAC181F070AAFDDAE5650C4000516440D8806786D874215149E69ABEC43FF0EFC820FEA112B0522003C84BE03F
310
B76623513B6D840820358B084119B0CEC8C00AE888826339A54091F5FCA513AFE147975BB1A86FC50618D9D74502F0C7C8815AA306602FEE3A5E79E0D7DED1B221001118B73182CD439A092FF801105D1AA14E1918EC282F6260869D55108065988BD67F68E5581720A708051F7C8070F582389C682BE53F2AFD85853F2A01
310
3D21564028E06E79B7A71E43212180A81541EBC88F451E02385100491AB0C4A3BC5309A95911E66D04C0B448366988ECD204C2FC930F8CEE8FA410EE4C25B58DD1B6EBAD83F6196670F7DE635282C0A56A851AB035831725F0471A10FE52097089C80495804100318405F0DFC2136004B4C40705EC9154315129205EC35793
310
0035688F61AC02188250CFA9A980233925F16A117A48CA54DAB6400221976B75D863330942E20EE3B00B08FBB71AA813B0E502FD2B023DF70114E0D7DF2E2EEEDE7B789504200112075478F2FBD6897835C91F0C20782401E801A2F9142700B74805703426023A81CC0BE88B537D0003E0C5181D29EB8D83050964DD258091
310
0A1E7A8138F76253DC01DC2F3824391AD748276C0B0CDF12366625D038603D0003E0266CB42704C8CE7FA7F11B4D59C0BF454A78F8FCF1E50513715D469607031272358F04E0003C90107223A581218F10008B10247CD20D860FF0BF48801040B361808148714764028EAC137E871501EFDD97C89B52107FF1235B0928C562
310
530082573CE137840EFEF82A0BDC602736C595912FBEC69E6A3A26903B3A300C5A098A9E3F1810CDFFBA019D97B4E7A7A075850F2E92569BD960CA7B8304995FD006FC4213BB1448A6F4BFBB3A9F9FC4962D0A1369129B10073771FEDA38B1737B663A71C088D8848027FC3008DAC4E4397A6F76271DFFFCF77D6BD7F1F67D
310
A51E0E08875A6BAFBD6BD7AE52CC04A0B4A2206F650EC412841A48258258E8662C3838FBE21E25172C2A15A4F78D82DCF68A005DCF07047C183E1CE47731BBCCB5469D9169E0D588945BEB637E87802A03D88FB82486210D28FB3B858D13DC7CE75F5E6F3B03C1744D30CC58C7C7A256146853A05243060B850072A7010CA4
310
7CFBF9A1E24F414037B8781E8E9F219A774B36481CB43E48A79819D638C8760D672FAC19FB9D3FC5EA9158DBD0159C27860409682E8FF2595652FE189D2CC2D7C023E944158355806FC320087CC74116030CC376C559C098B93A041C5DDA48AF33827D2327DC761D19C17CC62780D82A170E6CE7415A5E7FE825E053048F88
310
D2AC2A561CA4D4C60098DA28EF1A01382772484698F60C8DD24BF396EA76260542810A625978C03580A9CAB91D10249BE579B0377A3DD15749A45F24C4D81FF3D7D7996F6A1690288008C0FF6CC186DA9D5FC95BB09B1301004B016E707FDFED306A1BE8FA208828F00BF342186839839F1F6FA338DC5A0200FF383DE92614
310
C03A4508DA18F4D85F9354F7E867AA77A42FF49BBE6757A1A7454448D0BFC3C220714FE43A3D8F1547BE10F0BC5A05985AC3C28829A06FE24CD062700601F4AF12AF99099B08E7071DC4626A97C920C3FF96E190C9D1FD7CB6163E800D79E5F3F10A9306C02B799E80F1AB380E0571A584C0370A220C3125000B500900D96F
310
EA40409F980E2083E4EDF4D8D2480AE5667222E020BCDAD4EF19682120818FE18EC7FD6AAD67C03F7DF1955E697456F517AC4F24700C30171C67E9168B109A4F60AFA60F98BE30941BF776DBC7C70792A2FBE98AAA97224F8BEA39B47BFD14A8CD03320DA2B676E3AA397E652E30A42CE2987B7DA1EF7F75242413800A04C0
310
270C62A13372400B435ACD84B8B5009208F5AC73EB149FFF3508E21C2201E0338BE07E50EB47E7FF6D97724A601028C5519073E7978EC88834410450E074DD58AD13A4900103A6444A9CB99103229F0EF8C0C78161EBC68137240734CDCFC349807851E0EB46CE864D2E405ED341B71A390CF2DE20CF5193189E1901E866D0
310
230409684B193D17E2928534D04240937D3C84477494FC5E0FE0B448E35AFC19007926C1C6A6E622FDB8A12E30993C6710E070397C4B26304C0AE38218D19F01FFB15BAE1C0E7E74DF75F2406E373C414E848FF8E500EFAF3C1029C9C0ADAB2313A7426CA9B2C1B9E30032C84EF31A09A88A386F136E8C2F1D582EA0459207
310
015F10F1F001F0B1B7DF7222011EA2001F00BFD36BAEE0850928B08C077030FE3806C880EAA74BCE0863A952812E6008B3A89199C1EE918AF96AF583F1A073B0A355B9D861AF1460DCFB3BFC6B7EFDC834B09700CBED3510E48DC7129041C991F06BA5006CA6B5B34EE21501374E8DFC910042036111EC9C7CFA1C05D48A72
310
70F7F835BF04A4194DA4CF76CEC66718C84CD020D04C412AC848F03E3C61A1C8D50D0EA6838A00376054D3DF61A0E393E1F8B058A6C994093476D601A4A06F0CFD3C0A6BFA910E75CC10400A80FDA93AC9B5EA4303F6C0D188B559086091CC5910137772E14F2376D03181B5CFE74C0EA38440D0AC256D6C4D104CE05302FC
310
C00B60B9CD4D71E08BD40C144A025E60D4C1F45FE846A2105D717EEA84808A5DD90A168E133640311CF05DD870768683F5D2F1800F485AEBE5CABD8FFA3C0BEB33702493AEB551B1EB035EF5C8E5757FA7832141F88E8578A363802B560007AF93D7D470B478C4D00B412D634C9140C4F9275C00DCE8DFE3C7F8C0AFBC5B2C
310
E82E3C3BDF393D4375D50C43CD1C17E3777CD2C170725B7B42B41DF15BFC344DAD089C1E9118522B4A2C60B794E4E8F33081BB7C8CFCEEA0B2015E49D586429C6C78646180B7710E06018A3082243C275F077FBE412C17DE80D3E6B9462C5204C5D980D1DF84A864401C483CD01B143F4A4868087A0F780F37230200A4FBF6
310
AED325114C367C22512750A5C7C3E32D545CE20A0904183BA10015DCAD89864B3E1EE97EBAE8B204266A48E010511838E2FE413FB116E60880C2D8440AC3880DDA6DF6618C138CF1CB2A09637E18D00F80CB0DC05322E31EADB8081C29410903F06BFCDF5AB46024E4A75828056440503C707856EF0C037623DD4922A400E8
310
A6BD75E4D2800905F18450A00CEE88860C8964C7B3F90F56528BA18F71CFBBBCD2D05797E168FC37DB26DBE0DD2EAEF39686C18440820013C1444055402A541400DD362A0A402F1FE51246404E098249FEE30708C10CA0B54601053159480C00BAA9B1223A773234FE72FD5C3BD81804D8D196FE3D5315A0C981D88D04FA01
310
DFC185CA93F9120E1F480B08063364A0A318F08DF95056E4C91F1150D31B011200383502E079EE43CC18603AE2F88FD139C802A739F208E88D06DC78267C448C27C4113C19B0F51B0E9C1C021CF8F9167C6B1F2E10E461002910105D1042792D1CA303F469714C018C23D72179E165049C40E801CB96CF334562E5807291D1
310
E0C70FE6CAD91656715F0E5C5E70F8D7F83290549B1BAA6F781D25180EBCA93EC84E72A74081CE3020789B3790E1A9E478E658C099BECFF01E530E80EC5FE31204ACFF70AF8177A03059240CD074978A002A878BF883FEEC81DD684E406CA630ACFDE87292822A11953710F000885D6F68A67ED40CD772B0828359B753F7CE
310
23D9479AB9845771B389D6A77130F8C134EFC83947392029B10E4425440A84AF0E54825228FC1634D369874739C837A9DDC83C20D320C36042610ECDFA750303710224D01202488012CA847424F8D53F78AB6BECE9B3B35A7F32396AC6B7444566327DBB4DF06FD9616744F4D3A397EB3B0A3FBA8D763702883ED742FE5CD2
310
4146D8E353ACCF811C806AE09914D8446E93840FF4D6C963FF32BFB6AB015D1D3B0C9A0968776F021F21404B6260CF84A14F35180CE20B5E85BDA2EC91FD5A7DBA7E5705F4F0F97AF26CE18E3BA078138202400A62930FA6CC7882F911A92F33E547E64990B0F27323D73B6222863F86425153FA8009361C675554C25382CE
310
148420C8DCC47A20122806CA178A0918C14CBD33440289078A00EC6070184CA9907FD0A1270478E0B325B67C2193694EDB7DD0F3C238447C8A11485562FB4902134E6AC952FD5320A4F7C780882DA9684285CD81D278C0E8FF8DEC9F45D22DC3C2CA99C2728110888799575B6834BF22B0F01EDE72D7F21B672C40F0A97299
310
9E2200B7C91403F9BB3D09C01990819238CBAE5E7510D7D57450507E3DB04AAA0A3C280064E0775380C8C16EEA4834346A04BF0CE847B4B3AF760D06D24BBB267C32E2C9257DE5EB748AD101AF1FD33265E2B674EED8C01A0AC901392211011AC810560F77778E85B13BAFE3E25C95B70919A4862C15928BD8989664AD8638
310
101D009A80F00BDC41AF27602A4BDA0C077E550048E7F1011410F01405045E1C140B4D0E70E0F6E034171C3D6FD12004FCC1FA304312518910356628A4A326EC9ADF5DFFD1B2C0399503F14B4F8E3E0E4E39A06ABCB56A8014687E86E462BDDE5124615ECDB412B7314F62E6E0C76ADEC0F717B360E741960104CF1706CFA1
310
8E0605004B01AE007869B095ED92144A807841EFF2811C047889A04901C809062057192688C92346F97F279449F89B113500BAD282D1DA80A55C27EFFE02C8D4F395003F285B617BBF0831F49B055342DDDD414378E8888E92C16789F269A27C9A221FAA4A0DFDDB9F935B2ECC04DC51481558A69301E0460B02665AC4DD30
310
C03D480866C3409400051811876014C0F294C542821AB045011A3E3F09001FF304E3A0BED05CC11A811B865001769507FC01ADC611F400CF68C7B093606E30F3C7E0F00C1D10C31951C1E2D7252181DA00345842A19130715C736EC9ECE686A712FDB31E4D3E50AB336E5666D7B212C0113C4A4406029709B43D0228F3FBAF
310
49921B19CA0C82A2D5BC4A2079809240F37D3E10F9637607C3983F0458508A98B8B4EFC92AC13530180CF55359500080061DF59B98BB3FEACEE881DC8127F182A885A86FB12B43C590A4380504E32305E3148BBEEB2D2782029765428092545BA5C2C681FC5F8E869C0EE1034A822FF09A12C94084505AA868080303473F81
310
61F7AA0A6610745E280BE4427FB770106F8800EADABA19F453210435BDB2348471B13B65F2FCB554827632C4C44467333E4127095D22092ED492009930413251B5408345065065E415266E20279A40B3F520370BE2050C8360E6BB4601C1673B9BFE007EF5200B6483CD195400A783E6DEA0653515B0FCE8E86D1618FC1EFC
310
15C2E727F24F2A2DAB57326D8D0877D4E298894E7A0C3C7D9CE8A0E2D17AA2020FA1097D6372F2A9F955060FDD467AD0426368C24A8340FD0D6687A76316DEF5179ED9042005A2BF02A5DD810A4DEFA4A8F700EFC50FF4FB8C06410F0303C106ADF8852ACC6A2CA9046E9ED070739339857222CC009E206479886EA26227BF
310
7A341A15C351A8404A6C10080A2140FA4B4E8D9B9A11645899332363FD69887F436A660566964250FD752E787B64BCF8E6C8190DF8EA0C854C062D8A5A1346F810414313E606ECA0AC3A01D6928544029D5F42E202C0CB386F880F7842A31287061F32F3CBE09F2950783394F2F2B23D85386C6F51943E99DD10C8A0000BA9
310
569A14805693274BD0E4F4DC3F28E331EEA91C4F33ABE057889BFB92819187840A08E57A276A8BFCB75B0342668C70C565C8059996D209C2800941A21FB82B2F520BC2E6FE6F1A8827043DE17000DACC8193E78BBB8DF1467978C06F6AFE986123E3A95272CAC122046F4C65C4B88FED2F1CD1D918F7CDBF8903BF1A90057D
310
42F4DC133AF804ACBB58446A0DB78806FC053FA1E45D0AF1112613CC0DD976C5E70AD3282F42725C0D02AC8588DE451B1C01ABF063E7748A3882F0DD484BB78D037F9812240EB88B6034C0AD53E5116D4C6D920C6A89F084E6D0598AD7EB6930CC7B293E27A666E5CDFE9A3FA52FEB3C97976FDAAE9A60008FCA6B33099CF9
310
880D35D419FC687D424378E3099441E110C5B3C6DC311E6653514A67A530D863326C4D8430E0C28024803B5B069B0E60C10EDB6DF087034171DF01F1F3404B27B1056D8C0E56E7CA6056E7798147BE4C2F01CED5987E413AC6A724876DE3F599E0601CE7B9CEF3BEB3671E12DCE8AF9631B8031D3F360B6955DC2342B2A0E4
310
632A00264C0DA002220CFEC3E10D9BADC8904D88DC51928593AA16C91DF6FFF82B3234404C7214D0F8608E0052283EFB2B0563F1D072936C4017706010BCF1B16CDE0C1FA9C777E44E1F5259B0C9BBC8794A82A6C182A3AF56B16921405351FDDC91B5BAAA617860E8D76C97C377FE701A4EB4378FA97C2C8E3CC8950886C6
310
FD93AF70A1F5F676B7ED16CBC56AF5D09110EEB8607CC08A795882358280DDB98AFFE7087C6EB593D62F041CDB4018935238E73F1098100D0C8769818F777057F64C703C6530E142FDF5C837AE1CF66C94C4887D3A3726AB990DEA248F73B5D32C8E04F6714B1E67C53FC52040252E605B322407CBF8C7F05453462A295ABF
310
4D95592DDD76AC23512E9A2DF964715C80DD752CA8E263AC36F02C3C28A133EB22AC8D099BDEFDE28C3E8FFEE3815D5D00C17C00511058354D62443C1A546280E43572A9C661A34FA5891F8E7570608C8DF21DF51DF9D2A84D4501F41B8CD4F4C9DEB2F901E810C0E4CEB6EC08DFB06341C864CF8D0EEE779A606545E1E64A
310
AF30A4324C20FDD3BD558BD966BA994FA915CD162B1978642AD01694E533EC190368A68234657085B5F88E27A0805E04B8BB6A00A51646EE3C10A50FF007FF410F1963CA69BE2002F0F902E701AEC995FD41F83A3F0C3809A3288A083003A6CC2A20E6D703EE48E3777AC07ADD51EB6101603A9FCF17B3D5928F6D742EE7E4
310
CF38AE2B03C5FB39C81D7B2978FAFE85AF3D2710B0582C970F0FEB0E4D1103B8BE2B4D560CA10002FC8F334C891C07B44FE06B2E3ACE5E1E2D1FC32203110ABF9CA0E8381F68EC3C06701328E5A38278A5FCD944CEA5283DA933DF2A2448BD23F1C5D8BE04CC2DC3B43B3EEC29F8B5FF926D11D3E97EBF7FA1BD1E5E5F5FE6
310
D3D972F548547783146ECD84873F377C5820F7F9FCE5E07378D6CBCB7E036DF7F7104079A05B77C6942D1BA95D47424BFC3DB6411009A42E207871B7EE9B06614BBD20F22F7523FB985F3F7068E37600273A3ED0C1CCC380F6EC4AF01CC1CF95E4848B7BF950AD14C44F10460221E02D21D01DAE800F323704C00035DFE97C
310
B37F797D3D1C0E4FBF35EE1E5E9E0E879FBF3DF6F474780A01FB3DAF01FE0C0798218007C2090A3008BA7682A338F4A8804A06CBFE6A80CEC766F49853F15B2F45FCEA3F8250012841315016E75E797EFEEC4ACA6C79F515CF1738F7C36E2406071051043817C9E8C5888D49D0332E800062FF54FA562BF7446CC0BFDFBF86
310
03D1FEFCC9F7FFB5A7F000430755C2D3F72F2D02A022820897ABDD44594475BDCCA4A10AF34C06B08B4AB58BBFAE30999DC66C7CE903A83CF8EB006EEEAA063430F84B05F0ECF644825F5E95073870E72A0771AB89B080022A0C5A9FAF34C89286257FB7BEA000EC65B59750C68E0815B0D9834B15606328F80709DE09018A
310
C2A7817F83F96DB3D562C10A0A31300230CD4200B87F85808BAF64D04600254047F9C14DE93464009E7F5AABB4FDD6D55142A2C0BF1541FCE19C20C899BF4F76AB54B84CB97F88F48ECC029FD253F0C70DF4816B9AC94BCBD653B1A283C4001A0337955E4AFED3FB790B6B1F5EA0B5514074103A38D84280EE0F5F9BE974EA
310
B2D16AB1EA969684B6E4166CA28264B300474C7308D20013B204A65F82970718D05678B3315D442E1C0A327E2F56556040C005D2FAB1326A68A07507C9E46A3648555A7080F5F50219A00E6222E3E0862CE95B5680930530742F1D041805E69B788161F015944D041182B861A2C17F3AF01CF5BFDF6C343F9171F5B004BF59
310
C016719164B888EA206A02AD05E8464D06B48E4381A0E9345FD171625AC22198F57C003BEA5510F81FF78D31C9B033D0030000000049454E44AE426082504B03041400060808002758A65851464CB48900000043010000360000006662782F36313931393441432D343730362D344645372D393532322D4445383143333233
310
383433342F6469726563746F72792E786D6C9D8F310EC2300C45AF127987122606C71DD918B841D4B851A43646695A717C52A85029031293A5A76FBF6FACEF7DA7264E43906840EF0FA03836E242F406C6DCEE4EA06AC22492573150D1F66C60C640E8938CB705396EEDD86DE9B5042FE27813D640EA63BB001C722AF6E55C
310
B61E4863F58284D5D3F53DD715CE1C3985E63FD7F1B7EBDD617E9F1E504B03041400060808002758A658E3743C2549070000551C0000340000006662782F36313931393441432D343730362D344645372D393532322D4445383143333233383433342F6F626A656374732E786D6CDD595B6FE23814FE2B56F665F721E40A85
310
1165D44219A1D9CE8C06CD6ADF22130CF5363739490BFBEBF7D8B1439C8692B949A3A512A48E737CCE77EE27D3B78738424F84E5344DAE0D67601B882461BAA5C9FEDA288B9D3936D0DB199AB2342D1AFB0C94E0985C1B7CD9984DF72C2D33B9B4253B5C46EDD5E5EDDF280F49420C144638CFAF8D3C7C20311EE0B248B724
310
7F1C6C718107FBDD61E00CAA8D3AD93DC3D943EBA80C339214C02AAC27404572E0E8FF8248D66C6AF10DDA36AFDF36F7956D96105C679426798193F00557ADE3DC335CB58EF31C7F71E70E27E6D0F73DD31FB98E79BBBC5D98CE9567CF47F3F9E4E66E62A0D97493A651AD808C245BD0E2D19839538BDFA9C5972874F11DA6
310
4942428966D7862D917429C9DB9868C03A42B486422A591B0B5E4FE1CF6CEB058AC69286B6124EFD36AD37DDFC0320E47DAC94E5845B795E30D0B5C4BEF2077B6A55AB9A5E688E625C1046718422BA61988182606BA5208D0CF7164E0A71CC841615BD26AF60D8977DA98BCB5D1945DC7F8D99F0B400FC9114B9E08CFE4BD8
310
89FBE669C013485BD2A4184B618B63062426534B2C56F73C57DEAC8044BB08EFC15A404CBEC9735B78CD792C582D8CD9FBE5E6B0E6F1A1FBF08CA5196105B73CE1CCD2EF94061BA605C6D703940A575D7727543E03F41F00F99A173405CD317AF00FBE929DE124DFA52C06ED201B99367CD9885FBEB89A5AF5C33384B45879
310
0E5370DB1F84A92686767603D2D9F4098C3E659E146E1DE2086CFA9E26DCCFC1505094C212C4FBDDE660CC56104C61119EC211480F7F538B5F22F8A9E840BC6969A82BFCF650947298B69F9D74F50E6C86D1B0569526E3397C873F04DF9BC5FAFDBA643B1C927BE9D80BB2A3092D20997633A481AEB9FC97D507E191B7C73F
310
F1B1E983DAAE10CED9A73C7074E8652DF582846280159E872BD588957B0AEE1E4538216999CBF5AE4015A651CA82CD31A87CB8F3ACBF94115487490BE80C6690DD4346330E8A3193EAAA23E1E084530E26869934C17DA5D66053C65980E3B44C78AC7D698B6D3E20D0705304AA829AB26CE5B68AEC96EE76650ED1AB93E45C
310
03523AB4225C99B80F81AC8B5F46760C43164D93804212066FE93C413BA006EF759E7312ED021A45651CEC68048924887176867E4F099AA9EB911C9F53B6ED24A85B96724A65431C7009AC0249A5AB2AE84B9D32F244799D29129A4A07DA0E59881A33FF4CBEE0A9A20350658CC2CC97CBB93D5FFA1373EECF8726944F0B28
310
99EEC6E670E4F9CBF99D3D5CDE013CD24A0402A770D54C78A04A5EE768FE573C94F126C134821B9C02DE666FDE8AF4796D416CB446CEC499F83773D3BFB247A6BFBCBB322743D73517776367EEB9DED8F77C8B913C2D594872CBB5EC40996496ECCF715507539EB6407EF89690425D7339DB297DB585F9FF06D177EDA4A029
310
F1570DA275ECEAA808FB0651FE683B84E2F091E7A82084B2AFD37D5A41B4CD47579CFBCAB86C0F3C5B7C1C67E2DA13773C190E7B863D71D27747BA2E1942683DCB2248331CD2A23BA5B690E9C9F257659781E70C2B6CD4B7EB22C0ABF76ACDD4EB99493215D018EF49B0C3BCB1E808A59724EECC7AFB28CD739A905C34862F
310
0AC6164D7B00F5979EA53BCC96E6414C0AFC2D162B3A8D961740348F0268610B3E44B85847D42E209B96731479C30CA95EC87F0C721C6751D51C5FC2C0711504AA2DEAB250CE343FE209EC33C045606F8998755CA25EB3AF2A8A4EADB5A94FBE99FC19785425F413E15147F42FB6064367C23F630843A3A1E38DAE6A555C42
310
4B1D56F0E62F2AA15D0D8FC133A1FB875EC5693FAD34CABCAA102F480CBD2F2E4AD6CB6347104D946D2981646468B944E3A4AF2C2845D3A7DA3E384C747DE74AE2C63150BBD2048663BD04792145A7110B5D8841209F777D85672B6C2E52FDEE88F9D3ABECA6FBC5501CF6C1012AEC2A04CBF8A3D5E19D95BA5643E5CFB808
310
2194AEC5AF790B1EB125DB5333A791EB2AEB554D7BA9E25EF1901AC39817F3487BCF2FA2CF18540D2D776EC942CFAAD6573CB50D60A27DE243635AA7F5F1DDBA4505567A3FFD8963449E5B14E4EA9C77D0AF90FAB23A0D0A5A14A4445F56AF3CFE4B74214A818D6E0446C8791A5198E4932DDA9314F2378C2A7A74282C26B9
310
C8CBA7CE46BD46E8F1F45335882DF026527D51F880619A1DC9FEAD0C61920A39F3DA90EBE837989DF2F1A598680D1EA1759331CC4025A3D706586C41A1431B6C600626268E827A6BC6098E8D933DCFF8D553F5FFA7C75E746CF59E3EB848C93467825238132F17A0EEAB6ECCA6DF2EBA6207E1022E3765510B735A38492341
310
506F112AE16054F828E13D4049F1BA5CCE40ECD19AD85EE3FC57EDA0A26A1698EDC54CBE6193378B4F161FA7AF3EA22C2AF75C9DAF75CC1A259377EA51594DAEA6601852CC0CF32A72FEC6FAC452782F15A325052340BF1FC6A33FAC791AC769522D5937F2ED165A3FC0BBAAADA5E684D0FADBAE6789C9817C17106C704E06
310
789B3FC202A896513E50AD20D60CA08EA60D03501AE1BA80C7B4FDAB0592D55163AAD20CBB1C1EF122008123F11740DC6D9A1B1A534BF005E04ADC3C5DA885A9C560723EFB0F504B03041400060808002758A65870B88243E1000000550100003C0000006662782F36313931393441432D343730362D344645372D39353232
310
2D4445383143333233383433342F7265736F75726365732F322F636E782E786D6C4D90CD6AC33010845F45087AB42C99B494B0565E22A75E82226F54115B6BF453DAB78F94AAD0D32E331FCBECC0E97B5BD917C6E429CC5C09C919064B8B0F6EE625DF8677CE4E1A2251FE877116CC86336F32D7E02295BD4B0BDE4C599BBA
310
FA70EFA2BC380C18BDBDECC171665793D2CC93FDC4CD0853322D98EE6231D9082522262AD1623D91FD86FD848D68322E5C4F723A0CF275906F67A58E521DD5E103C6466AB812AD9DF72163A4FD659296EA1A6A220963033494E83BD5DEA8C65F3C51E3C1586D0D29C7DA41C7F2CF5E31BF1987E313F975358CEDC93A9E0DD4
310
D90AD10F504B03041400060808002758A658FF15A4A45D000000800000003A0000006662782F36313931393441432D343730362D344645372D393532322D4445383143333233383433342F7265736F75726365732F636E782E786D6C4D8B3B0E80201005AF42B6F75B59F0390B113044D83508C6E30BC6C26AF226F3B8BA63
310
60974DA7271430F523308B2B198F9B80925DB700539227A2FCCB80A18E5640D320F996A81C9F32D6E9129A0D1EF74FCE750E6D57BC7165FBCA07504B03041400060808002758A65873E093884201000056050000300000006662782F36313931393441432D343730362D344645372D393532322D4445383143333233383433
310
342F636E782E786D6CCD94C14A033110865F650978DCDD64A922259B82079FC08378CB66A76B6C36599289D8B737A9DB5691A287427B0B932FF0FF337F86AF3E4653BC830FDAD996B08A9202AC72BDB6434B22AECB7B52AC04F7CEE1378C14568ED0925C26820FDEC5692EF5B096D1E4AAD176331725A2D75D4408A4504686
310
D092A05E6194958CE87A089BAA97282B5679082E7A05E93DEA11E6F7CA8344E8896868B328E96D49EF9E185B52B6648B175E6752F0CE3933F3DA227837DD3454B974B4490EE57506048F5ECF54F640C4515BD569CBEB742F78487AED3073B89D32374D462B89A951B55308582608E4C8EB2F58F03A3BFEE1FBF1E1F9A8219D
310
7AED41A1F3DB8BB5819D6AC3415A9512F1BF2EECC0BFCCBBEE2D59BEDCDC4F1A9E859DCDEE3EB92145F77712529EA41DCC357E8083B4F3E73F2D16D4EA1A4DEF959DC973BD5B8169F079238A4F504B03041400060808002758A6588713D3F17F000000A30000000B0000006662782F636E782E786D6C4D8CDF0E82201C465F
310
85FDEE29F993C226B866F61E2ED131111A49EBF183E64557DF76F69DD3769FCDA1B7892F1BBC0272AA0019FF0893F58B82B4CF5800EA741B43D8FF6E80FCB8190505836E9718D2F3409399C7E40A75D6AF07AC8924925F7BCC9BAAC6FC3E34585E28C5B741909E512638E3D9381725CFAF97B7E4F517504B03041400060808
310
002758A658A6D797065F0000008200000007000000636E782E786D6C4DCB3B0E80201045D1AD90E9FD7516806B51190811670C8A61F982B1B0BAC9C97B72CA7B1037C6D3332918DA1E04D2CAC69353902EDB8C20262D23F3F59B81A079470595414B17391D1F19B4730A5583A7ED43BBE4025D9592775E5ADFFA01504B0304
310
1400060808002758A658ECFD112DA800000026010000130000005B436F6E74656E745F54797065735D2E786D6C7D4F4B0EC22010BD0A61DF525D18634ABB506FE00510A79458060253536F2FD89D5197F3FED3F68B9BD80362B21E25DFD40D6780DADF2C1AC9671AAA3D677DD75E9E0112CB5A4C928F44E12044D22338956A
310
1F003333F8E814E5331A1194BE2B0362DB343BA13D122055543278D79E6050F344ECBC6478EDCD76CE8EABAE5449AE4298AC56946789C28AAFBEABC53F3EAF09A84A1441B91F0101CD4780756578C173A578FFDDBD00504B03041400060808002758A6583DEE336E64000000790000001B0000006175746F6465736B2D6465
310
7369676E2D7061636B6167652E786D6C35CBC10E83200C00D05F21DCA56CA76D41FC96062B120735B69A7DBE268BB7777961F8D5AF396893C2ADB70FE7ADA196782C2DF776D7A97B5933C430F15651E5469C55D70F80A4992A3ADC954792C525AE70A1E4D6AD9816CC044FEFDF01FE3FDE907802504B030414000608080027
310
58A658F4B2E8A1F40000008E0100003D0000006662782F36313931393441432D343730362D344645372D393532322D4445383143333233383433342F7265736F75726365732F322F636F72652E786D6C8550CB6E833010FC15B477830D2E85C8384AD3F0053DF56619875A0936F2A3EAE7D70E546A4F3DED6A76667677D8F1
310
6BB9179FCA796DCD00A4C4502823EDA4CD3C400C57D44171E4CC591B7ED1A0306251036418389B9D8DEB0E496B8232193576523B28BC57010A794FCD005E7EA845942286C4F0B77215F22666559272E37116A39E76A99E929BBE6AE58077A7F3A9692F6744FACB8828EE1AD4D5AF2F88D2F6B925FD3852DCB32A8B390B7AF9
310
D92E9D12414DC06B5C53849F106EDF0839607220F49D5599C9990F2EFDBC2FCDDF253AAB36F48F5B5CA7FFDDA236A1A977B74DE1819374DC63C05995D349E5115DAA3949FE0D504B03041400060808002758A658B5629D23FA000000960100003B0000006662782F36313931393441432D343730362D344645372D39353232
310
2D4445383143333233383433342F7265736F75726365732F636F72652E786D6C8550CB4EC33010FC9568EF4EECC484B4725C95D27E01276E96B30D561BBBF203F1F9D86D90E0C46957B333B3BB23765FCBB5FA441F8CB323B09A428556BBC9D8798414CF64806A2785772EFEA24165D582231418A498BD4BB715D2CE46B405
310
B56EC215542160844A5F733342D01FB8A85AA59819E152DF94BEA8196B563F7852A464A6556AA6EC66CE063DC8617FD877FDF140D8E678229C0E1D19DAD717C279FFDCB3CDE9C4E94634452C4534CBCF76ED51459C40B6B4E5843E11DABF31B6A56CCBF8BB680A538A107DFE795D5ABE03E931B8E43506D13CA67F5CD36DFA
310
DF35191BBB76757D280248968FBC0FA4684A4AB9DC23CCB5242ABF01504B03041400060808002758A6589BEB5595F2000000B1010000310000006662782F36313931393441432D343730362D344645372D393532322D4445383143333233383433342F636F72652E786D6C8D50CB6EC32010FC156BEFD88089E34498A84AD3
310
2FE8A93784898B1283C5A3EAE71762576A6F392D9A9D6166879FBEE77BF5A57D30CE0E406A0C95B6CA8DC64E03A478453D5427C1BD73F10F0D2A2B673D408141F0C9BBB46C9072366A5B50EB46BD8132041DA152F7FC1820A84F3DCB5AA69819E1562F52DDE4A46B52AF3CC1A3997FA5CA6B19F5088262CA10DE21DCBD1372
310
C4E448D8076F0A53F094CCB8599931BB9BABD11E44470EE4C05ECE88ED7187D8DB658F0E3B4AD1EBA527E796B63D6B196F8A58F0107DBE79FBA45CF7AC7C15FECB9C96F189CCC6C6966E86AB22802039CF632178530ACCE3D16E9EA56CF103504B03041400060808002758A6587EFF8C4A54010000DD0200000C0000006662
310
782F636F72652E786D6C8D525D6F832014FD2B867714AC736D83345DD7FE823DED8D2275A40A06C1F4E70FFC88F361DD6282E4DC7BCFB9E70472783475D40BD349AD0A80630422A1B82EA5AA0AE0EC0D6E4174A0C4686D7FB48148B1461420C08092CA68D74E10D7CA0A1550A54B3181ACEB840511AFFDA5001DFF120D8B99
310
B3BEA3BBC72DE377568918C7631F25CEC9721A95A5679337290CA0DBE3E9B8C9CF278877E70BCCD07603B7E9FB1BCCB2FC35C7BBCB25433B9284614AAC6C66756E04B3A20434456906D10B44F907C67B84F738FB2449E8A4A4B3C67B9E44833B406FD70749467CC5E7DAF26F3E2795DDA413DF38D1018AFD7A43819224E4E3
310
7F4378EB0CBDB0CFCFB26B3D5BB87BA817DC6A93F94AA9DD52EA59ED84A746D1F09164AC7AE681E0379EF409CF730E1F1453955F8D597FBD3A1BD4D73BB5C2C0DE3E22A54DC3EA65B971C5E55C845696E671AE6B6DFE333D5B9DC34CC2C3A4DF504B03041400060808002758A658C047767408010000B20100000800000063
310
6F72652E786D6C8D50C172832014FC15E6DD51506A4D06C9A469FC829E7AA3420C13054730D3FE7D21DA99F6D6D36376F7BD5D961F3EC701DDF5EC8DB30DD08C00D2B673CAD8BE81255C700DE820F8EC5CF8250364E5A81B483008DECF6E9936A87336689B50EB94DE40E9BD0E80BA213E1AF0DD558F32934B880A7FCB26D9
310
DD64AF339AAD3AC183197F56BB59CBA0158882140C93274CAA374AF784EE297BE779520ABE2C466D5646457773317A06511F4FC7B23A9F30DD9D5BCC485DE2BA787DC18C55CF15DDB52D233B9EA765C17D98E39FB7233167405EDE932FCF574AF00FE7864D104329E4ECF00582F03C117F422F93FA47686343596C07D70D0F
310
82C6400F221AA706E378D41B676A5B7C03504B010214001400060808002758A6580000000000000000000000003700000000000000000000000000000000006662782F36313931393441432D343730362D344645372D393532322D4445383143333233383433342F617474726962757465732E62696E504B01021400140006
310
0808002758A6580000000000000000000000003500000000000000000000000000550000006662782F36313931393441432D343730362D344645372D393532322D4445383143333233383433342F76657274696365732E62696E504B010214001400060808002758A658F270F1330600000004000000360000000000000000
310
0000000000A80000006662782F36313931393441432D343730362D344645372D393532322D4445383143333233383433342F747269616E676C65732E62696E504B010214001400060808002758A658B5A795FFE3790000DE7900004200000000000000000000000000020100006662782F36313931393441432D343730362D
310
344645372D393532322D4445383143333233383433342F7265736F75726365732F322F305F67656E657269632E706E67504B010214001400060808002758A65851464CB489000000430100003600000000000000000000000000457B00006662782F36313931393441432D343730362D344645372D393532322D4445383143
310
333233383433342F6469726563746F72792E786D6C504B010214001400060808002758A658E3743C2549070000551C00003400000000000000000000000000227C00006662782F36313931393441432D343730362D344645372D393532322D4445383143333233383433342F6F626A656374732E786D6C504B010214001400
310
060808002758A65870B88243E1000000550100003C00000000000000000000000000BD8300006662782F36313931393441432D343730362D344645372D393532322D4445383143333233383433342F7265736F75726365732F322F636E782E786D6C504B010214001400060808002758A658FF15A4A45D000000800000003A
310
00000000000000000000000000F88400006662782F36313931393441432D343730362D344645372D393532322D4445383143333233383433342F7265736F75726365732F636E782E786D6C504B010214001400060808002758A65873E0938842010000560500003000000000000000000000000000AD8500006662782F3631
310
3931393441432D343730362D344645372D393532322D4445383143333233383433342F636E782E786D6C504B010214001400060808002758A6588713D3F17F000000A30000000B000000000000000000000000003D8700006662782F636E782E786D6C504B010214001400060808002758A658A6D797065F00000082000000
310
0700000000000000000000000000E5870000636E782E786D6C504B010214001400060808002758A658ECFD112DA8000000260100001300000000000000000000000000698800005B436F6E74656E745F54797065735D2E786D6C504B010214001400060808002758A6583DEE336E64000000790000001B0000000000000000
310
0000000000428900006175746F6465736B2D64657369676E2D7061636B6167652E786D6C504B010214001400060808002758A658F4B2E8A1F40000008E0100003D00000000000000000000000000DF8900006662782F36313931393441432D343730362D344645372D393532322D4445383143333233383433342F7265736F
310
75726365732F322F636F72652E786D6C504B010214001400060808002758A658B5629D23FA000000960100003B000000000000000000000000002E8B00006662782F36313931393441432D343730362D344645372D393532322D4445383143333233383433342F7265736F75726365732F636F72652E786D6C504B01021400
310
1400060808002758A6589BEB5595F2000000B10100003100000000000000000000000000818C00006662782F36313931393441432D343730362D344645372D393532322D4445383143333233383433342F636F72652E786D6C504B010214001400060808002758A6587EFF8C4A54010000DD0200000C000000000000000000
310
00000000C28D00006662782F636F72652E786D6C504B010214001400060808002758A658C047767408010000B20100000800000000000000000000000000408F0000636F72652E786D6C504B050600000000120012002D0600006E9000000000
  0
XRECORD
  5
17
102
{ACAD_REACTORS
330
12
102
}
330
12
100
AcDbXrecord
280
     1
270
     1
271
     1
  0
XRECORD
  5
16
102
{ACAD_REACTORS
330
12
102
}
330
12
100
AcDbXrecord
280
     1
270
     1
271
     1
  0
XRECORD
  5
18
102
{ACAD_REACTORS
330
12
102
}
330
12
100
AcDbXrecord
280
     1
270
     1
271
     1
  0
XRECORD
  5
15
102
{ACAD_REACTORS
330
12
102
}
330
12
100
AcDbXrecord
280
     1
270
     1
271
     1
  0
XRECORD
  5
24
102
{ACAD_REACTORS
330
22
102
}
330
22
100
AcDbXrecord
280
     1
270
     1
271
     1
  0
XRECORD
  5
23
102
{ACAD_REACTORS
330
22
102
}
330
22
100
AcDbXrecord
280
     1
270
     1
271
     1
  0
XRECORD
  5
27
102
{ACAD_REACTORS
330
22
102
}
330
22
100
AcDbXrecord
280
     1
270
     1
271
     1
  0
XRECORD
  5
26
102
{ACAD_REACTORS
330
22
102
}
330
22
100
AcDbXrecord
280
     1
270
     1
271
     1
  0
XRECORD
  5
28
102
{ACAD_REACTORS
330
22
102
}
330
22
100
AcDbXrecord
280
     1
270
     1
271
     1
  0
XRECORD
  5
25
102
{ACAD_REACTORS
330
22
102
}
330
22
100
AcDbXrecord
280
     1
270
     1
271
     1
  0
CELLSTYLEMAP
  5
4EB
102
{ACAD_REACTORS
330
4EA
102
}
330
4EA
100
AcDbCellStyleMap
 90
        3
300
CELLSTYLE
  1
TABLEFORMAT_BEGIN
 90
        5
170
     1
 91
        0
 92
    32768
 62
   257
 93
        1
300
CONTENTFORMAT
  1
CONTENTFORMAT_BEGIN
 90
        0
 91
        0
 92
      512
 93
        0
300

 40
0.0
140
1.0
 94
        5
 62
     0
340
55
144
0.25
309
CONTENTFORMAT_END
171
     0
 94
        0
309
TABLEFORMAT_END
  1
CELLSTYLE_BEGIN
 90
        1
 91
        1
300
_TITLE
309
CELLSTYLE_END
300
CELLSTYLE
  1
TABLEFORMAT_BEGIN
 90
        5
170
     1
 91
        0
 92
        0
 62
   257
 93
        1
300
CONTENTFORMAT
  1
CONTENTFORMAT_BEGIN
 90
        0
 91
        0
 92
      512
 93
        0
300

 40
0.0
140
1.0
 94
        5
 62
     0
340
55
144
0.18
309
CONTENTFORMAT_END
171
     0
 94
        0
309
TABLEFORMAT_END
  1
CELLSTYLE_BEGIN
 90
        2
 91
        1
300
_HEADER
309
CELLSTYLE_END
300
CELLSTYLE
  1
TABLEFORMAT_BEGIN
 90
        5
170
     1
 91
        0
 92
        0
 62
   257
 93
        1
300
CONTENTFORMAT
  1
CONTENTFORMAT_BEGIN
 90
        0
 91
        0
 92
      512
 93
        0
300

 40
0.0
140
1.0
 94
        2
 62
     0
340
55
144
0.18
309
CONTENTFORMAT_END
171
     0
 94
        0
309
TABLEFORMAT_END
  1
CELLSTYLE_BEGIN
 90
        3
 91
        2
300
_DATA
309
CELLSTYLE_END
  0
ENDSEC
  0
EOF
